,game,model,experiment,episode,metric,value
0,taboo,Qwen3.6-35B-A3B-FP8-without-reasoning,low_da,instance_00005,Violated Request Count,0.0
1,taboo,Qwen3.6-35B-A3B-FP8-without-reasoning,low_da,instance_00005,Parsed Request Count,1.0
2,taboo,Qwen3.6-35B-A3B-FP8-without-reasoning,low_da,instance_00005,Request Count,1.0
3,taboo,Qwen3.6-35B-A3B-FP8-without-reasoning,low_da,instance_00005,Request Success Ratio,1.0
4,taboo,Qwen3.6-35B-A3B-FP8-without-reasoning,low_da,instance_00005,Aborted,0.0
5,taboo,Qwen3.6-35B-A3B-FP8-without-reasoning,low_da,instance_00005,Success,0.0
6,taboo,Qwen3.6-35B-A3B-FP8-without-reasoning,low_da,instance_00005,Lose,1.0
7,taboo,Qwen3.6-35B-A3B-FP8-without-reasoning,low_da,instance_00005,Main Score,0.0
8,taboo,Qwen3.6-35B-A3B-FP8-without-reasoning,low_da,instance_00005,Repetition-Guesser,0.0
9,taboo,Qwen3.6-35B-A3B-FP8-without-reasoning,low_da,instance_00005,Repetition-Describer,0.0
10,taboo,Qwen3.6-35B-A3B-FP8-without-reasoning,low_da,instance_00002,Violated Request Count,0.0
11,taboo,Qwen3.6-35B-A3B-FP8-without-reasoning,low_da,instance_00002,Parsed Request Count,3.0
12,taboo,Qwen3.6-35B-A3B-FP8-without-reasoning,low_da,instance_00002,Request Count,3.0
13,taboo,Qwen3.6-35B-A3B-FP8-without-reasoning,low_da,instance_00002,Request Success Ratio,1.0
14,taboo,Qwen3.6-35B-A3B-FP8-without-reasoning,low_da,instance_00002,Aborted,0.0
15,taboo,Qwen3.6-35B-A3B-FP8-without-reasoning,low_da,instance_00002,Success,0.0
16,taboo,Qwen3.6-35B-A3B-FP8-without-reasoning,low_da,instance_00002,Lose,1.0
17,taboo,Qwen3.6-35B-A3B-FP8-without-reasoning,low_da,instance_00002,Main Score,0.0
18,taboo,Qwen3.6-35B-A3B-FP8-without-reasoning,low_da,instance_00002,Repetition-Guesser,0.0
19,taboo,Qwen3.6-35B-A3B-FP8-without-reasoning,low_da,instance_00002,Repetition-Describer,0.0
20,taboo,Qwen3.6-35B-A3B-FP8-without-reasoning,low_da,instance_00003,Violated Request Count,0.0
21,taboo,Qwen3.6-35B-A3B-FP8-without-reasoning,low_da,instance_00003,Parsed Request Count,3.0
22,taboo,Qwen3.6-35B-A3B-FP8-without-reasoning,low_da,instance_00003,Request Count,3.0
23,taboo,Qwen3.6-35B-A3B-FP8-without-reasoning,low_da,instance_00003,Request Success Ratio,1.0
24,taboo,Qwen3.6-35B-A3B-FP8-without-reasoning,low_da,instance_00003,Aborted,0.0
25,taboo,Qwen3.6-35B-A3B-FP8-without-reasoning,low_da,instance_00003,Success,0.0
26,taboo,Qwen3.6-35B-A3B-FP8-without-reasoning,low_da,instance_00003,Lose,1.0
27,taboo,Qwen3.6-35B-A3B-FP8-without-reasoning,low_da,instance_00003,Main Score,0.0
28,taboo,Qwen3.6-35B-A3B-FP8-without-reasoning,low_da,instance_00003,Repetition-Guesser,0.0
29,taboo,Qwen3.6-35B-A3B-FP8-without-reasoning,low_da,instance_00003,Repetition-Describer,0.0
30,taboo,Qwen3.6-35B-A3B-FP8-without-reasoning,low_da,instance_00004,Violated Request Count,0.0
31,taboo,Qwen3.6-35B-A3B-FP8-without-reasoning,low_da,instance_00004,Parsed Request Count,2.0
32,taboo,Qwen3.6-35B-A3B-FP8-without-reasoning,low_da,instance_00004,Request Count,2.0
33,taboo,Qwen3.6-35B-A3B-FP8-without-reasoning,low_da,instance_00004,Request Success Ratio,1.0
34,taboo,Qwen3.6-35B-A3B-FP8-without-reasoning,low_da,instance_00004,Aborted,0.0
35,taboo,Qwen3.6-35B-A3B-FP8-without-reasoning,low_da,instance_00004,Success,0.0
36,taboo,Qwen3.6-35B-A3B-FP8-without-reasoning,low_da,instance_00004,Lose,1.0
37,taboo,Qwen3.6-35B-A3B-FP8-without-reasoning,low_da,instance_00004,Main Score,0.0
38,taboo,Qwen3.6-35B-A3B-FP8-without-reasoning,low_da,instance_00004,Repetition-Guesser,0.0
39,taboo,Qwen3.6-35B-A3B-FP8-without-reasoning,low_da,instance_00004,Repetition-Describer,0.0
40,taboo,Qwen3.6-35B-A3B-FP8-without-reasoning,low_da,instance_00017,Violated Request Count,0.0
41,taboo,Qwen3.6-35B-A3B-FP8-without-reasoning,low_da,instance_00017,Parsed Request Count,3.0
42,taboo,Qwen3.6-35B-A3B-FP8-without-reasoning,low_da,instance_00017,Request Count,3.0
43,taboo,Qwen3.6-35B-A3B-FP8-without-reasoning,low_da,instance_00017,Request Success Ratio,1.0
44,taboo,Qwen3.6-35B-A3B-FP8-without-reasoning,low_da,instance_00017,Aborted,0.0
45,taboo,Qwen3.6-35B-A3B-FP8-without-reasoning,low_da,instance_00017,Success,0.0
46,taboo,Qwen3.6-35B-A3B-FP8-without-reasoning,low_da,instance_00017,Lose,1.0
47,taboo,Qwen3.6-35B-A3B-FP8-without-reasoning,low_da,instance_00017,Main Score,0.0
48,taboo,Qwen3.6-35B-A3B-FP8-without-reasoning,low_da,instance_00017,Repetition-Guesser,0.0
49,taboo,Qwen3.6-35B-A3B-FP8-without-reasoning,low_da,instance_00017,Repetition-Describer,0.0
50,taboo,Qwen3.6-35B-A3B-FP8-without-reasoning,low_da,instance_00010,Violated Request Count,0.0
51,taboo,Qwen3.6-35B-A3B-FP8-without-reasoning,low_da,instance_00010,Parsed Request Count,1.0
52,taboo,Qwen3.6-35B-A3B-FP8-without-reasoning,low_da,instance_00010,Request Count,1.0
53,taboo,Qwen3.6-35B-A3B-FP8-without-reasoning,low_da,instance_00010,Request Success Ratio,1.0
54,taboo,Qwen3.6-35B-A3B-FP8-without-reasoning,low_da,instance_00010,Aborted,0.0
55,taboo,Qwen3.6-35B-A3B-FP8-without-reasoning,low_da,instance_00010,Success,0.0
56,taboo,Qwen3.6-35B-A3B-FP8-without-reasoning,low_da,instance_00010,Lose,1.0
57,taboo,Qwen3.6-35B-A3B-FP8-without-reasoning,low_da,instance_00010,Main Score,0.0
58,taboo,Qwen3.6-35B-A3B-FP8-without-reasoning,low_da,instance_00010,Repetition-Guesser,0.0
59,taboo,Qwen3.6-35B-A3B-FP8-without-reasoning,low_da,instance_00010,Repetition-Describer,0.0
60,taboo,Qwen3.6-35B-A3B-FP8-without-reasoning,low_da,instance_00019,Violated Request Count,0.0
61,taboo,Qwen3.6-35B-A3B-FP8-without-reasoning,low_da,instance_00019,Parsed Request Count,3.0
62,taboo,Qwen3.6-35B-A3B-FP8-without-reasoning,low_da,instance_00019,Request Count,3.0
63,taboo,Qwen3.6-35B-A3B-FP8-without-reasoning,low_da,instance_00019,Request Success Ratio,1.0
64,taboo,Qwen3.6-35B-A3B-FP8-without-reasoning,low_da,instance_00019,Aborted,0.0
65,taboo,Qwen3.6-35B-A3B-FP8-without-reasoning,low_da,instance_00019,Success,0.0
66,taboo,Qwen3.6-35B-A3B-FP8-without-reasoning,low_da,instance_00019,Lose,1.0
67,taboo,Qwen3.6-35B-A3B-FP8-without-reasoning,low_da,instance_00019,Main Score,0.0
68,taboo,Qwen3.6-35B-A3B-FP8-without-reasoning,low_da,instance_00019,Repetition-Guesser,0.0
69,taboo,Qwen3.6-35B-A3B-FP8-without-reasoning,low_da,instance_00019,Repetition-Describer,0.0
70,taboo,Qwen3.6-35B-A3B-FP8-without-reasoning,low_da,instance_00018,Violated Request Count,0.0
71,taboo,Qwen3.6-35B-A3B-FP8-without-reasoning,low_da,instance_00018,Parsed Request Count,1.0
72,taboo,Qwen3.6-35B-A3B-FP8-without-reasoning,low_da,instance_00018,Request Count,1.0
73,taboo,Qwen3.6-35B-A3B-FP8-without-reasoning,low_da,instance_00018,Request Success Ratio,1.0
74,taboo,Qwen3.6-35B-A3B-FP8-without-reasoning,low_da,instance_00018,Aborted,0.0
75,taboo,Qwen3.6-35B-A3B-FP8-without-reasoning,low_da,instance_00018,Success,1.0
76,taboo,Qwen3.6-35B-A3B-FP8-without-reasoning,low_da,instance_00018,Lose,0.0
77,taboo,Qwen3.6-35B-A3B-FP8-without-reasoning,low_da,instance_00018,Main Score,100.0
78,taboo,Qwen3.6-35B-A3B-FP8-without-reasoning,low_da,instance_00018,Repetition-Guesser,0.0
79,taboo,Qwen3.6-35B-A3B-FP8-without-reasoning,low_da,instance_00018,Repetition-Describer,0.0
80,taboo,Qwen3.6-35B-A3B-FP8-without-reasoning,low_da,instance_00011,Violated Request Count,0.0
81,taboo,Qwen3.6-35B-A3B-FP8-without-reasoning,low_da,instance_00011,Parsed Request Count,3.0
82,taboo,Qwen3.6-35B-A3B-FP8-without-reasoning,low_da,instance_00011,Request Count,3.0
83,taboo,Qwen3.6-35B-A3B-FP8-without-reasoning,low_da,instance_00011,Request Success Ratio,1.0
84,taboo,Qwen3.6-35B-A3B-FP8-without-reasoning,low_da,instance_00011,Aborted,0.0
85,taboo,Qwen3.6-35B-A3B-FP8-without-reasoning,low_da,instance_00011,Success,0.0
86,taboo,Qwen3.6-35B-A3B-FP8-without-reasoning,low_da,instance_00011,Lose,1.0
87,taboo,Qwen3.6-35B-A3B-FP8-without-reasoning,low_da,instance_00011,Main Score,0.0
88,taboo,Qwen3.6-35B-A3B-FP8-without-reasoning,low_da,instance_00011,Repetition-Guesser,0.0
89,taboo,Qwen3.6-35B-A3B-FP8-without-reasoning,low_da,instance_00011,Repetition-Describer,0.0
90,taboo,Qwen3.6-35B-A3B-FP8-without-reasoning,low_da,instance_00016,Violated Request Count,0.0
91,taboo,Qwen3.6-35B-A3B-FP8-without-reasoning,low_da,instance_00016,Parsed Request Count,3.0
92,taboo,Qwen3.6-35B-A3B-FP8-without-reasoning,low_da,instance_00016,Request Count,3.0
93,taboo,Qwen3.6-35B-A3B-FP8-without-reasoning,low_da,instance_00016,Request Success Ratio,1.0
94,taboo,Qwen3.6-35B-A3B-FP8-without-reasoning,low_da,instance_00016,Aborted,0.0
95,taboo,Qwen3.6-35B-A3B-FP8-without-reasoning,low_da,instance_00016,Success,0.0
96,taboo,Qwen3.6-35B-A3B-FP8-without-reasoning,low_da,instance_00016,Lose,1.0
97,taboo,Qwen3.6-35B-A3B-FP8-without-reasoning,low_da,instance_00016,Main Score,0.0
98,taboo,Qwen3.6-35B-A3B-FP8-without-reasoning,low_da,instance_00016,Repetition-Guesser,0.0
99,taboo,Qwen3.6-35B-A3B-FP8-without-reasoning,low_da,instance_00016,Repetition-Describer,0.0
100,taboo,Qwen3.6-35B-A3B-FP8-without-reasoning,low_da,instance_00008,Violated Request Count,0.0
101,taboo,Qwen3.6-35B-A3B-FP8-without-reasoning,low_da,instance_00008,Parsed Request Count,2.0
102,taboo,Qwen3.6-35B-A3B-FP8-without-reasoning,low_da,instance_00008,Request Count,2.0
103,taboo,Qwen3.6-35B-A3B-FP8-without-reasoning,low_da,instance_00008,Request Success Ratio,1.0
104,taboo,Qwen3.6-35B-A3B-FP8-without-reasoning,low_da,instance_00008,Aborted,0.0
105,taboo,Qwen3.6-35B-A3B-FP8-without-reasoning,low_da,instance_00008,Success,0.0
106,taboo,Qwen3.6-35B-A3B-FP8-without-reasoning,low_da,instance_00008,Lose,1.0
107,taboo,Qwen3.6-35B-A3B-FP8-without-reasoning,low_da,instance_00008,Main Score,0.0
108,taboo,Qwen3.6-35B-A3B-FP8-without-reasoning,low_da,instance_00008,Repetition-Guesser,0.0
109,taboo,Qwen3.6-35B-A3B-FP8-without-reasoning,low_da,instance_00008,Repetition-Describer,0.0
110,taboo,Qwen3.6-35B-A3B-FP8-without-reasoning,low_da,instance_00001,Violated Request Count,0.0
111,taboo,Qwen3.6-35B-A3B-FP8-without-reasoning,low_da,instance_00001,Parsed Request Count,3.0
112,taboo,Qwen3.6-35B-A3B-FP8-without-reasoning,low_da,instance_00001,Request Count,3.0
113,taboo,Qwen3.6-35B-A3B-FP8-without-reasoning,low_da,instance_00001,Request Success Ratio,1.0
114,taboo,Qwen3.6-35B-A3B-FP8-without-reasoning,low_da,instance_00001,Aborted,0.0
115,taboo,Qwen3.6-35B-A3B-FP8-without-reasoning,low_da,instance_00001,Success,1.0
116,taboo,Qwen3.6-35B-A3B-FP8-without-reasoning,low_da,instance_00001,Lose,0.0
117,taboo,Qwen3.6-35B-A3B-FP8-without-reasoning,low_da,instance_00001,Main Score,33.333333333333336
118,taboo,Qwen3.6-35B-A3B-FP8-without-reasoning,low_da,instance_00001,Repetition-Guesser,0.0
119,taboo,Qwen3.6-35B-A3B-FP8-without-reasoning,low_da,instance_00001,Repetition-Describer,0.0
120,taboo,Qwen3.6-35B-A3B-FP8-without-reasoning,low_da,instance_00006,Violated Request Count,0.0
121,taboo,Qwen3.6-35B-A3B-FP8-without-reasoning,low_da,instance_00006,Parsed Request Count,1.0
122,taboo,Qwen3.6-35B-A3B-FP8-without-reasoning,low_da,instance_00006,Request Count,1.0
123,taboo,Qwen3.6-35B-A3B-FP8-without-reasoning,low_da,instance_00006,Request Success Ratio,1.0
124,taboo,Qwen3.6-35B-A3B-FP8-without-reasoning,low_da,instance_00006,Aborted,0.0
125,taboo,Qwen3.6-35B-A3B-FP8-without-reasoning,low_da,instance_00006,Success,0.0
126,taboo,Qwen3.6-35B-A3B-FP8-without-reasoning,low_da,instance_00006,Lose,1.0
127,taboo,Qwen3.6-35B-A3B-FP8-without-reasoning,low_da,instance_00006,Main Score,0.0
128,taboo,Qwen3.6-35B-A3B-FP8-without-reasoning,low_da,instance_00006,Repetition-Guesser,0.0
129,taboo,Qwen3.6-35B-A3B-FP8-without-reasoning,low_da,instance_00006,Repetition-Describer,0.0
130,taboo,Qwen3.6-35B-A3B-FP8-without-reasoning,low_da,instance_00007,Violated Request Count,0.0
131,taboo,Qwen3.6-35B-A3B-FP8-without-reasoning,low_da,instance_00007,Parsed Request Count,3.0
132,taboo,Qwen3.6-35B-A3B-FP8-without-reasoning,low_da,instance_00007,Request Count,3.0
133,taboo,Qwen3.6-35B-A3B-FP8-without-reasoning,low_da,instance_00007,Request Success Ratio,1.0
134,taboo,Qwen3.6-35B-A3B-FP8-without-reasoning,low_da,instance_00007,Aborted,0.0
135,taboo,Qwen3.6-35B-A3B-FP8-without-reasoning,low_da,instance_00007,Success,0.0
136,taboo,Qwen3.6-35B-A3B-FP8-without-reasoning,low_da,instance_00007,Lose,1.0
137,taboo,Qwen3.6-35B-A3B-FP8-without-reasoning,low_da,instance_00007,Main Score,0.0
138,taboo,Qwen3.6-35B-A3B-FP8-without-reasoning,low_da,instance_00007,Repetition-Guesser,0.0
139,taboo,Qwen3.6-35B-A3B-FP8-without-reasoning,low_da,instance_00007,Repetition-Describer,0.0
140,taboo,Qwen3.6-35B-A3B-FP8-without-reasoning,low_da,instance_00000,Violated Request Count,0.0
141,taboo,Qwen3.6-35B-A3B-FP8-without-reasoning,low_da,instance_00000,Parsed Request Count,1.0
142,taboo,Qwen3.6-35B-A3B-FP8-without-reasoning,low_da,instance_00000,Request Count,1.0
143,taboo,Qwen3.6-35B-A3B-FP8-without-reasoning,low_da,instance_00000,Request Success Ratio,1.0
144,taboo,Qwen3.6-35B-A3B-FP8-without-reasoning,low_da,instance_00000,Aborted,0.0
145,taboo,Qwen3.6-35B-A3B-FP8-without-reasoning,low_da,instance_00000,Success,1.0
146,taboo,Qwen3.6-35B-A3B-FP8-without-reasoning,low_da,instance_00000,Lose,0.0
147,taboo,Qwen3.6-35B-A3B-FP8-without-reasoning,low_da,instance_00000,Main Score,100.0
148,taboo,Qwen3.6-35B-A3B-FP8-without-reasoning,low_da,instance_00000,Repetition-Guesser,0.0
149,taboo,Qwen3.6-35B-A3B-FP8-without-reasoning,low_da,instance_00000,Repetition-Describer,0.0
150,taboo,Qwen3.6-35B-A3B-FP8-without-reasoning,low_da,instance_00009,Violated Request Count,0.0
151,taboo,Qwen3.6-35B-A3B-FP8-without-reasoning,low_da,instance_00009,Parsed Request Count,3.0
152,taboo,Qwen3.6-35B-A3B-FP8-without-reasoning,low_da,instance_00009,Request Count,3.0
153,taboo,Qwen3.6-35B-A3B-FP8-without-reasoning,low_da,instance_00009,Request Success Ratio,1.0
154,taboo,Qwen3.6-35B-A3B-FP8-without-reasoning,low_da,instance_00009,Aborted,0.0
155,taboo,Qwen3.6-35B-A3B-FP8-without-reasoning,low_da,instance_00009,Success,0.0
156,taboo,Qwen3.6-35B-A3B-FP8-without-reasoning,low_da,instance_00009,Lose,1.0
157,taboo,Qwen3.6-35B-A3B-FP8-without-reasoning,low_da,instance_00009,Main Score,0.0
158,taboo,Qwen3.6-35B-A3B-FP8-without-reasoning,low_da,instance_00009,Repetition-Guesser,0.0
159,taboo,Qwen3.6-35B-A3B-FP8-without-reasoning,low_da,instance_00009,Repetition-Describer,0.0
160,taboo,Qwen3.6-35B-A3B-FP8-without-reasoning,low_da,instance_00013,Violated Request Count,0.0
161,taboo,Qwen3.6-35B-A3B-FP8-without-reasoning,low_da,instance_00013,Parsed Request Count,1.0
162,taboo,Qwen3.6-35B-A3B-FP8-without-reasoning,low_da,instance_00013,Request Count,1.0
163,taboo,Qwen3.6-35B-A3B-FP8-without-reasoning,low_da,instance_00013,Request Success Ratio,1.0
164,taboo,Qwen3.6-35B-A3B-FP8-without-reasoning,low_da,instance_00013,Aborted,0.0
165,taboo,Qwen3.6-35B-A3B-FP8-without-reasoning,low_da,instance_00013,Success,1.0
166,taboo,Qwen3.6-35B-A3B-FP8-without-reasoning,low_da,instance_00013,Lose,0.0
167,taboo,Qwen3.6-35B-A3B-FP8-without-reasoning,low_da,instance_00013,Main Score,100.0
168,taboo,Qwen3.6-35B-A3B-FP8-without-reasoning,low_da,instance_00013,Repetition-Guesser,0.0
169,taboo,Qwen3.6-35B-A3B-FP8-without-reasoning,low_da,instance_00013,Repetition-Describer,0.0
170,taboo,Qwen3.6-35B-A3B-FP8-without-reasoning,low_da,instance_00014,Violated Request Count,0.0
171,taboo,Qwen3.6-35B-A3B-FP8-without-reasoning,low_da,instance_00014,Parsed Request Count,3.0
172,taboo,Qwen3.6-35B-A3B-FP8-without-reasoning,low_da,instance_00014,Request Count,3.0
173,taboo,Qwen3.6-35B-A3B-FP8-without-reasoning,low_da,instance_00014,Request Success Ratio,1.0
174,taboo,Qwen3.6-35B-A3B-FP8-without-reasoning,low_da,instance_00014,Aborted,0.0
175,taboo,Qwen3.6-35B-A3B-FP8-without-reasoning,low_da,instance_00014,Success,0.0
176,taboo,Qwen3.6-35B-A3B-FP8-without-reasoning,low_da,instance_00014,Lose,1.0
177,taboo,Qwen3.6-35B-A3B-FP8-without-reasoning,low_da,instance_00014,Main Score,0.0
178,taboo,Qwen3.6-35B-A3B-FP8-without-reasoning,low_da,instance_00014,Repetition-Guesser,0.0
179,taboo,Qwen3.6-35B-A3B-FP8-without-reasoning,low_da,instance_00014,Repetition-Describer,0.0
180,taboo,Qwen3.6-35B-A3B-FP8-without-reasoning,low_da,instance_00015,Violated Request Count,0.0
181,taboo,Qwen3.6-35B-A3B-FP8-without-reasoning,low_da,instance_00015,Parsed Request Count,3.0
182,taboo,Qwen3.6-35B-A3B-FP8-without-reasoning,low_da,instance_00015,Request Count,3.0
183,taboo,Qwen3.6-35B-A3B-FP8-without-reasoning,low_da,instance_00015,Request Success Ratio,1.0
184,taboo,Qwen3.6-35B-A3B-FP8-without-reasoning,low_da,instance_00015,Aborted,0.0
185,taboo,Qwen3.6-35B-A3B-FP8-without-reasoning,low_da,instance_00015,Success,0.0
186,taboo,Qwen3.6-35B-A3B-FP8-without-reasoning,low_da,instance_00015,Lose,1.0
187,taboo,Qwen3.6-35B-A3B-FP8-without-reasoning,low_da,instance_00015,Main Score,0.0
188,taboo,Qwen3.6-35B-A3B-FP8-without-reasoning,low_da,instance_00015,Repetition-Guesser,0.0
189,taboo,Qwen3.6-35B-A3B-FP8-without-reasoning,low_da,instance_00015,Repetition-Describer,0.0
190,taboo,Qwen3.6-35B-A3B-FP8-without-reasoning,low_da,instance_00012,Violated Request Count,0.0
191,taboo,Qwen3.6-35B-A3B-FP8-without-reasoning,low_da,instance_00012,Parsed Request Count,1.0
192,taboo,Qwen3.6-35B-A3B-FP8-without-reasoning,low_da,instance_00012,Request Count,1.0
193,taboo,Qwen3.6-35B-A3B-FP8-without-reasoning,low_da,instance_00012,Request Success Ratio,1.0
194,taboo,Qwen3.6-35B-A3B-FP8-without-reasoning,low_da,instance_00012,Aborted,0.0
195,taboo,Qwen3.6-35B-A3B-FP8-without-reasoning,low_da,instance_00012,Success,0.0
196,taboo,Qwen3.6-35B-A3B-FP8-without-reasoning,low_da,instance_00012,Lose,1.0
197,taboo,Qwen3.6-35B-A3B-FP8-without-reasoning,low_da,instance_00012,Main Score,0.0
198,taboo,Qwen3.6-35B-A3B-FP8-without-reasoning,low_da,instance_00012,Repetition-Guesser,0.0
199,taboo,Qwen3.6-35B-A3B-FP8-without-reasoning,low_da,instance_00012,Repetition-Describer,0.0
200,taboo,Qwen3.6-35B-A3B-FP8-without-reasoning,high_da,instance_00005,Violated Request Count,0.0
201,taboo,Qwen3.6-35B-A3B-FP8-without-reasoning,high_da,instance_00005,Parsed Request Count,1.0
202,taboo,Qwen3.6-35B-A3B-FP8-without-reasoning,high_da,instance_00005,Request Count,1.0
203,taboo,Qwen3.6-35B-A3B-FP8-without-reasoning,high_da,instance_00005,Request Success Ratio,1.0
204,taboo,Qwen3.6-35B-A3B-FP8-without-reasoning,high_da,instance_00005,Aborted,0.0
205,taboo,Qwen3.6-35B-A3B-FP8-without-reasoning,high_da,instance_00005,Success,1.0
206,taboo,Qwen3.6-35B-A3B-FP8-without-reasoning,high_da,instance_00005,Lose,0.0
207,taboo,Qwen3.6-35B-A3B-FP8-without-reasoning,high_da,instance_00005,Main Score,100.0
208,taboo,Qwen3.6-35B-A3B-FP8-without-reasoning,high_da,instance_00005,Repetition-Guesser,0.0
209,taboo,Qwen3.6-35B-A3B-FP8-without-reasoning,high_da,instance_00005,Repetition-Describer,0.0
210,taboo,Qwen3.6-35B-A3B-FP8-without-reasoning,high_da,instance_00002,Violated Request Count,0.0
211,taboo,Qwen3.6-35B-A3B-FP8-without-reasoning,high_da,instance_00002,Parsed Request Count,1.0
212,taboo,Qwen3.6-35B-A3B-FP8-without-reasoning,high_da,instance_00002,Request Count,1.0
213,taboo,Qwen3.6-35B-A3B-FP8-without-reasoning,high_da,instance_00002,Request Success Ratio,1.0
214,taboo,Qwen3.6-35B-A3B-FP8-without-reasoning,high_da,instance_00002,Aborted,0.0
215,taboo,Qwen3.6-35B-A3B-FP8-without-reasoning,high_da,instance_00002,Success,1.0
216,taboo,Qwen3.6-35B-A3B-FP8-without-reasoning,high_da,instance_00002,Lose,0.0
217,taboo,Qwen3.6-35B-A3B-FP8-without-reasoning,high_da,instance_00002,Main Score,100.0
218,taboo,Qwen3.6-35B-A3B-FP8-without-reasoning,high_da,instance_00002,Repetition-Guesser,0.0
219,taboo,Qwen3.6-35B-A3B-FP8-without-reasoning,high_da,instance_00002,Repetition-Describer,0.0
220,taboo,Qwen3.6-35B-A3B-FP8-without-reasoning,high_da,instance_00003,Violated Request Count,0.0
221,taboo,Qwen3.6-35B-A3B-FP8-without-reasoning,high_da,instance_00003,Parsed Request Count,1.0
222,taboo,Qwen3.6-35B-A3B-FP8-without-reasoning,high_da,instance_00003,Request Count,1.0
223,taboo,Qwen3.6-35B-A3B-FP8-without-reasoning,high_da,instance_00003,Request Success Ratio,1.0
224,taboo,Qwen3.6-35B-A3B-FP8-without-reasoning,high_da,instance_00003,Aborted,0.0
225,taboo,Qwen3.6-35B-A3B-FP8-without-reasoning,high_da,instance_00003,Success,1.0
226,taboo,Qwen3.6-35B-A3B-FP8-without-reasoning,high_da,instance_00003,Lose,0.0
227,taboo,Qwen3.6-35B-A3B-FP8-without-reasoning,high_da,instance_00003,Main Score,100.0
228,taboo,Qwen3.6-35B-A3B-FP8-without-reasoning,high_da,instance_00003,Repetition-Guesser,0.0
229,taboo,Qwen3.6-35B-A3B-FP8-without-reasoning,high_da,instance_00003,Repetition-Describer,0.0
230,taboo,Qwen3.6-35B-A3B-FP8-without-reasoning,high_da,instance_00004,Violated Request Count,0.0
231,taboo,Qwen3.6-35B-A3B-FP8-without-reasoning,high_da,instance_00004,Parsed Request Count,1.0
232,taboo,Qwen3.6-35B-A3B-FP8-without-reasoning,high_da,instance_00004,Request Count,1.0
233,taboo,Qwen3.6-35B-A3B-FP8-without-reasoning,high_da,instance_00004,Request Success Ratio,1.0
234,taboo,Qwen3.6-35B-A3B-FP8-without-reasoning,high_da,instance_00004,Aborted,0.0
235,taboo,Qwen3.6-35B-A3B-FP8-without-reasoning,high_da,instance_00004,Success,1.0
236,taboo,Qwen3.6-35B-A3B-FP8-without-reasoning,high_da,instance_00004,Lose,0.0
237,taboo,Qwen3.6-35B-A3B-FP8-without-reasoning,high_da,instance_00004,Main Score,100.0
238,taboo,Qwen3.6-35B-A3B-FP8-without-reasoning,high_da,instance_00004,Repetition-Guesser,0.0
239,taboo,Qwen3.6-35B-A3B-FP8-without-reasoning,high_da,instance_00004,Repetition-Describer,0.0
240,taboo,Qwen3.6-35B-A3B-FP8-without-reasoning,high_da,instance_00017,Violated Request Count,0.0
241,taboo,Qwen3.6-35B-A3B-FP8-without-reasoning,high_da,instance_00017,Parsed Request Count,1.0
242,taboo,Qwen3.6-35B-A3B-FP8-without-reasoning,high_da,instance_00017,Request Count,1.0
243,taboo,Qwen3.6-35B-A3B-FP8-without-reasoning,high_da,instance_00017,Request Success Ratio,1.0
244,taboo,Qwen3.6-35B-A3B-FP8-without-reasoning,high_da,instance_00017,Aborted,0.0
245,taboo,Qwen3.6-35B-A3B-FP8-without-reasoning,high_da,instance_00017,Success,1.0
246,taboo,Qwen3.6-35B-A3B-FP8-without-reasoning,high_da,instance_00017,Lose,0.0
247,taboo,Qwen3.6-35B-A3B-FP8-without-reasoning,high_da,instance_00017,Main Score,100.0
248,taboo,Qwen3.6-35B-A3B-FP8-without-reasoning,high_da,instance_00017,Repetition-Guesser,0.0
249,taboo,Qwen3.6-35B-A3B-FP8-without-reasoning,high_da,instance_00017,Repetition-Describer,0.0
250,taboo,Qwen3.6-35B-A3B-FP8-without-reasoning,high_da,instance_00010,Violated Request Count,0.0
251,taboo,Qwen3.6-35B-A3B-FP8-without-reasoning,high_da,instance_00010,Parsed Request Count,2.0
252,taboo,Qwen3.6-35B-A3B-FP8-without-reasoning,high_da,instance_00010,Request Count,2.0
253,taboo,Qwen3.6-35B-A3B-FP8-without-reasoning,high_da,instance_00010,Request Success Ratio,1.0
254,taboo,Qwen3.6-35B-A3B-FP8-without-reasoning,high_da,instance_00010,Aborted,0.0
255,taboo,Qwen3.6-35B-A3B-FP8-without-reasoning,high_da,instance_00010,Success,0.0
256,taboo,Qwen3.6-35B-A3B-FP8-without-reasoning,high_da,instance_00010,Lose,1.0
257,taboo,Qwen3.6-35B-A3B-FP8-without-reasoning,high_da,instance_00010,Main Score,0.0
258,taboo,Qwen3.6-35B-A3B-FP8-without-reasoning,high_da,instance_00010,Repetition-Guesser,0.0
259,taboo,Qwen3.6-35B-A3B-FP8-without-reasoning,high_da,instance_00010,Repetition-Describer,0.0
260,taboo,Qwen3.6-35B-A3B-FP8-without-reasoning,high_da,instance_00019,Violated Request Count,0.0
261,taboo,Qwen3.6-35B-A3B-FP8-without-reasoning,high_da,instance_00019,Parsed Request Count,1.0
262,taboo,Qwen3.6-35B-A3B-FP8-without-reasoning,high_da,instance_00019,Request Count,1.0
263,taboo,Qwen3.6-35B-A3B-FP8-without-reasoning,high_da,instance_00019,Request Success Ratio,1.0
264,taboo,Qwen3.6-35B-A3B-FP8-without-reasoning,high_da,instance_00019,Aborted,0.0
265,taboo,Qwen3.6-35B-A3B-FP8-without-reasoning,high_da,instance_00019,Success,1.0
266,taboo,Qwen3.6-35B-A3B-FP8-without-reasoning,high_da,instance_00019,Lose,0.0
267,taboo,Qwen3.6-35B-A3B-FP8-without-reasoning,high_da,instance_00019,Main Score,100.0
268,taboo,Qwen3.6-35B-A3B-FP8-without-reasoning,high_da,instance_00019,Repetition-Guesser,0.0
269,taboo,Qwen3.6-35B-A3B-FP8-without-reasoning,high_da,instance_00019,Repetition-Describer,0.0
270,taboo,Qwen3.6-35B-A3B-FP8-without-reasoning,high_da,instance_00018,Violated Request Count,0.0
271,taboo,Qwen3.6-35B-A3B-FP8-without-reasoning,high_da,instance_00018,Parsed Request Count,1.0
272,taboo,Qwen3.6-35B-A3B-FP8-without-reasoning,high_da,instance_00018,Request Count,1.0
273,taboo,Qwen3.6-35B-A3B-FP8-without-reasoning,high_da,instance_00018,Request Success Ratio,1.0
274,taboo,Qwen3.6-35B-A3B-FP8-without-reasoning,high_da,instance_00018,Aborted,0.0
275,taboo,Qwen3.6-35B-A3B-FP8-without-reasoning,high_da,instance_00018,Success,1.0
276,taboo,Qwen3.6-35B-A3B-FP8-without-reasoning,high_da,instance_00018,Lose,0.0
277,taboo,Qwen3.6-35B-A3B-FP8-without-reasoning,high_da,instance_00018,Main Score,100.0
278,taboo,Qwen3.6-35B-A3B-FP8-without-reasoning,high_da,instance_00018,Repetition-Guesser,0.0
279,taboo,Qwen3.6-35B-A3B-FP8-without-reasoning,high_da,instance_00018,Repetition-Describer,0.0
280,taboo,Qwen3.6-35B-A3B-FP8-without-reasoning,high_da,instance_00011,Violated Request Count,1.0
281,taboo,Qwen3.6-35B-A3B-FP8-without-reasoning,high_da,instance_00011,Parsed Request Count,1.0
282,taboo,Qwen3.6-35B-A3B-FP8-without-reasoning,high_da,instance_00011,Request Count,2.0
283,taboo,Qwen3.6-35B-A3B-FP8-without-reasoning,high_da,instance_00011,Request Success Ratio,0.5
284,taboo,Qwen3.6-35B-A3B-FP8-without-reasoning,high_da,instance_00011,Aborted,1.0
285,taboo,Qwen3.6-35B-A3B-FP8-without-reasoning,high_da,instance_00011,Success,0.0
286,taboo,Qwen3.6-35B-A3B-FP8-without-reasoning,high_da,instance_00011,Lose,0.0
287,taboo,Qwen3.6-35B-A3B-FP8-without-reasoning,high_da,instance_00011,Main Score,
288,taboo,Qwen3.6-35B-A3B-FP8-without-reasoning,high_da,instance_00011,Repetition-Guesser,0.0
289,taboo,Qwen3.6-35B-A3B-FP8-without-reasoning,high_da,instance_00011,Repetition-Describer,0.0
290,taboo,Qwen3.6-35B-A3B-FP8-without-reasoning,high_da,instance_00016,Violated Request Count,0.0
291,taboo,Qwen3.6-35B-A3B-FP8-without-reasoning,high_da,instance_00016,Parsed Request Count,1.0
292,taboo,Qwen3.6-35B-A3B-FP8-without-reasoning,high_da,instance_00016,Request Count,1.0
293,taboo,Qwen3.6-35B-A3B-FP8-without-reasoning,high_da,instance_00016,Request Success Ratio,1.0
294,taboo,Qwen3.6-35B-A3B-FP8-without-reasoning,high_da,instance_00016,Aborted,0.0
295,taboo,Qwen3.6-35B-A3B-FP8-without-reasoning,high_da,instance_00016,Success,1.0
296,taboo,Qwen3.6-35B-A3B-FP8-without-reasoning,high_da,instance_00016,Lose,0.0
297,taboo,Qwen3.6-35B-A3B-FP8-without-reasoning,high_da,instance_00016,Main Score,100.0
298,taboo,Qwen3.6-35B-A3B-FP8-without-reasoning,high_da,instance_00016,Repetition-Guesser,0.0
299,taboo,Qwen3.6-35B-A3B-FP8-without-reasoning,high_da,instance_00016,Repetition-Describer,0.0
300,taboo,Qwen3.6-35B-A3B-FP8-without-reasoning,high_da,instance_00008,Violated Request Count,0.0
301,taboo,Qwen3.6-35B-A3B-FP8-without-reasoning,high_da,instance_00008,Parsed Request Count,1.0
302,taboo,Qwen3.6-35B-A3B-FP8-without-reasoning,high_da,instance_00008,Request Count,1.0
303,taboo,Qwen3.6-35B-A3B-FP8-without-reasoning,high_da,instance_00008,Request Success Ratio,1.0
304,taboo,Qwen3.6-35B-A3B-FP8-without-reasoning,high_da,instance_00008,Aborted,0.0
305,taboo,Qwen3.6-35B-A3B-FP8-without-reasoning,high_da,instance_00008,Success,0.0
306,taboo,Qwen3.6-35B-A3B-FP8-without-reasoning,high_da,instance_00008,Lose,1.0
307,taboo,Qwen3.6-35B-A3B-FP8-without-reasoning,high_da,instance_00008,Main Score,0.0
308,taboo,Qwen3.6-35B-A3B-FP8-without-reasoning,high_da,instance_00008,Repetition-Guesser,0.0
309,taboo,Qwen3.6-35B-A3B-FP8-without-reasoning,high_da,instance_00008,Repetition-Describer,0.0
310,taboo,Qwen3.6-35B-A3B-FP8-without-reasoning,high_da,instance_00001,Violated Request Count,0.0
311,taboo,Qwen3.6-35B-A3B-FP8-without-reasoning,high_da,instance_00001,Parsed Request Count,1.0
312,taboo,Qwen3.6-35B-A3B-FP8-without-reasoning,high_da,instance_00001,Request Count,1.0
313,taboo,Qwen3.6-35B-A3B-FP8-without-reasoning,high_da,instance_00001,Request Success Ratio,1.0
314,taboo,Qwen3.6-35B-A3B-FP8-without-reasoning,high_da,instance_00001,Aborted,0.0
315,taboo,Qwen3.6-35B-A3B-FP8-without-reasoning,high_da,instance_00001,Success,1.0
316,taboo,Qwen3.6-35B-A3B-FP8-without-reasoning,high_da,instance_00001,Lose,0.0
317,taboo,Qwen3.6-35B-A3B-FP8-without-reasoning,high_da,instance_00001,Main Score,100.0
318,taboo,Qwen3.6-35B-A3B-FP8-without-reasoning,high_da,instance_00001,Repetition-Guesser,0.0
319,taboo,Qwen3.6-35B-A3B-FP8-without-reasoning,high_da,instance_00001,Repetition-Describer,0.0
320,taboo,Qwen3.6-35B-A3B-FP8-without-reasoning,high_da,instance_00006,Violated Request Count,0.0
321,taboo,Qwen3.6-35B-A3B-FP8-without-reasoning,high_da,instance_00006,Parsed Request Count,1.0
322,taboo,Qwen3.6-35B-A3B-FP8-without-reasoning,high_da,instance_00006,Request Count,1.0
323,taboo,Qwen3.6-35B-A3B-FP8-without-reasoning,high_da,instance_00006,Request Success Ratio,1.0
324,taboo,Qwen3.6-35B-A3B-FP8-without-reasoning,high_da,instance_00006,Aborted,0.0
325,taboo,Qwen3.6-35B-A3B-FP8-without-reasoning,high_da,instance_00006,Success,1.0
326,taboo,Qwen3.6-35B-A3B-FP8-without-reasoning,high_da,instance_00006,Lose,0.0
327,taboo,Qwen3.6-35B-A3B-FP8-without-reasoning,high_da,instance_00006,Main Score,100.0
328,taboo,Qwen3.6-35B-A3B-FP8-without-reasoning,high_da,instance_00006,Repetition-Guesser,0.0
329,taboo,Qwen3.6-35B-A3B-FP8-without-reasoning,high_da,instance_00006,Repetition-Describer,0.0
330,taboo,Qwen3.6-35B-A3B-FP8-without-reasoning,high_da,instance_00007,Violated Request Count,0.0
331,taboo,Qwen3.6-35B-A3B-FP8-without-reasoning,high_da,instance_00007,Parsed Request Count,1.0
332,taboo,Qwen3.6-35B-A3B-FP8-without-reasoning,high_da,instance_00007,Request Count,1.0
333,taboo,Qwen3.6-35B-A3B-FP8-without-reasoning,high_da,instance_00007,Request Success Ratio,1.0
334,taboo,Qwen3.6-35B-A3B-FP8-without-reasoning,high_da,instance_00007,Aborted,0.0
335,taboo,Qwen3.6-35B-A3B-FP8-without-reasoning,high_da,instance_00007,Success,1.0
336,taboo,Qwen3.6-35B-A3B-FP8-without-reasoning,high_da,instance_00007,Lose,0.0
337,taboo,Qwen3.6-35B-A3B-FP8-without-reasoning,high_da,instance_00007,Main Score,100.0
338,taboo,Qwen3.6-35B-A3B-FP8-without-reasoning,high_da,instance_00007,Repetition-Guesser,0.0
339,taboo,Qwen3.6-35B-A3B-FP8-without-reasoning,high_da,instance_00007,Repetition-Describer,0.0
340,taboo,Qwen3.6-35B-A3B-FP8-without-reasoning,high_da,instance_00000,Violated Request Count,0.0
341,taboo,Qwen3.6-35B-A3B-FP8-without-reasoning,high_da,instance_00000,Parsed Request Count,1.0
342,taboo,Qwen3.6-35B-A3B-FP8-without-reasoning,high_da,instance_00000,Request Count,1.0
343,taboo,Qwen3.6-35B-A3B-FP8-without-reasoning,high_da,instance_00000,Request Success Ratio,1.0
344,taboo,Qwen3.6-35B-A3B-FP8-without-reasoning,high_da,instance_00000,Aborted,0.0
345,taboo,Qwen3.6-35B-A3B-FP8-without-reasoning,high_da,instance_00000,Success,1.0
346,taboo,Qwen3.6-35B-A3B-FP8-without-reasoning,high_da,instance_00000,Lose,0.0
347,taboo,Qwen3.6-35B-A3B-FP8-without-reasoning,high_da,instance_00000,Main Score,100.0
348,taboo,Qwen3.6-35B-A3B-FP8-without-reasoning,high_da,instance_00000,Repetition-Guesser,0.0
349,taboo,Qwen3.6-35B-A3B-FP8-without-reasoning,high_da,instance_00000,Repetition-Describer,0.0
350,taboo,Qwen3.6-35B-A3B-FP8-without-reasoning,high_da,instance_00009,Violated Request Count,0.0
351,taboo,Qwen3.6-35B-A3B-FP8-without-reasoning,high_da,instance_00009,Parsed Request Count,1.0
352,taboo,Qwen3.6-35B-A3B-FP8-without-reasoning,high_da,instance_00009,Request Count,1.0
353,taboo,Qwen3.6-35B-A3B-FP8-without-reasoning,high_da,instance_00009,Request Success Ratio,1.0
354,taboo,Qwen3.6-35B-A3B-FP8-without-reasoning,high_da,instance_00009,Aborted,0.0
355,taboo,Qwen3.6-35B-A3B-FP8-without-reasoning,high_da,instance_00009,Success,1.0
356,taboo,Qwen3.6-35B-A3B-FP8-without-reasoning,high_da,instance_00009,Lose,0.0
357,taboo,Qwen3.6-35B-A3B-FP8-without-reasoning,high_da,instance_00009,Main Score,100.0
358,taboo,Qwen3.6-35B-A3B-FP8-without-reasoning,high_da,instance_00009,Repetition-Guesser,0.0
359,taboo,Qwen3.6-35B-A3B-FP8-without-reasoning,high_da,instance_00009,Repetition-Describer,0.0
360,taboo,Qwen3.6-35B-A3B-FP8-without-reasoning,high_da,instance_00013,Violated Request Count,0.0
361,taboo,Qwen3.6-35B-A3B-FP8-without-reasoning,high_da,instance_00013,Parsed Request Count,1.0
362,taboo,Qwen3.6-35B-A3B-FP8-without-reasoning,high_da,instance_00013,Request Count,1.0
363,taboo,Qwen3.6-35B-A3B-FP8-without-reasoning,high_da,instance_00013,Request Success Ratio,1.0
364,taboo,Qwen3.6-35B-A3B-FP8-without-reasoning,high_da,instance_00013,Aborted,0.0
365,taboo,Qwen3.6-35B-A3B-FP8-without-reasoning,high_da,instance_00013,Success,1.0
366,taboo,Qwen3.6-35B-A3B-FP8-without-reasoning,high_da,instance_00013,Lose,0.0
367,taboo,Qwen3.6-35B-A3B-FP8-without-reasoning,high_da,instance_00013,Main Score,100.0
368,taboo,Qwen3.6-35B-A3B-FP8-without-reasoning,high_da,instance_00013,Repetition-Guesser,0.0
369,taboo,Qwen3.6-35B-A3B-FP8-without-reasoning,high_da,instance_00013,Repetition-Describer,0.0
370,taboo,Qwen3.6-35B-A3B-FP8-without-reasoning,high_da,instance_00014,Violated Request Count,0.0
371,taboo,Qwen3.6-35B-A3B-FP8-without-reasoning,high_da,instance_00014,Parsed Request Count,1.0
372,taboo,Qwen3.6-35B-A3B-FP8-without-reasoning,high_da,instance_00014,Request Count,1.0
373,taboo,Qwen3.6-35B-A3B-FP8-without-reasoning,high_da,instance_00014,Request Success Ratio,1.0
374,taboo,Qwen3.6-35B-A3B-FP8-without-reasoning,high_da,instance_00014,Aborted,0.0
375,taboo,Qwen3.6-35B-A3B-FP8-without-reasoning,high_da,instance_00014,Success,0.0
376,taboo,Qwen3.6-35B-A3B-FP8-without-reasoning,high_da,instance_00014,Lose,1.0
377,taboo,Qwen3.6-35B-A3B-FP8-without-reasoning,high_da,instance_00014,Main Score,0.0
378,taboo,Qwen3.6-35B-A3B-FP8-without-reasoning,high_da,instance_00014,Repetition-Guesser,0.0
379,taboo,Qwen3.6-35B-A3B-FP8-without-reasoning,high_da,instance_00014,Repetition-Describer,0.0
380,taboo,Qwen3.6-35B-A3B-FP8-without-reasoning,high_da,instance_00015,Violated Request Count,0.0
381,taboo,Qwen3.6-35B-A3B-FP8-without-reasoning,high_da,instance_00015,Parsed Request Count,1.0
382,taboo,Qwen3.6-35B-A3B-FP8-without-reasoning,high_da,instance_00015,Request Count,1.0
383,taboo,Qwen3.6-35B-A3B-FP8-without-reasoning,high_da,instance_00015,Request Success Ratio,1.0
384,taboo,Qwen3.6-35B-A3B-FP8-without-reasoning,high_da,instance_00015,Aborted,0.0
385,taboo,Qwen3.6-35B-A3B-FP8-without-reasoning,high_da,instance_00015,Success,1.0
386,taboo,Qwen3.6-35B-A3B-FP8-without-reasoning,high_da,instance_00015,Lose,0.0
387,taboo,Qwen3.6-35B-A3B-FP8-without-reasoning,high_da,instance_00015,Main Score,100.0
388,taboo,Qwen3.6-35B-A3B-FP8-without-reasoning,high_da,instance_00015,Repetition-Guesser,0.0
389,taboo,Qwen3.6-35B-A3B-FP8-without-reasoning,high_da,instance_00015,Repetition-Describer,0.0
390,taboo,Qwen3.6-35B-A3B-FP8-without-reasoning,high_da,instance_00012,Violated Request Count,0.0
391,taboo,Qwen3.6-35B-A3B-FP8-without-reasoning,high_da,instance_00012,Parsed Request Count,2.0
392,taboo,Qwen3.6-35B-A3B-FP8-without-reasoning,high_da,instance_00012,Request Count,2.0
393,taboo,Qwen3.6-35B-A3B-FP8-without-reasoning,high_da,instance_00012,Request Success Ratio,1.0
394,taboo,Qwen3.6-35B-A3B-FP8-without-reasoning,high_da,instance_00012,Aborted,0.0
395,taboo,Qwen3.6-35B-A3B-FP8-without-reasoning,high_da,instance_00012,Success,1.0
396,taboo,Qwen3.6-35B-A3B-FP8-without-reasoning,high_da,instance_00012,Lose,0.0
397,taboo,Qwen3.6-35B-A3B-FP8-without-reasoning,high_da,instance_00012,Main Score,50.0
398,taboo,Qwen3.6-35B-A3B-FP8-without-reasoning,high_da,instance_00012,Repetition-Guesser,0.0
399,taboo,Qwen3.6-35B-A3B-FP8-without-reasoning,high_da,instance_00012,Repetition-Describer,0.0
400,hot_air_balloon,Qwen3.6-35B-A3B-FP8-without-reasoning,air_balloon_survival_da_negotiation_hard,instance_00002,Request Count,28.0
401,hot_air_balloon,Qwen3.6-35B-A3B-FP8-without-reasoning,air_balloon_survival_da_negotiation_hard,instance_00002,Parsed Request Count,28.0
402,hot_air_balloon,Qwen3.6-35B-A3B-FP8-without-reasoning,air_balloon_survival_da_negotiation_hard,instance_00002,Violated Request Count,0.0
403,hot_air_balloon,Qwen3.6-35B-A3B-FP8-without-reasoning,air_balloon_survival_da_negotiation_hard,instance_00002,Request Success Ratio,1.0
404,hot_air_balloon,Qwen3.6-35B-A3B-FP8-without-reasoning,air_balloon_survival_da_negotiation_hard,instance_00002,Aborted,0.0
405,hot_air_balloon,Qwen3.6-35B-A3B-FP8-without-reasoning,air_balloon_survival_da_negotiation_hard,instance_00002,Lose,1.0
406,hot_air_balloon,Qwen3.6-35B-A3B-FP8-without-reasoning,air_balloon_survival_da_negotiation_hard,instance_00002,Success,0.0
407,hot_air_balloon,Qwen3.6-35B-A3B-FP8-without-reasoning,air_balloon_survival_da_negotiation_hard,instance_00002,Violations Player 1,0.0
408,hot_air_balloon,Qwen3.6-35B-A3B-FP8-without-reasoning,air_balloon_survival_da_negotiation_hard,instance_00002,Violations Player 2,0.0
409,hot_air_balloon,Qwen3.6-35B-A3B-FP8-without-reasoning,air_balloon_survival_da_negotiation_hard,instance_00002,Total Violations,0.0
410,hot_air_balloon,Qwen3.6-35B-A3B-FP8-without-reasoning,air_balloon_survival_da_negotiation_hard,instance_00002,Normalized Utility Player 1,
411,hot_air_balloon,Qwen3.6-35B-A3B-FP8-without-reasoning,air_balloon_survival_da_negotiation_hard,instance_00002,Normalized Utility Player 2,
412,hot_air_balloon,Qwen3.6-35B-A3B-FP8-without-reasoning,air_balloon_survival_da_negotiation_hard,instance_00002,Harmonic Mean Score,
413,hot_air_balloon,Qwen3.6-35B-A3B-FP8-without-reasoning,air_balloon_survival_da_negotiation_hard,instance_00002,Main Score,0.0
414,hot_air_balloon,Qwen3.6-35B-A3B-FP8-without-reasoning,air_balloon_survival_da_negotiation_hard,instance_00003,Request Count,13.0
415,hot_air_balloon,Qwen3.6-35B-A3B-FP8-without-reasoning,air_balloon_survival_da_negotiation_hard,instance_00003,Parsed Request Count,13.0
416,hot_air_balloon,Qwen3.6-35B-A3B-FP8-without-reasoning,air_balloon_survival_da_negotiation_hard,instance_00003,Violated Request Count,0.0
417,hot_air_balloon,Qwen3.6-35B-A3B-FP8-without-reasoning,air_balloon_survival_da_negotiation_hard,instance_00003,Request Success Ratio,1.0
418,hot_air_balloon,Qwen3.6-35B-A3B-FP8-without-reasoning,air_balloon_survival_da_negotiation_hard,instance_00003,Aborted,0.0
419,hot_air_balloon,Qwen3.6-35B-A3B-FP8-without-reasoning,air_balloon_survival_da_negotiation_hard,instance_00003,Lose,1.0
420,hot_air_balloon,Qwen3.6-35B-A3B-FP8-without-reasoning,air_balloon_survival_da_negotiation_hard,instance_00003,Success,0.0
421,hot_air_balloon,Qwen3.6-35B-A3B-FP8-without-reasoning,air_balloon_survival_da_negotiation_hard,instance_00003,Violations Player 1,0.0
422,hot_air_balloon,Qwen3.6-35B-A3B-FP8-without-reasoning,air_balloon_survival_da_negotiation_hard,instance_00003,Violations Player 2,0.0
423,hot_air_balloon,Qwen3.6-35B-A3B-FP8-without-reasoning,air_balloon_survival_da_negotiation_hard,instance_00003,Total Violations,0.0
424,hot_air_balloon,Qwen3.6-35B-A3B-FP8-without-reasoning,air_balloon_survival_da_negotiation_hard,instance_00003,Normalized Utility Player 1,
425,hot_air_balloon,Qwen3.6-35B-A3B-FP8-without-reasoning,air_balloon_survival_da_negotiation_hard,instance_00003,Normalized Utility Player 2,
426,hot_air_balloon,Qwen3.6-35B-A3B-FP8-without-reasoning,air_balloon_survival_da_negotiation_hard,instance_00003,Harmonic Mean Score,
427,hot_air_balloon,Qwen3.6-35B-A3B-FP8-without-reasoning,air_balloon_survival_da_negotiation_hard,instance_00003,Main Score,0.0
428,hot_air_balloon,Qwen3.6-35B-A3B-FP8-without-reasoning,air_balloon_survival_da_negotiation_hard,instance_00004,Request Count,20.0
429,hot_air_balloon,Qwen3.6-35B-A3B-FP8-without-reasoning,air_balloon_survival_da_negotiation_hard,instance_00004,Parsed Request Count,20.0
430,hot_air_balloon,Qwen3.6-35B-A3B-FP8-without-reasoning,air_balloon_survival_da_negotiation_hard,instance_00004,Violated Request Count,0.0
431,hot_air_balloon,Qwen3.6-35B-A3B-FP8-without-reasoning,air_balloon_survival_da_negotiation_hard,instance_00004,Request Success Ratio,1.0
432,hot_air_balloon,Qwen3.6-35B-A3B-FP8-without-reasoning,air_balloon_survival_da_negotiation_hard,instance_00004,Aborted,0.0
433,hot_air_balloon,Qwen3.6-35B-A3B-FP8-without-reasoning,air_balloon_survival_da_negotiation_hard,instance_00004,Lose,1.0
434,hot_air_balloon,Qwen3.6-35B-A3B-FP8-without-reasoning,air_balloon_survival_da_negotiation_hard,instance_00004,Success,0.0
435,hot_air_balloon,Qwen3.6-35B-A3B-FP8-without-reasoning,air_balloon_survival_da_negotiation_hard,instance_00004,Violations Player 1,0.0
436,hot_air_balloon,Qwen3.6-35B-A3B-FP8-without-reasoning,air_balloon_survival_da_negotiation_hard,instance_00004,Violations Player 2,0.0
437,hot_air_balloon,Qwen3.6-35B-A3B-FP8-without-reasoning,air_balloon_survival_da_negotiation_hard,instance_00004,Total Violations,0.0
438,hot_air_balloon,Qwen3.6-35B-A3B-FP8-without-reasoning,air_balloon_survival_da_negotiation_hard,instance_00004,Normalized Utility Player 1,
439,hot_air_balloon,Qwen3.6-35B-A3B-FP8-without-reasoning,air_balloon_survival_da_negotiation_hard,instance_00004,Normalized Utility Player 2,
440,hot_air_balloon,Qwen3.6-35B-A3B-FP8-without-reasoning,air_balloon_survival_da_negotiation_hard,instance_00004,Harmonic Mean Score,
441,hot_air_balloon,Qwen3.6-35B-A3B-FP8-without-reasoning,air_balloon_survival_da_negotiation_hard,instance_00004,Main Score,0.0
442,hot_air_balloon,Qwen3.6-35B-A3B-FP8-without-reasoning,air_balloon_survival_da_negotiation_hard,instance_00001,Request Count,17.0
443,hot_air_balloon,Qwen3.6-35B-A3B-FP8-without-reasoning,air_balloon_survival_da_negotiation_hard,instance_00001,Parsed Request Count,17.0
444,hot_air_balloon,Qwen3.6-35B-A3B-FP8-without-reasoning,air_balloon_survival_da_negotiation_hard,instance_00001,Violated Request Count,0.0
445,hot_air_balloon,Qwen3.6-35B-A3B-FP8-without-reasoning,air_balloon_survival_da_negotiation_hard,instance_00001,Request Success Ratio,1.0
446,hot_air_balloon,Qwen3.6-35B-A3B-FP8-without-reasoning,air_balloon_survival_da_negotiation_hard,instance_00001,Aborted,0.0
447,hot_air_balloon,Qwen3.6-35B-A3B-FP8-without-reasoning,air_balloon_survival_da_negotiation_hard,instance_00001,Lose,1.0
448,hot_air_balloon,Qwen3.6-35B-A3B-FP8-without-reasoning,air_balloon_survival_da_negotiation_hard,instance_00001,Success,0.0
449,hot_air_balloon,Qwen3.6-35B-A3B-FP8-without-reasoning,air_balloon_survival_da_negotiation_hard,instance_00001,Violations Player 1,0.0
450,hot_air_balloon,Qwen3.6-35B-A3B-FP8-without-reasoning,air_balloon_survival_da_negotiation_hard,instance_00001,Violations Player 2,0.0
451,hot_air_balloon,Qwen3.6-35B-A3B-FP8-without-reasoning,air_balloon_survival_da_negotiation_hard,instance_00001,Total Violations,0.0
452,hot_air_balloon,Qwen3.6-35B-A3B-FP8-without-reasoning,air_balloon_survival_da_negotiation_hard,instance_00001,Normalized Utility Player 1,
453,hot_air_balloon,Qwen3.6-35B-A3B-FP8-without-reasoning,air_balloon_survival_da_negotiation_hard,instance_00001,Normalized Utility Player 2,
454,hot_air_balloon,Qwen3.6-35B-A3B-FP8-without-reasoning,air_balloon_survival_da_negotiation_hard,instance_00001,Harmonic Mean Score,
455,hot_air_balloon,Qwen3.6-35B-A3B-FP8-without-reasoning,air_balloon_survival_da_negotiation_hard,instance_00001,Main Score,0.0
456,hot_air_balloon,Qwen3.6-35B-A3B-FP8-without-reasoning,air_balloon_survival_da_negotiation_hard,instance_00000,Request Count,14.0
457,hot_air_balloon,Qwen3.6-35B-A3B-FP8-without-reasoning,air_balloon_survival_da_negotiation_hard,instance_00000,Parsed Request Count,14.0
458,hot_air_balloon,Qwen3.6-35B-A3B-FP8-without-reasoning,air_balloon_survival_da_negotiation_hard,instance_00000,Violated Request Count,0.0
459,hot_air_balloon,Qwen3.6-35B-A3B-FP8-without-reasoning,air_balloon_survival_da_negotiation_hard,instance_00000,Request Success Ratio,1.0
460,hot_air_balloon,Qwen3.6-35B-A3B-FP8-without-reasoning,air_balloon_survival_da_negotiation_hard,instance_00000,Aborted,0.0
461,hot_air_balloon,Qwen3.6-35B-A3B-FP8-without-reasoning,air_balloon_survival_da_negotiation_hard,instance_00000,Lose,1.0
462,hot_air_balloon,Qwen3.6-35B-A3B-FP8-without-reasoning,air_balloon_survival_da_negotiation_hard,instance_00000,Success,0.0
463,hot_air_balloon,Qwen3.6-35B-A3B-FP8-without-reasoning,air_balloon_survival_da_negotiation_hard,instance_00000,Violations Player 1,0.0
464,hot_air_balloon,Qwen3.6-35B-A3B-FP8-without-reasoning,air_balloon_survival_da_negotiation_hard,instance_00000,Violations Player 2,0.0
465,hot_air_balloon,Qwen3.6-35B-A3B-FP8-without-reasoning,air_balloon_survival_da_negotiation_hard,instance_00000,Total Violations,0.0
466,hot_air_balloon,Qwen3.6-35B-A3B-FP8-without-reasoning,air_balloon_survival_da_negotiation_hard,instance_00000,Normalized Utility Player 1,
467,hot_air_balloon,Qwen3.6-35B-A3B-FP8-without-reasoning,air_balloon_survival_da_negotiation_hard,instance_00000,Normalized Utility Player 2,
468,hot_air_balloon,Qwen3.6-35B-A3B-FP8-without-reasoning,air_balloon_survival_da_negotiation_hard,instance_00000,Harmonic Mean Score,
469,hot_air_balloon,Qwen3.6-35B-A3B-FP8-without-reasoning,air_balloon_survival_da_negotiation_hard,instance_00000,Main Score,0.0
470,hot_air_balloon,Qwen3.6-35B-A3B-FP8-without-reasoning,air_balloon_survival_da_negotiation_easy,instance_00002,Request Count,17.0
471,hot_air_balloon,Qwen3.6-35B-A3B-FP8-without-reasoning,air_balloon_survival_da_negotiation_easy,instance_00002,Parsed Request Count,17.0
472,hot_air_balloon,Qwen3.6-35B-A3B-FP8-without-reasoning,air_balloon_survival_da_negotiation_easy,instance_00002,Violated Request Count,0.0
473,hot_air_balloon,Qwen3.6-35B-A3B-FP8-without-reasoning,air_balloon_survival_da_negotiation_easy,instance_00002,Request Success Ratio,1.0
474,hot_air_balloon,Qwen3.6-35B-A3B-FP8-without-reasoning,air_balloon_survival_da_negotiation_easy,instance_00002,Aborted,0.0
475,hot_air_balloon,Qwen3.6-35B-A3B-FP8-without-reasoning,air_balloon_survival_da_negotiation_easy,instance_00002,Lose,1.0
476,hot_air_balloon,Qwen3.6-35B-A3B-FP8-without-reasoning,air_balloon_survival_da_negotiation_easy,instance_00002,Success,0.0
477,hot_air_balloon,Qwen3.6-35B-A3B-FP8-without-reasoning,air_balloon_survival_da_negotiation_easy,instance_00002,Violations Player 1,0.0
478,hot_air_balloon,Qwen3.6-35B-A3B-FP8-without-reasoning,air_balloon_survival_da_negotiation_easy,instance_00002,Violations Player 2,0.0
479,hot_air_balloon,Qwen3.6-35B-A3B-FP8-without-reasoning,air_balloon_survival_da_negotiation_easy,instance_00002,Total Violations,0.0
480,hot_air_balloon,Qwen3.6-35B-A3B-FP8-without-reasoning,air_balloon_survival_da_negotiation_easy,instance_00002,Normalized Utility Player 1,
481,hot_air_balloon,Qwen3.6-35B-A3B-FP8-without-reasoning,air_balloon_survival_da_negotiation_easy,instance_00002,Normalized Utility Player 2,
482,hot_air_balloon,Qwen3.6-35B-A3B-FP8-without-reasoning,air_balloon_survival_da_negotiation_easy,instance_00002,Harmonic Mean Score,
483,hot_air_balloon,Qwen3.6-35B-A3B-FP8-without-reasoning,air_balloon_survival_da_negotiation_easy,instance_00002,Main Score,0.0
484,hot_air_balloon,Qwen3.6-35B-A3B-FP8-without-reasoning,air_balloon_survival_da_negotiation_easy,instance_00003,Request Count,14.0
485,hot_air_balloon,Qwen3.6-35B-A3B-FP8-without-reasoning,air_balloon_survival_da_negotiation_easy,instance_00003,Parsed Request Count,14.0
486,hot_air_balloon,Qwen3.6-35B-A3B-FP8-without-reasoning,air_balloon_survival_da_negotiation_easy,instance_00003,Violated Request Count,0.0
487,hot_air_balloon,Qwen3.6-35B-A3B-FP8-without-reasoning,air_balloon_survival_da_negotiation_easy,instance_00003,Request Success Ratio,1.0
488,hot_air_balloon,Qwen3.6-35B-A3B-FP8-without-reasoning,air_balloon_survival_da_negotiation_easy,instance_00003,Aborted,0.0
489,hot_air_balloon,Qwen3.6-35B-A3B-FP8-without-reasoning,air_balloon_survival_da_negotiation_easy,instance_00003,Lose,1.0
490,hot_air_balloon,Qwen3.6-35B-A3B-FP8-without-reasoning,air_balloon_survival_da_negotiation_easy,instance_00003,Success,0.0
491,hot_air_balloon,Qwen3.6-35B-A3B-FP8-without-reasoning,air_balloon_survival_da_negotiation_easy,instance_00003,Violations Player 1,0.0
492,hot_air_balloon,Qwen3.6-35B-A3B-FP8-without-reasoning,air_balloon_survival_da_negotiation_easy,instance_00003,Violations Player 2,0.0
493,hot_air_balloon,Qwen3.6-35B-A3B-FP8-without-reasoning,air_balloon_survival_da_negotiation_easy,instance_00003,Total Violations,0.0
494,hot_air_balloon,Qwen3.6-35B-A3B-FP8-without-reasoning,air_balloon_survival_da_negotiation_easy,instance_00003,Normalized Utility Player 1,
495,hot_air_balloon,Qwen3.6-35B-A3B-FP8-without-reasoning,air_balloon_survival_da_negotiation_easy,instance_00003,Normalized Utility Player 2,
496,hot_air_balloon,Qwen3.6-35B-A3B-FP8-without-reasoning,air_balloon_survival_da_negotiation_easy,instance_00003,Harmonic Mean Score,
497,hot_air_balloon,Qwen3.6-35B-A3B-FP8-without-reasoning,air_balloon_survival_da_negotiation_easy,instance_00003,Main Score,0.0
498,hot_air_balloon,Qwen3.6-35B-A3B-FP8-without-reasoning,air_balloon_survival_da_negotiation_easy,instance_00004,Request Count,14.0
499,hot_air_balloon,Qwen3.6-35B-A3B-FP8-without-reasoning,air_balloon_survival_da_negotiation_easy,instance_00004,Parsed Request Count,14.0
500,hot_air_balloon,Qwen3.6-35B-A3B-FP8-without-reasoning,air_balloon_survival_da_negotiation_easy,instance_00004,Violated Request Count,0.0
501,hot_air_balloon,Qwen3.6-35B-A3B-FP8-without-reasoning,air_balloon_survival_da_negotiation_easy,instance_00004,Request Success Ratio,1.0
502,hot_air_balloon,Qwen3.6-35B-A3B-FP8-without-reasoning,air_balloon_survival_da_negotiation_easy,instance_00004,Aborted,0.0
503,hot_air_balloon,Qwen3.6-35B-A3B-FP8-without-reasoning,air_balloon_survival_da_negotiation_easy,instance_00004,Lose,1.0
504,hot_air_balloon,Qwen3.6-35B-A3B-FP8-without-reasoning,air_balloon_survival_da_negotiation_easy,instance_00004,Success,0.0
505,hot_air_balloon,Qwen3.6-35B-A3B-FP8-without-reasoning,air_balloon_survival_da_negotiation_easy,instance_00004,Violations Player 1,0.0
506,hot_air_balloon,Qwen3.6-35B-A3B-FP8-without-reasoning,air_balloon_survival_da_negotiation_easy,instance_00004,Violations Player 2,0.0
507,hot_air_balloon,Qwen3.6-35B-A3B-FP8-without-reasoning,air_balloon_survival_da_negotiation_easy,instance_00004,Total Violations,0.0
508,hot_air_balloon,Qwen3.6-35B-A3B-FP8-without-reasoning,air_balloon_survival_da_negotiation_easy,instance_00004,Normalized Utility Player 1,
509,hot_air_balloon,Qwen3.6-35B-A3B-FP8-without-reasoning,air_balloon_survival_da_negotiation_easy,instance_00004,Normalized Utility Player 2,
510,hot_air_balloon,Qwen3.6-35B-A3B-FP8-without-reasoning,air_balloon_survival_da_negotiation_easy,instance_00004,Harmonic Mean Score,
511,hot_air_balloon,Qwen3.6-35B-A3B-FP8-without-reasoning,air_balloon_survival_da_negotiation_easy,instance_00004,Main Score,0.0
512,hot_air_balloon,Qwen3.6-35B-A3B-FP8-without-reasoning,air_balloon_survival_da_negotiation_easy,instance_00001,Request Count,20.0
513,hot_air_balloon,Qwen3.6-35B-A3B-FP8-without-reasoning,air_balloon_survival_da_negotiation_easy,instance_00001,Parsed Request Count,20.0
514,hot_air_balloon,Qwen3.6-35B-A3B-FP8-without-reasoning,air_balloon_survival_da_negotiation_easy,instance_00001,Violated Request Count,0.0
515,hot_air_balloon,Qwen3.6-35B-A3B-FP8-without-reasoning,air_balloon_survival_da_negotiation_easy,instance_00001,Request Success Ratio,1.0
516,hot_air_balloon,Qwen3.6-35B-A3B-FP8-without-reasoning,air_balloon_survival_da_negotiation_easy,instance_00001,Aborted,0.0
517,hot_air_balloon,Qwen3.6-35B-A3B-FP8-without-reasoning,air_balloon_survival_da_negotiation_easy,instance_00001,Lose,1.0
518,hot_air_balloon,Qwen3.6-35B-A3B-FP8-without-reasoning,air_balloon_survival_da_negotiation_easy,instance_00001,Success,0.0
519,hot_air_balloon,Qwen3.6-35B-A3B-FP8-without-reasoning,air_balloon_survival_da_negotiation_easy,instance_00001,Violations Player 1,0.0
520,hot_air_balloon,Qwen3.6-35B-A3B-FP8-without-reasoning,air_balloon_survival_da_negotiation_easy,instance_00001,Violations Player 2,0.0
521,hot_air_balloon,Qwen3.6-35B-A3B-FP8-without-reasoning,air_balloon_survival_da_negotiation_easy,instance_00001,Total Violations,0.0
522,hot_air_balloon,Qwen3.6-35B-A3B-FP8-without-reasoning,air_balloon_survival_da_negotiation_easy,instance_00001,Normalized Utility Player 1,
523,hot_air_balloon,Qwen3.6-35B-A3B-FP8-without-reasoning,air_balloon_survival_da_negotiation_easy,instance_00001,Normalized Utility Player 2,
524,hot_air_balloon,Qwen3.6-35B-A3B-FP8-without-reasoning,air_balloon_survival_da_negotiation_easy,instance_00001,Harmonic Mean Score,
525,hot_air_balloon,Qwen3.6-35B-A3B-FP8-without-reasoning,air_balloon_survival_da_negotiation_easy,instance_00001,Main Score,0.0
526,hot_air_balloon,Qwen3.6-35B-A3B-FP8-without-reasoning,air_balloon_survival_da_negotiation_easy,instance_00000,Request Count,12.0
527,hot_air_balloon,Qwen3.6-35B-A3B-FP8-without-reasoning,air_balloon_survival_da_negotiation_easy,instance_00000,Parsed Request Count,12.0
528,hot_air_balloon,Qwen3.6-35B-A3B-FP8-without-reasoning,air_balloon_survival_da_negotiation_easy,instance_00000,Violated Request Count,0.0
529,hot_air_balloon,Qwen3.6-35B-A3B-FP8-without-reasoning,air_balloon_survival_da_negotiation_easy,instance_00000,Request Success Ratio,1.0
530,hot_air_balloon,Qwen3.6-35B-A3B-FP8-without-reasoning,air_balloon_survival_da_negotiation_easy,instance_00000,Aborted,0.0
531,hot_air_balloon,Qwen3.6-35B-A3B-FP8-without-reasoning,air_balloon_survival_da_negotiation_easy,instance_00000,Lose,1.0
532,hot_air_balloon,Qwen3.6-35B-A3B-FP8-without-reasoning,air_balloon_survival_da_negotiation_easy,instance_00000,Success,0.0
533,hot_air_balloon,Qwen3.6-35B-A3B-FP8-without-reasoning,air_balloon_survival_da_negotiation_easy,instance_00000,Violations Player 1,0.0
534,hot_air_balloon,Qwen3.6-35B-A3B-FP8-without-reasoning,air_balloon_survival_da_negotiation_easy,instance_00000,Violations Player 2,0.0
535,hot_air_balloon,Qwen3.6-35B-A3B-FP8-without-reasoning,air_balloon_survival_da_negotiation_easy,instance_00000,Total Violations,0.0
536,hot_air_balloon,Qwen3.6-35B-A3B-FP8-without-reasoning,air_balloon_survival_da_negotiation_easy,instance_00000,Normalized Utility Player 1,
537,hot_air_balloon,Qwen3.6-35B-A3B-FP8-without-reasoning,air_balloon_survival_da_negotiation_easy,instance_00000,Normalized Utility Player 2,
538,hot_air_balloon,Qwen3.6-35B-A3B-FP8-without-reasoning,air_balloon_survival_da_negotiation_easy,instance_00000,Harmonic Mean Score,
539,hot_air_balloon,Qwen3.6-35B-A3B-FP8-without-reasoning,air_balloon_survival_da_negotiation_easy,instance_00000,Main Score,0.0
540,hot_air_balloon,Qwen3.6-35B-A3B-FP8-without-reasoning,air_balloon_survival_da_complexity_easy,instance_00002,Request Count,14.0
541,hot_air_balloon,Qwen3.6-35B-A3B-FP8-without-reasoning,air_balloon_survival_da_complexity_easy,instance_00002,Parsed Request Count,14.0
542,hot_air_balloon,Qwen3.6-35B-A3B-FP8-without-reasoning,air_balloon_survival_da_complexity_easy,instance_00002,Violated Request Count,0.0
543,hot_air_balloon,Qwen3.6-35B-A3B-FP8-without-reasoning,air_balloon_survival_da_complexity_easy,instance_00002,Request Success Ratio,1.0
544,hot_air_balloon,Qwen3.6-35B-A3B-FP8-without-reasoning,air_balloon_survival_da_complexity_easy,instance_00002,Aborted,0.0
545,hot_air_balloon,Qwen3.6-35B-A3B-FP8-without-reasoning,air_balloon_survival_da_complexity_easy,instance_00002,Lose,1.0
546,hot_air_balloon,Qwen3.6-35B-A3B-FP8-without-reasoning,air_balloon_survival_da_complexity_easy,instance_00002,Success,0.0
547,hot_air_balloon,Qwen3.6-35B-A3B-FP8-without-reasoning,air_balloon_survival_da_complexity_easy,instance_00002,Violations Player 1,0.0
548,hot_air_balloon,Qwen3.6-35B-A3B-FP8-without-reasoning,air_balloon_survival_da_complexity_easy,instance_00002,Violations Player 2,0.0
549,hot_air_balloon,Qwen3.6-35B-A3B-FP8-without-reasoning,air_balloon_survival_da_complexity_easy,instance_00002,Total Violations,0.0
550,hot_air_balloon,Qwen3.6-35B-A3B-FP8-without-reasoning,air_balloon_survival_da_complexity_easy,instance_00002,Normalized Utility Player 1,
551,hot_air_balloon,Qwen3.6-35B-A3B-FP8-without-reasoning,air_balloon_survival_da_complexity_easy,instance_00002,Normalized Utility Player 2,
552,hot_air_balloon,Qwen3.6-35B-A3B-FP8-without-reasoning,air_balloon_survival_da_complexity_easy,instance_00002,Harmonic Mean Score,
553,hot_air_balloon,Qwen3.6-35B-A3B-FP8-without-reasoning,air_balloon_survival_da_complexity_easy,instance_00002,Main Score,0.0
554,hot_air_balloon,Qwen3.6-35B-A3B-FP8-without-reasoning,air_balloon_survival_da_complexity_easy,instance_00003,Request Count,31.0
555,hot_air_balloon,Qwen3.6-35B-A3B-FP8-without-reasoning,air_balloon_survival_da_complexity_easy,instance_00003,Parsed Request Count,31.0
556,hot_air_balloon,Qwen3.6-35B-A3B-FP8-without-reasoning,air_balloon_survival_da_complexity_easy,instance_00003,Violated Request Count,0.0
557,hot_air_balloon,Qwen3.6-35B-A3B-FP8-without-reasoning,air_balloon_survival_da_complexity_easy,instance_00003,Request Success Ratio,1.0
558,hot_air_balloon,Qwen3.6-35B-A3B-FP8-without-reasoning,air_balloon_survival_da_complexity_easy,instance_00003,Aborted,0.0
559,hot_air_balloon,Qwen3.6-35B-A3B-FP8-without-reasoning,air_balloon_survival_da_complexity_easy,instance_00003,Lose,1.0
560,hot_air_balloon,Qwen3.6-35B-A3B-FP8-without-reasoning,air_balloon_survival_da_complexity_easy,instance_00003,Success,0.0
561,hot_air_balloon,Qwen3.6-35B-A3B-FP8-without-reasoning,air_balloon_survival_da_complexity_easy,instance_00003,Violations Player 1,0.0
562,hot_air_balloon,Qwen3.6-35B-A3B-FP8-without-reasoning,air_balloon_survival_da_complexity_easy,instance_00003,Violations Player 2,0.0
563,hot_air_balloon,Qwen3.6-35B-A3B-FP8-without-reasoning,air_balloon_survival_da_complexity_easy,instance_00003,Total Violations,0.0
564,hot_air_balloon,Qwen3.6-35B-A3B-FP8-without-reasoning,air_balloon_survival_da_complexity_easy,instance_00003,Normalized Utility Player 1,
565,hot_air_balloon,Qwen3.6-35B-A3B-FP8-without-reasoning,air_balloon_survival_da_complexity_easy,instance_00003,Normalized Utility Player 2,
566,hot_air_balloon,Qwen3.6-35B-A3B-FP8-without-reasoning,air_balloon_survival_da_complexity_easy,instance_00003,Harmonic Mean Score,
567,hot_air_balloon,Qwen3.6-35B-A3B-FP8-without-reasoning,air_balloon_survival_da_complexity_easy,instance_00003,Main Score,0.0
568,hot_air_balloon,Qwen3.6-35B-A3B-FP8-without-reasoning,air_balloon_survival_da_complexity_easy,instance_00004,Request Count,20.0
569,hot_air_balloon,Qwen3.6-35B-A3B-FP8-without-reasoning,air_balloon_survival_da_complexity_easy,instance_00004,Parsed Request Count,20.0
570,hot_air_balloon,Qwen3.6-35B-A3B-FP8-without-reasoning,air_balloon_survival_da_complexity_easy,instance_00004,Violated Request Count,0.0
571,hot_air_balloon,Qwen3.6-35B-A3B-FP8-without-reasoning,air_balloon_survival_da_complexity_easy,instance_00004,Request Success Ratio,1.0
572,hot_air_balloon,Qwen3.6-35B-A3B-FP8-without-reasoning,air_balloon_survival_da_complexity_easy,instance_00004,Aborted,0.0
573,hot_air_balloon,Qwen3.6-35B-A3B-FP8-without-reasoning,air_balloon_survival_da_complexity_easy,instance_00004,Lose,1.0
574,hot_air_balloon,Qwen3.6-35B-A3B-FP8-without-reasoning,air_balloon_survival_da_complexity_easy,instance_00004,Success,0.0
575,hot_air_balloon,Qwen3.6-35B-A3B-FP8-without-reasoning,air_balloon_survival_da_complexity_easy,instance_00004,Violations Player 1,0.0
576,hot_air_balloon,Qwen3.6-35B-A3B-FP8-without-reasoning,air_balloon_survival_da_complexity_easy,instance_00004,Violations Player 2,0.0
577,hot_air_balloon,Qwen3.6-35B-A3B-FP8-without-reasoning,air_balloon_survival_da_complexity_easy,instance_00004,Total Violations,0.0
578,hot_air_balloon,Qwen3.6-35B-A3B-FP8-without-reasoning,air_balloon_survival_da_complexity_easy,instance_00004,Normalized Utility Player 1,
579,hot_air_balloon,Qwen3.6-35B-A3B-FP8-without-reasoning,air_balloon_survival_da_complexity_easy,instance_00004,Normalized Utility Player 2,
580,hot_air_balloon,Qwen3.6-35B-A3B-FP8-without-reasoning,air_balloon_survival_da_complexity_easy,instance_00004,Harmonic Mean Score,
581,hot_air_balloon,Qwen3.6-35B-A3B-FP8-without-reasoning,air_balloon_survival_da_complexity_easy,instance_00004,Main Score,0.0
582,hot_air_balloon,Qwen3.6-35B-A3B-FP8-without-reasoning,air_balloon_survival_da_complexity_easy,instance_00001,Request Count,12.0
583,hot_air_balloon,Qwen3.6-35B-A3B-FP8-without-reasoning,air_balloon_survival_da_complexity_easy,instance_00001,Parsed Request Count,12.0
584,hot_air_balloon,Qwen3.6-35B-A3B-FP8-without-reasoning,air_balloon_survival_da_complexity_easy,instance_00001,Violated Request Count,0.0
585,hot_air_balloon,Qwen3.6-35B-A3B-FP8-without-reasoning,air_balloon_survival_da_complexity_easy,instance_00001,Request Success Ratio,1.0
586,hot_air_balloon,Qwen3.6-35B-A3B-FP8-without-reasoning,air_balloon_survival_da_complexity_easy,instance_00001,Aborted,0.0
587,hot_air_balloon,Qwen3.6-35B-A3B-FP8-without-reasoning,air_balloon_survival_da_complexity_easy,instance_00001,Lose,1.0
588,hot_air_balloon,Qwen3.6-35B-A3B-FP8-without-reasoning,air_balloon_survival_da_complexity_easy,instance_00001,Success,0.0
589,hot_air_balloon,Qwen3.6-35B-A3B-FP8-without-reasoning,air_balloon_survival_da_complexity_easy,instance_00001,Violations Player 1,0.0
590,hot_air_balloon,Qwen3.6-35B-A3B-FP8-without-reasoning,air_balloon_survival_da_complexity_easy,instance_00001,Violations Player 2,0.0
591,hot_air_balloon,Qwen3.6-35B-A3B-FP8-without-reasoning,air_balloon_survival_da_complexity_easy,instance_00001,Total Violations,0.0
592,hot_air_balloon,Qwen3.6-35B-A3B-FP8-without-reasoning,air_balloon_survival_da_complexity_easy,instance_00001,Normalized Utility Player 1,
593,hot_air_balloon,Qwen3.6-35B-A3B-FP8-without-reasoning,air_balloon_survival_da_complexity_easy,instance_00001,Normalized Utility Player 2,
594,hot_air_balloon,Qwen3.6-35B-A3B-FP8-without-reasoning,air_balloon_survival_da_complexity_easy,instance_00001,Harmonic Mean Score,
595,hot_air_balloon,Qwen3.6-35B-A3B-FP8-without-reasoning,air_balloon_survival_da_complexity_easy,instance_00001,Main Score,0.0
596,hot_air_balloon,Qwen3.6-35B-A3B-FP8-without-reasoning,air_balloon_survival_da_complexity_easy,instance_00000,Request Count,12.0
597,hot_air_balloon,Qwen3.6-35B-A3B-FP8-without-reasoning,air_balloon_survival_da_complexity_easy,instance_00000,Parsed Request Count,12.0
598,hot_air_balloon,Qwen3.6-35B-A3B-FP8-without-reasoning,air_balloon_survival_da_complexity_easy,instance_00000,Violated Request Count,0.0
599,hot_air_balloon,Qwen3.6-35B-A3B-FP8-without-reasoning,air_balloon_survival_da_complexity_easy,instance_00000,Request Success Ratio,1.0
600,hot_air_balloon,Qwen3.6-35B-A3B-FP8-without-reasoning,air_balloon_survival_da_complexity_easy,instance_00000,Aborted,0.0
601,hot_air_balloon,Qwen3.6-35B-A3B-FP8-without-reasoning,air_balloon_survival_da_complexity_easy,instance_00000,Lose,1.0
602,hot_air_balloon,Qwen3.6-35B-A3B-FP8-without-reasoning,air_balloon_survival_da_complexity_easy,instance_00000,Success,0.0
603,hot_air_balloon,Qwen3.6-35B-A3B-FP8-without-reasoning,air_balloon_survival_da_complexity_easy,instance_00000,Violations Player 1,0.0
604,hot_air_balloon,Qwen3.6-35B-A3B-FP8-without-reasoning,air_balloon_survival_da_complexity_easy,instance_00000,Violations Player 2,0.0
605,hot_air_balloon,Qwen3.6-35B-A3B-FP8-without-reasoning,air_balloon_survival_da_complexity_easy,instance_00000,Total Violations,0.0
606,hot_air_balloon,Qwen3.6-35B-A3B-FP8-without-reasoning,air_balloon_survival_da_complexity_easy,instance_00000,Normalized Utility Player 1,
607,hot_air_balloon,Qwen3.6-35B-A3B-FP8-without-reasoning,air_balloon_survival_da_complexity_easy,instance_00000,Normalized Utility Player 2,
608,hot_air_balloon,Qwen3.6-35B-A3B-FP8-without-reasoning,air_balloon_survival_da_complexity_easy,instance_00000,Harmonic Mean Score,
609,hot_air_balloon,Qwen3.6-35B-A3B-FP8-without-reasoning,air_balloon_survival_da_complexity_easy,instance_00000,Main Score,0.0
610,hot_air_balloon,Qwen3.6-35B-A3B-FP8-without-reasoning,air_balloon_survival_da_complexity_hard,instance_00002,Request Count,19.0
611,hot_air_balloon,Qwen3.6-35B-A3B-FP8-without-reasoning,air_balloon_survival_da_complexity_hard,instance_00002,Parsed Request Count,19.0
612,hot_air_balloon,Qwen3.6-35B-A3B-FP8-without-reasoning,air_balloon_survival_da_complexity_hard,instance_00002,Violated Request Count,0.0
613,hot_air_balloon,Qwen3.6-35B-A3B-FP8-without-reasoning,air_balloon_survival_da_complexity_hard,instance_00002,Request Success Ratio,1.0
614,hot_air_balloon,Qwen3.6-35B-A3B-FP8-without-reasoning,air_balloon_survival_da_complexity_hard,instance_00002,Aborted,0.0
615,hot_air_balloon,Qwen3.6-35B-A3B-FP8-without-reasoning,air_balloon_survival_da_complexity_hard,instance_00002,Lose,1.0
616,hot_air_balloon,Qwen3.6-35B-A3B-FP8-without-reasoning,air_balloon_survival_da_complexity_hard,instance_00002,Success,0.0
617,hot_air_balloon,Qwen3.6-35B-A3B-FP8-without-reasoning,air_balloon_survival_da_complexity_hard,instance_00002,Violations Player 1,0.0
618,hot_air_balloon,Qwen3.6-35B-A3B-FP8-without-reasoning,air_balloon_survival_da_complexity_hard,instance_00002,Violations Player 2,0.0
619,hot_air_balloon,Qwen3.6-35B-A3B-FP8-without-reasoning,air_balloon_survival_da_complexity_hard,instance_00002,Total Violations,0.0
620,hot_air_balloon,Qwen3.6-35B-A3B-FP8-without-reasoning,air_balloon_survival_da_complexity_hard,instance_00002,Normalized Utility Player 1,
621,hot_air_balloon,Qwen3.6-35B-A3B-FP8-without-reasoning,air_balloon_survival_da_complexity_hard,instance_00002,Normalized Utility Player 2,
622,hot_air_balloon,Qwen3.6-35B-A3B-FP8-without-reasoning,air_balloon_survival_da_complexity_hard,instance_00002,Harmonic Mean Score,
623,hot_air_balloon,Qwen3.6-35B-A3B-FP8-without-reasoning,air_balloon_survival_da_complexity_hard,instance_00002,Main Score,0.0
624,hot_air_balloon,Qwen3.6-35B-A3B-FP8-without-reasoning,air_balloon_survival_da_complexity_hard,instance_00003,Request Count,26.0
625,hot_air_balloon,Qwen3.6-35B-A3B-FP8-without-reasoning,air_balloon_survival_da_complexity_hard,instance_00003,Parsed Request Count,26.0
626,hot_air_balloon,Qwen3.6-35B-A3B-FP8-without-reasoning,air_balloon_survival_da_complexity_hard,instance_00003,Violated Request Count,0.0
627,hot_air_balloon,Qwen3.6-35B-A3B-FP8-without-reasoning,air_balloon_survival_da_complexity_hard,instance_00003,Request Success Ratio,1.0
628,hot_air_balloon,Qwen3.6-35B-A3B-FP8-without-reasoning,air_balloon_survival_da_complexity_hard,instance_00003,Aborted,0.0
629,hot_air_balloon,Qwen3.6-35B-A3B-FP8-without-reasoning,air_balloon_survival_da_complexity_hard,instance_00003,Lose,1.0
630,hot_air_balloon,Qwen3.6-35B-A3B-FP8-without-reasoning,air_balloon_survival_da_complexity_hard,instance_00003,Success,0.0
631,hot_air_balloon,Qwen3.6-35B-A3B-FP8-without-reasoning,air_balloon_survival_da_complexity_hard,instance_00003,Violations Player 1,0.0
632,hot_air_balloon,Qwen3.6-35B-A3B-FP8-without-reasoning,air_balloon_survival_da_complexity_hard,instance_00003,Violations Player 2,0.0
633,hot_air_balloon,Qwen3.6-35B-A3B-FP8-without-reasoning,air_balloon_survival_da_complexity_hard,instance_00003,Total Violations,0.0
634,hot_air_balloon,Qwen3.6-35B-A3B-FP8-without-reasoning,air_balloon_survival_da_complexity_hard,instance_00003,Normalized Utility Player 1,
635,hot_air_balloon,Qwen3.6-35B-A3B-FP8-without-reasoning,air_balloon_survival_da_complexity_hard,instance_00003,Normalized Utility Player 2,
636,hot_air_balloon,Qwen3.6-35B-A3B-FP8-without-reasoning,air_balloon_survival_da_complexity_hard,instance_00003,Harmonic Mean Score,
637,hot_air_balloon,Qwen3.6-35B-A3B-FP8-without-reasoning,air_balloon_survival_da_complexity_hard,instance_00003,Main Score,0.0
638,hot_air_balloon,Qwen3.6-35B-A3B-FP8-without-reasoning,air_balloon_survival_da_complexity_hard,instance_00004,Request Count,20.0
639,hot_air_balloon,Qwen3.6-35B-A3B-FP8-without-reasoning,air_balloon_survival_da_complexity_hard,instance_00004,Parsed Request Count,20.0
640,hot_air_balloon,Qwen3.6-35B-A3B-FP8-without-reasoning,air_balloon_survival_da_complexity_hard,instance_00004,Violated Request Count,0.0
641,hot_air_balloon,Qwen3.6-35B-A3B-FP8-without-reasoning,air_balloon_survival_da_complexity_hard,instance_00004,Request Success Ratio,1.0
642,hot_air_balloon,Qwen3.6-35B-A3B-FP8-without-reasoning,air_balloon_survival_da_complexity_hard,instance_00004,Aborted,0.0
643,hot_air_balloon,Qwen3.6-35B-A3B-FP8-without-reasoning,air_balloon_survival_da_complexity_hard,instance_00004,Lose,1.0
644,hot_air_balloon,Qwen3.6-35B-A3B-FP8-without-reasoning,air_balloon_survival_da_complexity_hard,instance_00004,Success,0.0
645,hot_air_balloon,Qwen3.6-35B-A3B-FP8-without-reasoning,air_balloon_survival_da_complexity_hard,instance_00004,Violations Player 1,0.0
646,hot_air_balloon,Qwen3.6-35B-A3B-FP8-without-reasoning,air_balloon_survival_da_complexity_hard,instance_00004,Violations Player 2,0.0
647,hot_air_balloon,Qwen3.6-35B-A3B-FP8-without-reasoning,air_balloon_survival_da_complexity_hard,instance_00004,Total Violations,0.0
648,hot_air_balloon,Qwen3.6-35B-A3B-FP8-without-reasoning,air_balloon_survival_da_complexity_hard,instance_00004,Normalized Utility Player 1,
649,hot_air_balloon,Qwen3.6-35B-A3B-FP8-without-reasoning,air_balloon_survival_da_complexity_hard,instance_00004,Normalized Utility Player 2,
650,hot_air_balloon,Qwen3.6-35B-A3B-FP8-without-reasoning,air_balloon_survival_da_complexity_hard,instance_00004,Harmonic Mean Score,
651,hot_air_balloon,Qwen3.6-35B-A3B-FP8-without-reasoning,air_balloon_survival_da_complexity_hard,instance_00004,Main Score,0.0
652,hot_air_balloon,Qwen3.6-35B-A3B-FP8-without-reasoning,air_balloon_survival_da_complexity_hard,instance_00001,Request Count,20.0
653,hot_air_balloon,Qwen3.6-35B-A3B-FP8-without-reasoning,air_balloon_survival_da_complexity_hard,instance_00001,Parsed Request Count,20.0
654,hot_air_balloon,Qwen3.6-35B-A3B-FP8-without-reasoning,air_balloon_survival_da_complexity_hard,instance_00001,Violated Request Count,0.0
655,hot_air_balloon,Qwen3.6-35B-A3B-FP8-without-reasoning,air_balloon_survival_da_complexity_hard,instance_00001,Request Success Ratio,1.0
656,hot_air_balloon,Qwen3.6-35B-A3B-FP8-without-reasoning,air_balloon_survival_da_complexity_hard,instance_00001,Aborted,0.0
657,hot_air_balloon,Qwen3.6-35B-A3B-FP8-without-reasoning,air_balloon_survival_da_complexity_hard,instance_00001,Lose,1.0
658,hot_air_balloon,Qwen3.6-35B-A3B-FP8-without-reasoning,air_balloon_survival_da_complexity_hard,instance_00001,Success,0.0
659,hot_air_balloon,Qwen3.6-35B-A3B-FP8-without-reasoning,air_balloon_survival_da_complexity_hard,instance_00001,Violations Player 1,0.0
660,hot_air_balloon,Qwen3.6-35B-A3B-FP8-without-reasoning,air_balloon_survival_da_complexity_hard,instance_00001,Violations Player 2,0.0
661,hot_air_balloon,Qwen3.6-35B-A3B-FP8-without-reasoning,air_balloon_survival_da_complexity_hard,instance_00001,Total Violations,0.0
662,hot_air_balloon,Qwen3.6-35B-A3B-FP8-without-reasoning,air_balloon_survival_da_complexity_hard,instance_00001,Normalized Utility Player 1,
663,hot_air_balloon,Qwen3.6-35B-A3B-FP8-without-reasoning,air_balloon_survival_da_complexity_hard,instance_00001,Normalized Utility Player 2,
664,hot_air_balloon,Qwen3.6-35B-A3B-FP8-without-reasoning,air_balloon_survival_da_complexity_hard,instance_00001,Harmonic Mean Score,
665,hot_air_balloon,Qwen3.6-35B-A3B-FP8-without-reasoning,air_balloon_survival_da_complexity_hard,instance_00001,Main Score,0.0
666,hot_air_balloon,Qwen3.6-35B-A3B-FP8-without-reasoning,air_balloon_survival_da_complexity_hard,instance_00000,Request Count,29.0
667,hot_air_balloon,Qwen3.6-35B-A3B-FP8-without-reasoning,air_balloon_survival_da_complexity_hard,instance_00000,Parsed Request Count,29.0
668,hot_air_balloon,Qwen3.6-35B-A3B-FP8-without-reasoning,air_balloon_survival_da_complexity_hard,instance_00000,Violated Request Count,0.0
669,hot_air_balloon,Qwen3.6-35B-A3B-FP8-without-reasoning,air_balloon_survival_da_complexity_hard,instance_00000,Request Success Ratio,1.0
670,hot_air_balloon,Qwen3.6-35B-A3B-FP8-without-reasoning,air_balloon_survival_da_complexity_hard,instance_00000,Aborted,0.0
671,hot_air_balloon,Qwen3.6-35B-A3B-FP8-without-reasoning,air_balloon_survival_da_complexity_hard,instance_00000,Lose,1.0
672,hot_air_balloon,Qwen3.6-35B-A3B-FP8-without-reasoning,air_balloon_survival_da_complexity_hard,instance_00000,Success,0.0
673,hot_air_balloon,Qwen3.6-35B-A3B-FP8-without-reasoning,air_balloon_survival_da_complexity_hard,instance_00000,Violations Player 1,0.0
674,hot_air_balloon,Qwen3.6-35B-A3B-FP8-without-reasoning,air_balloon_survival_da_complexity_hard,instance_00000,Violations Player 2,0.0
675,hot_air_balloon,Qwen3.6-35B-A3B-FP8-without-reasoning,air_balloon_survival_da_complexity_hard,instance_00000,Total Violations,0.0
676,hot_air_balloon,Qwen3.6-35B-A3B-FP8-without-reasoning,air_balloon_survival_da_complexity_hard,instance_00000,Normalized Utility Player 1,
677,hot_air_balloon,Qwen3.6-35B-A3B-FP8-without-reasoning,air_balloon_survival_da_complexity_hard,instance_00000,Normalized Utility Player 2,
678,hot_air_balloon,Qwen3.6-35B-A3B-FP8-without-reasoning,air_balloon_survival_da_complexity_hard,instance_00000,Harmonic Mean Score,
679,hot_air_balloon,Qwen3.6-35B-A3B-FP8-without-reasoning,air_balloon_survival_da_complexity_hard,instance_00000,Main Score,0.0
680,clean_up,Qwen3.6-35B-A3B-FP8-without-reasoning,2_hard_7obj_da,instance_00002,Request Count,34.0
681,clean_up,Qwen3.6-35B-A3B-FP8-without-reasoning,2_hard_7obj_da,instance_00002,Parsed Request Count,30.0
682,clean_up,Qwen3.6-35B-A3B-FP8-without-reasoning,2_hard_7obj_da,instance_00002,Violated Request Count,4.0
683,clean_up,Qwen3.6-35B-A3B-FP8-without-reasoning,2_hard_7obj_da,instance_00002,Request Success Ratio,0.8823529411764706
684,clean_up,Qwen3.6-35B-A3B-FP8-without-reasoning,2_hard_7obj_da,instance_00002,Aborted,1.0
685,clean_up,Qwen3.6-35B-A3B-FP8-without-reasoning,2_hard_7obj_da,instance_00002,Lose,1.0
686,clean_up,Qwen3.6-35B-A3B-FP8-without-reasoning,2_hard_7obj_da,instance_00002,Success,0.0
687,clean_up,Qwen3.6-35B-A3B-FP8-without-reasoning,2_hard_7obj_da,instance_00002,Distance Score,0.049424131644321134
688,clean_up,Qwen3.6-35B-A3B-FP8-without-reasoning,2_hard_7obj_da,instance_00002,Coverage Score,0.1875
689,clean_up,Qwen3.6-35B-A3B-FP8-without-reasoning,2_hard_7obj_da,instance_00002,Penalty Score,0.3571428571428572
690,clean_up,Qwen3.6-35B-A3B-FP8-without-reasoning,2_hard_7obj_da,instance_00002,Moves,"[['Player 2', 'A'], ['Player 1', 'A'], ['Player 2', 'D'], ['Player 1', 'D'], ['Player 2', 'M'], ['Player 1', 'D']]"
691,clean_up,Qwen3.6-35B-A3B-FP8-without-reasoning,2_hard_7obj_da,instance_00002,Init States,"{'state_1': [{'id': 'P', 'coord': [7, 3]}, {'id': 'O', 'coord': [5, 1]}, {'id': 'T', 'coord': [3, 3]}, {'id': 'S', 'coord': [4, 7]}, {'id': 'D', 'coord': [1, 6]}, {'id': 'A', 'coord': [1, 1]}, {'id': 'M', 'coord': [7, 7]}], 'state_2': [{'id': 'P', 'coord': [1, 6]}, {'id': 'O', 'coord': [5, 2]}, {'id': 'T', 'coord': [7, 2]}, {'id': 'S', 'coord': [2, 6]}, {'id': 'D', 'coord': [3, 3]}, {'id': 'A', 'coord': [1, 1]}, {'id': 'M', 'coord': [7, 1]}]}"
692,clean_up,Qwen3.6-35B-A3B-FP8-without-reasoning,2_hard_7obj_da,instance_00002,End States,"{'state_1': [{'id': 'P', 'coord': [7, 3]}, {'id': 'O', 'coord': [5, 1]}, {'id': 'T', 'coord': [3, 3]}, {'id': 'S', 'coord': [4, 7]}, {'id': 'D', 'coord': [1, 3]}, {'id': 'A', 'coord': [3, 1]}, {'id': 'M', 'coord': [7, 7]}], 'state_2': [{'id': 'P', 'coord': [1, 6]}, {'id': 'O', 'coord': [5, 2]}, {'id': 'T', 'coord': [7, 2]}, {'id': 'S', 'coord': [2, 6]}, {'id': 'D', 'coord': [3, 1]}, {'id': 'A', 'coord': [1, 3]}, {'id': 'M', 'coord': [1, 4]}]}"
693,clean_up,Qwen3.6-35B-A3B-FP8-without-reasoning,2_hard_7obj_da,instance_00002,Shifts,3
694,clean_up,Qwen3.6-35B-A3B-FP8-without-reasoning,2_hard_7obj_da,instance_00002,Max Shifts,12
695,clean_up,Qwen3.6-35B-A3B-FP8-without-reasoning,2_hard_7obj_da,instance_00002,Min Shifts,6
696,clean_up,Qwen3.6-35B-A3B-FP8-without-reasoning,2_hard_7obj_da,instance_00002,End Distance Sum,26.432435717608573
697,clean_up,Qwen3.6-35B-A3B-FP8-without-reasoning,2_hard_7obj_da,instance_00002,Init Distance Sum,23.67292881108081
698,clean_up,Qwen3.6-35B-A3B-FP8-without-reasoning,2_hard_7obj_da,instance_00002,Expected Distance Sum,29.331836849219748
699,clean_up,Qwen3.6-35B-A3B-FP8-without-reasoning,2_hard_7obj_da,instance_00002,Penalties,18
700,clean_up,Qwen3.6-35B-A3B-FP8-without-reasoning,2_hard_7obj_da,instance_00002,Max Penalties,16
701,clean_up,Qwen3.6-35B-A3B-FP8-without-reasoning,2_hard_7obj_da,instance_00002,Rounds,8
702,clean_up,Qwen3.6-35B-A3B-FP8-without-reasoning,2_hard_7obj_da,instance_00002,Max Rounds,28
703,clean_up,Qwen3.6-35B-A3B-FP8-without-reasoning,2_hard_7obj_da,instance_00002,Object Count,7
704,clean_up,Qwen3.6-35B-A3B-FP8-without-reasoning,2_hard_7obj_da,instance_00002,Valid Moves,6
705,clean_up,Qwen3.6-35B-A3B-FP8-without-reasoning,2_hard_7obj_da,instance_00002,Invalid Moves,14
706,clean_up,Qwen3.6-35B-A3B-FP8-without-reasoning,2_hard_7obj_da,instance_00002,Parse Errors,4
707,clean_up,Qwen3.6-35B-A3B-FP8-without-reasoning,2_hard_7obj_da,instance_00002,Main Score,
708,clean_up,Qwen3.6-35B-A3B-FP8-without-reasoning,2_hard_7obj_da,instance_00000,Request Count,68
709,clean_up,Qwen3.6-35B-A3B-FP8-without-reasoning,2_hard_7obj_da,instance_00000,Parsed Request Count,68
710,clean_up,Qwen3.6-35B-A3B-FP8-without-reasoning,2_hard_7obj_da,instance_00000,Violated Request Count,0
711,clean_up,Qwen3.6-35B-A3B-FP8-without-reasoning,2_hard_7obj_da,instance_00000,Request Success Ratio,1.0
712,clean_up,Qwen3.6-35B-A3B-FP8-without-reasoning,2_hard_7obj_da,instance_00000,Aborted,1
713,clean_up,Qwen3.6-35B-A3B-FP8-without-reasoning,2_hard_7obj_da,instance_00000,Lose,1
714,clean_up,Qwen3.6-35B-A3B-FP8-without-reasoning,2_hard_7obj_da,instance_00000,Success,0
715,clean_up,Qwen3.6-35B-A3B-FP8-without-reasoning,2_hard_7obj_da,instance_00000,Distance Score,0.8470652438508741
716,clean_up,Qwen3.6-35B-A3B-FP8-without-reasoning,2_hard_7obj_da,instance_00000,Coverage Score,0.65625
717,clean_up,Qwen3.6-35B-A3B-FP8-without-reasoning,2_hard_7obj_da,instance_00000,Penalty Score,0.3571428571428572
718,clean_up,Qwen3.6-35B-A3B-FP8-without-reasoning,2_hard_7obj_da,instance_00000,Moves,"[['Player 2', 'P'], ['Player 1', 'P'], ['Player 2', 'P'], ['Player 1', 'S'], ['Player 1', 'S'], ['Player 2', 'S'], ['Player 1', 'A'], ['Player 2', 'A'], ['Player 1', 'T'], ['Player 2', 'T'], ['Player 1', 'D'], ['Player 2', 'D'], ['Player 1', 'O']]"
719,clean_up,Qwen3.6-35B-A3B-FP8-without-reasoning,2_hard_7obj_da,instance_00000,Init States,"{'state_1': [{'id': 'P', 'coord': [3, 7]}, {'id': 'O', 'coord': [7, 5]}, {'id': 'T', 'coord': [2, 1]}, {'id': 'S', 'coord': [1, 3]}, {'id': 'D', 'coord': [4, 1]}, {'id': 'A', 'coord': [2, 3]}, {'id': 'M', 'coord': [5, 7]}], 'state_2': [{'id': 'P', 'coord': [1, 7]}, {'id': 'O', 'coord': [3, 3]}, {'id': 'T', 'coord': [5, 5]}, {'id': 'S', 'coord': [2, 1]}, {'id': 'D', 'coord': [7, 5]}, {'id': 'A', 'coord': [1, 3]}, {'id': 'M', 'coord': [5, 7]}]}"
720,clean_up,Qwen3.6-35B-A3B-FP8-without-reasoning,2_hard_7obj_da,instance_00000,End States,"{'state_1': [{'id': 'P', 'coord': [1, 7]}, {'id': 'O', 'coord': [6, 1]}, {'id': 'T', 'coord': [5, 1]}, {'id': 'S', 'coord': [4, 3]}, {'id': 'D', 'coord': [2, 1]}, {'id': 'A', 'coord': [4, 2]}, {'id': 'M', 'coord': [5, 7]}], 'state_2': [{'id': 'P', 'coord': [1, 7]}, {'id': 'O', 'coord': [3, 3]}, {'id': 'T', 'coord': [5, 1]}, {'id': 'S', 'coord': [4, 3]}, {'id': 'D', 'coord': [2, 1]}, {'id': 'A', 'coord': [4, 2]}, {'id': 'M', 'coord': [5, 7]}]}"
721,clean_up,Qwen3.6-35B-A3B-FP8-without-reasoning,2_hard_7obj_da,instance_00000,Shifts,5
722,clean_up,Qwen3.6-35B-A3B-FP8-without-reasoning,2_hard_7obj_da,instance_00000,Max Shifts,12
723,clean_up,Qwen3.6-35B-A3B-FP8-without-reasoning,2_hard_7obj_da,instance_00000,Min Shifts,6
724,clean_up,Qwen3.6-35B-A3B-FP8-without-reasoning,2_hard_7obj_da,instance_00000,End Distance Sum,3.605551275463989
725,clean_up,Qwen3.6-35B-A3B-FP8-without-reasoning,2_hard_7obj_da,instance_00000,Init Distance Sum,19.70820393249937
726,clean_up,Qwen3.6-35B-A3B-FP8-without-reasoning,2_hard_7obj_da,instance_00000,Expected Distance Sum,29.331836849219748
727,clean_up,Qwen3.6-35B-A3B-FP8-without-reasoning,2_hard_7obj_da,instance_00000,Penalties,18
728,clean_up,Qwen3.6-35B-A3B-FP8-without-reasoning,2_hard_7obj_da,instance_00000,Max Penalties,16
729,clean_up,Qwen3.6-35B-A3B-FP8-without-reasoning,2_hard_7obj_da,instance_00000,Rounds,25
730,clean_up,Qwen3.6-35B-A3B-FP8-without-reasoning,2_hard_7obj_da,instance_00000,Max Rounds,28
731,clean_up,Qwen3.6-35B-A3B-FP8-without-reasoning,2_hard_7obj_da,instance_00000,Object Count,7
732,clean_up,Qwen3.6-35B-A3B-FP8-without-reasoning,2_hard_7obj_da,instance_00000,Valid Moves,13
733,clean_up,Qwen3.6-35B-A3B-FP8-without-reasoning,2_hard_7obj_da,instance_00000,Invalid Moves,18
734,clean_up,Qwen3.6-35B-A3B-FP8-without-reasoning,2_hard_7obj_da,instance_00000,Parse Errors,0
735,clean_up,Qwen3.6-35B-A3B-FP8-without-reasoning,2_hard_7obj_da,instance_00000,Main Score,
736,clean_up,Qwen3.6-35B-A3B-FP8-without-reasoning,2_hard_5obj_da,instance_00002,Request Count,21
737,clean_up,Qwen3.6-35B-A3B-FP8-without-reasoning,2_hard_5obj_da,instance_00002,Parsed Request Count,20
738,clean_up,Qwen3.6-35B-A3B-FP8-without-reasoning,2_hard_5obj_da,instance_00002,Violated Request Count,1
739,clean_up,Qwen3.6-35B-A3B-FP8-without-reasoning,2_hard_5obj_da,instance_00002,Request Success Ratio,0.9523809523809523
740,clean_up,Qwen3.6-35B-A3B-FP8-without-reasoning,2_hard_5obj_da,instance_00002,Aborted,1
741,clean_up,Qwen3.6-35B-A3B-FP8-without-reasoning,2_hard_5obj_da,instance_00002,Lose,1
742,clean_up,Qwen3.6-35B-A3B-FP8-without-reasoning,2_hard_5obj_da,instance_00002,Success,0
743,clean_up,Qwen3.6-35B-A3B-FP8-without-reasoning,2_hard_5obj_da,instance_00002,Distance Score,0.3015830545520513
744,clean_up,Qwen3.6-35B-A3B-FP8-without-reasoning,2_hard_5obj_da,instance_00002,Coverage Score,0.25
745,clean_up,Qwen3.6-35B-A3B-FP8-without-reasoning,2_hard_5obj_da,instance_00002,Penalty Score,0.40909090909090917
746,clean_up,Qwen3.6-35B-A3B-FP8-without-reasoning,2_hard_5obj_da,instance_00002,Moves,"[['Player 2', 'T'], ['Player 1', 'T'], ['Player 1', 'I'], ['Player 2', 'I']]"
747,clean_up,Qwen3.6-35B-A3B-FP8-without-reasoning,2_hard_5obj_da,instance_00002,Init States,"{'state_1': [{'id': 'W', 'coord': [1, 3]}, {'id': 'I', 'coord': [5, 2]}, {'id': 'T', 'coord': [1, 1]}, {'id': 'C', 'coord': [2, 6]}, {'id': 'H', 'coord': [7, 3]}], 'state_2': [{'id': 'W', 'coord': [3, 3]}, {'id': 'I', 'coord': [5, 5]}, {'id': 'T', 'coord': [3, 7]}, {'id': 'C', 'coord': [3, 4]}, {'id': 'H', 'coord': [2, 6]}]}"
748,clean_up,Qwen3.6-35B-A3B-FP8-without-reasoning,2_hard_5obj_da,instance_00002,End States,"{'state_1': [{'id': 'W', 'coord': [1, 3]}, {'id': 'I', 'coord': [3, 3]}, {'id': 'T', 'coord': [3, 1]}, {'id': 'C', 'coord': [2, 6]}, {'id': 'H', 'coord': [7, 3]}], 'state_2': [{'id': 'W', 'coord': [3, 3]}, {'id': 'I', 'coord': [1, 3]}, {'id': 'T', 'coord': [1, 1]}, {'id': 'C', 'coord': [3, 4]}, {'id': 'H', 'coord': [2, 6]}]}"
749,clean_up,Qwen3.6-35B-A3B-FP8-without-reasoning,2_hard_5obj_da,instance_00002,Shifts,1
750,clean_up,Qwen3.6-35B-A3B-FP8-without-reasoning,2_hard_5obj_da,instance_00002,Max Shifts,8
751,clean_up,Qwen3.6-35B-A3B-FP8-without-reasoning,2_hard_5obj_da,instance_00002,Min Shifts,4
752,clean_up,Qwen3.6-35B-A3B-FP8-without-reasoning,2_hard_5obj_da,instance_00002,End Distance Sum,14.06701987234509
753,clean_up,Qwen3.6-35B-A3B-FP8-without-reasoning,2_hard_5obj_da,instance_00002,Init Distance Sum,19.39157519268185
754,clean_up,Qwen3.6-35B-A3B-FP8-without-reasoning,2_hard_5obj_da,instance_00002,Expected Distance Sum,20.95131203515696
755,clean_up,Qwen3.6-35B-A3B-FP8-without-reasoning,2_hard_5obj_da,instance_00002,Penalties,13
756,clean_up,Qwen3.6-35B-A3B-FP8-without-reasoning,2_hard_5obj_da,instance_00002,Max Penalties,12
757,clean_up,Qwen3.6-35B-A3B-FP8-without-reasoning,2_hard_5obj_da,instance_00002,Rounds,4
758,clean_up,Qwen3.6-35B-A3B-FP8-without-reasoning,2_hard_5obj_da,instance_00002,Max Rounds,20
759,clean_up,Qwen3.6-35B-A3B-FP8-without-reasoning,2_hard_5obj_da,instance_00002,Object Count,5
760,clean_up,Qwen3.6-35B-A3B-FP8-without-reasoning,2_hard_5obj_da,instance_00002,Valid Moves,4
761,clean_up,Qwen3.6-35B-A3B-FP8-without-reasoning,2_hard_5obj_da,instance_00002,Invalid Moves,12
762,clean_up,Qwen3.6-35B-A3B-FP8-without-reasoning,2_hard_5obj_da,instance_00002,Parse Errors,1
763,clean_up,Qwen3.6-35B-A3B-FP8-without-reasoning,2_hard_5obj_da,instance_00002,Main Score,
764,clean_up,Qwen3.6-35B-A3B-FP8-without-reasoning,2_hard_5obj_da,instance_00001,Request Count,23
765,clean_up,Qwen3.6-35B-A3B-FP8-without-reasoning,2_hard_5obj_da,instance_00001,Parsed Request Count,21
766,clean_up,Qwen3.6-35B-A3B-FP8-without-reasoning,2_hard_5obj_da,instance_00001,Violated Request Count,2
767,clean_up,Qwen3.6-35B-A3B-FP8-without-reasoning,2_hard_5obj_da,instance_00001,Request Success Ratio,0.9130434782608695
768,clean_up,Qwen3.6-35B-A3B-FP8-without-reasoning,2_hard_5obj_da,instance_00001,Aborted,1
769,clean_up,Qwen3.6-35B-A3B-FP8-without-reasoning,2_hard_5obj_da,instance_00001,Lose,1
770,clean_up,Qwen3.6-35B-A3B-FP8-without-reasoning,2_hard_5obj_da,instance_00001,Success,0
771,clean_up,Qwen3.6-35B-A3B-FP8-without-reasoning,2_hard_5obj_da,instance_00001,Distance Score,0.1865917492768842
772,clean_up,Qwen3.6-35B-A3B-FP8-without-reasoning,2_hard_5obj_da,instance_00001,Coverage Score,0.25
773,clean_up,Qwen3.6-35B-A3B-FP8-without-reasoning,2_hard_5obj_da,instance_00001,Penalty Score,0.16666666666666674
774,clean_up,Qwen3.6-35B-A3B-FP8-without-reasoning,2_hard_5obj_da,instance_00001,Moves,"[['Player 2', 'I'], ['Player 1', 'C'], ['Player 1', 'H'], ['Player 2', 'C']]"
775,clean_up,Qwen3.6-35B-A3B-FP8-without-reasoning,2_hard_5obj_da,instance_00001,Init States,"{'state_1': [{'id': 'W', 'coord': [5, 1]}, {'id': 'I', 'coord': [7, 7]}, {'id': 'T', 'coord': [1, 6]}, {'id': 'C', 'coord': [1, 1]}, {'id': 'H', 'coord': [2, 1]}], 'state_2': [{'id': 'W', 'coord': [2, 1]}, {'id': 'I', 'coord': [5, 1]}, {'id': 'T', 'coord': [3, 6]}, {'id': 'C', 'coord': [3, 3]}, {'id': 'H', 'coord': [7, 3]}]}"
776,clean_up,Qwen3.6-35B-A3B-FP8-without-reasoning,2_hard_5obj_da,instance_00001,End States,"{'state_1': [{'id': 'W', 'coord': [5, 1]}, {'id': 'I', 'coord': [7, 7]}, {'id': 'T', 'coord': [1, 6]}, {'id': 'C', 'coord': [3, 3]}, {'id': 'H', 'coord': [5, 4]}], 'state_2': [{'id': 'W', 'coord': [2, 1]}, {'id': 'I', 'coord': [3, 1]}, {'id': 'T', 'coord': [3, 6]}, {'id': 'C', 'coord': [1, 3]}, {'id': 'H', 'coord': [7, 3]}]}"
777,clean_up,Qwen3.6-35B-A3B-FP8-without-reasoning,2_hard_5obj_da,instance_00001,Shifts,3
778,clean_up,Qwen3.6-35B-A3B-FP8-without-reasoning,2_hard_5obj_da,instance_00001,Max Shifts,8
779,clean_up,Qwen3.6-35B-A3B-FP8-without-reasoning,2_hard_5obj_da,instance_00001,Min Shifts,4
780,clean_up,Qwen3.6-35B-A3B-FP8-without-reasoning,2_hard_5obj_da,instance_00001,End Distance Sum,16.44717052842777
781,clean_up,Qwen3.6-35B-A3B-FP8-without-reasoning,2_hard_5obj_da,instance_00001,Init Distance Sum,19.538147252217453
782,clean_up,Qwen3.6-35B-A3B-FP8-without-reasoning,2_hard_5obj_da,instance_00001,Expected Distance Sum,20.95131203515696
783,clean_up,Qwen3.6-35B-A3B-FP8-without-reasoning,2_hard_5obj_da,instance_00001,Penalties,15
784,clean_up,Qwen3.6-35B-A3B-FP8-without-reasoning,2_hard_5obj_da,instance_00001,Max Penalties,12
785,clean_up,Qwen3.6-35B-A3B-FP8-without-reasoning,2_hard_5obj_da,instance_00001,Rounds,4
786,clean_up,Qwen3.6-35B-A3B-FP8-without-reasoning,2_hard_5obj_da,instance_00001,Max Rounds,20
787,clean_up,Qwen3.6-35B-A3B-FP8-without-reasoning,2_hard_5obj_da,instance_00001,Object Count,5
788,clean_up,Qwen3.6-35B-A3B-FP8-without-reasoning,2_hard_5obj_da,instance_00001,Valid Moves,4
789,clean_up,Qwen3.6-35B-A3B-FP8-without-reasoning,2_hard_5obj_da,instance_00001,Invalid Moves,13
790,clean_up,Qwen3.6-35B-A3B-FP8-without-reasoning,2_hard_5obj_da,instance_00001,Parse Errors,2
791,clean_up,Qwen3.6-35B-A3B-FP8-without-reasoning,2_hard_5obj_da,instance_00001,Main Score,
792,clean_up,Qwen3.6-35B-A3B-FP8-without-reasoning,2_hard_5obj_da,instance_00000,Request Count,34
793,clean_up,Qwen3.6-35B-A3B-FP8-without-reasoning,2_hard_5obj_da,instance_00000,Parsed Request Count,34
794,clean_up,Qwen3.6-35B-A3B-FP8-without-reasoning,2_hard_5obj_da,instance_00000,Violated Request Count,0
795,clean_up,Qwen3.6-35B-A3B-FP8-without-reasoning,2_hard_5obj_da,instance_00000,Request Success Ratio,1.0
796,clean_up,Qwen3.6-35B-A3B-FP8-without-reasoning,2_hard_5obj_da,instance_00000,Aborted,0
797,clean_up,Qwen3.6-35B-A3B-FP8-without-reasoning,2_hard_5obj_da,instance_00000,Lose,0
798,clean_up,Qwen3.6-35B-A3B-FP8-without-reasoning,2_hard_5obj_da,instance_00000,Success,1
799,clean_up,Qwen3.6-35B-A3B-FP8-without-reasoning,2_hard_5obj_da,instance_00000,Distance Score,0.6798024966465156
800,clean_up,Qwen3.6-35B-A3B-FP8-without-reasoning,2_hard_5obj_da,instance_00000,Consistency Score,1.0
801,clean_up,Qwen3.6-35B-A3B-FP8-without-reasoning,2_hard_5obj_da,instance_00000,Coverage Score,1.0
802,clean_up,Qwen3.6-35B-A3B-FP8-without-reasoning,2_hard_5obj_da,instance_00000,Penalty Score,0.5
803,clean_up,Qwen3.6-35B-A3B-FP8-without-reasoning,2_hard_5obj_da,instance_00000,Moves,"[['Player 1', 'W'], ['Player 2', 'W'], ['Player 1', 'I'], ['Player 2', 'I'], ['Player 1', 'H'], ['Player 2', 'H'], ['Player 1', 'C'], ['Player 2', 'C'], ['Player 1', 'T'], ['Player 2', 'T']]"
804,clean_up,Qwen3.6-35B-A3B-FP8-without-reasoning,2_hard_5obj_da,instance_00000,Init States,"{'state_1': [{'id': 'W', 'coord': [7, 1]}, {'id': 'I', 'coord': [6, 1]}, {'id': 'T', 'coord': [7, 5]}, {'id': 'C', 'coord': [3, 4]}, {'id': 'H', 'coord': [5, 3]}], 'state_2': [{'id': 'W', 'coord': [4, 3]}, {'id': 'I', 'coord': [3, 7]}, {'id': 'T', 'coord': [5, 2]}, {'id': 'C', 'coord': [5, 7]}, {'id': 'H', 'coord': [3, 3]}]}"
805,clean_up,Qwen3.6-35B-A3B-FP8-without-reasoning,2_hard_5obj_da,instance_00000,End States,"{'state_1': [{'id': 'W', 'coord': [1, 1]}, {'id': 'I', 'coord': [2, 1]}, {'id': 'T', 'coord': [7, 6]}, {'id': 'C', 'coord': [1, 5]}, {'id': 'H', 'coord': [7, 3]}], 'state_2': [{'id': 'W', 'coord': [1, 1]}, {'id': 'I', 'coord': [2, 1]}, {'id': 'T', 'coord': [5, 5]}, {'id': 'C', 'coord': [3, 4]}, {'id': 'H', 'coord': [5, 3]}]}"
806,clean_up,Qwen3.6-35B-A3B-FP8-without-reasoning,2_hard_5obj_da,instance_00000,Shifts,4
807,clean_up,Qwen3.6-35B-A3B-FP8-without-reasoning,2_hard_5obj_da,instance_00000,Max Shifts,8
808,clean_up,Qwen3.6-35B-A3B-FP8-without-reasoning,2_hard_5obj_da,instance_00000,Min Shifts,4
809,clean_up,Qwen3.6-35B-A3B-FP8-without-reasoning,2_hard_5obj_da,instance_00000,End Distance Sum,6.47213595499958
810,clean_up,Qwen3.6-35B-A3B-FP8-without-reasoning,2_hard_5obj_da,instance_00000,Init Distance Sum,19.524857758891336
811,clean_up,Qwen3.6-35B-A3B-FP8-without-reasoning,2_hard_5obj_da,instance_00000,Expected Distance Sum,20.95131203515696
812,clean_up,Qwen3.6-35B-A3B-FP8-without-reasoning,2_hard_5obj_da,instance_00000,Penalties,12
813,clean_up,Qwen3.6-35B-A3B-FP8-without-reasoning,2_hard_5obj_da,instance_00000,Max Penalties,12
814,clean_up,Qwen3.6-35B-A3B-FP8-without-reasoning,2_hard_5obj_da,instance_00000,Rounds,11
815,clean_up,Qwen3.6-35B-A3B-FP8-without-reasoning,2_hard_5obj_da,instance_00000,Max Rounds,20
816,clean_up,Qwen3.6-35B-A3B-FP8-without-reasoning,2_hard_5obj_da,instance_00000,Object Count,5
817,clean_up,Qwen3.6-35B-A3B-FP8-without-reasoning,2_hard_5obj_da,instance_00000,Valid Moves,10
818,clean_up,Qwen3.6-35B-A3B-FP8-without-reasoning,2_hard_5obj_da,instance_00000,Invalid Moves,12
819,clean_up,Qwen3.6-35B-A3B-FP8-without-reasoning,2_hard_5obj_da,instance_00000,Parse Errors,0
820,clean_up,Qwen3.6-35B-A3B-FP8-without-reasoning,2_hard_5obj_da,instance_00000,Main Score,33.99012483232578
821,clean_up,Qwen3.6-35B-A3B-FP8-without-reasoning,2_hard_3obj_da,instance_00002,Request Count,23
822,clean_up,Qwen3.6-35B-A3B-FP8-without-reasoning,2_hard_3obj_da,instance_00002,Parsed Request Count,21
823,clean_up,Qwen3.6-35B-A3B-FP8-without-reasoning,2_hard_3obj_da,instance_00002,Violated Request Count,2
824,clean_up,Qwen3.6-35B-A3B-FP8-without-reasoning,2_hard_3obj_da,instance_00002,Request Success Ratio,0.9130434782608695
825,clean_up,Qwen3.6-35B-A3B-FP8-without-reasoning,2_hard_3obj_da,instance_00002,Aborted,1
826,clean_up,Qwen3.6-35B-A3B-FP8-without-reasoning,2_hard_3obj_da,instance_00002,Lose,1
827,clean_up,Qwen3.6-35B-A3B-FP8-without-reasoning,2_hard_3obj_da,instance_00002,Success,0
828,clean_up,Qwen3.6-35B-A3B-FP8-without-reasoning,2_hard_3obj_da,instance_00002,Distance Score,0.6985499876505664
829,clean_up,Qwen3.6-35B-A3B-FP8-without-reasoning,2_hard_3obj_da,instance_00002,Consistency Score,1.0
830,clean_up,Qwen3.6-35B-A3B-FP8-without-reasoning,2_hard_3obj_da,instance_00002,Coverage Score,0.75
831,clean_up,Qwen3.6-35B-A3B-FP8-without-reasoning,2_hard_3obj_da,instance_00002,Penalty Score,0.3571428571428572
832,clean_up,Qwen3.6-35B-A3B-FP8-without-reasoning,2_hard_3obj_da,instance_00002,Moves,"[['Player 1', 'C'], ['Player 2', 'C'], ['Player 1', 'C'], ['Player 2', 'P'], ['Player 1', 'P'], ['Player 2', 'L']]"
833,clean_up,Qwen3.6-35B-A3B-FP8-without-reasoning,2_hard_3obj_da,instance_00002,Init States,"{'state_1': [{'id': 'C', 'coord': [3, 6]}, {'id': 'L', 'coord': [1, 4]}, {'id': 'P', 'coord': [5, 7]}], 'state_2': [{'id': 'C', 'coord': [5, 5]}, {'id': 'L', 'coord': [1, 1]}, {'id': 'P', 'coord': [2, 7]}]}"
834,clean_up,Qwen3.6-35B-A3B-FP8-without-reasoning,2_hard_3obj_da,instance_00002,End States,"{'state_1': [{'id': 'C', 'coord': [3, 6]}, {'id': 'L', 'coord': [1, 4]}, {'id': 'P', 'coord': [5, 5]}], 'state_2': [{'id': 'C', 'coord': [3, 6]}, {'id': 'L', 'coord': [1, 3]}, {'id': 'P', 'coord': [5, 7]}]}"
835,clean_up,Qwen3.6-35B-A3B-FP8-without-reasoning,2_hard_3obj_da,instance_00002,Shifts,2
836,clean_up,Qwen3.6-35B-A3B-FP8-without-reasoning,2_hard_3obj_da,instance_00002,Max Shifts,4
837,clean_up,Qwen3.6-35B-A3B-FP8-without-reasoning,2_hard_3obj_da,instance_00002,Min Shifts,2
838,clean_up,Qwen3.6-35B-A3B-FP8-without-reasoning,2_hard_3obj_da,instance_00002,End Distance Sum,3.0
839,clean_up,Qwen3.6-35B-A3B-FP8-without-reasoning,2_hard_3obj_da,instance_00002,Init Distance Sum,8.23606797749979
840,clean_up,Qwen3.6-35B-A3B-FP8-without-reasoning,2_hard_3obj_da,instance_00002,Expected Distance Sum,12.570787221094177
841,clean_up,Qwen3.6-35B-A3B-FP8-without-reasoning,2_hard_3obj_da,instance_00002,Penalties,9
842,clean_up,Qwen3.6-35B-A3B-FP8-without-reasoning,2_hard_3obj_da,instance_00002,Max Penalties,8
843,clean_up,Qwen3.6-35B-A3B-FP8-without-reasoning,2_hard_3obj_da,instance_00002,Rounds,7
844,clean_up,Qwen3.6-35B-A3B-FP8-without-reasoning,2_hard_3obj_da,instance_00002,Max Rounds,12
845,clean_up,Qwen3.6-35B-A3B-FP8-without-reasoning,2_hard_3obj_da,instance_00002,Object Count,3
846,clean_up,Qwen3.6-35B-A3B-FP8-without-reasoning,2_hard_3obj_da,instance_00002,Valid Moves,6
847,clean_up,Qwen3.6-35B-A3B-FP8-without-reasoning,2_hard_3obj_da,instance_00002,Invalid Moves,7
848,clean_up,Qwen3.6-35B-A3B-FP8-without-reasoning,2_hard_3obj_da,instance_00002,Parse Errors,2
849,clean_up,Qwen3.6-35B-A3B-FP8-without-reasoning,2_hard_3obj_da,instance_00002,Main Score,
850,clean_up,Qwen3.6-35B-A3B-FP8-without-reasoning,2_hard_3obj_da,instance_00001,Request Count,15
851,clean_up,Qwen3.6-35B-A3B-FP8-without-reasoning,2_hard_3obj_da,instance_00001,Parsed Request Count,13
852,clean_up,Qwen3.6-35B-A3B-FP8-without-reasoning,2_hard_3obj_da,instance_00001,Violated Request Count,2
853,clean_up,Qwen3.6-35B-A3B-FP8-without-reasoning,2_hard_3obj_da,instance_00001,Request Success Ratio,0.8666666666666667
854,clean_up,Qwen3.6-35B-A3B-FP8-without-reasoning,2_hard_3obj_da,instance_00001,Aborted,0
855,clean_up,Qwen3.6-35B-A3B-FP8-without-reasoning,2_hard_3obj_da,instance_00001,Lose,0
856,clean_up,Qwen3.6-35B-A3B-FP8-without-reasoning,2_hard_3obj_da,instance_00001,Success,1
857,clean_up,Qwen3.6-35B-A3B-FP8-without-reasoning,2_hard_3obj_da,instance_00001,Distance Score,0.22491690849425572
858,clean_up,Qwen3.6-35B-A3B-FP8-without-reasoning,2_hard_3obj_da,instance_00001,Coverage Score,0.25
859,clean_up,Qwen3.6-35B-A3B-FP8-without-reasoning,2_hard_3obj_da,instance_00001,Penalty Score,0.8846153846153846
860,clean_up,Qwen3.6-35B-A3B-FP8-without-reasoning,2_hard_3obj_da,instance_00001,Moves,"[['Player 2', 'C'], ['Player 1', 'C'], ['Player 1', 'C']]"
861,clean_up,Qwen3.6-35B-A3B-FP8-without-reasoning,2_hard_3obj_da,instance_00001,Init States,"{'state_1': [{'id': 'C', 'coord': [5, 3]}, {'id': 'L', 'coord': [7, 5]}, {'id': 'P', 'coord': [1, 7]}], 'state_2': [{'id': 'C', 'coord': [2, 7]}, {'id': 'L', 'coord': [3, 3]}, {'id': 'P', 'coord': [6, 3]}]}"
862,clean_up,Qwen3.6-35B-A3B-FP8-without-reasoning,2_hard_3obj_da,instance_00001,End States,"{'state_1': [{'id': 'C', 'coord': [1, 1]}, {'id': 'L', 'coord': [7, 5]}, {'id': 'P', 'coord': [1, 7]}], 'state_2': [{'id': 'C', 'coord': [1, 1]}, {'id': 'L', 'coord': [3, 3]}, {'id': 'P', 'coord': [6, 3]}]}"
863,clean_up,Qwen3.6-35B-A3B-FP8-without-reasoning,2_hard_3obj_da,instance_00001,Shifts,0
864,clean_up,Qwen3.6-35B-A3B-FP8-without-reasoning,2_hard_3obj_da,instance_00001,Max Shifts,4
865,clean_up,Qwen3.6-35B-A3B-FP8-without-reasoning,2_hard_3obj_da,instance_00001,Min Shifts,2
866,clean_up,Qwen3.6-35B-A3B-FP8-without-reasoning,2_hard_3obj_da,instance_00001,End Distance Sum,10.875260192432428
867,clean_up,Qwen3.6-35B-A3B-FP8-without-reasoning,2_hard_3obj_da,instance_00001,Init Distance Sum,15.875260192432428
868,clean_up,Qwen3.6-35B-A3B-FP8-without-reasoning,2_hard_3obj_da,instance_00001,Expected Distance Sum,12.570787221094177
869,clean_up,Qwen3.6-35B-A3B-FP8-without-reasoning,2_hard_3obj_da,instance_00001,Penalties,3
870,clean_up,Qwen3.6-35B-A3B-FP8-without-reasoning,2_hard_3obj_da,instance_00001,Max Penalties,8
871,clean_up,Qwen3.6-35B-A3B-FP8-without-reasoning,2_hard_3obj_da,instance_00001,Rounds,6
872,clean_up,Qwen3.6-35B-A3B-FP8-without-reasoning,2_hard_3obj_da,instance_00001,Max Rounds,12
873,clean_up,Qwen3.6-35B-A3B-FP8-without-reasoning,2_hard_3obj_da,instance_00001,Object Count,3
874,clean_up,Qwen3.6-35B-A3B-FP8-without-reasoning,2_hard_3obj_da,instance_00001,Valid Moves,3
875,clean_up,Qwen3.6-35B-A3B-FP8-without-reasoning,2_hard_3obj_da,instance_00001,Invalid Moves,1
876,clean_up,Qwen3.6-35B-A3B-FP8-without-reasoning,2_hard_3obj_da,instance_00001,Parse Errors,2
877,clean_up,Qwen3.6-35B-A3B-FP8-without-reasoning,2_hard_3obj_da,instance_00001,Main Score,19.89649575141493
878,clean_up,Qwen3.6-35B-A3B-FP8-without-reasoning,2_hard_3obj_da,instance_00000,Request Count,23
879,clean_up,Qwen3.6-35B-A3B-FP8-without-reasoning,2_hard_3obj_da,instance_00000,Parsed Request Count,21
880,clean_up,Qwen3.6-35B-A3B-FP8-without-reasoning,2_hard_3obj_da,instance_00000,Violated Request Count,2
881,clean_up,Qwen3.6-35B-A3B-FP8-without-reasoning,2_hard_3obj_da,instance_00000,Request Success Ratio,0.9130434782608695
882,clean_up,Qwen3.6-35B-A3B-FP8-without-reasoning,2_hard_3obj_da,instance_00000,Aborted,0
883,clean_up,Qwen3.6-35B-A3B-FP8-without-reasoning,2_hard_3obj_da,instance_00000,Lose,0
884,clean_up,Qwen3.6-35B-A3B-FP8-without-reasoning,2_hard_3obj_da,instance_00000,Success,1
885,clean_up,Qwen3.6-35B-A3B-FP8-without-reasoning,2_hard_3obj_da,instance_00000,Distance Score,1.0
886,clean_up,Qwen3.6-35B-A3B-FP8-without-reasoning,2_hard_3obj_da,instance_00000,Consistency Score,1.0
887,clean_up,Qwen3.6-35B-A3B-FP8-without-reasoning,2_hard_3obj_da,instance_00000,Coverage Score,1.0
888,clean_up,Qwen3.6-35B-A3B-FP8-without-reasoning,2_hard_3obj_da,instance_00000,Penalty Score,0.7727272727272727
889,clean_up,Qwen3.6-35B-A3B-FP8-without-reasoning,2_hard_3obj_da,instance_00000,Moves,"[['Player 1', 'C'], ['Player 2', 'C'], ['Player 1', 'L'], ['Player 2', 'L'], ['Player 1', 'P'], ['Player 2', 'P']]"
890,clean_up,Qwen3.6-35B-A3B-FP8-without-reasoning,2_hard_3obj_da,instance_00000,Init States,"{'state_1': [{'id': 'C', 'coord': [2, 3]}, {'id': 'L', 'coord': [5, 2]}, {'id': 'P', 'coord': [5, 1]}], 'state_2': [{'id': 'C', 'coord': [4, 1]}, {'id': 'L', 'coord': [4, 3]}, {'id': 'P', 'coord': [2, 3]}]}"
891,clean_up,Qwen3.6-35B-A3B-FP8-without-reasoning,2_hard_3obj_da,instance_00000,End States,"{'state_1': [{'id': 'C', 'coord': [1, 1]}, {'id': 'L', 'coord': [4, 1]}, {'id': 'P', 'coord': [6, 1]}], 'state_2': [{'id': 'C', 'coord': [1, 1]}, {'id': 'L', 'coord': [4, 1]}, {'id': 'P', 'coord': [6, 1]}]}"
892,clean_up,Qwen3.6-35B-A3B-FP8-without-reasoning,2_hard_3obj_da,instance_00000,Shifts,2
893,clean_up,Qwen3.6-35B-A3B-FP8-without-reasoning,2_hard_3obj_da,instance_00000,Max Shifts,4
894,clean_up,Qwen3.6-35B-A3B-FP8-without-reasoning,2_hard_3obj_da,instance_00000,Min Shifts,2
895,clean_up,Qwen3.6-35B-A3B-FP8-without-reasoning,2_hard_3obj_da,instance_00000,End Distance Sum,0.0
896,clean_up,Qwen3.6-35B-A3B-FP8-without-reasoning,2_hard_3obj_da,instance_00000,Init Distance Sum,7.848191962583275
897,clean_up,Qwen3.6-35B-A3B-FP8-without-reasoning,2_hard_3obj_da,instance_00000,Expected Distance Sum,12.570787221094177
898,clean_up,Qwen3.6-35B-A3B-FP8-without-reasoning,2_hard_3obj_da,instance_00000,Penalties,5
899,clean_up,Qwen3.6-35B-A3B-FP8-without-reasoning,2_hard_3obj_da,instance_00000,Max Penalties,8
900,clean_up,Qwen3.6-35B-A3B-FP8-without-reasoning,2_hard_3obj_da,instance_00000,Rounds,9
901,clean_up,Qwen3.6-35B-A3B-FP8-without-reasoning,2_hard_3obj_da,instance_00000,Max Rounds,12
902,clean_up,Qwen3.6-35B-A3B-FP8-without-reasoning,2_hard_3obj_da,instance_00000,Object Count,3
903,clean_up,Qwen3.6-35B-A3B-FP8-without-reasoning,2_hard_3obj_da,instance_00000,Valid Moves,6
904,clean_up,Qwen3.6-35B-A3B-FP8-without-reasoning,2_hard_3obj_da,instance_00000,Invalid Moves,3
905,clean_up,Qwen3.6-35B-A3B-FP8-without-reasoning,2_hard_3obj_da,instance_00000,Parse Errors,2
906,clean_up,Qwen3.6-35B-A3B-FP8-without-reasoning,2_hard_3obj_da,instance_00000,Main Score,77.27272727272727
907,clean_up,Qwen3.6-35B-A3B-FP8-without-reasoning,1_medium_5obj_da,instance_00002,Request Count,27
908,clean_up,Qwen3.6-35B-A3B-FP8-without-reasoning,1_medium_5obj_da,instance_00002,Parsed Request Count,25
909,clean_up,Qwen3.6-35B-A3B-FP8-without-reasoning,1_medium_5obj_da,instance_00002,Violated Request Count,2
910,clean_up,Qwen3.6-35B-A3B-FP8-without-reasoning,1_medium_5obj_da,instance_00002,Request Success Ratio,0.9259259259259259
911,clean_up,Qwen3.6-35B-A3B-FP8-without-reasoning,1_medium_5obj_da,instance_00002,Aborted,1
912,clean_up,Qwen3.6-35B-A3B-FP8-without-reasoning,1_medium_5obj_da,instance_00002,Lose,1
913,clean_up,Qwen3.6-35B-A3B-FP8-without-reasoning,1_medium_5obj_da,instance_00002,Success,0
914,clean_up,Qwen3.6-35B-A3B-FP8-without-reasoning,1_medium_5obj_da,instance_00002,Distance Score,0.47857543633599786
915,clean_up,Qwen3.6-35B-A3B-FP8-without-reasoning,1_medium_5obj_da,instance_00002,Consistency Score,0.8
916,clean_up,Qwen3.6-35B-A3B-FP8-without-reasoning,1_medium_5obj_da,instance_00002,Coverage Score,0.4444444444444444
917,clean_up,Qwen3.6-35B-A3B-FP8-without-reasoning,1_medium_5obj_da,instance_00002,Penalty Score,0.16666666666666674
918,clean_up,Qwen3.6-35B-A3B-FP8-without-reasoning,1_medium_5obj_da,instance_00002,Moves,"[['Player 1', 'W'], ['Player 2', 'C'], ['Player 1', 'I'], ['Player 2', 'H'], ['Player 1', 'T'], ['Player 2', 'I']]"
919,clean_up,Qwen3.6-35B-A3B-FP8-without-reasoning,1_medium_5obj_da,instance_00002,Init States,"{'state_1': [{'id': 'W', 'coord': [4, 7]}, {'id': 'I', 'coord': [4, 5]}, {'id': 'T', 'coord': [2, 3]}, {'id': 'C', 'coord': [4, 6]}, {'id': 'H', 'coord': [5, 1]}], 'state_2': [{'id': 'W', 'coord': [1, 1]}, {'id': 'I', 'coord': [5, 4]}, {'id': 'T', 'coord': [5, 1]}, {'id': 'C', 'coord': [6, 4]}, {'id': 'H', 'coord': [1, 5]}]}"
920,clean_up,Qwen3.6-35B-A3B-FP8-without-reasoning,1_medium_5obj_da,instance_00002,End States,"{'state_1': [{'id': 'W', 'coord': [1, 1]}, {'id': 'I', 'coord': [4, 7]}, {'id': 'T', 'coord': [3, 1]}, {'id': 'C', 'coord': [4, 6]}, {'id': 'H', 'coord': [5, 1]}], 'state_2': [{'id': 'W', 'coord': [1, 1]}, {'id': 'I', 'coord': [5, 3]}, {'id': 'T', 'coord': [5, 1]}, {'id': 'C', 'coord': [4, 5]}, {'id': 'H', 'coord': [2, 3]}]}"
921,clean_up,Qwen3.6-35B-A3B-FP8-without-reasoning,1_medium_5obj_da,instance_00002,Shifts,5
922,clean_up,Qwen3.6-35B-A3B-FP8-without-reasoning,1_medium_5obj_da,instance_00002,Max Shifts,8
923,clean_up,Qwen3.6-35B-A3B-FP8-without-reasoning,1_medium_5obj_da,instance_00002,Min Shifts,4
924,clean_up,Qwen3.6-35B-A3B-FP8-without-reasoning,1_medium_5obj_da,instance_00002,End Distance Sum,10.72865690108165
925,clean_up,Qwen3.6-35B-A3B-FP8-without-reasoning,1_medium_5obj_da,instance_00002,Init Distance Sum,20.213250144575024
926,clean_up,Qwen3.6-35B-A3B-FP8-without-reasoning,1_medium_5obj_da,instance_00002,Expected Distance Sum,20.95131203515696
927,clean_up,Qwen3.6-35B-A3B-FP8-without-reasoning,1_medium_5obj_da,instance_00002,Penalties,15
928,clean_up,Qwen3.6-35B-A3B-FP8-without-reasoning,1_medium_5obj_da,instance_00002,Max Penalties,12
929,clean_up,Qwen3.6-35B-A3B-FP8-without-reasoning,1_medium_5obj_da,instance_00002,Rounds,6
930,clean_up,Qwen3.6-35B-A3B-FP8-without-reasoning,1_medium_5obj_da,instance_00002,Max Rounds,20
931,clean_up,Qwen3.6-35B-A3B-FP8-without-reasoning,1_medium_5obj_da,instance_00002,Object Count,5
932,clean_up,Qwen3.6-35B-A3B-FP8-without-reasoning,1_medium_5obj_da,instance_00002,Valid Moves,6
933,clean_up,Qwen3.6-35B-A3B-FP8-without-reasoning,1_medium_5obj_da,instance_00002,Invalid Moves,13
934,clean_up,Qwen3.6-35B-A3B-FP8-without-reasoning,1_medium_5obj_da,instance_00002,Parse Errors,2
935,clean_up,Qwen3.6-35B-A3B-FP8-without-reasoning,1_medium_5obj_da,instance_00002,Main Score,
936,clean_up,Qwen3.6-35B-A3B-FP8-without-reasoning,1_medium_5obj_da,instance_00001,Request Count,26
937,clean_up,Qwen3.6-35B-A3B-FP8-without-reasoning,1_medium_5obj_da,instance_00001,Parsed Request Count,22
938,clean_up,Qwen3.6-35B-A3B-FP8-without-reasoning,1_medium_5obj_da,instance_00001,Violated Request Count,4
939,clean_up,Qwen3.6-35B-A3B-FP8-without-reasoning,1_medium_5obj_da,instance_00001,Request Success Ratio,0.8461538461538461
940,clean_up,Qwen3.6-35B-A3B-FP8-without-reasoning,1_medium_5obj_da,instance_00001,Aborted,0
941,clean_up,Qwen3.6-35B-A3B-FP8-without-reasoning,1_medium_5obj_da,instance_00001,Lose,0
942,clean_up,Qwen3.6-35B-A3B-FP8-without-reasoning,1_medium_5obj_da,instance_00001,Success,1
943,clean_up,Qwen3.6-35B-A3B-FP8-without-reasoning,1_medium_5obj_da,instance_00001,Distance Score,0.16397945091999988
944,clean_up,Qwen3.6-35B-A3B-FP8-without-reasoning,1_medium_5obj_da,instance_00001,Consistency Score,1.0
945,clean_up,Qwen3.6-35B-A3B-FP8-without-reasoning,1_medium_5obj_da,instance_00001,Coverage Score,0.4444444444444444
946,clean_up,Qwen3.6-35B-A3B-FP8-without-reasoning,1_medium_5obj_da,instance_00001,Penalty Score,0.5
947,clean_up,Qwen3.6-35B-A3B-FP8-without-reasoning,1_medium_5obj_da,instance_00001,Moves,"[['Player 2', 'C'], ['Player 1', 'C'], ['Player 2', 'W'], ['Player 1', 'I'], ['Player 2', 'H'], ['Player 1', 'T']]"
948,clean_up,Qwen3.6-35B-A3B-FP8-without-reasoning,1_medium_5obj_da,instance_00001,Init States,"{'state_1': [{'id': 'W', 'coord': [6, 6]}, {'id': 'I', 'coord': [2, 2]}, {'id': 'T', 'coord': [7, 6]}, {'id': 'C', 'coord': [1, 1]}, {'id': 'H', 'coord': [7, 7]}], 'state_2': [{'id': 'W', 'coord': [2, 2]}, {'id': 'I', 'coord': [5, 6]}, {'id': 'T', 'coord': [1, 6]}, {'id': 'C', 'coord': [5, 1]}, {'id': 'H', 'coord': [7, 4]}]}"
949,clean_up,Qwen3.6-35B-A3B-FP8-without-reasoning,1_medium_5obj_da,instance_00001,End States,"{'state_1': [{'id': 'W', 'coord': [6, 6]}, {'id': 'I', 'coord': [7, 3]}, {'id': 'T', 'coord': [7, 1]}, {'id': 'C', 'coord': [7, 4]}, {'id': 'H', 'coord': [7, 7]}], 'state_2': [{'id': 'W', 'coord': [7, 3]}, {'id': 'I', 'coord': [5, 6]}, {'id': 'T', 'coord': [1, 6]}, {'id': 'C', 'coord': [7, 1]}, {'id': 'H', 'coord': [7, 6]}]}"
950,clean_up,Qwen3.6-35B-A3B-FP8-without-reasoning,1_medium_5obj_da,instance_00001,Shifts,4
951,clean_up,Qwen3.6-35B-A3B-FP8-without-reasoning,1_medium_5obj_da,instance_00001,Max Shifts,8
952,clean_up,Qwen3.6-35B-A3B-FP8-without-reasoning,1_medium_5obj_da,instance_00001,Min Shifts,4
953,clean_up,Qwen3.6-35B-A3B-FP8-without-reasoning,1_medium_5obj_da,instance_00001,End Distance Sum,18.578078611539024
954,clean_up,Qwen3.6-35B-A3B-FP8-without-reasoning,1_medium_5obj_da,instance_00001,Init Distance Sum,23.65685424949238
955,clean_up,Qwen3.6-35B-A3B-FP8-without-reasoning,1_medium_5obj_da,instance_00001,Expected Distance Sum,20.95131203515696
956,clean_up,Qwen3.6-35B-A3B-FP8-without-reasoning,1_medium_5obj_da,instance_00001,Penalties,12
957,clean_up,Qwen3.6-35B-A3B-FP8-without-reasoning,1_medium_5obj_da,instance_00001,Max Penalties,12
958,clean_up,Qwen3.6-35B-A3B-FP8-without-reasoning,1_medium_5obj_da,instance_00001,Rounds,7
959,clean_up,Qwen3.6-35B-A3B-FP8-without-reasoning,1_medium_5obj_da,instance_00001,Max Rounds,20
960,clean_up,Qwen3.6-35B-A3B-FP8-without-reasoning,1_medium_5obj_da,instance_00001,Object Count,5
961,clean_up,Qwen3.6-35B-A3B-FP8-without-reasoning,1_medium_5obj_da,instance_00001,Valid Moves,6
962,clean_up,Qwen3.6-35B-A3B-FP8-without-reasoning,1_medium_5obj_da,instance_00001,Invalid Moves,8
963,clean_up,Qwen3.6-35B-A3B-FP8-without-reasoning,1_medium_5obj_da,instance_00001,Parse Errors,4
964,clean_up,Qwen3.6-35B-A3B-FP8-without-reasoning,1_medium_5obj_da,instance_00001,Main Score,8.198972545999993
965,clean_up,Qwen3.6-35B-A3B-FP8-without-reasoning,1_medium_5obj_da,instance_00000,Request Count,32
966,clean_up,Qwen3.6-35B-A3B-FP8-without-reasoning,1_medium_5obj_da,instance_00000,Parsed Request Count,31
967,clean_up,Qwen3.6-35B-A3B-FP8-without-reasoning,1_medium_5obj_da,instance_00000,Violated Request Count,1
968,clean_up,Qwen3.6-35B-A3B-FP8-without-reasoning,1_medium_5obj_da,instance_00000,Request Success Ratio,0.96875
969,clean_up,Qwen3.6-35B-A3B-FP8-without-reasoning,1_medium_5obj_da,instance_00000,Aborted,1
970,clean_up,Qwen3.6-35B-A3B-FP8-without-reasoning,1_medium_5obj_da,instance_00000,Lose,1
971,clean_up,Qwen3.6-35B-A3B-FP8-without-reasoning,1_medium_5obj_da,instance_00000,Success,0
972,clean_up,Qwen3.6-35B-A3B-FP8-without-reasoning,1_medium_5obj_da,instance_00000,Distance Score,0.4874914127755485
973,clean_up,Qwen3.6-35B-A3B-FP8-without-reasoning,1_medium_5obj_da,instance_00000,Consistency Score,0.4
974,clean_up,Qwen3.6-35B-A3B-FP8-without-reasoning,1_medium_5obj_da,instance_00000,Coverage Score,0.6944444444444445
975,clean_up,Qwen3.6-35B-A3B-FP8-without-reasoning,1_medium_5obj_da,instance_00000,Penalty Score,0.2999999999999998
976,clean_up,Qwen3.6-35B-A3B-FP8-without-reasoning,1_medium_5obj_da,instance_00000,Moves,"[['Player 1', 'I'], ['Player 2', 'H'], ['Player 1', 'W'], ['Player 2', 'C'], ['Player 1', 'C'], ['Player 2', 'W'], ['Player 1', 'H'], ['Player 2', 'I'], ['Player 1', 'I'], ['Player 2', 'H']]"
977,clean_up,Qwen3.6-35B-A3B-FP8-without-reasoning,1_medium_5obj_da,instance_00000,Init States,"{'state_1': [{'id': 'W', 'coord': [3, 1]}, {'id': 'I', 'coord': [1, 2]}, {'id': 'T', 'coord': [1, 1]}, {'id': 'C', 'coord': [3, 3]}, {'id': 'H', 'coord': [4, 6]}], 'state_2': [{'id': 'W', 'coord': [4, 5]}, {'id': 'I', 'coord': [5, 6]}, {'id': 'T', 'coord': [7, 3]}, {'id': 'C', 'coord': [7, 1]}, {'id': 'H', 'coord': [1, 1]}]}"
978,clean_up,Qwen3.6-35B-A3B-FP8-without-reasoning,1_medium_5obj_da,instance_00000,End States,"{'state_1': [{'id': 'W', 'coord': [4, 5]}, {'id': 'I', 'coord': [1, 2]}, {'id': 'T', 'coord': [1, 1]}, {'id': 'C', 'coord': [4, 7]}, {'id': 'H', 'coord': [5, 5]}], 'state_2': [{'id': 'W', 'coord': [3, 3]}, {'id': 'I', 'coord': [2, 3]}, {'id': 'T', 'coord': [7, 3]}, {'id': 'C', 'coord': [4, 6]}, {'id': 'H', 'coord': [5, 6]}]}"
979,clean_up,Qwen3.6-35B-A3B-FP8-without-reasoning,1_medium_5obj_da,instance_00000,Shifts,7
980,clean_up,Qwen3.6-35B-A3B-FP8-without-reasoning,1_medium_5obj_da,instance_00000,Max Shifts,8
981,clean_up,Qwen3.6-35B-A3B-FP8-without-reasoning,1_medium_5obj_da,instance_00000,Min Shifts,4
982,clean_up,Qwen3.6-35B-A3B-FP8-without-reasoning,1_medium_5obj_da,instance_00000,End Distance Sum,11.974836860209644
983,clean_up,Qwen3.6-35B-A3B-FP8-without-reasoning,1_medium_5obj_da,instance_00000,Init Distance Sum,26.40760304529168
984,clean_up,Qwen3.6-35B-A3B-FP8-without-reasoning,1_medium_5obj_da,instance_00000,Expected Distance Sum,20.95131203515696
985,clean_up,Qwen3.6-35B-A3B-FP8-without-reasoning,1_medium_5obj_da,instance_00000,Penalties,14
986,clean_up,Qwen3.6-35B-A3B-FP8-without-reasoning,1_medium_5obj_da,instance_00000,Max Penalties,12
987,clean_up,Qwen3.6-35B-A3B-FP8-without-reasoning,1_medium_5obj_da,instance_00000,Rounds,9
988,clean_up,Qwen3.6-35B-A3B-FP8-without-reasoning,1_medium_5obj_da,instance_00000,Max Rounds,20
989,clean_up,Qwen3.6-35B-A3B-FP8-without-reasoning,1_medium_5obj_da,instance_00000,Object Count,5
990,clean_up,Qwen3.6-35B-A3B-FP8-without-reasoning,1_medium_5obj_da,instance_00000,Valid Moves,10
991,clean_up,Qwen3.6-35B-A3B-FP8-without-reasoning,1_medium_5obj_da,instance_00000,Invalid Moves,13
992,clean_up,Qwen3.6-35B-A3B-FP8-without-reasoning,1_medium_5obj_da,instance_00000,Parse Errors,1
993,clean_up,Qwen3.6-35B-A3B-FP8-without-reasoning,1_medium_5obj_da,instance_00000,Main Score,
994,clean_up,Qwen3.6-35B-A3B-FP8-without-reasoning,1_medium_7obj_da,instance_00002,Request Count,30
995,clean_up,Qwen3.6-35B-A3B-FP8-without-reasoning,1_medium_7obj_da,instance_00002,Parsed Request Count,29
996,clean_up,Qwen3.6-35B-A3B-FP8-without-reasoning,1_medium_7obj_da,instance_00002,Violated Request Count,1
997,clean_up,Qwen3.6-35B-A3B-FP8-without-reasoning,1_medium_7obj_da,instance_00002,Request Success Ratio,0.9666666666666667
998,clean_up,Qwen3.6-35B-A3B-FP8-without-reasoning,1_medium_7obj_da,instance_00002,Aborted,0
999,clean_up,Qwen3.6-35B-A3B-FP8-without-reasoning,1_medium_7obj_da,instance_00002,Lose,0
1000,clean_up,Qwen3.6-35B-A3B-FP8-without-reasoning,1_medium_7obj_da,instance_00002,Success,1
1001,clean_up,Qwen3.6-35B-A3B-FP8-without-reasoning,1_medium_7obj_da,instance_00002,Distance Score,0.6753701303526065
1002,clean_up,Qwen3.6-35B-A3B-FP8-without-reasoning,1_medium_7obj_da,instance_00002,Coverage Score,0.390625
1003,clean_up,Qwen3.6-35B-A3B-FP8-without-reasoning,1_medium_7obj_da,instance_00002,Penalty Score,0.5
1004,clean_up,Qwen3.6-35B-A3B-FP8-without-reasoning,1_medium_7obj_da,instance_00002,Moves,"[['Player 1', 'A'], ['Player 2', 'A'], ['Player 1', 'D'], ['Player 2', 'D'], ['Player 1', 'M'], ['Player 2', 'M'], ['Player 1', 'O'], ['Player 2', 'O']]"
1005,clean_up,Qwen3.6-35B-A3B-FP8-without-reasoning,1_medium_7obj_da,instance_00002,Init States,"{'state_1': [{'id': 'P', 'coord': [4, 6]}, {'id': 'O', 'coord': [7, 6]}, {'id': 'T', 'coord': [5, 6]}, {'id': 'S', 'coord': [6, 4]}, {'id': 'D', 'coord': [2, 7]}, {'id': 'A', 'coord': [7, 1]}, {'id': 'M', 'coord': [3, 3]}], 'state_2': [{'id': 'P', 'coord': [5, 4]}, {'id': 'O', 'coord': [1, 5]}, {'id': 'T', 'coord': [5, 7]}, {'id': 'S', 'coord': [7, 6]}, {'id': 'D', 'coord': [2, 6]}, {'id': 'A', 'coord': [5, 6]}, {'id': 'M', 'coord': [2, 3]}]}"
1006,clean_up,Qwen3.6-35B-A3B-FP8-without-reasoning,1_medium_7obj_da,instance_00002,End States,"{'state_1': [{'id': 'P', 'coord': [4, 6]}, {'id': 'O', 'coord': [4, 5]}, {'id': 'T', 'coord': [5, 6]}, {'id': 'S', 'coord': [6, 4]}, {'id': 'D', 'coord': [2, 3]}, {'id': 'A', 'coord': [1, 1]}, {'id': 'M', 'coord': [3, 1]}], 'state_2': [{'id': 'P', 'coord': [5, 4]}, {'id': 'O', 'coord': [4, 5]}, {'id': 'T', 'coord': [5, 7]}, {'id': 'S', 'coord': [7, 6]}, {'id': 'D', 'coord': [2, 5]}, {'id': 'A', 'coord': [1, 1]}, {'id': 'M', 'coord': [3, 1]}]}"
1007,clean_up,Qwen3.6-35B-A3B-FP8-without-reasoning,1_medium_7obj_da,instance_00002,Shifts,3
1008,clean_up,Qwen3.6-35B-A3B-FP8-without-reasoning,1_medium_7obj_da,instance_00002,Max Shifts,12
1009,clean_up,Qwen3.6-35B-A3B-FP8-without-reasoning,1_medium_7obj_da,instance_00002,Min Shifts,6
1010,clean_up,Qwen3.6-35B-A3B-FP8-without-reasoning,1_medium_7obj_da,instance_00002,End Distance Sum,7.47213595499958
1011,clean_up,Qwen3.6-35B-A3B-FP8-without-reasoning,1_medium_7obj_da,instance_00002,Init Distance Sum,18.940063292432303
1012,clean_up,Qwen3.6-35B-A3B-FP8-without-reasoning,1_medium_7obj_da,instance_00002,Expected Distance Sum,29.331836849219748
1013,clean_up,Qwen3.6-35B-A3B-FP8-without-reasoning,1_medium_7obj_da,instance_00002,Penalties,16
1014,clean_up,Qwen3.6-35B-A3B-FP8-without-reasoning,1_medium_7obj_da,instance_00002,Max Penalties,16
1015,clean_up,Qwen3.6-35B-A3B-FP8-without-reasoning,1_medium_7obj_da,instance_00002,Rounds,7
1016,clean_up,Qwen3.6-35B-A3B-FP8-without-reasoning,1_medium_7obj_da,instance_00002,Max Rounds,28
1017,clean_up,Qwen3.6-35B-A3B-FP8-without-reasoning,1_medium_7obj_da,instance_00002,Object Count,7
1018,clean_up,Qwen3.6-35B-A3B-FP8-without-reasoning,1_medium_7obj_da,instance_00002,Valid Moves,8
1019,clean_up,Qwen3.6-35B-A3B-FP8-without-reasoning,1_medium_7obj_da,instance_00002,Invalid Moves,15
1020,clean_up,Qwen3.6-35B-A3B-FP8-without-reasoning,1_medium_7obj_da,instance_00002,Parse Errors,1
1021,clean_up,Qwen3.6-35B-A3B-FP8-without-reasoning,1_medium_7obj_da,instance_00002,Main Score,33.76850651763033
1022,clean_up,Qwen3.6-35B-A3B-FP8-without-reasoning,1_medium_7obj_da,instance_00001,Request Count,51
1023,clean_up,Qwen3.6-35B-A3B-FP8-without-reasoning,1_medium_7obj_da,instance_00001,Parsed Request Count,50
1024,clean_up,Qwen3.6-35B-A3B-FP8-without-reasoning,1_medium_7obj_da,instance_00001,Violated Request Count,1
1025,clean_up,Qwen3.6-35B-A3B-FP8-without-reasoning,1_medium_7obj_da,instance_00001,Request Success Ratio,0.9803921568627451
1026,clean_up,Qwen3.6-35B-A3B-FP8-without-reasoning,1_medium_7obj_da,instance_00001,Aborted,1
1027,clean_up,Qwen3.6-35B-A3B-FP8-without-reasoning,1_medium_7obj_da,instance_00001,Lose,1
1028,clean_up,Qwen3.6-35B-A3B-FP8-without-reasoning,1_medium_7obj_da,instance_00001,Success,0
1029,clean_up,Qwen3.6-35B-A3B-FP8-without-reasoning,1_medium_7obj_da,instance_00001,Distance Score,0.24083596647052213
1030,clean_up,Qwen3.6-35B-A3B-FP8-without-reasoning,1_medium_7obj_da,instance_00001,Consistency Score,0.4285714285714286
1031,clean_up,Qwen3.6-35B-A3B-FP8-without-reasoning,1_medium_7obj_da,instance_00001,Coverage Score,1.0
1032,clean_up,Qwen3.6-35B-A3B-FP8-without-reasoning,1_medium_7obj_da,instance_00001,Penalty Score,-0.7857142857142856
1033,clean_up,Qwen3.6-35B-A3B-FP8-without-reasoning,1_medium_7obj_da,instance_00001,Moves,"[['Player 1', 'A'], ['Player 2', 'A'], ['Player 1', 'D'], ['Player 2', 'D'], ['Player 1', 'M'], ['Player 2', 'M'], ['Player 1', 'O'], ['Player 2', 'O'], ['Player 1', 'P'], ['Player 2', 'P'], ['Player 1', 'S'], ['Player 2', 'S'], ['Player 1', 'T'], ['Player 2', 'T'], ['Player 1', 'D'], ['Player 2', 'D'], ['Player 1', 'M'], ['Player 2', 'M'], ['Player 1', 'O'], ['Player 2', 'O'], ['Player 1', 'P'], ['Player 2', 'P']]"
1034,clean_up,Qwen3.6-35B-A3B-FP8-without-reasoning,1_medium_7obj_da,instance_00001,Init States,"{'state_1': [{'id': 'P', 'coord': [3, 4]}, {'id': 'O', 'coord': [7, 6]}, {'id': 'T', 'coord': [2, 3]}, {'id': 'S', 'coord': [5, 6]}, {'id': 'D', 'coord': [6, 7]}, {'id': 'A', 'coord': [1, 3]}, {'id': 'M', 'coord': [3, 2]}], 'state_2': [{'id': 'P', 'coord': [6, 7]}, {'id': 'O', 'coord': [2, 2]}, {'id': 'T', 'coord': [1, 7]}, {'id': 'S', 'coord': [3, 1]}, {'id': 'D', 'coord': [7, 6]}, {'id': 'A', 'coord': [7, 7]}, {'id': 'M', 'coord': [2, 1]}]}"
1035,clean_up,Qwen3.6-35B-A3B-FP8-without-reasoning,1_medium_7obj_da,instance_00001,End States,"{'state_1': [{'id': 'P', 'coord': [3, 6]}, {'id': 'O', 'coord': [2, 4]}, {'id': 'T', 'coord': [2, 1]}, {'id': 'S', 'coord': [1, 7]}, {'id': 'D', 'coord': [2, 2]}, {'id': 'A', 'coord': [1, 1]}, {'id': 'M', 'coord': [2, 3]}], 'state_2': [{'id': 'P', 'coord': [7, 1]}, {'id': 'O', 'coord': [5, 1]}, {'id': 'T', 'coord': [5, 7]}, {'id': 'S', 'coord': [3, 7]}, {'id': 'D', 'coord': [2, 1]}, {'id': 'A', 'coord': [1, 1]}, {'id': 'M', 'coord': [3, 1]}]}"
1036,clean_up,Qwen3.6-35B-A3B-FP8-without-reasoning,1_medium_7obj_da,instance_00001,Shifts,10
1037,clean_up,Qwen3.6-35B-A3B-FP8-without-reasoning,1_medium_7obj_da,instance_00001,Max Shifts,12
1038,clean_up,Qwen3.6-35B-A3B-FP8-without-reasoning,1_medium_7obj_da,instance_00001,Min Shifts,6
1039,clean_up,Qwen3.6-35B-A3B-FP8-without-reasoning,1_medium_7obj_da,instance_00001,End Distance Sum,22.59003683455129
1040,clean_up,Qwen3.6-35B-A3B-FP8-without-reasoning,1_medium_7obj_da,instance_00001,Init Distance Sum,30.19356503297847
1041,clean_up,Qwen3.6-35B-A3B-FP8-without-reasoning,1_medium_7obj_da,instance_00001,Expected Distance Sum,29.331836849219748
1042,clean_up,Qwen3.6-35B-A3B-FP8-without-reasoning,1_medium_7obj_da,instance_00001,Penalties,25
1043,clean_up,Qwen3.6-35B-A3B-FP8-without-reasoning,1_medium_7obj_da,instance_00001,Max Penalties,16
1044,clean_up,Qwen3.6-35B-A3B-FP8-without-reasoning,1_medium_7obj_da,instance_00001,Rounds,13
1045,clean_up,Qwen3.6-35B-A3B-FP8-without-reasoning,1_medium_7obj_da,instance_00001,Max Rounds,28
1046,clean_up,Qwen3.6-35B-A3B-FP8-without-reasoning,1_medium_7obj_da,instance_00001,Object Count,7
1047,clean_up,Qwen3.6-35B-A3B-FP8-without-reasoning,1_medium_7obj_da,instance_00001,Valid Moves,22
1048,clean_up,Qwen3.6-35B-A3B-FP8-without-reasoning,1_medium_7obj_da,instance_00001,Invalid Moves,24
1049,clean_up,Qwen3.6-35B-A3B-FP8-without-reasoning,1_medium_7obj_da,instance_00001,Parse Errors,1
1050,clean_up,Qwen3.6-35B-A3B-FP8-without-reasoning,1_medium_7obj_da,instance_00001,Main Score,
1051,clean_up,Qwen3.6-35B-A3B-FP8-without-reasoning,1_medium_7obj_da,instance_00000,Request Count,48
1052,clean_up,Qwen3.6-35B-A3B-FP8-without-reasoning,1_medium_7obj_da,instance_00000,Parsed Request Count,46
1053,clean_up,Qwen3.6-35B-A3B-FP8-without-reasoning,1_medium_7obj_da,instance_00000,Violated Request Count,2
1054,clean_up,Qwen3.6-35B-A3B-FP8-without-reasoning,1_medium_7obj_da,instance_00000,Request Success Ratio,0.9583333333333334
1055,clean_up,Qwen3.6-35B-A3B-FP8-without-reasoning,1_medium_7obj_da,instance_00000,Aborted,1
1056,clean_up,Qwen3.6-35B-A3B-FP8-without-reasoning,1_medium_7obj_da,instance_00000,Lose,1
1057,clean_up,Qwen3.6-35B-A3B-FP8-without-reasoning,1_medium_7obj_da,instance_00000,Success,0
1058,clean_up,Qwen3.6-35B-A3B-FP8-without-reasoning,1_medium_7obj_da,instance_00000,Distance Score,0.31293293981375286
1059,clean_up,Qwen3.6-35B-A3B-FP8-without-reasoning,1_medium_7obj_da,instance_00000,Consistency Score,1.0
1060,clean_up,Qwen3.6-35B-A3B-FP8-without-reasoning,1_medium_7obj_da,instance_00000,Coverage Score,0.4375
1061,clean_up,Qwen3.6-35B-A3B-FP8-without-reasoning,1_medium_7obj_da,instance_00000,Penalty Score,-0.10000000000000009
1062,clean_up,Qwen3.6-35B-A3B-FP8-without-reasoning,1_medium_7obj_da,instance_00000,Moves,"[['Player 1', 'A'], ['Player 2', 'A'], ['Player 2', 'D'], ['Player 1', 'D'], ['Player 2', 'M'], ['Player 2', 'O'], ['Player 2', 'P'], ['Player 1', 'M'], ['Player 2', 'S']]"
1063,clean_up,Qwen3.6-35B-A3B-FP8-without-reasoning,1_medium_7obj_da,instance_00000,Init States,"{'state_1': [{'id': 'P', 'coord': [1, 2]}, {'id': 'O', 'coord': [6, 5]}, {'id': 'T', 'coord': [7, 7]}, {'id': 'S', 'coord': [2, 3]}, {'id': 'D', 'coord': [7, 6]}, {'id': 'A', 'coord': [3, 3]}, {'id': 'M', 'coord': [6, 6]}], 'state_2': [{'id': 'P', 'coord': [7, 1]}, {'id': 'O', 'coord': [6, 5]}, {'id': 'T', 'coord': [1, 2]}, {'id': 'S', 'coord': [5, 6]}, {'id': 'D', 'coord': [2, 5]}, {'id': 'A', 'coord': [1, 7]}, {'id': 'M', 'coord': [5, 3]}]}"
1064,clean_up,Qwen3.6-35B-A3B-FP8-without-reasoning,1_medium_7obj_da,instance_00000,End States,"{'state_1': [{'id': 'P', 'coord': [1, 2]}, {'id': 'O', 'coord': [6, 5]}, {'id': 'T', 'coord': [7, 7]}, {'id': 'S', 'coord': [2, 3]}, {'id': 'D', 'coord': [3, 1]}, {'id': 'A', 'coord': [1, 1]}, {'id': 'M', 'coord': [5, 3]}], 'state_2': [{'id': 'P', 'coord': [3, 3]}, {'id': 'O', 'coord': [1, 3]}, {'id': 'T', 'coord': [1, 2]}, {'id': 'S', 'coord': [1, 5]}, {'id': 'D', 'coord': [3, 1]}, {'id': 'A', 'coord': [1, 1]}, {'id': 'M', 'coord': [2, 3]}]}"
1065,clean_up,Qwen3.6-35B-A3B-FP8-without-reasoning,1_medium_7obj_da,instance_00000,Shifts,6
1066,clean_up,Qwen3.6-35B-A3B-FP8-without-reasoning,1_medium_7obj_da,instance_00000,Max Shifts,12
1067,clean_up,Qwen3.6-35B-A3B-FP8-without-reasoning,1_medium_7obj_da,instance_00000,Min Shifts,6
1068,clean_up,Qwen3.6-35B-A3B-FP8-without-reasoning,1_medium_7obj_da,instance_00000,End Distance Sum,20.667550438040738
1069,clean_up,Qwen3.6-35B-A3B-FP8-without-reasoning,1_medium_7obj_da,instance_00000,Init Distance Sum,30.8690860220849
1070,clean_up,Qwen3.6-35B-A3B-FP8-without-reasoning,1_medium_7obj_da,instance_00000,Expected Distance Sum,29.331836849219748
1071,clean_up,Qwen3.6-35B-A3B-FP8-without-reasoning,1_medium_7obj_da,instance_00000,Penalties,22
1072,clean_up,Qwen3.6-35B-A3B-FP8-without-reasoning,1_medium_7obj_da,instance_00000,Max Penalties,16
1073,clean_up,Qwen3.6-35B-A3B-FP8-without-reasoning,1_medium_7obj_da,instance_00000,Rounds,13
1074,clean_up,Qwen3.6-35B-A3B-FP8-without-reasoning,1_medium_7obj_da,instance_00000,Max Rounds,28
1075,clean_up,Qwen3.6-35B-A3B-FP8-without-reasoning,1_medium_7obj_da,instance_00000,Object Count,7
1076,clean_up,Qwen3.6-35B-A3B-FP8-without-reasoning,1_medium_7obj_da,instance_00000,Valid Moves,9
1077,clean_up,Qwen3.6-35B-A3B-FP8-without-reasoning,1_medium_7obj_da,instance_00000,Invalid Moves,20
1078,clean_up,Qwen3.6-35B-A3B-FP8-without-reasoning,1_medium_7obj_da,instance_00000,Parse Errors,2
1079,clean_up,Qwen3.6-35B-A3B-FP8-without-reasoning,1_medium_7obj_da,instance_00000,Main Score,
1080,clean_up,Qwen3.6-35B-A3B-FP8-without-reasoning,1_medium_3obj_da,instance_00002,Request Count,17
1081,clean_up,Qwen3.6-35B-A3B-FP8-without-reasoning,1_medium_3obj_da,instance_00002,Parsed Request Count,14
1082,clean_up,Qwen3.6-35B-A3B-FP8-without-reasoning,1_medium_3obj_da,instance_00002,Violated Request Count,3
1083,clean_up,Qwen3.6-35B-A3B-FP8-without-reasoning,1_medium_3obj_da,instance_00002,Request Success Ratio,0.8235294117647058
1084,clean_up,Qwen3.6-35B-A3B-FP8-without-reasoning,1_medium_3obj_da,instance_00002,Aborted,0
1085,clean_up,Qwen3.6-35B-A3B-FP8-without-reasoning,1_medium_3obj_da,instance_00002,Lose,0
1086,clean_up,Qwen3.6-35B-A3B-FP8-without-reasoning,1_medium_3obj_da,instance_00002,Success,1
1087,clean_up,Qwen3.6-35B-A3B-FP8-without-reasoning,1_medium_3obj_da,instance_00002,Distance Score,1.0
1088,clean_up,Qwen3.6-35B-A3B-FP8-without-reasoning,1_medium_3obj_da,instance_00002,Consistency Score,1.0
1089,clean_up,Qwen3.6-35B-A3B-FP8-without-reasoning,1_medium_3obj_da,instance_00002,Coverage Score,1.0
1090,clean_up,Qwen3.6-35B-A3B-FP8-without-reasoning,1_medium_3obj_da,instance_00002,Penalty Score,0.7727272727272727
1091,clean_up,Qwen3.6-35B-A3B-FP8-without-reasoning,1_medium_3obj_da,instance_00002,Moves,"[['Player 2', 'C'], ['Player 1', 'C'], ['Player 2', 'L'], ['Player 1', 'L'], ['Player 2', 'P'], ['Player 1', 'P']]"
1092,clean_up,Qwen3.6-35B-A3B-FP8-without-reasoning,1_medium_3obj_da,instance_00002,Init States,"{'state_1': [{'id': 'C', 'coord': [1, 3]}, {'id': 'L', 'coord': [2, 5]}, {'id': 'P', 'coord': [5, 7]}], 'state_2': [{'id': 'C', 'coord': [1, 3]}, {'id': 'L', 'coord': [5, 1]}, {'id': 'P', 'coord': [1, 5]}]}"
1093,clean_up,Qwen3.6-35B-A3B-FP8-without-reasoning,1_medium_3obj_da,instance_00002,End States,"{'state_1': [{'id': 'C', 'coord': [7, 1]}, {'id': 'L', 'coord': [7, 2]}, {'id': 'P', 'coord': [7, 4]}], 'state_2': [{'id': 'C', 'coord': [7, 1]}, {'id': 'L', 'coord': [7, 2]}, {'id': 'P', 'coord': [7, 4]}]}"
1094,clean_up,Qwen3.6-35B-A3B-FP8-without-reasoning,1_medium_3obj_da,instance_00002,Shifts,2
1095,clean_up,Qwen3.6-35B-A3B-FP8-without-reasoning,1_medium_3obj_da,instance_00002,Max Shifts,4
1096,clean_up,Qwen3.6-35B-A3B-FP8-without-reasoning,1_medium_3obj_da,instance_00002,Min Shifts,2
1097,clean_up,Qwen3.6-35B-A3B-FP8-without-reasoning,1_medium_3obj_da,instance_00002,End Distance Sum,0.0
1098,clean_up,Qwen3.6-35B-A3B-FP8-without-reasoning,1_medium_3obj_da,instance_00002,Init Distance Sum,9.47213595499958
1099,clean_up,Qwen3.6-35B-A3B-FP8-without-reasoning,1_medium_3obj_da,instance_00002,Expected Distance Sum,12.570787221094177
1100,clean_up,Qwen3.6-35B-A3B-FP8-without-reasoning,1_medium_3obj_da,instance_00002,Penalties,5
1101,clean_up,Qwen3.6-35B-A3B-FP8-without-reasoning,1_medium_3obj_da,instance_00002,Max Penalties,8
1102,clean_up,Qwen3.6-35B-A3B-FP8-without-reasoning,1_medium_3obj_da,instance_00002,Rounds,6
1103,clean_up,Qwen3.6-35B-A3B-FP8-without-reasoning,1_medium_3obj_da,instance_00002,Max Rounds,12
1104,clean_up,Qwen3.6-35B-A3B-FP8-without-reasoning,1_medium_3obj_da,instance_00002,Object Count,3
1105,clean_up,Qwen3.6-35B-A3B-FP8-without-reasoning,1_medium_3obj_da,instance_00002,Valid Moves,6
1106,clean_up,Qwen3.6-35B-A3B-FP8-without-reasoning,1_medium_3obj_da,instance_00002,Invalid Moves,2
1107,clean_up,Qwen3.6-35B-A3B-FP8-without-reasoning,1_medium_3obj_da,instance_00002,Parse Errors,3
1108,clean_up,Qwen3.6-35B-A3B-FP8-without-reasoning,1_medium_3obj_da,instance_00002,Main Score,77.27272727272727
1109,clean_up,Qwen3.6-35B-A3B-FP8-without-reasoning,1_medium_3obj_da,instance_00001,Request Count,16
1110,clean_up,Qwen3.6-35B-A3B-FP8-without-reasoning,1_medium_3obj_da,instance_00001,Parsed Request Count,14
1111,clean_up,Qwen3.6-35B-A3B-FP8-without-reasoning,1_medium_3obj_da,instance_00001,Violated Request Count,2
1112,clean_up,Qwen3.6-35B-A3B-FP8-without-reasoning,1_medium_3obj_da,instance_00001,Request Success Ratio,0.875
1113,clean_up,Qwen3.6-35B-A3B-FP8-without-reasoning,1_medium_3obj_da,instance_00001,Aborted,0
1114,clean_up,Qwen3.6-35B-A3B-FP8-without-reasoning,1_medium_3obj_da,instance_00001,Lose,0
1115,clean_up,Qwen3.6-35B-A3B-FP8-without-reasoning,1_medium_3obj_da,instance_00001,Success,1
1116,clean_up,Qwen3.6-35B-A3B-FP8-without-reasoning,1_medium_3obj_da,instance_00001,Distance Score,1.0
1117,clean_up,Qwen3.6-35B-A3B-FP8-without-reasoning,1_medium_3obj_da,instance_00001,Consistency Score,0.33333333333333337
1118,clean_up,Qwen3.6-35B-A3B-FP8-without-reasoning,1_medium_3obj_da,instance_00001,Coverage Score,1.0
1119,clean_up,Qwen3.6-35B-A3B-FP8-without-reasoning,1_medium_3obj_da,instance_00001,Penalty Score,0.9285714285714286
1120,clean_up,Qwen3.6-35B-A3B-FP8-without-reasoning,1_medium_3obj_da,instance_00001,Moves,"[['Player 2', 'C'], ['Player 1', 'C'], ['Player 2', 'L'], ['Player 2', 'P'], ['Player 1', 'L'], ['Player 1', 'P']]"
1121,clean_up,Qwen3.6-35B-A3B-FP8-without-reasoning,1_medium_3obj_da,instance_00001,Init States,"{'state_1': [{'id': 'C', 'coord': [3, 2]}, {'id': 'L', 'coord': [2, 1]}, {'id': 'P', 'coord': [3, 1]}], 'state_2': [{'id': 'C', 'coord': [2, 4]}, {'id': 'L', 'coord': [6, 6]}, {'id': 'P', 'coord': [5, 2]}]}"
1122,clean_up,Qwen3.6-35B-A3B-FP8-without-reasoning,1_medium_3obj_da,instance_00001,End States,"{'state_1': [{'id': 'C', 'coord': [1, 1]}, {'id': 'L', 'coord': [1, 2]}, {'id': 'P', 'coord': [1, 3]}], 'state_2': [{'id': 'C', 'coord': [1, 1]}, {'id': 'L', 'coord': [1, 2]}, {'id': 'P', 'coord': [1, 3]}]}"
1123,clean_up,Qwen3.6-35B-A3B-FP8-without-reasoning,1_medium_3obj_da,instance_00001,Shifts,4
1124,clean_up,Qwen3.6-35B-A3B-FP8-without-reasoning,1_medium_3obj_da,instance_00001,Max Shifts,4
1125,clean_up,Qwen3.6-35B-A3B-FP8-without-reasoning,1_medium_3obj_da,instance_00001,Min Shifts,2
1126,clean_up,Qwen3.6-35B-A3B-FP8-without-reasoning,1_medium_3obj_da,instance_00001,End Distance Sum,0.0
1127,clean_up,Qwen3.6-35B-A3B-FP8-without-reasoning,1_medium_3obj_da,instance_00001,Init Distance Sum,10.875260192432428
1128,clean_up,Qwen3.6-35B-A3B-FP8-without-reasoning,1_medium_3obj_da,instance_00001,Expected Distance Sum,12.570787221094177
1129,clean_up,Qwen3.6-35B-A3B-FP8-without-reasoning,1_medium_3obj_da,instance_00001,Penalties,2
1130,clean_up,Qwen3.6-35B-A3B-FP8-without-reasoning,1_medium_3obj_da,instance_00001,Max Penalties,8
1131,clean_up,Qwen3.6-35B-A3B-FP8-without-reasoning,1_medium_3obj_da,instance_00001,Rounds,7
1132,clean_up,Qwen3.6-35B-A3B-FP8-without-reasoning,1_medium_3obj_da,instance_00001,Max Rounds,12
1133,clean_up,Qwen3.6-35B-A3B-FP8-without-reasoning,1_medium_3obj_da,instance_00001,Object Count,3
1134,clean_up,Qwen3.6-35B-A3B-FP8-without-reasoning,1_medium_3obj_da,instance_00001,Valid Moves,6
1135,clean_up,Qwen3.6-35B-A3B-FP8-without-reasoning,1_medium_3obj_da,instance_00001,Invalid Moves,0
1136,clean_up,Qwen3.6-35B-A3B-FP8-without-reasoning,1_medium_3obj_da,instance_00001,Parse Errors,2
1137,clean_up,Qwen3.6-35B-A3B-FP8-without-reasoning,1_medium_3obj_da,instance_00001,Main Score,92.85714285714286
1138,clean_up,Qwen3.6-35B-A3B-FP8-without-reasoning,1_medium_3obj_da,instance_00000,Request Count,13
1139,clean_up,Qwen3.6-35B-A3B-FP8-without-reasoning,1_medium_3obj_da,instance_00000,Parsed Request Count,12
1140,clean_up,Qwen3.6-35B-A3B-FP8-without-reasoning,1_medium_3obj_da,instance_00000,Violated Request Count,1
1141,clean_up,Qwen3.6-35B-A3B-FP8-without-reasoning,1_medium_3obj_da,instance_00000,Request Success Ratio,0.9230769230769231
1142,clean_up,Qwen3.6-35B-A3B-FP8-without-reasoning,1_medium_3obj_da,instance_00000,Aborted,0
1143,clean_up,Qwen3.6-35B-A3B-FP8-without-reasoning,1_medium_3obj_da,instance_00000,Lose,0
1144,clean_up,Qwen3.6-35B-A3B-FP8-without-reasoning,1_medium_3obj_da,instance_00000,Success,1
1145,clean_up,Qwen3.6-35B-A3B-FP8-without-reasoning,1_medium_3obj_da,instance_00000,Distance Score,0.16748561434760073
1146,clean_up,Qwen3.6-35B-A3B-FP8-without-reasoning,1_medium_3obj_da,instance_00000,Consistency Score,0.6666666666666667
1147,clean_up,Qwen3.6-35B-A3B-FP8-without-reasoning,1_medium_3obj_da,instance_00000,Coverage Score,1.0
1148,clean_up,Qwen3.6-35B-A3B-FP8-without-reasoning,1_medium_3obj_da,instance_00000,Penalty Score,0.8846153846153846
1149,clean_up,Qwen3.6-35B-A3B-FP8-without-reasoning,1_medium_3obj_da,instance_00000,Moves,"[['Player 1', 'C'], ['Player 2', 'L'], ['Player 1', 'L'], ['Player 2', 'C'], ['Player 1', 'P'], ['Player 2', 'P']]"
1150,clean_up,Qwen3.6-35B-A3B-FP8-without-reasoning,1_medium_3obj_da,instance_00000,Init States,"{'state_1': [{'id': 'C', 'coord': [2, 6]}, {'id': 'L', 'coord': [1, 6]}, {'id': 'P', 'coord': [4, 5]}], 'state_2': [{'id': 'C', 'coord': [7, 3]}, {'id': 'L', 'coord': [5, 1]}, {'id': 'P', 'coord': [5, 6]}]}"
1151,clean_up,Qwen3.6-35B-A3B-FP8-without-reasoning,1_medium_3obj_da,instance_00000,End States,"{'state_1': [{'id': 'C', 'coord': [1, 1]}, {'id': 'L', 'coord': [2, 3]}, {'id': 'P', 'coord': [3, 1]}], 'state_2': [{'id': 'C', 'coord': [3, 3]}, {'id': 'L', 'coord': [3, 1]}, {'id': 'P', 'coord': [6, 6]}]}"
1152,clean_up,Qwen3.6-35B-A3B-FP8-without-reasoning,1_medium_3obj_da,instance_00000,Shifts,3
1153,clean_up,Qwen3.6-35B-A3B-FP8-without-reasoning,1_medium_3obj_da,instance_00000,Max Shifts,4
1154,clean_up,Qwen3.6-35B-A3B-FP8-without-reasoning,1_medium_3obj_da,instance_00000,Min Shifts,2
1155,clean_up,Qwen3.6-35B-A3B-FP8-without-reasoning,1_medium_3obj_da,instance_00000,End Distance Sum,10.89544699709128
1156,clean_up,Qwen3.6-35B-A3B-FP8-without-reasoning,1_medium_3obj_da,instance_00000,Init Distance Sum,13.648289694651245
1157,clean_up,Qwen3.6-35B-A3B-FP8-without-reasoning,1_medium_3obj_da,instance_00000,Expected Distance Sum,12.570787221094177
1158,clean_up,Qwen3.6-35B-A3B-FP8-without-reasoning,1_medium_3obj_da,instance_00000,Penalties,3
1159,clean_up,Qwen3.6-35B-A3B-FP8-without-reasoning,1_medium_3obj_da,instance_00000,Max Penalties,8
1160,clean_up,Qwen3.6-35B-A3B-FP8-without-reasoning,1_medium_3obj_da,instance_00000,Rounds,5
1161,clean_up,Qwen3.6-35B-A3B-FP8-without-reasoning,1_medium_3obj_da,instance_00000,Max Rounds,12
1162,clean_up,Qwen3.6-35B-A3B-FP8-without-reasoning,1_medium_3obj_da,instance_00000,Object Count,3
1163,clean_up,Qwen3.6-35B-A3B-FP8-without-reasoning,1_medium_3obj_da,instance_00000,Valid Moves,6
1164,clean_up,Qwen3.6-35B-A3B-FP8-without-reasoning,1_medium_3obj_da,instance_00000,Invalid Moves,2
1165,clean_up,Qwen3.6-35B-A3B-FP8-without-reasoning,1_medium_3obj_da,instance_00000,Parse Errors,1
1166,clean_up,Qwen3.6-35B-A3B-FP8-without-reasoning,1_medium_3obj_da,instance_00000,Main Score,14.816035115364679
1167,clean_up,Qwen3.6-35B-A3B-FP8-without-reasoning,0_easy_5obj_da,instance_00002,Request Count,42
1168,clean_up,Qwen3.6-35B-A3B-FP8-without-reasoning,0_easy_5obj_da,instance_00002,Parsed Request Count,40
1169,clean_up,Qwen3.6-35B-A3B-FP8-without-reasoning,0_easy_5obj_da,instance_00002,Violated Request Count,2
1170,clean_up,Qwen3.6-35B-A3B-FP8-without-reasoning,0_easy_5obj_da,instance_00002,Request Success Ratio,0.9523809523809523
1171,clean_up,Qwen3.6-35B-A3B-FP8-without-reasoning,0_easy_5obj_da,instance_00002,Aborted,0
1172,clean_up,Qwen3.6-35B-A3B-FP8-without-reasoning,0_easy_5obj_da,instance_00002,Lose,0
1173,clean_up,Qwen3.6-35B-A3B-FP8-without-reasoning,0_easy_5obj_da,instance_00002,Success,1
1174,clean_up,Qwen3.6-35B-A3B-FP8-without-reasoning,0_easy_5obj_da,instance_00002,Distance Score,0.6750762081517181
1175,clean_up,Qwen3.6-35B-A3B-FP8-without-reasoning,0_easy_5obj_da,instance_00002,Consistency Score,-0.6000000000000001
1176,clean_up,Qwen3.6-35B-A3B-FP8-without-reasoning,0_easy_5obj_da,instance_00002,Coverage Score,1.0
1177,clean_up,Qwen3.6-35B-A3B-FP8-without-reasoning,0_easy_5obj_da,instance_00002,Penalty Score,0.7500000000000001
1178,clean_up,Qwen3.6-35B-A3B-FP8-without-reasoning,0_easy_5obj_da,instance_00002,Moves,"[['Player 1', 'T'], ['Player 1', 'H'], ['Player 2', 'W'], ['Player 1', 'C'], ['Player 1', 'I'], ['Player 2', 'I'], ['Player 1', 'W'], ['Player 2', 'T'], ['Player 1', 'H'], ['Player 2', 'W'], ['Player 1', 'C'], ['Player 2', 'C'], ['Player 1', 'I'], ['Player 2', 'I'], ['Player 1', 'W'], ['Player 2', 'H'], ['Player 1', 'H']]"
1179,clean_up,Qwen3.6-35B-A3B-FP8-without-reasoning,0_easy_5obj_da,instance_00002,Init States,"{'state_1': [{'id': 'W', 'coord': [7, 4]}, {'id': 'I', 'coord': [5, 4]}, {'id': 'T', 'coord': [3, 1]}, {'id': 'C', 'coord': [3, 2]}, {'id': 'H', 'coord': [2, 2]}], 'state_2': [{'id': 'W', 'coord': [1, 1]}, {'id': 'I', 'coord': [7, 4]}, {'id': 'T', 'coord': [2, 1]}, {'id': 'C', 'coord': [4, 1]}, {'id': 'H', 'coord': [4, 7]}]}"
1180,clean_up,Qwen3.6-35B-A3B-FP8-without-reasoning,0_easy_5obj_da,instance_00002,End States,"{'state_1': [{'id': 'W', 'coord': [5, 1]}, {'id': 'I', 'coord': [4, 1]}, {'id': 'T', 'coord': [1, 1]}, {'id': 'C', 'coord': [3, 1]}, {'id': 'H', 'coord': [2, 1]}], 'state_2': [{'id': 'W', 'coord': [2, 1]}, {'id': 'I', 'coord': [4, 1]}, {'id': 'T', 'coord': [1, 1]}, {'id': 'C', 'coord': [3, 1]}, {'id': 'H', 'coord': [5, 1]}]}"
1181,clean_up,Qwen3.6-35B-A3B-FP8-without-reasoning,0_easy_5obj_da,instance_00002,Shifts,12
1182,clean_up,Qwen3.6-35B-A3B-FP8-without-reasoning,0_easy_5obj_da,instance_00002,Max Shifts,8
1183,clean_up,Qwen3.6-35B-A3B-FP8-without-reasoning,0_easy_5obj_da,instance_00002,Min Shifts,4
1184,clean_up,Qwen3.6-35B-A3B-FP8-without-reasoning,0_easy_5obj_da,instance_00002,End Distance Sum,6.0
1185,clean_up,Qwen3.6-35B-A3B-FP8-without-reasoning,0_easy_5obj_da,instance_00002,Init Distance Sum,16.50758230200697
1186,clean_up,Qwen3.6-35B-A3B-FP8-without-reasoning,0_easy_5obj_da,instance_00002,Expected Distance Sum,20.95131203515696
1187,clean_up,Qwen3.6-35B-A3B-FP8-without-reasoning,0_easy_5obj_da,instance_00002,Penalties,8
1188,clean_up,Qwen3.6-35B-A3B-FP8-without-reasoning,0_easy_5obj_da,instance_00002,Max Penalties,12
1189,clean_up,Qwen3.6-35B-A3B-FP8-without-reasoning,0_easy_5obj_da,instance_00002,Rounds,17
1190,clean_up,Qwen3.6-35B-A3B-FP8-without-reasoning,0_easy_5obj_da,instance_00002,Max Rounds,20
1191,clean_up,Qwen3.6-35B-A3B-FP8-without-reasoning,0_easy_5obj_da,instance_00002,Object Count,5
1192,clean_up,Qwen3.6-35B-A3B-FP8-without-reasoning,0_easy_5obj_da,instance_00002,Valid Moves,17
1193,clean_up,Qwen3.6-35B-A3B-FP8-without-reasoning,0_easy_5obj_da,instance_00002,Invalid Moves,6
1194,clean_up,Qwen3.6-35B-A3B-FP8-without-reasoning,0_easy_5obj_da,instance_00002,Parse Errors,2
1195,clean_up,Qwen3.6-35B-A3B-FP8-without-reasoning,0_easy_5obj_da,instance_00002,Main Score,50.63071561137886
1196,clean_up,Qwen3.6-35B-A3B-FP8-without-reasoning,0_easy_5obj_da,instance_00001,Request Count,28
1197,clean_up,Qwen3.6-35B-A3B-FP8-without-reasoning,0_easy_5obj_da,instance_00001,Parsed Request Count,20
1198,clean_up,Qwen3.6-35B-A3B-FP8-without-reasoning,0_easy_5obj_da,instance_00001,Violated Request Count,8
1199,clean_up,Qwen3.6-35B-A3B-FP8-without-reasoning,0_easy_5obj_da,instance_00001,Request Success Ratio,0.7142857142857143
1200,clean_up,Qwen3.6-35B-A3B-FP8-without-reasoning,0_easy_5obj_da,instance_00001,Aborted,0
1201,clean_up,Qwen3.6-35B-A3B-FP8-without-reasoning,0_easy_5obj_da,instance_00001,Lose,0
1202,clean_up,Qwen3.6-35B-A3B-FP8-without-reasoning,0_easy_5obj_da,instance_00001,Success,1
1203,clean_up,Qwen3.6-35B-A3B-FP8-without-reasoning,0_easy_5obj_da,instance_00001,Distance Score,0.19561258405927712
1204,clean_up,Qwen3.6-35B-A3B-FP8-without-reasoning,0_easy_5obj_da,instance_00001,Coverage Score,0.08333333333333333
1205,clean_up,Qwen3.6-35B-A3B-FP8-without-reasoning,0_easy_5obj_da,instance_00001,Penalty Score,0.5
1206,clean_up,Qwen3.6-35B-A3B-FP8-without-reasoning,0_easy_5obj_da,instance_00001,Moves,"[['Player 1', 'W'], ['Player 1', 'H']]"
1207,clean_up,Qwen3.6-35B-A3B-FP8-without-reasoning,0_easy_5obj_da,instance_00001,Init States,"{'state_1': [{'id': 'W', 'coord': [3, 5]}, {'id': 'I', 'coord': [1, 1]}, {'id': 'T', 'coord': [4, 3]}, {'id': 'C', 'coord': [5, 5]}, {'id': 'H', 'coord': [7, 6]}], 'state_2': [{'id': 'W', 'coord': [3, 5]}, {'id': 'I', 'coord': [2, 5]}, {'id': 'T', 'coord': [1, 7]}, {'id': 'C', 'coord': [4, 2]}, {'id': 'H', 'coord': [3, 1]}]}"
1208,clean_up,Qwen3.6-35B-A3B-FP8-without-reasoning,0_easy_5obj_da,instance_00001,End States,"{'state_1': [{'id': 'W', 'coord': [1, 2]}, {'id': 'I', 'coord': [1, 1]}, {'id': 'T', 'coord': [4, 3]}, {'id': 'C', 'coord': [5, 5]}, {'id': 'H', 'coord': [3, 1]}], 'state_2': [{'id': 'W', 'coord': [3, 5]}, {'id': 'I', 'coord': [2, 5]}, {'id': 'T', 'coord': [1, 7]}, {'id': 'C', 'coord': [4, 2]}, {'id': 'H', 'coord': [3, 1]}]}"
1209,clean_up,Qwen3.6-35B-A3B-FP8-without-reasoning,0_easy_5obj_da,instance_00001,Shifts,1
1210,clean_up,Qwen3.6-35B-A3B-FP8-without-reasoning,0_easy_5obj_da,instance_00001,Max Shifts,8
1211,clean_up,Qwen3.6-35B-A3B-FP8-without-reasoning,0_easy_5obj_da,instance_00001,Min Shifts,4
1212,clean_up,Qwen3.6-35B-A3B-FP8-without-reasoning,0_easy_5obj_da,instance_00001,End Distance Sum,15.89093456125003
1213,clean_up,Qwen3.6-35B-A3B-FP8-without-reasoning,0_easy_5obj_da,instance_00001,Init Distance Sum,18.688507523218888
1214,clean_up,Qwen3.6-35B-A3B-FP8-without-reasoning,0_easy_5obj_da,instance_00001,Expected Distance Sum,20.95131203515696
1215,clean_up,Qwen3.6-35B-A3B-FP8-without-reasoning,0_easy_5obj_da,instance_00001,Penalties,12
1216,clean_up,Qwen3.6-35B-A3B-FP8-without-reasoning,0_easy_5obj_da,instance_00001,Max Penalties,12
1217,clean_up,Qwen3.6-35B-A3B-FP8-without-reasoning,0_easy_5obj_da,instance_00001,Rounds,8
1218,clean_up,Qwen3.6-35B-A3B-FP8-without-reasoning,0_easy_5obj_da,instance_00001,Max Rounds,20
1219,clean_up,Qwen3.6-35B-A3B-FP8-without-reasoning,0_easy_5obj_da,instance_00001,Object Count,5
1220,clean_up,Qwen3.6-35B-A3B-FP8-without-reasoning,0_easy_5obj_da,instance_00001,Valid Moves,2
1221,clean_up,Qwen3.6-35B-A3B-FP8-without-reasoning,0_easy_5obj_da,instance_00001,Invalid Moves,4
1222,clean_up,Qwen3.6-35B-A3B-FP8-without-reasoning,0_easy_5obj_da,instance_00001,Parse Errors,8
1223,clean_up,Qwen3.6-35B-A3B-FP8-without-reasoning,0_easy_5obj_da,instance_00001,Main Score,9.780629202963857
1224,clean_up,Qwen3.6-35B-A3B-FP8-without-reasoning,0_easy_5obj_da,instance_00000,Request Count,28
1225,clean_up,Qwen3.6-35B-A3B-FP8-without-reasoning,0_easy_5obj_da,instance_00000,Parsed Request Count,27
1226,clean_up,Qwen3.6-35B-A3B-FP8-without-reasoning,0_easy_5obj_da,instance_00000,Violated Request Count,1
1227,clean_up,Qwen3.6-35B-A3B-FP8-without-reasoning,0_easy_5obj_da,instance_00000,Request Success Ratio,0.9642857142857143
1228,clean_up,Qwen3.6-35B-A3B-FP8-without-reasoning,0_easy_5obj_da,instance_00000,Aborted,1
1229,clean_up,Qwen3.6-35B-A3B-FP8-without-reasoning,0_easy_5obj_da,instance_00000,Lose,1
1230,clean_up,Qwen3.6-35B-A3B-FP8-without-reasoning,0_easy_5obj_da,instance_00000,Success,0
1231,clean_up,Qwen3.6-35B-A3B-FP8-without-reasoning,0_easy_5obj_da,instance_00000,Distance Score,0.07922978692733362
1232,clean_up,Qwen3.6-35B-A3B-FP8-without-reasoning,0_easy_5obj_da,instance_00000,Consistency Score,0.4
1233,clean_up,Qwen3.6-35B-A3B-FP8-without-reasoning,0_easy_5obj_da,instance_00000,Coverage Score,0.8333333333333334
1234,clean_up,Qwen3.6-35B-A3B-FP8-without-reasoning,0_easy_5obj_da,instance_00000,Penalty Score,0.2999999999999998
1235,clean_up,Qwen3.6-35B-A3B-FP8-without-reasoning,0_easy_5obj_da,instance_00000,Moves,"[['Player 1', 'C'], ['Player 2', 'H'], ['Player 2', 'I'], ['Player 1', 'W'], ['Player 2', 'W'], ['Player 1', 'H'], ['Player 2', 'C'], ['Player 1', 'T'], ['Player 2', 'T'], ['Player 1', 'W']]"
1236,clean_up,Qwen3.6-35B-A3B-FP8-without-reasoning,0_easy_5obj_da,instance_00000,Init States,"{'state_1': [{'id': 'W', 'coord': [4, 3]}, {'id': 'I', 'coord': [6, 5]}, {'id': 'T', 'coord': [7, 1]}, {'id': 'C', 'coord': [2, 6]}, {'id': 'H', 'coord': [4, 1]}], 'state_2': [{'id': 'W', 'coord': [3, 5]}, {'id': 'I', 'coord': [1, 3]}, {'id': 'T', 'coord': [7, 7]}, {'id': 'C', 'coord': [1, 7]}, {'id': 'H', 'coord': [4, 1]}]}"
1237,clean_up,Qwen3.6-35B-A3B-FP8-without-reasoning,0_easy_5obj_da,instance_00000,End States,"{'state_1': [{'id': 'W', 'coord': [7, 1]}, {'id': 'I', 'coord': [6, 5]}, {'id': 'T', 'coord': [4, 1]}, {'id': 'C', 'coord': [1, 1]}, {'id': 'H', 'coord': [3, 1]}], 'state_2': [{'id': 'W', 'coord': [4, 1]}, {'id': 'I', 'coord': [5, 1]}, {'id': 'T', 'coord': [3, 1]}, {'id': 'C', 'coord': [6, 3]}, {'id': 'H', 'coord': [2, 5]}]}"
1238,clean_up,Qwen3.6-35B-A3B-FP8-without-reasoning,0_easy_5obj_da,instance_00000,Shifts,7
1239,clean_up,Qwen3.6-35B-A3B-FP8-without-reasoning,0_easy_5obj_da,instance_00000,Max Shifts,8
1240,clean_up,Qwen3.6-35B-A3B-FP8-without-reasoning,0_easy_5obj_da,instance_00000,Min Shifts,4
1241,clean_up,Qwen3.6-35B-A3B-FP8-without-reasoning,0_easy_5obj_da,instance_00000,End Distance Sum,17.631376058369828
1242,clean_up,Qwen3.6-35B-A3B-FP8-without-reasoning,0_easy_5obj_da,instance_00000,Init Distance Sum,15.03544634700739
1243,clean_up,Qwen3.6-35B-A3B-FP8-without-reasoning,0_easy_5obj_da,instance_00000,Expected Distance Sum,20.95131203515696
1244,clean_up,Qwen3.6-35B-A3B-FP8-without-reasoning,0_easy_5obj_da,instance_00000,Penalties,14
1245,clean_up,Qwen3.6-35B-A3B-FP8-without-reasoning,0_easy_5obj_da,instance_00000,Max Penalties,12
1246,clean_up,Qwen3.6-35B-A3B-FP8-without-reasoning,0_easy_5obj_da,instance_00000,Rounds,7
1247,clean_up,Qwen3.6-35B-A3B-FP8-without-reasoning,0_easy_5obj_da,instance_00000,Max Rounds,20
1248,clean_up,Qwen3.6-35B-A3B-FP8-without-reasoning,0_easy_5obj_da,instance_00000,Object Count,5
1249,clean_up,Qwen3.6-35B-A3B-FP8-without-reasoning,0_easy_5obj_da,instance_00000,Valid Moves,10
1250,clean_up,Qwen3.6-35B-A3B-FP8-without-reasoning,0_easy_5obj_da,instance_00000,Invalid Moves,13
1251,clean_up,Qwen3.6-35B-A3B-FP8-without-reasoning,0_easy_5obj_da,instance_00000,Parse Errors,1
1252,clean_up,Qwen3.6-35B-A3B-FP8-without-reasoning,0_easy_5obj_da,instance_00000,Main Score,
1253,clean_up,Qwen3.6-35B-A3B-FP8-without-reasoning,0_easy_7obj_da,instance_00002,Request Count,44
1254,clean_up,Qwen3.6-35B-A3B-FP8-without-reasoning,0_easy_7obj_da,instance_00002,Parsed Request Count,42
1255,clean_up,Qwen3.6-35B-A3B-FP8-without-reasoning,0_easy_7obj_da,instance_00002,Violated Request Count,2
1256,clean_up,Qwen3.6-35B-A3B-FP8-without-reasoning,0_easy_7obj_da,instance_00002,Request Success Ratio,0.9545454545454546
1257,clean_up,Qwen3.6-35B-A3B-FP8-without-reasoning,0_easy_7obj_da,instance_00002,Aborted,0
1258,clean_up,Qwen3.6-35B-A3B-FP8-without-reasoning,0_easy_7obj_da,instance_00002,Lose,0
1259,clean_up,Qwen3.6-35B-A3B-FP8-without-reasoning,0_easy_7obj_da,instance_00002,Success,1
1260,clean_up,Qwen3.6-35B-A3B-FP8-without-reasoning,0_easy_7obj_da,instance_00002,Distance Score,0.9666419140859888
1261,clean_up,Qwen3.6-35B-A3B-FP8-without-reasoning,0_easy_7obj_da,instance_00002,Consistency Score,0.5714285714285714
1262,clean_up,Qwen3.6-35B-A3B-FP8-without-reasoning,0_easy_7obj_da,instance_00002,Coverage Score,1.0
1263,clean_up,Qwen3.6-35B-A3B-FP8-without-reasoning,0_easy_7obj_da,instance_00002,Penalty Score,0.5
1264,clean_up,Qwen3.6-35B-A3B-FP8-without-reasoning,0_easy_7obj_da,instance_00002,Moves,"[['Player 2', 'S'], ['Player 1', 'S'], ['Player 2', 'T'], ['Player 1', 'T'], ['Player 2', 'A'], ['Player 1', 'A'], ['Player 2', 'P'], ['Player 1', 'P'], ['Player 2', 'O'], ['Player 1', 'O'], ['Player 2', 'D'], ['Player 1', 'D'], ['Player 2', 'M'], ['Player 1', 'M'], ['Player 2', 'M'], ['Player 1', 'D'], ['Player 1', 'O'], ['Player 2', 'D']]"
1265,clean_up,Qwen3.6-35B-A3B-FP8-without-reasoning,0_easy_7obj_da,instance_00002,Init States,"{'state_1': [{'id': 'P', 'coord': [1, 5]}, {'id': 'O', 'coord': [1, 3]}, {'id': 'T', 'coord': [7, 2]}, {'id': 'S', 'coord': [6, 1]}, {'id': 'D', 'coord': [4, 4]}, {'id': 'A', 'coord': [5, 4]}, {'id': 'M', 'coord': [5, 3]}], 'state_2': [{'id': 'P', 'coord': [3, 2]}, {'id': 'O', 'coord': [5, 2]}, {'id': 'T', 'coord': [1, 7]}, {'id': 'S', 'coord': [1, 3]}, {'id': 'D', 'coord': [4, 6]}, {'id': 'A', 'coord': [3, 1]}, {'id': 'M', 'coord': [4, 7]}]}"
1266,clean_up,Qwen3.6-35B-A3B-FP8-without-reasoning,0_easy_7obj_da,instance_00002,End States,"{'state_1': [{'id': 'P', 'coord': [3, 3]}, {'id': 'O', 'coord': [4, 4]}, {'id': 'T', 'coord': [7, 7]}, {'id': 'S', 'coord': [1, 1]}, {'id': 'D', 'coord': [5, 4]}, {'id': 'A', 'coord': [2, 2]}, {'id': 'M', 'coord': [6, 2]}], 'state_2': [{'id': 'P', 'coord': [3, 3]}, {'id': 'O', 'coord': [4, 4]}, {'id': 'T', 'coord': [7, 7]}, {'id': 'S', 'coord': [1, 1]}, {'id': 'D', 'coord': [5, 4]}, {'id': 'A', 'coord': [2, 2]}, {'id': 'M', 'coord': [6, 1]}]}"
1267,clean_up,Qwen3.6-35B-A3B-FP8-without-reasoning,0_easy_7obj_da,instance_00002,Shifts,9
1268,clean_up,Qwen3.6-35B-A3B-FP8-without-reasoning,0_easy_7obj_da,instance_00002,Max Shifts,12
1269,clean_up,Qwen3.6-35B-A3B-FP8-without-reasoning,0_easy_7obj_da,instance_00002,Min Shifts,6
1270,clean_up,Qwen3.6-35B-A3B-FP8-without-reasoning,0_easy_7obj_da,instance_00002,End Distance Sum,1.0
1271,clean_up,Qwen3.6-35B-A3B-FP8-without-reasoning,0_easy_7obj_da,instance_00002,Init Distance Sum,30.652728285204457
1272,clean_up,Qwen3.6-35B-A3B-FP8-without-reasoning,0_easy_7obj_da,instance_00002,Expected Distance Sum,29.331836849219748
1273,clean_up,Qwen3.6-35B-A3B-FP8-without-reasoning,0_easy_7obj_da,instance_00002,Penalties,16
1274,clean_up,Qwen3.6-35B-A3B-FP8-without-reasoning,0_easy_7obj_da,instance_00002,Max Penalties,16
1275,clean_up,Qwen3.6-35B-A3B-FP8-without-reasoning,0_easy_7obj_da,instance_00002,Rounds,14
1276,clean_up,Qwen3.6-35B-A3B-FP8-without-reasoning,0_easy_7obj_da,instance_00002,Max Rounds,28
1277,clean_up,Qwen3.6-35B-A3B-FP8-without-reasoning,0_easy_7obj_da,instance_00002,Object Count,7
1278,clean_up,Qwen3.6-35B-A3B-FP8-without-reasoning,0_easy_7obj_da,instance_00002,Valid Moves,18
1279,clean_up,Qwen3.6-35B-A3B-FP8-without-reasoning,0_easy_7obj_da,instance_00002,Invalid Moves,14
1280,clean_up,Qwen3.6-35B-A3B-FP8-without-reasoning,0_easy_7obj_da,instance_00002,Parse Errors,2
1281,clean_up,Qwen3.6-35B-A3B-FP8-without-reasoning,0_easy_7obj_da,instance_00002,Main Score,48.33209570429944
1282,clean_up,Qwen3.6-35B-A3B-FP8-without-reasoning,0_easy_7obj_da,instance_00001,Request Count,37
1283,clean_up,Qwen3.6-35B-A3B-FP8-without-reasoning,0_easy_7obj_da,instance_00001,Parsed Request Count,35
1284,clean_up,Qwen3.6-35B-A3B-FP8-without-reasoning,0_easy_7obj_da,instance_00001,Violated Request Count,2
1285,clean_up,Qwen3.6-35B-A3B-FP8-without-reasoning,0_easy_7obj_da,instance_00001,Request Success Ratio,0.9459459459459459
1286,clean_up,Qwen3.6-35B-A3B-FP8-without-reasoning,0_easy_7obj_da,instance_00001,Aborted,0
1287,clean_up,Qwen3.6-35B-A3B-FP8-without-reasoning,0_easy_7obj_da,instance_00001,Lose,0
1288,clean_up,Qwen3.6-35B-A3B-FP8-without-reasoning,0_easy_7obj_da,instance_00001,Success,1
1289,clean_up,Qwen3.6-35B-A3B-FP8-without-reasoning,0_easy_7obj_da,instance_00001,Distance Score,1.0
1290,clean_up,Qwen3.6-35B-A3B-FP8-without-reasoning,0_easy_7obj_da,instance_00001,Consistency Score,1.0
1291,clean_up,Qwen3.6-35B-A3B-FP8-without-reasoning,0_easy_7obj_da,instance_00001,Coverage Score,1.0
1292,clean_up,Qwen3.6-35B-A3B-FP8-without-reasoning,0_easy_7obj_da,instance_00001,Penalty Score,0.9482758620689655
1293,clean_up,Qwen3.6-35B-A3B-FP8-without-reasoning,0_easy_7obj_da,instance_00001,Moves,"[['Player 2', 'M'], ['Player 1', 'M'], ['Player 2', 'D'], ['Player 1', 'D'], ['Player 2', 'O'], ['Player 1', 'O'], ['Player 2', 'S'], ['Player 1', 'S'], ['Player 2', 'T'], ['Player 1', 'T'], ['Player 2', 'P'], ['Player 1', 'P'], ['Player 2', 'A'], ['Player 1', 'A']]"
1294,clean_up,Qwen3.6-35B-A3B-FP8-without-reasoning,0_easy_7obj_da,instance_00001,Init States,"{'state_1': [{'id': 'P', 'coord': [3, 1]}, {'id': 'O', 'coord': [3, 5]}, {'id': 'T', 'coord': [2, 4]}, {'id': 'S', 'coord': [7, 7]}, {'id': 'D', 'coord': [5, 3]}, {'id': 'A', 'coord': [6, 7]}, {'id': 'M', 'coord': [3, 4]}], 'state_2': [{'id': 'P', 'coord': [7, 4]}, {'id': 'O', 'coord': [3, 3]}, {'id': 'T', 'coord': [1, 1]}, {'id': 'S', 'coord': [5, 1]}, {'id': 'D', 'coord': [4, 2]}, {'id': 'A', 'coord': [6, 7]}, {'id': 'M', 'coord': [2, 4]}]}"
1295,clean_up,Qwen3.6-35B-A3B-FP8-without-reasoning,0_easy_7obj_da,instance_00001,End States,"{'state_1': [{'id': 'P', 'coord': [6, 2]}, {'id': 'O', 'coord': [3, 2]}, {'id': 'T', 'coord': [5, 2]}, {'id': 'S', 'coord': [4, 2]}, {'id': 'D', 'coord': [2, 2]}, {'id': 'A', 'coord': [7, 2]}, {'id': 'M', 'coord': [1, 2]}], 'state_2': [{'id': 'P', 'coord': [6, 2]}, {'id': 'O', 'coord': [3, 2]}, {'id': 'T', 'coord': [5, 2]}, {'id': 'S', 'coord': [4, 2]}, {'id': 'D', 'coord': [2, 2]}, {'id': 'A', 'coord': [7, 2]}, {'id': 'M', 'coord': [1, 2]}]}"
1296,clean_up,Qwen3.6-35B-A3B-FP8-without-reasoning,0_easy_7obj_da,instance_00001,Shifts,6
1297,clean_up,Qwen3.6-35B-A3B-FP8-without-reasoning,0_easy_7obj_da,instance_00001,Max Shifts,12
1298,clean_up,Qwen3.6-35B-A3B-FP8-without-reasoning,0_easy_7obj_da,instance_00001,Min Shifts,6
1299,clean_up,Qwen3.6-35B-A3B-FP8-without-reasoning,0_easy_7obj_da,instance_00001,End Distance Sum,0.0
1300,clean_up,Qwen3.6-35B-A3B-FP8-without-reasoning,0_easy_7obj_da,instance_00001,Init Distance Sum,18.901046542878234
1301,clean_up,Qwen3.6-35B-A3B-FP8-without-reasoning,0_easy_7obj_da,instance_00001,Expected Distance Sum,29.331836849219748
1302,clean_up,Qwen3.6-35B-A3B-FP8-without-reasoning,0_easy_7obj_da,instance_00001,Penalties,3
1303,clean_up,Qwen3.6-35B-A3B-FP8-without-reasoning,0_easy_7obj_da,instance_00001,Max Penalties,16
1304,clean_up,Qwen3.6-35B-A3B-FP8-without-reasoning,0_easy_7obj_da,instance_00001,Rounds,17
1305,clean_up,Qwen3.6-35B-A3B-FP8-without-reasoning,0_easy_7obj_da,instance_00001,Max Rounds,28
1306,clean_up,Qwen3.6-35B-A3B-FP8-without-reasoning,0_easy_7obj_da,instance_00001,Object Count,7
1307,clean_up,Qwen3.6-35B-A3B-FP8-without-reasoning,0_easy_7obj_da,instance_00001,Valid Moves,14
1308,clean_up,Qwen3.6-35B-A3B-FP8-without-reasoning,0_easy_7obj_da,instance_00001,Invalid Moves,1
1309,clean_up,Qwen3.6-35B-A3B-FP8-without-reasoning,0_easy_7obj_da,instance_00001,Parse Errors,2
1310,clean_up,Qwen3.6-35B-A3B-FP8-without-reasoning,0_easy_7obj_da,instance_00001,Main Score,94.82758620689656
1311,clean_up,Qwen3.6-35B-A3B-FP8-without-reasoning,0_easy_7obj_da,instance_00000,Request Count,35
1312,clean_up,Qwen3.6-35B-A3B-FP8-without-reasoning,0_easy_7obj_da,instance_00000,Parsed Request Count,34
1313,clean_up,Qwen3.6-35B-A3B-FP8-without-reasoning,0_easy_7obj_da,instance_00000,Violated Request Count,1
1314,clean_up,Qwen3.6-35B-A3B-FP8-without-reasoning,0_easy_7obj_da,instance_00000,Request Success Ratio,0.9714285714285714
1315,clean_up,Qwen3.6-35B-A3B-FP8-without-reasoning,0_easy_7obj_da,instance_00000,Aborted,1
1316,clean_up,Qwen3.6-35B-A3B-FP8-without-reasoning,0_easy_7obj_da,instance_00000,Lose,1
1317,clean_up,Qwen3.6-35B-A3B-FP8-without-reasoning,0_easy_7obj_da,instance_00000,Success,0
1318,clean_up,Qwen3.6-35B-A3B-FP8-without-reasoning,0_easy_7obj_da,instance_00000,Distance Score,0.4977919478509037
1319,clean_up,Qwen3.6-35B-A3B-FP8-without-reasoning,0_easy_7obj_da,instance_00000,Coverage Score,0.3125
1320,clean_up,Qwen3.6-35B-A3B-FP8-without-reasoning,0_easy_7obj_da,instance_00000,Penalty Score,0.26923076923076916
1321,clean_up,Qwen3.6-35B-A3B-FP8-without-reasoning,0_easy_7obj_da,instance_00000,Moves,"[['Player 2', 'S'], ['Player 1', 'S'], ['Player 2', 'D'], ['Player 1', 'D'], ['Player 2', 'O'], ['Player 1', 'O'], ['Player 2', 'A']]"
1322,clean_up,Qwen3.6-35B-A3B-FP8-without-reasoning,0_easy_7obj_da,instance_00000,Init States,"{'state_1': [{'id': 'P', 'coord': [4, 7]}, {'id': 'O', 'coord': [2, 5]}, {'id': 'T', 'coord': [7, 4]}, {'id': 'S', 'coord': [6, 3]}, {'id': 'D', 'coord': [6, 4]}, {'id': 'A', 'coord': [3, 7]}, {'id': 'M', 'coord': [5, 7]}], 'state_2': [{'id': 'P', 'coord': [6, 4]}, {'id': 'O', 'coord': [5, 6]}, {'id': 'T', 'coord': [7, 3]}, {'id': 'S', 'coord': [3, 7]}, {'id': 'D', 'coord': [1, 5]}, {'id': 'A', 'coord': [6, 5]}, {'id': 'M', 'coord': [4, 3]}]}"
1323,clean_up,Qwen3.6-35B-A3B-FP8-without-reasoning,0_easy_7obj_da,instance_00000,End States,"{'state_1': [{'id': 'P', 'coord': [4, 7]}, {'id': 'O', 'coord': [1, 3]}, {'id': 'T', 'coord': [7, 4]}, {'id': 'S', 'coord': [1, 1]}, {'id': 'D', 'coord': [7, 2]}, {'id': 'A', 'coord': [3, 7]}, {'id': 'M', 'coord': [5, 7]}], 'state_2': [{'id': 'P', 'coord': [6, 4]}, {'id': 'O', 'coord': [1, 3]}, {'id': 'T', 'coord': [7, 3]}, {'id': 'S', 'coord': [1, 1]}, {'id': 'D', 'coord': [7, 2]}, {'id': 'A', 'coord': [7, 4]}, {'id': 'M', 'coord': [4, 3]}]}"
1324,clean_up,Qwen3.6-35B-A3B-FP8-without-reasoning,0_easy_7obj_da,instance_00000,Shifts,3
1325,clean_up,Qwen3.6-35B-A3B-FP8-without-reasoning,0_easy_7obj_da,instance_00000,Max Shifts,12
1326,clean_up,Qwen3.6-35B-A3B-FP8-without-reasoning,0_easy_7obj_da,instance_00000,Min Shifts,6
1327,clean_up,Qwen3.6-35B-A3B-FP8-without-reasoning,0_easy_7obj_da,instance_00000,End Distance Sum,13.72865690108165
1328,clean_up,Qwen3.6-35B-A3B-FP8-without-reasoning,0_easy_7obj_da,instance_00000,Init Distance Sum,25.5955053503068
1329,clean_up,Qwen3.6-35B-A3B-FP8-without-reasoning,0_easy_7obj_da,instance_00000,Expected Distance Sum,29.331836849219748
1330,clean_up,Qwen3.6-35B-A3B-FP8-without-reasoning,0_easy_7obj_da,instance_00000,Penalties,19
1331,clean_up,Qwen3.6-35B-A3B-FP8-without-reasoning,0_easy_7obj_da,instance_00000,Max Penalties,16
1332,clean_up,Qwen3.6-35B-A3B-FP8-without-reasoning,0_easy_7obj_da,instance_00000,Rounds,8
1333,clean_up,Qwen3.6-35B-A3B-FP8-without-reasoning,0_easy_7obj_da,instance_00000,Max Rounds,28
1334,clean_up,Qwen3.6-35B-A3B-FP8-without-reasoning,0_easy_7obj_da,instance_00000,Object Count,7
1335,clean_up,Qwen3.6-35B-A3B-FP8-without-reasoning,0_easy_7obj_da,instance_00000,Valid Moves,7
1336,clean_up,Qwen3.6-35B-A3B-FP8-without-reasoning,0_easy_7obj_da,instance_00000,Invalid Moves,18
1337,clean_up,Qwen3.6-35B-A3B-FP8-without-reasoning,0_easy_7obj_da,instance_00000,Parse Errors,1
1338,clean_up,Qwen3.6-35B-A3B-FP8-without-reasoning,0_easy_7obj_da,instance_00000,Main Score,
1339,clean_up,Qwen3.6-35B-A3B-FP8-without-reasoning,0_easy_3obj_da,instance_00002,Request Count,13
1340,clean_up,Qwen3.6-35B-A3B-FP8-without-reasoning,0_easy_3obj_da,instance_00002,Parsed Request Count,12
1341,clean_up,Qwen3.6-35B-A3B-FP8-without-reasoning,0_easy_3obj_da,instance_00002,Violated Request Count,1
1342,clean_up,Qwen3.6-35B-A3B-FP8-without-reasoning,0_easy_3obj_da,instance_00002,Request Success Ratio,0.9230769230769231
1343,clean_up,Qwen3.6-35B-A3B-FP8-without-reasoning,0_easy_3obj_da,instance_00002,Aborted,0
1344,clean_up,Qwen3.6-35B-A3B-FP8-without-reasoning,0_easy_3obj_da,instance_00002,Lose,0
1345,clean_up,Qwen3.6-35B-A3B-FP8-without-reasoning,0_easy_3obj_da,instance_00002,Success,1
1346,clean_up,Qwen3.6-35B-A3B-FP8-without-reasoning,0_easy_3obj_da,instance_00002,Distance Score,1.0
1347,clean_up,Qwen3.6-35B-A3B-FP8-without-reasoning,0_easy_3obj_da,instance_00002,Consistency Score,0.0
1348,clean_up,Qwen3.6-35B-A3B-FP8-without-reasoning,0_easy_3obj_da,instance_00002,Coverage Score,1.0
1349,clean_up,Qwen3.6-35B-A3B-FP8-without-reasoning,0_easy_3obj_da,instance_00002,Penalty Score,0.8846153846153846
1350,clean_up,Qwen3.6-35B-A3B-FP8-without-reasoning,0_easy_3obj_da,instance_00002,Moves,"[['Player 1', 'P'], ['Player 2', 'L'], ['Player 1', 'C'], ['Player 2', 'P'], ['Player 1', 'L'], ['Player 2', 'C']]"
1351,clean_up,Qwen3.6-35B-A3B-FP8-without-reasoning,0_easy_3obj_da,instance_00002,Init States,"{'state_1': [{'id': 'C', 'coord': [2, 3]}, {'id': 'L', 'coord': [5, 1]}, {'id': 'P', 'coord': [1, 2]}], 'state_2': [{'id': 'C', 'coord': [5, 1]}, {'id': 'L', 'coord': [1, 2]}, {'id': 'P', 'coord': [1, 3]}]}"
1352,clean_up,Qwen3.6-35B-A3B-FP8-without-reasoning,0_easy_3obj_da,instance_00002,End States,"{'state_1': [{'id': 'C', 'coord': [4, 4]}, {'id': 'L', 'coord': [5, 6]}, {'id': 'P', 'coord': [3, 3]}], 'state_2': [{'id': 'C', 'coord': [4, 4]}, {'id': 'L', 'coord': [5, 6]}, {'id': 'P', 'coord': [3, 3]}]}"
1353,clean_up,Qwen3.6-35B-A3B-FP8-without-reasoning,0_easy_3obj_da,instance_00002,Shifts,5
1354,clean_up,Qwen3.6-35B-A3B-FP8-without-reasoning,0_easy_3obj_da,instance_00002,Max Shifts,4
1355,clean_up,Qwen3.6-35B-A3B-FP8-without-reasoning,0_easy_3obj_da,instance_00002,Min Shifts,2
1356,clean_up,Qwen3.6-35B-A3B-FP8-without-reasoning,0_easy_3obj_da,instance_00002,End Distance Sum,0.0
1357,clean_up,Qwen3.6-35B-A3B-FP8-without-reasoning,0_easy_3obj_da,instance_00002,Init Distance Sum,8.72865690108165
1358,clean_up,Qwen3.6-35B-A3B-FP8-without-reasoning,0_easy_3obj_da,instance_00002,Expected Distance Sum,12.570787221094177
1359,clean_up,Qwen3.6-35B-A3B-FP8-without-reasoning,0_easy_3obj_da,instance_00002,Penalties,3
1360,clean_up,Qwen3.6-35B-A3B-FP8-without-reasoning,0_easy_3obj_da,instance_00002,Max Penalties,8
1361,clean_up,Qwen3.6-35B-A3B-FP8-without-reasoning,0_easy_3obj_da,instance_00002,Rounds,5
1362,clean_up,Qwen3.6-35B-A3B-FP8-without-reasoning,0_easy_3obj_da,instance_00002,Max Rounds,12
1363,clean_up,Qwen3.6-35B-A3B-FP8-without-reasoning,0_easy_3obj_da,instance_00002,Object Count,3
1364,clean_up,Qwen3.6-35B-A3B-FP8-without-reasoning,0_easy_3obj_da,instance_00002,Valid Moves,6
1365,clean_up,Qwen3.6-35B-A3B-FP8-without-reasoning,0_easy_3obj_da,instance_00002,Invalid Moves,2
1366,clean_up,Qwen3.6-35B-A3B-FP8-without-reasoning,0_easy_3obj_da,instance_00002,Parse Errors,1
1367,clean_up,Qwen3.6-35B-A3B-FP8-without-reasoning,0_easy_3obj_da,instance_00002,Main Score,88.46153846153845
1368,clean_up,Qwen3.6-35B-A3B-FP8-without-reasoning,0_easy_3obj_da,instance_00001,Request Count,19
1369,clean_up,Qwen3.6-35B-A3B-FP8-without-reasoning,0_easy_3obj_da,instance_00001,Parsed Request Count,16
1370,clean_up,Qwen3.6-35B-A3B-FP8-without-reasoning,0_easy_3obj_da,instance_00001,Violated Request Count,3
1371,clean_up,Qwen3.6-35B-A3B-FP8-without-reasoning,0_easy_3obj_da,instance_00001,Request Success Ratio,0.8421052631578947
1372,clean_up,Qwen3.6-35B-A3B-FP8-without-reasoning,0_easy_3obj_da,instance_00001,Aborted,0
1373,clean_up,Qwen3.6-35B-A3B-FP8-without-reasoning,0_easy_3obj_da,instance_00001,Lose,0
1374,clean_up,Qwen3.6-35B-A3B-FP8-without-reasoning,0_easy_3obj_da,instance_00001,Success,1
1375,clean_up,Qwen3.6-35B-A3B-FP8-without-reasoning,0_easy_3obj_da,instance_00001,Distance Score,0.6566931270142043
1376,clean_up,Qwen3.6-35B-A3B-FP8-without-reasoning,0_easy_3obj_da,instance_00001,Consistency Score,0.6666666666666667
1377,clean_up,Qwen3.6-35B-A3B-FP8-without-reasoning,0_easy_3obj_da,instance_00001,Coverage Score,1.0
1378,clean_up,Qwen3.6-35B-A3B-FP8-without-reasoning,0_easy_3obj_da,instance_00001,Penalty Score,0.6111111111111112
1379,clean_up,Qwen3.6-35B-A3B-FP8-without-reasoning,0_easy_3obj_da,instance_00001,Moves,"[['Player 2', 'C'], ['Player 1', 'C'], ['Player 2', 'P'], ['Player 1', 'L'], ['Player 2', 'L'], ['Player 1', 'P']]"
1380,clean_up,Qwen3.6-35B-A3B-FP8-without-reasoning,0_easy_3obj_da,instance_00001,Init States,"{'state_1': [{'id': 'C', 'coord': [2, 2]}, {'id': 'L', 'coord': [5, 5]}, {'id': 'P', 'coord': [7, 7]}], 'state_2': [{'id': 'C', 'coord': [3, 2]}, {'id': 'L', 'coord': [1, 7]}, {'id': 'P', 'coord': [2, 5]}]}"
1381,clean_up,Qwen3.6-35B-A3B-FP8-without-reasoning,0_easy_3obj_da,instance_00001,End States,"{'state_1': [{'id': 'C', 'coord': [3, 2]}, {'id': 'L', 'coord': [1, 7]}, {'id': 'P', 'coord': [2, 5]}], 'state_2': [{'id': 'C', 'coord': [3, 1]}, {'id': 'L', 'coord': [1, 5]}, {'id': 'P', 'coord': [2, 4]}]}"
1382,clean_up,Qwen3.6-35B-A3B-FP8-without-reasoning,0_easy_3obj_da,instance_00001,Shifts,3
1383,clean_up,Qwen3.6-35B-A3B-FP8-without-reasoning,0_easy_3obj_da,instance_00001,Max Shifts,4
1384,clean_up,Qwen3.6-35B-A3B-FP8-without-reasoning,0_easy_3obj_da,instance_00001,Min Shifts,2
1385,clean_up,Qwen3.6-35B-A3B-FP8-without-reasoning,0_easy_3obj_da,instance_00001,End Distance Sum,4.0
1386,clean_up,Qwen3.6-35B-A3B-FP8-without-reasoning,0_easy_3obj_da,instance_00001,Init Distance Sum,10.857300762134084
1387,clean_up,Qwen3.6-35B-A3B-FP8-without-reasoning,0_easy_3obj_da,instance_00001,Expected Distance Sum,12.570787221094177
1388,clean_up,Qwen3.6-35B-A3B-FP8-without-reasoning,0_easy_3obj_da,instance_00001,Penalties,7
1389,clean_up,Qwen3.6-35B-A3B-FP8-without-reasoning,0_easy_3obj_da,instance_00001,Max Penalties,8
1390,clean_up,Qwen3.6-35B-A3B-FP8-without-reasoning,0_easy_3obj_da,instance_00001,Rounds,6
1391,clean_up,Qwen3.6-35B-A3B-FP8-without-reasoning,0_easy_3obj_da,instance_00001,Max Rounds,12
1392,clean_up,Qwen3.6-35B-A3B-FP8-without-reasoning,0_easy_3obj_da,instance_00001,Object Count,3
1393,clean_up,Qwen3.6-35B-A3B-FP8-without-reasoning,0_easy_3obj_da,instance_00001,Valid Moves,6
1394,clean_up,Qwen3.6-35B-A3B-FP8-without-reasoning,0_easy_3obj_da,instance_00001,Invalid Moves,4
1395,clean_up,Qwen3.6-35B-A3B-FP8-without-reasoning,0_easy_3obj_da,instance_00001,Parse Errors,3
1396,clean_up,Qwen3.6-35B-A3B-FP8-without-reasoning,0_easy_3obj_da,instance_00001,Main Score,40.13124665086805
1397,clean_up,Qwen3.6-35B-A3B-FP8-without-reasoning,0_easy_3obj_da,instance_00000,Request Count,17
1398,clean_up,Qwen3.6-35B-A3B-FP8-without-reasoning,0_easy_3obj_da,instance_00000,Parsed Request Count,16
1399,clean_up,Qwen3.6-35B-A3B-FP8-without-reasoning,0_easy_3obj_da,instance_00000,Violated Request Count,1
1400,clean_up,Qwen3.6-35B-A3B-FP8-without-reasoning,0_easy_3obj_da,instance_00000,Request Success Ratio,0.9411764705882353
1401,clean_up,Qwen3.6-35B-A3B-FP8-without-reasoning,0_easy_3obj_da,instance_00000,Aborted,1
1402,clean_up,Qwen3.6-35B-A3B-FP8-without-reasoning,0_easy_3obj_da,instance_00000,Lose,1
1403,clean_up,Qwen3.6-35B-A3B-FP8-without-reasoning,0_easy_3obj_da,instance_00000,Success,0
1404,clean_up,Qwen3.6-35B-A3B-FP8-without-reasoning,0_easy_3obj_da,instance_00000,Distance Score,0.24046278556026435
1405,clean_up,Qwen3.6-35B-A3B-FP8-without-reasoning,0_easy_3obj_da,instance_00000,Coverage Score,0.25
1406,clean_up,Qwen3.6-35B-A3B-FP8-without-reasoning,0_easy_3obj_da,instance_00000,Penalty Score,0.3571428571428572
1407,clean_up,Qwen3.6-35B-A3B-FP8-without-reasoning,0_easy_3obj_da,instance_00000,Moves,"[['Player 2', 'C'], ['Player 1', 'C']]"
1408,clean_up,Qwen3.6-35B-A3B-FP8-without-reasoning,0_easy_3obj_da,instance_00000,Init States,"{'state_1': [{'id': 'C', 'coord': [6, 5]}, {'id': 'L', 'coord': [5, 1]}, {'id': 'P', 'coord': [4, 3]}], 'state_2': [{'id': 'C', 'coord': [4, 1]}, {'id': 'L', 'coord': [7, 7]}, {'id': 'P', 'coord': [4, 7]}]}"
1409,clean_up,Qwen3.6-35B-A3B-FP8-without-reasoning,0_easy_3obj_da,instance_00000,End States,"{'state_1': [{'id': 'C', 'coord': [1, 1]}, {'id': 'L', 'coord': [5, 1]}, {'id': 'P', 'coord': [4, 3]}], 'state_2': [{'id': 'C', 'coord': [1, 1]}, {'id': 'L', 'coord': [7, 7]}, {'id': 'P', 'coord': [4, 7]}]}"
1410,clean_up,Qwen3.6-35B-A3B-FP8-without-reasoning,0_easy_3obj_da,instance_00000,Shifts,0
1411,clean_up,Qwen3.6-35B-A3B-FP8-without-reasoning,0_easy_3obj_da,instance_00000,Max Shifts,4
1412,clean_up,Qwen3.6-35B-A3B-FP8-without-reasoning,0_easy_3obj_da,instance_00000,Min Shifts,2
1413,clean_up,Qwen3.6-35B-A3B-FP8-without-reasoning,0_easy_3obj_da,instance_00000,End Distance Sum,10.32455532033676
1414,clean_up,Qwen3.6-35B-A3B-FP8-without-reasoning,0_easy_3obj_da,instance_00000,Init Distance Sum,14.79669127533634
1415,clean_up,Qwen3.6-35B-A3B-FP8-without-reasoning,0_easy_3obj_da,instance_00000,Expected Distance Sum,12.570787221094177
1416,clean_up,Qwen3.6-35B-A3B-FP8-without-reasoning,0_easy_3obj_da,instance_00000,Penalties,9
1417,clean_up,Qwen3.6-35B-A3B-FP8-without-reasoning,0_easy_3obj_da,instance_00000,Max Penalties,8
1418,clean_up,Qwen3.6-35B-A3B-FP8-without-reasoning,0_easy_3obj_da,instance_00000,Rounds,4
1419,clean_up,Qwen3.6-35B-A3B-FP8-without-reasoning,0_easy_3obj_da,instance_00000,Max Rounds,12
1420,clean_up,Qwen3.6-35B-A3B-FP8-without-reasoning,0_easy_3obj_da,instance_00000,Object Count,3
1421,clean_up,Qwen3.6-35B-A3B-FP8-without-reasoning,0_easy_3obj_da,instance_00000,Valid Moves,2
1422,clean_up,Qwen3.6-35B-A3B-FP8-without-reasoning,0_easy_3obj_da,instance_00000,Invalid Moves,8
1423,clean_up,Qwen3.6-35B-A3B-FP8-without-reasoning,0_easy_3obj_da,instance_00000,Parse Errors,1
1424,clean_up,Qwen3.6-35B-A3B-FP8-without-reasoning,0_easy_3obj_da,instance_00000,Main Score,
1425,referencegame,Qwen3.6-35B-A3B-FP8-without-reasoning,number_grids,instance_00005,Generated Expression Length,111
1426,referencegame,Qwen3.6-35B-A3B-FP8-without-reasoning,number_grids,instance_00005,Generated Expression Number of Tokens,21
1427,referencegame,Qwen3.6-35B-A3B-FP8-without-reasoning,number_grids,instance_00005,Aborted at Player 1,0
1428,referencegame,Qwen3.6-35B-A3B-FP8-without-reasoning,number_grids,instance_00005,Aborted at Player 2,0
1429,referencegame,Qwen3.6-35B-A3B-FP8-without-reasoning,number_grids,instance_00005,Request Count,2
1430,referencegame,Qwen3.6-35B-A3B-FP8-without-reasoning,number_grids,instance_00005,Parsed Request Count,2
1431,referencegame,Qwen3.6-35B-A3B-FP8-without-reasoning,number_grids,instance_00005,Violated Request Count,0
1432,referencegame,Qwen3.6-35B-A3B-FP8-without-reasoning,number_grids,instance_00005,Aborted,0
1433,referencegame,Qwen3.6-35B-A3B-FP8-without-reasoning,number_grids,instance_00005,Success,0
1434,referencegame,Qwen3.6-35B-A3B-FP8-without-reasoning,number_grids,instance_00005,Lose,1
1435,referencegame,Qwen3.6-35B-A3B-FP8-without-reasoning,number_grids,instance_00005,Main Score,0
1436,referencegame,Qwen3.6-35B-A3B-FP8-without-reasoning,number_grids,instance_00005,Request Success Ratio,1.0
1437,referencegame,Qwen3.6-35B-A3B-FP8-without-reasoning,number_grids,instance_00002,Generated Expression Length,219
1438,referencegame,Qwen3.6-35B-A3B-FP8-without-reasoning,number_grids,instance_00002,Generated Expression Number of Tokens,47
1439,referencegame,Qwen3.6-35B-A3B-FP8-without-reasoning,number_grids,instance_00002,Aborted at Player 1,0
1440,referencegame,Qwen3.6-35B-A3B-FP8-without-reasoning,number_grids,instance_00002,Aborted at Player 2,0
1441,referencegame,Qwen3.6-35B-A3B-FP8-without-reasoning,number_grids,instance_00002,Request Count,2
1442,referencegame,Qwen3.6-35B-A3B-FP8-without-reasoning,number_grids,instance_00002,Parsed Request Count,2
1443,referencegame,Qwen3.6-35B-A3B-FP8-without-reasoning,number_grids,instance_00002,Violated Request Count,0
1444,referencegame,Qwen3.6-35B-A3B-FP8-without-reasoning,number_grids,instance_00002,Aborted,0
1445,referencegame,Qwen3.6-35B-A3B-FP8-without-reasoning,number_grids,instance_00002,Success,0
1446,referencegame,Qwen3.6-35B-A3B-FP8-without-reasoning,number_grids,instance_00002,Lose,1
1447,referencegame,Qwen3.6-35B-A3B-FP8-without-reasoning,number_grids,instance_00002,Main Score,0
1448,referencegame,Qwen3.6-35B-A3B-FP8-without-reasoning,number_grids,instance_00002,Request Success Ratio,1.0
1449,referencegame,Qwen3.6-35B-A3B-FP8-without-reasoning,number_grids,instance_00003,Generated Expression Length,202
1450,referencegame,Qwen3.6-35B-A3B-FP8-without-reasoning,number_grids,instance_00003,Generated Expression Number of Tokens,44
1451,referencegame,Qwen3.6-35B-A3B-FP8-without-reasoning,number_grids,instance_00003,Aborted at Player 1,0
1452,referencegame,Qwen3.6-35B-A3B-FP8-without-reasoning,number_grids,instance_00003,Aborted at Player 2,0
1453,referencegame,Qwen3.6-35B-A3B-FP8-without-reasoning,number_grids,instance_00003,Request Count,2
1454,referencegame,Qwen3.6-35B-A3B-FP8-without-reasoning,number_grids,instance_00003,Parsed Request Count,2
1455,referencegame,Qwen3.6-35B-A3B-FP8-without-reasoning,number_grids,instance_00003,Violated Request Count,0
1456,referencegame,Qwen3.6-35B-A3B-FP8-without-reasoning,number_grids,instance_00003,Aborted,0
1457,referencegame,Qwen3.6-35B-A3B-FP8-without-reasoning,number_grids,instance_00003,Success,1
1458,referencegame,Qwen3.6-35B-A3B-FP8-without-reasoning,number_grids,instance_00003,Lose,0
1459,referencegame,Qwen3.6-35B-A3B-FP8-without-reasoning,number_grids,instance_00003,Main Score,100
1460,referencegame,Qwen3.6-35B-A3B-FP8-without-reasoning,number_grids,instance_00003,Request Success Ratio,1.0
1461,referencegame,Qwen3.6-35B-A3B-FP8-without-reasoning,number_grids,instance_00004,Generated Expression Length,197
1462,referencegame,Qwen3.6-35B-A3B-FP8-without-reasoning,number_grids,instance_00004,Generated Expression Number of Tokens,41
1463,referencegame,Qwen3.6-35B-A3B-FP8-without-reasoning,number_grids,instance_00004,Aborted at Player 1,0
1464,referencegame,Qwen3.6-35B-A3B-FP8-without-reasoning,number_grids,instance_00004,Aborted at Player 2,0
1465,referencegame,Qwen3.6-35B-A3B-FP8-without-reasoning,number_grids,instance_00004,Request Count,2
1466,referencegame,Qwen3.6-35B-A3B-FP8-without-reasoning,number_grids,instance_00004,Parsed Request Count,2
1467,referencegame,Qwen3.6-35B-A3B-FP8-without-reasoning,number_grids,instance_00004,Violated Request Count,0
1468,referencegame,Qwen3.6-35B-A3B-FP8-without-reasoning,number_grids,instance_00004,Aborted,0
1469,referencegame,Qwen3.6-35B-A3B-FP8-without-reasoning,number_grids,instance_00004,Success,0
1470,referencegame,Qwen3.6-35B-A3B-FP8-without-reasoning,number_grids,instance_00004,Lose,1
1471,referencegame,Qwen3.6-35B-A3B-FP8-without-reasoning,number_grids,instance_00004,Main Score,0
1472,referencegame,Qwen3.6-35B-A3B-FP8-without-reasoning,number_grids,instance_00004,Request Success Ratio,1.0
1473,referencegame,Qwen3.6-35B-A3B-FP8-without-reasoning,number_grids,instance_00017,Generated Expression Length,252
1474,referencegame,Qwen3.6-35B-A3B-FP8-without-reasoning,number_grids,instance_00017,Generated Expression Number of Tokens,54
1475,referencegame,Qwen3.6-35B-A3B-FP8-without-reasoning,number_grids,instance_00017,Aborted at Player 1,0
1476,referencegame,Qwen3.6-35B-A3B-FP8-without-reasoning,number_grids,instance_00017,Aborted at Player 2,0
1477,referencegame,Qwen3.6-35B-A3B-FP8-without-reasoning,number_grids,instance_00017,Request Count,2
1478,referencegame,Qwen3.6-35B-A3B-FP8-without-reasoning,number_grids,instance_00017,Parsed Request Count,2
1479,referencegame,Qwen3.6-35B-A3B-FP8-without-reasoning,number_grids,instance_00017,Violated Request Count,0
1480,referencegame,Qwen3.6-35B-A3B-FP8-without-reasoning,number_grids,instance_00017,Aborted,0
1481,referencegame,Qwen3.6-35B-A3B-FP8-without-reasoning,number_grids,instance_00017,Success,0
1482,referencegame,Qwen3.6-35B-A3B-FP8-without-reasoning,number_grids,instance_00017,Lose,1
1483,referencegame,Qwen3.6-35B-A3B-FP8-without-reasoning,number_grids,instance_00017,Main Score,0
1484,referencegame,Qwen3.6-35B-A3B-FP8-without-reasoning,number_grids,instance_00017,Request Success Ratio,1.0
1485,referencegame,Qwen3.6-35B-A3B-FP8-without-reasoning,number_grids,instance_00010,Generated Expression Length,164
1486,referencegame,Qwen3.6-35B-A3B-FP8-without-reasoning,number_grids,instance_00010,Generated Expression Number of Tokens,36
1487,referencegame,Qwen3.6-35B-A3B-FP8-without-reasoning,number_grids,instance_00010,Aborted at Player 1,0
1488,referencegame,Qwen3.6-35B-A3B-FP8-without-reasoning,number_grids,instance_00010,Aborted at Player 2,0
1489,referencegame,Qwen3.6-35B-A3B-FP8-without-reasoning,number_grids,instance_00010,Request Count,2
1490,referencegame,Qwen3.6-35B-A3B-FP8-without-reasoning,number_grids,instance_00010,Parsed Request Count,2
1491,referencegame,Qwen3.6-35B-A3B-FP8-without-reasoning,number_grids,instance_00010,Violated Request Count,0
1492,referencegame,Qwen3.6-35B-A3B-FP8-without-reasoning,number_grids,instance_00010,Aborted,0
1493,referencegame,Qwen3.6-35B-A3B-FP8-without-reasoning,number_grids,instance_00010,Success,1
1494,referencegame,Qwen3.6-35B-A3B-FP8-without-reasoning,number_grids,instance_00010,Lose,0
1495,referencegame,Qwen3.6-35B-A3B-FP8-without-reasoning,number_grids,instance_00010,Main Score,100
1496,referencegame,Qwen3.6-35B-A3B-FP8-without-reasoning,number_grids,instance_00010,Request Success Ratio,1.0
1497,referencegame,Qwen3.6-35B-A3B-FP8-without-reasoning,number_grids,instance_00011,Generated Expression Length,135
1498,referencegame,Qwen3.6-35B-A3B-FP8-without-reasoning,number_grids,instance_00011,Generated Expression Number of Tokens,26
1499,referencegame,Qwen3.6-35B-A3B-FP8-without-reasoning,number_grids,instance_00011,Aborted at Player 1,0
1500,referencegame,Qwen3.6-35B-A3B-FP8-without-reasoning,number_grids,instance_00011,Aborted at Player 2,0
1501,referencegame,Qwen3.6-35B-A3B-FP8-without-reasoning,number_grids,instance_00011,Request Count,2
1502,referencegame,Qwen3.6-35B-A3B-FP8-without-reasoning,number_grids,instance_00011,Parsed Request Count,2
1503,referencegame,Qwen3.6-35B-A3B-FP8-without-reasoning,number_grids,instance_00011,Violated Request Count,0
1504,referencegame,Qwen3.6-35B-A3B-FP8-without-reasoning,number_grids,instance_00011,Aborted,0
1505,referencegame,Qwen3.6-35B-A3B-FP8-without-reasoning,number_grids,instance_00011,Success,1
1506,referencegame,Qwen3.6-35B-A3B-FP8-without-reasoning,number_grids,instance_00011,Lose,0
1507,referencegame,Qwen3.6-35B-A3B-FP8-without-reasoning,number_grids,instance_00011,Main Score,100
1508,referencegame,Qwen3.6-35B-A3B-FP8-without-reasoning,number_grids,instance_00011,Request Success Ratio,1.0
1509,referencegame,Qwen3.6-35B-A3B-FP8-without-reasoning,number_grids,instance_00016,Generated Expression Length,252
1510,referencegame,Qwen3.6-35B-A3B-FP8-without-reasoning,number_grids,instance_00016,Generated Expression Number of Tokens,54
1511,referencegame,Qwen3.6-35B-A3B-FP8-without-reasoning,number_grids,instance_00016,Aborted at Player 1,0
1512,referencegame,Qwen3.6-35B-A3B-FP8-without-reasoning,number_grids,instance_00016,Aborted at Player 2,0
1513,referencegame,Qwen3.6-35B-A3B-FP8-without-reasoning,number_grids,instance_00016,Request Count,2
1514,referencegame,Qwen3.6-35B-A3B-FP8-without-reasoning,number_grids,instance_00016,Parsed Request Count,2
1515,referencegame,Qwen3.6-35B-A3B-FP8-without-reasoning,number_grids,instance_00016,Violated Request Count,0
1516,referencegame,Qwen3.6-35B-A3B-FP8-without-reasoning,number_grids,instance_00016,Aborted,0
1517,referencegame,Qwen3.6-35B-A3B-FP8-without-reasoning,number_grids,instance_00016,Success,0
1518,referencegame,Qwen3.6-35B-A3B-FP8-without-reasoning,number_grids,instance_00016,Lose,1
1519,referencegame,Qwen3.6-35B-A3B-FP8-without-reasoning,number_grids,instance_00016,Main Score,0
1520,referencegame,Qwen3.6-35B-A3B-FP8-without-reasoning,number_grids,instance_00016,Request Success Ratio,1.0
1521,referencegame,Qwen3.6-35B-A3B-FP8-without-reasoning,number_grids,instance_00008,Generated Expression Length,137
1522,referencegame,Qwen3.6-35B-A3B-FP8-without-reasoning,number_grids,instance_00008,Generated Expression Number of Tokens,26
1523,referencegame,Qwen3.6-35B-A3B-FP8-without-reasoning,number_grids,instance_00008,Aborted at Player 1,0
1524,referencegame,Qwen3.6-35B-A3B-FP8-without-reasoning,number_grids,instance_00008,Aborted at Player 2,0
1525,referencegame,Qwen3.6-35B-A3B-FP8-without-reasoning,number_grids,instance_00008,Request Count,2
1526,referencegame,Qwen3.6-35B-A3B-FP8-without-reasoning,number_grids,instance_00008,Parsed Request Count,2
1527,referencegame,Qwen3.6-35B-A3B-FP8-without-reasoning,number_grids,instance_00008,Violated Request Count,0
1528,referencegame,Qwen3.6-35B-A3B-FP8-without-reasoning,number_grids,instance_00008,Aborted,0
1529,referencegame,Qwen3.6-35B-A3B-FP8-without-reasoning,number_grids,instance_00008,Success,1
1530,referencegame,Qwen3.6-35B-A3B-FP8-without-reasoning,number_grids,instance_00008,Lose,0
1531,referencegame,Qwen3.6-35B-A3B-FP8-without-reasoning,number_grids,instance_00008,Main Score,100
1532,referencegame,Qwen3.6-35B-A3B-FP8-without-reasoning,number_grids,instance_00008,Request Success Ratio,1.0
1533,referencegame,Qwen3.6-35B-A3B-FP8-without-reasoning,number_grids,instance_00001,Generated Expression Length,236
1534,referencegame,Qwen3.6-35B-A3B-FP8-without-reasoning,number_grids,instance_00001,Generated Expression Number of Tokens,50
1535,referencegame,Qwen3.6-35B-A3B-FP8-without-reasoning,number_grids,instance_00001,Aborted at Player 1,0
1536,referencegame,Qwen3.6-35B-A3B-FP8-without-reasoning,number_grids,instance_00001,Aborted at Player 2,0
1537,referencegame,Qwen3.6-35B-A3B-FP8-without-reasoning,number_grids,instance_00001,Request Count,2
1538,referencegame,Qwen3.6-35B-A3B-FP8-without-reasoning,number_grids,instance_00001,Parsed Request Count,2
1539,referencegame,Qwen3.6-35B-A3B-FP8-without-reasoning,number_grids,instance_00001,Violated Request Count,0
1540,referencegame,Qwen3.6-35B-A3B-FP8-without-reasoning,number_grids,instance_00001,Aborted,0
1541,referencegame,Qwen3.6-35B-A3B-FP8-without-reasoning,number_grids,instance_00001,Success,0
1542,referencegame,Qwen3.6-35B-A3B-FP8-without-reasoning,number_grids,instance_00001,Lose,1
1543,referencegame,Qwen3.6-35B-A3B-FP8-without-reasoning,number_grids,instance_00001,Main Score,0
1544,referencegame,Qwen3.6-35B-A3B-FP8-without-reasoning,number_grids,instance_00001,Request Success Ratio,1.0
1545,referencegame,Qwen3.6-35B-A3B-FP8-without-reasoning,number_grids,instance_00006,Generated Expression Length,156
1546,referencegame,Qwen3.6-35B-A3B-FP8-without-reasoning,number_grids,instance_00006,Generated Expression Number of Tokens,31
1547,referencegame,Qwen3.6-35B-A3B-FP8-without-reasoning,number_grids,instance_00006,Aborted at Player 1,0
1548,referencegame,Qwen3.6-35B-A3B-FP8-without-reasoning,number_grids,instance_00006,Aborted at Player 2,0
1549,referencegame,Qwen3.6-35B-A3B-FP8-without-reasoning,number_grids,instance_00006,Request Count,2
1550,referencegame,Qwen3.6-35B-A3B-FP8-without-reasoning,number_grids,instance_00006,Parsed Request Count,2
1551,referencegame,Qwen3.6-35B-A3B-FP8-without-reasoning,number_grids,instance_00006,Violated Request Count,0
1552,referencegame,Qwen3.6-35B-A3B-FP8-without-reasoning,number_grids,instance_00006,Aborted,0
1553,referencegame,Qwen3.6-35B-A3B-FP8-without-reasoning,number_grids,instance_00006,Success,1
1554,referencegame,Qwen3.6-35B-A3B-FP8-without-reasoning,number_grids,instance_00006,Lose,0
1555,referencegame,Qwen3.6-35B-A3B-FP8-without-reasoning,number_grids,instance_00006,Main Score,100
1556,referencegame,Qwen3.6-35B-A3B-FP8-without-reasoning,number_grids,instance_00006,Request Success Ratio,1.0
1557,referencegame,Qwen3.6-35B-A3B-FP8-without-reasoning,number_grids,instance_00007,Generated Expression Length,138
1558,referencegame,Qwen3.6-35B-A3B-FP8-without-reasoning,number_grids,instance_00007,Generated Expression Number of Tokens,26
1559,referencegame,Qwen3.6-35B-A3B-FP8-without-reasoning,number_grids,instance_00007,Aborted at Player 1,0
1560,referencegame,Qwen3.6-35B-A3B-FP8-without-reasoning,number_grids,instance_00007,Aborted at Player 2,0
1561,referencegame,Qwen3.6-35B-A3B-FP8-without-reasoning,number_grids,instance_00007,Request Count,2
1562,referencegame,Qwen3.6-35B-A3B-FP8-without-reasoning,number_grids,instance_00007,Parsed Request Count,2
1563,referencegame,Qwen3.6-35B-A3B-FP8-without-reasoning,number_grids,instance_00007,Violated Request Count,0
1564,referencegame,Qwen3.6-35B-A3B-FP8-without-reasoning,number_grids,instance_00007,Aborted,0
1565,referencegame,Qwen3.6-35B-A3B-FP8-without-reasoning,number_grids,instance_00007,Success,1
1566,referencegame,Qwen3.6-35B-A3B-FP8-without-reasoning,number_grids,instance_00007,Lose,0
1567,referencegame,Qwen3.6-35B-A3B-FP8-without-reasoning,number_grids,instance_00007,Main Score,100
1568,referencegame,Qwen3.6-35B-A3B-FP8-without-reasoning,number_grids,instance_00007,Request Success Ratio,1.0
1569,referencegame,Qwen3.6-35B-A3B-FP8-without-reasoning,number_grids,instance_00000,Generated Expression Length,212
1570,referencegame,Qwen3.6-35B-A3B-FP8-without-reasoning,number_grids,instance_00000,Generated Expression Number of Tokens,45
1571,referencegame,Qwen3.6-35B-A3B-FP8-without-reasoning,number_grids,instance_00000,Aborted at Player 1,0
1572,referencegame,Qwen3.6-35B-A3B-FP8-without-reasoning,number_grids,instance_00000,Aborted at Player 2,0
1573,referencegame,Qwen3.6-35B-A3B-FP8-without-reasoning,number_grids,instance_00000,Request Count,2
1574,referencegame,Qwen3.6-35B-A3B-FP8-without-reasoning,number_grids,instance_00000,Parsed Request Count,2
1575,referencegame,Qwen3.6-35B-A3B-FP8-without-reasoning,number_grids,instance_00000,Violated Request Count,0
1576,referencegame,Qwen3.6-35B-A3B-FP8-without-reasoning,number_grids,instance_00000,Aborted,0
1577,referencegame,Qwen3.6-35B-A3B-FP8-without-reasoning,number_grids,instance_00000,Success,1
1578,referencegame,Qwen3.6-35B-A3B-FP8-without-reasoning,number_grids,instance_00000,Lose,0
1579,referencegame,Qwen3.6-35B-A3B-FP8-without-reasoning,number_grids,instance_00000,Main Score,100
1580,referencegame,Qwen3.6-35B-A3B-FP8-without-reasoning,number_grids,instance_00000,Request Success Ratio,1.0
1581,referencegame,Qwen3.6-35B-A3B-FP8-without-reasoning,number_grids,instance_00009,Generated Expression Length,181
1582,referencegame,Qwen3.6-35B-A3B-FP8-without-reasoning,number_grids,instance_00009,Generated Expression Number of Tokens,41
1583,referencegame,Qwen3.6-35B-A3B-FP8-without-reasoning,number_grids,instance_00009,Aborted at Player 1,0
1584,referencegame,Qwen3.6-35B-A3B-FP8-without-reasoning,number_grids,instance_00009,Aborted at Player 2,0
1585,referencegame,Qwen3.6-35B-A3B-FP8-without-reasoning,number_grids,instance_00009,Request Count,2
1586,referencegame,Qwen3.6-35B-A3B-FP8-without-reasoning,number_grids,instance_00009,Parsed Request Count,2
1587,referencegame,Qwen3.6-35B-A3B-FP8-without-reasoning,number_grids,instance_00009,Violated Request Count,0
1588,referencegame,Qwen3.6-35B-A3B-FP8-without-reasoning,number_grids,instance_00009,Aborted,0
1589,referencegame,Qwen3.6-35B-A3B-FP8-without-reasoning,number_grids,instance_00009,Success,1
1590,referencegame,Qwen3.6-35B-A3B-FP8-without-reasoning,number_grids,instance_00009,Lose,0
1591,referencegame,Qwen3.6-35B-A3B-FP8-without-reasoning,number_grids,instance_00009,Main Score,100
1592,referencegame,Qwen3.6-35B-A3B-FP8-without-reasoning,number_grids,instance_00009,Request Success Ratio,1.0
1593,referencegame,Qwen3.6-35B-A3B-FP8-without-reasoning,number_grids,instance_00013,Generated Expression Length,544
1594,referencegame,Qwen3.6-35B-A3B-FP8-without-reasoning,number_grids,instance_00013,Generated Expression Number of Tokens,104
1595,referencegame,Qwen3.6-35B-A3B-FP8-without-reasoning,number_grids,instance_00013,Aborted at Player 1,0
1596,referencegame,Qwen3.6-35B-A3B-FP8-without-reasoning,number_grids,instance_00013,Aborted at Player 2,0
1597,referencegame,Qwen3.6-35B-A3B-FP8-without-reasoning,number_grids,instance_00013,Request Count,2
1598,referencegame,Qwen3.6-35B-A3B-FP8-without-reasoning,number_grids,instance_00013,Parsed Request Count,2
1599,referencegame,Qwen3.6-35B-A3B-FP8-without-reasoning,number_grids,instance_00013,Violated Request Count,0
1600,referencegame,Qwen3.6-35B-A3B-FP8-without-reasoning,number_grids,instance_00013,Aborted,0
1601,referencegame,Qwen3.6-35B-A3B-FP8-without-reasoning,number_grids,instance_00013,Success,0
1602,referencegame,Qwen3.6-35B-A3B-FP8-without-reasoning,number_grids,instance_00013,Lose,1
1603,referencegame,Qwen3.6-35B-A3B-FP8-without-reasoning,number_grids,instance_00013,Main Score,0
1604,referencegame,Qwen3.6-35B-A3B-FP8-without-reasoning,number_grids,instance_00013,Request Success Ratio,1.0
1605,referencegame,Qwen3.6-35B-A3B-FP8-without-reasoning,number_grids,instance_00014,Generated Expression Length,159
1606,referencegame,Qwen3.6-35B-A3B-FP8-without-reasoning,number_grids,instance_00014,Generated Expression Number of Tokens,29
1607,referencegame,Qwen3.6-35B-A3B-FP8-without-reasoning,number_grids,instance_00014,Aborted at Player 1,0
1608,referencegame,Qwen3.6-35B-A3B-FP8-without-reasoning,number_grids,instance_00014,Aborted at Player 2,0
1609,referencegame,Qwen3.6-35B-A3B-FP8-without-reasoning,number_grids,instance_00014,Request Count,2
1610,referencegame,Qwen3.6-35B-A3B-FP8-without-reasoning,number_grids,instance_00014,Parsed Request Count,2
1611,referencegame,Qwen3.6-35B-A3B-FP8-without-reasoning,number_grids,instance_00014,Violated Request Count,0
1612,referencegame,Qwen3.6-35B-A3B-FP8-without-reasoning,number_grids,instance_00014,Aborted,0
1613,referencegame,Qwen3.6-35B-A3B-FP8-without-reasoning,number_grids,instance_00014,Success,0
1614,referencegame,Qwen3.6-35B-A3B-FP8-without-reasoning,number_grids,instance_00014,Lose,1
1615,referencegame,Qwen3.6-35B-A3B-FP8-without-reasoning,number_grids,instance_00014,Main Score,0
1616,referencegame,Qwen3.6-35B-A3B-FP8-without-reasoning,number_grids,instance_00014,Request Success Ratio,1.0
1617,referencegame,Qwen3.6-35B-A3B-FP8-without-reasoning,number_grids,instance_00015,Generated Expression Length,228
1618,referencegame,Qwen3.6-35B-A3B-FP8-without-reasoning,number_grids,instance_00015,Generated Expression Number of Tokens,49
1619,referencegame,Qwen3.6-35B-A3B-FP8-without-reasoning,number_grids,instance_00015,Aborted at Player 1,0
1620,referencegame,Qwen3.6-35B-A3B-FP8-without-reasoning,number_grids,instance_00015,Aborted at Player 2,0
1621,referencegame,Qwen3.6-35B-A3B-FP8-without-reasoning,number_grids,instance_00015,Request Count,2
1622,referencegame,Qwen3.6-35B-A3B-FP8-without-reasoning,number_grids,instance_00015,Parsed Request Count,2
1623,referencegame,Qwen3.6-35B-A3B-FP8-without-reasoning,number_grids,instance_00015,Violated Request Count,0
1624,referencegame,Qwen3.6-35B-A3B-FP8-without-reasoning,number_grids,instance_00015,Aborted,0
1625,referencegame,Qwen3.6-35B-A3B-FP8-without-reasoning,number_grids,instance_00015,Success,1
1626,referencegame,Qwen3.6-35B-A3B-FP8-without-reasoning,number_grids,instance_00015,Lose,0
1627,referencegame,Qwen3.6-35B-A3B-FP8-without-reasoning,number_grids,instance_00015,Main Score,100
1628,referencegame,Qwen3.6-35B-A3B-FP8-without-reasoning,number_grids,instance_00015,Request Success Ratio,1.0
1629,referencegame,Qwen3.6-35B-A3B-FP8-without-reasoning,number_grids,instance_00012,Generated Expression Length,159
1630,referencegame,Qwen3.6-35B-A3B-FP8-without-reasoning,number_grids,instance_00012,Generated Expression Number of Tokens,29
1631,referencegame,Qwen3.6-35B-A3B-FP8-without-reasoning,number_grids,instance_00012,Aborted at Player 1,0
1632,referencegame,Qwen3.6-35B-A3B-FP8-without-reasoning,number_grids,instance_00012,Aborted at Player 2,0
1633,referencegame,Qwen3.6-35B-A3B-FP8-without-reasoning,number_grids,instance_00012,Request Count,2
1634,referencegame,Qwen3.6-35B-A3B-FP8-without-reasoning,number_grids,instance_00012,Parsed Request Count,2
1635,referencegame,Qwen3.6-35B-A3B-FP8-without-reasoning,number_grids,instance_00012,Violated Request Count,0
1636,referencegame,Qwen3.6-35B-A3B-FP8-without-reasoning,number_grids,instance_00012,Aborted,0
1637,referencegame,Qwen3.6-35B-A3B-FP8-without-reasoning,number_grids,instance_00012,Success,1
1638,referencegame,Qwen3.6-35B-A3B-FP8-without-reasoning,number_grids,instance_00012,Lose,0
1639,referencegame,Qwen3.6-35B-A3B-FP8-without-reasoning,number_grids,instance_00012,Main Score,100
1640,referencegame,Qwen3.6-35B-A3B-FP8-without-reasoning,number_grids,instance_00012,Request Success Ratio,1.0
1641,referencegame,Qwen3.6-35B-A3B-FP8-without-reasoning,line_grids_columns,instance_00005,Generated Expression Length,91
1642,referencegame,Qwen3.6-35B-A3B-FP8-without-reasoning,line_grids_columns,instance_00005,Generated Expression Number of Tokens,18
1643,referencegame,Qwen3.6-35B-A3B-FP8-without-reasoning,line_grids_columns,instance_00005,Aborted at Player 1,0
1644,referencegame,Qwen3.6-35B-A3B-FP8-without-reasoning,line_grids_columns,instance_00005,Aborted at Player 2,0
1645,referencegame,Qwen3.6-35B-A3B-FP8-without-reasoning,line_grids_columns,instance_00005,Request Count,2
1646,referencegame,Qwen3.6-35B-A3B-FP8-without-reasoning,line_grids_columns,instance_00005,Parsed Request Count,2
1647,referencegame,Qwen3.6-35B-A3B-FP8-without-reasoning,line_grids_columns,instance_00005,Violated Request Count,0
1648,referencegame,Qwen3.6-35B-A3B-FP8-without-reasoning,line_grids_columns,instance_00005,Aborted,0
1649,referencegame,Qwen3.6-35B-A3B-FP8-without-reasoning,line_grids_columns,instance_00005,Success,0
1650,referencegame,Qwen3.6-35B-A3B-FP8-without-reasoning,line_grids_columns,instance_00005,Lose,1
1651,referencegame,Qwen3.6-35B-A3B-FP8-without-reasoning,line_grids_columns,instance_00005,Main Score,0
1652,referencegame,Qwen3.6-35B-A3B-FP8-without-reasoning,line_grids_columns,instance_00005,Request Success Ratio,1.0
1653,referencegame,Qwen3.6-35B-A3B-FP8-without-reasoning,line_grids_columns,instance_00002,Generated Expression Length,83
1654,referencegame,Qwen3.6-35B-A3B-FP8-without-reasoning,line_grids_columns,instance_00002,Generated Expression Number of Tokens,16
1655,referencegame,Qwen3.6-35B-A3B-FP8-without-reasoning,line_grids_columns,instance_00002,Aborted at Player 1,0
1656,referencegame,Qwen3.6-35B-A3B-FP8-without-reasoning,line_grids_columns,instance_00002,Aborted at Player 2,0
1657,referencegame,Qwen3.6-35B-A3B-FP8-without-reasoning,line_grids_columns,instance_00002,Request Count,2
1658,referencegame,Qwen3.6-35B-A3B-FP8-without-reasoning,line_grids_columns,instance_00002,Parsed Request Count,2
1659,referencegame,Qwen3.6-35B-A3B-FP8-without-reasoning,line_grids_columns,instance_00002,Violated Request Count,0
1660,referencegame,Qwen3.6-35B-A3B-FP8-without-reasoning,line_grids_columns,instance_00002,Aborted,0
1661,referencegame,Qwen3.6-35B-A3B-FP8-without-reasoning,line_grids_columns,instance_00002,Success,1
1662,referencegame,Qwen3.6-35B-A3B-FP8-without-reasoning,line_grids_columns,instance_00002,Lose,0
1663,referencegame,Qwen3.6-35B-A3B-FP8-without-reasoning,line_grids_columns,instance_00002,Main Score,100
1664,referencegame,Qwen3.6-35B-A3B-FP8-without-reasoning,line_grids_columns,instance_00002,Request Success Ratio,1.0
1665,referencegame,Qwen3.6-35B-A3B-FP8-without-reasoning,line_grids_columns,instance_00003,Generated Expression Length,91
1666,referencegame,Qwen3.6-35B-A3B-FP8-without-reasoning,line_grids_columns,instance_00003,Generated Expression Number of Tokens,18
1667,referencegame,Qwen3.6-35B-A3B-FP8-without-reasoning,line_grids_columns,instance_00003,Aborted at Player 1,0
1668,referencegame,Qwen3.6-35B-A3B-FP8-without-reasoning,line_grids_columns,instance_00003,Aborted at Player 2,0
1669,referencegame,Qwen3.6-35B-A3B-FP8-without-reasoning,line_grids_columns,instance_00003,Request Count,2
1670,referencegame,Qwen3.6-35B-A3B-FP8-without-reasoning,line_grids_columns,instance_00003,Parsed Request Count,2
1671,referencegame,Qwen3.6-35B-A3B-FP8-without-reasoning,line_grids_columns,instance_00003,Violated Request Count,0
1672,referencegame,Qwen3.6-35B-A3B-FP8-without-reasoning,line_grids_columns,instance_00003,Aborted,0
1673,referencegame,Qwen3.6-35B-A3B-FP8-without-reasoning,line_grids_columns,instance_00003,Success,1
1674,referencegame,Qwen3.6-35B-A3B-FP8-without-reasoning,line_grids_columns,instance_00003,Lose,0
1675,referencegame,Qwen3.6-35B-A3B-FP8-without-reasoning,line_grids_columns,instance_00003,Main Score,100
1676,referencegame,Qwen3.6-35B-A3B-FP8-without-reasoning,line_grids_columns,instance_00003,Request Success Ratio,1.0
1677,referencegame,Qwen3.6-35B-A3B-FP8-without-reasoning,line_grids_columns,instance_00004,Generated Expression Length,91
1678,referencegame,Qwen3.6-35B-A3B-FP8-without-reasoning,line_grids_columns,instance_00004,Generated Expression Number of Tokens,18
1679,referencegame,Qwen3.6-35B-A3B-FP8-without-reasoning,line_grids_columns,instance_00004,Aborted at Player 1,0
1680,referencegame,Qwen3.6-35B-A3B-FP8-without-reasoning,line_grids_columns,instance_00004,Aborted at Player 2,0
1681,referencegame,Qwen3.6-35B-A3B-FP8-without-reasoning,line_grids_columns,instance_00004,Request Count,2
1682,referencegame,Qwen3.6-35B-A3B-FP8-without-reasoning,line_grids_columns,instance_00004,Parsed Request Count,2
1683,referencegame,Qwen3.6-35B-A3B-FP8-without-reasoning,line_grids_columns,instance_00004,Violated Request Count,0
1684,referencegame,Qwen3.6-35B-A3B-FP8-without-reasoning,line_grids_columns,instance_00004,Aborted,0
1685,referencegame,Qwen3.6-35B-A3B-FP8-without-reasoning,line_grids_columns,instance_00004,Success,0
1686,referencegame,Qwen3.6-35B-A3B-FP8-without-reasoning,line_grids_columns,instance_00004,Lose,1
1687,referencegame,Qwen3.6-35B-A3B-FP8-without-reasoning,line_grids_columns,instance_00004,Main Score,0
1688,referencegame,Qwen3.6-35B-A3B-FP8-without-reasoning,line_grids_columns,instance_00004,Request Success Ratio,1.0
1689,referencegame,Qwen3.6-35B-A3B-FP8-without-reasoning,line_grids_columns,instance_00017,Generated Expression Length,78
1690,referencegame,Qwen3.6-35B-A3B-FP8-without-reasoning,line_grids_columns,instance_00017,Generated Expression Number of Tokens,17
1691,referencegame,Qwen3.6-35B-A3B-FP8-without-reasoning,line_grids_columns,instance_00017,Aborted at Player 1,0
1692,referencegame,Qwen3.6-35B-A3B-FP8-without-reasoning,line_grids_columns,instance_00017,Aborted at Player 2,0
1693,referencegame,Qwen3.6-35B-A3B-FP8-without-reasoning,line_grids_columns,instance_00017,Request Count,2
1694,referencegame,Qwen3.6-35B-A3B-FP8-without-reasoning,line_grids_columns,instance_00017,Parsed Request Count,2
1695,referencegame,Qwen3.6-35B-A3B-FP8-without-reasoning,line_grids_columns,instance_00017,Violated Request Count,0
1696,referencegame,Qwen3.6-35B-A3B-FP8-without-reasoning,line_grids_columns,instance_00017,Aborted,0
1697,referencegame,Qwen3.6-35B-A3B-FP8-without-reasoning,line_grids_columns,instance_00017,Success,0
1698,referencegame,Qwen3.6-35B-A3B-FP8-without-reasoning,line_grids_columns,instance_00017,Lose,1
1699,referencegame,Qwen3.6-35B-A3B-FP8-without-reasoning,line_grids_columns,instance_00017,Main Score,0
1700,referencegame,Qwen3.6-35B-A3B-FP8-without-reasoning,line_grids_columns,instance_00017,Request Success Ratio,1.0
1701,referencegame,Qwen3.6-35B-A3B-FP8-without-reasoning,line_grids_columns,instance_00010,Generated Expression Length,83
1702,referencegame,Qwen3.6-35B-A3B-FP8-without-reasoning,line_grids_columns,instance_00010,Generated Expression Number of Tokens,16
1703,referencegame,Qwen3.6-35B-A3B-FP8-without-reasoning,line_grids_columns,instance_00010,Aborted at Player 1,0
1704,referencegame,Qwen3.6-35B-A3B-FP8-without-reasoning,line_grids_columns,instance_00010,Aborted at Player 2,0
1705,referencegame,Qwen3.6-35B-A3B-FP8-without-reasoning,line_grids_columns,instance_00010,Request Count,2
1706,referencegame,Qwen3.6-35B-A3B-FP8-without-reasoning,line_grids_columns,instance_00010,Parsed Request Count,2
1707,referencegame,Qwen3.6-35B-A3B-FP8-without-reasoning,line_grids_columns,instance_00010,Violated Request Count,0
1708,referencegame,Qwen3.6-35B-A3B-FP8-without-reasoning,line_grids_columns,instance_00010,Aborted,0
1709,referencegame,Qwen3.6-35B-A3B-FP8-without-reasoning,line_grids_columns,instance_00010,Success,1
1710,referencegame,Qwen3.6-35B-A3B-FP8-without-reasoning,line_grids_columns,instance_00010,Lose,0
1711,referencegame,Qwen3.6-35B-A3B-FP8-without-reasoning,line_grids_columns,instance_00010,Main Score,100
1712,referencegame,Qwen3.6-35B-A3B-FP8-without-reasoning,line_grids_columns,instance_00010,Request Success Ratio,1.0
1713,referencegame,Qwen3.6-35B-A3B-FP8-without-reasoning,line_grids_columns,instance_00011,Generated Expression Length,83
1714,referencegame,Qwen3.6-35B-A3B-FP8-without-reasoning,line_grids_columns,instance_00011,Generated Expression Number of Tokens,16
1715,referencegame,Qwen3.6-35B-A3B-FP8-without-reasoning,line_grids_columns,instance_00011,Aborted at Player 1,0
1716,referencegame,Qwen3.6-35B-A3B-FP8-without-reasoning,line_grids_columns,instance_00011,Aborted at Player 2,0
1717,referencegame,Qwen3.6-35B-A3B-FP8-without-reasoning,line_grids_columns,instance_00011,Request Count,2
1718,referencegame,Qwen3.6-35B-A3B-FP8-without-reasoning,line_grids_columns,instance_00011,Parsed Request Count,2
1719,referencegame,Qwen3.6-35B-A3B-FP8-without-reasoning,line_grids_columns,instance_00011,Violated Request Count,0
1720,referencegame,Qwen3.6-35B-A3B-FP8-without-reasoning,line_grids_columns,instance_00011,Aborted,0
1721,referencegame,Qwen3.6-35B-A3B-FP8-without-reasoning,line_grids_columns,instance_00011,Success,1
1722,referencegame,Qwen3.6-35B-A3B-FP8-without-reasoning,line_grids_columns,instance_00011,Lose,0
1723,referencegame,Qwen3.6-35B-A3B-FP8-without-reasoning,line_grids_columns,instance_00011,Main Score,100
1724,referencegame,Qwen3.6-35B-A3B-FP8-without-reasoning,line_grids_columns,instance_00011,Request Success Ratio,1.0
1725,referencegame,Qwen3.6-35B-A3B-FP8-without-reasoning,line_grids_columns,instance_00016,Generated Expression Length,76
1726,referencegame,Qwen3.6-35B-A3B-FP8-without-reasoning,line_grids_columns,instance_00016,Generated Expression Number of Tokens,17
1727,referencegame,Qwen3.6-35B-A3B-FP8-without-reasoning,line_grids_columns,instance_00016,Aborted at Player 1,0
1728,referencegame,Qwen3.6-35B-A3B-FP8-without-reasoning,line_grids_columns,instance_00016,Aborted at Player 2,0
1729,referencegame,Qwen3.6-35B-A3B-FP8-without-reasoning,line_grids_columns,instance_00016,Request Count,2
1730,referencegame,Qwen3.6-35B-A3B-FP8-without-reasoning,line_grids_columns,instance_00016,Parsed Request Count,2
1731,referencegame,Qwen3.6-35B-A3B-FP8-without-reasoning,line_grids_columns,instance_00016,Violated Request Count,0
1732,referencegame,Qwen3.6-35B-A3B-FP8-without-reasoning,line_grids_columns,instance_00016,Aborted,0
1733,referencegame,Qwen3.6-35B-A3B-FP8-without-reasoning,line_grids_columns,instance_00016,Success,0
1734,referencegame,Qwen3.6-35B-A3B-FP8-without-reasoning,line_grids_columns,instance_00016,Lose,1
1735,referencegame,Qwen3.6-35B-A3B-FP8-without-reasoning,line_grids_columns,instance_00016,Main Score,0
1736,referencegame,Qwen3.6-35B-A3B-FP8-without-reasoning,line_grids_columns,instance_00016,Request Success Ratio,1.0
1737,referencegame,Qwen3.6-35B-A3B-FP8-without-reasoning,line_grids_columns,instance_00008,Generated Expression Length,99
1738,referencegame,Qwen3.6-35B-A3B-FP8-without-reasoning,line_grids_columns,instance_00008,Generated Expression Number of Tokens,19
1739,referencegame,Qwen3.6-35B-A3B-FP8-without-reasoning,line_grids_columns,instance_00008,Aborted at Player 1,0
1740,referencegame,Qwen3.6-35B-A3B-FP8-without-reasoning,line_grids_columns,instance_00008,Aborted at Player 2,0
1741,referencegame,Qwen3.6-35B-A3B-FP8-without-reasoning,line_grids_columns,instance_00008,Request Count,2
1742,referencegame,Qwen3.6-35B-A3B-FP8-without-reasoning,line_grids_columns,instance_00008,Parsed Request Count,2
1743,referencegame,Qwen3.6-35B-A3B-FP8-without-reasoning,line_grids_columns,instance_00008,Violated Request Count,0
1744,referencegame,Qwen3.6-35B-A3B-FP8-without-reasoning,line_grids_columns,instance_00008,Aborted,0
1745,referencegame,Qwen3.6-35B-A3B-FP8-without-reasoning,line_grids_columns,instance_00008,Success,1
1746,referencegame,Qwen3.6-35B-A3B-FP8-without-reasoning,line_grids_columns,instance_00008,Lose,0
1747,referencegame,Qwen3.6-35B-A3B-FP8-without-reasoning,line_grids_columns,instance_00008,Main Score,100
1748,referencegame,Qwen3.6-35B-A3B-FP8-without-reasoning,line_grids_columns,instance_00008,Request Success Ratio,1.0
1749,referencegame,Qwen3.6-35B-A3B-FP8-without-reasoning,line_grids_columns,instance_00001,Generated Expression Length,78
1750,referencegame,Qwen3.6-35B-A3B-FP8-without-reasoning,line_grids_columns,instance_00001,Generated Expression Number of Tokens,14
1751,referencegame,Qwen3.6-35B-A3B-FP8-without-reasoning,line_grids_columns,instance_00001,Aborted at Player 1,0
1752,referencegame,Qwen3.6-35B-A3B-FP8-without-reasoning,line_grids_columns,instance_00001,Aborted at Player 2,0
1753,referencegame,Qwen3.6-35B-A3B-FP8-without-reasoning,line_grids_columns,instance_00001,Request Count,2
1754,referencegame,Qwen3.6-35B-A3B-FP8-without-reasoning,line_grids_columns,instance_00001,Parsed Request Count,2
1755,referencegame,Qwen3.6-35B-A3B-FP8-without-reasoning,line_grids_columns,instance_00001,Violated Request Count,0
1756,referencegame,Qwen3.6-35B-A3B-FP8-without-reasoning,line_grids_columns,instance_00001,Aborted,0
1757,referencegame,Qwen3.6-35B-A3B-FP8-without-reasoning,line_grids_columns,instance_00001,Success,1
1758,referencegame,Qwen3.6-35B-A3B-FP8-without-reasoning,line_grids_columns,instance_00001,Lose,0
1759,referencegame,Qwen3.6-35B-A3B-FP8-without-reasoning,line_grids_columns,instance_00001,Main Score,100
1760,referencegame,Qwen3.6-35B-A3B-FP8-without-reasoning,line_grids_columns,instance_00001,Request Success Ratio,1.0
1761,referencegame,Qwen3.6-35B-A3B-FP8-without-reasoning,line_grids_columns,instance_00006,Generated Expression Length,102
1762,referencegame,Qwen3.6-35B-A3B-FP8-without-reasoning,line_grids_columns,instance_00006,Generated Expression Number of Tokens,20
1763,referencegame,Qwen3.6-35B-A3B-FP8-without-reasoning,line_grids_columns,instance_00006,Aborted at Player 1,0
1764,referencegame,Qwen3.6-35B-A3B-FP8-without-reasoning,line_grids_columns,instance_00006,Aborted at Player 2,0
1765,referencegame,Qwen3.6-35B-A3B-FP8-without-reasoning,line_grids_columns,instance_00006,Request Count,2
1766,referencegame,Qwen3.6-35B-A3B-FP8-without-reasoning,line_grids_columns,instance_00006,Parsed Request Count,2
1767,referencegame,Qwen3.6-35B-A3B-FP8-without-reasoning,line_grids_columns,instance_00006,Violated Request Count,0
1768,referencegame,Qwen3.6-35B-A3B-FP8-without-reasoning,line_grids_columns,instance_00006,Aborted,0
1769,referencegame,Qwen3.6-35B-A3B-FP8-without-reasoning,line_grids_columns,instance_00006,Success,1
1770,referencegame,Qwen3.6-35B-A3B-FP8-without-reasoning,line_grids_columns,instance_00006,Lose,0
1771,referencegame,Qwen3.6-35B-A3B-FP8-without-reasoning,line_grids_columns,instance_00006,Main Score,100
1772,referencegame,Qwen3.6-35B-A3B-FP8-without-reasoning,line_grids_columns,instance_00006,Request Success Ratio,1.0
1773,referencegame,Qwen3.6-35B-A3B-FP8-without-reasoning,line_grids_columns,instance_00007,Generated Expression Length,99
1774,referencegame,Qwen3.6-35B-A3B-FP8-without-reasoning,line_grids_columns,instance_00007,Generated Expression Number of Tokens,19
1775,referencegame,Qwen3.6-35B-A3B-FP8-without-reasoning,line_grids_columns,instance_00007,Aborted at Player 1,0
1776,referencegame,Qwen3.6-35B-A3B-FP8-without-reasoning,line_grids_columns,instance_00007,Aborted at Player 2,0
1777,referencegame,Qwen3.6-35B-A3B-FP8-without-reasoning,line_grids_columns,instance_00007,Request Count,2
1778,referencegame,Qwen3.6-35B-A3B-FP8-without-reasoning,line_grids_columns,instance_00007,Parsed Request Count,2
1779,referencegame,Qwen3.6-35B-A3B-FP8-without-reasoning,line_grids_columns,instance_00007,Violated Request Count,0
1780,referencegame,Qwen3.6-35B-A3B-FP8-without-reasoning,line_grids_columns,instance_00007,Aborted,0
1781,referencegame,Qwen3.6-35B-A3B-FP8-without-reasoning,line_grids_columns,instance_00007,Success,1
1782,referencegame,Qwen3.6-35B-A3B-FP8-without-reasoning,line_grids_columns,instance_00007,Lose,0
1783,referencegame,Qwen3.6-35B-A3B-FP8-without-reasoning,line_grids_columns,instance_00007,Main Score,100
1784,referencegame,Qwen3.6-35B-A3B-FP8-without-reasoning,line_grids_columns,instance_00007,Request Success Ratio,1.0
1785,referencegame,Qwen3.6-35B-A3B-FP8-without-reasoning,line_grids_columns,instance_00000,Generated Expression Length,78
1786,referencegame,Qwen3.6-35B-A3B-FP8-without-reasoning,line_grids_columns,instance_00000,Generated Expression Number of Tokens,14
1787,referencegame,Qwen3.6-35B-A3B-FP8-without-reasoning,line_grids_columns,instance_00000,Aborted at Player 1,0
1788,referencegame,Qwen3.6-35B-A3B-FP8-without-reasoning,line_grids_columns,instance_00000,Aborted at Player 2,0
1789,referencegame,Qwen3.6-35B-A3B-FP8-without-reasoning,line_grids_columns,instance_00000,Request Count,2
1790,referencegame,Qwen3.6-35B-A3B-FP8-without-reasoning,line_grids_columns,instance_00000,Parsed Request Count,2
1791,referencegame,Qwen3.6-35B-A3B-FP8-without-reasoning,line_grids_columns,instance_00000,Violated Request Count,0
1792,referencegame,Qwen3.6-35B-A3B-FP8-without-reasoning,line_grids_columns,instance_00000,Aborted,0
1793,referencegame,Qwen3.6-35B-A3B-FP8-without-reasoning,line_grids_columns,instance_00000,Success,1
1794,referencegame,Qwen3.6-35B-A3B-FP8-without-reasoning,line_grids_columns,instance_00000,Lose,0
1795,referencegame,Qwen3.6-35B-A3B-FP8-without-reasoning,line_grids_columns,instance_00000,Main Score,100
1796,referencegame,Qwen3.6-35B-A3B-FP8-without-reasoning,line_grids_columns,instance_00000,Request Success Ratio,1.0
1797,referencegame,Qwen3.6-35B-A3B-FP8-without-reasoning,line_grids_columns,instance_00009,Generated Expression Length,83
1798,referencegame,Qwen3.6-35B-A3B-FP8-without-reasoning,line_grids_columns,instance_00009,Generated Expression Number of Tokens,16
1799,referencegame,Qwen3.6-35B-A3B-FP8-without-reasoning,line_grids_columns,instance_00009,Aborted at Player 1,0
1800,referencegame,Qwen3.6-35B-A3B-FP8-without-reasoning,line_grids_columns,instance_00009,Aborted at Player 2,0
1801,referencegame,Qwen3.6-35B-A3B-FP8-without-reasoning,line_grids_columns,instance_00009,Request Count,2
1802,referencegame,Qwen3.6-35B-A3B-FP8-without-reasoning,line_grids_columns,instance_00009,Parsed Request Count,2
1803,referencegame,Qwen3.6-35B-A3B-FP8-without-reasoning,line_grids_columns,instance_00009,Violated Request Count,0
1804,referencegame,Qwen3.6-35B-A3B-FP8-without-reasoning,line_grids_columns,instance_00009,Aborted,0
1805,referencegame,Qwen3.6-35B-A3B-FP8-without-reasoning,line_grids_columns,instance_00009,Success,1
1806,referencegame,Qwen3.6-35B-A3B-FP8-without-reasoning,line_grids_columns,instance_00009,Lose,0
1807,referencegame,Qwen3.6-35B-A3B-FP8-without-reasoning,line_grids_columns,instance_00009,Main Score,100
1808,referencegame,Qwen3.6-35B-A3B-FP8-without-reasoning,line_grids_columns,instance_00009,Request Success Ratio,1.0
1809,referencegame,Qwen3.6-35B-A3B-FP8-without-reasoning,line_grids_columns,instance_00013,Generated Expression Length,140
1810,referencegame,Qwen3.6-35B-A3B-FP8-without-reasoning,line_grids_columns,instance_00013,Generated Expression Number of Tokens,26
1811,referencegame,Qwen3.6-35B-A3B-FP8-without-reasoning,line_grids_columns,instance_00013,Aborted at Player 1,0
1812,referencegame,Qwen3.6-35B-A3B-FP8-without-reasoning,line_grids_columns,instance_00013,Aborted at Player 2,0
1813,referencegame,Qwen3.6-35B-A3B-FP8-without-reasoning,line_grids_columns,instance_00013,Request Count,2
1814,referencegame,Qwen3.6-35B-A3B-FP8-without-reasoning,line_grids_columns,instance_00013,Parsed Request Count,2
1815,referencegame,Qwen3.6-35B-A3B-FP8-without-reasoning,line_grids_columns,instance_00013,Violated Request Count,0
1816,referencegame,Qwen3.6-35B-A3B-FP8-without-reasoning,line_grids_columns,instance_00013,Aborted,0
1817,referencegame,Qwen3.6-35B-A3B-FP8-without-reasoning,line_grids_columns,instance_00013,Success,1
1818,referencegame,Qwen3.6-35B-A3B-FP8-without-reasoning,line_grids_columns,instance_00013,Lose,0
1819,referencegame,Qwen3.6-35B-A3B-FP8-without-reasoning,line_grids_columns,instance_00013,Main Score,100
1820,referencegame,Qwen3.6-35B-A3B-FP8-without-reasoning,line_grids_columns,instance_00013,Request Success Ratio,1.0
1821,referencegame,Qwen3.6-35B-A3B-FP8-without-reasoning,line_grids_columns,instance_00014,Generated Expression Length,121
1822,referencegame,Qwen3.6-35B-A3B-FP8-without-reasoning,line_grids_columns,instance_00014,Generated Expression Number of Tokens,27
1823,referencegame,Qwen3.6-35B-A3B-FP8-without-reasoning,line_grids_columns,instance_00014,Aborted at Player 1,0
1824,referencegame,Qwen3.6-35B-A3B-FP8-without-reasoning,line_grids_columns,instance_00014,Aborted at Player 2,0
1825,referencegame,Qwen3.6-35B-A3B-FP8-without-reasoning,line_grids_columns,instance_00014,Request Count,2
1826,referencegame,Qwen3.6-35B-A3B-FP8-without-reasoning,line_grids_columns,instance_00014,Parsed Request Count,2
1827,referencegame,Qwen3.6-35B-A3B-FP8-without-reasoning,line_grids_columns,instance_00014,Violated Request Count,0
1828,referencegame,Qwen3.6-35B-A3B-FP8-without-reasoning,line_grids_columns,instance_00014,Aborted,0
1829,referencegame,Qwen3.6-35B-A3B-FP8-without-reasoning,line_grids_columns,instance_00014,Success,1
1830,referencegame,Qwen3.6-35B-A3B-FP8-without-reasoning,line_grids_columns,instance_00014,Lose,0
1831,referencegame,Qwen3.6-35B-A3B-FP8-without-reasoning,line_grids_columns,instance_00014,Main Score,100
1832,referencegame,Qwen3.6-35B-A3B-FP8-without-reasoning,line_grids_columns,instance_00014,Request Success Ratio,1.0
1833,referencegame,Qwen3.6-35B-A3B-FP8-without-reasoning,line_grids_columns,instance_00015,Generated Expression Length,106
1834,referencegame,Qwen3.6-35B-A3B-FP8-without-reasoning,line_grids_columns,instance_00015,Generated Expression Number of Tokens,22
1835,referencegame,Qwen3.6-35B-A3B-FP8-without-reasoning,line_grids_columns,instance_00015,Aborted at Player 1,0
1836,referencegame,Qwen3.6-35B-A3B-FP8-without-reasoning,line_grids_columns,instance_00015,Aborted at Player 2,0
1837,referencegame,Qwen3.6-35B-A3B-FP8-without-reasoning,line_grids_columns,instance_00015,Request Count,2
1838,referencegame,Qwen3.6-35B-A3B-FP8-without-reasoning,line_grids_columns,instance_00015,Parsed Request Count,2
1839,referencegame,Qwen3.6-35B-A3B-FP8-without-reasoning,line_grids_columns,instance_00015,Violated Request Count,0
1840,referencegame,Qwen3.6-35B-A3B-FP8-without-reasoning,line_grids_columns,instance_00015,Aborted,0
1841,referencegame,Qwen3.6-35B-A3B-FP8-without-reasoning,line_grids_columns,instance_00015,Success,1
1842,referencegame,Qwen3.6-35B-A3B-FP8-without-reasoning,line_grids_columns,instance_00015,Lose,0
1843,referencegame,Qwen3.6-35B-A3B-FP8-without-reasoning,line_grids_columns,instance_00015,Main Score,100
1844,referencegame,Qwen3.6-35B-A3B-FP8-without-reasoning,line_grids_columns,instance_00015,Request Success Ratio,1.0
1845,referencegame,Qwen3.6-35B-A3B-FP8-without-reasoning,line_grids_columns,instance_00012,Generated Expression Length,121
1846,referencegame,Qwen3.6-35B-A3B-FP8-without-reasoning,line_grids_columns,instance_00012,Generated Expression Number of Tokens,27
1847,referencegame,Qwen3.6-35B-A3B-FP8-without-reasoning,line_grids_columns,instance_00012,Aborted at Player 1,0
1848,referencegame,Qwen3.6-35B-A3B-FP8-without-reasoning,line_grids_columns,instance_00012,Aborted at Player 2,0
1849,referencegame,Qwen3.6-35B-A3B-FP8-without-reasoning,line_grids_columns,instance_00012,Request Count,2
1850,referencegame,Qwen3.6-35B-A3B-FP8-without-reasoning,line_grids_columns,instance_00012,Parsed Request Count,2
1851,referencegame,Qwen3.6-35B-A3B-FP8-without-reasoning,line_grids_columns,instance_00012,Violated Request Count,0
1852,referencegame,Qwen3.6-35B-A3B-FP8-without-reasoning,line_grids_columns,instance_00012,Aborted,0
1853,referencegame,Qwen3.6-35B-A3B-FP8-without-reasoning,line_grids_columns,instance_00012,Success,1
1854,referencegame,Qwen3.6-35B-A3B-FP8-without-reasoning,line_grids_columns,instance_00012,Lose,0
1855,referencegame,Qwen3.6-35B-A3B-FP8-without-reasoning,line_grids_columns,instance_00012,Main Score,100
1856,referencegame,Qwen3.6-35B-A3B-FP8-without-reasoning,line_grids_columns,instance_00012,Request Success Ratio,1.0
1857,referencegame,Qwen3.6-35B-A3B-FP8-without-reasoning,line_grids_rows,instance_00005,Generated Expression Length,78
1858,referencegame,Qwen3.6-35B-A3B-FP8-without-reasoning,line_grids_rows,instance_00005,Generated Expression Number of Tokens,14
1859,referencegame,Qwen3.6-35B-A3B-FP8-without-reasoning,line_grids_rows,instance_00005,Aborted at Player 1,0
1860,referencegame,Qwen3.6-35B-A3B-FP8-without-reasoning,line_grids_rows,instance_00005,Aborted at Player 2,0
1861,referencegame,Qwen3.6-35B-A3B-FP8-without-reasoning,line_grids_rows,instance_00005,Request Count,2
1862,referencegame,Qwen3.6-35B-A3B-FP8-without-reasoning,line_grids_rows,instance_00005,Parsed Request Count,2
1863,referencegame,Qwen3.6-35B-A3B-FP8-without-reasoning,line_grids_rows,instance_00005,Violated Request Count,0
1864,referencegame,Qwen3.6-35B-A3B-FP8-without-reasoning,line_grids_rows,instance_00005,Aborted,0
1865,referencegame,Qwen3.6-35B-A3B-FP8-without-reasoning,line_grids_rows,instance_00005,Success,1
1866,referencegame,Qwen3.6-35B-A3B-FP8-without-reasoning,line_grids_rows,instance_00005,Lose,0
1867,referencegame,Qwen3.6-35B-A3B-FP8-without-reasoning,line_grids_rows,instance_00005,Main Score,100
1868,referencegame,Qwen3.6-35B-A3B-FP8-without-reasoning,line_grids_rows,instance_00005,Request Success Ratio,1.0
1869,referencegame,Qwen3.6-35B-A3B-FP8-without-reasoning,line_grids_rows,instance_00002,Generated Expression Length,82
1870,referencegame,Qwen3.6-35B-A3B-FP8-without-reasoning,line_grids_rows,instance_00002,Generated Expression Number of Tokens,16
1871,referencegame,Qwen3.6-35B-A3B-FP8-without-reasoning,line_grids_rows,instance_00002,Aborted at Player 1,0
1872,referencegame,Qwen3.6-35B-A3B-FP8-without-reasoning,line_grids_rows,instance_00002,Aborted at Player 2,0
1873,referencegame,Qwen3.6-35B-A3B-FP8-without-reasoning,line_grids_rows,instance_00002,Request Count,2
1874,referencegame,Qwen3.6-35B-A3B-FP8-without-reasoning,line_grids_rows,instance_00002,Parsed Request Count,2
1875,referencegame,Qwen3.6-35B-A3B-FP8-without-reasoning,line_grids_rows,instance_00002,Violated Request Count,0
1876,referencegame,Qwen3.6-35B-A3B-FP8-without-reasoning,line_grids_rows,instance_00002,Aborted,0
1877,referencegame,Qwen3.6-35B-A3B-FP8-without-reasoning,line_grids_rows,instance_00002,Success,1
1878,referencegame,Qwen3.6-35B-A3B-FP8-without-reasoning,line_grids_rows,instance_00002,Lose,0
1879,referencegame,Qwen3.6-35B-A3B-FP8-without-reasoning,line_grids_rows,instance_00002,Main Score,100
1880,referencegame,Qwen3.6-35B-A3B-FP8-without-reasoning,line_grids_rows,instance_00002,Request Success Ratio,1.0
1881,referencegame,Qwen3.6-35B-A3B-FP8-without-reasoning,line_grids_rows,instance_00003,Generated Expression Length,78
1882,referencegame,Qwen3.6-35B-A3B-FP8-without-reasoning,line_grids_rows,instance_00003,Generated Expression Number of Tokens,14
1883,referencegame,Qwen3.6-35B-A3B-FP8-without-reasoning,line_grids_rows,instance_00003,Aborted at Player 1,0
1884,referencegame,Qwen3.6-35B-A3B-FP8-without-reasoning,line_grids_rows,instance_00003,Aborted at Player 2,0
1885,referencegame,Qwen3.6-35B-A3B-FP8-without-reasoning,line_grids_rows,instance_00003,Request Count,2
1886,referencegame,Qwen3.6-35B-A3B-FP8-without-reasoning,line_grids_rows,instance_00003,Parsed Request Count,2
1887,referencegame,Qwen3.6-35B-A3B-FP8-without-reasoning,line_grids_rows,instance_00003,Violated Request Count,0
1888,referencegame,Qwen3.6-35B-A3B-FP8-without-reasoning,line_grids_rows,instance_00003,Aborted,0
1889,referencegame,Qwen3.6-35B-A3B-FP8-without-reasoning,line_grids_rows,instance_00003,Success,1
1890,referencegame,Qwen3.6-35B-A3B-FP8-without-reasoning,line_grids_rows,instance_00003,Lose,0
1891,referencegame,Qwen3.6-35B-A3B-FP8-without-reasoning,line_grids_rows,instance_00003,Main Score,100
1892,referencegame,Qwen3.6-35B-A3B-FP8-without-reasoning,line_grids_rows,instance_00003,Request Success Ratio,1.0
1893,referencegame,Qwen3.6-35B-A3B-FP8-without-reasoning,line_grids_rows,instance_00004,Generated Expression Length,78
1894,referencegame,Qwen3.6-35B-A3B-FP8-without-reasoning,line_grids_rows,instance_00004,Generated Expression Number of Tokens,14
1895,referencegame,Qwen3.6-35B-A3B-FP8-without-reasoning,line_grids_rows,instance_00004,Aborted at Player 1,0
1896,referencegame,Qwen3.6-35B-A3B-FP8-without-reasoning,line_grids_rows,instance_00004,Aborted at Player 2,0
1897,referencegame,Qwen3.6-35B-A3B-FP8-without-reasoning,line_grids_rows,instance_00004,Request Count,2
1898,referencegame,Qwen3.6-35B-A3B-FP8-without-reasoning,line_grids_rows,instance_00004,Parsed Request Count,2
1899,referencegame,Qwen3.6-35B-A3B-FP8-without-reasoning,line_grids_rows,instance_00004,Violated Request Count,0
1900,referencegame,Qwen3.6-35B-A3B-FP8-without-reasoning,line_grids_rows,instance_00004,Aborted,0
1901,referencegame,Qwen3.6-35B-A3B-FP8-without-reasoning,line_grids_rows,instance_00004,Success,0
1902,referencegame,Qwen3.6-35B-A3B-FP8-without-reasoning,line_grids_rows,instance_00004,Lose,1
1903,referencegame,Qwen3.6-35B-A3B-FP8-without-reasoning,line_grids_rows,instance_00004,Main Score,0
1904,referencegame,Qwen3.6-35B-A3B-FP8-without-reasoning,line_grids_rows,instance_00004,Request Success Ratio,1.0
1905,referencegame,Qwen3.6-35B-A3B-FP8-without-reasoning,line_grids_rows,instance_00017,Generated Expression Length,97
1906,referencegame,Qwen3.6-35B-A3B-FP8-without-reasoning,line_grids_rows,instance_00017,Generated Expression Number of Tokens,18
1907,referencegame,Qwen3.6-35B-A3B-FP8-without-reasoning,line_grids_rows,instance_00017,Aborted at Player 1,0
1908,referencegame,Qwen3.6-35B-A3B-FP8-without-reasoning,line_grids_rows,instance_00017,Aborted at Player 2,0
1909,referencegame,Qwen3.6-35B-A3B-FP8-without-reasoning,line_grids_rows,instance_00017,Request Count,2
1910,referencegame,Qwen3.6-35B-A3B-FP8-without-reasoning,line_grids_rows,instance_00017,Parsed Request Count,2
1911,referencegame,Qwen3.6-35B-A3B-FP8-without-reasoning,line_grids_rows,instance_00017,Violated Request Count,0
1912,referencegame,Qwen3.6-35B-A3B-FP8-without-reasoning,line_grids_rows,instance_00017,Aborted,0
1913,referencegame,Qwen3.6-35B-A3B-FP8-without-reasoning,line_grids_rows,instance_00017,Success,1
1914,referencegame,Qwen3.6-35B-A3B-FP8-without-reasoning,line_grids_rows,instance_00017,Lose,0
1915,referencegame,Qwen3.6-35B-A3B-FP8-without-reasoning,line_grids_rows,instance_00017,Main Score,100
1916,referencegame,Qwen3.6-35B-A3B-FP8-without-reasoning,line_grids_rows,instance_00017,Request Success Ratio,1.0
1917,referencegame,Qwen3.6-35B-A3B-FP8-without-reasoning,line_grids_rows,instance_00010,Generated Expression Length,39
1918,referencegame,Qwen3.6-35B-A3B-FP8-without-reasoning,line_grids_rows,instance_00010,Generated Expression Number of Tokens,7
1919,referencegame,Qwen3.6-35B-A3B-FP8-without-reasoning,line_grids_rows,instance_00010,Aborted at Player 1,0
1920,referencegame,Qwen3.6-35B-A3B-FP8-without-reasoning,line_grids_rows,instance_00010,Aborted at Player 2,0
1921,referencegame,Qwen3.6-35B-A3B-FP8-without-reasoning,line_grids_rows,instance_00010,Request Count,2
1922,referencegame,Qwen3.6-35B-A3B-FP8-without-reasoning,line_grids_rows,instance_00010,Parsed Request Count,2
1923,referencegame,Qwen3.6-35B-A3B-FP8-without-reasoning,line_grids_rows,instance_00010,Violated Request Count,0
1924,referencegame,Qwen3.6-35B-A3B-FP8-without-reasoning,line_grids_rows,instance_00010,Aborted,0
1925,referencegame,Qwen3.6-35B-A3B-FP8-without-reasoning,line_grids_rows,instance_00010,Success,0
1926,referencegame,Qwen3.6-35B-A3B-FP8-without-reasoning,line_grids_rows,instance_00010,Lose,1
1927,referencegame,Qwen3.6-35B-A3B-FP8-without-reasoning,line_grids_rows,instance_00010,Main Score,0
1928,referencegame,Qwen3.6-35B-A3B-FP8-without-reasoning,line_grids_rows,instance_00010,Request Success Ratio,1.0
1929,referencegame,Qwen3.6-35B-A3B-FP8-without-reasoning,line_grids_rows,instance_00011,Generated Expression Length,39
1930,referencegame,Qwen3.6-35B-A3B-FP8-without-reasoning,line_grids_rows,instance_00011,Generated Expression Number of Tokens,7
1931,referencegame,Qwen3.6-35B-A3B-FP8-without-reasoning,line_grids_rows,instance_00011,Aborted at Player 1,0
1932,referencegame,Qwen3.6-35B-A3B-FP8-without-reasoning,line_grids_rows,instance_00011,Aborted at Player 2,0
1933,referencegame,Qwen3.6-35B-A3B-FP8-without-reasoning,line_grids_rows,instance_00011,Request Count,2
1934,referencegame,Qwen3.6-35B-A3B-FP8-without-reasoning,line_grids_rows,instance_00011,Parsed Request Count,2
1935,referencegame,Qwen3.6-35B-A3B-FP8-without-reasoning,line_grids_rows,instance_00011,Violated Request Count,0
1936,referencegame,Qwen3.6-35B-A3B-FP8-without-reasoning,line_grids_rows,instance_00011,Aborted,0
1937,referencegame,Qwen3.6-35B-A3B-FP8-without-reasoning,line_grids_rows,instance_00011,Success,1
1938,referencegame,Qwen3.6-35B-A3B-FP8-without-reasoning,line_grids_rows,instance_00011,Lose,0
1939,referencegame,Qwen3.6-35B-A3B-FP8-without-reasoning,line_grids_rows,instance_00011,Main Score,100
1940,referencegame,Qwen3.6-35B-A3B-FP8-without-reasoning,line_grids_rows,instance_00011,Request Success Ratio,1.0
1941,referencegame,Qwen3.6-35B-A3B-FP8-without-reasoning,line_grids_rows,instance_00016,Generated Expression Length,91
1942,referencegame,Qwen3.6-35B-A3B-FP8-without-reasoning,line_grids_rows,instance_00016,Generated Expression Number of Tokens,19
1943,referencegame,Qwen3.6-35B-A3B-FP8-without-reasoning,line_grids_rows,instance_00016,Aborted at Player 1,0
1944,referencegame,Qwen3.6-35B-A3B-FP8-without-reasoning,line_grids_rows,instance_00016,Aborted at Player 2,0
1945,referencegame,Qwen3.6-35B-A3B-FP8-without-reasoning,line_grids_rows,instance_00016,Request Count,2
1946,referencegame,Qwen3.6-35B-A3B-FP8-without-reasoning,line_grids_rows,instance_00016,Parsed Request Count,2
1947,referencegame,Qwen3.6-35B-A3B-FP8-without-reasoning,line_grids_rows,instance_00016,Violated Request Count,0
1948,referencegame,Qwen3.6-35B-A3B-FP8-without-reasoning,line_grids_rows,instance_00016,Aborted,0
1949,referencegame,Qwen3.6-35B-A3B-FP8-without-reasoning,line_grids_rows,instance_00016,Success,1
1950,referencegame,Qwen3.6-35B-A3B-FP8-without-reasoning,line_grids_rows,instance_00016,Lose,0
1951,referencegame,Qwen3.6-35B-A3B-FP8-without-reasoning,line_grids_rows,instance_00016,Main Score,100
1952,referencegame,Qwen3.6-35B-A3B-FP8-without-reasoning,line_grids_rows,instance_00016,Request Success Ratio,1.0
1953,referencegame,Qwen3.6-35B-A3B-FP8-without-reasoning,line_grids_rows,instance_00008,Generated Expression Length,91
1954,referencegame,Qwen3.6-35B-A3B-FP8-without-reasoning,line_grids_rows,instance_00008,Generated Expression Number of Tokens,18
1955,referencegame,Qwen3.6-35B-A3B-FP8-without-reasoning,line_grids_rows,instance_00008,Aborted at Player 1,0
1956,referencegame,Qwen3.6-35B-A3B-FP8-without-reasoning,line_grids_rows,instance_00008,Aborted at Player 2,0
1957,referencegame,Qwen3.6-35B-A3B-FP8-without-reasoning,line_grids_rows,instance_00008,Request Count,2
1958,referencegame,Qwen3.6-35B-A3B-FP8-without-reasoning,line_grids_rows,instance_00008,Parsed Request Count,2
1959,referencegame,Qwen3.6-35B-A3B-FP8-without-reasoning,line_grids_rows,instance_00008,Violated Request Count,0
1960,referencegame,Qwen3.6-35B-A3B-FP8-without-reasoning,line_grids_rows,instance_00008,Aborted,0
1961,referencegame,Qwen3.6-35B-A3B-FP8-without-reasoning,line_grids_rows,instance_00008,Success,0
1962,referencegame,Qwen3.6-35B-A3B-FP8-without-reasoning,line_grids_rows,instance_00008,Lose,1
1963,referencegame,Qwen3.6-35B-A3B-FP8-without-reasoning,line_grids_rows,instance_00008,Main Score,0
1964,referencegame,Qwen3.6-35B-A3B-FP8-without-reasoning,line_grids_rows,instance_00008,Request Success Ratio,1.0
1965,referencegame,Qwen3.6-35B-A3B-FP8-without-reasoning,line_grids_rows,instance_00001,Generated Expression Length,92
1966,referencegame,Qwen3.6-35B-A3B-FP8-without-reasoning,line_grids_rows,instance_00001,Generated Expression Number of Tokens,16
1967,referencegame,Qwen3.6-35B-A3B-FP8-without-reasoning,line_grids_rows,instance_00001,Aborted at Player 1,0
1968,referencegame,Qwen3.6-35B-A3B-FP8-without-reasoning,line_grids_rows,instance_00001,Aborted at Player 2,0
1969,referencegame,Qwen3.6-35B-A3B-FP8-without-reasoning,line_grids_rows,instance_00001,Request Count,2
1970,referencegame,Qwen3.6-35B-A3B-FP8-without-reasoning,line_grids_rows,instance_00001,Parsed Request Count,2
1971,referencegame,Qwen3.6-35B-A3B-FP8-without-reasoning,line_grids_rows,instance_00001,Violated Request Count,0
1972,referencegame,Qwen3.6-35B-A3B-FP8-without-reasoning,line_grids_rows,instance_00001,Aborted,0
1973,referencegame,Qwen3.6-35B-A3B-FP8-without-reasoning,line_grids_rows,instance_00001,Success,1
1974,referencegame,Qwen3.6-35B-A3B-FP8-without-reasoning,line_grids_rows,instance_00001,Lose,0
1975,referencegame,Qwen3.6-35B-A3B-FP8-without-reasoning,line_grids_rows,instance_00001,Main Score,100
1976,referencegame,Qwen3.6-35B-A3B-FP8-without-reasoning,line_grids_rows,instance_00001,Request Success Ratio,1.0
1977,referencegame,Qwen3.6-35B-A3B-FP8-without-reasoning,line_grids_rows,instance_00006,Generated Expression Length,91
1978,referencegame,Qwen3.6-35B-A3B-FP8-without-reasoning,line_grids_rows,instance_00006,Generated Expression Number of Tokens,18
1979,referencegame,Qwen3.6-35B-A3B-FP8-without-reasoning,line_grids_rows,instance_00006,Aborted at Player 1,0
1980,referencegame,Qwen3.6-35B-A3B-FP8-without-reasoning,line_grids_rows,instance_00006,Aborted at Player 2,0
1981,referencegame,Qwen3.6-35B-A3B-FP8-without-reasoning,line_grids_rows,instance_00006,Request Count,2
1982,referencegame,Qwen3.6-35B-A3B-FP8-without-reasoning,line_grids_rows,instance_00006,Parsed Request Count,2
1983,referencegame,Qwen3.6-35B-A3B-FP8-without-reasoning,line_grids_rows,instance_00006,Violated Request Count,0
1984,referencegame,Qwen3.6-35B-A3B-FP8-without-reasoning,line_grids_rows,instance_00006,Aborted,0
1985,referencegame,Qwen3.6-35B-A3B-FP8-without-reasoning,line_grids_rows,instance_00006,Success,0
1986,referencegame,Qwen3.6-35B-A3B-FP8-without-reasoning,line_grids_rows,instance_00006,Lose,1
1987,referencegame,Qwen3.6-35B-A3B-FP8-without-reasoning,line_grids_rows,instance_00006,Main Score,0
1988,referencegame,Qwen3.6-35B-A3B-FP8-without-reasoning,line_grids_rows,instance_00006,Request Success Ratio,1.0
1989,referencegame,Qwen3.6-35B-A3B-FP8-without-reasoning,line_grids_rows,instance_00007,Generated Expression Length,93
1990,referencegame,Qwen3.6-35B-A3B-FP8-without-reasoning,line_grids_rows,instance_00007,Generated Expression Number of Tokens,17
1991,referencegame,Qwen3.6-35B-A3B-FP8-without-reasoning,line_grids_rows,instance_00007,Aborted at Player 1,0
1992,referencegame,Qwen3.6-35B-A3B-FP8-without-reasoning,line_grids_rows,instance_00007,Aborted at Player 2,1
1993,referencegame,Qwen3.6-35B-A3B-FP8-without-reasoning,line_grids_rows,instance_00007,Request Count,2
1994,referencegame,Qwen3.6-35B-A3B-FP8-without-reasoning,line_grids_rows,instance_00007,Parsed Request Count,1
1995,referencegame,Qwen3.6-35B-A3B-FP8-without-reasoning,line_grids_rows,instance_00007,Violated Request Count,1
1996,referencegame,Qwen3.6-35B-A3B-FP8-without-reasoning,line_grids_rows,instance_00007,Aborted,1
1997,referencegame,Qwen3.6-35B-A3B-FP8-without-reasoning,line_grids_rows,instance_00007,Success,
1998,referencegame,Qwen3.6-35B-A3B-FP8-without-reasoning,line_grids_rows,instance_00007,Lose,
1999,referencegame,Qwen3.6-35B-A3B-FP8-without-reasoning,line_grids_rows,instance_00007,Main Score,
2000,referencegame,Qwen3.6-35B-A3B-FP8-without-reasoning,line_grids_rows,instance_00007,Request Success Ratio,0.5
2001,referencegame,Qwen3.6-35B-A3B-FP8-without-reasoning,line_grids_rows,instance_00000,Generated Expression Length,82
2002,referencegame,Qwen3.6-35B-A3B-FP8-without-reasoning,line_grids_rows,instance_00000,Generated Expression Number of Tokens,16
2003,referencegame,Qwen3.6-35B-A3B-FP8-without-reasoning,line_grids_rows,instance_00000,Aborted at Player 1,0
2004,referencegame,Qwen3.6-35B-A3B-FP8-without-reasoning,line_grids_rows,instance_00000,Aborted at Player 2,0
2005,referencegame,Qwen3.6-35B-A3B-FP8-without-reasoning,line_grids_rows,instance_00000,Request Count,2
2006,referencegame,Qwen3.6-35B-A3B-FP8-without-reasoning,line_grids_rows,instance_00000,Parsed Request Count,2
2007,referencegame,Qwen3.6-35B-A3B-FP8-without-reasoning,line_grids_rows,instance_00000,Violated Request Count,0
2008,referencegame,Qwen3.6-35B-A3B-FP8-without-reasoning,line_grids_rows,instance_00000,Aborted,0
2009,referencegame,Qwen3.6-35B-A3B-FP8-without-reasoning,line_grids_rows,instance_00000,Success,1
2010,referencegame,Qwen3.6-35B-A3B-FP8-without-reasoning,line_grids_rows,instance_00000,Lose,0
2011,referencegame,Qwen3.6-35B-A3B-FP8-without-reasoning,line_grids_rows,instance_00000,Main Score,100
2012,referencegame,Qwen3.6-35B-A3B-FP8-without-reasoning,line_grids_rows,instance_00000,Request Success Ratio,1.0
2013,referencegame,Qwen3.6-35B-A3B-FP8-without-reasoning,line_grids_rows,instance_00009,Generated Expression Length,39
2014,referencegame,Qwen3.6-35B-A3B-FP8-without-reasoning,line_grids_rows,instance_00009,Generated Expression Number of Tokens,7
2015,referencegame,Qwen3.6-35B-A3B-FP8-without-reasoning,line_grids_rows,instance_00009,Aborted at Player 1,0
2016,referencegame,Qwen3.6-35B-A3B-FP8-without-reasoning,line_grids_rows,instance_00009,Aborted at Player 2,0
2017,referencegame,Qwen3.6-35B-A3B-FP8-without-reasoning,line_grids_rows,instance_00009,Request Count,2
2018,referencegame,Qwen3.6-35B-A3B-FP8-without-reasoning,line_grids_rows,instance_00009,Parsed Request Count,2
2019,referencegame,Qwen3.6-35B-A3B-FP8-without-reasoning,line_grids_rows,instance_00009,Violated Request Count,0
2020,referencegame,Qwen3.6-35B-A3B-FP8-without-reasoning,line_grids_rows,instance_00009,Aborted,0
2021,referencegame,Qwen3.6-35B-A3B-FP8-without-reasoning,line_grids_rows,instance_00009,Success,1
2022,referencegame,Qwen3.6-35B-A3B-FP8-without-reasoning,line_grids_rows,instance_00009,Lose,0
2023,referencegame,Qwen3.6-35B-A3B-FP8-without-reasoning,line_grids_rows,instance_00009,Main Score,100
2024,referencegame,Qwen3.6-35B-A3B-FP8-without-reasoning,line_grids_rows,instance_00009,Request Success Ratio,1.0
2025,referencegame,Qwen3.6-35B-A3B-FP8-without-reasoning,line_grids_rows,instance_00013,Generated Expression Length,114
2026,referencegame,Qwen3.6-35B-A3B-FP8-without-reasoning,line_grids_rows,instance_00013,Generated Expression Number of Tokens,23
2027,referencegame,Qwen3.6-35B-A3B-FP8-without-reasoning,line_grids_rows,instance_00013,Aborted at Player 1,0
2028,referencegame,Qwen3.6-35B-A3B-FP8-without-reasoning,line_grids_rows,instance_00013,Aborted at Player 2,0
2029,referencegame,Qwen3.6-35B-A3B-FP8-without-reasoning,line_grids_rows,instance_00013,Request Count,2
2030,referencegame,Qwen3.6-35B-A3B-FP8-without-reasoning,line_grids_rows,instance_00013,Parsed Request Count,2
2031,referencegame,Qwen3.6-35B-A3B-FP8-without-reasoning,line_grids_rows,instance_00013,Violated Request Count,0
2032,referencegame,Qwen3.6-35B-A3B-FP8-without-reasoning,line_grids_rows,instance_00013,Aborted,0
2033,referencegame,Qwen3.6-35B-A3B-FP8-without-reasoning,line_grids_rows,instance_00013,Success,0
2034,referencegame,Qwen3.6-35B-A3B-FP8-without-reasoning,line_grids_rows,instance_00013,Lose,1
2035,referencegame,Qwen3.6-35B-A3B-FP8-without-reasoning,line_grids_rows,instance_00013,Main Score,0
2036,referencegame,Qwen3.6-35B-A3B-FP8-without-reasoning,line_grids_rows,instance_00013,Request Success Ratio,1.0
2037,referencegame,Qwen3.6-35B-A3B-FP8-without-reasoning,line_grids_rows,instance_00014,Generated Expression Length,114
2038,referencegame,Qwen3.6-35B-A3B-FP8-without-reasoning,line_grids_rows,instance_00014,Generated Expression Number of Tokens,23
2039,referencegame,Qwen3.6-35B-A3B-FP8-without-reasoning,line_grids_rows,instance_00014,Aborted at Player 1,0
2040,referencegame,Qwen3.6-35B-A3B-FP8-without-reasoning,line_grids_rows,instance_00014,Aborted at Player 2,0
2041,referencegame,Qwen3.6-35B-A3B-FP8-without-reasoning,line_grids_rows,instance_00014,Request Count,2
2042,referencegame,Qwen3.6-35B-A3B-FP8-without-reasoning,line_grids_rows,instance_00014,Parsed Request Count,2
2043,referencegame,Qwen3.6-35B-A3B-FP8-without-reasoning,line_grids_rows,instance_00014,Violated Request Count,0
2044,referencegame,Qwen3.6-35B-A3B-FP8-without-reasoning,line_grids_rows,instance_00014,Aborted,0
2045,referencegame,Qwen3.6-35B-A3B-FP8-without-reasoning,line_grids_rows,instance_00014,Success,1
2046,referencegame,Qwen3.6-35B-A3B-FP8-without-reasoning,line_grids_rows,instance_00014,Lose,0
2047,referencegame,Qwen3.6-35B-A3B-FP8-without-reasoning,line_grids_rows,instance_00014,Main Score,100
2048,referencegame,Qwen3.6-35B-A3B-FP8-without-reasoning,line_grids_rows,instance_00014,Request Success Ratio,1.0
2049,referencegame,Qwen3.6-35B-A3B-FP8-without-reasoning,line_grids_rows,instance_00015,Generated Expression Length,122
2050,referencegame,Qwen3.6-35B-A3B-FP8-without-reasoning,line_grids_rows,instance_00015,Generated Expression Number of Tokens,23
2051,referencegame,Qwen3.6-35B-A3B-FP8-without-reasoning,line_grids_rows,instance_00015,Aborted at Player 1,0
2052,referencegame,Qwen3.6-35B-A3B-FP8-without-reasoning,line_grids_rows,instance_00015,Aborted at Player 2,0
2053,referencegame,Qwen3.6-35B-A3B-FP8-without-reasoning,line_grids_rows,instance_00015,Request Count,2
2054,referencegame,Qwen3.6-35B-A3B-FP8-without-reasoning,line_grids_rows,instance_00015,Parsed Request Count,2
2055,referencegame,Qwen3.6-35B-A3B-FP8-without-reasoning,line_grids_rows,instance_00015,Violated Request Count,0
2056,referencegame,Qwen3.6-35B-A3B-FP8-without-reasoning,line_grids_rows,instance_00015,Aborted,0
2057,referencegame,Qwen3.6-35B-A3B-FP8-without-reasoning,line_grids_rows,instance_00015,Success,1
2058,referencegame,Qwen3.6-35B-A3B-FP8-without-reasoning,line_grids_rows,instance_00015,Lose,0
2059,referencegame,Qwen3.6-35B-A3B-FP8-without-reasoning,line_grids_rows,instance_00015,Main Score,100
2060,referencegame,Qwen3.6-35B-A3B-FP8-without-reasoning,line_grids_rows,instance_00015,Request Success Ratio,1.0
2061,referencegame,Qwen3.6-35B-A3B-FP8-without-reasoning,line_grids_rows,instance_00012,Generated Expression Length,143
2062,referencegame,Qwen3.6-35B-A3B-FP8-without-reasoning,line_grids_rows,instance_00012,Generated Expression Number of Tokens,28
2063,referencegame,Qwen3.6-35B-A3B-FP8-without-reasoning,line_grids_rows,instance_00012,Aborted at Player 1,0
2064,referencegame,Qwen3.6-35B-A3B-FP8-without-reasoning,line_grids_rows,instance_00012,Aborted at Player 2,0
2065,referencegame,Qwen3.6-35B-A3B-FP8-without-reasoning,line_grids_rows,instance_00012,Request Count,2
2066,referencegame,Qwen3.6-35B-A3B-FP8-without-reasoning,line_grids_rows,instance_00012,Parsed Request Count,2
2067,referencegame,Qwen3.6-35B-A3B-FP8-without-reasoning,line_grids_rows,instance_00012,Violated Request Count,0
2068,referencegame,Qwen3.6-35B-A3B-FP8-without-reasoning,line_grids_rows,instance_00012,Aborted,0
2069,referencegame,Qwen3.6-35B-A3B-FP8-without-reasoning,line_grids_rows,instance_00012,Success,1
2070,referencegame,Qwen3.6-35B-A3B-FP8-without-reasoning,line_grids_rows,instance_00012,Lose,0
2071,referencegame,Qwen3.6-35B-A3B-FP8-without-reasoning,line_grids_rows,instance_00012,Main Score,100
2072,referencegame,Qwen3.6-35B-A3B-FP8-without-reasoning,line_grids_rows,instance_00012,Request Success Ratio,1.0
2073,referencegame,Qwen3.6-35B-A3B-FP8-without-reasoning,random_grids,instance_00005,Generated Expression Length,137
2074,referencegame,Qwen3.6-35B-A3B-FP8-without-reasoning,random_grids,instance_00005,Generated Expression Number of Tokens,22
2075,referencegame,Qwen3.6-35B-A3B-FP8-without-reasoning,random_grids,instance_00005,Aborted at Player 1,0
2076,referencegame,Qwen3.6-35B-A3B-FP8-without-reasoning,random_grids,instance_00005,Aborted at Player 2,0
2077,referencegame,Qwen3.6-35B-A3B-FP8-without-reasoning,random_grids,instance_00005,Request Count,2
2078,referencegame,Qwen3.6-35B-A3B-FP8-without-reasoning,random_grids,instance_00005,Parsed Request Count,2
2079,referencegame,Qwen3.6-35B-A3B-FP8-without-reasoning,random_grids,instance_00005,Violated Request Count,0
2080,referencegame,Qwen3.6-35B-A3B-FP8-without-reasoning,random_grids,instance_00005,Aborted,0
2081,referencegame,Qwen3.6-35B-A3B-FP8-without-reasoning,random_grids,instance_00005,Success,0
2082,referencegame,Qwen3.6-35B-A3B-FP8-without-reasoning,random_grids,instance_00005,Lose,1
2083,referencegame,Qwen3.6-35B-A3B-FP8-without-reasoning,random_grids,instance_00005,Main Score,0
2084,referencegame,Qwen3.6-35B-A3B-FP8-without-reasoning,random_grids,instance_00005,Request Success Ratio,1.0
2085,referencegame,Qwen3.6-35B-A3B-FP8-without-reasoning,random_grids,instance_00002,Generated Expression Length,153
2086,referencegame,Qwen3.6-35B-A3B-FP8-without-reasoning,random_grids,instance_00002,Generated Expression Number of Tokens,28
2087,referencegame,Qwen3.6-35B-A3B-FP8-without-reasoning,random_grids,instance_00002,Aborted at Player 1,0
2088,referencegame,Qwen3.6-35B-A3B-FP8-without-reasoning,random_grids,instance_00002,Aborted at Player 2,0
2089,referencegame,Qwen3.6-35B-A3B-FP8-without-reasoning,random_grids,instance_00002,Request Count,2
2090,referencegame,Qwen3.6-35B-A3B-FP8-without-reasoning,random_grids,instance_00002,Parsed Request Count,2
2091,referencegame,Qwen3.6-35B-A3B-FP8-without-reasoning,random_grids,instance_00002,Violated Request Count,0
2092,referencegame,Qwen3.6-35B-A3B-FP8-without-reasoning,random_grids,instance_00002,Aborted,0
2093,referencegame,Qwen3.6-35B-A3B-FP8-without-reasoning,random_grids,instance_00002,Success,1
2094,referencegame,Qwen3.6-35B-A3B-FP8-without-reasoning,random_grids,instance_00002,Lose,0
2095,referencegame,Qwen3.6-35B-A3B-FP8-without-reasoning,random_grids,instance_00002,Main Score,100
2096,referencegame,Qwen3.6-35B-A3B-FP8-without-reasoning,random_grids,instance_00002,Request Success Ratio,1.0
2097,referencegame,Qwen3.6-35B-A3B-FP8-without-reasoning,random_grids,instance_00003,Generated Expression Length,137
2098,referencegame,Qwen3.6-35B-A3B-FP8-without-reasoning,random_grids,instance_00003,Generated Expression Number of Tokens,22
2099,referencegame,Qwen3.6-35B-A3B-FP8-without-reasoning,random_grids,instance_00003,Aborted at Player 1,0
2100,referencegame,Qwen3.6-35B-A3B-FP8-without-reasoning,random_grids,instance_00003,Aborted at Player 2,0
2101,referencegame,Qwen3.6-35B-A3B-FP8-without-reasoning,random_grids,instance_00003,Request Count,2
2102,referencegame,Qwen3.6-35B-A3B-FP8-without-reasoning,random_grids,instance_00003,Parsed Request Count,2
2103,referencegame,Qwen3.6-35B-A3B-FP8-without-reasoning,random_grids,instance_00003,Violated Request Count,0
2104,referencegame,Qwen3.6-35B-A3B-FP8-without-reasoning,random_grids,instance_00003,Aborted,0
2105,referencegame,Qwen3.6-35B-A3B-FP8-without-reasoning,random_grids,instance_00003,Success,1
2106,referencegame,Qwen3.6-35B-A3B-FP8-without-reasoning,random_grids,instance_00003,Lose,0
2107,referencegame,Qwen3.6-35B-A3B-FP8-without-reasoning,random_grids,instance_00003,Main Score,100
2108,referencegame,Qwen3.6-35B-A3B-FP8-without-reasoning,random_grids,instance_00003,Request Success Ratio,1.0
2109,referencegame,Qwen3.6-35B-A3B-FP8-without-reasoning,random_grids,instance_00004,Generated Expression Length,137
2110,referencegame,Qwen3.6-35B-A3B-FP8-without-reasoning,random_grids,instance_00004,Generated Expression Number of Tokens,22
2111,referencegame,Qwen3.6-35B-A3B-FP8-without-reasoning,random_grids,instance_00004,Aborted at Player 1,0
2112,referencegame,Qwen3.6-35B-A3B-FP8-without-reasoning,random_grids,instance_00004,Aborted at Player 2,0
2113,referencegame,Qwen3.6-35B-A3B-FP8-without-reasoning,random_grids,instance_00004,Request Count,2
2114,referencegame,Qwen3.6-35B-A3B-FP8-without-reasoning,random_grids,instance_00004,Parsed Request Count,2
2115,referencegame,Qwen3.6-35B-A3B-FP8-without-reasoning,random_grids,instance_00004,Violated Request Count,0
2116,referencegame,Qwen3.6-35B-A3B-FP8-without-reasoning,random_grids,instance_00004,Aborted,0
2117,referencegame,Qwen3.6-35B-A3B-FP8-without-reasoning,random_grids,instance_00004,Success,0
2118,referencegame,Qwen3.6-35B-A3B-FP8-without-reasoning,random_grids,instance_00004,Lose,1
2119,referencegame,Qwen3.6-35B-A3B-FP8-without-reasoning,random_grids,instance_00004,Main Score,0
2120,referencegame,Qwen3.6-35B-A3B-FP8-without-reasoning,random_grids,instance_00004,Request Success Ratio,1.0
2121,referencegame,Qwen3.6-35B-A3B-FP8-without-reasoning,random_grids,instance_00017,Generated Expression Length,136
2122,referencegame,Qwen3.6-35B-A3B-FP8-without-reasoning,random_grids,instance_00017,Generated Expression Number of Tokens,20
2123,referencegame,Qwen3.6-35B-A3B-FP8-without-reasoning,random_grids,instance_00017,Aborted at Player 1,0
2124,referencegame,Qwen3.6-35B-A3B-FP8-without-reasoning,random_grids,instance_00017,Aborted at Player 2,0
2125,referencegame,Qwen3.6-35B-A3B-FP8-without-reasoning,random_grids,instance_00017,Request Count,2
2126,referencegame,Qwen3.6-35B-A3B-FP8-without-reasoning,random_grids,instance_00017,Parsed Request Count,2
2127,referencegame,Qwen3.6-35B-A3B-FP8-without-reasoning,random_grids,instance_00017,Violated Request Count,0
2128,referencegame,Qwen3.6-35B-A3B-FP8-without-reasoning,random_grids,instance_00017,Aborted,0
2129,referencegame,Qwen3.6-35B-A3B-FP8-without-reasoning,random_grids,instance_00017,Success,0
2130,referencegame,Qwen3.6-35B-A3B-FP8-without-reasoning,random_grids,instance_00017,Lose,1
2131,referencegame,Qwen3.6-35B-A3B-FP8-without-reasoning,random_grids,instance_00017,Main Score,0
2132,referencegame,Qwen3.6-35B-A3B-FP8-without-reasoning,random_grids,instance_00017,Request Success Ratio,1.0
2133,referencegame,Qwen3.6-35B-A3B-FP8-without-reasoning,random_grids,instance_00010,Generated Expression Length,159
2134,referencegame,Qwen3.6-35B-A3B-FP8-without-reasoning,random_grids,instance_00010,Generated Expression Number of Tokens,23
2135,referencegame,Qwen3.6-35B-A3B-FP8-without-reasoning,random_grids,instance_00010,Aborted at Player 1,0
2136,referencegame,Qwen3.6-35B-A3B-FP8-without-reasoning,random_grids,instance_00010,Aborted at Player 2,0
2137,referencegame,Qwen3.6-35B-A3B-FP8-without-reasoning,random_grids,instance_00010,Request Count,2
2138,referencegame,Qwen3.6-35B-A3B-FP8-without-reasoning,random_grids,instance_00010,Parsed Request Count,2
2139,referencegame,Qwen3.6-35B-A3B-FP8-without-reasoning,random_grids,instance_00010,Violated Request Count,0
2140,referencegame,Qwen3.6-35B-A3B-FP8-without-reasoning,random_grids,instance_00010,Aborted,0
2141,referencegame,Qwen3.6-35B-A3B-FP8-without-reasoning,random_grids,instance_00010,Success,0
2142,referencegame,Qwen3.6-35B-A3B-FP8-without-reasoning,random_grids,instance_00010,Lose,1
2143,referencegame,Qwen3.6-35B-A3B-FP8-without-reasoning,random_grids,instance_00010,Main Score,0
2144,referencegame,Qwen3.6-35B-A3B-FP8-without-reasoning,random_grids,instance_00010,Request Success Ratio,1.0
2145,referencegame,Qwen3.6-35B-A3B-FP8-without-reasoning,random_grids,instance_00011,Generated Expression Length,159
2146,referencegame,Qwen3.6-35B-A3B-FP8-without-reasoning,random_grids,instance_00011,Generated Expression Number of Tokens,23
2147,referencegame,Qwen3.6-35B-A3B-FP8-without-reasoning,random_grids,instance_00011,Aborted at Player 1,0
2148,referencegame,Qwen3.6-35B-A3B-FP8-without-reasoning,random_grids,instance_00011,Aborted at Player 2,0
2149,referencegame,Qwen3.6-35B-A3B-FP8-without-reasoning,random_grids,instance_00011,Request Count,2
2150,referencegame,Qwen3.6-35B-A3B-FP8-without-reasoning,random_grids,instance_00011,Parsed Request Count,2
2151,referencegame,Qwen3.6-35B-A3B-FP8-without-reasoning,random_grids,instance_00011,Violated Request Count,0
2152,referencegame,Qwen3.6-35B-A3B-FP8-without-reasoning,random_grids,instance_00011,Aborted,0
2153,referencegame,Qwen3.6-35B-A3B-FP8-without-reasoning,random_grids,instance_00011,Success,0
2154,referencegame,Qwen3.6-35B-A3B-FP8-without-reasoning,random_grids,instance_00011,Lose,1
2155,referencegame,Qwen3.6-35B-A3B-FP8-without-reasoning,random_grids,instance_00011,Main Score,0
2156,referencegame,Qwen3.6-35B-A3B-FP8-without-reasoning,random_grids,instance_00011,Request Success Ratio,1.0
2157,referencegame,Qwen3.6-35B-A3B-FP8-without-reasoning,random_grids,instance_00016,Generated Expression Length,257
2158,referencegame,Qwen3.6-35B-A3B-FP8-without-reasoning,random_grids,instance_00016,Generated Expression Number of Tokens,61
2159,referencegame,Qwen3.6-35B-A3B-FP8-without-reasoning,random_grids,instance_00016,Aborted at Player 1,0
2160,referencegame,Qwen3.6-35B-A3B-FP8-without-reasoning,random_grids,instance_00016,Aborted at Player 2,0
2161,referencegame,Qwen3.6-35B-A3B-FP8-without-reasoning,random_grids,instance_00016,Request Count,2
2162,referencegame,Qwen3.6-35B-A3B-FP8-without-reasoning,random_grids,instance_00016,Parsed Request Count,2
2163,referencegame,Qwen3.6-35B-A3B-FP8-without-reasoning,random_grids,instance_00016,Violated Request Count,0
2164,referencegame,Qwen3.6-35B-A3B-FP8-without-reasoning,random_grids,instance_00016,Aborted,0
2165,referencegame,Qwen3.6-35B-A3B-FP8-without-reasoning,random_grids,instance_00016,Success,0
2166,referencegame,Qwen3.6-35B-A3B-FP8-without-reasoning,random_grids,instance_00016,Lose,1
2167,referencegame,Qwen3.6-35B-A3B-FP8-without-reasoning,random_grids,instance_00016,Main Score,0
2168,referencegame,Qwen3.6-35B-A3B-FP8-without-reasoning,random_grids,instance_00016,Request Success Ratio,1.0
2169,referencegame,Qwen3.6-35B-A3B-FP8-without-reasoning,random_grids,instance_00008,Generated Expression Length,236
2170,referencegame,Qwen3.6-35B-A3B-FP8-without-reasoning,random_grids,instance_00008,Generated Expression Number of Tokens,55
2171,referencegame,Qwen3.6-35B-A3B-FP8-without-reasoning,random_grids,instance_00008,Aborted at Player 1,0
2172,referencegame,Qwen3.6-35B-A3B-FP8-without-reasoning,random_grids,instance_00008,Aborted at Player 2,0
2173,referencegame,Qwen3.6-35B-A3B-FP8-without-reasoning,random_grids,instance_00008,Request Count,2
2174,referencegame,Qwen3.6-35B-A3B-FP8-without-reasoning,random_grids,instance_00008,Parsed Request Count,2
2175,referencegame,Qwen3.6-35B-A3B-FP8-without-reasoning,random_grids,instance_00008,Violated Request Count,0
2176,referencegame,Qwen3.6-35B-A3B-FP8-without-reasoning,random_grids,instance_00008,Aborted,0
2177,referencegame,Qwen3.6-35B-A3B-FP8-without-reasoning,random_grids,instance_00008,Success,0
2178,referencegame,Qwen3.6-35B-A3B-FP8-without-reasoning,random_grids,instance_00008,Lose,1
2179,referencegame,Qwen3.6-35B-A3B-FP8-without-reasoning,random_grids,instance_00008,Main Score,0
2180,referencegame,Qwen3.6-35B-A3B-FP8-without-reasoning,random_grids,instance_00008,Request Success Ratio,1.0
2181,referencegame,Qwen3.6-35B-A3B-FP8-without-reasoning,random_grids,instance_00001,Generated Expression Length,320
2182,referencegame,Qwen3.6-35B-A3B-FP8-without-reasoning,random_grids,instance_00001,Generated Expression Number of Tokens,58
2183,referencegame,Qwen3.6-35B-A3B-FP8-without-reasoning,random_grids,instance_00001,Aborted at Player 1,0
2184,referencegame,Qwen3.6-35B-A3B-FP8-without-reasoning,random_grids,instance_00001,Aborted at Player 2,0
2185,referencegame,Qwen3.6-35B-A3B-FP8-without-reasoning,random_grids,instance_00001,Request Count,2
2186,referencegame,Qwen3.6-35B-A3B-FP8-without-reasoning,random_grids,instance_00001,Parsed Request Count,2
2187,referencegame,Qwen3.6-35B-A3B-FP8-without-reasoning,random_grids,instance_00001,Violated Request Count,0
2188,referencegame,Qwen3.6-35B-A3B-FP8-without-reasoning,random_grids,instance_00001,Aborted,0
2189,referencegame,Qwen3.6-35B-A3B-FP8-without-reasoning,random_grids,instance_00001,Success,1
2190,referencegame,Qwen3.6-35B-A3B-FP8-without-reasoning,random_grids,instance_00001,Lose,0
2191,referencegame,Qwen3.6-35B-A3B-FP8-without-reasoning,random_grids,instance_00001,Main Score,100
2192,referencegame,Qwen3.6-35B-A3B-FP8-without-reasoning,random_grids,instance_00001,Request Success Ratio,1.0
2193,referencegame,Qwen3.6-35B-A3B-FP8-without-reasoning,random_grids,instance_00006,Generated Expression Length,173
2194,referencegame,Qwen3.6-35B-A3B-FP8-without-reasoning,random_grids,instance_00006,Generated Expression Number of Tokens,48
2195,referencegame,Qwen3.6-35B-A3B-FP8-without-reasoning,random_grids,instance_00006,Aborted at Player 1,0
2196,referencegame,Qwen3.6-35B-A3B-FP8-without-reasoning,random_grids,instance_00006,Aborted at Player 2,0
2197,referencegame,Qwen3.6-35B-A3B-FP8-without-reasoning,random_grids,instance_00006,Request Count,2
2198,referencegame,Qwen3.6-35B-A3B-FP8-without-reasoning,random_grids,instance_00006,Parsed Request Count,2
2199,referencegame,Qwen3.6-35B-A3B-FP8-without-reasoning,random_grids,instance_00006,Violated Request Count,0
2200,referencegame,Qwen3.6-35B-A3B-FP8-without-reasoning,random_grids,instance_00006,Aborted,0
2201,referencegame,Qwen3.6-35B-A3B-FP8-without-reasoning,random_grids,instance_00006,Success,1
2202,referencegame,Qwen3.6-35B-A3B-FP8-without-reasoning,random_grids,instance_00006,Lose,0
2203,referencegame,Qwen3.6-35B-A3B-FP8-without-reasoning,random_grids,instance_00006,Main Score,100
2204,referencegame,Qwen3.6-35B-A3B-FP8-without-reasoning,random_grids,instance_00006,Request Success Ratio,1.0
2205,referencegame,Qwen3.6-35B-A3B-FP8-without-reasoning,random_grids,instance_00007,Generated Expression Length,134
2206,referencegame,Qwen3.6-35B-A3B-FP8-without-reasoning,random_grids,instance_00007,Generated Expression Number of Tokens,19
2207,referencegame,Qwen3.6-35B-A3B-FP8-without-reasoning,random_grids,instance_00007,Aborted at Player 1,0
2208,referencegame,Qwen3.6-35B-A3B-FP8-without-reasoning,random_grids,instance_00007,Aborted at Player 2,0
2209,referencegame,Qwen3.6-35B-A3B-FP8-without-reasoning,random_grids,instance_00007,Request Count,2
2210,referencegame,Qwen3.6-35B-A3B-FP8-without-reasoning,random_grids,instance_00007,Parsed Request Count,2
2211,referencegame,Qwen3.6-35B-A3B-FP8-without-reasoning,random_grids,instance_00007,Violated Request Count,0
2212,referencegame,Qwen3.6-35B-A3B-FP8-without-reasoning,random_grids,instance_00007,Aborted,0
2213,referencegame,Qwen3.6-35B-A3B-FP8-without-reasoning,random_grids,instance_00007,Success,0
2214,referencegame,Qwen3.6-35B-A3B-FP8-without-reasoning,random_grids,instance_00007,Lose,1
2215,referencegame,Qwen3.6-35B-A3B-FP8-without-reasoning,random_grids,instance_00007,Main Score,0
2216,referencegame,Qwen3.6-35B-A3B-FP8-without-reasoning,random_grids,instance_00007,Request Success Ratio,1.0
2217,referencegame,Qwen3.6-35B-A3B-FP8-without-reasoning,random_grids,instance_00000,Generated Expression Length,193
2218,referencegame,Qwen3.6-35B-A3B-FP8-without-reasoning,random_grids,instance_00000,Generated Expression Number of Tokens,31
2219,referencegame,Qwen3.6-35B-A3B-FP8-without-reasoning,random_grids,instance_00000,Aborted at Player 1,0
2220,referencegame,Qwen3.6-35B-A3B-FP8-without-reasoning,random_grids,instance_00000,Aborted at Player 2,0
2221,referencegame,Qwen3.6-35B-A3B-FP8-without-reasoning,random_grids,instance_00000,Request Count,2
2222,referencegame,Qwen3.6-35B-A3B-FP8-without-reasoning,random_grids,instance_00000,Parsed Request Count,2
2223,referencegame,Qwen3.6-35B-A3B-FP8-without-reasoning,random_grids,instance_00000,Violated Request Count,0
2224,referencegame,Qwen3.6-35B-A3B-FP8-without-reasoning,random_grids,instance_00000,Aborted,0
2225,referencegame,Qwen3.6-35B-A3B-FP8-without-reasoning,random_grids,instance_00000,Success,1
2226,referencegame,Qwen3.6-35B-A3B-FP8-without-reasoning,random_grids,instance_00000,Lose,0
2227,referencegame,Qwen3.6-35B-A3B-FP8-without-reasoning,random_grids,instance_00000,Main Score,100
2228,referencegame,Qwen3.6-35B-A3B-FP8-without-reasoning,random_grids,instance_00000,Request Success Ratio,1.0
2229,referencegame,Qwen3.6-35B-A3B-FP8-without-reasoning,random_grids,instance_00009,Generated Expression Length,497
2230,referencegame,Qwen3.6-35B-A3B-FP8-without-reasoning,random_grids,instance_00009,Generated Expression Number of Tokens,79
2231,referencegame,Qwen3.6-35B-A3B-FP8-without-reasoning,random_grids,instance_00009,Aborted at Player 1,0
2232,referencegame,Qwen3.6-35B-A3B-FP8-without-reasoning,random_grids,instance_00009,Aborted at Player 2,0
2233,referencegame,Qwen3.6-35B-A3B-FP8-without-reasoning,random_grids,instance_00009,Request Count,2
2234,referencegame,Qwen3.6-35B-A3B-FP8-without-reasoning,random_grids,instance_00009,Parsed Request Count,2
2235,referencegame,Qwen3.6-35B-A3B-FP8-without-reasoning,random_grids,instance_00009,Violated Request Count,0
2236,referencegame,Qwen3.6-35B-A3B-FP8-without-reasoning,random_grids,instance_00009,Aborted,0
2237,referencegame,Qwen3.6-35B-A3B-FP8-without-reasoning,random_grids,instance_00009,Success,1
2238,referencegame,Qwen3.6-35B-A3B-FP8-without-reasoning,random_grids,instance_00009,Lose,0
2239,referencegame,Qwen3.6-35B-A3B-FP8-without-reasoning,random_grids,instance_00009,Main Score,100
2240,referencegame,Qwen3.6-35B-A3B-FP8-without-reasoning,random_grids,instance_00009,Request Success Ratio,1.0
2241,referencegame,Qwen3.6-35B-A3B-FP8-without-reasoning,random_grids,instance_00013,Generated Expression Length,266
2242,referencegame,Qwen3.6-35B-A3B-FP8-without-reasoning,random_grids,instance_00013,Generated Expression Number of Tokens,63
2243,referencegame,Qwen3.6-35B-A3B-FP8-without-reasoning,random_grids,instance_00013,Aborted at Player 1,0
2244,referencegame,Qwen3.6-35B-A3B-FP8-without-reasoning,random_grids,instance_00013,Aborted at Player 2,0
2245,referencegame,Qwen3.6-35B-A3B-FP8-without-reasoning,random_grids,instance_00013,Request Count,2
2246,referencegame,Qwen3.6-35B-A3B-FP8-without-reasoning,random_grids,instance_00013,Parsed Request Count,2
2247,referencegame,Qwen3.6-35B-A3B-FP8-without-reasoning,random_grids,instance_00013,Violated Request Count,0
2248,referencegame,Qwen3.6-35B-A3B-FP8-without-reasoning,random_grids,instance_00013,Aborted,0
2249,referencegame,Qwen3.6-35B-A3B-FP8-without-reasoning,random_grids,instance_00013,Success,1
2250,referencegame,Qwen3.6-35B-A3B-FP8-without-reasoning,random_grids,instance_00013,Lose,0
2251,referencegame,Qwen3.6-35B-A3B-FP8-without-reasoning,random_grids,instance_00013,Main Score,100
2252,referencegame,Qwen3.6-35B-A3B-FP8-without-reasoning,random_grids,instance_00013,Request Success Ratio,1.0
2253,referencegame,Qwen3.6-35B-A3B-FP8-without-reasoning,random_grids,instance_00014,Generated Expression Length,266
2254,referencegame,Qwen3.6-35B-A3B-FP8-without-reasoning,random_grids,instance_00014,Generated Expression Number of Tokens,63
2255,referencegame,Qwen3.6-35B-A3B-FP8-without-reasoning,random_grids,instance_00014,Aborted at Player 1,0
2256,referencegame,Qwen3.6-35B-A3B-FP8-without-reasoning,random_grids,instance_00014,Aborted at Player 2,0
2257,referencegame,Qwen3.6-35B-A3B-FP8-without-reasoning,random_grids,instance_00014,Request Count,2
2258,referencegame,Qwen3.6-35B-A3B-FP8-without-reasoning,random_grids,instance_00014,Parsed Request Count,2
2259,referencegame,Qwen3.6-35B-A3B-FP8-without-reasoning,random_grids,instance_00014,Violated Request Count,0
2260,referencegame,Qwen3.6-35B-A3B-FP8-without-reasoning,random_grids,instance_00014,Aborted,0
2261,referencegame,Qwen3.6-35B-A3B-FP8-without-reasoning,random_grids,instance_00014,Success,1
2262,referencegame,Qwen3.6-35B-A3B-FP8-without-reasoning,random_grids,instance_00014,Lose,0
2263,referencegame,Qwen3.6-35B-A3B-FP8-without-reasoning,random_grids,instance_00014,Main Score,100
2264,referencegame,Qwen3.6-35B-A3B-FP8-without-reasoning,random_grids,instance_00014,Request Success Ratio,1.0
2265,referencegame,Qwen3.6-35B-A3B-FP8-without-reasoning,random_grids,instance_00015,Generated Expression Length,271
2266,referencegame,Qwen3.6-35B-A3B-FP8-without-reasoning,random_grids,instance_00015,Generated Expression Number of Tokens,44
2267,referencegame,Qwen3.6-35B-A3B-FP8-without-reasoning,random_grids,instance_00015,Aborted at Player 1,0
2268,referencegame,Qwen3.6-35B-A3B-FP8-without-reasoning,random_grids,instance_00015,Aborted at Player 2,0
2269,referencegame,Qwen3.6-35B-A3B-FP8-without-reasoning,random_grids,instance_00015,Request Count,2
2270,referencegame,Qwen3.6-35B-A3B-FP8-without-reasoning,random_grids,instance_00015,Parsed Request Count,2
2271,referencegame,Qwen3.6-35B-A3B-FP8-without-reasoning,random_grids,instance_00015,Violated Request Count,0
2272,referencegame,Qwen3.6-35B-A3B-FP8-without-reasoning,random_grids,instance_00015,Aborted,0
2273,referencegame,Qwen3.6-35B-A3B-FP8-without-reasoning,random_grids,instance_00015,Success,1
2274,referencegame,Qwen3.6-35B-A3B-FP8-without-reasoning,random_grids,instance_00015,Lose,0
2275,referencegame,Qwen3.6-35B-A3B-FP8-without-reasoning,random_grids,instance_00015,Main Score,100
2276,referencegame,Qwen3.6-35B-A3B-FP8-without-reasoning,random_grids,instance_00015,Request Success Ratio,1.0
2277,referencegame,Qwen3.6-35B-A3B-FP8-without-reasoning,random_grids,instance_00012,Generated Expression Length,616
2278,referencegame,Qwen3.6-35B-A3B-FP8-without-reasoning,random_grids,instance_00012,Generated Expression Number of Tokens,101
2279,referencegame,Qwen3.6-35B-A3B-FP8-without-reasoning,random_grids,instance_00012,Aborted at Player 1,0
2280,referencegame,Qwen3.6-35B-A3B-FP8-without-reasoning,random_grids,instance_00012,Aborted at Player 2,0
2281,referencegame,Qwen3.6-35B-A3B-FP8-without-reasoning,random_grids,instance_00012,Request Count,2
2282,referencegame,Qwen3.6-35B-A3B-FP8-without-reasoning,random_grids,instance_00012,Parsed Request Count,2
2283,referencegame,Qwen3.6-35B-A3B-FP8-without-reasoning,random_grids,instance_00012,Violated Request Count,0
2284,referencegame,Qwen3.6-35B-A3B-FP8-without-reasoning,random_grids,instance_00012,Aborted,0
2285,referencegame,Qwen3.6-35B-A3B-FP8-without-reasoning,random_grids,instance_00012,Success,1
2286,referencegame,Qwen3.6-35B-A3B-FP8-without-reasoning,random_grids,instance_00012,Lose,0
2287,referencegame,Qwen3.6-35B-A3B-FP8-without-reasoning,random_grids,instance_00012,Main Score,100
2288,referencegame,Qwen3.6-35B-A3B-FP8-without-reasoning,random_grids,instance_00012,Request Success Ratio,1.0
2289,referencegame,Qwen3.6-35B-A3B-FP8-without-reasoning,letter_grids,instance_00005,Generated Expression Length,147
2290,referencegame,Qwen3.6-35B-A3B-FP8-without-reasoning,letter_grids,instance_00005,Generated Expression Number of Tokens,28
2291,referencegame,Qwen3.6-35B-A3B-FP8-without-reasoning,letter_grids,instance_00005,Aborted at Player 1,0
2292,referencegame,Qwen3.6-35B-A3B-FP8-without-reasoning,letter_grids,instance_00005,Aborted at Player 2,0
2293,referencegame,Qwen3.6-35B-A3B-FP8-without-reasoning,letter_grids,instance_00005,Request Count,2
2294,referencegame,Qwen3.6-35B-A3B-FP8-without-reasoning,letter_grids,instance_00005,Parsed Request Count,2
2295,referencegame,Qwen3.6-35B-A3B-FP8-without-reasoning,letter_grids,instance_00005,Violated Request Count,0
2296,referencegame,Qwen3.6-35B-A3B-FP8-without-reasoning,letter_grids,instance_00005,Aborted,0
2297,referencegame,Qwen3.6-35B-A3B-FP8-without-reasoning,letter_grids,instance_00005,Success,1
2298,referencegame,Qwen3.6-35B-A3B-FP8-without-reasoning,letter_grids,instance_00005,Lose,0
2299,referencegame,Qwen3.6-35B-A3B-FP8-without-reasoning,letter_grids,instance_00005,Main Score,100
2300,referencegame,Qwen3.6-35B-A3B-FP8-without-reasoning,letter_grids,instance_00005,Request Success Ratio,1.0
2301,referencegame,Qwen3.6-35B-A3B-FP8-without-reasoning,letter_grids,instance_00002,Generated Expression Length,143
2302,referencegame,Qwen3.6-35B-A3B-FP8-without-reasoning,letter_grids,instance_00002,Generated Expression Number of Tokens,34
2303,referencegame,Qwen3.6-35B-A3B-FP8-without-reasoning,letter_grids,instance_00002,Aborted at Player 1,0
2304,referencegame,Qwen3.6-35B-A3B-FP8-without-reasoning,letter_grids,instance_00002,Aborted at Player 2,0
2305,referencegame,Qwen3.6-35B-A3B-FP8-without-reasoning,letter_grids,instance_00002,Request Count,2
2306,referencegame,Qwen3.6-35B-A3B-FP8-without-reasoning,letter_grids,instance_00002,Parsed Request Count,2
2307,referencegame,Qwen3.6-35B-A3B-FP8-without-reasoning,letter_grids,instance_00002,Violated Request Count,0
2308,referencegame,Qwen3.6-35B-A3B-FP8-without-reasoning,letter_grids,instance_00002,Aborted,0
2309,referencegame,Qwen3.6-35B-A3B-FP8-without-reasoning,letter_grids,instance_00002,Success,1
2310,referencegame,Qwen3.6-35B-A3B-FP8-without-reasoning,letter_grids,instance_00002,Lose,0
2311,referencegame,Qwen3.6-35B-A3B-FP8-without-reasoning,letter_grids,instance_00002,Main Score,100
2312,referencegame,Qwen3.6-35B-A3B-FP8-without-reasoning,letter_grids,instance_00002,Request Success Ratio,1.0
2313,referencegame,Qwen3.6-35B-A3B-FP8-without-reasoning,letter_grids,instance_00003,Generated Expression Length,146
2314,referencegame,Qwen3.6-35B-A3B-FP8-without-reasoning,letter_grids,instance_00003,Generated Expression Number of Tokens,28
2315,referencegame,Qwen3.6-35B-A3B-FP8-without-reasoning,letter_grids,instance_00003,Aborted at Player 1,0
2316,referencegame,Qwen3.6-35B-A3B-FP8-without-reasoning,letter_grids,instance_00003,Aborted at Player 2,0
2317,referencegame,Qwen3.6-35B-A3B-FP8-without-reasoning,letter_grids,instance_00003,Request Count,2
2318,referencegame,Qwen3.6-35B-A3B-FP8-without-reasoning,letter_grids,instance_00003,Parsed Request Count,2
2319,referencegame,Qwen3.6-35B-A3B-FP8-without-reasoning,letter_grids,instance_00003,Violated Request Count,0
2320,referencegame,Qwen3.6-35B-A3B-FP8-without-reasoning,letter_grids,instance_00003,Aborted,0
2321,referencegame,Qwen3.6-35B-A3B-FP8-without-reasoning,letter_grids,instance_00003,Success,1
2322,referencegame,Qwen3.6-35B-A3B-FP8-without-reasoning,letter_grids,instance_00003,Lose,0
2323,referencegame,Qwen3.6-35B-A3B-FP8-without-reasoning,letter_grids,instance_00003,Main Score,100
2324,referencegame,Qwen3.6-35B-A3B-FP8-without-reasoning,letter_grids,instance_00003,Request Success Ratio,1.0
2325,referencegame,Qwen3.6-35B-A3B-FP8-without-reasoning,letter_grids,instance_00004,Generated Expression Length,146
2326,referencegame,Qwen3.6-35B-A3B-FP8-without-reasoning,letter_grids,instance_00004,Generated Expression Number of Tokens,28
2327,referencegame,Qwen3.6-35B-A3B-FP8-without-reasoning,letter_grids,instance_00004,Aborted at Player 1,0
2328,referencegame,Qwen3.6-35B-A3B-FP8-without-reasoning,letter_grids,instance_00004,Aborted at Player 2,0
2329,referencegame,Qwen3.6-35B-A3B-FP8-without-reasoning,letter_grids,instance_00004,Request Count,2
2330,referencegame,Qwen3.6-35B-A3B-FP8-without-reasoning,letter_grids,instance_00004,Parsed Request Count,2
2331,referencegame,Qwen3.6-35B-A3B-FP8-without-reasoning,letter_grids,instance_00004,Violated Request Count,0
2332,referencegame,Qwen3.6-35B-A3B-FP8-without-reasoning,letter_grids,instance_00004,Aborted,0
2333,referencegame,Qwen3.6-35B-A3B-FP8-without-reasoning,letter_grids,instance_00004,Success,1
2334,referencegame,Qwen3.6-35B-A3B-FP8-without-reasoning,letter_grids,instance_00004,Lose,0
2335,referencegame,Qwen3.6-35B-A3B-FP8-without-reasoning,letter_grids,instance_00004,Main Score,100
2336,referencegame,Qwen3.6-35B-A3B-FP8-without-reasoning,letter_grids,instance_00004,Request Success Ratio,1.0
2337,referencegame,Qwen3.6-35B-A3B-FP8-without-reasoning,letter_grids,instance_00017,Generated Expression Length,188
2338,referencegame,Qwen3.6-35B-A3B-FP8-without-reasoning,letter_grids,instance_00017,Generated Expression Number of Tokens,32
2339,referencegame,Qwen3.6-35B-A3B-FP8-without-reasoning,letter_grids,instance_00017,Aborted at Player 1,0
2340,referencegame,Qwen3.6-35B-A3B-FP8-without-reasoning,letter_grids,instance_00017,Aborted at Player 2,0
2341,referencegame,Qwen3.6-35B-A3B-FP8-without-reasoning,letter_grids,instance_00017,Request Count,2
2342,referencegame,Qwen3.6-35B-A3B-FP8-without-reasoning,letter_grids,instance_00017,Parsed Request Count,2
2343,referencegame,Qwen3.6-35B-A3B-FP8-without-reasoning,letter_grids,instance_00017,Violated Request Count,0
2344,referencegame,Qwen3.6-35B-A3B-FP8-without-reasoning,letter_grids,instance_00017,Aborted,0
2345,referencegame,Qwen3.6-35B-A3B-FP8-without-reasoning,letter_grids,instance_00017,Success,1
2346,referencegame,Qwen3.6-35B-A3B-FP8-without-reasoning,letter_grids,instance_00017,Lose,0
2347,referencegame,Qwen3.6-35B-A3B-FP8-without-reasoning,letter_grids,instance_00017,Main Score,100
2348,referencegame,Qwen3.6-35B-A3B-FP8-without-reasoning,letter_grids,instance_00017,Request Success Ratio,1.0
2349,referencegame,Qwen3.6-35B-A3B-FP8-without-reasoning,letter_grids,instance_00010,Generated Expression Length,183
2350,referencegame,Qwen3.6-35B-A3B-FP8-without-reasoning,letter_grids,instance_00010,Generated Expression Number of Tokens,36
2351,referencegame,Qwen3.6-35B-A3B-FP8-without-reasoning,letter_grids,instance_00010,Aborted at Player 1,0
2352,referencegame,Qwen3.6-35B-A3B-FP8-without-reasoning,letter_grids,instance_00010,Aborted at Player 2,0
2353,referencegame,Qwen3.6-35B-A3B-FP8-without-reasoning,letter_grids,instance_00010,Request Count,2
2354,referencegame,Qwen3.6-35B-A3B-FP8-without-reasoning,letter_grids,instance_00010,Parsed Request Count,2
2355,referencegame,Qwen3.6-35B-A3B-FP8-without-reasoning,letter_grids,instance_00010,Violated Request Count,0
2356,referencegame,Qwen3.6-35B-A3B-FP8-without-reasoning,letter_grids,instance_00010,Aborted,0
2357,referencegame,Qwen3.6-35B-A3B-FP8-without-reasoning,letter_grids,instance_00010,Success,1
2358,referencegame,Qwen3.6-35B-A3B-FP8-without-reasoning,letter_grids,instance_00010,Lose,0
2359,referencegame,Qwen3.6-35B-A3B-FP8-without-reasoning,letter_grids,instance_00010,Main Score,100
2360,referencegame,Qwen3.6-35B-A3B-FP8-without-reasoning,letter_grids,instance_00010,Request Success Ratio,1.0
2361,referencegame,Qwen3.6-35B-A3B-FP8-without-reasoning,letter_grids,instance_00011,Generated Expression Length,183
2362,referencegame,Qwen3.6-35B-A3B-FP8-without-reasoning,letter_grids,instance_00011,Generated Expression Number of Tokens,36
2363,referencegame,Qwen3.6-35B-A3B-FP8-without-reasoning,letter_grids,instance_00011,Aborted at Player 1,0
2364,referencegame,Qwen3.6-35B-A3B-FP8-without-reasoning,letter_grids,instance_00011,Aborted at Player 2,0
2365,referencegame,Qwen3.6-35B-A3B-FP8-without-reasoning,letter_grids,instance_00011,Request Count,2
2366,referencegame,Qwen3.6-35B-A3B-FP8-without-reasoning,letter_grids,instance_00011,Parsed Request Count,2
2367,referencegame,Qwen3.6-35B-A3B-FP8-without-reasoning,letter_grids,instance_00011,Violated Request Count,0
2368,referencegame,Qwen3.6-35B-A3B-FP8-without-reasoning,letter_grids,instance_00011,Aborted,0
2369,referencegame,Qwen3.6-35B-A3B-FP8-without-reasoning,letter_grids,instance_00011,Success,1
2370,referencegame,Qwen3.6-35B-A3B-FP8-without-reasoning,letter_grids,instance_00011,Lose,0
2371,referencegame,Qwen3.6-35B-A3B-FP8-without-reasoning,letter_grids,instance_00011,Main Score,100
2372,referencegame,Qwen3.6-35B-A3B-FP8-without-reasoning,letter_grids,instance_00011,Request Success Ratio,1.0
2373,referencegame,Qwen3.6-35B-A3B-FP8-without-reasoning,letter_grids,instance_00016,Generated Expression Length,328
2374,referencegame,Qwen3.6-35B-A3B-FP8-without-reasoning,letter_grids,instance_00016,Generated Expression Number of Tokens,54
2375,referencegame,Qwen3.6-35B-A3B-FP8-without-reasoning,letter_grids,instance_00016,Aborted at Player 1,0
2376,referencegame,Qwen3.6-35B-A3B-FP8-without-reasoning,letter_grids,instance_00016,Aborted at Player 2,0
2377,referencegame,Qwen3.6-35B-A3B-FP8-without-reasoning,letter_grids,instance_00016,Request Count,2
2378,referencegame,Qwen3.6-35B-A3B-FP8-without-reasoning,letter_grids,instance_00016,Parsed Request Count,2
2379,referencegame,Qwen3.6-35B-A3B-FP8-without-reasoning,letter_grids,instance_00016,Violated Request Count,0
2380,referencegame,Qwen3.6-35B-A3B-FP8-without-reasoning,letter_grids,instance_00016,Aborted,0
2381,referencegame,Qwen3.6-35B-A3B-FP8-without-reasoning,letter_grids,instance_00016,Success,0
2382,referencegame,Qwen3.6-35B-A3B-FP8-without-reasoning,letter_grids,instance_00016,Lose,1
2383,referencegame,Qwen3.6-35B-A3B-FP8-without-reasoning,letter_grids,instance_00016,Main Score,0
2384,referencegame,Qwen3.6-35B-A3B-FP8-without-reasoning,letter_grids,instance_00016,Request Success Ratio,1.0
2385,referencegame,Qwen3.6-35B-A3B-FP8-without-reasoning,letter_grids,instance_00008,Generated Expression Length,140
2386,referencegame,Qwen3.6-35B-A3B-FP8-without-reasoning,letter_grids,instance_00008,Generated Expression Number of Tokens,33
2387,referencegame,Qwen3.6-35B-A3B-FP8-without-reasoning,letter_grids,instance_00008,Aborted at Player 1,0
2388,referencegame,Qwen3.6-35B-A3B-FP8-without-reasoning,letter_grids,instance_00008,Aborted at Player 2,0
2389,referencegame,Qwen3.6-35B-A3B-FP8-without-reasoning,letter_grids,instance_00008,Request Count,2
2390,referencegame,Qwen3.6-35B-A3B-FP8-without-reasoning,letter_grids,instance_00008,Parsed Request Count,2
2391,referencegame,Qwen3.6-35B-A3B-FP8-without-reasoning,letter_grids,instance_00008,Violated Request Count,0
2392,referencegame,Qwen3.6-35B-A3B-FP8-without-reasoning,letter_grids,instance_00008,Aborted,0
2393,referencegame,Qwen3.6-35B-A3B-FP8-without-reasoning,letter_grids,instance_00008,Success,1
2394,referencegame,Qwen3.6-35B-A3B-FP8-without-reasoning,letter_grids,instance_00008,Lose,0
2395,referencegame,Qwen3.6-35B-A3B-FP8-without-reasoning,letter_grids,instance_00008,Main Score,100
2396,referencegame,Qwen3.6-35B-A3B-FP8-without-reasoning,letter_grids,instance_00008,Request Success Ratio,1.0
2397,referencegame,Qwen3.6-35B-A3B-FP8-without-reasoning,letter_grids,instance_00001,Generated Expression Length,145
2398,referencegame,Qwen3.6-35B-A3B-FP8-without-reasoning,letter_grids,instance_00001,Generated Expression Number of Tokens,34
2399,referencegame,Qwen3.6-35B-A3B-FP8-without-reasoning,letter_grids,instance_00001,Aborted at Player 1,0
2400,referencegame,Qwen3.6-35B-A3B-FP8-without-reasoning,letter_grids,instance_00001,Aborted at Player 2,0
2401,referencegame,Qwen3.6-35B-A3B-FP8-without-reasoning,letter_grids,instance_00001,Request Count,2
2402,referencegame,Qwen3.6-35B-A3B-FP8-without-reasoning,letter_grids,instance_00001,Parsed Request Count,2
2403,referencegame,Qwen3.6-35B-A3B-FP8-without-reasoning,letter_grids,instance_00001,Violated Request Count,0
2404,referencegame,Qwen3.6-35B-A3B-FP8-without-reasoning,letter_grids,instance_00001,Aborted,0
2405,referencegame,Qwen3.6-35B-A3B-FP8-without-reasoning,letter_grids,instance_00001,Success,1
2406,referencegame,Qwen3.6-35B-A3B-FP8-without-reasoning,letter_grids,instance_00001,Lose,0
2407,referencegame,Qwen3.6-35B-A3B-FP8-without-reasoning,letter_grids,instance_00001,Main Score,100
2408,referencegame,Qwen3.6-35B-A3B-FP8-without-reasoning,letter_grids,instance_00001,Request Success Ratio,1.0
2409,referencegame,Qwen3.6-35B-A3B-FP8-without-reasoning,letter_grids,instance_00006,Generated Expression Length,95
2410,referencegame,Qwen3.6-35B-A3B-FP8-without-reasoning,letter_grids,instance_00006,Generated Expression Number of Tokens,17
2411,referencegame,Qwen3.6-35B-A3B-FP8-without-reasoning,letter_grids,instance_00006,Aborted at Player 1,0
2412,referencegame,Qwen3.6-35B-A3B-FP8-without-reasoning,letter_grids,instance_00006,Aborted at Player 2,0
2413,referencegame,Qwen3.6-35B-A3B-FP8-without-reasoning,letter_grids,instance_00006,Request Count,2
2414,referencegame,Qwen3.6-35B-A3B-FP8-without-reasoning,letter_grids,instance_00006,Parsed Request Count,2
2415,referencegame,Qwen3.6-35B-A3B-FP8-without-reasoning,letter_grids,instance_00006,Violated Request Count,0
2416,referencegame,Qwen3.6-35B-A3B-FP8-without-reasoning,letter_grids,instance_00006,Aborted,0
2417,referencegame,Qwen3.6-35B-A3B-FP8-without-reasoning,letter_grids,instance_00006,Success,1
2418,referencegame,Qwen3.6-35B-A3B-FP8-without-reasoning,letter_grids,instance_00006,Lose,0
2419,referencegame,Qwen3.6-35B-A3B-FP8-without-reasoning,letter_grids,instance_00006,Main Score,100
2420,referencegame,Qwen3.6-35B-A3B-FP8-without-reasoning,letter_grids,instance_00006,Request Success Ratio,1.0
2421,referencegame,Qwen3.6-35B-A3B-FP8-without-reasoning,letter_grids,instance_00007,Generated Expression Length,140
2422,referencegame,Qwen3.6-35B-A3B-FP8-without-reasoning,letter_grids,instance_00007,Generated Expression Number of Tokens,33
2423,referencegame,Qwen3.6-35B-A3B-FP8-without-reasoning,letter_grids,instance_00007,Aborted at Player 1,0
2424,referencegame,Qwen3.6-35B-A3B-FP8-without-reasoning,letter_grids,instance_00007,Aborted at Player 2,0
2425,referencegame,Qwen3.6-35B-A3B-FP8-without-reasoning,letter_grids,instance_00007,Request Count,2
2426,referencegame,Qwen3.6-35B-A3B-FP8-without-reasoning,letter_grids,instance_00007,Parsed Request Count,2
2427,referencegame,Qwen3.6-35B-A3B-FP8-without-reasoning,letter_grids,instance_00007,Violated Request Count,0
2428,referencegame,Qwen3.6-35B-A3B-FP8-without-reasoning,letter_grids,instance_00007,Aborted,0
2429,referencegame,Qwen3.6-35B-A3B-FP8-without-reasoning,letter_grids,instance_00007,Success,0
2430,referencegame,Qwen3.6-35B-A3B-FP8-without-reasoning,letter_grids,instance_00007,Lose,1
2431,referencegame,Qwen3.6-35B-A3B-FP8-without-reasoning,letter_grids,instance_00007,Main Score,0
2432,referencegame,Qwen3.6-35B-A3B-FP8-without-reasoning,letter_grids,instance_00007,Request Success Ratio,1.0
2433,referencegame,Qwen3.6-35B-A3B-FP8-without-reasoning,letter_grids,instance_00000,Generated Expression Length,163
2434,referencegame,Qwen3.6-35B-A3B-FP8-without-reasoning,letter_grids,instance_00000,Generated Expression Number of Tokens,36
2435,referencegame,Qwen3.6-35B-A3B-FP8-without-reasoning,letter_grids,instance_00000,Aborted at Player 1,0
2436,referencegame,Qwen3.6-35B-A3B-FP8-without-reasoning,letter_grids,instance_00000,Aborted at Player 2,0
2437,referencegame,Qwen3.6-35B-A3B-FP8-without-reasoning,letter_grids,instance_00000,Request Count,2
2438,referencegame,Qwen3.6-35B-A3B-FP8-without-reasoning,letter_grids,instance_00000,Parsed Request Count,2
2439,referencegame,Qwen3.6-35B-A3B-FP8-without-reasoning,letter_grids,instance_00000,Violated Request Count,0
2440,referencegame,Qwen3.6-35B-A3B-FP8-without-reasoning,letter_grids,instance_00000,Aborted,0
2441,referencegame,Qwen3.6-35B-A3B-FP8-without-reasoning,letter_grids,instance_00000,Success,1
2442,referencegame,Qwen3.6-35B-A3B-FP8-without-reasoning,letter_grids,instance_00000,Lose,0
2443,referencegame,Qwen3.6-35B-A3B-FP8-without-reasoning,letter_grids,instance_00000,Main Score,100
2444,referencegame,Qwen3.6-35B-A3B-FP8-without-reasoning,letter_grids,instance_00000,Request Success Ratio,1.0
2445,referencegame,Qwen3.6-35B-A3B-FP8-without-reasoning,letter_grids,instance_00009,Generated Expression Length,141
2446,referencegame,Qwen3.6-35B-A3B-FP8-without-reasoning,letter_grids,instance_00009,Generated Expression Number of Tokens,27
2447,referencegame,Qwen3.6-35B-A3B-FP8-without-reasoning,letter_grids,instance_00009,Aborted at Player 1,0
2448,referencegame,Qwen3.6-35B-A3B-FP8-without-reasoning,letter_grids,instance_00009,Aborted at Player 2,0
2449,referencegame,Qwen3.6-35B-A3B-FP8-without-reasoning,letter_grids,instance_00009,Request Count,2
2450,referencegame,Qwen3.6-35B-A3B-FP8-without-reasoning,letter_grids,instance_00009,Parsed Request Count,2
2451,referencegame,Qwen3.6-35B-A3B-FP8-without-reasoning,letter_grids,instance_00009,Violated Request Count,0
2452,referencegame,Qwen3.6-35B-A3B-FP8-without-reasoning,letter_grids,instance_00009,Aborted,0
2453,referencegame,Qwen3.6-35B-A3B-FP8-without-reasoning,letter_grids,instance_00009,Success,1
2454,referencegame,Qwen3.6-35B-A3B-FP8-without-reasoning,letter_grids,instance_00009,Lose,0
2455,referencegame,Qwen3.6-35B-A3B-FP8-without-reasoning,letter_grids,instance_00009,Main Score,100
2456,referencegame,Qwen3.6-35B-A3B-FP8-without-reasoning,letter_grids,instance_00009,Request Success Ratio,1.0
2457,referencegame,Qwen3.6-35B-A3B-FP8-without-reasoning,letter_grids,instance_00013,Generated Expression Length,101
2458,referencegame,Qwen3.6-35B-A3B-FP8-without-reasoning,letter_grids,instance_00013,Generated Expression Number of Tokens,19
2459,referencegame,Qwen3.6-35B-A3B-FP8-without-reasoning,letter_grids,instance_00013,Aborted at Player 1,0
2460,referencegame,Qwen3.6-35B-A3B-FP8-without-reasoning,letter_grids,instance_00013,Aborted at Player 2,0
2461,referencegame,Qwen3.6-35B-A3B-FP8-without-reasoning,letter_grids,instance_00013,Request Count,2
2462,referencegame,Qwen3.6-35B-A3B-FP8-without-reasoning,letter_grids,instance_00013,Parsed Request Count,2
2463,referencegame,Qwen3.6-35B-A3B-FP8-without-reasoning,letter_grids,instance_00013,Violated Request Count,0
2464,referencegame,Qwen3.6-35B-A3B-FP8-without-reasoning,letter_grids,instance_00013,Aborted,0
2465,referencegame,Qwen3.6-35B-A3B-FP8-without-reasoning,letter_grids,instance_00013,Success,1
2466,referencegame,Qwen3.6-35B-A3B-FP8-without-reasoning,letter_grids,instance_00013,Lose,0
2467,referencegame,Qwen3.6-35B-A3B-FP8-without-reasoning,letter_grids,instance_00013,Main Score,100
2468,referencegame,Qwen3.6-35B-A3B-FP8-without-reasoning,letter_grids,instance_00013,Request Success Ratio,1.0
2469,referencegame,Qwen3.6-35B-A3B-FP8-without-reasoning,letter_grids,instance_00014,Generated Expression Length,101
2470,referencegame,Qwen3.6-35B-A3B-FP8-without-reasoning,letter_grids,instance_00014,Generated Expression Number of Tokens,19
2471,referencegame,Qwen3.6-35B-A3B-FP8-without-reasoning,letter_grids,instance_00014,Aborted at Player 1,0
2472,referencegame,Qwen3.6-35B-A3B-FP8-without-reasoning,letter_grids,instance_00014,Aborted at Player 2,0
2473,referencegame,Qwen3.6-35B-A3B-FP8-without-reasoning,letter_grids,instance_00014,Request Count,2
2474,referencegame,Qwen3.6-35B-A3B-FP8-without-reasoning,letter_grids,instance_00014,Parsed Request Count,2
2475,referencegame,Qwen3.6-35B-A3B-FP8-without-reasoning,letter_grids,instance_00014,Violated Request Count,0
2476,referencegame,Qwen3.6-35B-A3B-FP8-without-reasoning,letter_grids,instance_00014,Aborted,0
2477,referencegame,Qwen3.6-35B-A3B-FP8-without-reasoning,letter_grids,instance_00014,Success,0
2478,referencegame,Qwen3.6-35B-A3B-FP8-without-reasoning,letter_grids,instance_00014,Lose,1
2479,referencegame,Qwen3.6-35B-A3B-FP8-without-reasoning,letter_grids,instance_00014,Main Score,0
2480,referencegame,Qwen3.6-35B-A3B-FP8-without-reasoning,letter_grids,instance_00014,Request Success Ratio,1.0
2481,referencegame,Qwen3.6-35B-A3B-FP8-without-reasoning,letter_grids,instance_00015,Generated Expression Length,156
2482,referencegame,Qwen3.6-35B-A3B-FP8-without-reasoning,letter_grids,instance_00015,Generated Expression Number of Tokens,30
2483,referencegame,Qwen3.6-35B-A3B-FP8-without-reasoning,letter_grids,instance_00015,Aborted at Player 1,0
2484,referencegame,Qwen3.6-35B-A3B-FP8-without-reasoning,letter_grids,instance_00015,Aborted at Player 2,0
2485,referencegame,Qwen3.6-35B-A3B-FP8-without-reasoning,letter_grids,instance_00015,Request Count,2
2486,referencegame,Qwen3.6-35B-A3B-FP8-without-reasoning,letter_grids,instance_00015,Parsed Request Count,2
2487,referencegame,Qwen3.6-35B-A3B-FP8-without-reasoning,letter_grids,instance_00015,Violated Request Count,0
2488,referencegame,Qwen3.6-35B-A3B-FP8-without-reasoning,letter_grids,instance_00015,Aborted,0
2489,referencegame,Qwen3.6-35B-A3B-FP8-without-reasoning,letter_grids,instance_00015,Success,0
2490,referencegame,Qwen3.6-35B-A3B-FP8-without-reasoning,letter_grids,instance_00015,Lose,1
2491,referencegame,Qwen3.6-35B-A3B-FP8-without-reasoning,letter_grids,instance_00015,Main Score,0
2492,referencegame,Qwen3.6-35B-A3B-FP8-without-reasoning,letter_grids,instance_00015,Request Success Ratio,1.0
2493,referencegame,Qwen3.6-35B-A3B-FP8-without-reasoning,letter_grids,instance_00012,Generated Expression Length,192
2494,referencegame,Qwen3.6-35B-A3B-FP8-without-reasoning,letter_grids,instance_00012,Generated Expression Number of Tokens,36
2495,referencegame,Qwen3.6-35B-A3B-FP8-without-reasoning,letter_grids,instance_00012,Aborted at Player 1,0
2496,referencegame,Qwen3.6-35B-A3B-FP8-without-reasoning,letter_grids,instance_00012,Aborted at Player 2,0
2497,referencegame,Qwen3.6-35B-A3B-FP8-without-reasoning,letter_grids,instance_00012,Request Count,2
2498,referencegame,Qwen3.6-35B-A3B-FP8-without-reasoning,letter_grids,instance_00012,Parsed Request Count,2
2499,referencegame,Qwen3.6-35B-A3B-FP8-without-reasoning,letter_grids,instance_00012,Violated Request Count,0
2500,referencegame,Qwen3.6-35B-A3B-FP8-without-reasoning,letter_grids,instance_00012,Aborted,0
2501,referencegame,Qwen3.6-35B-A3B-FP8-without-reasoning,letter_grids,instance_00012,Success,1
2502,referencegame,Qwen3.6-35B-A3B-FP8-without-reasoning,letter_grids,instance_00012,Lose,0
2503,referencegame,Qwen3.6-35B-A3B-FP8-without-reasoning,letter_grids,instance_00012,Main Score,100
2504,referencegame,Qwen3.6-35B-A3B-FP8-without-reasoning,letter_grids,instance_00012,Request Success Ratio,1.0
2505,wordle,Qwen3.6-35B-A3B-FP8-without-reasoning,high_frequency_words_no_clue_no_critic,instance_00005,Aborted,1
2506,wordle,Qwen3.6-35B-A3B-FP8-without-reasoning,high_frequency_words_no_clue_no_critic,instance_00005,Lose,0
2507,wordle,Qwen3.6-35B-A3B-FP8-without-reasoning,high_frequency_words_no_clue_no_critic,instance_00005,Success,0
2508,wordle,Qwen3.6-35B-A3B-FP8-without-reasoning,high_frequency_words_no_clue_no_critic,instance_00005,Request Count,1
2509,wordle,Qwen3.6-35B-A3B-FP8-without-reasoning,high_frequency_words_no_clue_no_critic,instance_00005,Parsed Request Count,0
2510,wordle,Qwen3.6-35B-A3B-FP8-without-reasoning,high_frequency_words_no_clue_no_critic,instance_00005,Violated Request Count,1
2511,wordle,Qwen3.6-35B-A3B-FP8-without-reasoning,high_frequency_words_no_clue_no_critic,instance_00005,Request Success Ratio,0.0
2512,wordle,Qwen3.6-35B-A3B-FP8-without-reasoning,high_frequency_words_no_clue_no_critic,instance_00005,Main Score,
2513,wordle,Qwen3.6-35B-A3B-FP8-without-reasoning,high_frequency_words_no_clue_no_critic,instance_00005,Guess Repetitions,
2514,wordle,Qwen3.6-35B-A3B-FP8-without-reasoning,high_frequency_words_no_clue_no_critic,instance_00002,Aborted,1
2515,wordle,Qwen3.6-35B-A3B-FP8-without-reasoning,high_frequency_words_no_clue_no_critic,instance_00002,Lose,0
2516,wordle,Qwen3.6-35B-A3B-FP8-without-reasoning,high_frequency_words_no_clue_no_critic,instance_00002,Success,0
2517,wordle,Qwen3.6-35B-A3B-FP8-without-reasoning,high_frequency_words_no_clue_no_critic,instance_00002,Request Count,1
2518,wordle,Qwen3.6-35B-A3B-FP8-without-reasoning,high_frequency_words_no_clue_no_critic,instance_00002,Parsed Request Count,0
2519,wordle,Qwen3.6-35B-A3B-FP8-without-reasoning,high_frequency_words_no_clue_no_critic,instance_00002,Violated Request Count,1
2520,wordle,Qwen3.6-35B-A3B-FP8-without-reasoning,high_frequency_words_no_clue_no_critic,instance_00002,Request Success Ratio,0.0
2521,wordle,Qwen3.6-35B-A3B-FP8-without-reasoning,high_frequency_words_no_clue_no_critic,instance_00002,Main Score,
2522,wordle,Qwen3.6-35B-A3B-FP8-without-reasoning,high_frequency_words_no_clue_no_critic,instance_00002,Guess Repetitions,
2523,wordle,Qwen3.6-35B-A3B-FP8-without-reasoning,high_frequency_words_no_clue_no_critic,instance_00003,Aborted,1
2524,wordle,Qwen3.6-35B-A3B-FP8-without-reasoning,high_frequency_words_no_clue_no_critic,instance_00003,Lose,0
2525,wordle,Qwen3.6-35B-A3B-FP8-without-reasoning,high_frequency_words_no_clue_no_critic,instance_00003,Success,0
2526,wordle,Qwen3.6-35B-A3B-FP8-without-reasoning,high_frequency_words_no_clue_no_critic,instance_00003,Request Count,1
2527,wordle,Qwen3.6-35B-A3B-FP8-without-reasoning,high_frequency_words_no_clue_no_critic,instance_00003,Parsed Request Count,0
2528,wordle,Qwen3.6-35B-A3B-FP8-without-reasoning,high_frequency_words_no_clue_no_critic,instance_00003,Violated Request Count,1
2529,wordle,Qwen3.6-35B-A3B-FP8-without-reasoning,high_frequency_words_no_clue_no_critic,instance_00003,Request Success Ratio,0.0
2530,wordle,Qwen3.6-35B-A3B-FP8-without-reasoning,high_frequency_words_no_clue_no_critic,instance_00003,Main Score,
2531,wordle,Qwen3.6-35B-A3B-FP8-without-reasoning,high_frequency_words_no_clue_no_critic,instance_00003,Guess Repetitions,
2532,wordle,Qwen3.6-35B-A3B-FP8-without-reasoning,high_frequency_words_no_clue_no_critic,instance_00004,Aborted,1
2533,wordle,Qwen3.6-35B-A3B-FP8-without-reasoning,high_frequency_words_no_clue_no_critic,instance_00004,Lose,0
2534,wordle,Qwen3.6-35B-A3B-FP8-without-reasoning,high_frequency_words_no_clue_no_critic,instance_00004,Success,0
2535,wordle,Qwen3.6-35B-A3B-FP8-without-reasoning,high_frequency_words_no_clue_no_critic,instance_00004,Request Count,1
2536,wordle,Qwen3.6-35B-A3B-FP8-without-reasoning,high_frequency_words_no_clue_no_critic,instance_00004,Parsed Request Count,0
2537,wordle,Qwen3.6-35B-A3B-FP8-without-reasoning,high_frequency_words_no_clue_no_critic,instance_00004,Violated Request Count,1
2538,wordle,Qwen3.6-35B-A3B-FP8-without-reasoning,high_frequency_words_no_clue_no_critic,instance_00004,Request Success Ratio,0.0
2539,wordle,Qwen3.6-35B-A3B-FP8-without-reasoning,high_frequency_words_no_clue_no_critic,instance_00004,Main Score,
2540,wordle,Qwen3.6-35B-A3B-FP8-without-reasoning,high_frequency_words_no_clue_no_critic,instance_00004,Guess Repetitions,
2541,wordle,Qwen3.6-35B-A3B-FP8-without-reasoning,high_frequency_words_no_clue_no_critic,instance_00010,Aborted,1
2542,wordle,Qwen3.6-35B-A3B-FP8-without-reasoning,high_frequency_words_no_clue_no_critic,instance_00010,Lose,0
2543,wordle,Qwen3.6-35B-A3B-FP8-without-reasoning,high_frequency_words_no_clue_no_critic,instance_00010,Success,0
2544,wordle,Qwen3.6-35B-A3B-FP8-without-reasoning,high_frequency_words_no_clue_no_critic,instance_00010,Request Count,1
2545,wordle,Qwen3.6-35B-A3B-FP8-without-reasoning,high_frequency_words_no_clue_no_critic,instance_00010,Parsed Request Count,0
2546,wordle,Qwen3.6-35B-A3B-FP8-without-reasoning,high_frequency_words_no_clue_no_critic,instance_00010,Violated Request Count,1
2547,wordle,Qwen3.6-35B-A3B-FP8-without-reasoning,high_frequency_words_no_clue_no_critic,instance_00010,Request Success Ratio,0.0
2548,wordle,Qwen3.6-35B-A3B-FP8-without-reasoning,high_frequency_words_no_clue_no_critic,instance_00010,Main Score,
2549,wordle,Qwen3.6-35B-A3B-FP8-without-reasoning,high_frequency_words_no_clue_no_critic,instance_00010,Guess Repetitions,
2550,wordle,Qwen3.6-35B-A3B-FP8-without-reasoning,high_frequency_words_no_clue_no_critic,instance_00008,Aborted,1
2551,wordle,Qwen3.6-35B-A3B-FP8-without-reasoning,high_frequency_words_no_clue_no_critic,instance_00008,Lose,0
2552,wordle,Qwen3.6-35B-A3B-FP8-without-reasoning,high_frequency_words_no_clue_no_critic,instance_00008,Success,0
2553,wordle,Qwen3.6-35B-A3B-FP8-without-reasoning,high_frequency_words_no_clue_no_critic,instance_00008,Request Count,1
2554,wordle,Qwen3.6-35B-A3B-FP8-without-reasoning,high_frequency_words_no_clue_no_critic,instance_00008,Parsed Request Count,0
2555,wordle,Qwen3.6-35B-A3B-FP8-without-reasoning,high_frequency_words_no_clue_no_critic,instance_00008,Violated Request Count,1
2556,wordle,Qwen3.6-35B-A3B-FP8-without-reasoning,high_frequency_words_no_clue_no_critic,instance_00008,Request Success Ratio,0.0
2557,wordle,Qwen3.6-35B-A3B-FP8-without-reasoning,high_frequency_words_no_clue_no_critic,instance_00008,Main Score,
2558,wordle,Qwen3.6-35B-A3B-FP8-without-reasoning,high_frequency_words_no_clue_no_critic,instance_00008,Guess Repetitions,
2559,wordle,Qwen3.6-35B-A3B-FP8-without-reasoning,high_frequency_words_no_clue_no_critic,instance_00001,Aborted,1
2560,wordle,Qwen3.6-35B-A3B-FP8-without-reasoning,high_frequency_words_no_clue_no_critic,instance_00001,Lose,0
2561,wordle,Qwen3.6-35B-A3B-FP8-without-reasoning,high_frequency_words_no_clue_no_critic,instance_00001,Success,0
2562,wordle,Qwen3.6-35B-A3B-FP8-without-reasoning,high_frequency_words_no_clue_no_critic,instance_00001,Request Count,1
2563,wordle,Qwen3.6-35B-A3B-FP8-without-reasoning,high_frequency_words_no_clue_no_critic,instance_00001,Parsed Request Count,0
2564,wordle,Qwen3.6-35B-A3B-FP8-without-reasoning,high_frequency_words_no_clue_no_critic,instance_00001,Violated Request Count,1
2565,wordle,Qwen3.6-35B-A3B-FP8-without-reasoning,high_frequency_words_no_clue_no_critic,instance_00001,Request Success Ratio,0.0
2566,wordle,Qwen3.6-35B-A3B-FP8-without-reasoning,high_frequency_words_no_clue_no_critic,instance_00001,Main Score,
2567,wordle,Qwen3.6-35B-A3B-FP8-without-reasoning,high_frequency_words_no_clue_no_critic,instance_00001,Guess Repetitions,
2568,wordle,Qwen3.6-35B-A3B-FP8-without-reasoning,high_frequency_words_no_clue_no_critic,instance_00006,Aborted,1
2569,wordle,Qwen3.6-35B-A3B-FP8-without-reasoning,high_frequency_words_no_clue_no_critic,instance_00006,Lose,0
2570,wordle,Qwen3.6-35B-A3B-FP8-without-reasoning,high_frequency_words_no_clue_no_critic,instance_00006,Success,0
2571,wordle,Qwen3.6-35B-A3B-FP8-without-reasoning,high_frequency_words_no_clue_no_critic,instance_00006,Request Count,1
2572,wordle,Qwen3.6-35B-A3B-FP8-without-reasoning,high_frequency_words_no_clue_no_critic,instance_00006,Parsed Request Count,0
2573,wordle,Qwen3.6-35B-A3B-FP8-without-reasoning,high_frequency_words_no_clue_no_critic,instance_00006,Violated Request Count,1
2574,wordle,Qwen3.6-35B-A3B-FP8-without-reasoning,high_frequency_words_no_clue_no_critic,instance_00006,Request Success Ratio,0.0
2575,wordle,Qwen3.6-35B-A3B-FP8-without-reasoning,high_frequency_words_no_clue_no_critic,instance_00006,Main Score,
2576,wordle,Qwen3.6-35B-A3B-FP8-without-reasoning,high_frequency_words_no_clue_no_critic,instance_00006,Guess Repetitions,
2577,wordle,Qwen3.6-35B-A3B-FP8-without-reasoning,high_frequency_words_no_clue_no_critic,instance_00007,Aborted,1
2578,wordle,Qwen3.6-35B-A3B-FP8-without-reasoning,high_frequency_words_no_clue_no_critic,instance_00007,Lose,0
2579,wordle,Qwen3.6-35B-A3B-FP8-without-reasoning,high_frequency_words_no_clue_no_critic,instance_00007,Success,0
2580,wordle,Qwen3.6-35B-A3B-FP8-without-reasoning,high_frequency_words_no_clue_no_critic,instance_00007,Request Count,1
2581,wordle,Qwen3.6-35B-A3B-FP8-without-reasoning,high_frequency_words_no_clue_no_critic,instance_00007,Parsed Request Count,0
2582,wordle,Qwen3.6-35B-A3B-FP8-without-reasoning,high_frequency_words_no_clue_no_critic,instance_00007,Violated Request Count,1
2583,wordle,Qwen3.6-35B-A3B-FP8-without-reasoning,high_frequency_words_no_clue_no_critic,instance_00007,Request Success Ratio,0.0
2584,wordle,Qwen3.6-35B-A3B-FP8-without-reasoning,high_frequency_words_no_clue_no_critic,instance_00007,Main Score,
2585,wordle,Qwen3.6-35B-A3B-FP8-without-reasoning,high_frequency_words_no_clue_no_critic,instance_00007,Guess Repetitions,
2586,wordle,Qwen3.6-35B-A3B-FP8-without-reasoning,high_frequency_words_no_clue_no_critic,instance_00009,Aborted,1
2587,wordle,Qwen3.6-35B-A3B-FP8-without-reasoning,high_frequency_words_no_clue_no_critic,instance_00009,Lose,0
2588,wordle,Qwen3.6-35B-A3B-FP8-without-reasoning,high_frequency_words_no_clue_no_critic,instance_00009,Success,0
2589,wordle,Qwen3.6-35B-A3B-FP8-without-reasoning,high_frequency_words_no_clue_no_critic,instance_00009,Request Count,1
2590,wordle,Qwen3.6-35B-A3B-FP8-without-reasoning,high_frequency_words_no_clue_no_critic,instance_00009,Parsed Request Count,0
2591,wordle,Qwen3.6-35B-A3B-FP8-without-reasoning,high_frequency_words_no_clue_no_critic,instance_00009,Violated Request Count,1
2592,wordle,Qwen3.6-35B-A3B-FP8-without-reasoning,high_frequency_words_no_clue_no_critic,instance_00009,Request Success Ratio,0.0
2593,wordle,Qwen3.6-35B-A3B-FP8-without-reasoning,high_frequency_words_no_clue_no_critic,instance_00009,Main Score,
2594,wordle,Qwen3.6-35B-A3B-FP8-without-reasoning,high_frequency_words_no_clue_no_critic,instance_00009,Guess Repetitions,
2595,wordle,Qwen3.6-35B-A3B-FP8-without-reasoning,medium_frequency_words_no_clue_no_critic,instance_00005,Aborted,1
2596,wordle,Qwen3.6-35B-A3B-FP8-without-reasoning,medium_frequency_words_no_clue_no_critic,instance_00005,Lose,0
2597,wordle,Qwen3.6-35B-A3B-FP8-without-reasoning,medium_frequency_words_no_clue_no_critic,instance_00005,Success,0
2598,wordle,Qwen3.6-35B-A3B-FP8-without-reasoning,medium_frequency_words_no_clue_no_critic,instance_00005,Request Count,1
2599,wordle,Qwen3.6-35B-A3B-FP8-without-reasoning,medium_frequency_words_no_clue_no_critic,instance_00005,Parsed Request Count,0
2600,wordle,Qwen3.6-35B-A3B-FP8-without-reasoning,medium_frequency_words_no_clue_no_critic,instance_00005,Violated Request Count,1
2601,wordle,Qwen3.6-35B-A3B-FP8-without-reasoning,medium_frequency_words_no_clue_no_critic,instance_00005,Request Success Ratio,0.0
2602,wordle,Qwen3.6-35B-A3B-FP8-without-reasoning,medium_frequency_words_no_clue_no_critic,instance_00005,Main Score,
2603,wordle,Qwen3.6-35B-A3B-FP8-without-reasoning,medium_frequency_words_no_clue_no_critic,instance_00005,Guess Repetitions,
2604,wordle,Qwen3.6-35B-A3B-FP8-without-reasoning,medium_frequency_words_no_clue_no_critic,instance_00002,Aborted,1
2605,wordle,Qwen3.6-35B-A3B-FP8-without-reasoning,medium_frequency_words_no_clue_no_critic,instance_00002,Lose,0
2606,wordle,Qwen3.6-35B-A3B-FP8-without-reasoning,medium_frequency_words_no_clue_no_critic,instance_00002,Success,0
2607,wordle,Qwen3.6-35B-A3B-FP8-without-reasoning,medium_frequency_words_no_clue_no_critic,instance_00002,Request Count,1
2608,wordle,Qwen3.6-35B-A3B-FP8-without-reasoning,medium_frequency_words_no_clue_no_critic,instance_00002,Parsed Request Count,0
2609,wordle,Qwen3.6-35B-A3B-FP8-without-reasoning,medium_frequency_words_no_clue_no_critic,instance_00002,Violated Request Count,1
2610,wordle,Qwen3.6-35B-A3B-FP8-without-reasoning,medium_frequency_words_no_clue_no_critic,instance_00002,Request Success Ratio,0.0
2611,wordle,Qwen3.6-35B-A3B-FP8-without-reasoning,medium_frequency_words_no_clue_no_critic,instance_00002,Main Score,
2612,wordle,Qwen3.6-35B-A3B-FP8-without-reasoning,medium_frequency_words_no_clue_no_critic,instance_00002,Guess Repetitions,
2613,wordle,Qwen3.6-35B-A3B-FP8-without-reasoning,medium_frequency_words_no_clue_no_critic,instance_00003,Aborted,1
2614,wordle,Qwen3.6-35B-A3B-FP8-without-reasoning,medium_frequency_words_no_clue_no_critic,instance_00003,Lose,0
2615,wordle,Qwen3.6-35B-A3B-FP8-without-reasoning,medium_frequency_words_no_clue_no_critic,instance_00003,Success,0
2616,wordle,Qwen3.6-35B-A3B-FP8-without-reasoning,medium_frequency_words_no_clue_no_critic,instance_00003,Request Count,1
2617,wordle,Qwen3.6-35B-A3B-FP8-without-reasoning,medium_frequency_words_no_clue_no_critic,instance_00003,Parsed Request Count,0
2618,wordle,Qwen3.6-35B-A3B-FP8-without-reasoning,medium_frequency_words_no_clue_no_critic,instance_00003,Violated Request Count,1
2619,wordle,Qwen3.6-35B-A3B-FP8-without-reasoning,medium_frequency_words_no_clue_no_critic,instance_00003,Request Success Ratio,0.0
2620,wordle,Qwen3.6-35B-A3B-FP8-without-reasoning,medium_frequency_words_no_clue_no_critic,instance_00003,Main Score,
2621,wordle,Qwen3.6-35B-A3B-FP8-without-reasoning,medium_frequency_words_no_clue_no_critic,instance_00003,Guess Repetitions,
2622,wordle,Qwen3.6-35B-A3B-FP8-without-reasoning,medium_frequency_words_no_clue_no_critic,instance_00004,Aborted,1
2623,wordle,Qwen3.6-35B-A3B-FP8-without-reasoning,medium_frequency_words_no_clue_no_critic,instance_00004,Lose,0
2624,wordle,Qwen3.6-35B-A3B-FP8-without-reasoning,medium_frequency_words_no_clue_no_critic,instance_00004,Success,0
2625,wordle,Qwen3.6-35B-A3B-FP8-without-reasoning,medium_frequency_words_no_clue_no_critic,instance_00004,Request Count,1
2626,wordle,Qwen3.6-35B-A3B-FP8-without-reasoning,medium_frequency_words_no_clue_no_critic,instance_00004,Parsed Request Count,0
2627,wordle,Qwen3.6-35B-A3B-FP8-without-reasoning,medium_frequency_words_no_clue_no_critic,instance_00004,Violated Request Count,1
2628,wordle,Qwen3.6-35B-A3B-FP8-without-reasoning,medium_frequency_words_no_clue_no_critic,instance_00004,Request Success Ratio,0.0
2629,wordle,Qwen3.6-35B-A3B-FP8-without-reasoning,medium_frequency_words_no_clue_no_critic,instance_00004,Main Score,
2630,wordle,Qwen3.6-35B-A3B-FP8-without-reasoning,medium_frequency_words_no_clue_no_critic,instance_00004,Guess Repetitions,
2631,wordle,Qwen3.6-35B-A3B-FP8-without-reasoning,medium_frequency_words_no_clue_no_critic,instance_00017,Aborted,1
2632,wordle,Qwen3.6-35B-A3B-FP8-without-reasoning,medium_frequency_words_no_clue_no_critic,instance_00017,Lose,0
2633,wordle,Qwen3.6-35B-A3B-FP8-without-reasoning,medium_frequency_words_no_clue_no_critic,instance_00017,Success,0
2634,wordle,Qwen3.6-35B-A3B-FP8-without-reasoning,medium_frequency_words_no_clue_no_critic,instance_00017,Request Count,1
2635,wordle,Qwen3.6-35B-A3B-FP8-without-reasoning,medium_frequency_words_no_clue_no_critic,instance_00017,Parsed Request Count,0
2636,wordle,Qwen3.6-35B-A3B-FP8-without-reasoning,medium_frequency_words_no_clue_no_critic,instance_00017,Violated Request Count,1
2637,wordle,Qwen3.6-35B-A3B-FP8-without-reasoning,medium_frequency_words_no_clue_no_critic,instance_00017,Request Success Ratio,0.0
2638,wordle,Qwen3.6-35B-A3B-FP8-without-reasoning,medium_frequency_words_no_clue_no_critic,instance_00017,Main Score,
2639,wordle,Qwen3.6-35B-A3B-FP8-without-reasoning,medium_frequency_words_no_clue_no_critic,instance_00017,Guess Repetitions,
2640,wordle,Qwen3.6-35B-A3B-FP8-without-reasoning,medium_frequency_words_no_clue_no_critic,instance_00010,Aborted,1
2641,wordle,Qwen3.6-35B-A3B-FP8-without-reasoning,medium_frequency_words_no_clue_no_critic,instance_00010,Lose,0
2642,wordle,Qwen3.6-35B-A3B-FP8-without-reasoning,medium_frequency_words_no_clue_no_critic,instance_00010,Success,0
2643,wordle,Qwen3.6-35B-A3B-FP8-without-reasoning,medium_frequency_words_no_clue_no_critic,instance_00010,Request Count,1
2644,wordle,Qwen3.6-35B-A3B-FP8-without-reasoning,medium_frequency_words_no_clue_no_critic,instance_00010,Parsed Request Count,0
2645,wordle,Qwen3.6-35B-A3B-FP8-without-reasoning,medium_frequency_words_no_clue_no_critic,instance_00010,Violated Request Count,1
2646,wordle,Qwen3.6-35B-A3B-FP8-without-reasoning,medium_frequency_words_no_clue_no_critic,instance_00010,Request Success Ratio,0.0
2647,wordle,Qwen3.6-35B-A3B-FP8-without-reasoning,medium_frequency_words_no_clue_no_critic,instance_00010,Main Score,
2648,wordle,Qwen3.6-35B-A3B-FP8-without-reasoning,medium_frequency_words_no_clue_no_critic,instance_00010,Guess Repetitions,
2649,wordle,Qwen3.6-35B-A3B-FP8-without-reasoning,medium_frequency_words_no_clue_no_critic,instance_00019,Aborted,1
2650,wordle,Qwen3.6-35B-A3B-FP8-without-reasoning,medium_frequency_words_no_clue_no_critic,instance_00019,Lose,0
2651,wordle,Qwen3.6-35B-A3B-FP8-without-reasoning,medium_frequency_words_no_clue_no_critic,instance_00019,Success,0
2652,wordle,Qwen3.6-35B-A3B-FP8-without-reasoning,medium_frequency_words_no_clue_no_critic,instance_00019,Request Count,1
2653,wordle,Qwen3.6-35B-A3B-FP8-without-reasoning,medium_frequency_words_no_clue_no_critic,instance_00019,Parsed Request Count,0
2654,wordle,Qwen3.6-35B-A3B-FP8-without-reasoning,medium_frequency_words_no_clue_no_critic,instance_00019,Violated Request Count,1
2655,wordle,Qwen3.6-35B-A3B-FP8-without-reasoning,medium_frequency_words_no_clue_no_critic,instance_00019,Request Success Ratio,0.0
2656,wordle,Qwen3.6-35B-A3B-FP8-without-reasoning,medium_frequency_words_no_clue_no_critic,instance_00019,Main Score,
2657,wordle,Qwen3.6-35B-A3B-FP8-without-reasoning,medium_frequency_words_no_clue_no_critic,instance_00019,Guess Repetitions,
2658,wordle,Qwen3.6-35B-A3B-FP8-without-reasoning,medium_frequency_words_no_clue_no_critic,instance_00020,Aborted,1
2659,wordle,Qwen3.6-35B-A3B-FP8-without-reasoning,medium_frequency_words_no_clue_no_critic,instance_00020,Lose,0
2660,wordle,Qwen3.6-35B-A3B-FP8-without-reasoning,medium_frequency_words_no_clue_no_critic,instance_00020,Success,0
2661,wordle,Qwen3.6-35B-A3B-FP8-without-reasoning,medium_frequency_words_no_clue_no_critic,instance_00020,Request Count,1
2662,wordle,Qwen3.6-35B-A3B-FP8-without-reasoning,medium_frequency_words_no_clue_no_critic,instance_00020,Parsed Request Count,0
2663,wordle,Qwen3.6-35B-A3B-FP8-without-reasoning,medium_frequency_words_no_clue_no_critic,instance_00020,Violated Request Count,1
2664,wordle,Qwen3.6-35B-A3B-FP8-without-reasoning,medium_frequency_words_no_clue_no_critic,instance_00020,Request Success Ratio,0.0
2665,wordle,Qwen3.6-35B-A3B-FP8-without-reasoning,medium_frequency_words_no_clue_no_critic,instance_00020,Main Score,
2666,wordle,Qwen3.6-35B-A3B-FP8-without-reasoning,medium_frequency_words_no_clue_no_critic,instance_00020,Guess Repetitions,
2667,wordle,Qwen3.6-35B-A3B-FP8-without-reasoning,medium_frequency_words_no_clue_no_critic,instance_00018,Aborted,1
2668,wordle,Qwen3.6-35B-A3B-FP8-without-reasoning,medium_frequency_words_no_clue_no_critic,instance_00018,Lose,0
2669,wordle,Qwen3.6-35B-A3B-FP8-without-reasoning,medium_frequency_words_no_clue_no_critic,instance_00018,Success,0
2670,wordle,Qwen3.6-35B-A3B-FP8-without-reasoning,medium_frequency_words_no_clue_no_critic,instance_00018,Request Count,1
2671,wordle,Qwen3.6-35B-A3B-FP8-without-reasoning,medium_frequency_words_no_clue_no_critic,instance_00018,Parsed Request Count,0
2672,wordle,Qwen3.6-35B-A3B-FP8-without-reasoning,medium_frequency_words_no_clue_no_critic,instance_00018,Violated Request Count,1
2673,wordle,Qwen3.6-35B-A3B-FP8-without-reasoning,medium_frequency_words_no_clue_no_critic,instance_00018,Request Success Ratio,0.0
2674,wordle,Qwen3.6-35B-A3B-FP8-without-reasoning,medium_frequency_words_no_clue_no_critic,instance_00018,Main Score,
2675,wordle,Qwen3.6-35B-A3B-FP8-without-reasoning,medium_frequency_words_no_clue_no_critic,instance_00018,Guess Repetitions,
2676,wordle,Qwen3.6-35B-A3B-FP8-without-reasoning,medium_frequency_words_no_clue_no_critic,instance_00011,Aborted,1
2677,wordle,Qwen3.6-35B-A3B-FP8-without-reasoning,medium_frequency_words_no_clue_no_critic,instance_00011,Lose,0
2678,wordle,Qwen3.6-35B-A3B-FP8-without-reasoning,medium_frequency_words_no_clue_no_critic,instance_00011,Success,0
2679,wordle,Qwen3.6-35B-A3B-FP8-without-reasoning,medium_frequency_words_no_clue_no_critic,instance_00011,Request Count,1
2680,wordle,Qwen3.6-35B-A3B-FP8-without-reasoning,medium_frequency_words_no_clue_no_critic,instance_00011,Parsed Request Count,0
2681,wordle,Qwen3.6-35B-A3B-FP8-without-reasoning,medium_frequency_words_no_clue_no_critic,instance_00011,Violated Request Count,1
2682,wordle,Qwen3.6-35B-A3B-FP8-without-reasoning,medium_frequency_words_no_clue_no_critic,instance_00011,Request Success Ratio,0.0
2683,wordle,Qwen3.6-35B-A3B-FP8-without-reasoning,medium_frequency_words_no_clue_no_critic,instance_00011,Main Score,
2684,wordle,Qwen3.6-35B-A3B-FP8-without-reasoning,medium_frequency_words_no_clue_no_critic,instance_00011,Guess Repetitions,
2685,wordle,Qwen3.6-35B-A3B-FP8-without-reasoning,medium_frequency_words_no_clue_no_critic,instance_00016,Aborted,1
2686,wordle,Qwen3.6-35B-A3B-FP8-without-reasoning,medium_frequency_words_no_clue_no_critic,instance_00016,Lose,0
2687,wordle,Qwen3.6-35B-A3B-FP8-without-reasoning,medium_frequency_words_no_clue_no_critic,instance_00016,Success,0
2688,wordle,Qwen3.6-35B-A3B-FP8-without-reasoning,medium_frequency_words_no_clue_no_critic,instance_00016,Request Count,1
2689,wordle,Qwen3.6-35B-A3B-FP8-without-reasoning,medium_frequency_words_no_clue_no_critic,instance_00016,Parsed Request Count,0
2690,wordle,Qwen3.6-35B-A3B-FP8-without-reasoning,medium_frequency_words_no_clue_no_critic,instance_00016,Violated Request Count,1
2691,wordle,Qwen3.6-35B-A3B-FP8-without-reasoning,medium_frequency_words_no_clue_no_critic,instance_00016,Request Success Ratio,0.0
2692,wordle,Qwen3.6-35B-A3B-FP8-without-reasoning,medium_frequency_words_no_clue_no_critic,instance_00016,Main Score,
2693,wordle,Qwen3.6-35B-A3B-FP8-without-reasoning,medium_frequency_words_no_clue_no_critic,instance_00016,Guess Repetitions,
2694,wordle,Qwen3.6-35B-A3B-FP8-without-reasoning,medium_frequency_words_no_clue_no_critic,instance_00008,Aborted,1
2695,wordle,Qwen3.6-35B-A3B-FP8-without-reasoning,medium_frequency_words_no_clue_no_critic,instance_00008,Lose,0
2696,wordle,Qwen3.6-35B-A3B-FP8-without-reasoning,medium_frequency_words_no_clue_no_critic,instance_00008,Success,0
2697,wordle,Qwen3.6-35B-A3B-FP8-without-reasoning,medium_frequency_words_no_clue_no_critic,instance_00008,Request Count,1
2698,wordle,Qwen3.6-35B-A3B-FP8-without-reasoning,medium_frequency_words_no_clue_no_critic,instance_00008,Parsed Request Count,0
2699,wordle,Qwen3.6-35B-A3B-FP8-without-reasoning,medium_frequency_words_no_clue_no_critic,instance_00008,Violated Request Count,1
2700,wordle,Qwen3.6-35B-A3B-FP8-without-reasoning,medium_frequency_words_no_clue_no_critic,instance_00008,Request Success Ratio,0.0
2701,wordle,Qwen3.6-35B-A3B-FP8-without-reasoning,medium_frequency_words_no_clue_no_critic,instance_00008,Main Score,
2702,wordle,Qwen3.6-35B-A3B-FP8-without-reasoning,medium_frequency_words_no_clue_no_critic,instance_00008,Guess Repetitions,
2703,wordle,Qwen3.6-35B-A3B-FP8-without-reasoning,medium_frequency_words_no_clue_no_critic,instance_00001,Aborted,1
2704,wordle,Qwen3.6-35B-A3B-FP8-without-reasoning,medium_frequency_words_no_clue_no_critic,instance_00001,Lose,0
2705,wordle,Qwen3.6-35B-A3B-FP8-without-reasoning,medium_frequency_words_no_clue_no_critic,instance_00001,Success,0
2706,wordle,Qwen3.6-35B-A3B-FP8-without-reasoning,medium_frequency_words_no_clue_no_critic,instance_00001,Request Count,1
2707,wordle,Qwen3.6-35B-A3B-FP8-without-reasoning,medium_frequency_words_no_clue_no_critic,instance_00001,Parsed Request Count,0
2708,wordle,Qwen3.6-35B-A3B-FP8-without-reasoning,medium_frequency_words_no_clue_no_critic,instance_00001,Violated Request Count,1
2709,wordle,Qwen3.6-35B-A3B-FP8-without-reasoning,medium_frequency_words_no_clue_no_critic,instance_00001,Request Success Ratio,0.0
2710,wordle,Qwen3.6-35B-A3B-FP8-without-reasoning,medium_frequency_words_no_clue_no_critic,instance_00001,Main Score,
2711,wordle,Qwen3.6-35B-A3B-FP8-without-reasoning,medium_frequency_words_no_clue_no_critic,instance_00001,Guess Repetitions,
2712,wordle,Qwen3.6-35B-A3B-FP8-without-reasoning,medium_frequency_words_no_clue_no_critic,instance_00006,Aborted,1
2713,wordle,Qwen3.6-35B-A3B-FP8-without-reasoning,medium_frequency_words_no_clue_no_critic,instance_00006,Lose,0
2714,wordle,Qwen3.6-35B-A3B-FP8-without-reasoning,medium_frequency_words_no_clue_no_critic,instance_00006,Success,0
2715,wordle,Qwen3.6-35B-A3B-FP8-without-reasoning,medium_frequency_words_no_clue_no_critic,instance_00006,Request Count,1
2716,wordle,Qwen3.6-35B-A3B-FP8-without-reasoning,medium_frequency_words_no_clue_no_critic,instance_00006,Parsed Request Count,0
2717,wordle,Qwen3.6-35B-A3B-FP8-without-reasoning,medium_frequency_words_no_clue_no_critic,instance_00006,Violated Request Count,1
2718,wordle,Qwen3.6-35B-A3B-FP8-without-reasoning,medium_frequency_words_no_clue_no_critic,instance_00006,Request Success Ratio,0.0
2719,wordle,Qwen3.6-35B-A3B-FP8-without-reasoning,medium_frequency_words_no_clue_no_critic,instance_00006,Main Score,
2720,wordle,Qwen3.6-35B-A3B-FP8-without-reasoning,medium_frequency_words_no_clue_no_critic,instance_00006,Guess Repetitions,
2721,wordle,Qwen3.6-35B-A3B-FP8-without-reasoning,medium_frequency_words_no_clue_no_critic,instance_00007,Aborted,1
2722,wordle,Qwen3.6-35B-A3B-FP8-without-reasoning,medium_frequency_words_no_clue_no_critic,instance_00007,Lose,0
2723,wordle,Qwen3.6-35B-A3B-FP8-without-reasoning,medium_frequency_words_no_clue_no_critic,instance_00007,Success,0
2724,wordle,Qwen3.6-35B-A3B-FP8-without-reasoning,medium_frequency_words_no_clue_no_critic,instance_00007,Request Count,1
2725,wordle,Qwen3.6-35B-A3B-FP8-without-reasoning,medium_frequency_words_no_clue_no_critic,instance_00007,Parsed Request Count,0
2726,wordle,Qwen3.6-35B-A3B-FP8-without-reasoning,medium_frequency_words_no_clue_no_critic,instance_00007,Violated Request Count,1
2727,wordle,Qwen3.6-35B-A3B-FP8-without-reasoning,medium_frequency_words_no_clue_no_critic,instance_00007,Request Success Ratio,0.0
2728,wordle,Qwen3.6-35B-A3B-FP8-without-reasoning,medium_frequency_words_no_clue_no_critic,instance_00007,Main Score,
2729,wordle,Qwen3.6-35B-A3B-FP8-without-reasoning,medium_frequency_words_no_clue_no_critic,instance_00007,Guess Repetitions,
2730,wordle,Qwen3.6-35B-A3B-FP8-without-reasoning,medium_frequency_words_no_clue_no_critic,instance_00009,Aborted,1
2731,wordle,Qwen3.6-35B-A3B-FP8-without-reasoning,medium_frequency_words_no_clue_no_critic,instance_00009,Lose,0
2732,wordle,Qwen3.6-35B-A3B-FP8-without-reasoning,medium_frequency_words_no_clue_no_critic,instance_00009,Success,0
2733,wordle,Qwen3.6-35B-A3B-FP8-without-reasoning,medium_frequency_words_no_clue_no_critic,instance_00009,Request Count,1
2734,wordle,Qwen3.6-35B-A3B-FP8-without-reasoning,medium_frequency_words_no_clue_no_critic,instance_00009,Parsed Request Count,0
2735,wordle,Qwen3.6-35B-A3B-FP8-without-reasoning,medium_frequency_words_no_clue_no_critic,instance_00009,Violated Request Count,1
2736,wordle,Qwen3.6-35B-A3B-FP8-without-reasoning,medium_frequency_words_no_clue_no_critic,instance_00009,Request Success Ratio,0.0
2737,wordle,Qwen3.6-35B-A3B-FP8-without-reasoning,medium_frequency_words_no_clue_no_critic,instance_00009,Main Score,
2738,wordle,Qwen3.6-35B-A3B-FP8-without-reasoning,medium_frequency_words_no_clue_no_critic,instance_00009,Guess Repetitions,
2739,wordle,Qwen3.6-35B-A3B-FP8-without-reasoning,medium_frequency_words_no_clue_no_critic,instance_00013,Aborted,1
2740,wordle,Qwen3.6-35B-A3B-FP8-without-reasoning,medium_frequency_words_no_clue_no_critic,instance_00013,Lose,0
2741,wordle,Qwen3.6-35B-A3B-FP8-without-reasoning,medium_frequency_words_no_clue_no_critic,instance_00013,Success,0
2742,wordle,Qwen3.6-35B-A3B-FP8-without-reasoning,medium_frequency_words_no_clue_no_critic,instance_00013,Request Count,1
2743,wordle,Qwen3.6-35B-A3B-FP8-without-reasoning,medium_frequency_words_no_clue_no_critic,instance_00013,Parsed Request Count,0
2744,wordle,Qwen3.6-35B-A3B-FP8-without-reasoning,medium_frequency_words_no_clue_no_critic,instance_00013,Violated Request Count,1
2745,wordle,Qwen3.6-35B-A3B-FP8-without-reasoning,medium_frequency_words_no_clue_no_critic,instance_00013,Request Success Ratio,0.0
2746,wordle,Qwen3.6-35B-A3B-FP8-without-reasoning,medium_frequency_words_no_clue_no_critic,instance_00013,Main Score,
2747,wordle,Qwen3.6-35B-A3B-FP8-without-reasoning,medium_frequency_words_no_clue_no_critic,instance_00013,Guess Repetitions,
2748,wordle,Qwen3.6-35B-A3B-FP8-without-reasoning,medium_frequency_words_no_clue_no_critic,instance_00014,Aborted,1
2749,wordle,Qwen3.6-35B-A3B-FP8-without-reasoning,medium_frequency_words_no_clue_no_critic,instance_00014,Lose,0
2750,wordle,Qwen3.6-35B-A3B-FP8-without-reasoning,medium_frequency_words_no_clue_no_critic,instance_00014,Success,0
2751,wordle,Qwen3.6-35B-A3B-FP8-without-reasoning,medium_frequency_words_no_clue_no_critic,instance_00014,Request Count,1
2752,wordle,Qwen3.6-35B-A3B-FP8-without-reasoning,medium_frequency_words_no_clue_no_critic,instance_00014,Parsed Request Count,0
2753,wordle,Qwen3.6-35B-A3B-FP8-without-reasoning,medium_frequency_words_no_clue_no_critic,instance_00014,Violated Request Count,1
2754,wordle,Qwen3.6-35B-A3B-FP8-without-reasoning,medium_frequency_words_no_clue_no_critic,instance_00014,Request Success Ratio,0.0
2755,wordle,Qwen3.6-35B-A3B-FP8-without-reasoning,medium_frequency_words_no_clue_no_critic,instance_00014,Main Score,
2756,wordle,Qwen3.6-35B-A3B-FP8-without-reasoning,medium_frequency_words_no_clue_no_critic,instance_00014,Guess Repetitions,
2757,wordle,Qwen3.6-35B-A3B-FP8-without-reasoning,medium_frequency_words_no_clue_no_critic,instance_00015,Aborted,1
2758,wordle,Qwen3.6-35B-A3B-FP8-without-reasoning,medium_frequency_words_no_clue_no_critic,instance_00015,Lose,0
2759,wordle,Qwen3.6-35B-A3B-FP8-without-reasoning,medium_frequency_words_no_clue_no_critic,instance_00015,Success,0
2760,wordle,Qwen3.6-35B-A3B-FP8-without-reasoning,medium_frequency_words_no_clue_no_critic,instance_00015,Request Count,1
2761,wordle,Qwen3.6-35B-A3B-FP8-without-reasoning,medium_frequency_words_no_clue_no_critic,instance_00015,Parsed Request Count,0
2762,wordle,Qwen3.6-35B-A3B-FP8-without-reasoning,medium_frequency_words_no_clue_no_critic,instance_00015,Violated Request Count,1
2763,wordle,Qwen3.6-35B-A3B-FP8-without-reasoning,medium_frequency_words_no_clue_no_critic,instance_00015,Request Success Ratio,0.0
2764,wordle,Qwen3.6-35B-A3B-FP8-without-reasoning,medium_frequency_words_no_clue_no_critic,instance_00015,Main Score,
2765,wordle,Qwen3.6-35B-A3B-FP8-without-reasoning,medium_frequency_words_no_clue_no_critic,instance_00015,Guess Repetitions,
2766,wordle,Qwen3.6-35B-A3B-FP8-without-reasoning,medium_frequency_words_no_clue_no_critic,instance_00012,Aborted,1
2767,wordle,Qwen3.6-35B-A3B-FP8-without-reasoning,medium_frequency_words_no_clue_no_critic,instance_00012,Lose,0
2768,wordle,Qwen3.6-35B-A3B-FP8-without-reasoning,medium_frequency_words_no_clue_no_critic,instance_00012,Success,0
2769,wordle,Qwen3.6-35B-A3B-FP8-without-reasoning,medium_frequency_words_no_clue_no_critic,instance_00012,Request Count,1
2770,wordle,Qwen3.6-35B-A3B-FP8-without-reasoning,medium_frequency_words_no_clue_no_critic,instance_00012,Parsed Request Count,0
2771,wordle,Qwen3.6-35B-A3B-FP8-without-reasoning,medium_frequency_words_no_clue_no_critic,instance_00012,Violated Request Count,1
2772,wordle,Qwen3.6-35B-A3B-FP8-without-reasoning,medium_frequency_words_no_clue_no_critic,instance_00012,Request Success Ratio,0.0
2773,wordle,Qwen3.6-35B-A3B-FP8-without-reasoning,medium_frequency_words_no_clue_no_critic,instance_00012,Main Score,
2774,wordle,Qwen3.6-35B-A3B-FP8-without-reasoning,medium_frequency_words_no_clue_no_critic,instance_00012,Guess Repetitions,
2775,privateshared,Qwen3.6-35B-A3B-FP8-without-reasoning,restaurant,instance_00002,Middle-Accuracy,1.0
2776,privateshared,Qwen3.6-35B-A3B-FP8-without-reasoning,restaurant,instance_00002,Accuracy,0.9666666666666667
2777,privateshared,Qwen3.6-35B-A3B-FP8-without-reasoning,restaurant,instance_00002,Kappa,0.9333333333333333
2778,privateshared,Qwen3.6-35B-A3B-FP8-without-reasoning,restaurant,instance_00002,Truncated Kappa,0.9333333333333333
2779,privateshared,Qwen3.6-35B-A3B-FP8-without-reasoning,restaurant,instance_00002,Slot-Filling-Accuracy,1.0
2780,privateshared,Qwen3.6-35B-A3B-FP8-without-reasoning,restaurant,instance_00002,Main Score,96.55172413793103
2781,privateshared,Qwen3.6-35B-A3B-FP8-without-reasoning,restaurant,instance_00002,Aborted,0
2782,privateshared,Qwen3.6-35B-A3B-FP8-without-reasoning,restaurant,instance_00002,Lose,1
2783,privateshared,Qwen3.6-35B-A3B-FP8-without-reasoning,restaurant,instance_00002,Success,0
2784,privateshared,Qwen3.6-35B-A3B-FP8-without-reasoning,restaurant,instance_00002,Request Count,35
2785,privateshared,Qwen3.6-35B-A3B-FP8-without-reasoning,restaurant,instance_00002,Parsed Request Count,35
2786,privateshared,Qwen3.6-35B-A3B-FP8-without-reasoning,restaurant,instance_00002,Violated Request Count,0
2787,privateshared,Qwen3.6-35B-A3B-FP8-without-reasoning,restaurant,instance_00002,Request Success Ratio,1.0
2788,privateshared,Qwen3.6-35B-A3B-FP8-without-reasoning,restaurant,instance_00003,Middle-Accuracy,1.0
2789,privateshared,Qwen3.6-35B-A3B-FP8-without-reasoning,restaurant,instance_00003,Accuracy,0.9333333333333333
2790,privateshared,Qwen3.6-35B-A3B-FP8-without-reasoning,restaurant,instance_00003,Kappa,0.8666666666666667
2791,privateshared,Qwen3.6-35B-A3B-FP8-without-reasoning,restaurant,instance_00003,Truncated Kappa,0.8666666666666667
2792,privateshared,Qwen3.6-35B-A3B-FP8-without-reasoning,restaurant,instance_00003,Slot-Filling-Accuracy,1.0
2793,privateshared,Qwen3.6-35B-A3B-FP8-without-reasoning,restaurant,instance_00003,Main Score,92.85714285714286
2794,privateshared,Qwen3.6-35B-A3B-FP8-without-reasoning,restaurant,instance_00003,Aborted,0
2795,privateshared,Qwen3.6-35B-A3B-FP8-without-reasoning,restaurant,instance_00003,Lose,1
2796,privateshared,Qwen3.6-35B-A3B-FP8-without-reasoning,restaurant,instance_00003,Success,0
2797,privateshared,Qwen3.6-35B-A3B-FP8-without-reasoning,restaurant,instance_00003,Request Count,35
2798,privateshared,Qwen3.6-35B-A3B-FP8-without-reasoning,restaurant,instance_00003,Parsed Request Count,35
2799,privateshared,Qwen3.6-35B-A3B-FP8-without-reasoning,restaurant,instance_00003,Violated Request Count,0
2800,privateshared,Qwen3.6-35B-A3B-FP8-without-reasoning,restaurant,instance_00003,Request Success Ratio,1.0
2801,privateshared,Qwen3.6-35B-A3B-FP8-without-reasoning,restaurant,instance_00004,Middle-Accuracy,1.0
2802,privateshared,Qwen3.6-35B-A3B-FP8-without-reasoning,restaurant,instance_00004,Accuracy,0.9
2803,privateshared,Qwen3.6-35B-A3B-FP8-without-reasoning,restaurant,instance_00004,Kappa,0.8
2804,privateshared,Qwen3.6-35B-A3B-FP8-without-reasoning,restaurant,instance_00004,Truncated Kappa,0.8
2805,privateshared,Qwen3.6-35B-A3B-FP8-without-reasoning,restaurant,instance_00004,Slot-Filling-Accuracy,1.0
2806,privateshared,Qwen3.6-35B-A3B-FP8-without-reasoning,restaurant,instance_00004,Main Score,88.8888888888889
2807,privateshared,Qwen3.6-35B-A3B-FP8-without-reasoning,restaurant,instance_00004,Aborted,0
2808,privateshared,Qwen3.6-35B-A3B-FP8-without-reasoning,restaurant,instance_00004,Lose,1
2809,privateshared,Qwen3.6-35B-A3B-FP8-without-reasoning,restaurant,instance_00004,Success,0
2810,privateshared,Qwen3.6-35B-A3B-FP8-without-reasoning,restaurant,instance_00004,Request Count,35
2811,privateshared,Qwen3.6-35B-A3B-FP8-without-reasoning,restaurant,instance_00004,Parsed Request Count,35
2812,privateshared,Qwen3.6-35B-A3B-FP8-without-reasoning,restaurant,instance_00004,Violated Request Count,0
2813,privateshared,Qwen3.6-35B-A3B-FP8-without-reasoning,restaurant,instance_00004,Request Success Ratio,1.0
2814,privateshared,Qwen3.6-35B-A3B-FP8-without-reasoning,restaurant,instance_00001,Middle-Accuracy,1.0
2815,privateshared,Qwen3.6-35B-A3B-FP8-without-reasoning,restaurant,instance_00001,Accuracy,0.9666666666666667
2816,privateshared,Qwen3.6-35B-A3B-FP8-without-reasoning,restaurant,instance_00001,Kappa,0.9333333333333333
2817,privateshared,Qwen3.6-35B-A3B-FP8-without-reasoning,restaurant,instance_00001,Truncated Kappa,0.9333333333333333
2818,privateshared,Qwen3.6-35B-A3B-FP8-without-reasoning,restaurant,instance_00001,Slot-Filling-Accuracy,1.0
2819,privateshared,Qwen3.6-35B-A3B-FP8-without-reasoning,restaurant,instance_00001,Main Score,96.55172413793103
2820,privateshared,Qwen3.6-35B-A3B-FP8-without-reasoning,restaurant,instance_00001,Aborted,0
2821,privateshared,Qwen3.6-35B-A3B-FP8-without-reasoning,restaurant,instance_00001,Lose,1
2822,privateshared,Qwen3.6-35B-A3B-FP8-without-reasoning,restaurant,instance_00001,Success,0
2823,privateshared,Qwen3.6-35B-A3B-FP8-without-reasoning,restaurant,instance_00001,Request Count,35
2824,privateshared,Qwen3.6-35B-A3B-FP8-without-reasoning,restaurant,instance_00001,Parsed Request Count,35
2825,privateshared,Qwen3.6-35B-A3B-FP8-without-reasoning,restaurant,instance_00001,Violated Request Count,0
2826,privateshared,Qwen3.6-35B-A3B-FP8-without-reasoning,restaurant,instance_00001,Request Success Ratio,1.0
2827,privateshared,Qwen3.6-35B-A3B-FP8-without-reasoning,restaurant,instance_00000,Middle-Accuracy,1.0
2828,privateshared,Qwen3.6-35B-A3B-FP8-without-reasoning,restaurant,instance_00000,Accuracy,0.9333333333333333
2829,privateshared,Qwen3.6-35B-A3B-FP8-without-reasoning,restaurant,instance_00000,Kappa,0.8666666666666667
2830,privateshared,Qwen3.6-35B-A3B-FP8-without-reasoning,restaurant,instance_00000,Truncated Kappa,0.8666666666666667
2831,privateshared,Qwen3.6-35B-A3B-FP8-without-reasoning,restaurant,instance_00000,Slot-Filling-Accuracy,1.0
2832,privateshared,Qwen3.6-35B-A3B-FP8-without-reasoning,restaurant,instance_00000,Main Score,92.85714285714286
2833,privateshared,Qwen3.6-35B-A3B-FP8-without-reasoning,restaurant,instance_00000,Aborted,0
2834,privateshared,Qwen3.6-35B-A3B-FP8-without-reasoning,restaurant,instance_00000,Lose,1
2835,privateshared,Qwen3.6-35B-A3B-FP8-without-reasoning,restaurant,instance_00000,Success,0
2836,privateshared,Qwen3.6-35B-A3B-FP8-without-reasoning,restaurant,instance_00000,Request Count,35
2837,privateshared,Qwen3.6-35B-A3B-FP8-without-reasoning,restaurant,instance_00000,Parsed Request Count,35
2838,privateshared,Qwen3.6-35B-A3B-FP8-without-reasoning,restaurant,instance_00000,Violated Request Count,0
2839,privateshared,Qwen3.6-35B-A3B-FP8-without-reasoning,restaurant,instance_00000,Request Success Ratio,1.0
2840,privateshared,Qwen3.6-35B-A3B-FP8-without-reasoning,travel-booking,instance_00002,Middle-Accuracy,0.6
2841,privateshared,Qwen3.6-35B-A3B-FP8-without-reasoning,travel-booking,instance_00002,Accuracy,0.7
2842,privateshared,Qwen3.6-35B-A3B-FP8-without-reasoning,travel-booking,instance_00002,Kappa,0.4
2843,privateshared,Qwen3.6-35B-A3B-FP8-without-reasoning,travel-booking,instance_00002,Truncated Kappa,0.4
2844,privateshared,Qwen3.6-35B-A3B-FP8-without-reasoning,travel-booking,instance_00002,Slot-Filling-Accuracy,1.0
2845,privateshared,Qwen3.6-35B-A3B-FP8-without-reasoning,travel-booking,instance_00002,Main Score,57.14285714285715
2846,privateshared,Qwen3.6-35B-A3B-FP8-without-reasoning,travel-booking,instance_00002,Aborted,0
2847,privateshared,Qwen3.6-35B-A3B-FP8-without-reasoning,travel-booking,instance_00002,Lose,1
2848,privateshared,Qwen3.6-35B-A3B-FP8-without-reasoning,travel-booking,instance_00002,Success,0
2849,privateshared,Qwen3.6-35B-A3B-FP8-without-reasoning,travel-booking,instance_00002,Request Count,35
2850,privateshared,Qwen3.6-35B-A3B-FP8-without-reasoning,travel-booking,instance_00002,Parsed Request Count,35
2851,privateshared,Qwen3.6-35B-A3B-FP8-without-reasoning,travel-booking,instance_00002,Violated Request Count,0
2852,privateshared,Qwen3.6-35B-A3B-FP8-without-reasoning,travel-booking,instance_00002,Request Success Ratio,1.0
2853,privateshared,Qwen3.6-35B-A3B-FP8-without-reasoning,travel-booking,instance_00003,Middle-Accuracy,0.8
2854,privateshared,Qwen3.6-35B-A3B-FP8-without-reasoning,travel-booking,instance_00003,Accuracy,0.8
2855,privateshared,Qwen3.6-35B-A3B-FP8-without-reasoning,travel-booking,instance_00003,Kappa,0.6
2856,privateshared,Qwen3.6-35B-A3B-FP8-without-reasoning,travel-booking,instance_00003,Truncated Kappa,0.6
2857,privateshared,Qwen3.6-35B-A3B-FP8-without-reasoning,travel-booking,instance_00003,Slot-Filling-Accuracy,1.0
2858,privateshared,Qwen3.6-35B-A3B-FP8-without-reasoning,travel-booking,instance_00003,Main Score,74.99999999999999
2859,privateshared,Qwen3.6-35B-A3B-FP8-without-reasoning,travel-booking,instance_00003,Aborted,0
2860,privateshared,Qwen3.6-35B-A3B-FP8-without-reasoning,travel-booking,instance_00003,Lose,1
2861,privateshared,Qwen3.6-35B-A3B-FP8-without-reasoning,travel-booking,instance_00003,Success,0
2862,privateshared,Qwen3.6-35B-A3B-FP8-without-reasoning,travel-booking,instance_00003,Request Count,35
2863,privateshared,Qwen3.6-35B-A3B-FP8-without-reasoning,travel-booking,instance_00003,Parsed Request Count,35
2864,privateshared,Qwen3.6-35B-A3B-FP8-without-reasoning,travel-booking,instance_00003,Violated Request Count,0
2865,privateshared,Qwen3.6-35B-A3B-FP8-without-reasoning,travel-booking,instance_00003,Request Success Ratio,1.0
2866,privateshared,Qwen3.6-35B-A3B-FP8-without-reasoning,travel-booking,instance_00004,Middle-Accuracy,0.6
2867,privateshared,Qwen3.6-35B-A3B-FP8-without-reasoning,travel-booking,instance_00004,Accuracy,0.7666666666666667
2868,privateshared,Qwen3.6-35B-A3B-FP8-without-reasoning,travel-booking,instance_00004,Kappa,0.5333333333333333
2869,privateshared,Qwen3.6-35B-A3B-FP8-without-reasoning,travel-booking,instance_00004,Truncated Kappa,0.5333333333333333
2870,privateshared,Qwen3.6-35B-A3B-FP8-without-reasoning,travel-booking,instance_00004,Slot-Filling-Accuracy,1.0
2871,privateshared,Qwen3.6-35B-A3B-FP8-without-reasoning,travel-booking,instance_00004,Main Score,69.56521739130436
2872,privateshared,Qwen3.6-35B-A3B-FP8-without-reasoning,travel-booking,instance_00004,Aborted,0
2873,privateshared,Qwen3.6-35B-A3B-FP8-without-reasoning,travel-booking,instance_00004,Lose,1
2874,privateshared,Qwen3.6-35B-A3B-FP8-without-reasoning,travel-booking,instance_00004,Success,0
2875,privateshared,Qwen3.6-35B-A3B-FP8-without-reasoning,travel-booking,instance_00004,Request Count,35
2876,privateshared,Qwen3.6-35B-A3B-FP8-without-reasoning,travel-booking,instance_00004,Parsed Request Count,35
2877,privateshared,Qwen3.6-35B-A3B-FP8-without-reasoning,travel-booking,instance_00004,Violated Request Count,0
2878,privateshared,Qwen3.6-35B-A3B-FP8-without-reasoning,travel-booking,instance_00004,Request Success Ratio,1.0
2879,privateshared,Qwen3.6-35B-A3B-FP8-without-reasoning,travel-booking,instance_00001,Middle-Accuracy,0.2
2880,privateshared,Qwen3.6-35B-A3B-FP8-without-reasoning,travel-booking,instance_00001,Accuracy,0.6
2881,privateshared,Qwen3.6-35B-A3B-FP8-without-reasoning,travel-booking,instance_00001,Kappa,0.19999999999999996
2882,privateshared,Qwen3.6-35B-A3B-FP8-without-reasoning,travel-booking,instance_00001,Truncated Kappa,0.19999999999999996
2883,privateshared,Qwen3.6-35B-A3B-FP8-without-reasoning,travel-booking,instance_00001,Slot-Filling-Accuracy,1.0
2884,privateshared,Qwen3.6-35B-A3B-FP8-without-reasoning,travel-booking,instance_00001,Main Score,33.33333333333333
2885,privateshared,Qwen3.6-35B-A3B-FP8-without-reasoning,travel-booking,instance_00001,Aborted,0
2886,privateshared,Qwen3.6-35B-A3B-FP8-without-reasoning,travel-booking,instance_00001,Lose,1
2887,privateshared,Qwen3.6-35B-A3B-FP8-without-reasoning,travel-booking,instance_00001,Success,0
2888,privateshared,Qwen3.6-35B-A3B-FP8-without-reasoning,travel-booking,instance_00001,Request Count,35
2889,privateshared,Qwen3.6-35B-A3B-FP8-without-reasoning,travel-booking,instance_00001,Parsed Request Count,35
2890,privateshared,Qwen3.6-35B-A3B-FP8-without-reasoning,travel-booking,instance_00001,Violated Request Count,0
2891,privateshared,Qwen3.6-35B-A3B-FP8-without-reasoning,travel-booking,instance_00001,Request Success Ratio,1.0
2892,privateshared,Qwen3.6-35B-A3B-FP8-without-reasoning,travel-booking,instance_00000,Middle-Accuracy,0.6
2893,privateshared,Qwen3.6-35B-A3B-FP8-without-reasoning,travel-booking,instance_00000,Accuracy,0.6333333333333333
2894,privateshared,Qwen3.6-35B-A3B-FP8-without-reasoning,travel-booking,instance_00000,Kappa,0.2666666666666667
2895,privateshared,Qwen3.6-35B-A3B-FP8-without-reasoning,travel-booking,instance_00000,Truncated Kappa,0.2666666666666667
2896,privateshared,Qwen3.6-35B-A3B-FP8-without-reasoning,travel-booking,instance_00000,Slot-Filling-Accuracy,1.0
2897,privateshared,Qwen3.6-35B-A3B-FP8-without-reasoning,travel-booking,instance_00000,Main Score,42.10526315789475
2898,privateshared,Qwen3.6-35B-A3B-FP8-without-reasoning,travel-booking,instance_00000,Aborted,0
2899,privateshared,Qwen3.6-35B-A3B-FP8-without-reasoning,travel-booking,instance_00000,Lose,1
2900,privateshared,Qwen3.6-35B-A3B-FP8-without-reasoning,travel-booking,instance_00000,Success,0
2901,privateshared,Qwen3.6-35B-A3B-FP8-without-reasoning,travel-booking,instance_00000,Request Count,35
2902,privateshared,Qwen3.6-35B-A3B-FP8-without-reasoning,travel-booking,instance_00000,Parsed Request Count,35
2903,privateshared,Qwen3.6-35B-A3B-FP8-without-reasoning,travel-booking,instance_00000,Violated Request Count,0
2904,privateshared,Qwen3.6-35B-A3B-FP8-without-reasoning,travel-booking,instance_00000,Request Success Ratio,1.0
2905,privateshared,Qwen3.6-35B-A3B-FP8-without-reasoning,things-places,instance_00002,Middle-Accuracy,0.5333333333333333
2906,privateshared,Qwen3.6-35B-A3B-FP8-without-reasoning,things-places,instance_00002,Accuracy,0.49583333333333335
2907,privateshared,Qwen3.6-35B-A3B-FP8-without-reasoning,things-places,instance_00002,Kappa,-0.008333333333333304
2908,privateshared,Qwen3.6-35B-A3B-FP8-without-reasoning,things-places,instance_00002,Truncated Kappa,0
2909,privateshared,Qwen3.6-35B-A3B-FP8-without-reasoning,things-places,instance_00002,Slot-Filling-Accuracy,1.0
2910,privateshared,Qwen3.6-35B-A3B-FP8-without-reasoning,things-places,instance_00002,Main Score,0.0
2911,privateshared,Qwen3.6-35B-A3B-FP8-without-reasoning,things-places,instance_00002,Aborted,0
2912,privateshared,Qwen3.6-35B-A3B-FP8-without-reasoning,things-places,instance_00002,Lose,1
2913,privateshared,Qwen3.6-35B-A3B-FP8-without-reasoning,things-places,instance_00002,Success,0
2914,privateshared,Qwen3.6-35B-A3B-FP8-without-reasoning,things-places,instance_00002,Request Count,255
2915,privateshared,Qwen3.6-35B-A3B-FP8-without-reasoning,things-places,instance_00002,Parsed Request Count,255
2916,privateshared,Qwen3.6-35B-A3B-FP8-without-reasoning,things-places,instance_00002,Violated Request Count,0
2917,privateshared,Qwen3.6-35B-A3B-FP8-without-reasoning,things-places,instance_00002,Request Success Ratio,1.0
2918,privateshared,Qwen3.6-35B-A3B-FP8-without-reasoning,things-places,instance_00003,Middle-Accuracy,0.5333333333333333
2919,privateshared,Qwen3.6-35B-A3B-FP8-without-reasoning,things-places,instance_00003,Accuracy,0.5
2920,privateshared,Qwen3.6-35B-A3B-FP8-without-reasoning,things-places,instance_00003,Kappa,0.0
2921,privateshared,Qwen3.6-35B-A3B-FP8-without-reasoning,things-places,instance_00003,Truncated Kappa,0
2922,privateshared,Qwen3.6-35B-A3B-FP8-without-reasoning,things-places,instance_00003,Slot-Filling-Accuracy,1.0
2923,privateshared,Qwen3.6-35B-A3B-FP8-without-reasoning,things-places,instance_00003,Main Score,0.0
2924,privateshared,Qwen3.6-35B-A3B-FP8-without-reasoning,things-places,instance_00003,Aborted,0
2925,privateshared,Qwen3.6-35B-A3B-FP8-without-reasoning,things-places,instance_00003,Lose,1
2926,privateshared,Qwen3.6-35B-A3B-FP8-without-reasoning,things-places,instance_00003,Success,0
2927,privateshared,Qwen3.6-35B-A3B-FP8-without-reasoning,things-places,instance_00003,Request Count,255
2928,privateshared,Qwen3.6-35B-A3B-FP8-without-reasoning,things-places,instance_00003,Parsed Request Count,255
2929,privateshared,Qwen3.6-35B-A3B-FP8-without-reasoning,things-places,instance_00003,Violated Request Count,0
2930,privateshared,Qwen3.6-35B-A3B-FP8-without-reasoning,things-places,instance_00003,Request Success Ratio,1.0
2931,privateshared,Qwen3.6-35B-A3B-FP8-without-reasoning,things-places,instance_00004,Middle-Accuracy,0.5333333333333333
2932,privateshared,Qwen3.6-35B-A3B-FP8-without-reasoning,things-places,instance_00004,Accuracy,0.5
2933,privateshared,Qwen3.6-35B-A3B-FP8-without-reasoning,things-places,instance_00004,Kappa,0.0
2934,privateshared,Qwen3.6-35B-A3B-FP8-without-reasoning,things-places,instance_00004,Truncated Kappa,0
2935,privateshared,Qwen3.6-35B-A3B-FP8-without-reasoning,things-places,instance_00004,Slot-Filling-Accuracy,1.0
2936,privateshared,Qwen3.6-35B-A3B-FP8-without-reasoning,things-places,instance_00004,Main Score,0.0
2937,privateshared,Qwen3.6-35B-A3B-FP8-without-reasoning,things-places,instance_00004,Aborted,0
2938,privateshared,Qwen3.6-35B-A3B-FP8-without-reasoning,things-places,instance_00004,Lose,1
2939,privateshared,Qwen3.6-35B-A3B-FP8-without-reasoning,things-places,instance_00004,Success,0
2940,privateshared,Qwen3.6-35B-A3B-FP8-without-reasoning,things-places,instance_00004,Request Count,255
2941,privateshared,Qwen3.6-35B-A3B-FP8-without-reasoning,things-places,instance_00004,Parsed Request Count,255
2942,privateshared,Qwen3.6-35B-A3B-FP8-without-reasoning,things-places,instance_00004,Violated Request Count,0
2943,privateshared,Qwen3.6-35B-A3B-FP8-without-reasoning,things-places,instance_00004,Request Success Ratio,1.0
2944,privateshared,Qwen3.6-35B-A3B-FP8-without-reasoning,things-places,instance_00001,Middle-Accuracy,0.5333333333333333
2945,privateshared,Qwen3.6-35B-A3B-FP8-without-reasoning,things-places,instance_00001,Accuracy,0.5
2946,privateshared,Qwen3.6-35B-A3B-FP8-without-reasoning,things-places,instance_00001,Kappa,0.0
2947,privateshared,Qwen3.6-35B-A3B-FP8-without-reasoning,things-places,instance_00001,Truncated Kappa,0
2948,privateshared,Qwen3.6-35B-A3B-FP8-without-reasoning,things-places,instance_00001,Slot-Filling-Accuracy,1.0
2949,privateshared,Qwen3.6-35B-A3B-FP8-without-reasoning,things-places,instance_00001,Main Score,0.0
2950,privateshared,Qwen3.6-35B-A3B-FP8-without-reasoning,things-places,instance_00001,Aborted,0
2951,privateshared,Qwen3.6-35B-A3B-FP8-without-reasoning,things-places,instance_00001,Lose,1
2952,privateshared,Qwen3.6-35B-A3B-FP8-without-reasoning,things-places,instance_00001,Success,0
2953,privateshared,Qwen3.6-35B-A3B-FP8-without-reasoning,things-places,instance_00001,Request Count,255
2954,privateshared,Qwen3.6-35B-A3B-FP8-without-reasoning,things-places,instance_00001,Parsed Request Count,255
2955,privateshared,Qwen3.6-35B-A3B-FP8-without-reasoning,things-places,instance_00001,Violated Request Count,0
2956,privateshared,Qwen3.6-35B-A3B-FP8-without-reasoning,things-places,instance_00001,Request Success Ratio,1.0
2957,privateshared,Qwen3.6-35B-A3B-FP8-without-reasoning,things-places,instance_00000,Middle-Accuracy,0.5333333333333333
2958,privateshared,Qwen3.6-35B-A3B-FP8-without-reasoning,things-places,instance_00000,Accuracy,0.49166666666666664
2959,privateshared,Qwen3.6-35B-A3B-FP8-without-reasoning,things-places,instance_00000,Kappa,-0.016666666666666607
2960,privateshared,Qwen3.6-35B-A3B-FP8-without-reasoning,things-places,instance_00000,Truncated Kappa,0
2961,privateshared,Qwen3.6-35B-A3B-FP8-without-reasoning,things-places,instance_00000,Slot-Filling-Accuracy,1.0
2962,privateshared,Qwen3.6-35B-A3B-FP8-without-reasoning,things-places,instance_00000,Main Score,0.0
2963,privateshared,Qwen3.6-35B-A3B-FP8-without-reasoning,things-places,instance_00000,Aborted,0
2964,privateshared,Qwen3.6-35B-A3B-FP8-without-reasoning,things-places,instance_00000,Lose,1
2965,privateshared,Qwen3.6-35B-A3B-FP8-without-reasoning,things-places,instance_00000,Success,0
2966,privateshared,Qwen3.6-35B-A3B-FP8-without-reasoning,things-places,instance_00000,Request Count,255
2967,privateshared,Qwen3.6-35B-A3B-FP8-without-reasoning,things-places,instance_00000,Parsed Request Count,255
2968,privateshared,Qwen3.6-35B-A3B-FP8-without-reasoning,things-places,instance_00000,Violated Request Count,0
2969,privateshared,Qwen3.6-35B-A3B-FP8-without-reasoning,things-places,instance_00000,Request Success Ratio,1.0
2970,privateshared,Qwen3.6-35B-A3B-FP8-without-reasoning,job-interview,instance_00002,Middle-Accuracy,0.8
2971,privateshared,Qwen3.6-35B-A3B-FP8-without-reasoning,job-interview,instance_00002,Accuracy,0.7
2972,privateshared,Qwen3.6-35B-A3B-FP8-without-reasoning,job-interview,instance_00002,Kappa,0.4
2973,privateshared,Qwen3.6-35B-A3B-FP8-without-reasoning,job-interview,instance_00002,Truncated Kappa,0.4
2974,privateshared,Qwen3.6-35B-A3B-FP8-without-reasoning,job-interview,instance_00002,Slot-Filling-Accuracy,1.0
2975,privateshared,Qwen3.6-35B-A3B-FP8-without-reasoning,job-interview,instance_00002,Main Score,57.14285714285715
2976,privateshared,Qwen3.6-35B-A3B-FP8-without-reasoning,job-interview,instance_00002,Aborted,0
2977,privateshared,Qwen3.6-35B-A3B-FP8-without-reasoning,job-interview,instance_00002,Lose,1
2978,privateshared,Qwen3.6-35B-A3B-FP8-without-reasoning,job-interview,instance_00002,Success,0
2979,privateshared,Qwen3.6-35B-A3B-FP8-without-reasoning,job-interview,instance_00002,Request Count,35
2980,privateshared,Qwen3.6-35B-A3B-FP8-without-reasoning,job-interview,instance_00002,Parsed Request Count,35
2981,privateshared,Qwen3.6-35B-A3B-FP8-without-reasoning,job-interview,instance_00002,Violated Request Count,0
2982,privateshared,Qwen3.6-35B-A3B-FP8-without-reasoning,job-interview,instance_00002,Request Success Ratio,1.0
2983,privateshared,Qwen3.6-35B-A3B-FP8-without-reasoning,job-interview,instance_00003,Middle-Accuracy,0.8
2984,privateshared,Qwen3.6-35B-A3B-FP8-without-reasoning,job-interview,instance_00003,Accuracy,0.6666666666666666
2985,privateshared,Qwen3.6-35B-A3B-FP8-without-reasoning,job-interview,instance_00003,Kappa,0.375
2986,privateshared,Qwen3.6-35B-A3B-FP8-without-reasoning,job-interview,instance_00003,Truncated Kappa,0.375
2987,privateshared,Qwen3.6-35B-A3B-FP8-without-reasoning,job-interview,instance_00003,Slot-Filling-Accuracy,0.8
2988,privateshared,Qwen3.6-35B-A3B-FP8-without-reasoning,job-interview,instance_00003,Main Score,51.06382978723405
2989,privateshared,Qwen3.6-35B-A3B-FP8-without-reasoning,job-interview,instance_00003,Aborted,0
2990,privateshared,Qwen3.6-35B-A3B-FP8-without-reasoning,job-interview,instance_00003,Lose,1
2991,privateshared,Qwen3.6-35B-A3B-FP8-without-reasoning,job-interview,instance_00003,Success,0
2992,privateshared,Qwen3.6-35B-A3B-FP8-without-reasoning,job-interview,instance_00003,Request Count,35
2993,privateshared,Qwen3.6-35B-A3B-FP8-without-reasoning,job-interview,instance_00003,Parsed Request Count,35
2994,privateshared,Qwen3.6-35B-A3B-FP8-without-reasoning,job-interview,instance_00003,Violated Request Count,0
2995,privateshared,Qwen3.6-35B-A3B-FP8-without-reasoning,job-interview,instance_00003,Request Success Ratio,1.0
2996,privateshared,Qwen3.6-35B-A3B-FP8-without-reasoning,job-interview,instance_00004,Middle-Accuracy,0.8
2997,privateshared,Qwen3.6-35B-A3B-FP8-without-reasoning,job-interview,instance_00004,Accuracy,0.7
2998,privateshared,Qwen3.6-35B-A3B-FP8-without-reasoning,job-interview,instance_00004,Kappa,0.4155844155844155
2999,privateshared,Qwen3.6-35B-A3B-FP8-without-reasoning,job-interview,instance_00004,Truncated Kappa,0.4155844155844155
3000,privateshared,Qwen3.6-35B-A3B-FP8-without-reasoning,job-interview,instance_00004,Slot-Filling-Accuracy,1.0
3001,privateshared,Qwen3.6-35B-A3B-FP8-without-reasoning,job-interview,instance_00004,Main Score,58.71559633027522
3002,privateshared,Qwen3.6-35B-A3B-FP8-without-reasoning,job-interview,instance_00004,Aborted,0
3003,privateshared,Qwen3.6-35B-A3B-FP8-without-reasoning,job-interview,instance_00004,Lose,1
3004,privateshared,Qwen3.6-35B-A3B-FP8-without-reasoning,job-interview,instance_00004,Success,0
3005,privateshared,Qwen3.6-35B-A3B-FP8-without-reasoning,job-interview,instance_00004,Request Count,35
3006,privateshared,Qwen3.6-35B-A3B-FP8-without-reasoning,job-interview,instance_00004,Parsed Request Count,35
3007,privateshared,Qwen3.6-35B-A3B-FP8-without-reasoning,job-interview,instance_00004,Violated Request Count,0
3008,privateshared,Qwen3.6-35B-A3B-FP8-without-reasoning,job-interview,instance_00004,Request Success Ratio,1.0
3009,privateshared,Qwen3.6-35B-A3B-FP8-without-reasoning,job-interview,instance_00001,Middle-Accuracy,0.6
3010,privateshared,Qwen3.6-35B-A3B-FP8-without-reasoning,job-interview,instance_00001,Accuracy,0.6666666666666666
3011,privateshared,Qwen3.6-35B-A3B-FP8-without-reasoning,job-interview,instance_00001,Kappa,0.35897435897435903
3012,privateshared,Qwen3.6-35B-A3B-FP8-without-reasoning,job-interview,instance_00001,Truncated Kappa,0.35897435897435903
3013,privateshared,Qwen3.6-35B-A3B-FP8-without-reasoning,job-interview,instance_00001,Slot-Filling-Accuracy,0.6
3014,privateshared,Qwen3.6-35B-A3B-FP8-without-reasoning,job-interview,instance_00001,Main Score,44.91978609625669
3015,privateshared,Qwen3.6-35B-A3B-FP8-without-reasoning,job-interview,instance_00001,Aborted,0
3016,privateshared,Qwen3.6-35B-A3B-FP8-without-reasoning,job-interview,instance_00001,Lose,1
3017,privateshared,Qwen3.6-35B-A3B-FP8-without-reasoning,job-interview,instance_00001,Success,0
3018,privateshared,Qwen3.6-35B-A3B-FP8-without-reasoning,job-interview,instance_00001,Request Count,38
3019,privateshared,Qwen3.6-35B-A3B-FP8-without-reasoning,job-interview,instance_00001,Parsed Request Count,35
3020,privateshared,Qwen3.6-35B-A3B-FP8-without-reasoning,job-interview,instance_00001,Violated Request Count,3
3021,privateshared,Qwen3.6-35B-A3B-FP8-without-reasoning,job-interview,instance_00001,Request Success Ratio,0.9210526315789473
3022,privateshared,Qwen3.6-35B-A3B-FP8-without-reasoning,job-interview,instance_00000,Middle-Accuracy,0.6
3023,privateshared,Qwen3.6-35B-A3B-FP8-without-reasoning,job-interview,instance_00000,Accuracy,0.7
3024,privateshared,Qwen3.6-35B-A3B-FP8-without-reasoning,job-interview,instance_00000,Kappa,0.4
3025,privateshared,Qwen3.6-35B-A3B-FP8-without-reasoning,job-interview,instance_00000,Truncated Kappa,0.4
3026,privateshared,Qwen3.6-35B-A3B-FP8-without-reasoning,job-interview,instance_00000,Slot-Filling-Accuracy,1.0
3027,privateshared,Qwen3.6-35B-A3B-FP8-without-reasoning,job-interview,instance_00000,Main Score,57.14285714285715
3028,privateshared,Qwen3.6-35B-A3B-FP8-without-reasoning,job-interview,instance_00000,Aborted,0
3029,privateshared,Qwen3.6-35B-A3B-FP8-without-reasoning,job-interview,instance_00000,Lose,1
3030,privateshared,Qwen3.6-35B-A3B-FP8-without-reasoning,job-interview,instance_00000,Success,0
3031,privateshared,Qwen3.6-35B-A3B-FP8-without-reasoning,job-interview,instance_00000,Request Count,35
3032,privateshared,Qwen3.6-35B-A3B-FP8-without-reasoning,job-interview,instance_00000,Parsed Request Count,35
3033,privateshared,Qwen3.6-35B-A3B-FP8-without-reasoning,job-interview,instance_00000,Violated Request Count,0
3034,privateshared,Qwen3.6-35B-A3B-FP8-without-reasoning,job-interview,instance_00000,Request Success Ratio,1.0
3035,privateshared,Qwen3.6-35B-A3B-FP8-without-reasoning,letter-number,instance_00002,Middle-Accuracy,0.5
3036,privateshared,Qwen3.6-35B-A3B-FP8-without-reasoning,letter-number,instance_00002,Accuracy,0.6727272727272727
3037,privateshared,Qwen3.6-35B-A3B-FP8-without-reasoning,letter-number,instance_00002,Kappa,0.34545454545454546
3038,privateshared,Qwen3.6-35B-A3B-FP8-without-reasoning,letter-number,instance_00002,Truncated Kappa,0.34545454545454546
3039,privateshared,Qwen3.6-35B-A3B-FP8-without-reasoning,letter-number,instance_00002,Slot-Filling-Accuracy,1.0
3040,privateshared,Qwen3.6-35B-A3B-FP8-without-reasoning,letter-number,instance_00002,Main Score,51.35135135135135
3041,privateshared,Qwen3.6-35B-A3B-FP8-without-reasoning,letter-number,instance_00002,Aborted,0
3042,privateshared,Qwen3.6-35B-A3B-FP8-without-reasoning,letter-number,instance_00002,Lose,1
3043,privateshared,Qwen3.6-35B-A3B-FP8-without-reasoning,letter-number,instance_00002,Success,0
3044,privateshared,Qwen3.6-35B-A3B-FP8-without-reasoning,letter-number,instance_00002,Request Count,120
3045,privateshared,Qwen3.6-35B-A3B-FP8-without-reasoning,letter-number,instance_00002,Parsed Request Count,120
3046,privateshared,Qwen3.6-35B-A3B-FP8-without-reasoning,letter-number,instance_00002,Violated Request Count,0
3047,privateshared,Qwen3.6-35B-A3B-FP8-without-reasoning,letter-number,instance_00002,Request Success Ratio,1.0
3048,privateshared,Qwen3.6-35B-A3B-FP8-without-reasoning,letter-number,instance_00003,Middle-Accuracy,0.9
3049,privateshared,Qwen3.6-35B-A3B-FP8-without-reasoning,letter-number,instance_00003,Accuracy,0.7545454545454545
3050,privateshared,Qwen3.6-35B-A3B-FP8-without-reasoning,letter-number,instance_00003,Kappa,0.509090909090909
3051,privateshared,Qwen3.6-35B-A3B-FP8-without-reasoning,letter-number,instance_00003,Truncated Kappa,0.509090909090909
3052,privateshared,Qwen3.6-35B-A3B-FP8-without-reasoning,letter-number,instance_00003,Slot-Filling-Accuracy,1.0
3053,privateshared,Qwen3.6-35B-A3B-FP8-without-reasoning,letter-number,instance_00003,Main Score,67.46987951807229
3054,privateshared,Qwen3.6-35B-A3B-FP8-without-reasoning,letter-number,instance_00003,Aborted,0
3055,privateshared,Qwen3.6-35B-A3B-FP8-without-reasoning,letter-number,instance_00003,Lose,1
3056,privateshared,Qwen3.6-35B-A3B-FP8-without-reasoning,letter-number,instance_00003,Success,0
3057,privateshared,Qwen3.6-35B-A3B-FP8-without-reasoning,letter-number,instance_00003,Request Count,120
3058,privateshared,Qwen3.6-35B-A3B-FP8-without-reasoning,letter-number,instance_00003,Parsed Request Count,120
3059,privateshared,Qwen3.6-35B-A3B-FP8-without-reasoning,letter-number,instance_00003,Violated Request Count,0
3060,privateshared,Qwen3.6-35B-A3B-FP8-without-reasoning,letter-number,instance_00003,Request Success Ratio,1.0
3061,privateshared,Qwen3.6-35B-A3B-FP8-without-reasoning,letter-number,instance_00004,Middle-Accuracy,0.6
3062,privateshared,Qwen3.6-35B-A3B-FP8-without-reasoning,letter-number,instance_00004,Accuracy,0.5
3063,privateshared,Qwen3.6-35B-A3B-FP8-without-reasoning,letter-number,instance_00004,Kappa,0.0
3064,privateshared,Qwen3.6-35B-A3B-FP8-without-reasoning,letter-number,instance_00004,Truncated Kappa,0
3065,privateshared,Qwen3.6-35B-A3B-FP8-without-reasoning,letter-number,instance_00004,Slot-Filling-Accuracy,1.0
3066,privateshared,Qwen3.6-35B-A3B-FP8-without-reasoning,letter-number,instance_00004,Main Score,0.0
3067,privateshared,Qwen3.6-35B-A3B-FP8-without-reasoning,letter-number,instance_00004,Aborted,0
3068,privateshared,Qwen3.6-35B-A3B-FP8-without-reasoning,letter-number,instance_00004,Lose,1
3069,privateshared,Qwen3.6-35B-A3B-FP8-without-reasoning,letter-number,instance_00004,Success,0
3070,privateshared,Qwen3.6-35B-A3B-FP8-without-reasoning,letter-number,instance_00004,Request Count,120
3071,privateshared,Qwen3.6-35B-A3B-FP8-without-reasoning,letter-number,instance_00004,Parsed Request Count,120
3072,privateshared,Qwen3.6-35B-A3B-FP8-without-reasoning,letter-number,instance_00004,Violated Request Count,0
3073,privateshared,Qwen3.6-35B-A3B-FP8-without-reasoning,letter-number,instance_00004,Request Success Ratio,1.0
3074,privateshared,Qwen3.6-35B-A3B-FP8-without-reasoning,letter-number,instance_00001,Middle-Accuracy,0.6
3075,privateshared,Qwen3.6-35B-A3B-FP8-without-reasoning,letter-number,instance_00001,Accuracy,0.509090909090909
3076,privateshared,Qwen3.6-35B-A3B-FP8-without-reasoning,letter-number,instance_00001,Kappa,0.018181818181818188
3077,privateshared,Qwen3.6-35B-A3B-FP8-without-reasoning,letter-number,instance_00001,Truncated Kappa,0.018181818181818188
3078,privateshared,Qwen3.6-35B-A3B-FP8-without-reasoning,letter-number,instance_00001,Slot-Filling-Accuracy,1.0
3079,privateshared,Qwen3.6-35B-A3B-FP8-without-reasoning,letter-number,instance_00001,Main Score,3.5714285714285734
3080,privateshared,Qwen3.6-35B-A3B-FP8-without-reasoning,letter-number,instance_00001,Aborted,0
3081,privateshared,Qwen3.6-35B-A3B-FP8-without-reasoning,letter-number,instance_00001,Lose,1
3082,privateshared,Qwen3.6-35B-A3B-FP8-without-reasoning,letter-number,instance_00001,Success,0
3083,privateshared,Qwen3.6-35B-A3B-FP8-without-reasoning,letter-number,instance_00001,Request Count,120
3084,privateshared,Qwen3.6-35B-A3B-FP8-without-reasoning,letter-number,instance_00001,Parsed Request Count,120
3085,privateshared,Qwen3.6-35B-A3B-FP8-without-reasoning,letter-number,instance_00001,Violated Request Count,0
3086,privateshared,Qwen3.6-35B-A3B-FP8-without-reasoning,letter-number,instance_00001,Request Success Ratio,1.0
3087,privateshared,Qwen3.6-35B-A3B-FP8-without-reasoning,letter-number,instance_00000,Middle-Accuracy,0.6
3088,privateshared,Qwen3.6-35B-A3B-FP8-without-reasoning,letter-number,instance_00000,Accuracy,0.7
3089,privateshared,Qwen3.6-35B-A3B-FP8-without-reasoning,letter-number,instance_00000,Kappa,0.4
3090,privateshared,Qwen3.6-35B-A3B-FP8-without-reasoning,letter-number,instance_00000,Truncated Kappa,0.4
3091,privateshared,Qwen3.6-35B-A3B-FP8-without-reasoning,letter-number,instance_00000,Slot-Filling-Accuracy,1.0
3092,privateshared,Qwen3.6-35B-A3B-FP8-without-reasoning,letter-number,instance_00000,Main Score,57.14285714285715
3093,privateshared,Qwen3.6-35B-A3B-FP8-without-reasoning,letter-number,instance_00000,Aborted,0
3094,privateshared,Qwen3.6-35B-A3B-FP8-without-reasoning,letter-number,instance_00000,Lose,1
3095,privateshared,Qwen3.6-35B-A3B-FP8-without-reasoning,letter-number,instance_00000,Success,0
3096,privateshared,Qwen3.6-35B-A3B-FP8-without-reasoning,letter-number,instance_00000,Request Count,120
3097,privateshared,Qwen3.6-35B-A3B-FP8-without-reasoning,letter-number,instance_00000,Parsed Request Count,120
3098,privateshared,Qwen3.6-35B-A3B-FP8-without-reasoning,letter-number,instance_00000,Violated Request Count,0
3099,privateshared,Qwen3.6-35B-A3B-FP8-without-reasoning,letter-number,instance_00000,Request Success Ratio,1.0
3100,dond,Qwen3.6-35B-A3B-FP8-without-reasoning,semi,instance_00005,Request Count,3
3101,dond,Qwen3.6-35B-A3B-FP8-without-reasoning,semi,instance_00005,Parsed Request Count,3
3102,dond,Qwen3.6-35B-A3B-FP8-without-reasoning,semi,instance_00005,Violated Request Count,0
3103,dond,Qwen3.6-35B-A3B-FP8-without-reasoning,semi,instance_00005,Request Success Ratio,1.0
3104,dond,Qwen3.6-35B-A3B-FP8-without-reasoning,semi,instance_00005,Aborted,0
3105,dond,Qwen3.6-35B-A3B-FP8-without-reasoning,semi,instance_00005,Lose,1
3106,dond,Qwen3.6-35B-A3B-FP8-without-reasoning,semi,instance_00005,Success,0
3107,dond,Qwen3.6-35B-A3B-FP8-without-reasoning,semi,instance_00005,Main Score,0.0
3108,dond,Qwen3.6-35B-A3B-FP8-without-reasoning,semi,instance_00005,Sum of Points,0.0
3109,dond,Qwen3.6-35B-A3B-FP8-without-reasoning,semi,instance_00005,Pareto Optimal,0
3110,dond,Qwen3.6-35B-A3B-FP8-without-reasoning,semi,instance_00002,Request Count,4
3111,dond,Qwen3.6-35B-A3B-FP8-without-reasoning,semi,instance_00002,Parsed Request Count,4
3112,dond,Qwen3.6-35B-A3B-FP8-without-reasoning,semi,instance_00002,Violated Request Count,0
3113,dond,Qwen3.6-35B-A3B-FP8-without-reasoning,semi,instance_00002,Request Success Ratio,1.0
3114,dond,Qwen3.6-35B-A3B-FP8-without-reasoning,semi,instance_00002,Aborted,0
3115,dond,Qwen3.6-35B-A3B-FP8-without-reasoning,semi,instance_00002,Lose,1
3116,dond,Qwen3.6-35B-A3B-FP8-without-reasoning,semi,instance_00002,Success,0
3117,dond,Qwen3.6-35B-A3B-FP8-without-reasoning,semi,instance_00002,Main Score,0.0
3118,dond,Qwen3.6-35B-A3B-FP8-without-reasoning,semi,instance_00002,Sum of Points,0.0
3119,dond,Qwen3.6-35B-A3B-FP8-without-reasoning,semi,instance_00002,Pareto Optimal,0
3120,dond,Qwen3.6-35B-A3B-FP8-without-reasoning,semi,instance_00003,Request Count,7
3121,dond,Qwen3.6-35B-A3B-FP8-without-reasoning,semi,instance_00003,Parsed Request Count,7
3122,dond,Qwen3.6-35B-A3B-FP8-without-reasoning,semi,instance_00003,Violated Request Count,0
3123,dond,Qwen3.6-35B-A3B-FP8-without-reasoning,semi,instance_00003,Request Success Ratio,1.0
3124,dond,Qwen3.6-35B-A3B-FP8-without-reasoning,semi,instance_00003,Aborted,0
3125,dond,Qwen3.6-35B-A3B-FP8-without-reasoning,semi,instance_00003,Lose,0
3126,dond,Qwen3.6-35B-A3B-FP8-without-reasoning,semi,instance_00003,Success,1
3127,dond,Qwen3.6-35B-A3B-FP8-without-reasoning,semi,instance_00003,Main Score,80.0
3128,dond,Qwen3.6-35B-A3B-FP8-without-reasoning,semi,instance_00003,Sum of Points,0.8571428571428571
3129,dond,Qwen3.6-35B-A3B-FP8-without-reasoning,semi,instance_00003,Pareto Optimal,0
3130,dond,Qwen3.6-35B-A3B-FP8-without-reasoning,semi,instance_00004,Request Count,4
3131,dond,Qwen3.6-35B-A3B-FP8-without-reasoning,semi,instance_00004,Parsed Request Count,4
3132,dond,Qwen3.6-35B-A3B-FP8-without-reasoning,semi,instance_00004,Violated Request Count,0
3133,dond,Qwen3.6-35B-A3B-FP8-without-reasoning,semi,instance_00004,Request Success Ratio,1.0
3134,dond,Qwen3.6-35B-A3B-FP8-without-reasoning,semi,instance_00004,Aborted,0
3135,dond,Qwen3.6-35B-A3B-FP8-without-reasoning,semi,instance_00004,Lose,0
3136,dond,Qwen3.6-35B-A3B-FP8-without-reasoning,semi,instance_00004,Success,1
3137,dond,Qwen3.6-35B-A3B-FP8-without-reasoning,semi,instance_00004,Main Score,100.0
3138,dond,Qwen3.6-35B-A3B-FP8-without-reasoning,semi,instance_00004,Sum of Points,1.0
3139,dond,Qwen3.6-35B-A3B-FP8-without-reasoning,semi,instance_00004,Pareto Optimal,1
3140,dond,Qwen3.6-35B-A3B-FP8-without-reasoning,semi,instance_00017,Request Count,2
3141,dond,Qwen3.6-35B-A3B-FP8-without-reasoning,semi,instance_00017,Parsed Request Count,2
3142,dond,Qwen3.6-35B-A3B-FP8-without-reasoning,semi,instance_00017,Violated Request Count,0
3143,dond,Qwen3.6-35B-A3B-FP8-without-reasoning,semi,instance_00017,Request Success Ratio,1.0
3144,dond,Qwen3.6-35B-A3B-FP8-without-reasoning,semi,instance_00017,Aborted,0
3145,dond,Qwen3.6-35B-A3B-FP8-without-reasoning,semi,instance_00017,Lose,1
3146,dond,Qwen3.6-35B-A3B-FP8-without-reasoning,semi,instance_00017,Success,0
3147,dond,Qwen3.6-35B-A3B-FP8-without-reasoning,semi,instance_00017,Main Score,0.0
3148,dond,Qwen3.6-35B-A3B-FP8-without-reasoning,semi,instance_00017,Sum of Points,0.0
3149,dond,Qwen3.6-35B-A3B-FP8-without-reasoning,semi,instance_00017,Pareto Optimal,0
3150,dond,Qwen3.6-35B-A3B-FP8-without-reasoning,semi,instance_00010,Request Count,5
3151,dond,Qwen3.6-35B-A3B-FP8-without-reasoning,semi,instance_00010,Parsed Request Count,5
3152,dond,Qwen3.6-35B-A3B-FP8-without-reasoning,semi,instance_00010,Violated Request Count,0
3153,dond,Qwen3.6-35B-A3B-FP8-without-reasoning,semi,instance_00010,Request Success Ratio,1.0
3154,dond,Qwen3.6-35B-A3B-FP8-without-reasoning,semi,instance_00010,Aborted,0
3155,dond,Qwen3.6-35B-A3B-FP8-without-reasoning,semi,instance_00010,Lose,1
3156,dond,Qwen3.6-35B-A3B-FP8-without-reasoning,semi,instance_00010,Success,0
3157,dond,Qwen3.6-35B-A3B-FP8-without-reasoning,semi,instance_00010,Main Score,0.0
3158,dond,Qwen3.6-35B-A3B-FP8-without-reasoning,semi,instance_00010,Sum of Points,0.0
3159,dond,Qwen3.6-35B-A3B-FP8-without-reasoning,semi,instance_00010,Pareto Optimal,0
3160,dond,Qwen3.6-35B-A3B-FP8-without-reasoning,semi,instance_00019,Request Count,4
3161,dond,Qwen3.6-35B-A3B-FP8-without-reasoning,semi,instance_00019,Parsed Request Count,4
3162,dond,Qwen3.6-35B-A3B-FP8-without-reasoning,semi,instance_00019,Violated Request Count,0
3163,dond,Qwen3.6-35B-A3B-FP8-without-reasoning,semi,instance_00019,Request Success Ratio,1.0
3164,dond,Qwen3.6-35B-A3B-FP8-without-reasoning,semi,instance_00019,Aborted,1
3165,dond,Qwen3.6-35B-A3B-FP8-without-reasoning,semi,instance_00019,Lose,0
3166,dond,Qwen3.6-35B-A3B-FP8-without-reasoning,semi,instance_00019,Success,0
3167,dond,Qwen3.6-35B-A3B-FP8-without-reasoning,semi,instance_00019,Main Score,
3168,dond,Qwen3.6-35B-A3B-FP8-without-reasoning,semi,instance_00018,Request Count,2
3169,dond,Qwen3.6-35B-A3B-FP8-without-reasoning,semi,instance_00018,Parsed Request Count,1
3170,dond,Qwen3.6-35B-A3B-FP8-without-reasoning,semi,instance_00018,Violated Request Count,1
3171,dond,Qwen3.6-35B-A3B-FP8-without-reasoning,semi,instance_00018,Request Success Ratio,0.5
3172,dond,Qwen3.6-35B-A3B-FP8-without-reasoning,semi,instance_00018,Aborted,1
3173,dond,Qwen3.6-35B-A3B-FP8-without-reasoning,semi,instance_00018,Lose,0
3174,dond,Qwen3.6-35B-A3B-FP8-without-reasoning,semi,instance_00018,Success,0
3175,dond,Qwen3.6-35B-A3B-FP8-without-reasoning,semi,instance_00018,Main Score,
3176,dond,Qwen3.6-35B-A3B-FP8-without-reasoning,semi,instance_00011,Request Count,4
3177,dond,Qwen3.6-35B-A3B-FP8-without-reasoning,semi,instance_00011,Parsed Request Count,4
3178,dond,Qwen3.6-35B-A3B-FP8-without-reasoning,semi,instance_00011,Violated Request Count,0
3179,dond,Qwen3.6-35B-A3B-FP8-without-reasoning,semi,instance_00011,Request Success Ratio,1.0
3180,dond,Qwen3.6-35B-A3B-FP8-without-reasoning,semi,instance_00011,Aborted,0
3181,dond,Qwen3.6-35B-A3B-FP8-without-reasoning,semi,instance_00011,Lose,1
3182,dond,Qwen3.6-35B-A3B-FP8-without-reasoning,semi,instance_00011,Success,0
3183,dond,Qwen3.6-35B-A3B-FP8-without-reasoning,semi,instance_00011,Main Score,0.0
3184,dond,Qwen3.6-35B-A3B-FP8-without-reasoning,semi,instance_00011,Sum of Points,0.0
3185,dond,Qwen3.6-35B-A3B-FP8-without-reasoning,semi,instance_00011,Pareto Optimal,0
3186,dond,Qwen3.6-35B-A3B-FP8-without-reasoning,semi,instance_00016,Request Count,4
3187,dond,Qwen3.6-35B-A3B-FP8-without-reasoning,semi,instance_00016,Parsed Request Count,4
3188,dond,Qwen3.6-35B-A3B-FP8-without-reasoning,semi,instance_00016,Violated Request Count,0
3189,dond,Qwen3.6-35B-A3B-FP8-without-reasoning,semi,instance_00016,Request Success Ratio,1.0
3190,dond,Qwen3.6-35B-A3B-FP8-without-reasoning,semi,instance_00016,Aborted,0
3191,dond,Qwen3.6-35B-A3B-FP8-without-reasoning,semi,instance_00016,Lose,1
3192,dond,Qwen3.6-35B-A3B-FP8-without-reasoning,semi,instance_00016,Success,0
3193,dond,Qwen3.6-35B-A3B-FP8-without-reasoning,semi,instance_00016,Main Score,0.0
3194,dond,Qwen3.6-35B-A3B-FP8-without-reasoning,semi,instance_00016,Sum of Points,0.0
3195,dond,Qwen3.6-35B-A3B-FP8-without-reasoning,semi,instance_00016,Pareto Optimal,0
3196,dond,Qwen3.6-35B-A3B-FP8-without-reasoning,semi,instance_00008,Request Count,6
3197,dond,Qwen3.6-35B-A3B-FP8-without-reasoning,semi,instance_00008,Parsed Request Count,6
3198,dond,Qwen3.6-35B-A3B-FP8-without-reasoning,semi,instance_00008,Violated Request Count,0
3199,dond,Qwen3.6-35B-A3B-FP8-without-reasoning,semi,instance_00008,Request Success Ratio,1.0
3200,dond,Qwen3.6-35B-A3B-FP8-without-reasoning,semi,instance_00008,Aborted,0
3201,dond,Qwen3.6-35B-A3B-FP8-without-reasoning,semi,instance_00008,Lose,0
3202,dond,Qwen3.6-35B-A3B-FP8-without-reasoning,semi,instance_00008,Success,1
3203,dond,Qwen3.6-35B-A3B-FP8-without-reasoning,semi,instance_00008,Main Score,80.0
3204,dond,Qwen3.6-35B-A3B-FP8-without-reasoning,semi,instance_00008,Sum of Points,0.875
3205,dond,Qwen3.6-35B-A3B-FP8-without-reasoning,semi,instance_00008,Pareto Optimal,0
3206,dond,Qwen3.6-35B-A3B-FP8-without-reasoning,semi,instance_00001,Request Count,4
3207,dond,Qwen3.6-35B-A3B-FP8-without-reasoning,semi,instance_00001,Parsed Request Count,4
3208,dond,Qwen3.6-35B-A3B-FP8-without-reasoning,semi,instance_00001,Violated Request Count,0
3209,dond,Qwen3.6-35B-A3B-FP8-without-reasoning,semi,instance_00001,Request Success Ratio,1.0
3210,dond,Qwen3.6-35B-A3B-FP8-without-reasoning,semi,instance_00001,Aborted,0
3211,dond,Qwen3.6-35B-A3B-FP8-without-reasoning,semi,instance_00001,Lose,0
3212,dond,Qwen3.6-35B-A3B-FP8-without-reasoning,semi,instance_00001,Success,1
3213,dond,Qwen3.6-35B-A3B-FP8-without-reasoning,semi,instance_00001,Main Score,80.0
3214,dond,Qwen3.6-35B-A3B-FP8-without-reasoning,semi,instance_00001,Sum of Points,0.8571428571428571
3215,dond,Qwen3.6-35B-A3B-FP8-without-reasoning,semi,instance_00001,Pareto Optimal,0
3216,dond,Qwen3.6-35B-A3B-FP8-without-reasoning,semi,instance_00006,Request Count,5
3217,dond,Qwen3.6-35B-A3B-FP8-without-reasoning,semi,instance_00006,Parsed Request Count,5
3218,dond,Qwen3.6-35B-A3B-FP8-without-reasoning,semi,instance_00006,Violated Request Count,0
3219,dond,Qwen3.6-35B-A3B-FP8-without-reasoning,semi,instance_00006,Request Success Ratio,1.0
3220,dond,Qwen3.6-35B-A3B-FP8-without-reasoning,semi,instance_00006,Aborted,0
3221,dond,Qwen3.6-35B-A3B-FP8-without-reasoning,semi,instance_00006,Lose,1
3222,dond,Qwen3.6-35B-A3B-FP8-without-reasoning,semi,instance_00006,Success,0
3223,dond,Qwen3.6-35B-A3B-FP8-without-reasoning,semi,instance_00006,Main Score,0.0
3224,dond,Qwen3.6-35B-A3B-FP8-without-reasoning,semi,instance_00006,Sum of Points,0.0
3225,dond,Qwen3.6-35B-A3B-FP8-without-reasoning,semi,instance_00006,Pareto Optimal,0
3226,dond,Qwen3.6-35B-A3B-FP8-without-reasoning,semi,instance_00007,Request Count,3
3227,dond,Qwen3.6-35B-A3B-FP8-without-reasoning,semi,instance_00007,Parsed Request Count,3
3228,dond,Qwen3.6-35B-A3B-FP8-without-reasoning,semi,instance_00007,Violated Request Count,0
3229,dond,Qwen3.6-35B-A3B-FP8-without-reasoning,semi,instance_00007,Request Success Ratio,1.0
3230,dond,Qwen3.6-35B-A3B-FP8-without-reasoning,semi,instance_00007,Aborted,0
3231,dond,Qwen3.6-35B-A3B-FP8-without-reasoning,semi,instance_00007,Lose,0
3232,dond,Qwen3.6-35B-A3B-FP8-without-reasoning,semi,instance_00007,Success,1
3233,dond,Qwen3.6-35B-A3B-FP8-without-reasoning,semi,instance_00007,Main Score,100.0
3234,dond,Qwen3.6-35B-A3B-FP8-without-reasoning,semi,instance_00007,Sum of Points,1.0
3235,dond,Qwen3.6-35B-A3B-FP8-without-reasoning,semi,instance_00007,Pareto Optimal,1
3236,dond,Qwen3.6-35B-A3B-FP8-without-reasoning,semi,instance_00000,Request Count,4
3237,dond,Qwen3.6-35B-A3B-FP8-without-reasoning,semi,instance_00000,Parsed Request Count,4
3238,dond,Qwen3.6-35B-A3B-FP8-without-reasoning,semi,instance_00000,Violated Request Count,0
3239,dond,Qwen3.6-35B-A3B-FP8-without-reasoning,semi,instance_00000,Request Success Ratio,1.0
3240,dond,Qwen3.6-35B-A3B-FP8-without-reasoning,semi,instance_00000,Aborted,0
3241,dond,Qwen3.6-35B-A3B-FP8-without-reasoning,semi,instance_00000,Lose,0
3242,dond,Qwen3.6-35B-A3B-FP8-without-reasoning,semi,instance_00000,Success,1
3243,dond,Qwen3.6-35B-A3B-FP8-without-reasoning,semi,instance_00000,Main Score,80.0
3244,dond,Qwen3.6-35B-A3B-FP8-without-reasoning,semi,instance_00000,Sum of Points,0.8823529411764706
3245,dond,Qwen3.6-35B-A3B-FP8-without-reasoning,semi,instance_00000,Pareto Optimal,0
3246,dond,Qwen3.6-35B-A3B-FP8-without-reasoning,semi,instance_00009,Request Count,6
3247,dond,Qwen3.6-35B-A3B-FP8-without-reasoning,semi,instance_00009,Parsed Request Count,6
3248,dond,Qwen3.6-35B-A3B-FP8-without-reasoning,semi,instance_00009,Violated Request Count,0
3249,dond,Qwen3.6-35B-A3B-FP8-without-reasoning,semi,instance_00009,Request Success Ratio,1.0
3250,dond,Qwen3.6-35B-A3B-FP8-without-reasoning,semi,instance_00009,Aborted,0
3251,dond,Qwen3.6-35B-A3B-FP8-without-reasoning,semi,instance_00009,Lose,0
3252,dond,Qwen3.6-35B-A3B-FP8-without-reasoning,semi,instance_00009,Success,1
3253,dond,Qwen3.6-35B-A3B-FP8-without-reasoning,semi,instance_00009,Main Score,70.0
3254,dond,Qwen3.6-35B-A3B-FP8-without-reasoning,semi,instance_00009,Sum of Points,0.7857142857142857
3255,dond,Qwen3.6-35B-A3B-FP8-without-reasoning,semi,instance_00009,Pareto Optimal,0
3256,dond,Qwen3.6-35B-A3B-FP8-without-reasoning,semi,instance_00013,Request Count,3
3257,dond,Qwen3.6-35B-A3B-FP8-without-reasoning,semi,instance_00013,Parsed Request Count,3
3258,dond,Qwen3.6-35B-A3B-FP8-without-reasoning,semi,instance_00013,Violated Request Count,0
3259,dond,Qwen3.6-35B-A3B-FP8-without-reasoning,semi,instance_00013,Request Success Ratio,1.0
3260,dond,Qwen3.6-35B-A3B-FP8-without-reasoning,semi,instance_00013,Aborted,0
3261,dond,Qwen3.6-35B-A3B-FP8-without-reasoning,semi,instance_00013,Lose,1
3262,dond,Qwen3.6-35B-A3B-FP8-without-reasoning,semi,instance_00013,Success,0
3263,dond,Qwen3.6-35B-A3B-FP8-without-reasoning,semi,instance_00013,Main Score,0.0
3264,dond,Qwen3.6-35B-A3B-FP8-without-reasoning,semi,instance_00013,Sum of Points,0.0
3265,dond,Qwen3.6-35B-A3B-FP8-without-reasoning,semi,instance_00013,Pareto Optimal,0
3266,dond,Qwen3.6-35B-A3B-FP8-without-reasoning,semi,instance_00014,Request Count,3
3267,dond,Qwen3.6-35B-A3B-FP8-without-reasoning,semi,instance_00014,Parsed Request Count,3
3268,dond,Qwen3.6-35B-A3B-FP8-without-reasoning,semi,instance_00014,Violated Request Count,0
3269,dond,Qwen3.6-35B-A3B-FP8-without-reasoning,semi,instance_00014,Request Success Ratio,1.0
3270,dond,Qwen3.6-35B-A3B-FP8-without-reasoning,semi,instance_00014,Aborted,0
3271,dond,Qwen3.6-35B-A3B-FP8-without-reasoning,semi,instance_00014,Lose,1
3272,dond,Qwen3.6-35B-A3B-FP8-without-reasoning,semi,instance_00014,Success,0
3273,dond,Qwen3.6-35B-A3B-FP8-without-reasoning,semi,instance_00014,Main Score,0.0
3274,dond,Qwen3.6-35B-A3B-FP8-without-reasoning,semi,instance_00014,Sum of Points,0.0
3275,dond,Qwen3.6-35B-A3B-FP8-without-reasoning,semi,instance_00014,Pareto Optimal,0
3276,dond,Qwen3.6-35B-A3B-FP8-without-reasoning,semi,instance_00015,Request Count,3
3277,dond,Qwen3.6-35B-A3B-FP8-without-reasoning,semi,instance_00015,Parsed Request Count,3
3278,dond,Qwen3.6-35B-A3B-FP8-without-reasoning,semi,instance_00015,Violated Request Count,0
3279,dond,Qwen3.6-35B-A3B-FP8-without-reasoning,semi,instance_00015,Request Success Ratio,1.0
3280,dond,Qwen3.6-35B-A3B-FP8-without-reasoning,semi,instance_00015,Aborted,0
3281,dond,Qwen3.6-35B-A3B-FP8-without-reasoning,semi,instance_00015,Lose,0
3282,dond,Qwen3.6-35B-A3B-FP8-without-reasoning,semi,instance_00015,Success,1
3283,dond,Qwen3.6-35B-A3B-FP8-without-reasoning,semi,instance_00015,Main Score,100.0
3284,dond,Qwen3.6-35B-A3B-FP8-without-reasoning,semi,instance_00015,Sum of Points,1.0
3285,dond,Qwen3.6-35B-A3B-FP8-without-reasoning,semi,instance_00015,Pareto Optimal,1
3286,dond,Qwen3.6-35B-A3B-FP8-without-reasoning,semi,instance_00012,Request Count,4
3287,dond,Qwen3.6-35B-A3B-FP8-without-reasoning,semi,instance_00012,Parsed Request Count,4
3288,dond,Qwen3.6-35B-A3B-FP8-without-reasoning,semi,instance_00012,Violated Request Count,0
3289,dond,Qwen3.6-35B-A3B-FP8-without-reasoning,semi,instance_00012,Request Success Ratio,1.0
3290,dond,Qwen3.6-35B-A3B-FP8-without-reasoning,semi,instance_00012,Aborted,0
3291,dond,Qwen3.6-35B-A3B-FP8-without-reasoning,semi,instance_00012,Lose,0
3292,dond,Qwen3.6-35B-A3B-FP8-without-reasoning,semi,instance_00012,Success,1
3293,dond,Qwen3.6-35B-A3B-FP8-without-reasoning,semi,instance_00012,Main Score,100.0
3294,dond,Qwen3.6-35B-A3B-FP8-without-reasoning,semi,instance_00012,Sum of Points,1.0
3295,dond,Qwen3.6-35B-A3B-FP8-without-reasoning,semi,instance_00012,Pareto Optimal,1
3296,dond,Qwen3.6-35B-A3B-FP8-without-reasoning,coop,instance_00005,Request Count,4
3297,dond,Qwen3.6-35B-A3B-FP8-without-reasoning,coop,instance_00005,Parsed Request Count,4
3298,dond,Qwen3.6-35B-A3B-FP8-without-reasoning,coop,instance_00005,Violated Request Count,0
3299,dond,Qwen3.6-35B-A3B-FP8-without-reasoning,coop,instance_00005,Request Success Ratio,1.0
3300,dond,Qwen3.6-35B-A3B-FP8-without-reasoning,coop,instance_00005,Aborted,0
3301,dond,Qwen3.6-35B-A3B-FP8-without-reasoning,coop,instance_00005,Lose,0
3302,dond,Qwen3.6-35B-A3B-FP8-without-reasoning,coop,instance_00005,Success,1
3303,dond,Qwen3.6-35B-A3B-FP8-without-reasoning,coop,instance_00005,Main Score,100.0
3304,dond,Qwen3.6-35B-A3B-FP8-without-reasoning,coop,instance_00005,Sum of Points,1.0
3305,dond,Qwen3.6-35B-A3B-FP8-without-reasoning,coop,instance_00005,Pareto Optimal,1
3306,dond,Qwen3.6-35B-A3B-FP8-without-reasoning,coop,instance_00002,Request Count,6
3307,dond,Qwen3.6-35B-A3B-FP8-without-reasoning,coop,instance_00002,Parsed Request Count,6
3308,dond,Qwen3.6-35B-A3B-FP8-without-reasoning,coop,instance_00002,Violated Request Count,0
3309,dond,Qwen3.6-35B-A3B-FP8-without-reasoning,coop,instance_00002,Request Success Ratio,1.0
3310,dond,Qwen3.6-35B-A3B-FP8-without-reasoning,coop,instance_00002,Aborted,0
3311,dond,Qwen3.6-35B-A3B-FP8-without-reasoning,coop,instance_00002,Lose,0
3312,dond,Qwen3.6-35B-A3B-FP8-without-reasoning,coop,instance_00002,Success,1
3313,dond,Qwen3.6-35B-A3B-FP8-without-reasoning,coop,instance_00002,Main Score,100.0
3314,dond,Qwen3.6-35B-A3B-FP8-without-reasoning,coop,instance_00002,Sum of Points,1.0
3315,dond,Qwen3.6-35B-A3B-FP8-without-reasoning,coop,instance_00002,Pareto Optimal,1
3316,dond,Qwen3.6-35B-A3B-FP8-without-reasoning,coop,instance_00003,Request Count,3
3317,dond,Qwen3.6-35B-A3B-FP8-without-reasoning,coop,instance_00003,Parsed Request Count,3
3318,dond,Qwen3.6-35B-A3B-FP8-without-reasoning,coop,instance_00003,Violated Request Count,0
3319,dond,Qwen3.6-35B-A3B-FP8-without-reasoning,coop,instance_00003,Request Success Ratio,1.0
3320,dond,Qwen3.6-35B-A3B-FP8-without-reasoning,coop,instance_00003,Aborted,0
3321,dond,Qwen3.6-35B-A3B-FP8-without-reasoning,coop,instance_00003,Lose,1
3322,dond,Qwen3.6-35B-A3B-FP8-without-reasoning,coop,instance_00003,Success,0
3323,dond,Qwen3.6-35B-A3B-FP8-without-reasoning,coop,instance_00003,Main Score,0.0
3324,dond,Qwen3.6-35B-A3B-FP8-without-reasoning,coop,instance_00003,Sum of Points,0.0
3325,dond,Qwen3.6-35B-A3B-FP8-without-reasoning,coop,instance_00003,Pareto Optimal,0
3326,dond,Qwen3.6-35B-A3B-FP8-without-reasoning,coop,instance_00004,Request Count,3
3327,dond,Qwen3.6-35B-A3B-FP8-without-reasoning,coop,instance_00004,Parsed Request Count,3
3328,dond,Qwen3.6-35B-A3B-FP8-without-reasoning,coop,instance_00004,Violated Request Count,0
3329,dond,Qwen3.6-35B-A3B-FP8-without-reasoning,coop,instance_00004,Request Success Ratio,1.0
3330,dond,Qwen3.6-35B-A3B-FP8-without-reasoning,coop,instance_00004,Aborted,0
3331,dond,Qwen3.6-35B-A3B-FP8-without-reasoning,coop,instance_00004,Lose,0
3332,dond,Qwen3.6-35B-A3B-FP8-without-reasoning,coop,instance_00004,Success,1
3333,dond,Qwen3.6-35B-A3B-FP8-without-reasoning,coop,instance_00004,Main Score,100.0
3334,dond,Qwen3.6-35B-A3B-FP8-without-reasoning,coop,instance_00004,Sum of Points,1.0
3335,dond,Qwen3.6-35B-A3B-FP8-without-reasoning,coop,instance_00004,Pareto Optimal,1
3336,dond,Qwen3.6-35B-A3B-FP8-without-reasoning,coop,instance_00017,Request Count,3
3337,dond,Qwen3.6-35B-A3B-FP8-without-reasoning,coop,instance_00017,Parsed Request Count,3
3338,dond,Qwen3.6-35B-A3B-FP8-without-reasoning,coop,instance_00017,Violated Request Count,0
3339,dond,Qwen3.6-35B-A3B-FP8-without-reasoning,coop,instance_00017,Request Success Ratio,1.0
3340,dond,Qwen3.6-35B-A3B-FP8-without-reasoning,coop,instance_00017,Aborted,0
3341,dond,Qwen3.6-35B-A3B-FP8-without-reasoning,coop,instance_00017,Lose,0
3342,dond,Qwen3.6-35B-A3B-FP8-without-reasoning,coop,instance_00017,Success,1
3343,dond,Qwen3.6-35B-A3B-FP8-without-reasoning,coop,instance_00017,Main Score,100.0
3344,dond,Qwen3.6-35B-A3B-FP8-without-reasoning,coop,instance_00017,Sum of Points,1.0
3345,dond,Qwen3.6-35B-A3B-FP8-without-reasoning,coop,instance_00017,Pareto Optimal,1
3346,dond,Qwen3.6-35B-A3B-FP8-without-reasoning,coop,instance_00010,Request Count,4
3347,dond,Qwen3.6-35B-A3B-FP8-without-reasoning,coop,instance_00010,Parsed Request Count,4
3348,dond,Qwen3.6-35B-A3B-FP8-without-reasoning,coop,instance_00010,Violated Request Count,0
3349,dond,Qwen3.6-35B-A3B-FP8-without-reasoning,coop,instance_00010,Request Success Ratio,1.0
3350,dond,Qwen3.6-35B-A3B-FP8-without-reasoning,coop,instance_00010,Aborted,0
3351,dond,Qwen3.6-35B-A3B-FP8-without-reasoning,coop,instance_00010,Lose,0
3352,dond,Qwen3.6-35B-A3B-FP8-without-reasoning,coop,instance_00010,Success,1
3353,dond,Qwen3.6-35B-A3B-FP8-without-reasoning,coop,instance_00010,Main Score,100.0
3354,dond,Qwen3.6-35B-A3B-FP8-without-reasoning,coop,instance_00010,Sum of Points,1.0
3355,dond,Qwen3.6-35B-A3B-FP8-without-reasoning,coop,instance_00010,Pareto Optimal,1
3356,dond,Qwen3.6-35B-A3B-FP8-without-reasoning,coop,instance_00019,Request Count,3
3357,dond,Qwen3.6-35B-A3B-FP8-without-reasoning,coop,instance_00019,Parsed Request Count,3
3358,dond,Qwen3.6-35B-A3B-FP8-without-reasoning,coop,instance_00019,Violated Request Count,0
3359,dond,Qwen3.6-35B-A3B-FP8-without-reasoning,coop,instance_00019,Request Success Ratio,1.0
3360,dond,Qwen3.6-35B-A3B-FP8-without-reasoning,coop,instance_00019,Aborted,0
3361,dond,Qwen3.6-35B-A3B-FP8-without-reasoning,coop,instance_00019,Lose,0
3362,dond,Qwen3.6-35B-A3B-FP8-without-reasoning,coop,instance_00019,Success,1
3363,dond,Qwen3.6-35B-A3B-FP8-without-reasoning,coop,instance_00019,Main Score,100.0
3364,dond,Qwen3.6-35B-A3B-FP8-without-reasoning,coop,instance_00019,Sum of Points,1.0
3365,dond,Qwen3.6-35B-A3B-FP8-without-reasoning,coop,instance_00019,Pareto Optimal,1
3366,dond,Qwen3.6-35B-A3B-FP8-without-reasoning,coop,instance_00018,Request Count,4
3367,dond,Qwen3.6-35B-A3B-FP8-without-reasoning,coop,instance_00018,Parsed Request Count,4
3368,dond,Qwen3.6-35B-A3B-FP8-without-reasoning,coop,instance_00018,Violated Request Count,0
3369,dond,Qwen3.6-35B-A3B-FP8-without-reasoning,coop,instance_00018,Request Success Ratio,1.0
3370,dond,Qwen3.6-35B-A3B-FP8-without-reasoning,coop,instance_00018,Aborted,0
3371,dond,Qwen3.6-35B-A3B-FP8-without-reasoning,coop,instance_00018,Lose,1
3372,dond,Qwen3.6-35B-A3B-FP8-without-reasoning,coop,instance_00018,Success,0
3373,dond,Qwen3.6-35B-A3B-FP8-without-reasoning,coop,instance_00018,Main Score,0.0
3374,dond,Qwen3.6-35B-A3B-FP8-without-reasoning,coop,instance_00018,Sum of Points,0.0
3375,dond,Qwen3.6-35B-A3B-FP8-without-reasoning,coop,instance_00018,Pareto Optimal,0
3376,dond,Qwen3.6-35B-A3B-FP8-without-reasoning,coop,instance_00011,Request Count,5
3377,dond,Qwen3.6-35B-A3B-FP8-without-reasoning,coop,instance_00011,Parsed Request Count,5
3378,dond,Qwen3.6-35B-A3B-FP8-without-reasoning,coop,instance_00011,Violated Request Count,0
3379,dond,Qwen3.6-35B-A3B-FP8-without-reasoning,coop,instance_00011,Request Success Ratio,1.0
3380,dond,Qwen3.6-35B-A3B-FP8-without-reasoning,coop,instance_00011,Aborted,0
3381,dond,Qwen3.6-35B-A3B-FP8-without-reasoning,coop,instance_00011,Lose,0
3382,dond,Qwen3.6-35B-A3B-FP8-without-reasoning,coop,instance_00011,Success,1
3383,dond,Qwen3.6-35B-A3B-FP8-without-reasoning,coop,instance_00011,Main Score,100.0
3384,dond,Qwen3.6-35B-A3B-FP8-without-reasoning,coop,instance_00011,Sum of Points,1.0
3385,dond,Qwen3.6-35B-A3B-FP8-without-reasoning,coop,instance_00011,Pareto Optimal,1
3386,dond,Qwen3.6-35B-A3B-FP8-without-reasoning,coop,instance_00016,Request Count,6
3387,dond,Qwen3.6-35B-A3B-FP8-without-reasoning,coop,instance_00016,Parsed Request Count,6
3388,dond,Qwen3.6-35B-A3B-FP8-without-reasoning,coop,instance_00016,Violated Request Count,0
3389,dond,Qwen3.6-35B-A3B-FP8-without-reasoning,coop,instance_00016,Request Success Ratio,1.0
3390,dond,Qwen3.6-35B-A3B-FP8-without-reasoning,coop,instance_00016,Aborted,0
3391,dond,Qwen3.6-35B-A3B-FP8-without-reasoning,coop,instance_00016,Lose,1
3392,dond,Qwen3.6-35B-A3B-FP8-without-reasoning,coop,instance_00016,Success,0
3393,dond,Qwen3.6-35B-A3B-FP8-without-reasoning,coop,instance_00016,Main Score,0.0
3394,dond,Qwen3.6-35B-A3B-FP8-without-reasoning,coop,instance_00016,Sum of Points,0.0
3395,dond,Qwen3.6-35B-A3B-FP8-without-reasoning,coop,instance_00016,Pareto Optimal,0
3396,dond,Qwen3.6-35B-A3B-FP8-without-reasoning,coop,instance_00008,Request Count,3
3397,dond,Qwen3.6-35B-A3B-FP8-without-reasoning,coop,instance_00008,Parsed Request Count,3
3398,dond,Qwen3.6-35B-A3B-FP8-without-reasoning,coop,instance_00008,Violated Request Count,0
3399,dond,Qwen3.6-35B-A3B-FP8-without-reasoning,coop,instance_00008,Request Success Ratio,1.0
3400,dond,Qwen3.6-35B-A3B-FP8-without-reasoning,coop,instance_00008,Aborted,0
3401,dond,Qwen3.6-35B-A3B-FP8-without-reasoning,coop,instance_00008,Lose,1
3402,dond,Qwen3.6-35B-A3B-FP8-without-reasoning,coop,instance_00008,Success,0
3403,dond,Qwen3.6-35B-A3B-FP8-without-reasoning,coop,instance_00008,Main Score,0.0
3404,dond,Qwen3.6-35B-A3B-FP8-without-reasoning,coop,instance_00008,Sum of Points,0.0
3405,dond,Qwen3.6-35B-A3B-FP8-without-reasoning,coop,instance_00008,Pareto Optimal,0
3406,dond,Qwen3.6-35B-A3B-FP8-without-reasoning,coop,instance_00001,Request Count,5
3407,dond,Qwen3.6-35B-A3B-FP8-without-reasoning,coop,instance_00001,Parsed Request Count,5
3408,dond,Qwen3.6-35B-A3B-FP8-without-reasoning,coop,instance_00001,Violated Request Count,0
3409,dond,Qwen3.6-35B-A3B-FP8-without-reasoning,coop,instance_00001,Request Success Ratio,1.0
3410,dond,Qwen3.6-35B-A3B-FP8-without-reasoning,coop,instance_00001,Aborted,0
3411,dond,Qwen3.6-35B-A3B-FP8-without-reasoning,coop,instance_00001,Lose,1
3412,dond,Qwen3.6-35B-A3B-FP8-without-reasoning,coop,instance_00001,Success,0
3413,dond,Qwen3.6-35B-A3B-FP8-without-reasoning,coop,instance_00001,Main Score,0.0
3414,dond,Qwen3.6-35B-A3B-FP8-without-reasoning,coop,instance_00001,Sum of Points,0.0
3415,dond,Qwen3.6-35B-A3B-FP8-without-reasoning,coop,instance_00001,Pareto Optimal,0
3416,dond,Qwen3.6-35B-A3B-FP8-without-reasoning,coop,instance_00006,Request Count,5
3417,dond,Qwen3.6-35B-A3B-FP8-without-reasoning,coop,instance_00006,Parsed Request Count,5
3418,dond,Qwen3.6-35B-A3B-FP8-without-reasoning,coop,instance_00006,Violated Request Count,0
3419,dond,Qwen3.6-35B-A3B-FP8-without-reasoning,coop,instance_00006,Request Success Ratio,1.0
3420,dond,Qwen3.6-35B-A3B-FP8-without-reasoning,coop,instance_00006,Aborted,0
3421,dond,Qwen3.6-35B-A3B-FP8-without-reasoning,coop,instance_00006,Lose,1
3422,dond,Qwen3.6-35B-A3B-FP8-without-reasoning,coop,instance_00006,Success,0
3423,dond,Qwen3.6-35B-A3B-FP8-without-reasoning,coop,instance_00006,Main Score,0.0
3424,dond,Qwen3.6-35B-A3B-FP8-without-reasoning,coop,instance_00006,Sum of Points,0.0
3425,dond,Qwen3.6-35B-A3B-FP8-without-reasoning,coop,instance_00006,Pareto Optimal,0
3426,dond,Qwen3.6-35B-A3B-FP8-without-reasoning,coop,instance_00007,Request Count,5
3427,dond,Qwen3.6-35B-A3B-FP8-without-reasoning,coop,instance_00007,Parsed Request Count,5
3428,dond,Qwen3.6-35B-A3B-FP8-without-reasoning,coop,instance_00007,Violated Request Count,0
3429,dond,Qwen3.6-35B-A3B-FP8-without-reasoning,coop,instance_00007,Request Success Ratio,1.0
3430,dond,Qwen3.6-35B-A3B-FP8-without-reasoning,coop,instance_00007,Aborted,0
3431,dond,Qwen3.6-35B-A3B-FP8-without-reasoning,coop,instance_00007,Lose,0
3432,dond,Qwen3.6-35B-A3B-FP8-without-reasoning,coop,instance_00007,Success,1
3433,dond,Qwen3.6-35B-A3B-FP8-without-reasoning,coop,instance_00007,Main Score,100.0
3434,dond,Qwen3.6-35B-A3B-FP8-without-reasoning,coop,instance_00007,Sum of Points,1.0
3435,dond,Qwen3.6-35B-A3B-FP8-without-reasoning,coop,instance_00007,Pareto Optimal,1
3436,dond,Qwen3.6-35B-A3B-FP8-without-reasoning,coop,instance_00000,Request Count,3
3437,dond,Qwen3.6-35B-A3B-FP8-without-reasoning,coop,instance_00000,Parsed Request Count,3
3438,dond,Qwen3.6-35B-A3B-FP8-without-reasoning,coop,instance_00000,Violated Request Count,0
3439,dond,Qwen3.6-35B-A3B-FP8-without-reasoning,coop,instance_00000,Request Success Ratio,1.0
3440,dond,Qwen3.6-35B-A3B-FP8-without-reasoning,coop,instance_00000,Aborted,0
3441,dond,Qwen3.6-35B-A3B-FP8-without-reasoning,coop,instance_00000,Lose,1
3442,dond,Qwen3.6-35B-A3B-FP8-without-reasoning,coop,instance_00000,Success,0
3443,dond,Qwen3.6-35B-A3B-FP8-without-reasoning,coop,instance_00000,Main Score,0.0
3444,dond,Qwen3.6-35B-A3B-FP8-without-reasoning,coop,instance_00000,Sum of Points,0.0
3445,dond,Qwen3.6-35B-A3B-FP8-without-reasoning,coop,instance_00000,Pareto Optimal,0
3446,dond,Qwen3.6-35B-A3B-FP8-without-reasoning,coop,instance_00009,Request Count,4
3447,dond,Qwen3.6-35B-A3B-FP8-without-reasoning,coop,instance_00009,Parsed Request Count,4
3448,dond,Qwen3.6-35B-A3B-FP8-without-reasoning,coop,instance_00009,Violated Request Count,0
3449,dond,Qwen3.6-35B-A3B-FP8-without-reasoning,coop,instance_00009,Request Success Ratio,1.0
3450,dond,Qwen3.6-35B-A3B-FP8-without-reasoning,coop,instance_00009,Aborted,1
3451,dond,Qwen3.6-35B-A3B-FP8-without-reasoning,coop,instance_00009,Lose,0
3452,dond,Qwen3.6-35B-A3B-FP8-without-reasoning,coop,instance_00009,Success,0
3453,dond,Qwen3.6-35B-A3B-FP8-without-reasoning,coop,instance_00009,Main Score,
3454,dond,Qwen3.6-35B-A3B-FP8-without-reasoning,coop,instance_00013,Request Count,4
3455,dond,Qwen3.6-35B-A3B-FP8-without-reasoning,coop,instance_00013,Parsed Request Count,4
3456,dond,Qwen3.6-35B-A3B-FP8-without-reasoning,coop,instance_00013,Violated Request Count,0
3457,dond,Qwen3.6-35B-A3B-FP8-without-reasoning,coop,instance_00013,Request Success Ratio,1.0
3458,dond,Qwen3.6-35B-A3B-FP8-without-reasoning,coop,instance_00013,Aborted,0
3459,dond,Qwen3.6-35B-A3B-FP8-without-reasoning,coop,instance_00013,Lose,1
3460,dond,Qwen3.6-35B-A3B-FP8-without-reasoning,coop,instance_00013,Success,0
3461,dond,Qwen3.6-35B-A3B-FP8-without-reasoning,coop,instance_00013,Main Score,0.0
3462,dond,Qwen3.6-35B-A3B-FP8-without-reasoning,coop,instance_00013,Sum of Points,0.0
3463,dond,Qwen3.6-35B-A3B-FP8-without-reasoning,coop,instance_00013,Pareto Optimal,0
3464,dond,Qwen3.6-35B-A3B-FP8-without-reasoning,coop,instance_00014,Request Count,5
3465,dond,Qwen3.6-35B-A3B-FP8-without-reasoning,coop,instance_00014,Parsed Request Count,5
3466,dond,Qwen3.6-35B-A3B-FP8-without-reasoning,coop,instance_00014,Violated Request Count,0
3467,dond,Qwen3.6-35B-A3B-FP8-without-reasoning,coop,instance_00014,Request Success Ratio,1.0
3468,dond,Qwen3.6-35B-A3B-FP8-without-reasoning,coop,instance_00014,Aborted,0
3469,dond,Qwen3.6-35B-A3B-FP8-without-reasoning,coop,instance_00014,Lose,1
3470,dond,Qwen3.6-35B-A3B-FP8-without-reasoning,coop,instance_00014,Success,0
3471,dond,Qwen3.6-35B-A3B-FP8-without-reasoning,coop,instance_00014,Main Score,0.0
3472,dond,Qwen3.6-35B-A3B-FP8-without-reasoning,coop,instance_00014,Sum of Points,0.0
3473,dond,Qwen3.6-35B-A3B-FP8-without-reasoning,coop,instance_00014,Pareto Optimal,0
3474,dond,Qwen3.6-35B-A3B-FP8-without-reasoning,coop,instance_00015,Request Count,5
3475,dond,Qwen3.6-35B-A3B-FP8-without-reasoning,coop,instance_00015,Parsed Request Count,5
3476,dond,Qwen3.6-35B-A3B-FP8-without-reasoning,coop,instance_00015,Violated Request Count,0
3477,dond,Qwen3.6-35B-A3B-FP8-without-reasoning,coop,instance_00015,Request Success Ratio,1.0
3478,dond,Qwen3.6-35B-A3B-FP8-without-reasoning,coop,instance_00015,Aborted,0
3479,dond,Qwen3.6-35B-A3B-FP8-without-reasoning,coop,instance_00015,Lose,0
3480,dond,Qwen3.6-35B-A3B-FP8-without-reasoning,coop,instance_00015,Success,1
3481,dond,Qwen3.6-35B-A3B-FP8-without-reasoning,coop,instance_00015,Main Score,100.0
3482,dond,Qwen3.6-35B-A3B-FP8-without-reasoning,coop,instance_00015,Sum of Points,1.0
3483,dond,Qwen3.6-35B-A3B-FP8-without-reasoning,coop,instance_00015,Pareto Optimal,1
3484,dond,Qwen3.6-35B-A3B-FP8-without-reasoning,coop,instance_00012,Request Count,4
3485,dond,Qwen3.6-35B-A3B-FP8-without-reasoning,coop,instance_00012,Parsed Request Count,4
3486,dond,Qwen3.6-35B-A3B-FP8-without-reasoning,coop,instance_00012,Violated Request Count,0
3487,dond,Qwen3.6-35B-A3B-FP8-without-reasoning,coop,instance_00012,Request Success Ratio,1.0
3488,dond,Qwen3.6-35B-A3B-FP8-without-reasoning,coop,instance_00012,Aborted,0
3489,dond,Qwen3.6-35B-A3B-FP8-without-reasoning,coop,instance_00012,Lose,1
3490,dond,Qwen3.6-35B-A3B-FP8-without-reasoning,coop,instance_00012,Success,0
3491,dond,Qwen3.6-35B-A3B-FP8-without-reasoning,coop,instance_00012,Main Score,0.0
3492,dond,Qwen3.6-35B-A3B-FP8-without-reasoning,coop,instance_00012,Sum of Points,0.0
3493,dond,Qwen3.6-35B-A3B-FP8-without-reasoning,coop,instance_00012,Pareto Optimal,0
3494,guesswhat,Qwen3.6-35B-A3B-FP8-without-reasoning,Level_3,instance_00005,Violated Request Count,0
3495,guesswhat,Qwen3.6-35B-A3B-FP8-without-reasoning,Level_3,instance_00005,Parsed Request Count,5
3496,guesswhat,Qwen3.6-35B-A3B-FP8-without-reasoning,Level_3,instance_00005,Request Count,5
3497,guesswhat,Qwen3.6-35B-A3B-FP8-without-reasoning,Level_3,instance_00005,Request Success Ratio,1.0
3498,guesswhat,Qwen3.6-35B-A3B-FP8-without-reasoning,Level_3,instance_00005,Aborted,0
3499,guesswhat,Qwen3.6-35B-A3B-FP8-without-reasoning,Level_3,instance_00005,Success,1
3500,guesswhat,Qwen3.6-35B-A3B-FP8-without-reasoning,Level_3,instance_00005,Lose,0
3501,guesswhat,Qwen3.6-35B-A3B-FP8-without-reasoning,Level_3,instance_00005,Speed,100
3502,guesswhat,Qwen3.6-35B-A3B-FP8-without-reasoning,Level_3,instance_00005,Main Score,100
3503,guesswhat,Qwen3.6-35B-A3B-FP8-without-reasoning,Level_3,instance_00005,Invalid format guesser response,0
3504,guesswhat,Qwen3.6-35B-A3B-FP8-without-reasoning,Level_3,instance_00005,Invalid format answerer response,0
3505,guesswhat,Qwen3.6-35B-A3B-FP8-without-reasoning,Level_3,instance_00005,Invalid content guesser response,0
3506,guesswhat,Qwen3.6-35B-A3B-FP8-without-reasoning,Level_3,instance_00005,Invalid content answerer response,0
3507,guesswhat,Qwen3.6-35B-A3B-FP8-without-reasoning,Level_3,instance_00002,Violated Request Count,0
3508,guesswhat,Qwen3.6-35B-A3B-FP8-without-reasoning,Level_3,instance_00002,Parsed Request Count,6
3509,guesswhat,Qwen3.6-35B-A3B-FP8-without-reasoning,Level_3,instance_00002,Request Count,6
3510,guesswhat,Qwen3.6-35B-A3B-FP8-without-reasoning,Level_3,instance_00002,Request Success Ratio,1.0
3511,guesswhat,Qwen3.6-35B-A3B-FP8-without-reasoning,Level_3,instance_00002,Aborted,0
3512,guesswhat,Qwen3.6-35B-A3B-FP8-without-reasoning,Level_3,instance_00002,Success,1
3513,guesswhat,Qwen3.6-35B-A3B-FP8-without-reasoning,Level_3,instance_00002,Lose,0
3514,guesswhat,Qwen3.6-35B-A3B-FP8-without-reasoning,Level_3,instance_00002,Speed,66.66666666666667
3515,guesswhat,Qwen3.6-35B-A3B-FP8-without-reasoning,Level_3,instance_00002,Main Score,66.66666666666667
3516,guesswhat,Qwen3.6-35B-A3B-FP8-without-reasoning,Level_3,instance_00002,Invalid format guesser response,0
3517,guesswhat,Qwen3.6-35B-A3B-FP8-without-reasoning,Level_3,instance_00002,Invalid format answerer response,0
3518,guesswhat,Qwen3.6-35B-A3B-FP8-without-reasoning,Level_3,instance_00002,Invalid content guesser response,0
3519,guesswhat,Qwen3.6-35B-A3B-FP8-without-reasoning,Level_3,instance_00002,Invalid content answerer response,0
3520,guesswhat,Qwen3.6-35B-A3B-FP8-without-reasoning,Level_3,instance_00003,Violated Request Count,0
3521,guesswhat,Qwen3.6-35B-A3B-FP8-without-reasoning,Level_3,instance_00003,Parsed Request Count,8
3522,guesswhat,Qwen3.6-35B-A3B-FP8-without-reasoning,Level_3,instance_00003,Request Count,8
3523,guesswhat,Qwen3.6-35B-A3B-FP8-without-reasoning,Level_3,instance_00003,Request Success Ratio,1.0
3524,guesswhat,Qwen3.6-35B-A3B-FP8-without-reasoning,Level_3,instance_00003,Aborted,0
3525,guesswhat,Qwen3.6-35B-A3B-FP8-without-reasoning,Level_3,instance_00003,Success,1
3526,guesswhat,Qwen3.6-35B-A3B-FP8-without-reasoning,Level_3,instance_00003,Lose,0
3527,guesswhat,Qwen3.6-35B-A3B-FP8-without-reasoning,Level_3,instance_00003,Speed,0
3528,guesswhat,Qwen3.6-35B-A3B-FP8-without-reasoning,Level_3,instance_00003,Main Score,0
3529,guesswhat,Qwen3.6-35B-A3B-FP8-without-reasoning,Level_3,instance_00003,Invalid format guesser response,0
3530,guesswhat,Qwen3.6-35B-A3B-FP8-without-reasoning,Level_3,instance_00003,Invalid format answerer response,0
3531,guesswhat,Qwen3.6-35B-A3B-FP8-without-reasoning,Level_3,instance_00003,Invalid content guesser response,0
3532,guesswhat,Qwen3.6-35B-A3B-FP8-without-reasoning,Level_3,instance_00003,Invalid content answerer response,0
3533,guesswhat,Qwen3.6-35B-A3B-FP8-without-reasoning,Level_3,instance_00004,Violated Request Count,0
3534,guesswhat,Qwen3.6-35B-A3B-FP8-without-reasoning,Level_3,instance_00004,Parsed Request Count,7
3535,guesswhat,Qwen3.6-35B-A3B-FP8-without-reasoning,Level_3,instance_00004,Request Count,7
3536,guesswhat,Qwen3.6-35B-A3B-FP8-without-reasoning,Level_3,instance_00004,Request Success Ratio,1.0
3537,guesswhat,Qwen3.6-35B-A3B-FP8-without-reasoning,Level_3,instance_00004,Aborted,0
3538,guesswhat,Qwen3.6-35B-A3B-FP8-without-reasoning,Level_3,instance_00004,Success,0
3539,guesswhat,Qwen3.6-35B-A3B-FP8-without-reasoning,Level_3,instance_00004,Lose,1
3540,guesswhat,Qwen3.6-35B-A3B-FP8-without-reasoning,Level_3,instance_00004,Main Score,0
3541,guesswhat,Qwen3.6-35B-A3B-FP8-without-reasoning,Level_3,instance_00004,Invalid format guesser response,0
3542,guesswhat,Qwen3.6-35B-A3B-FP8-without-reasoning,Level_3,instance_00004,Invalid format answerer response,0
3543,guesswhat,Qwen3.6-35B-A3B-FP8-without-reasoning,Level_3,instance_00004,Invalid content guesser response,0
3544,guesswhat,Qwen3.6-35B-A3B-FP8-without-reasoning,Level_3,instance_00004,Invalid content answerer response,0
3545,guesswhat,Qwen3.6-35B-A3B-FP8-without-reasoning,Level_3,instance_00008,Violated Request Count,0
3546,guesswhat,Qwen3.6-35B-A3B-FP8-without-reasoning,Level_3,instance_00008,Parsed Request Count,4
3547,guesswhat,Qwen3.6-35B-A3B-FP8-without-reasoning,Level_3,instance_00008,Request Count,4
3548,guesswhat,Qwen3.6-35B-A3B-FP8-without-reasoning,Level_3,instance_00008,Request Success Ratio,1.0
3549,guesswhat,Qwen3.6-35B-A3B-FP8-without-reasoning,Level_3,instance_00008,Aborted,0
3550,guesswhat,Qwen3.6-35B-A3B-FP8-without-reasoning,Level_3,instance_00008,Success,0
3551,guesswhat,Qwen3.6-35B-A3B-FP8-without-reasoning,Level_3,instance_00008,Lose,1
3552,guesswhat,Qwen3.6-35B-A3B-FP8-without-reasoning,Level_3,instance_00008,Main Score,0
3553,guesswhat,Qwen3.6-35B-A3B-FP8-without-reasoning,Level_3,instance_00008,Invalid format guesser response,0
3554,guesswhat,Qwen3.6-35B-A3B-FP8-without-reasoning,Level_3,instance_00008,Invalid format answerer response,0
3555,guesswhat,Qwen3.6-35B-A3B-FP8-without-reasoning,Level_3,instance_00008,Invalid content guesser response,0
3556,guesswhat,Qwen3.6-35B-A3B-FP8-without-reasoning,Level_3,instance_00008,Invalid content answerer response,0
3557,guesswhat,Qwen3.6-35B-A3B-FP8-without-reasoning,Level_3,instance_00001,Violated Request Count,0
3558,guesswhat,Qwen3.6-35B-A3B-FP8-without-reasoning,Level_3,instance_00001,Parsed Request Count,7
3559,guesswhat,Qwen3.6-35B-A3B-FP8-without-reasoning,Level_3,instance_00001,Request Count,7
3560,guesswhat,Qwen3.6-35B-A3B-FP8-without-reasoning,Level_3,instance_00001,Request Success Ratio,1.0
3561,guesswhat,Qwen3.6-35B-A3B-FP8-without-reasoning,Level_3,instance_00001,Aborted,0
3562,guesswhat,Qwen3.6-35B-A3B-FP8-without-reasoning,Level_3,instance_00001,Success,0
3563,guesswhat,Qwen3.6-35B-A3B-FP8-without-reasoning,Level_3,instance_00001,Lose,1
3564,guesswhat,Qwen3.6-35B-A3B-FP8-without-reasoning,Level_3,instance_00001,Main Score,0
3565,guesswhat,Qwen3.6-35B-A3B-FP8-without-reasoning,Level_3,instance_00001,Invalid format guesser response,0
3566,guesswhat,Qwen3.6-35B-A3B-FP8-without-reasoning,Level_3,instance_00001,Invalid format answerer response,0
3567,guesswhat,Qwen3.6-35B-A3B-FP8-without-reasoning,Level_3,instance_00001,Invalid content guesser response,0
3568,guesswhat,Qwen3.6-35B-A3B-FP8-without-reasoning,Level_3,instance_00001,Invalid content answerer response,0
3569,guesswhat,Qwen3.6-35B-A3B-FP8-without-reasoning,Level_3,instance_00006,Violated Request Count,0
3570,guesswhat,Qwen3.6-35B-A3B-FP8-without-reasoning,Level_3,instance_00006,Parsed Request Count,6
3571,guesswhat,Qwen3.6-35B-A3B-FP8-without-reasoning,Level_3,instance_00006,Request Count,6
3572,guesswhat,Qwen3.6-35B-A3B-FP8-without-reasoning,Level_3,instance_00006,Request Success Ratio,1.0
3573,guesswhat,Qwen3.6-35B-A3B-FP8-without-reasoning,Level_3,instance_00006,Aborted,0
3574,guesswhat,Qwen3.6-35B-A3B-FP8-without-reasoning,Level_3,instance_00006,Success,0
3575,guesswhat,Qwen3.6-35B-A3B-FP8-without-reasoning,Level_3,instance_00006,Lose,1
3576,guesswhat,Qwen3.6-35B-A3B-FP8-without-reasoning,Level_3,instance_00006,Main Score,0
3577,guesswhat,Qwen3.6-35B-A3B-FP8-without-reasoning,Level_3,instance_00006,Invalid format guesser response,0
3578,guesswhat,Qwen3.6-35B-A3B-FP8-without-reasoning,Level_3,instance_00006,Invalid format answerer response,0
3579,guesswhat,Qwen3.6-35B-A3B-FP8-without-reasoning,Level_3,instance_00006,Invalid content guesser response,0
3580,guesswhat,Qwen3.6-35B-A3B-FP8-without-reasoning,Level_3,instance_00006,Invalid content answerer response,0
3581,guesswhat,Qwen3.6-35B-A3B-FP8-without-reasoning,Level_3,instance_00007,Violated Request Count,0
3582,guesswhat,Qwen3.6-35B-A3B-FP8-without-reasoning,Level_3,instance_00007,Parsed Request Count,6
3583,guesswhat,Qwen3.6-35B-A3B-FP8-without-reasoning,Level_3,instance_00007,Request Count,6
3584,guesswhat,Qwen3.6-35B-A3B-FP8-without-reasoning,Level_3,instance_00007,Request Success Ratio,1.0
3585,guesswhat,Qwen3.6-35B-A3B-FP8-without-reasoning,Level_3,instance_00007,Aborted,0
3586,guesswhat,Qwen3.6-35B-A3B-FP8-without-reasoning,Level_3,instance_00007,Success,1
3587,guesswhat,Qwen3.6-35B-A3B-FP8-without-reasoning,Level_3,instance_00007,Lose,0
3588,guesswhat,Qwen3.6-35B-A3B-FP8-without-reasoning,Level_3,instance_00007,Speed,66.66666666666667
3589,guesswhat,Qwen3.6-35B-A3B-FP8-without-reasoning,Level_3,instance_00007,Main Score,66.66666666666667
3590,guesswhat,Qwen3.6-35B-A3B-FP8-without-reasoning,Level_3,instance_00007,Invalid format guesser response,0
3591,guesswhat,Qwen3.6-35B-A3B-FP8-without-reasoning,Level_3,instance_00007,Invalid format answerer response,0
3592,guesswhat,Qwen3.6-35B-A3B-FP8-without-reasoning,Level_3,instance_00007,Invalid content guesser response,0
3593,guesswhat,Qwen3.6-35B-A3B-FP8-without-reasoning,Level_3,instance_00007,Invalid content answerer response,0
3594,guesswhat,Qwen3.6-35B-A3B-FP8-without-reasoning,Level_3,instance_00000,Violated Request Count,0
3595,guesswhat,Qwen3.6-35B-A3B-FP8-without-reasoning,Level_3,instance_00000,Parsed Request Count,5
3596,guesswhat,Qwen3.6-35B-A3B-FP8-without-reasoning,Level_3,instance_00000,Request Count,5
3597,guesswhat,Qwen3.6-35B-A3B-FP8-without-reasoning,Level_3,instance_00000,Request Success Ratio,1.0
3598,guesswhat,Qwen3.6-35B-A3B-FP8-without-reasoning,Level_3,instance_00000,Aborted,0
3599,guesswhat,Qwen3.6-35B-A3B-FP8-without-reasoning,Level_3,instance_00000,Success,1
3600,guesswhat,Qwen3.6-35B-A3B-FP8-without-reasoning,Level_3,instance_00000,Lose,0
3601,guesswhat,Qwen3.6-35B-A3B-FP8-without-reasoning,Level_3,instance_00000,Speed,100
3602,guesswhat,Qwen3.6-35B-A3B-FP8-without-reasoning,Level_3,instance_00000,Main Score,100
3603,guesswhat,Qwen3.6-35B-A3B-FP8-without-reasoning,Level_3,instance_00000,Invalid format guesser response,0
3604,guesswhat,Qwen3.6-35B-A3B-FP8-without-reasoning,Level_3,instance_00000,Invalid format answerer response,0
3605,guesswhat,Qwen3.6-35B-A3B-FP8-without-reasoning,Level_3,instance_00000,Invalid content guesser response,0
3606,guesswhat,Qwen3.6-35B-A3B-FP8-without-reasoning,Level_3,instance_00000,Invalid content answerer response,0
3607,guesswhat,Qwen3.6-35B-A3B-FP8-without-reasoning,Level_3,instance_00009,Violated Request Count,0
3608,guesswhat,Qwen3.6-35B-A3B-FP8-without-reasoning,Level_3,instance_00009,Parsed Request Count,6
3609,guesswhat,Qwen3.6-35B-A3B-FP8-without-reasoning,Level_3,instance_00009,Request Count,6
3610,guesswhat,Qwen3.6-35B-A3B-FP8-without-reasoning,Level_3,instance_00009,Request Success Ratio,1.0
3611,guesswhat,Qwen3.6-35B-A3B-FP8-without-reasoning,Level_3,instance_00009,Aborted,0
3612,guesswhat,Qwen3.6-35B-A3B-FP8-without-reasoning,Level_3,instance_00009,Success,1
3613,guesswhat,Qwen3.6-35B-A3B-FP8-without-reasoning,Level_3,instance_00009,Lose,0
3614,guesswhat,Qwen3.6-35B-A3B-FP8-without-reasoning,Level_3,instance_00009,Speed,66.66666666666667
3615,guesswhat,Qwen3.6-35B-A3B-FP8-without-reasoning,Level_3,instance_00009,Main Score,66.66666666666667
3616,guesswhat,Qwen3.6-35B-A3B-FP8-without-reasoning,Level_3,instance_00009,Invalid format guesser response,0
3617,guesswhat,Qwen3.6-35B-A3B-FP8-without-reasoning,Level_3,instance_00009,Invalid format answerer response,0
3618,guesswhat,Qwen3.6-35B-A3B-FP8-without-reasoning,Level_3,instance_00009,Invalid content guesser response,0
3619,guesswhat,Qwen3.6-35B-A3B-FP8-without-reasoning,Level_3,instance_00009,Invalid content answerer response,0
3620,guesswhat,Qwen3.6-35B-A3B-FP8-without-reasoning,Level_2,instance_00005,Violated Request Count,0
3621,guesswhat,Qwen3.6-35B-A3B-FP8-without-reasoning,Level_2,instance_00005,Parsed Request Count,5
3622,guesswhat,Qwen3.6-35B-A3B-FP8-without-reasoning,Level_2,instance_00005,Request Count,5
3623,guesswhat,Qwen3.6-35B-A3B-FP8-without-reasoning,Level_2,instance_00005,Request Success Ratio,1.0
3624,guesswhat,Qwen3.6-35B-A3B-FP8-without-reasoning,Level_2,instance_00005,Aborted,0
3625,guesswhat,Qwen3.6-35B-A3B-FP8-without-reasoning,Level_2,instance_00005,Success,1
3626,guesswhat,Qwen3.6-35B-A3B-FP8-without-reasoning,Level_2,instance_00005,Lose,0
3627,guesswhat,Qwen3.6-35B-A3B-FP8-without-reasoning,Level_2,instance_00005,Speed,100
3628,guesswhat,Qwen3.6-35B-A3B-FP8-without-reasoning,Level_2,instance_00005,Main Score,100
3629,guesswhat,Qwen3.6-35B-A3B-FP8-without-reasoning,Level_2,instance_00005,Invalid format guesser response,0
3630,guesswhat,Qwen3.6-35B-A3B-FP8-without-reasoning,Level_2,instance_00005,Invalid format answerer response,0
3631,guesswhat,Qwen3.6-35B-A3B-FP8-without-reasoning,Level_2,instance_00005,Invalid content guesser response,0
3632,guesswhat,Qwen3.6-35B-A3B-FP8-without-reasoning,Level_2,instance_00005,Invalid content answerer response,0
3633,guesswhat,Qwen3.6-35B-A3B-FP8-without-reasoning,Level_2,instance_00002,Violated Request Count,0
3634,guesswhat,Qwen3.6-35B-A3B-FP8-without-reasoning,Level_2,instance_00002,Parsed Request Count,5
3635,guesswhat,Qwen3.6-35B-A3B-FP8-without-reasoning,Level_2,instance_00002,Request Count,5
3636,guesswhat,Qwen3.6-35B-A3B-FP8-without-reasoning,Level_2,instance_00002,Request Success Ratio,1.0
3637,guesswhat,Qwen3.6-35B-A3B-FP8-without-reasoning,Level_2,instance_00002,Aborted,0
3638,guesswhat,Qwen3.6-35B-A3B-FP8-without-reasoning,Level_2,instance_00002,Success,1
3639,guesswhat,Qwen3.6-35B-A3B-FP8-without-reasoning,Level_2,instance_00002,Lose,0
3640,guesswhat,Qwen3.6-35B-A3B-FP8-without-reasoning,Level_2,instance_00002,Speed,100
3641,guesswhat,Qwen3.6-35B-A3B-FP8-without-reasoning,Level_2,instance_00002,Main Score,100
3642,guesswhat,Qwen3.6-35B-A3B-FP8-without-reasoning,Level_2,instance_00002,Invalid format guesser response,0
3643,guesswhat,Qwen3.6-35B-A3B-FP8-without-reasoning,Level_2,instance_00002,Invalid format answerer response,0
3644,guesswhat,Qwen3.6-35B-A3B-FP8-without-reasoning,Level_2,instance_00002,Invalid content guesser response,0
3645,guesswhat,Qwen3.6-35B-A3B-FP8-without-reasoning,Level_2,instance_00002,Invalid content answerer response,0
3646,guesswhat,Qwen3.6-35B-A3B-FP8-without-reasoning,Level_2,instance_00003,Violated Request Count,0
3647,guesswhat,Qwen3.6-35B-A3B-FP8-without-reasoning,Level_2,instance_00003,Parsed Request Count,4
3648,guesswhat,Qwen3.6-35B-A3B-FP8-without-reasoning,Level_2,instance_00003,Request Count,4
3649,guesswhat,Qwen3.6-35B-A3B-FP8-without-reasoning,Level_2,instance_00003,Request Success Ratio,1.0
3650,guesswhat,Qwen3.6-35B-A3B-FP8-without-reasoning,Level_2,instance_00003,Aborted,0
3651,guesswhat,Qwen3.6-35B-A3B-FP8-without-reasoning,Level_2,instance_00003,Success,1
3652,guesswhat,Qwen3.6-35B-A3B-FP8-without-reasoning,Level_2,instance_00003,Lose,0
3653,guesswhat,Qwen3.6-35B-A3B-FP8-without-reasoning,Level_2,instance_00003,Speed,100
3654,guesswhat,Qwen3.6-35B-A3B-FP8-without-reasoning,Level_2,instance_00003,Main Score,100
3655,guesswhat,Qwen3.6-35B-A3B-FP8-without-reasoning,Level_2,instance_00003,Invalid format guesser response,0
3656,guesswhat,Qwen3.6-35B-A3B-FP8-without-reasoning,Level_2,instance_00003,Invalid format answerer response,0
3657,guesswhat,Qwen3.6-35B-A3B-FP8-without-reasoning,Level_2,instance_00003,Invalid content guesser response,0
3658,guesswhat,Qwen3.6-35B-A3B-FP8-without-reasoning,Level_2,instance_00003,Invalid content answerer response,0
3659,guesswhat,Qwen3.6-35B-A3B-FP8-without-reasoning,Level_2,instance_00004,Violated Request Count,0
3660,guesswhat,Qwen3.6-35B-A3B-FP8-without-reasoning,Level_2,instance_00004,Parsed Request Count,8
3661,guesswhat,Qwen3.6-35B-A3B-FP8-without-reasoning,Level_2,instance_00004,Request Count,8
3662,guesswhat,Qwen3.6-35B-A3B-FP8-without-reasoning,Level_2,instance_00004,Request Success Ratio,1.0
3663,guesswhat,Qwen3.6-35B-A3B-FP8-without-reasoning,Level_2,instance_00004,Aborted,0
3664,guesswhat,Qwen3.6-35B-A3B-FP8-without-reasoning,Level_2,instance_00004,Success,0
3665,guesswhat,Qwen3.6-35B-A3B-FP8-without-reasoning,Level_2,instance_00004,Lose,1
3666,guesswhat,Qwen3.6-35B-A3B-FP8-without-reasoning,Level_2,instance_00004,Main Score,0
3667,guesswhat,Qwen3.6-35B-A3B-FP8-without-reasoning,Level_2,instance_00004,Invalid format guesser response,0
3668,guesswhat,Qwen3.6-35B-A3B-FP8-without-reasoning,Level_2,instance_00004,Invalid format answerer response,0
3669,guesswhat,Qwen3.6-35B-A3B-FP8-without-reasoning,Level_2,instance_00004,Invalid content guesser response,0
3670,guesswhat,Qwen3.6-35B-A3B-FP8-without-reasoning,Level_2,instance_00004,Invalid content answerer response,0
3671,guesswhat,Qwen3.6-35B-A3B-FP8-without-reasoning,Level_2,instance_00008,Violated Request Count,0
3672,guesswhat,Qwen3.6-35B-A3B-FP8-without-reasoning,Level_2,instance_00008,Parsed Request Count,6
3673,guesswhat,Qwen3.6-35B-A3B-FP8-without-reasoning,Level_2,instance_00008,Request Count,6
3674,guesswhat,Qwen3.6-35B-A3B-FP8-without-reasoning,Level_2,instance_00008,Request Success Ratio,1.0
3675,guesswhat,Qwen3.6-35B-A3B-FP8-without-reasoning,Level_2,instance_00008,Aborted,0
3676,guesswhat,Qwen3.6-35B-A3B-FP8-without-reasoning,Level_2,instance_00008,Success,1
3677,guesswhat,Qwen3.6-35B-A3B-FP8-without-reasoning,Level_2,instance_00008,Lose,0
3678,guesswhat,Qwen3.6-35B-A3B-FP8-without-reasoning,Level_2,instance_00008,Speed,66.66666666666667
3679,guesswhat,Qwen3.6-35B-A3B-FP8-without-reasoning,Level_2,instance_00008,Main Score,66.66666666666667
3680,guesswhat,Qwen3.6-35B-A3B-FP8-without-reasoning,Level_2,instance_00008,Invalid format guesser response,0
3681,guesswhat,Qwen3.6-35B-A3B-FP8-without-reasoning,Level_2,instance_00008,Invalid format answerer response,0
3682,guesswhat,Qwen3.6-35B-A3B-FP8-without-reasoning,Level_2,instance_00008,Invalid content guesser response,0
3683,guesswhat,Qwen3.6-35B-A3B-FP8-without-reasoning,Level_2,instance_00008,Invalid content answerer response,0
3684,guesswhat,Qwen3.6-35B-A3B-FP8-without-reasoning,Level_2,instance_00001,Violated Request Count,0
3685,guesswhat,Qwen3.6-35B-A3B-FP8-without-reasoning,Level_2,instance_00001,Parsed Request Count,5
3686,guesswhat,Qwen3.6-35B-A3B-FP8-without-reasoning,Level_2,instance_00001,Request Count,5
3687,guesswhat,Qwen3.6-35B-A3B-FP8-without-reasoning,Level_2,instance_00001,Request Success Ratio,1.0
3688,guesswhat,Qwen3.6-35B-A3B-FP8-without-reasoning,Level_2,instance_00001,Aborted,0
3689,guesswhat,Qwen3.6-35B-A3B-FP8-without-reasoning,Level_2,instance_00001,Success,1
3690,guesswhat,Qwen3.6-35B-A3B-FP8-without-reasoning,Level_2,instance_00001,Lose,0
3691,guesswhat,Qwen3.6-35B-A3B-FP8-without-reasoning,Level_2,instance_00001,Speed,100
3692,guesswhat,Qwen3.6-35B-A3B-FP8-without-reasoning,Level_2,instance_00001,Main Score,100
3693,guesswhat,Qwen3.6-35B-A3B-FP8-without-reasoning,Level_2,instance_00001,Invalid format guesser response,0
3694,guesswhat,Qwen3.6-35B-A3B-FP8-without-reasoning,Level_2,instance_00001,Invalid format answerer response,0
3695,guesswhat,Qwen3.6-35B-A3B-FP8-without-reasoning,Level_2,instance_00001,Invalid content guesser response,0
3696,guesswhat,Qwen3.6-35B-A3B-FP8-without-reasoning,Level_2,instance_00001,Invalid content answerer response,0
3697,guesswhat,Qwen3.6-35B-A3B-FP8-without-reasoning,Level_2,instance_00006,Violated Request Count,0
3698,guesswhat,Qwen3.6-35B-A3B-FP8-without-reasoning,Level_2,instance_00006,Parsed Request Count,4
3699,guesswhat,Qwen3.6-35B-A3B-FP8-without-reasoning,Level_2,instance_00006,Request Count,4
3700,guesswhat,Qwen3.6-35B-A3B-FP8-without-reasoning,Level_2,instance_00006,Request Success Ratio,1.0
3701,guesswhat,Qwen3.6-35B-A3B-FP8-without-reasoning,Level_2,instance_00006,Aborted,0
3702,guesswhat,Qwen3.6-35B-A3B-FP8-without-reasoning,Level_2,instance_00006,Success,1
3703,guesswhat,Qwen3.6-35B-A3B-FP8-without-reasoning,Level_2,instance_00006,Lose,0
3704,guesswhat,Qwen3.6-35B-A3B-FP8-without-reasoning,Level_2,instance_00006,Speed,100
3705,guesswhat,Qwen3.6-35B-A3B-FP8-without-reasoning,Level_2,instance_00006,Main Score,100
3706,guesswhat,Qwen3.6-35B-A3B-FP8-without-reasoning,Level_2,instance_00006,Invalid format guesser response,0
3707,guesswhat,Qwen3.6-35B-A3B-FP8-without-reasoning,Level_2,instance_00006,Invalid format answerer response,0
3708,guesswhat,Qwen3.6-35B-A3B-FP8-without-reasoning,Level_2,instance_00006,Invalid content guesser response,0
3709,guesswhat,Qwen3.6-35B-A3B-FP8-without-reasoning,Level_2,instance_00006,Invalid content answerer response,0
3710,guesswhat,Qwen3.6-35B-A3B-FP8-without-reasoning,Level_2,instance_00007,Violated Request Count,0
3711,guesswhat,Qwen3.6-35B-A3B-FP8-without-reasoning,Level_2,instance_00007,Parsed Request Count,4
3712,guesswhat,Qwen3.6-35B-A3B-FP8-without-reasoning,Level_2,instance_00007,Request Count,4
3713,guesswhat,Qwen3.6-35B-A3B-FP8-without-reasoning,Level_2,instance_00007,Request Success Ratio,1.0
3714,guesswhat,Qwen3.6-35B-A3B-FP8-without-reasoning,Level_2,instance_00007,Aborted,0
3715,guesswhat,Qwen3.6-35B-A3B-FP8-without-reasoning,Level_2,instance_00007,Success,1
3716,guesswhat,Qwen3.6-35B-A3B-FP8-without-reasoning,Level_2,instance_00007,Lose,0
3717,guesswhat,Qwen3.6-35B-A3B-FP8-without-reasoning,Level_2,instance_00007,Speed,100
3718,guesswhat,Qwen3.6-35B-A3B-FP8-without-reasoning,Level_2,instance_00007,Main Score,100
3719,guesswhat,Qwen3.6-35B-A3B-FP8-without-reasoning,Level_2,instance_00007,Invalid format guesser response,0
3720,guesswhat,Qwen3.6-35B-A3B-FP8-without-reasoning,Level_2,instance_00007,Invalid format answerer response,0
3721,guesswhat,Qwen3.6-35B-A3B-FP8-without-reasoning,Level_2,instance_00007,Invalid content guesser response,0
3722,guesswhat,Qwen3.6-35B-A3B-FP8-without-reasoning,Level_2,instance_00007,Invalid content answerer response,0
3723,guesswhat,Qwen3.6-35B-A3B-FP8-without-reasoning,Level_2,instance_00000,Violated Request Count,0
3724,guesswhat,Qwen3.6-35B-A3B-FP8-without-reasoning,Level_2,instance_00000,Parsed Request Count,6
3725,guesswhat,Qwen3.6-35B-A3B-FP8-without-reasoning,Level_2,instance_00000,Request Count,6
3726,guesswhat,Qwen3.6-35B-A3B-FP8-without-reasoning,Level_2,instance_00000,Request Success Ratio,1.0
3727,guesswhat,Qwen3.6-35B-A3B-FP8-without-reasoning,Level_2,instance_00000,Aborted,0
3728,guesswhat,Qwen3.6-35B-A3B-FP8-without-reasoning,Level_2,instance_00000,Success,1
3729,guesswhat,Qwen3.6-35B-A3B-FP8-without-reasoning,Level_2,instance_00000,Lose,0
3730,guesswhat,Qwen3.6-35B-A3B-FP8-without-reasoning,Level_2,instance_00000,Speed,66.66666666666667
3731,guesswhat,Qwen3.6-35B-A3B-FP8-without-reasoning,Level_2,instance_00000,Main Score,66.66666666666667
3732,guesswhat,Qwen3.6-35B-A3B-FP8-without-reasoning,Level_2,instance_00000,Invalid format guesser response,0
3733,guesswhat,Qwen3.6-35B-A3B-FP8-without-reasoning,Level_2,instance_00000,Invalid format answerer response,0
3734,guesswhat,Qwen3.6-35B-A3B-FP8-without-reasoning,Level_2,instance_00000,Invalid content guesser response,0
3735,guesswhat,Qwen3.6-35B-A3B-FP8-without-reasoning,Level_2,instance_00000,Invalid content answerer response,0
3736,guesswhat,Qwen3.6-35B-A3B-FP8-without-reasoning,Level_2,instance_00009,Violated Request Count,0
3737,guesswhat,Qwen3.6-35B-A3B-FP8-without-reasoning,Level_2,instance_00009,Parsed Request Count,6
3738,guesswhat,Qwen3.6-35B-A3B-FP8-without-reasoning,Level_2,instance_00009,Request Count,6
3739,guesswhat,Qwen3.6-35B-A3B-FP8-without-reasoning,Level_2,instance_00009,Request Success Ratio,1.0
3740,guesswhat,Qwen3.6-35B-A3B-FP8-without-reasoning,Level_2,instance_00009,Aborted,0
3741,guesswhat,Qwen3.6-35B-A3B-FP8-without-reasoning,Level_2,instance_00009,Success,1
3742,guesswhat,Qwen3.6-35B-A3B-FP8-without-reasoning,Level_2,instance_00009,Lose,0
3743,guesswhat,Qwen3.6-35B-A3B-FP8-without-reasoning,Level_2,instance_00009,Speed,66.66666666666667
3744,guesswhat,Qwen3.6-35B-A3B-FP8-without-reasoning,Level_2,instance_00009,Main Score,66.66666666666667
3745,guesswhat,Qwen3.6-35B-A3B-FP8-without-reasoning,Level_2,instance_00009,Invalid format guesser response,0
3746,guesswhat,Qwen3.6-35B-A3B-FP8-without-reasoning,Level_2,instance_00009,Invalid format answerer response,0
3747,guesswhat,Qwen3.6-35B-A3B-FP8-without-reasoning,Level_2,instance_00009,Invalid content guesser response,0
3748,guesswhat,Qwen3.6-35B-A3B-FP8-without-reasoning,Level_2,instance_00009,Invalid content answerer response,0
3749,guesswhat,Qwen3.6-35B-A3B-FP8-without-reasoning,Level_1,instance_00005,Violated Request Count,0
3750,guesswhat,Qwen3.6-35B-A3B-FP8-without-reasoning,Level_1,instance_00005,Parsed Request Count,5
3751,guesswhat,Qwen3.6-35B-A3B-FP8-without-reasoning,Level_1,instance_00005,Request Count,5
3752,guesswhat,Qwen3.6-35B-A3B-FP8-without-reasoning,Level_1,instance_00005,Request Success Ratio,1.0
3753,guesswhat,Qwen3.6-35B-A3B-FP8-without-reasoning,Level_1,instance_00005,Aborted,0
3754,guesswhat,Qwen3.6-35B-A3B-FP8-without-reasoning,Level_1,instance_00005,Success,1
3755,guesswhat,Qwen3.6-35B-A3B-FP8-without-reasoning,Level_1,instance_00005,Lose,0
3756,guesswhat,Qwen3.6-35B-A3B-FP8-without-reasoning,Level_1,instance_00005,Speed,100
3757,guesswhat,Qwen3.6-35B-A3B-FP8-without-reasoning,Level_1,instance_00005,Main Score,100
3758,guesswhat,Qwen3.6-35B-A3B-FP8-without-reasoning,Level_1,instance_00005,Invalid format guesser response,0
3759,guesswhat,Qwen3.6-35B-A3B-FP8-without-reasoning,Level_1,instance_00005,Invalid format answerer response,0
3760,guesswhat,Qwen3.6-35B-A3B-FP8-without-reasoning,Level_1,instance_00005,Invalid content guesser response,0
3761,guesswhat,Qwen3.6-35B-A3B-FP8-without-reasoning,Level_1,instance_00005,Invalid content answerer response,0
3762,guesswhat,Qwen3.6-35B-A3B-FP8-without-reasoning,Level_1,instance_00002,Violated Request Count,0
3763,guesswhat,Qwen3.6-35B-A3B-FP8-without-reasoning,Level_1,instance_00002,Parsed Request Count,4
3764,guesswhat,Qwen3.6-35B-A3B-FP8-without-reasoning,Level_1,instance_00002,Request Count,4
3765,guesswhat,Qwen3.6-35B-A3B-FP8-without-reasoning,Level_1,instance_00002,Request Success Ratio,1.0
3766,guesswhat,Qwen3.6-35B-A3B-FP8-without-reasoning,Level_1,instance_00002,Aborted,0
3767,guesswhat,Qwen3.6-35B-A3B-FP8-without-reasoning,Level_1,instance_00002,Success,1
3768,guesswhat,Qwen3.6-35B-A3B-FP8-without-reasoning,Level_1,instance_00002,Lose,0
3769,guesswhat,Qwen3.6-35B-A3B-FP8-without-reasoning,Level_1,instance_00002,Speed,100
3770,guesswhat,Qwen3.6-35B-A3B-FP8-without-reasoning,Level_1,instance_00002,Main Score,100
3771,guesswhat,Qwen3.6-35B-A3B-FP8-without-reasoning,Level_1,instance_00002,Invalid format guesser response,0
3772,guesswhat,Qwen3.6-35B-A3B-FP8-without-reasoning,Level_1,instance_00002,Invalid format answerer response,0
3773,guesswhat,Qwen3.6-35B-A3B-FP8-without-reasoning,Level_1,instance_00002,Invalid content guesser response,0
3774,guesswhat,Qwen3.6-35B-A3B-FP8-without-reasoning,Level_1,instance_00002,Invalid content answerer response,0
3775,guesswhat,Qwen3.6-35B-A3B-FP8-without-reasoning,Level_1,instance_00003,Violated Request Count,0
3776,guesswhat,Qwen3.6-35B-A3B-FP8-without-reasoning,Level_1,instance_00003,Parsed Request Count,6
3777,guesswhat,Qwen3.6-35B-A3B-FP8-without-reasoning,Level_1,instance_00003,Request Count,6
3778,guesswhat,Qwen3.6-35B-A3B-FP8-without-reasoning,Level_1,instance_00003,Request Success Ratio,1.0
3779,guesswhat,Qwen3.6-35B-A3B-FP8-without-reasoning,Level_1,instance_00003,Aborted,0
3780,guesswhat,Qwen3.6-35B-A3B-FP8-without-reasoning,Level_1,instance_00003,Success,1
3781,guesswhat,Qwen3.6-35B-A3B-FP8-without-reasoning,Level_1,instance_00003,Lose,0
3782,guesswhat,Qwen3.6-35B-A3B-FP8-without-reasoning,Level_1,instance_00003,Speed,66.66666666666667
3783,guesswhat,Qwen3.6-35B-A3B-FP8-without-reasoning,Level_1,instance_00003,Main Score,66.66666666666667
3784,guesswhat,Qwen3.6-35B-A3B-FP8-without-reasoning,Level_1,instance_00003,Invalid format guesser response,0
3785,guesswhat,Qwen3.6-35B-A3B-FP8-without-reasoning,Level_1,instance_00003,Invalid format answerer response,0
3786,guesswhat,Qwen3.6-35B-A3B-FP8-without-reasoning,Level_1,instance_00003,Invalid content guesser response,0
3787,guesswhat,Qwen3.6-35B-A3B-FP8-without-reasoning,Level_1,instance_00003,Invalid content answerer response,0
3788,guesswhat,Qwen3.6-35B-A3B-FP8-without-reasoning,Level_1,instance_00004,Violated Request Count,0
3789,guesswhat,Qwen3.6-35B-A3B-FP8-without-reasoning,Level_1,instance_00004,Parsed Request Count,6
3790,guesswhat,Qwen3.6-35B-A3B-FP8-without-reasoning,Level_1,instance_00004,Request Count,6
3791,guesswhat,Qwen3.6-35B-A3B-FP8-without-reasoning,Level_1,instance_00004,Request Success Ratio,1.0
3792,guesswhat,Qwen3.6-35B-A3B-FP8-without-reasoning,Level_1,instance_00004,Aborted,0
3793,guesswhat,Qwen3.6-35B-A3B-FP8-without-reasoning,Level_1,instance_00004,Success,1
3794,guesswhat,Qwen3.6-35B-A3B-FP8-without-reasoning,Level_1,instance_00004,Lose,0
3795,guesswhat,Qwen3.6-35B-A3B-FP8-without-reasoning,Level_1,instance_00004,Speed,66.66666666666667
3796,guesswhat,Qwen3.6-35B-A3B-FP8-without-reasoning,Level_1,instance_00004,Main Score,66.66666666666667
3797,guesswhat,Qwen3.6-35B-A3B-FP8-without-reasoning,Level_1,instance_00004,Invalid format guesser response,0
3798,guesswhat,Qwen3.6-35B-A3B-FP8-without-reasoning,Level_1,instance_00004,Invalid format answerer response,0
3799,guesswhat,Qwen3.6-35B-A3B-FP8-without-reasoning,Level_1,instance_00004,Invalid content guesser response,0
3800,guesswhat,Qwen3.6-35B-A3B-FP8-without-reasoning,Level_1,instance_00004,Invalid content answerer response,0
3801,guesswhat,Qwen3.6-35B-A3B-FP8-without-reasoning,Level_1,instance_00008,Violated Request Count,0
3802,guesswhat,Qwen3.6-35B-A3B-FP8-without-reasoning,Level_1,instance_00008,Parsed Request Count,5
3803,guesswhat,Qwen3.6-35B-A3B-FP8-without-reasoning,Level_1,instance_00008,Request Count,5
3804,guesswhat,Qwen3.6-35B-A3B-FP8-without-reasoning,Level_1,instance_00008,Request Success Ratio,1.0
3805,guesswhat,Qwen3.6-35B-A3B-FP8-without-reasoning,Level_1,instance_00008,Aborted,0
3806,guesswhat,Qwen3.6-35B-A3B-FP8-without-reasoning,Level_1,instance_00008,Success,1
3807,guesswhat,Qwen3.6-35B-A3B-FP8-without-reasoning,Level_1,instance_00008,Lose,0
3808,guesswhat,Qwen3.6-35B-A3B-FP8-without-reasoning,Level_1,instance_00008,Speed,100
3809,guesswhat,Qwen3.6-35B-A3B-FP8-without-reasoning,Level_1,instance_00008,Main Score,100
3810,guesswhat,Qwen3.6-35B-A3B-FP8-without-reasoning,Level_1,instance_00008,Invalid format guesser response,0
3811,guesswhat,Qwen3.6-35B-A3B-FP8-without-reasoning,Level_1,instance_00008,Invalid format answerer response,0
3812,guesswhat,Qwen3.6-35B-A3B-FP8-without-reasoning,Level_1,instance_00008,Invalid content guesser response,0
3813,guesswhat,Qwen3.6-35B-A3B-FP8-without-reasoning,Level_1,instance_00008,Invalid content answerer response,0
3814,guesswhat,Qwen3.6-35B-A3B-FP8-without-reasoning,Level_1,instance_00001,Violated Request Count,0
3815,guesswhat,Qwen3.6-35B-A3B-FP8-without-reasoning,Level_1,instance_00001,Parsed Request Count,6
3816,guesswhat,Qwen3.6-35B-A3B-FP8-without-reasoning,Level_1,instance_00001,Request Count,6
3817,guesswhat,Qwen3.6-35B-A3B-FP8-without-reasoning,Level_1,instance_00001,Request Success Ratio,1.0
3818,guesswhat,Qwen3.6-35B-A3B-FP8-without-reasoning,Level_1,instance_00001,Aborted,0
3819,guesswhat,Qwen3.6-35B-A3B-FP8-without-reasoning,Level_1,instance_00001,Success,1
3820,guesswhat,Qwen3.6-35B-A3B-FP8-without-reasoning,Level_1,instance_00001,Lose,0
3821,guesswhat,Qwen3.6-35B-A3B-FP8-without-reasoning,Level_1,instance_00001,Speed,66.66666666666667
3822,guesswhat,Qwen3.6-35B-A3B-FP8-without-reasoning,Level_1,instance_00001,Main Score,66.66666666666667
3823,guesswhat,Qwen3.6-35B-A3B-FP8-without-reasoning,Level_1,instance_00001,Invalid format guesser response,0
3824,guesswhat,Qwen3.6-35B-A3B-FP8-without-reasoning,Level_1,instance_00001,Invalid format answerer response,0
3825,guesswhat,Qwen3.6-35B-A3B-FP8-without-reasoning,Level_1,instance_00001,Invalid content guesser response,0
3826,guesswhat,Qwen3.6-35B-A3B-FP8-without-reasoning,Level_1,instance_00001,Invalid content answerer response,0
3827,guesswhat,Qwen3.6-35B-A3B-FP8-without-reasoning,Level_1,instance_00006,Violated Request Count,0
3828,guesswhat,Qwen3.6-35B-A3B-FP8-without-reasoning,Level_1,instance_00006,Parsed Request Count,8
3829,guesswhat,Qwen3.6-35B-A3B-FP8-without-reasoning,Level_1,instance_00006,Request Count,8
3830,guesswhat,Qwen3.6-35B-A3B-FP8-without-reasoning,Level_1,instance_00006,Request Success Ratio,1.0
3831,guesswhat,Qwen3.6-35B-A3B-FP8-without-reasoning,Level_1,instance_00006,Aborted,0
3832,guesswhat,Qwen3.6-35B-A3B-FP8-without-reasoning,Level_1,instance_00006,Success,1
3833,guesswhat,Qwen3.6-35B-A3B-FP8-without-reasoning,Level_1,instance_00006,Lose,0
3834,guesswhat,Qwen3.6-35B-A3B-FP8-without-reasoning,Level_1,instance_00006,Speed,0
3835,guesswhat,Qwen3.6-35B-A3B-FP8-without-reasoning,Level_1,instance_00006,Main Score,0
3836,guesswhat,Qwen3.6-35B-A3B-FP8-without-reasoning,Level_1,instance_00006,Invalid format guesser response,0
3837,guesswhat,Qwen3.6-35B-A3B-FP8-without-reasoning,Level_1,instance_00006,Invalid format answerer response,0
3838,guesswhat,Qwen3.6-35B-A3B-FP8-without-reasoning,Level_1,instance_00006,Invalid content guesser response,0
3839,guesswhat,Qwen3.6-35B-A3B-FP8-without-reasoning,Level_1,instance_00006,Invalid content answerer response,0
3840,guesswhat,Qwen3.6-35B-A3B-FP8-without-reasoning,Level_1,instance_00007,Violated Request Count,0
3841,guesswhat,Qwen3.6-35B-A3B-FP8-without-reasoning,Level_1,instance_00007,Parsed Request Count,7
3842,guesswhat,Qwen3.6-35B-A3B-FP8-without-reasoning,Level_1,instance_00007,Request Count,7
3843,guesswhat,Qwen3.6-35B-A3B-FP8-without-reasoning,Level_1,instance_00007,Request Success Ratio,1.0
3844,guesswhat,Qwen3.6-35B-A3B-FP8-without-reasoning,Level_1,instance_00007,Aborted,0
3845,guesswhat,Qwen3.6-35B-A3B-FP8-without-reasoning,Level_1,instance_00007,Success,1
3846,guesswhat,Qwen3.6-35B-A3B-FP8-without-reasoning,Level_1,instance_00007,Lose,0
3847,guesswhat,Qwen3.6-35B-A3B-FP8-without-reasoning,Level_1,instance_00007,Speed,33.333333333333336
3848,guesswhat,Qwen3.6-35B-A3B-FP8-without-reasoning,Level_1,instance_00007,Main Score,33.333333333333336
3849,guesswhat,Qwen3.6-35B-A3B-FP8-without-reasoning,Level_1,instance_00007,Invalid format guesser response,0
3850,guesswhat,Qwen3.6-35B-A3B-FP8-without-reasoning,Level_1,instance_00007,Invalid format answerer response,0
3851,guesswhat,Qwen3.6-35B-A3B-FP8-without-reasoning,Level_1,instance_00007,Invalid content guesser response,0
3852,guesswhat,Qwen3.6-35B-A3B-FP8-without-reasoning,Level_1,instance_00007,Invalid content answerer response,0
3853,guesswhat,Qwen3.6-35B-A3B-FP8-without-reasoning,Level_1,instance_00000,Violated Request Count,0
3854,guesswhat,Qwen3.6-35B-A3B-FP8-without-reasoning,Level_1,instance_00000,Parsed Request Count,7
3855,guesswhat,Qwen3.6-35B-A3B-FP8-without-reasoning,Level_1,instance_00000,Request Count,7
3856,guesswhat,Qwen3.6-35B-A3B-FP8-without-reasoning,Level_1,instance_00000,Request Success Ratio,1.0
3857,guesswhat,Qwen3.6-35B-A3B-FP8-without-reasoning,Level_1,instance_00000,Aborted,0
3858,guesswhat,Qwen3.6-35B-A3B-FP8-without-reasoning,Level_1,instance_00000,Success,0
3859,guesswhat,Qwen3.6-35B-A3B-FP8-without-reasoning,Level_1,instance_00000,Lose,1
3860,guesswhat,Qwen3.6-35B-A3B-FP8-without-reasoning,Level_1,instance_00000,Main Score,0
3861,guesswhat,Qwen3.6-35B-A3B-FP8-without-reasoning,Level_1,instance_00000,Invalid format guesser response,0
3862,guesswhat,Qwen3.6-35B-A3B-FP8-without-reasoning,Level_1,instance_00000,Invalid format answerer response,0
3863,guesswhat,Qwen3.6-35B-A3B-FP8-without-reasoning,Level_1,instance_00000,Invalid content guesser response,0
3864,guesswhat,Qwen3.6-35B-A3B-FP8-without-reasoning,Level_1,instance_00000,Invalid content answerer response,0
3865,guesswhat,Qwen3.6-35B-A3B-FP8-without-reasoning,Level_1,instance_00009,Violated Request Count,0
3866,guesswhat,Qwen3.6-35B-A3B-FP8-without-reasoning,Level_1,instance_00009,Parsed Request Count,4
3867,guesswhat,Qwen3.6-35B-A3B-FP8-without-reasoning,Level_1,instance_00009,Request Count,4
3868,guesswhat,Qwen3.6-35B-A3B-FP8-without-reasoning,Level_1,instance_00009,Request Success Ratio,1.0
3869,guesswhat,Qwen3.6-35B-A3B-FP8-without-reasoning,Level_1,instance_00009,Aborted,0
3870,guesswhat,Qwen3.6-35B-A3B-FP8-without-reasoning,Level_1,instance_00009,Success,1
3871,guesswhat,Qwen3.6-35B-A3B-FP8-without-reasoning,Level_1,instance_00009,Lose,0
3872,guesswhat,Qwen3.6-35B-A3B-FP8-without-reasoning,Level_1,instance_00009,Speed,100
3873,guesswhat,Qwen3.6-35B-A3B-FP8-without-reasoning,Level_1,instance_00009,Main Score,100
3874,guesswhat,Qwen3.6-35B-A3B-FP8-without-reasoning,Level_1,instance_00009,Invalid format guesser response,0
3875,guesswhat,Qwen3.6-35B-A3B-FP8-without-reasoning,Level_1,instance_00009,Invalid format answerer response,0
3876,guesswhat,Qwen3.6-35B-A3B-FP8-without-reasoning,Level_1,instance_00009,Invalid content guesser response,0
3877,guesswhat,Qwen3.6-35B-A3B-FP8-without-reasoning,Level_1,instance_00009,Invalid content answerer response,0
3878,textmapworld_graphreasoning,Qwen3.6-35B-A3B-FP8-without-reasoning,large,instance_00002,Success,0
3879,textmapworld_graphreasoning,Qwen3.6-35B-A3B-FP8-without-reasoning,large,instance_00002,Aborted,0
3880,textmapworld_graphreasoning,Qwen3.6-35B-A3B-FP8-without-reasoning,large,instance_00002,Lose,1
3881,textmapworld_graphreasoning,Qwen3.6-35B-A3B-FP8-without-reasoning,large,instance_00002,moves,9
3882,textmapworld_graphreasoning,Qwen3.6-35B-A3B-FP8-without-reasoning,large,instance_00002,valid_moves,9
3883,textmapworld_graphreasoning,Qwen3.6-35B-A3B-FP8-without-reasoning,large,instance_00002,invalid_moves,0
3884,textmapworld_graphreasoning,Qwen3.6-35B-A3B-FP8-without-reasoning,large,instance_00002,stopped,1
3885,textmapworld_graphreasoning,Qwen3.6-35B-A3B-FP8-without-reasoning,large,instance_00002,turns_limit,0
3886,textmapworld_graphreasoning,Qwen3.6-35B-A3B-FP8-without-reasoning,large,instance_00002,loops,1
3887,textmapworld_graphreasoning,Qwen3.6-35B-A3B-FP8-without-reasoning,large,instance_00002,number_visited,6
3888,textmapworld_graphreasoning,Qwen3.6-35B-A3B-FP8-without-reasoning,large,instance_00002,seen,7
3889,textmapworld_graphreasoning,Qwen3.6-35B-A3B-FP8-without-reasoning,large,instance_00002,efficiency,55.55555555555556
3890,textmapworld_graphreasoning,Qwen3.6-35B-A3B-FP8-without-reasoning,large,instance_00002,exploration,75.0
3891,textmapworld_graphreasoning,Qwen3.6-35B-A3B-FP8-without-reasoning,large,instance_00002,graph_similarity,0
3892,textmapworld_graphreasoning,Qwen3.6-35B-A3B-FP8-without-reasoning,large,instance_00002,Main Score,63.82978723404256
3893,textmapworld_graphreasoning,Qwen3.6-35B-A3B-FP8-without-reasoning,large,instance_00028,Aborted,1
3894,textmapworld_graphreasoning,Qwen3.6-35B-A3B-FP8-without-reasoning,large,instance_00028,Success,0
3895,textmapworld_graphreasoning,Qwen3.6-35B-A3B-FP8-without-reasoning,large,instance_00028,Lose,0
3896,textmapworld_graphreasoning,Qwen3.6-35B-A3B-FP8-without-reasoning,large,instance_00028,moves,
3897,textmapworld_graphreasoning,Qwen3.6-35B-A3B-FP8-without-reasoning,large,instance_00028,valid_moves,
3898,textmapworld_graphreasoning,Qwen3.6-35B-A3B-FP8-without-reasoning,large,instance_00028,invalid_moves,
3899,textmapworld_graphreasoning,Qwen3.6-35B-A3B-FP8-without-reasoning,large,instance_00028,stopped,
3900,textmapworld_graphreasoning,Qwen3.6-35B-A3B-FP8-without-reasoning,large,instance_00028,turns_limit,
3901,textmapworld_graphreasoning,Qwen3.6-35B-A3B-FP8-without-reasoning,large,instance_00028,loops,
3902,textmapworld_graphreasoning,Qwen3.6-35B-A3B-FP8-without-reasoning,large,instance_00028,number_visited,
3903,textmapworld_graphreasoning,Qwen3.6-35B-A3B-FP8-without-reasoning,large,instance_00028,seen,
3904,textmapworld_graphreasoning,Qwen3.6-35B-A3B-FP8-without-reasoning,large,instance_00028,efficiency,
3905,textmapworld_graphreasoning,Qwen3.6-35B-A3B-FP8-without-reasoning,large,instance_00028,exploration,
3906,textmapworld_graphreasoning,Qwen3.6-35B-A3B-FP8-without-reasoning,large,instance_00028,graph_similarity,
3907,textmapworld_graphreasoning,Qwen3.6-35B-A3B-FP8-without-reasoning,large,instance_00028,Main Score,
3908,textmapworld_graphreasoning,Qwen3.6-35B-A3B-FP8-without-reasoning,large,instance_00026,Success,0
3909,textmapworld_graphreasoning,Qwen3.6-35B-A3B-FP8-without-reasoning,large,instance_00026,Aborted,0
3910,textmapworld_graphreasoning,Qwen3.6-35B-A3B-FP8-without-reasoning,large,instance_00026,Lose,1
3911,textmapworld_graphreasoning,Qwen3.6-35B-A3B-FP8-without-reasoning,large,instance_00026,moves,6
3912,textmapworld_graphreasoning,Qwen3.6-35B-A3B-FP8-without-reasoning,large,instance_00026,valid_moves,6
3913,textmapworld_graphreasoning,Qwen3.6-35B-A3B-FP8-without-reasoning,large,instance_00026,invalid_moves,0
3914,textmapworld_graphreasoning,Qwen3.6-35B-A3B-FP8-without-reasoning,large,instance_00026,stopped,1
3915,textmapworld_graphreasoning,Qwen3.6-35B-A3B-FP8-without-reasoning,large,instance_00026,turns_limit,0
3916,textmapworld_graphreasoning,Qwen3.6-35B-A3B-FP8-without-reasoning,large,instance_00026,loops,0
3917,textmapworld_graphreasoning,Qwen3.6-35B-A3B-FP8-without-reasoning,large,instance_00026,number_visited,4
3918,textmapworld_graphreasoning,Qwen3.6-35B-A3B-FP8-without-reasoning,large,instance_00026,seen,5
3919,textmapworld_graphreasoning,Qwen3.6-35B-A3B-FP8-without-reasoning,large,instance_00026,efficiency,66.66666666666666
3920,textmapworld_graphreasoning,Qwen3.6-35B-A3B-FP8-without-reasoning,large,instance_00026,exploration,50.0
3921,textmapworld_graphreasoning,Qwen3.6-35B-A3B-FP8-without-reasoning,large,instance_00026,graph_similarity,0
3922,textmapworld_graphreasoning,Qwen3.6-35B-A3B-FP8-without-reasoning,large,instance_00026,Main Score,57.14285714285714
3923,textmapworld_graphreasoning,Qwen3.6-35B-A3B-FP8-without-reasoning,large,instance_00021,Success,0
3924,textmapworld_graphreasoning,Qwen3.6-35B-A3B-FP8-without-reasoning,large,instance_00021,Aborted,0
3925,textmapworld_graphreasoning,Qwen3.6-35B-A3B-FP8-without-reasoning,large,instance_00021,Lose,1
3926,textmapworld_graphreasoning,Qwen3.6-35B-A3B-FP8-without-reasoning,large,instance_00021,moves,8
3927,textmapworld_graphreasoning,Qwen3.6-35B-A3B-FP8-without-reasoning,large,instance_00021,valid_moves,8
3928,textmapworld_graphreasoning,Qwen3.6-35B-A3B-FP8-without-reasoning,large,instance_00021,invalid_moves,0
3929,textmapworld_graphreasoning,Qwen3.6-35B-A3B-FP8-without-reasoning,large,instance_00021,stopped,1
3930,textmapworld_graphreasoning,Qwen3.6-35B-A3B-FP8-without-reasoning,large,instance_00021,turns_limit,0
3931,textmapworld_graphreasoning,Qwen3.6-35B-A3B-FP8-without-reasoning,large,instance_00021,loops,0
3932,textmapworld_graphreasoning,Qwen3.6-35B-A3B-FP8-without-reasoning,large,instance_00021,number_visited,3
3933,textmapworld_graphreasoning,Qwen3.6-35B-A3B-FP8-without-reasoning,large,instance_00021,seen,5
3934,textmapworld_graphreasoning,Qwen3.6-35B-A3B-FP8-without-reasoning,large,instance_00021,efficiency,37.5
3935,textmapworld_graphreasoning,Qwen3.6-35B-A3B-FP8-without-reasoning,large,instance_00021,exploration,37.5
3936,textmapworld_graphreasoning,Qwen3.6-35B-A3B-FP8-without-reasoning,large,instance_00021,graph_similarity,0
3937,textmapworld_graphreasoning,Qwen3.6-35B-A3B-FP8-without-reasoning,large,instance_00021,Main Score,37.5
3938,textmapworld_graphreasoning,Qwen3.6-35B-A3B-FP8-without-reasoning,large,instance_00020,Aborted,1
3939,textmapworld_graphreasoning,Qwen3.6-35B-A3B-FP8-without-reasoning,large,instance_00020,Success,0
3940,textmapworld_graphreasoning,Qwen3.6-35B-A3B-FP8-without-reasoning,large,instance_00020,Lose,0
3941,textmapworld_graphreasoning,Qwen3.6-35B-A3B-FP8-without-reasoning,large,instance_00020,moves,
3942,textmapworld_graphreasoning,Qwen3.6-35B-A3B-FP8-without-reasoning,large,instance_00020,valid_moves,
3943,textmapworld_graphreasoning,Qwen3.6-35B-A3B-FP8-without-reasoning,large,instance_00020,invalid_moves,
3944,textmapworld_graphreasoning,Qwen3.6-35B-A3B-FP8-without-reasoning,large,instance_00020,stopped,
3945,textmapworld_graphreasoning,Qwen3.6-35B-A3B-FP8-without-reasoning,large,instance_00020,turns_limit,
3946,textmapworld_graphreasoning,Qwen3.6-35B-A3B-FP8-without-reasoning,large,instance_00020,loops,
3947,textmapworld_graphreasoning,Qwen3.6-35B-A3B-FP8-without-reasoning,large,instance_00020,number_visited,
3948,textmapworld_graphreasoning,Qwen3.6-35B-A3B-FP8-without-reasoning,large,instance_00020,seen,
3949,textmapworld_graphreasoning,Qwen3.6-35B-A3B-FP8-without-reasoning,large,instance_00020,efficiency,
3950,textmapworld_graphreasoning,Qwen3.6-35B-A3B-FP8-without-reasoning,large,instance_00020,exploration,
3951,textmapworld_graphreasoning,Qwen3.6-35B-A3B-FP8-without-reasoning,large,instance_00020,graph_similarity,
3952,textmapworld_graphreasoning,Qwen3.6-35B-A3B-FP8-without-reasoning,large,instance_00020,Main Score,
3953,textmapworld_graphreasoning,Qwen3.6-35B-A3B-FP8-without-reasoning,large,instance_00027,Aborted,1
3954,textmapworld_graphreasoning,Qwen3.6-35B-A3B-FP8-without-reasoning,large,instance_00027,Success,0
3955,textmapworld_graphreasoning,Qwen3.6-35B-A3B-FP8-without-reasoning,large,instance_00027,Lose,0
3956,textmapworld_graphreasoning,Qwen3.6-35B-A3B-FP8-without-reasoning,large,instance_00027,moves,
3957,textmapworld_graphreasoning,Qwen3.6-35B-A3B-FP8-without-reasoning,large,instance_00027,valid_moves,
3958,textmapworld_graphreasoning,Qwen3.6-35B-A3B-FP8-without-reasoning,large,instance_00027,invalid_moves,
3959,textmapworld_graphreasoning,Qwen3.6-35B-A3B-FP8-without-reasoning,large,instance_00027,stopped,
3960,textmapworld_graphreasoning,Qwen3.6-35B-A3B-FP8-without-reasoning,large,instance_00027,turns_limit,
3961,textmapworld_graphreasoning,Qwen3.6-35B-A3B-FP8-without-reasoning,large,instance_00027,loops,
3962,textmapworld_graphreasoning,Qwen3.6-35B-A3B-FP8-without-reasoning,large,instance_00027,number_visited,
3963,textmapworld_graphreasoning,Qwen3.6-35B-A3B-FP8-without-reasoning,large,instance_00027,seen,
3964,textmapworld_graphreasoning,Qwen3.6-35B-A3B-FP8-without-reasoning,large,instance_00027,efficiency,
3965,textmapworld_graphreasoning,Qwen3.6-35B-A3B-FP8-without-reasoning,large,instance_00027,exploration,
3966,textmapworld_graphreasoning,Qwen3.6-35B-A3B-FP8-without-reasoning,large,instance_00027,graph_similarity,
3967,textmapworld_graphreasoning,Qwen3.6-35B-A3B-FP8-without-reasoning,large,instance_00027,Main Score,
3968,textmapworld_graphreasoning,Qwen3.6-35B-A3B-FP8-without-reasoning,large,instance_00029,Success,1
3969,textmapworld_graphreasoning,Qwen3.6-35B-A3B-FP8-without-reasoning,large,instance_00029,Aborted,0
3970,textmapworld_graphreasoning,Qwen3.6-35B-A3B-FP8-without-reasoning,large,instance_00029,Lose,0
3971,textmapworld_graphreasoning,Qwen3.6-35B-A3B-FP8-without-reasoning,large,instance_00029,moves,17
3972,textmapworld_graphreasoning,Qwen3.6-35B-A3B-FP8-without-reasoning,large,instance_00029,valid_moves,17
3973,textmapworld_graphreasoning,Qwen3.6-35B-A3B-FP8-without-reasoning,large,instance_00029,invalid_moves,0
3974,textmapworld_graphreasoning,Qwen3.6-35B-A3B-FP8-without-reasoning,large,instance_00029,stopped,1
3975,textmapworld_graphreasoning,Qwen3.6-35B-A3B-FP8-without-reasoning,large,instance_00029,turns_limit,0
3976,textmapworld_graphreasoning,Qwen3.6-35B-A3B-FP8-without-reasoning,large,instance_00029,loops,0
3977,textmapworld_graphreasoning,Qwen3.6-35B-A3B-FP8-without-reasoning,large,instance_00029,number_visited,8
3978,textmapworld_graphreasoning,Qwen3.6-35B-A3B-FP8-without-reasoning,large,instance_00029,seen,8
3979,textmapworld_graphreasoning,Qwen3.6-35B-A3B-FP8-without-reasoning,large,instance_00029,efficiency,58.82352941176471
3980,textmapworld_graphreasoning,Qwen3.6-35B-A3B-FP8-without-reasoning,large,instance_00029,exploration,100.0
3981,textmapworld_graphreasoning,Qwen3.6-35B-A3B-FP8-without-reasoning,large,instance_00029,graph_similarity,0
3982,textmapworld_graphreasoning,Qwen3.6-35B-A3B-FP8-without-reasoning,large,instance_00029,Main Score,74.07407407407409
3983,textmapworld_graphreasoning,Qwen3.6-35B-A3B-FP8-without-reasoning,large,instance_00022,Success,1
3984,textmapworld_graphreasoning,Qwen3.6-35B-A3B-FP8-without-reasoning,large,instance_00022,Aborted,0
3985,textmapworld_graphreasoning,Qwen3.6-35B-A3B-FP8-without-reasoning,large,instance_00022,Lose,0
3986,textmapworld_graphreasoning,Qwen3.6-35B-A3B-FP8-without-reasoning,large,instance_00022,moves,17
3987,textmapworld_graphreasoning,Qwen3.6-35B-A3B-FP8-without-reasoning,large,instance_00022,valid_moves,17
3988,textmapworld_graphreasoning,Qwen3.6-35B-A3B-FP8-without-reasoning,large,instance_00022,invalid_moves,0
3989,textmapworld_graphreasoning,Qwen3.6-35B-A3B-FP8-without-reasoning,large,instance_00022,stopped,1
3990,textmapworld_graphreasoning,Qwen3.6-35B-A3B-FP8-without-reasoning,large,instance_00022,turns_limit,0
3991,textmapworld_graphreasoning,Qwen3.6-35B-A3B-FP8-without-reasoning,large,instance_00022,loops,6
3992,textmapworld_graphreasoning,Qwen3.6-35B-A3B-FP8-without-reasoning,large,instance_00022,number_visited,8
3993,textmapworld_graphreasoning,Qwen3.6-35B-A3B-FP8-without-reasoning,large,instance_00022,seen,8
3994,textmapworld_graphreasoning,Qwen3.6-35B-A3B-FP8-without-reasoning,large,instance_00022,efficiency,58.82352941176471
3995,textmapworld_graphreasoning,Qwen3.6-35B-A3B-FP8-without-reasoning,large,instance_00022,exploration,100.0
3996,textmapworld_graphreasoning,Qwen3.6-35B-A3B-FP8-without-reasoning,large,instance_00022,graph_similarity,0
3997,textmapworld_graphreasoning,Qwen3.6-35B-A3B-FP8-without-reasoning,large,instance_00022,Main Score,74.07407407407409
3998,textmapworld_graphreasoning,Qwen3.6-35B-A3B-FP8-without-reasoning,large,instance_00025,Success,0
3999,textmapworld_graphreasoning,Qwen3.6-35B-A3B-FP8-without-reasoning,large,instance_00025,Aborted,0
4000,textmapworld_graphreasoning,Qwen3.6-35B-A3B-FP8-without-reasoning,large,instance_00025,Lose,1
4001,textmapworld_graphreasoning,Qwen3.6-35B-A3B-FP8-without-reasoning,large,instance_00025,moves,15
4002,textmapworld_graphreasoning,Qwen3.6-35B-A3B-FP8-without-reasoning,large,instance_00025,valid_moves,15
4003,textmapworld_graphreasoning,Qwen3.6-35B-A3B-FP8-without-reasoning,large,instance_00025,invalid_moves,0
4004,textmapworld_graphreasoning,Qwen3.6-35B-A3B-FP8-without-reasoning,large,instance_00025,stopped,1
4005,textmapworld_graphreasoning,Qwen3.6-35B-A3B-FP8-without-reasoning,large,instance_00025,turns_limit,0
4006,textmapworld_graphreasoning,Qwen3.6-35B-A3B-FP8-without-reasoning,large,instance_00025,loops,1
4007,textmapworld_graphreasoning,Qwen3.6-35B-A3B-FP8-without-reasoning,large,instance_00025,number_visited,6
4008,textmapworld_graphreasoning,Qwen3.6-35B-A3B-FP8-without-reasoning,large,instance_00025,seen,7
4009,textmapworld_graphreasoning,Qwen3.6-35B-A3B-FP8-without-reasoning,large,instance_00025,efficiency,53.333333333333336
4010,textmapworld_graphreasoning,Qwen3.6-35B-A3B-FP8-without-reasoning,large,instance_00025,exploration,75.0
4011,textmapworld_graphreasoning,Qwen3.6-35B-A3B-FP8-without-reasoning,large,instance_00025,graph_similarity,0
4012,textmapworld_graphreasoning,Qwen3.6-35B-A3B-FP8-without-reasoning,large,instance_00025,Main Score,62.33766233766233
4013,textmapworld_graphreasoning,Qwen3.6-35B-A3B-FP8-without-reasoning,large,instance_00024,Success,0
4014,textmapworld_graphreasoning,Qwen3.6-35B-A3B-FP8-without-reasoning,large,instance_00024,Aborted,0
4015,textmapworld_graphreasoning,Qwen3.6-35B-A3B-FP8-without-reasoning,large,instance_00024,Lose,1
4016,textmapworld_graphreasoning,Qwen3.6-35B-A3B-FP8-without-reasoning,large,instance_00024,moves,8
4017,textmapworld_graphreasoning,Qwen3.6-35B-A3B-FP8-without-reasoning,large,instance_00024,valid_moves,8
4018,textmapworld_graphreasoning,Qwen3.6-35B-A3B-FP8-without-reasoning,large,instance_00024,invalid_moves,0
4019,textmapworld_graphreasoning,Qwen3.6-35B-A3B-FP8-without-reasoning,large,instance_00024,stopped,1
4020,textmapworld_graphreasoning,Qwen3.6-35B-A3B-FP8-without-reasoning,large,instance_00024,turns_limit,0
4021,textmapworld_graphreasoning,Qwen3.6-35B-A3B-FP8-without-reasoning,large,instance_00024,loops,0
4022,textmapworld_graphreasoning,Qwen3.6-35B-A3B-FP8-without-reasoning,large,instance_00024,number_visited,5
4023,textmapworld_graphreasoning,Qwen3.6-35B-A3B-FP8-without-reasoning,large,instance_00024,seen,7
4024,textmapworld_graphreasoning,Qwen3.6-35B-A3B-FP8-without-reasoning,large,instance_00024,efficiency,50.0
4025,textmapworld_graphreasoning,Qwen3.6-35B-A3B-FP8-without-reasoning,large,instance_00024,exploration,62.5
4026,textmapworld_graphreasoning,Qwen3.6-35B-A3B-FP8-without-reasoning,large,instance_00024,graph_similarity,0
4027,textmapworld_graphreasoning,Qwen3.6-35B-A3B-FP8-without-reasoning,large,instance_00024,Main Score,55.55555555555556
4028,textmapworld_graphreasoning,Qwen3.6-35B-A3B-FP8-without-reasoning,large,instance_00023,Aborted,1
4029,textmapworld_graphreasoning,Qwen3.6-35B-A3B-FP8-without-reasoning,large,instance_00023,Success,0
4030,textmapworld_graphreasoning,Qwen3.6-35B-A3B-FP8-without-reasoning,large,instance_00023,Lose,0
4031,textmapworld_graphreasoning,Qwen3.6-35B-A3B-FP8-without-reasoning,large,instance_00023,moves,
4032,textmapworld_graphreasoning,Qwen3.6-35B-A3B-FP8-without-reasoning,large,instance_00023,valid_moves,
4033,textmapworld_graphreasoning,Qwen3.6-35B-A3B-FP8-without-reasoning,large,instance_00023,invalid_moves,
4034,textmapworld_graphreasoning,Qwen3.6-35B-A3B-FP8-without-reasoning,large,instance_00023,stopped,
4035,textmapworld_graphreasoning,Qwen3.6-35B-A3B-FP8-without-reasoning,large,instance_00023,turns_limit,
4036,textmapworld_graphreasoning,Qwen3.6-35B-A3B-FP8-without-reasoning,large,instance_00023,loops,
4037,textmapworld_graphreasoning,Qwen3.6-35B-A3B-FP8-without-reasoning,large,instance_00023,number_visited,
4038,textmapworld_graphreasoning,Qwen3.6-35B-A3B-FP8-without-reasoning,large,instance_00023,seen,
4039,textmapworld_graphreasoning,Qwen3.6-35B-A3B-FP8-without-reasoning,large,instance_00023,efficiency,
4040,textmapworld_graphreasoning,Qwen3.6-35B-A3B-FP8-without-reasoning,large,instance_00023,exploration,
4041,textmapworld_graphreasoning,Qwen3.6-35B-A3B-FP8-without-reasoning,large,instance_00023,graph_similarity,
4042,textmapworld_graphreasoning,Qwen3.6-35B-A3B-FP8-without-reasoning,large,instance_00023,Main Score,
4043,textmapworld_graphreasoning,Qwen3.6-35B-A3B-FP8-without-reasoning,medium,instance_00017,Success,0
4044,textmapworld_graphreasoning,Qwen3.6-35B-A3B-FP8-without-reasoning,medium,instance_00017,Aborted,0
4045,textmapworld_graphreasoning,Qwen3.6-35B-A3B-FP8-without-reasoning,medium,instance_00017,Lose,1
4046,textmapworld_graphreasoning,Qwen3.6-35B-A3B-FP8-without-reasoning,medium,instance_00017,moves,8
4047,textmapworld_graphreasoning,Qwen3.6-35B-A3B-FP8-without-reasoning,medium,instance_00017,valid_moves,8
4048,textmapworld_graphreasoning,Qwen3.6-35B-A3B-FP8-without-reasoning,medium,instance_00017,invalid_moves,0
4049,textmapworld_graphreasoning,Qwen3.6-35B-A3B-FP8-without-reasoning,medium,instance_00017,stopped,1
4050,textmapworld_graphreasoning,Qwen3.6-35B-A3B-FP8-without-reasoning,medium,instance_00017,turns_limit,0
4051,textmapworld_graphreasoning,Qwen3.6-35B-A3B-FP8-without-reasoning,medium,instance_00017,loops,0
4052,textmapworld_graphreasoning,Qwen3.6-35B-A3B-FP8-without-reasoning,medium,instance_00017,number_visited,4
4053,textmapworld_graphreasoning,Qwen3.6-35B-A3B-FP8-without-reasoning,medium,instance_00017,seen,5
4054,textmapworld_graphreasoning,Qwen3.6-35B-A3B-FP8-without-reasoning,medium,instance_00017,efficiency,75.0
4055,textmapworld_graphreasoning,Qwen3.6-35B-A3B-FP8-without-reasoning,medium,instance_00017,exploration,66.66666666666666
4056,textmapworld_graphreasoning,Qwen3.6-35B-A3B-FP8-without-reasoning,medium,instance_00017,graph_similarity,0
4057,textmapworld_graphreasoning,Qwen3.6-35B-A3B-FP8-without-reasoning,medium,instance_00017,Main Score,70.58823529411764
4058,textmapworld_graphreasoning,Qwen3.6-35B-A3B-FP8-without-reasoning,medium,instance_00010,Aborted,1
4059,textmapworld_graphreasoning,Qwen3.6-35B-A3B-FP8-without-reasoning,medium,instance_00010,Success,0
4060,textmapworld_graphreasoning,Qwen3.6-35B-A3B-FP8-without-reasoning,medium,instance_00010,Lose,0
4061,textmapworld_graphreasoning,Qwen3.6-35B-A3B-FP8-without-reasoning,medium,instance_00010,moves,
4062,textmapworld_graphreasoning,Qwen3.6-35B-A3B-FP8-without-reasoning,medium,instance_00010,valid_moves,
4063,textmapworld_graphreasoning,Qwen3.6-35B-A3B-FP8-without-reasoning,medium,instance_00010,invalid_moves,
4064,textmapworld_graphreasoning,Qwen3.6-35B-A3B-FP8-without-reasoning,medium,instance_00010,stopped,
4065,textmapworld_graphreasoning,Qwen3.6-35B-A3B-FP8-without-reasoning,medium,instance_00010,turns_limit,
4066,textmapworld_graphreasoning,Qwen3.6-35B-A3B-FP8-without-reasoning,medium,instance_00010,loops,
4067,textmapworld_graphreasoning,Qwen3.6-35B-A3B-FP8-without-reasoning,medium,instance_00010,number_visited,
4068,textmapworld_graphreasoning,Qwen3.6-35B-A3B-FP8-without-reasoning,medium,instance_00010,seen,
4069,textmapworld_graphreasoning,Qwen3.6-35B-A3B-FP8-without-reasoning,medium,instance_00010,efficiency,
4070,textmapworld_graphreasoning,Qwen3.6-35B-A3B-FP8-without-reasoning,medium,instance_00010,exploration,
4071,textmapworld_graphreasoning,Qwen3.6-35B-A3B-FP8-without-reasoning,medium,instance_00010,graph_similarity,
4072,textmapworld_graphreasoning,Qwen3.6-35B-A3B-FP8-without-reasoning,medium,instance_00010,Main Score,
4073,textmapworld_graphreasoning,Qwen3.6-35B-A3B-FP8-without-reasoning,medium,instance_00019,Success,0
4074,textmapworld_graphreasoning,Qwen3.6-35B-A3B-FP8-without-reasoning,medium,instance_00019,Aborted,0
4075,textmapworld_graphreasoning,Qwen3.6-35B-A3B-FP8-without-reasoning,medium,instance_00019,Lose,1
4076,textmapworld_graphreasoning,Qwen3.6-35B-A3B-FP8-without-reasoning,medium,instance_00019,moves,10
4077,textmapworld_graphreasoning,Qwen3.6-35B-A3B-FP8-without-reasoning,medium,instance_00019,valid_moves,10
4078,textmapworld_graphreasoning,Qwen3.6-35B-A3B-FP8-without-reasoning,medium,instance_00019,invalid_moves,0
4079,textmapworld_graphreasoning,Qwen3.6-35B-A3B-FP8-without-reasoning,medium,instance_00019,stopped,1
4080,textmapworld_graphreasoning,Qwen3.6-35B-A3B-FP8-without-reasoning,medium,instance_00019,turns_limit,0
4081,textmapworld_graphreasoning,Qwen3.6-35B-A3B-FP8-without-reasoning,medium,instance_00019,loops,0
4082,textmapworld_graphreasoning,Qwen3.6-35B-A3B-FP8-without-reasoning,medium,instance_00019,number_visited,4
4083,textmapworld_graphreasoning,Qwen3.6-35B-A3B-FP8-without-reasoning,medium,instance_00019,seen,5
4084,textmapworld_graphreasoning,Qwen3.6-35B-A3B-FP8-without-reasoning,medium,instance_00019,efficiency,60.0
4085,textmapworld_graphreasoning,Qwen3.6-35B-A3B-FP8-without-reasoning,medium,instance_00019,exploration,66.66666666666666
4086,textmapworld_graphreasoning,Qwen3.6-35B-A3B-FP8-without-reasoning,medium,instance_00019,graph_similarity,0
4087,textmapworld_graphreasoning,Qwen3.6-35B-A3B-FP8-without-reasoning,medium,instance_00019,Main Score,63.1578947368421
4088,textmapworld_graphreasoning,Qwen3.6-35B-A3B-FP8-without-reasoning,medium,instance_00018,Aborted,1
4089,textmapworld_graphreasoning,Qwen3.6-35B-A3B-FP8-without-reasoning,medium,instance_00018,Success,0
4090,textmapworld_graphreasoning,Qwen3.6-35B-A3B-FP8-without-reasoning,medium,instance_00018,Lose,0
4091,textmapworld_graphreasoning,Qwen3.6-35B-A3B-FP8-without-reasoning,medium,instance_00018,moves,
4092,textmapworld_graphreasoning,Qwen3.6-35B-A3B-FP8-without-reasoning,medium,instance_00018,valid_moves,
4093,textmapworld_graphreasoning,Qwen3.6-35B-A3B-FP8-without-reasoning,medium,instance_00018,invalid_moves,
4094,textmapworld_graphreasoning,Qwen3.6-35B-A3B-FP8-without-reasoning,medium,instance_00018,stopped,
4095,textmapworld_graphreasoning,Qwen3.6-35B-A3B-FP8-without-reasoning,medium,instance_00018,turns_limit,
4096,textmapworld_graphreasoning,Qwen3.6-35B-A3B-FP8-without-reasoning,medium,instance_00018,loops,
4097,textmapworld_graphreasoning,Qwen3.6-35B-A3B-FP8-without-reasoning,medium,instance_00018,number_visited,
4098,textmapworld_graphreasoning,Qwen3.6-35B-A3B-FP8-without-reasoning,medium,instance_00018,seen,
4099,textmapworld_graphreasoning,Qwen3.6-35B-A3B-FP8-without-reasoning,medium,instance_00018,efficiency,
4100,textmapworld_graphreasoning,Qwen3.6-35B-A3B-FP8-without-reasoning,medium,instance_00018,exploration,
4101,textmapworld_graphreasoning,Qwen3.6-35B-A3B-FP8-without-reasoning,medium,instance_00018,graph_similarity,
4102,textmapworld_graphreasoning,Qwen3.6-35B-A3B-FP8-without-reasoning,medium,instance_00018,Main Score,
4103,textmapworld_graphreasoning,Qwen3.6-35B-A3B-FP8-without-reasoning,medium,instance_00011,Success,1
4104,textmapworld_graphreasoning,Qwen3.6-35B-A3B-FP8-without-reasoning,medium,instance_00011,Aborted,0
4105,textmapworld_graphreasoning,Qwen3.6-35B-A3B-FP8-without-reasoning,medium,instance_00011,Lose,0
4106,textmapworld_graphreasoning,Qwen3.6-35B-A3B-FP8-without-reasoning,medium,instance_00011,moves,13
4107,textmapworld_graphreasoning,Qwen3.6-35B-A3B-FP8-without-reasoning,medium,instance_00011,valid_moves,13
4108,textmapworld_graphreasoning,Qwen3.6-35B-A3B-FP8-without-reasoning,medium,instance_00011,invalid_moves,0
4109,textmapworld_graphreasoning,Qwen3.6-35B-A3B-FP8-without-reasoning,medium,instance_00011,stopped,1
4110,textmapworld_graphreasoning,Qwen3.6-35B-A3B-FP8-without-reasoning,medium,instance_00011,turns_limit,0
4111,textmapworld_graphreasoning,Qwen3.6-35B-A3B-FP8-without-reasoning,medium,instance_00011,loops,0
4112,textmapworld_graphreasoning,Qwen3.6-35B-A3B-FP8-without-reasoning,medium,instance_00011,number_visited,6
4113,textmapworld_graphreasoning,Qwen3.6-35B-A3B-FP8-without-reasoning,medium,instance_00011,seen,6
4114,textmapworld_graphreasoning,Qwen3.6-35B-A3B-FP8-without-reasoning,medium,instance_00011,efficiency,53.84615384615385
4115,textmapworld_graphreasoning,Qwen3.6-35B-A3B-FP8-without-reasoning,medium,instance_00011,exploration,100.0
4116,textmapworld_graphreasoning,Qwen3.6-35B-A3B-FP8-without-reasoning,medium,instance_00011,graph_similarity,0
4117,textmapworld_graphreasoning,Qwen3.6-35B-A3B-FP8-without-reasoning,medium,instance_00011,Main Score,70.0
4118,textmapworld_graphreasoning,Qwen3.6-35B-A3B-FP8-without-reasoning,medium,instance_00016,Success,0
4119,textmapworld_graphreasoning,Qwen3.6-35B-A3B-FP8-without-reasoning,medium,instance_00016,Aborted,0
4120,textmapworld_graphreasoning,Qwen3.6-35B-A3B-FP8-without-reasoning,medium,instance_00016,Lose,1
4121,textmapworld_graphreasoning,Qwen3.6-35B-A3B-FP8-without-reasoning,medium,instance_00016,moves,4
4122,textmapworld_graphreasoning,Qwen3.6-35B-A3B-FP8-without-reasoning,medium,instance_00016,valid_moves,4
4123,textmapworld_graphreasoning,Qwen3.6-35B-A3B-FP8-without-reasoning,medium,instance_00016,invalid_moves,0
4124,textmapworld_graphreasoning,Qwen3.6-35B-A3B-FP8-without-reasoning,medium,instance_00016,stopped,1
4125,textmapworld_graphreasoning,Qwen3.6-35B-A3B-FP8-without-reasoning,medium,instance_00016,turns_limit,0
4126,textmapworld_graphreasoning,Qwen3.6-35B-A3B-FP8-without-reasoning,medium,instance_00016,loops,0
4127,textmapworld_graphreasoning,Qwen3.6-35B-A3B-FP8-without-reasoning,medium,instance_00016,number_visited,3
4128,textmapworld_graphreasoning,Qwen3.6-35B-A3B-FP8-without-reasoning,medium,instance_00016,seen,5
4129,textmapworld_graphreasoning,Qwen3.6-35B-A3B-FP8-without-reasoning,medium,instance_00016,efficiency,50.0
4130,textmapworld_graphreasoning,Qwen3.6-35B-A3B-FP8-without-reasoning,medium,instance_00016,exploration,50.0
4131,textmapworld_graphreasoning,Qwen3.6-35B-A3B-FP8-without-reasoning,medium,instance_00016,graph_similarity,0
4132,textmapworld_graphreasoning,Qwen3.6-35B-A3B-FP8-without-reasoning,medium,instance_00016,Main Score,50.0
4133,textmapworld_graphreasoning,Qwen3.6-35B-A3B-FP8-without-reasoning,medium,instance_00001,Aborted,1
4134,textmapworld_graphreasoning,Qwen3.6-35B-A3B-FP8-without-reasoning,medium,instance_00001,Success,0
4135,textmapworld_graphreasoning,Qwen3.6-35B-A3B-FP8-without-reasoning,medium,instance_00001,Lose,0
4136,textmapworld_graphreasoning,Qwen3.6-35B-A3B-FP8-without-reasoning,medium,instance_00001,moves,
4137,textmapworld_graphreasoning,Qwen3.6-35B-A3B-FP8-without-reasoning,medium,instance_00001,valid_moves,
4138,textmapworld_graphreasoning,Qwen3.6-35B-A3B-FP8-without-reasoning,medium,instance_00001,invalid_moves,
4139,textmapworld_graphreasoning,Qwen3.6-35B-A3B-FP8-without-reasoning,medium,instance_00001,stopped,
4140,textmapworld_graphreasoning,Qwen3.6-35B-A3B-FP8-without-reasoning,medium,instance_00001,turns_limit,
4141,textmapworld_graphreasoning,Qwen3.6-35B-A3B-FP8-without-reasoning,medium,instance_00001,loops,
4142,textmapworld_graphreasoning,Qwen3.6-35B-A3B-FP8-without-reasoning,medium,instance_00001,number_visited,
4143,textmapworld_graphreasoning,Qwen3.6-35B-A3B-FP8-without-reasoning,medium,instance_00001,seen,
4144,textmapworld_graphreasoning,Qwen3.6-35B-A3B-FP8-without-reasoning,medium,instance_00001,efficiency,
4145,textmapworld_graphreasoning,Qwen3.6-35B-A3B-FP8-without-reasoning,medium,instance_00001,exploration,
4146,textmapworld_graphreasoning,Qwen3.6-35B-A3B-FP8-without-reasoning,medium,instance_00001,graph_similarity,
4147,textmapworld_graphreasoning,Qwen3.6-35B-A3B-FP8-without-reasoning,medium,instance_00001,Main Score,
4148,textmapworld_graphreasoning,Qwen3.6-35B-A3B-FP8-without-reasoning,medium,instance_00013,Aborted,1
4149,textmapworld_graphreasoning,Qwen3.6-35B-A3B-FP8-without-reasoning,medium,instance_00013,Success,0
4150,textmapworld_graphreasoning,Qwen3.6-35B-A3B-FP8-without-reasoning,medium,instance_00013,Lose,0
4151,textmapworld_graphreasoning,Qwen3.6-35B-A3B-FP8-without-reasoning,medium,instance_00013,moves,
4152,textmapworld_graphreasoning,Qwen3.6-35B-A3B-FP8-without-reasoning,medium,instance_00013,valid_moves,
4153,textmapworld_graphreasoning,Qwen3.6-35B-A3B-FP8-without-reasoning,medium,instance_00013,invalid_moves,
4154,textmapworld_graphreasoning,Qwen3.6-35B-A3B-FP8-without-reasoning,medium,instance_00013,stopped,
4155,textmapworld_graphreasoning,Qwen3.6-35B-A3B-FP8-without-reasoning,medium,instance_00013,turns_limit,
4156,textmapworld_graphreasoning,Qwen3.6-35B-A3B-FP8-without-reasoning,medium,instance_00013,loops,
4157,textmapworld_graphreasoning,Qwen3.6-35B-A3B-FP8-without-reasoning,medium,instance_00013,number_visited,
4158,textmapworld_graphreasoning,Qwen3.6-35B-A3B-FP8-without-reasoning,medium,instance_00013,seen,
4159,textmapworld_graphreasoning,Qwen3.6-35B-A3B-FP8-without-reasoning,medium,instance_00013,efficiency,
4160,textmapworld_graphreasoning,Qwen3.6-35B-A3B-FP8-without-reasoning,medium,instance_00013,exploration,
4161,textmapworld_graphreasoning,Qwen3.6-35B-A3B-FP8-without-reasoning,medium,instance_00013,graph_similarity,
4162,textmapworld_graphreasoning,Qwen3.6-35B-A3B-FP8-without-reasoning,medium,instance_00013,Main Score,
4163,textmapworld_graphreasoning,Qwen3.6-35B-A3B-FP8-without-reasoning,medium,instance_00014,Success,0
4164,textmapworld_graphreasoning,Qwen3.6-35B-A3B-FP8-without-reasoning,medium,instance_00014,Aborted,0
4165,textmapworld_graphreasoning,Qwen3.6-35B-A3B-FP8-without-reasoning,medium,instance_00014,Lose,1
4166,textmapworld_graphreasoning,Qwen3.6-35B-A3B-FP8-without-reasoning,medium,instance_00014,moves,7
4167,textmapworld_graphreasoning,Qwen3.6-35B-A3B-FP8-without-reasoning,medium,instance_00014,valid_moves,7
4168,textmapworld_graphreasoning,Qwen3.6-35B-A3B-FP8-without-reasoning,medium,instance_00014,invalid_moves,0
4169,textmapworld_graphreasoning,Qwen3.6-35B-A3B-FP8-without-reasoning,medium,instance_00014,stopped,1
4170,textmapworld_graphreasoning,Qwen3.6-35B-A3B-FP8-without-reasoning,medium,instance_00014,turns_limit,0
4171,textmapworld_graphreasoning,Qwen3.6-35B-A3B-FP8-without-reasoning,medium,instance_00014,loops,2
4172,textmapworld_graphreasoning,Qwen3.6-35B-A3B-FP8-without-reasoning,medium,instance_00014,number_visited,5
4173,textmapworld_graphreasoning,Qwen3.6-35B-A3B-FP8-without-reasoning,medium,instance_00014,seen,6
4174,textmapworld_graphreasoning,Qwen3.6-35B-A3B-FP8-without-reasoning,medium,instance_00014,efficiency,71.42857142857143
4175,textmapworld_graphreasoning,Qwen3.6-35B-A3B-FP8-without-reasoning,medium,instance_00014,exploration,83.33333333333334
4176,textmapworld_graphreasoning,Qwen3.6-35B-A3B-FP8-without-reasoning,medium,instance_00014,graph_similarity,0
4177,textmapworld_graphreasoning,Qwen3.6-35B-A3B-FP8-without-reasoning,medium,instance_00014,Main Score,76.92307692307693
4178,textmapworld_graphreasoning,Qwen3.6-35B-A3B-FP8-without-reasoning,medium,instance_00015,Aborted,1
4179,textmapworld_graphreasoning,Qwen3.6-35B-A3B-FP8-without-reasoning,medium,instance_00015,Success,0
4180,textmapworld_graphreasoning,Qwen3.6-35B-A3B-FP8-without-reasoning,medium,instance_00015,Lose,0
4181,textmapworld_graphreasoning,Qwen3.6-35B-A3B-FP8-without-reasoning,medium,instance_00015,moves,
4182,textmapworld_graphreasoning,Qwen3.6-35B-A3B-FP8-without-reasoning,medium,instance_00015,valid_moves,
4183,textmapworld_graphreasoning,Qwen3.6-35B-A3B-FP8-without-reasoning,medium,instance_00015,invalid_moves,
4184,textmapworld_graphreasoning,Qwen3.6-35B-A3B-FP8-without-reasoning,medium,instance_00015,stopped,
4185,textmapworld_graphreasoning,Qwen3.6-35B-A3B-FP8-without-reasoning,medium,instance_00015,turns_limit,
4186,textmapworld_graphreasoning,Qwen3.6-35B-A3B-FP8-without-reasoning,medium,instance_00015,loops,
4187,textmapworld_graphreasoning,Qwen3.6-35B-A3B-FP8-without-reasoning,medium,instance_00015,number_visited,
4188,textmapworld_graphreasoning,Qwen3.6-35B-A3B-FP8-without-reasoning,medium,instance_00015,seen,
4189,textmapworld_graphreasoning,Qwen3.6-35B-A3B-FP8-without-reasoning,medium,instance_00015,efficiency,
4190,textmapworld_graphreasoning,Qwen3.6-35B-A3B-FP8-without-reasoning,medium,instance_00015,exploration,
4191,textmapworld_graphreasoning,Qwen3.6-35B-A3B-FP8-without-reasoning,medium,instance_00015,graph_similarity,
4192,textmapworld_graphreasoning,Qwen3.6-35B-A3B-FP8-without-reasoning,medium,instance_00015,Main Score,
4193,textmapworld_graphreasoning,Qwen3.6-35B-A3B-FP8-without-reasoning,medium,instance_00012,Success,0
4194,textmapworld_graphreasoning,Qwen3.6-35B-A3B-FP8-without-reasoning,medium,instance_00012,Aborted,0
4195,textmapworld_graphreasoning,Qwen3.6-35B-A3B-FP8-without-reasoning,medium,instance_00012,Lose,1
4196,textmapworld_graphreasoning,Qwen3.6-35B-A3B-FP8-without-reasoning,medium,instance_00012,moves,3
4197,textmapworld_graphreasoning,Qwen3.6-35B-A3B-FP8-without-reasoning,medium,instance_00012,valid_moves,3
4198,textmapworld_graphreasoning,Qwen3.6-35B-A3B-FP8-without-reasoning,medium,instance_00012,invalid_moves,0
4199,textmapworld_graphreasoning,Qwen3.6-35B-A3B-FP8-without-reasoning,medium,instance_00012,stopped,1
4200,textmapworld_graphreasoning,Qwen3.6-35B-A3B-FP8-without-reasoning,medium,instance_00012,turns_limit,0
4201,textmapworld_graphreasoning,Qwen3.6-35B-A3B-FP8-without-reasoning,medium,instance_00012,loops,0
4202,textmapworld_graphreasoning,Qwen3.6-35B-A3B-FP8-without-reasoning,medium,instance_00012,number_visited,4
4203,textmapworld_graphreasoning,Qwen3.6-35B-A3B-FP8-without-reasoning,medium,instance_00012,seen,5
4204,textmapworld_graphreasoning,Qwen3.6-35B-A3B-FP8-without-reasoning,medium,instance_00012,efficiency,66.66666666666666
4205,textmapworld_graphreasoning,Qwen3.6-35B-A3B-FP8-without-reasoning,medium,instance_00012,exploration,66.66666666666666
4206,textmapworld_graphreasoning,Qwen3.6-35B-A3B-FP8-without-reasoning,medium,instance_00012,graph_similarity,0
4207,textmapworld_graphreasoning,Qwen3.6-35B-A3B-FP8-without-reasoning,medium,instance_00012,Main Score,66.66666666666666
4208,textmapworld_graphreasoning,Qwen3.6-35B-A3B-FP8-without-reasoning,small,instance_00005,Success,1
4209,textmapworld_graphreasoning,Qwen3.6-35B-A3B-FP8-without-reasoning,small,instance_00005,Aborted,0
4210,textmapworld_graphreasoning,Qwen3.6-35B-A3B-FP8-without-reasoning,small,instance_00005,Lose,0
4211,textmapworld_graphreasoning,Qwen3.6-35B-A3B-FP8-without-reasoning,small,instance_00005,moves,10
4212,textmapworld_graphreasoning,Qwen3.6-35B-A3B-FP8-without-reasoning,small,instance_00005,valid_moves,10
4213,textmapworld_graphreasoning,Qwen3.6-35B-A3B-FP8-without-reasoning,small,instance_00005,invalid_moves,0
4214,textmapworld_graphreasoning,Qwen3.6-35B-A3B-FP8-without-reasoning,small,instance_00005,stopped,1
4215,textmapworld_graphreasoning,Qwen3.6-35B-A3B-FP8-without-reasoning,small,instance_00005,turns_limit,0
4216,textmapworld_graphreasoning,Qwen3.6-35B-A3B-FP8-without-reasoning,small,instance_00005,loops,1
4217,textmapworld_graphreasoning,Qwen3.6-35B-A3B-FP8-without-reasoning,small,instance_00005,number_visited,4
4218,textmapworld_graphreasoning,Qwen3.6-35B-A3B-FP8-without-reasoning,small,instance_00005,seen,4
4219,textmapworld_graphreasoning,Qwen3.6-35B-A3B-FP8-without-reasoning,small,instance_00005,efficiency,60.0
4220,textmapworld_graphreasoning,Qwen3.6-35B-A3B-FP8-without-reasoning,small,instance_00005,exploration,100.0
4221,textmapworld_graphreasoning,Qwen3.6-35B-A3B-FP8-without-reasoning,small,instance_00005,graph_similarity,0
4222,textmapworld_graphreasoning,Qwen3.6-35B-A3B-FP8-without-reasoning,small,instance_00005,Main Score,75.0
4223,textmapworld_graphreasoning,Qwen3.6-35B-A3B-FP8-without-reasoning,small,instance_00002,Success,1
4224,textmapworld_graphreasoning,Qwen3.6-35B-A3B-FP8-without-reasoning,small,instance_00002,Aborted,0
4225,textmapworld_graphreasoning,Qwen3.6-35B-A3B-FP8-without-reasoning,small,instance_00002,Lose,0
4226,textmapworld_graphreasoning,Qwen3.6-35B-A3B-FP8-without-reasoning,small,instance_00002,moves,16
4227,textmapworld_graphreasoning,Qwen3.6-35B-A3B-FP8-without-reasoning,small,instance_00002,valid_moves,16
4228,textmapworld_graphreasoning,Qwen3.6-35B-A3B-FP8-without-reasoning,small,instance_00002,invalid_moves,0
4229,textmapworld_graphreasoning,Qwen3.6-35B-A3B-FP8-without-reasoning,small,instance_00002,stopped,1
4230,textmapworld_graphreasoning,Qwen3.6-35B-A3B-FP8-without-reasoning,small,instance_00002,turns_limit,0
4231,textmapworld_graphreasoning,Qwen3.6-35B-A3B-FP8-without-reasoning,small,instance_00002,loops,0
4232,textmapworld_graphreasoning,Qwen3.6-35B-A3B-FP8-without-reasoning,small,instance_00002,number_visited,4
4233,textmapworld_graphreasoning,Qwen3.6-35B-A3B-FP8-without-reasoning,small,instance_00002,seen,4
4234,textmapworld_graphreasoning,Qwen3.6-35B-A3B-FP8-without-reasoning,small,instance_00002,efficiency,25.0
4235,textmapworld_graphreasoning,Qwen3.6-35B-A3B-FP8-without-reasoning,small,instance_00002,exploration,100.0
4236,textmapworld_graphreasoning,Qwen3.6-35B-A3B-FP8-without-reasoning,small,instance_00002,graph_similarity,0
4237,textmapworld_graphreasoning,Qwen3.6-35B-A3B-FP8-without-reasoning,small,instance_00002,Main Score,40.0
4238,textmapworld_graphreasoning,Qwen3.6-35B-A3B-FP8-without-reasoning,small,instance_00003,Success,1
4239,textmapworld_graphreasoning,Qwen3.6-35B-A3B-FP8-without-reasoning,small,instance_00003,Aborted,0
4240,textmapworld_graphreasoning,Qwen3.6-35B-A3B-FP8-without-reasoning,small,instance_00003,Lose,0
4241,textmapworld_graphreasoning,Qwen3.6-35B-A3B-FP8-without-reasoning,small,instance_00003,moves,7
4242,textmapworld_graphreasoning,Qwen3.6-35B-A3B-FP8-without-reasoning,small,instance_00003,valid_moves,7
4243,textmapworld_graphreasoning,Qwen3.6-35B-A3B-FP8-without-reasoning,small,instance_00003,invalid_moves,0
4244,textmapworld_graphreasoning,Qwen3.6-35B-A3B-FP8-without-reasoning,small,instance_00003,stopped,1
4245,textmapworld_graphreasoning,Qwen3.6-35B-A3B-FP8-without-reasoning,small,instance_00003,turns_limit,0
4246,textmapworld_graphreasoning,Qwen3.6-35B-A3B-FP8-without-reasoning,small,instance_00003,loops,1
4247,textmapworld_graphreasoning,Qwen3.6-35B-A3B-FP8-without-reasoning,small,instance_00003,number_visited,4
4248,textmapworld_graphreasoning,Qwen3.6-35B-A3B-FP8-without-reasoning,small,instance_00003,seen,4
4249,textmapworld_graphreasoning,Qwen3.6-35B-A3B-FP8-without-reasoning,small,instance_00003,efficiency,57.14285714285714
4250,textmapworld_graphreasoning,Qwen3.6-35B-A3B-FP8-without-reasoning,small,instance_00003,exploration,100.0
4251,textmapworld_graphreasoning,Qwen3.6-35B-A3B-FP8-without-reasoning,small,instance_00003,graph_similarity,0
4252,textmapworld_graphreasoning,Qwen3.6-35B-A3B-FP8-without-reasoning,small,instance_00003,Main Score,72.72727272727272
4253,textmapworld_graphreasoning,Qwen3.6-35B-A3B-FP8-without-reasoning,small,instance_00004,Success,1
4254,textmapworld_graphreasoning,Qwen3.6-35B-A3B-FP8-without-reasoning,small,instance_00004,Aborted,0
4255,textmapworld_graphreasoning,Qwen3.6-35B-A3B-FP8-without-reasoning,small,instance_00004,Lose,0
4256,textmapworld_graphreasoning,Qwen3.6-35B-A3B-FP8-without-reasoning,small,instance_00004,moves,14
4257,textmapworld_graphreasoning,Qwen3.6-35B-A3B-FP8-without-reasoning,small,instance_00004,valid_moves,14
4258,textmapworld_graphreasoning,Qwen3.6-35B-A3B-FP8-without-reasoning,small,instance_00004,invalid_moves,0
4259,textmapworld_graphreasoning,Qwen3.6-35B-A3B-FP8-without-reasoning,small,instance_00004,stopped,1
4260,textmapworld_graphreasoning,Qwen3.6-35B-A3B-FP8-without-reasoning,small,instance_00004,turns_limit,0
4261,textmapworld_graphreasoning,Qwen3.6-35B-A3B-FP8-without-reasoning,small,instance_00004,loops,2
4262,textmapworld_graphreasoning,Qwen3.6-35B-A3B-FP8-without-reasoning,small,instance_00004,number_visited,4
4263,textmapworld_graphreasoning,Qwen3.6-35B-A3B-FP8-without-reasoning,small,instance_00004,seen,4
4264,textmapworld_graphreasoning,Qwen3.6-35B-A3B-FP8-without-reasoning,small,instance_00004,efficiency,21.428571428571427
4265,textmapworld_graphreasoning,Qwen3.6-35B-A3B-FP8-without-reasoning,small,instance_00004,exploration,100.0
4266,textmapworld_graphreasoning,Qwen3.6-35B-A3B-FP8-without-reasoning,small,instance_00004,graph_similarity,0
4267,textmapworld_graphreasoning,Qwen3.6-35B-A3B-FP8-without-reasoning,small,instance_00004,Main Score,35.29411764705882
4268,textmapworld_graphreasoning,Qwen3.6-35B-A3B-FP8-without-reasoning,small,instance_00008,Success,1
4269,textmapworld_graphreasoning,Qwen3.6-35B-A3B-FP8-without-reasoning,small,instance_00008,Aborted,0
4270,textmapworld_graphreasoning,Qwen3.6-35B-A3B-FP8-without-reasoning,small,instance_00008,Lose,0
4271,textmapworld_graphreasoning,Qwen3.6-35B-A3B-FP8-without-reasoning,small,instance_00008,moves,6
4272,textmapworld_graphreasoning,Qwen3.6-35B-A3B-FP8-without-reasoning,small,instance_00008,valid_moves,6
4273,textmapworld_graphreasoning,Qwen3.6-35B-A3B-FP8-without-reasoning,small,instance_00008,invalid_moves,0
4274,textmapworld_graphreasoning,Qwen3.6-35B-A3B-FP8-without-reasoning,small,instance_00008,stopped,1
4275,textmapworld_graphreasoning,Qwen3.6-35B-A3B-FP8-without-reasoning,small,instance_00008,turns_limit,0
4276,textmapworld_graphreasoning,Qwen3.6-35B-A3B-FP8-without-reasoning,small,instance_00008,loops,0
4277,textmapworld_graphreasoning,Qwen3.6-35B-A3B-FP8-without-reasoning,small,instance_00008,number_visited,4
4278,textmapworld_graphreasoning,Qwen3.6-35B-A3B-FP8-without-reasoning,small,instance_00008,seen,4
4279,textmapworld_graphreasoning,Qwen3.6-35B-A3B-FP8-without-reasoning,small,instance_00008,efficiency,50.0
4280,textmapworld_graphreasoning,Qwen3.6-35B-A3B-FP8-without-reasoning,small,instance_00008,exploration,100.0
4281,textmapworld_graphreasoning,Qwen3.6-35B-A3B-FP8-without-reasoning,small,instance_00008,graph_similarity,0
4282,textmapworld_graphreasoning,Qwen3.6-35B-A3B-FP8-without-reasoning,small,instance_00008,Main Score,66.66666666666667
4283,textmapworld_graphreasoning,Qwen3.6-35B-A3B-FP8-without-reasoning,small,instance_00001,Success,1
4284,textmapworld_graphreasoning,Qwen3.6-35B-A3B-FP8-without-reasoning,small,instance_00001,Aborted,0
4285,textmapworld_graphreasoning,Qwen3.6-35B-A3B-FP8-without-reasoning,small,instance_00001,Lose,0
4286,textmapworld_graphreasoning,Qwen3.6-35B-A3B-FP8-without-reasoning,small,instance_00001,moves,6
4287,textmapworld_graphreasoning,Qwen3.6-35B-A3B-FP8-without-reasoning,small,instance_00001,valid_moves,6
4288,textmapworld_graphreasoning,Qwen3.6-35B-A3B-FP8-without-reasoning,small,instance_00001,invalid_moves,0
4289,textmapworld_graphreasoning,Qwen3.6-35B-A3B-FP8-without-reasoning,small,instance_00001,stopped,1
4290,textmapworld_graphreasoning,Qwen3.6-35B-A3B-FP8-without-reasoning,small,instance_00001,turns_limit,0
4291,textmapworld_graphreasoning,Qwen3.6-35B-A3B-FP8-without-reasoning,small,instance_00001,loops,0
4292,textmapworld_graphreasoning,Qwen3.6-35B-A3B-FP8-without-reasoning,small,instance_00001,number_visited,4
4293,textmapworld_graphreasoning,Qwen3.6-35B-A3B-FP8-without-reasoning,small,instance_00001,seen,4
4294,textmapworld_graphreasoning,Qwen3.6-35B-A3B-FP8-without-reasoning,small,instance_00001,efficiency,50.0
4295,textmapworld_graphreasoning,Qwen3.6-35B-A3B-FP8-without-reasoning,small,instance_00001,exploration,100.0
4296,textmapworld_graphreasoning,Qwen3.6-35B-A3B-FP8-without-reasoning,small,instance_00001,graph_similarity,0
4297,textmapworld_graphreasoning,Qwen3.6-35B-A3B-FP8-without-reasoning,small,instance_00001,Main Score,66.66666666666667
4298,textmapworld_graphreasoning,Qwen3.6-35B-A3B-FP8-without-reasoning,small,instance_00006,Success,1
4299,textmapworld_graphreasoning,Qwen3.6-35B-A3B-FP8-without-reasoning,small,instance_00006,Aborted,0
4300,textmapworld_graphreasoning,Qwen3.6-35B-A3B-FP8-without-reasoning,small,instance_00006,Lose,0
4301,textmapworld_graphreasoning,Qwen3.6-35B-A3B-FP8-without-reasoning,small,instance_00006,moves,6
4302,textmapworld_graphreasoning,Qwen3.6-35B-A3B-FP8-without-reasoning,small,instance_00006,valid_moves,6
4303,textmapworld_graphreasoning,Qwen3.6-35B-A3B-FP8-without-reasoning,small,instance_00006,invalid_moves,0
4304,textmapworld_graphreasoning,Qwen3.6-35B-A3B-FP8-without-reasoning,small,instance_00006,stopped,1
4305,textmapworld_graphreasoning,Qwen3.6-35B-A3B-FP8-without-reasoning,small,instance_00006,turns_limit,0
4306,textmapworld_graphreasoning,Qwen3.6-35B-A3B-FP8-without-reasoning,small,instance_00006,loops,0
4307,textmapworld_graphreasoning,Qwen3.6-35B-A3B-FP8-without-reasoning,small,instance_00006,number_visited,4
4308,textmapworld_graphreasoning,Qwen3.6-35B-A3B-FP8-without-reasoning,small,instance_00006,seen,4
4309,textmapworld_graphreasoning,Qwen3.6-35B-A3B-FP8-without-reasoning,small,instance_00006,efficiency,50.0
4310,textmapworld_graphreasoning,Qwen3.6-35B-A3B-FP8-without-reasoning,small,instance_00006,exploration,100.0
4311,textmapworld_graphreasoning,Qwen3.6-35B-A3B-FP8-without-reasoning,small,instance_00006,graph_similarity,0
4312,textmapworld_graphreasoning,Qwen3.6-35B-A3B-FP8-without-reasoning,small,instance_00006,Main Score,66.66666666666667
4313,textmapworld_graphreasoning,Qwen3.6-35B-A3B-FP8-without-reasoning,small,instance_00007,Success,1
4314,textmapworld_graphreasoning,Qwen3.6-35B-A3B-FP8-without-reasoning,small,instance_00007,Aborted,0
4315,textmapworld_graphreasoning,Qwen3.6-35B-A3B-FP8-without-reasoning,small,instance_00007,Lose,0
4316,textmapworld_graphreasoning,Qwen3.6-35B-A3B-FP8-without-reasoning,small,instance_00007,moves,8
4317,textmapworld_graphreasoning,Qwen3.6-35B-A3B-FP8-without-reasoning,small,instance_00007,valid_moves,8
4318,textmapworld_graphreasoning,Qwen3.6-35B-A3B-FP8-without-reasoning,small,instance_00007,invalid_moves,0
4319,textmapworld_graphreasoning,Qwen3.6-35B-A3B-FP8-without-reasoning,small,instance_00007,stopped,1
4320,textmapworld_graphreasoning,Qwen3.6-35B-A3B-FP8-without-reasoning,small,instance_00007,turns_limit,0
4321,textmapworld_graphreasoning,Qwen3.6-35B-A3B-FP8-without-reasoning,small,instance_00007,loops,2
4322,textmapworld_graphreasoning,Qwen3.6-35B-A3B-FP8-without-reasoning,small,instance_00007,number_visited,4
4323,textmapworld_graphreasoning,Qwen3.6-35B-A3B-FP8-without-reasoning,small,instance_00007,seen,4
4324,textmapworld_graphreasoning,Qwen3.6-35B-A3B-FP8-without-reasoning,small,instance_00007,efficiency,37.5
4325,textmapworld_graphreasoning,Qwen3.6-35B-A3B-FP8-without-reasoning,small,instance_00007,exploration,100.0
4326,textmapworld_graphreasoning,Qwen3.6-35B-A3B-FP8-without-reasoning,small,instance_00007,graph_similarity,0
4327,textmapworld_graphreasoning,Qwen3.6-35B-A3B-FP8-without-reasoning,small,instance_00007,Main Score,54.54545454545455
4328,textmapworld_graphreasoning,Qwen3.6-35B-A3B-FP8-without-reasoning,small,instance_00000,Success,1
4329,textmapworld_graphreasoning,Qwen3.6-35B-A3B-FP8-without-reasoning,small,instance_00000,Aborted,0
4330,textmapworld_graphreasoning,Qwen3.6-35B-A3B-FP8-without-reasoning,small,instance_00000,Lose,0
4331,textmapworld_graphreasoning,Qwen3.6-35B-A3B-FP8-without-reasoning,small,instance_00000,moves,6
4332,textmapworld_graphreasoning,Qwen3.6-35B-A3B-FP8-without-reasoning,small,instance_00000,valid_moves,6
4333,textmapworld_graphreasoning,Qwen3.6-35B-A3B-FP8-without-reasoning,small,instance_00000,invalid_moves,0
4334,textmapworld_graphreasoning,Qwen3.6-35B-A3B-FP8-without-reasoning,small,instance_00000,stopped,1
4335,textmapworld_graphreasoning,Qwen3.6-35B-A3B-FP8-without-reasoning,small,instance_00000,turns_limit,0
4336,textmapworld_graphreasoning,Qwen3.6-35B-A3B-FP8-without-reasoning,small,instance_00000,loops,0
4337,textmapworld_graphreasoning,Qwen3.6-35B-A3B-FP8-without-reasoning,small,instance_00000,number_visited,4
4338,textmapworld_graphreasoning,Qwen3.6-35B-A3B-FP8-without-reasoning,small,instance_00000,seen,4
4339,textmapworld_graphreasoning,Qwen3.6-35B-A3B-FP8-without-reasoning,small,instance_00000,efficiency,50.0
4340,textmapworld_graphreasoning,Qwen3.6-35B-A3B-FP8-without-reasoning,small,instance_00000,exploration,100.0
4341,textmapworld_graphreasoning,Qwen3.6-35B-A3B-FP8-without-reasoning,small,instance_00000,graph_similarity,0
4342,textmapworld_graphreasoning,Qwen3.6-35B-A3B-FP8-without-reasoning,small,instance_00000,Main Score,66.66666666666667
4343,textmapworld_graphreasoning,Qwen3.6-35B-A3B-FP8-without-reasoning,small,instance_00009,Success,1
4344,textmapworld_graphreasoning,Qwen3.6-35B-A3B-FP8-without-reasoning,small,instance_00009,Aborted,0
4345,textmapworld_graphreasoning,Qwen3.6-35B-A3B-FP8-without-reasoning,small,instance_00009,Lose,0
4346,textmapworld_graphreasoning,Qwen3.6-35B-A3B-FP8-without-reasoning,small,instance_00009,moves,7
4347,textmapworld_graphreasoning,Qwen3.6-35B-A3B-FP8-without-reasoning,small,instance_00009,valid_moves,7
4348,textmapworld_graphreasoning,Qwen3.6-35B-A3B-FP8-without-reasoning,small,instance_00009,invalid_moves,0
4349,textmapworld_graphreasoning,Qwen3.6-35B-A3B-FP8-without-reasoning,small,instance_00009,stopped,1
4350,textmapworld_graphreasoning,Qwen3.6-35B-A3B-FP8-without-reasoning,small,instance_00009,turns_limit,0
4351,textmapworld_graphreasoning,Qwen3.6-35B-A3B-FP8-without-reasoning,small,instance_00009,loops,0
4352,textmapworld_graphreasoning,Qwen3.6-35B-A3B-FP8-without-reasoning,small,instance_00009,number_visited,4
4353,textmapworld_graphreasoning,Qwen3.6-35B-A3B-FP8-without-reasoning,small,instance_00009,seen,4
4354,textmapworld_graphreasoning,Qwen3.6-35B-A3B-FP8-without-reasoning,small,instance_00009,efficiency,42.857142857142854
4355,textmapworld_graphreasoning,Qwen3.6-35B-A3B-FP8-without-reasoning,small,instance_00009,exploration,100.0
4356,textmapworld_graphreasoning,Qwen3.6-35B-A3B-FP8-without-reasoning,small,instance_00009,graph_similarity,0
4357,textmapworld_graphreasoning,Qwen3.6-35B-A3B-FP8-without-reasoning,small,instance_00009,Main Score,59.99999999999999
4358,textmapworld,Qwen3.6-35B-A3B-FP8-without-reasoning,large_cycle,instance_00004,Success,0
4359,textmapworld,Qwen3.6-35B-A3B-FP8-without-reasoning,large_cycle,instance_00004,Aborted,0
4360,textmapworld,Qwen3.6-35B-A3B-FP8-without-reasoning,large_cycle,instance_00004,Lose,1
4361,textmapworld,Qwen3.6-35B-A3B-FP8-without-reasoning,large_cycle,instance_00004,moves,7
4362,textmapworld,Qwen3.6-35B-A3B-FP8-without-reasoning,large_cycle,instance_00004,valid_moves,7
4363,textmapworld,Qwen3.6-35B-A3B-FP8-without-reasoning,large_cycle,instance_00004,invalid_moves,0
4364,textmapworld,Qwen3.6-35B-A3B-FP8-without-reasoning,large_cycle,instance_00004,stopped,1
4365,textmapworld,Qwen3.6-35B-A3B-FP8-without-reasoning,large_cycle,instance_00004,turns_limit,0
4366,textmapworld,Qwen3.6-35B-A3B-FP8-without-reasoning,large_cycle,instance_00004,loops,0
4367,textmapworld,Qwen3.6-35B-A3B-FP8-without-reasoning,large_cycle,instance_00004,number_visited,6
4368,textmapworld,Qwen3.6-35B-A3B-FP8-without-reasoning,large_cycle,instance_00004,seen,8
4369,textmapworld,Qwen3.6-35B-A3B-FP8-without-reasoning,large_cycle,instance_00004,efficiency,57.14285714285714
4370,textmapworld,Qwen3.6-35B-A3B-FP8-without-reasoning,large_cycle,instance_00004,exploration,75.0
4371,textmapworld,Qwen3.6-35B-A3B-FP8-without-reasoning,large_cycle,instance_00004,Main Score,64.86486486486486
4372,textmapworld,Qwen3.6-35B-A3B-FP8-without-reasoning,large_cycle,instance_00044,Success,0
4373,textmapworld,Qwen3.6-35B-A3B-FP8-without-reasoning,large_cycle,instance_00044,Aborted,0
4374,textmapworld,Qwen3.6-35B-A3B-FP8-without-reasoning,large_cycle,instance_00044,Lose,1
4375,textmapworld,Qwen3.6-35B-A3B-FP8-without-reasoning,large_cycle,instance_00044,moves,6
4376,textmapworld,Qwen3.6-35B-A3B-FP8-without-reasoning,large_cycle,instance_00044,valid_moves,6
4377,textmapworld,Qwen3.6-35B-A3B-FP8-without-reasoning,large_cycle,instance_00044,invalid_moves,0
4378,textmapworld,Qwen3.6-35B-A3B-FP8-without-reasoning,large_cycle,instance_00044,stopped,1
4379,textmapworld,Qwen3.6-35B-A3B-FP8-without-reasoning,large_cycle,instance_00044,turns_limit,0
4380,textmapworld,Qwen3.6-35B-A3B-FP8-without-reasoning,large_cycle,instance_00044,loops,0
4381,textmapworld,Qwen3.6-35B-A3B-FP8-without-reasoning,large_cycle,instance_00044,number_visited,4
4382,textmapworld,Qwen3.6-35B-A3B-FP8-without-reasoning,large_cycle,instance_00044,seen,6
4383,textmapworld,Qwen3.6-35B-A3B-FP8-without-reasoning,large_cycle,instance_00044,efficiency,66.66666666666666
4384,textmapworld,Qwen3.6-35B-A3B-FP8-without-reasoning,large_cycle,instance_00044,exploration,50.0
4385,textmapworld,Qwen3.6-35B-A3B-FP8-without-reasoning,large_cycle,instance_00044,Main Score,57.14285714285714
4386,textmapworld,Qwen3.6-35B-A3B-FP8-without-reasoning,large_cycle,instance_00043,Success,0
4387,textmapworld,Qwen3.6-35B-A3B-FP8-without-reasoning,large_cycle,instance_00043,Aborted,0
4388,textmapworld,Qwen3.6-35B-A3B-FP8-without-reasoning,large_cycle,instance_00043,Lose,1
4389,textmapworld,Qwen3.6-35B-A3B-FP8-without-reasoning,large_cycle,instance_00043,moves,9
4390,textmapworld,Qwen3.6-35B-A3B-FP8-without-reasoning,large_cycle,instance_00043,valid_moves,9
4391,textmapworld,Qwen3.6-35B-A3B-FP8-without-reasoning,large_cycle,instance_00043,invalid_moves,0
4392,textmapworld,Qwen3.6-35B-A3B-FP8-without-reasoning,large_cycle,instance_00043,stopped,1
4393,textmapworld,Qwen3.6-35B-A3B-FP8-without-reasoning,large_cycle,instance_00043,turns_limit,0
4394,textmapworld,Qwen3.6-35B-A3B-FP8-without-reasoning,large_cycle,instance_00043,loops,0
4395,textmapworld,Qwen3.6-35B-A3B-FP8-without-reasoning,large_cycle,instance_00043,number_visited,6
4396,textmapworld,Qwen3.6-35B-A3B-FP8-without-reasoning,large_cycle,instance_00043,seen,7
4397,textmapworld,Qwen3.6-35B-A3B-FP8-without-reasoning,large_cycle,instance_00043,efficiency,66.66666666666666
4398,textmapworld,Qwen3.6-35B-A3B-FP8-without-reasoning,large_cycle,instance_00043,exploration,75.0
4399,textmapworld,Qwen3.6-35B-A3B-FP8-without-reasoning,large_cycle,instance_00043,Main Score,70.58823529411764
4400,textmapworld,Qwen3.6-35B-A3B-FP8-without-reasoning,large_cycle,instance_00042,Success,0
4401,textmapworld,Qwen3.6-35B-A3B-FP8-without-reasoning,large_cycle,instance_00042,Aborted,0
4402,textmapworld,Qwen3.6-35B-A3B-FP8-without-reasoning,large_cycle,instance_00042,Lose,1
4403,textmapworld,Qwen3.6-35B-A3B-FP8-without-reasoning,large_cycle,instance_00042,moves,7
4404,textmapworld,Qwen3.6-35B-A3B-FP8-without-reasoning,large_cycle,instance_00042,valid_moves,7
4405,textmapworld,Qwen3.6-35B-A3B-FP8-without-reasoning,large_cycle,instance_00042,invalid_moves,0
4406,textmapworld,Qwen3.6-35B-A3B-FP8-without-reasoning,large_cycle,instance_00042,stopped,1
4407,textmapworld,Qwen3.6-35B-A3B-FP8-without-reasoning,large_cycle,instance_00042,turns_limit,0
4408,textmapworld,Qwen3.6-35B-A3B-FP8-without-reasoning,large_cycle,instance_00042,loops,0
4409,textmapworld,Qwen3.6-35B-A3B-FP8-without-reasoning,large_cycle,instance_00042,number_visited,5
4410,textmapworld,Qwen3.6-35B-A3B-FP8-without-reasoning,large_cycle,instance_00042,seen,7
4411,textmapworld,Qwen3.6-35B-A3B-FP8-without-reasoning,large_cycle,instance_00042,efficiency,42.857142857142854
4412,textmapworld,Qwen3.6-35B-A3B-FP8-without-reasoning,large_cycle,instance_00042,exploration,62.5
4413,textmapworld,Qwen3.6-35B-A3B-FP8-without-reasoning,large_cycle,instance_00042,Main Score,50.84745762711864
4414,textmapworld,Qwen3.6-35B-A3B-FP8-without-reasoning,large_cycle,instance_00045,Success,0
4415,textmapworld,Qwen3.6-35B-A3B-FP8-without-reasoning,large_cycle,instance_00045,Aborted,0
4416,textmapworld,Qwen3.6-35B-A3B-FP8-without-reasoning,large_cycle,instance_00045,Lose,1
4417,textmapworld,Qwen3.6-35B-A3B-FP8-without-reasoning,large_cycle,instance_00045,moves,8
4418,textmapworld,Qwen3.6-35B-A3B-FP8-without-reasoning,large_cycle,instance_00045,valid_moves,8
4419,textmapworld,Qwen3.6-35B-A3B-FP8-without-reasoning,large_cycle,instance_00045,invalid_moves,0
4420,textmapworld,Qwen3.6-35B-A3B-FP8-without-reasoning,large_cycle,instance_00045,stopped,1
4421,textmapworld,Qwen3.6-35B-A3B-FP8-without-reasoning,large_cycle,instance_00045,turns_limit,0
4422,textmapworld,Qwen3.6-35B-A3B-FP8-without-reasoning,large_cycle,instance_00045,loops,1
4423,textmapworld,Qwen3.6-35B-A3B-FP8-without-reasoning,large_cycle,instance_00045,number_visited,5
4424,textmapworld,Qwen3.6-35B-A3B-FP8-without-reasoning,large_cycle,instance_00045,seen,8
4425,textmapworld,Qwen3.6-35B-A3B-FP8-without-reasoning,large_cycle,instance_00045,efficiency,75.0
4426,textmapworld,Qwen3.6-35B-A3B-FP8-without-reasoning,large_cycle,instance_00045,exploration,62.5
4427,textmapworld,Qwen3.6-35B-A3B-FP8-without-reasoning,large_cycle,instance_00045,Main Score,68.18181818181819
4428,textmapworld,Qwen3.6-35B-A3B-FP8-without-reasoning,large_cycle,instance_00049,Success,0
4429,textmapworld,Qwen3.6-35B-A3B-FP8-without-reasoning,large_cycle,instance_00049,Aborted,0
4430,textmapworld,Qwen3.6-35B-A3B-FP8-without-reasoning,large_cycle,instance_00049,Lose,1
4431,textmapworld,Qwen3.6-35B-A3B-FP8-without-reasoning,large_cycle,instance_00049,moves,6
4432,textmapworld,Qwen3.6-35B-A3B-FP8-without-reasoning,large_cycle,instance_00049,valid_moves,6
4433,textmapworld,Qwen3.6-35B-A3B-FP8-without-reasoning,large_cycle,instance_00049,invalid_moves,0
4434,textmapworld,Qwen3.6-35B-A3B-FP8-without-reasoning,large_cycle,instance_00049,stopped,1
4435,textmapworld,Qwen3.6-35B-A3B-FP8-without-reasoning,large_cycle,instance_00049,turns_limit,0
4436,textmapworld,Qwen3.6-35B-A3B-FP8-without-reasoning,large_cycle,instance_00049,loops,0
4437,textmapworld,Qwen3.6-35B-A3B-FP8-without-reasoning,large_cycle,instance_00049,number_visited,6
4438,textmapworld,Qwen3.6-35B-A3B-FP8-without-reasoning,large_cycle,instance_00049,seen,8
4439,textmapworld,Qwen3.6-35B-A3B-FP8-without-reasoning,large_cycle,instance_00049,efficiency,100.0
4440,textmapworld,Qwen3.6-35B-A3B-FP8-without-reasoning,large_cycle,instance_00049,exploration,75.0
4441,textmapworld,Qwen3.6-35B-A3B-FP8-without-reasoning,large_cycle,instance_00049,Main Score,85.71428571428571
4442,textmapworld,Qwen3.6-35B-A3B-FP8-without-reasoning,large_cycle,instance_00040,Success,0
4443,textmapworld,Qwen3.6-35B-A3B-FP8-without-reasoning,large_cycle,instance_00040,Aborted,0
4444,textmapworld,Qwen3.6-35B-A3B-FP8-without-reasoning,large_cycle,instance_00040,Lose,1
4445,textmapworld,Qwen3.6-35B-A3B-FP8-without-reasoning,large_cycle,instance_00040,moves,6
4446,textmapworld,Qwen3.6-35B-A3B-FP8-without-reasoning,large_cycle,instance_00040,valid_moves,6
4447,textmapworld,Qwen3.6-35B-A3B-FP8-without-reasoning,large_cycle,instance_00040,invalid_moves,0
4448,textmapworld,Qwen3.6-35B-A3B-FP8-without-reasoning,large_cycle,instance_00040,stopped,1
4449,textmapworld,Qwen3.6-35B-A3B-FP8-without-reasoning,large_cycle,instance_00040,turns_limit,0
4450,textmapworld,Qwen3.6-35B-A3B-FP8-without-reasoning,large_cycle,instance_00040,loops,0
4451,textmapworld,Qwen3.6-35B-A3B-FP8-without-reasoning,large_cycle,instance_00040,number_visited,4
4452,textmapworld,Qwen3.6-35B-A3B-FP8-without-reasoning,large_cycle,instance_00040,seen,7
4453,textmapworld,Qwen3.6-35B-A3B-FP8-without-reasoning,large_cycle,instance_00040,efficiency,50.0
4454,textmapworld,Qwen3.6-35B-A3B-FP8-without-reasoning,large_cycle,instance_00040,exploration,50.0
4455,textmapworld,Qwen3.6-35B-A3B-FP8-without-reasoning,large_cycle,instance_00040,Main Score,50.0
4456,textmapworld,Qwen3.6-35B-A3B-FP8-without-reasoning,large_cycle,instance_00047,Success,0
4457,textmapworld,Qwen3.6-35B-A3B-FP8-without-reasoning,large_cycle,instance_00047,Aborted,0
4458,textmapworld,Qwen3.6-35B-A3B-FP8-without-reasoning,large_cycle,instance_00047,Lose,1
4459,textmapworld,Qwen3.6-35B-A3B-FP8-without-reasoning,large_cycle,instance_00047,moves,6
4460,textmapworld,Qwen3.6-35B-A3B-FP8-without-reasoning,large_cycle,instance_00047,valid_moves,6
4461,textmapworld,Qwen3.6-35B-A3B-FP8-without-reasoning,large_cycle,instance_00047,invalid_moves,0
4462,textmapworld,Qwen3.6-35B-A3B-FP8-without-reasoning,large_cycle,instance_00047,stopped,1
4463,textmapworld,Qwen3.6-35B-A3B-FP8-without-reasoning,large_cycle,instance_00047,turns_limit,0
4464,textmapworld,Qwen3.6-35B-A3B-FP8-without-reasoning,large_cycle,instance_00047,loops,0
4465,textmapworld,Qwen3.6-35B-A3B-FP8-without-reasoning,large_cycle,instance_00047,number_visited,4
4466,textmapworld,Qwen3.6-35B-A3B-FP8-without-reasoning,large_cycle,instance_00047,seen,6
4467,textmapworld,Qwen3.6-35B-A3B-FP8-without-reasoning,large_cycle,instance_00047,efficiency,50.0
4468,textmapworld,Qwen3.6-35B-A3B-FP8-without-reasoning,large_cycle,instance_00047,exploration,50.0
4469,textmapworld,Qwen3.6-35B-A3B-FP8-without-reasoning,large_cycle,instance_00047,Main Score,50.0
4470,textmapworld,Qwen3.6-35B-A3B-FP8-without-reasoning,large_cycle,instance_00046,Success,0
4471,textmapworld,Qwen3.6-35B-A3B-FP8-without-reasoning,large_cycle,instance_00046,Aborted,0
4472,textmapworld,Qwen3.6-35B-A3B-FP8-without-reasoning,large_cycle,instance_00046,Lose,1
4473,textmapworld,Qwen3.6-35B-A3B-FP8-without-reasoning,large_cycle,instance_00046,moves,8
4474,textmapworld,Qwen3.6-35B-A3B-FP8-without-reasoning,large_cycle,instance_00046,valid_moves,8
4475,textmapworld,Qwen3.6-35B-A3B-FP8-without-reasoning,large_cycle,instance_00046,invalid_moves,0
4476,textmapworld,Qwen3.6-35B-A3B-FP8-without-reasoning,large_cycle,instance_00046,stopped,1
4477,textmapworld,Qwen3.6-35B-A3B-FP8-without-reasoning,large_cycle,instance_00046,turns_limit,0
4478,textmapworld,Qwen3.6-35B-A3B-FP8-without-reasoning,large_cycle,instance_00046,loops,0
4479,textmapworld,Qwen3.6-35B-A3B-FP8-without-reasoning,large_cycle,instance_00046,number_visited,7
4480,textmapworld,Qwen3.6-35B-A3B-FP8-without-reasoning,large_cycle,instance_00046,seen,8
4481,textmapworld,Qwen3.6-35B-A3B-FP8-without-reasoning,large_cycle,instance_00046,efficiency,75.0
4482,textmapworld,Qwen3.6-35B-A3B-FP8-without-reasoning,large_cycle,instance_00046,exploration,87.5
4483,textmapworld,Qwen3.6-35B-A3B-FP8-without-reasoning,large_cycle,instance_00046,Main Score,80.76923076923077
4484,textmapworld,Qwen3.6-35B-A3B-FP8-without-reasoning,large_cycle,instance_00041,Success,0
4485,textmapworld,Qwen3.6-35B-A3B-FP8-without-reasoning,large_cycle,instance_00041,Aborted,0
4486,textmapworld,Qwen3.6-35B-A3B-FP8-without-reasoning,large_cycle,instance_00041,Lose,1
4487,textmapworld,Qwen3.6-35B-A3B-FP8-without-reasoning,large_cycle,instance_00041,moves,4
4488,textmapworld,Qwen3.6-35B-A3B-FP8-without-reasoning,large_cycle,instance_00041,valid_moves,4
4489,textmapworld,Qwen3.6-35B-A3B-FP8-without-reasoning,large_cycle,instance_00041,invalid_moves,0
4490,textmapworld,Qwen3.6-35B-A3B-FP8-without-reasoning,large_cycle,instance_00041,stopped,1
4491,textmapworld,Qwen3.6-35B-A3B-FP8-without-reasoning,large_cycle,instance_00041,turns_limit,0
4492,textmapworld,Qwen3.6-35B-A3B-FP8-without-reasoning,large_cycle,instance_00041,loops,0
4493,textmapworld,Qwen3.6-35B-A3B-FP8-without-reasoning,large_cycle,instance_00041,number_visited,3
4494,textmapworld,Qwen3.6-35B-A3B-FP8-without-reasoning,large_cycle,instance_00041,seen,4
4495,textmapworld,Qwen3.6-35B-A3B-FP8-without-reasoning,large_cycle,instance_00041,efficiency,50.0
4496,textmapworld,Qwen3.6-35B-A3B-FP8-without-reasoning,large_cycle,instance_00041,exploration,37.5
4497,textmapworld,Qwen3.6-35B-A3B-FP8-without-reasoning,large_cycle,instance_00041,Main Score,42.857142857142854
4498,textmapworld,Qwen3.6-35B-A3B-FP8-without-reasoning,large_cycle,instance_00048,Success,0
4499,textmapworld,Qwen3.6-35B-A3B-FP8-without-reasoning,large_cycle,instance_00048,Aborted,0
4500,textmapworld,Qwen3.6-35B-A3B-FP8-without-reasoning,large_cycle,instance_00048,Lose,1
4501,textmapworld,Qwen3.6-35B-A3B-FP8-without-reasoning,large_cycle,instance_00048,moves,8
4502,textmapworld,Qwen3.6-35B-A3B-FP8-without-reasoning,large_cycle,instance_00048,valid_moves,8
4503,textmapworld,Qwen3.6-35B-A3B-FP8-without-reasoning,large_cycle,instance_00048,invalid_moves,0
4504,textmapworld,Qwen3.6-35B-A3B-FP8-without-reasoning,large_cycle,instance_00048,stopped,1
4505,textmapworld,Qwen3.6-35B-A3B-FP8-without-reasoning,large_cycle,instance_00048,turns_limit,0
4506,textmapworld,Qwen3.6-35B-A3B-FP8-without-reasoning,large_cycle,instance_00048,loops,0
4507,textmapworld,Qwen3.6-35B-A3B-FP8-without-reasoning,large_cycle,instance_00048,number_visited,5
4508,textmapworld,Qwen3.6-35B-A3B-FP8-without-reasoning,large_cycle,instance_00048,seen,8
4509,textmapworld,Qwen3.6-35B-A3B-FP8-without-reasoning,large_cycle,instance_00048,efficiency,75.0
4510,textmapworld,Qwen3.6-35B-A3B-FP8-without-reasoning,large_cycle,instance_00048,exploration,62.5
4511,textmapworld,Qwen3.6-35B-A3B-FP8-without-reasoning,large_cycle,instance_00048,Main Score,68.18181818181819
4512,textmapworld,Qwen3.6-35B-A3B-FP8-without-reasoning,large,instance_00002,Success,0
4513,textmapworld,Qwen3.6-35B-A3B-FP8-without-reasoning,large,instance_00002,Aborted,0
4514,textmapworld,Qwen3.6-35B-A3B-FP8-without-reasoning,large,instance_00002,Lose,1
4515,textmapworld,Qwen3.6-35B-A3B-FP8-without-reasoning,large,instance_00002,moves,4
4516,textmapworld,Qwen3.6-35B-A3B-FP8-without-reasoning,large,instance_00002,valid_moves,4
4517,textmapworld,Qwen3.6-35B-A3B-FP8-without-reasoning,large,instance_00002,invalid_moves,0
4518,textmapworld,Qwen3.6-35B-A3B-FP8-without-reasoning,large,instance_00002,stopped,1
4519,textmapworld,Qwen3.6-35B-A3B-FP8-without-reasoning,large,instance_00002,turns_limit,0
4520,textmapworld,Qwen3.6-35B-A3B-FP8-without-reasoning,large,instance_00002,loops,0
4521,textmapworld,Qwen3.6-35B-A3B-FP8-without-reasoning,large,instance_00002,number_visited,4
4522,textmapworld,Qwen3.6-35B-A3B-FP8-without-reasoning,large,instance_00002,seen,5
4523,textmapworld,Qwen3.6-35B-A3B-FP8-without-reasoning,large,instance_00002,efficiency,100.0
4524,textmapworld,Qwen3.6-35B-A3B-FP8-without-reasoning,large,instance_00002,exploration,50.0
4525,textmapworld,Qwen3.6-35B-A3B-FP8-without-reasoning,large,instance_00002,Main Score,66.66666666666667
4526,textmapworld,Qwen3.6-35B-A3B-FP8-without-reasoning,large,instance_00028,Success,0
4527,textmapworld,Qwen3.6-35B-A3B-FP8-without-reasoning,large,instance_00028,Aborted,0
4528,textmapworld,Qwen3.6-35B-A3B-FP8-without-reasoning,large,instance_00028,Lose,1
4529,textmapworld,Qwen3.6-35B-A3B-FP8-without-reasoning,large,instance_00028,moves,4
4530,textmapworld,Qwen3.6-35B-A3B-FP8-without-reasoning,large,instance_00028,valid_moves,4
4531,textmapworld,Qwen3.6-35B-A3B-FP8-without-reasoning,large,instance_00028,invalid_moves,0
4532,textmapworld,Qwen3.6-35B-A3B-FP8-without-reasoning,large,instance_00028,stopped,1
4533,textmapworld,Qwen3.6-35B-A3B-FP8-without-reasoning,large,instance_00028,turns_limit,0
4534,textmapworld,Qwen3.6-35B-A3B-FP8-without-reasoning,large,instance_00028,loops,0
4535,textmapworld,Qwen3.6-35B-A3B-FP8-without-reasoning,large,instance_00028,number_visited,3
4536,textmapworld,Qwen3.6-35B-A3B-FP8-without-reasoning,large,instance_00028,seen,4
4537,textmapworld,Qwen3.6-35B-A3B-FP8-without-reasoning,large,instance_00028,efficiency,50.0
4538,textmapworld,Qwen3.6-35B-A3B-FP8-without-reasoning,large,instance_00028,exploration,37.5
4539,textmapworld,Qwen3.6-35B-A3B-FP8-without-reasoning,large,instance_00028,Main Score,42.857142857142854
4540,textmapworld,Qwen3.6-35B-A3B-FP8-without-reasoning,large,instance_00026,Success,0
4541,textmapworld,Qwen3.6-35B-A3B-FP8-without-reasoning,large,instance_00026,Aborted,0
4542,textmapworld,Qwen3.6-35B-A3B-FP8-without-reasoning,large,instance_00026,Lose,1
4543,textmapworld,Qwen3.6-35B-A3B-FP8-without-reasoning,large,instance_00026,moves,8
4544,textmapworld,Qwen3.6-35B-A3B-FP8-without-reasoning,large,instance_00026,valid_moves,8
4545,textmapworld,Qwen3.6-35B-A3B-FP8-without-reasoning,large,instance_00026,invalid_moves,0
4546,textmapworld,Qwen3.6-35B-A3B-FP8-without-reasoning,large,instance_00026,stopped,1
4547,textmapworld,Qwen3.6-35B-A3B-FP8-without-reasoning,large,instance_00026,turns_limit,0
4548,textmapworld,Qwen3.6-35B-A3B-FP8-without-reasoning,large,instance_00026,loops,0
4549,textmapworld,Qwen3.6-35B-A3B-FP8-without-reasoning,large,instance_00026,number_visited,5
4550,textmapworld,Qwen3.6-35B-A3B-FP8-without-reasoning,large,instance_00026,seen,6
4551,textmapworld,Qwen3.6-35B-A3B-FP8-without-reasoning,large,instance_00026,efficiency,50.0
4552,textmapworld,Qwen3.6-35B-A3B-FP8-without-reasoning,large,instance_00026,exploration,62.5
4553,textmapworld,Qwen3.6-35B-A3B-FP8-without-reasoning,large,instance_00026,Main Score,55.55555555555556
4554,textmapworld,Qwen3.6-35B-A3B-FP8-without-reasoning,large,instance_00021,Success,0
4555,textmapworld,Qwen3.6-35B-A3B-FP8-without-reasoning,large,instance_00021,Aborted,0
4556,textmapworld,Qwen3.6-35B-A3B-FP8-without-reasoning,large,instance_00021,Lose,1
4557,textmapworld,Qwen3.6-35B-A3B-FP8-without-reasoning,large,instance_00021,moves,5
4558,textmapworld,Qwen3.6-35B-A3B-FP8-without-reasoning,large,instance_00021,valid_moves,5
4559,textmapworld,Qwen3.6-35B-A3B-FP8-without-reasoning,large,instance_00021,invalid_moves,0
4560,textmapworld,Qwen3.6-35B-A3B-FP8-without-reasoning,large,instance_00021,stopped,1
4561,textmapworld,Qwen3.6-35B-A3B-FP8-without-reasoning,large,instance_00021,turns_limit,0
4562,textmapworld,Qwen3.6-35B-A3B-FP8-without-reasoning,large,instance_00021,loops,0
4563,textmapworld,Qwen3.6-35B-A3B-FP8-without-reasoning,large,instance_00021,number_visited,5
4564,textmapworld,Qwen3.6-35B-A3B-FP8-without-reasoning,large,instance_00021,seen,6
4565,textmapworld,Qwen3.6-35B-A3B-FP8-without-reasoning,large,instance_00021,efficiency,80.0
4566,textmapworld,Qwen3.6-35B-A3B-FP8-without-reasoning,large,instance_00021,exploration,62.5
4567,textmapworld,Qwen3.6-35B-A3B-FP8-without-reasoning,large,instance_00021,Main Score,70.17543859649123
4568,textmapworld,Qwen3.6-35B-A3B-FP8-without-reasoning,large,instance_00020,Success,0
4569,textmapworld,Qwen3.6-35B-A3B-FP8-without-reasoning,large,instance_00020,Aborted,0
4570,textmapworld,Qwen3.6-35B-A3B-FP8-without-reasoning,large,instance_00020,Lose,1
4571,textmapworld,Qwen3.6-35B-A3B-FP8-without-reasoning,large,instance_00020,moves,6
4572,textmapworld,Qwen3.6-35B-A3B-FP8-without-reasoning,large,instance_00020,valid_moves,6
4573,textmapworld,Qwen3.6-35B-A3B-FP8-without-reasoning,large,instance_00020,invalid_moves,0
4574,textmapworld,Qwen3.6-35B-A3B-FP8-without-reasoning,large,instance_00020,stopped,1
4575,textmapworld,Qwen3.6-35B-A3B-FP8-without-reasoning,large,instance_00020,turns_limit,0
4576,textmapworld,Qwen3.6-35B-A3B-FP8-without-reasoning,large,instance_00020,loops,0
4577,textmapworld,Qwen3.6-35B-A3B-FP8-without-reasoning,large,instance_00020,number_visited,4
4578,textmapworld,Qwen3.6-35B-A3B-FP8-without-reasoning,large,instance_00020,seen,6
4579,textmapworld,Qwen3.6-35B-A3B-FP8-without-reasoning,large,instance_00020,efficiency,66.66666666666666
4580,textmapworld,Qwen3.6-35B-A3B-FP8-without-reasoning,large,instance_00020,exploration,50.0
4581,textmapworld,Qwen3.6-35B-A3B-FP8-without-reasoning,large,instance_00020,Main Score,57.14285714285714
4582,textmapworld,Qwen3.6-35B-A3B-FP8-without-reasoning,large,instance_00027,Success,0
4583,textmapworld,Qwen3.6-35B-A3B-FP8-without-reasoning,large,instance_00027,Aborted,0
4584,textmapworld,Qwen3.6-35B-A3B-FP8-without-reasoning,large,instance_00027,Lose,1
4585,textmapworld,Qwen3.6-35B-A3B-FP8-without-reasoning,large,instance_00027,moves,3
4586,textmapworld,Qwen3.6-35B-A3B-FP8-without-reasoning,large,instance_00027,valid_moves,3
4587,textmapworld,Qwen3.6-35B-A3B-FP8-without-reasoning,large,instance_00027,invalid_moves,0
4588,textmapworld,Qwen3.6-35B-A3B-FP8-without-reasoning,large,instance_00027,stopped,1
4589,textmapworld,Qwen3.6-35B-A3B-FP8-without-reasoning,large,instance_00027,turns_limit,0
4590,textmapworld,Qwen3.6-35B-A3B-FP8-without-reasoning,large,instance_00027,loops,0
4591,textmapworld,Qwen3.6-35B-A3B-FP8-without-reasoning,large,instance_00027,number_visited,3
4592,textmapworld,Qwen3.6-35B-A3B-FP8-without-reasoning,large,instance_00027,seen,4
4593,textmapworld,Qwen3.6-35B-A3B-FP8-without-reasoning,large,instance_00027,efficiency,100.0
4594,textmapworld,Qwen3.6-35B-A3B-FP8-without-reasoning,large,instance_00027,exploration,37.5
4595,textmapworld,Qwen3.6-35B-A3B-FP8-without-reasoning,large,instance_00027,Main Score,54.54545454545455
4596,textmapworld,Qwen3.6-35B-A3B-FP8-without-reasoning,large,instance_00029,Success,0
4597,textmapworld,Qwen3.6-35B-A3B-FP8-without-reasoning,large,instance_00029,Aborted,0
4598,textmapworld,Qwen3.6-35B-A3B-FP8-without-reasoning,large,instance_00029,Lose,1
4599,textmapworld,Qwen3.6-35B-A3B-FP8-without-reasoning,large,instance_00029,moves,5
4600,textmapworld,Qwen3.6-35B-A3B-FP8-without-reasoning,large,instance_00029,valid_moves,5
4601,textmapworld,Qwen3.6-35B-A3B-FP8-without-reasoning,large,instance_00029,invalid_moves,0
4602,textmapworld,Qwen3.6-35B-A3B-FP8-without-reasoning,large,instance_00029,stopped,1
4603,textmapworld,Qwen3.6-35B-A3B-FP8-without-reasoning,large,instance_00029,turns_limit,0
4604,textmapworld,Qwen3.6-35B-A3B-FP8-without-reasoning,large,instance_00029,loops,1
4605,textmapworld,Qwen3.6-35B-A3B-FP8-without-reasoning,large,instance_00029,number_visited,3
4606,textmapworld,Qwen3.6-35B-A3B-FP8-without-reasoning,large,instance_00029,seen,5
4607,textmapworld,Qwen3.6-35B-A3B-FP8-without-reasoning,large,instance_00029,efficiency,40.0
4608,textmapworld,Qwen3.6-35B-A3B-FP8-without-reasoning,large,instance_00029,exploration,37.5
4609,textmapworld,Qwen3.6-35B-A3B-FP8-without-reasoning,large,instance_00029,Main Score,38.70967741935484
4610,textmapworld,Qwen3.6-35B-A3B-FP8-without-reasoning,large,instance_00022,Success,0
4611,textmapworld,Qwen3.6-35B-A3B-FP8-without-reasoning,large,instance_00022,Aborted,0
4612,textmapworld,Qwen3.6-35B-A3B-FP8-without-reasoning,large,instance_00022,Lose,1
4613,textmapworld,Qwen3.6-35B-A3B-FP8-without-reasoning,large,instance_00022,moves,8
4614,textmapworld,Qwen3.6-35B-A3B-FP8-without-reasoning,large,instance_00022,valid_moves,8
4615,textmapworld,Qwen3.6-35B-A3B-FP8-without-reasoning,large,instance_00022,invalid_moves,0
4616,textmapworld,Qwen3.6-35B-A3B-FP8-without-reasoning,large,instance_00022,stopped,1
4617,textmapworld,Qwen3.6-35B-A3B-FP8-without-reasoning,large,instance_00022,turns_limit,0
4618,textmapworld,Qwen3.6-35B-A3B-FP8-without-reasoning,large,instance_00022,loops,0
4619,textmapworld,Qwen3.6-35B-A3B-FP8-without-reasoning,large,instance_00022,number_visited,5
4620,textmapworld,Qwen3.6-35B-A3B-FP8-without-reasoning,large,instance_00022,seen,6
4621,textmapworld,Qwen3.6-35B-A3B-FP8-without-reasoning,large,instance_00022,efficiency,50.0
4622,textmapworld,Qwen3.6-35B-A3B-FP8-without-reasoning,large,instance_00022,exploration,62.5
4623,textmapworld,Qwen3.6-35B-A3B-FP8-without-reasoning,large,instance_00022,Main Score,55.55555555555556
4624,textmapworld,Qwen3.6-35B-A3B-FP8-without-reasoning,large,instance_00025,Success,0
4625,textmapworld,Qwen3.6-35B-A3B-FP8-without-reasoning,large,instance_00025,Aborted,0
4626,textmapworld,Qwen3.6-35B-A3B-FP8-without-reasoning,large,instance_00025,Lose,1
4627,textmapworld,Qwen3.6-35B-A3B-FP8-without-reasoning,large,instance_00025,moves,6
4628,textmapworld,Qwen3.6-35B-A3B-FP8-without-reasoning,large,instance_00025,valid_moves,6
4629,textmapworld,Qwen3.6-35B-A3B-FP8-without-reasoning,large,instance_00025,invalid_moves,0
4630,textmapworld,Qwen3.6-35B-A3B-FP8-without-reasoning,large,instance_00025,stopped,1
4631,textmapworld,Qwen3.6-35B-A3B-FP8-without-reasoning,large,instance_00025,turns_limit,0
4632,textmapworld,Qwen3.6-35B-A3B-FP8-without-reasoning,large,instance_00025,loops,0
4633,textmapworld,Qwen3.6-35B-A3B-FP8-without-reasoning,large,instance_00025,number_visited,6
4634,textmapworld,Qwen3.6-35B-A3B-FP8-without-reasoning,large,instance_00025,seen,7
4635,textmapworld,Qwen3.6-35B-A3B-FP8-without-reasoning,large,instance_00025,efficiency,66.66666666666666
4636,textmapworld,Qwen3.6-35B-A3B-FP8-without-reasoning,large,instance_00025,exploration,75.0
4637,textmapworld,Qwen3.6-35B-A3B-FP8-without-reasoning,large,instance_00025,Main Score,70.58823529411764
4638,textmapworld,Qwen3.6-35B-A3B-FP8-without-reasoning,large,instance_00024,Success,0
4639,textmapworld,Qwen3.6-35B-A3B-FP8-without-reasoning,large,instance_00024,Aborted,0
4640,textmapworld,Qwen3.6-35B-A3B-FP8-without-reasoning,large,instance_00024,Lose,1
4641,textmapworld,Qwen3.6-35B-A3B-FP8-without-reasoning,large,instance_00024,moves,6
4642,textmapworld,Qwen3.6-35B-A3B-FP8-without-reasoning,large,instance_00024,valid_moves,6
4643,textmapworld,Qwen3.6-35B-A3B-FP8-without-reasoning,large,instance_00024,invalid_moves,0
4644,textmapworld,Qwen3.6-35B-A3B-FP8-without-reasoning,large,instance_00024,stopped,1
4645,textmapworld,Qwen3.6-35B-A3B-FP8-without-reasoning,large,instance_00024,turns_limit,0
4646,textmapworld,Qwen3.6-35B-A3B-FP8-without-reasoning,large,instance_00024,loops,0
4647,textmapworld,Qwen3.6-35B-A3B-FP8-without-reasoning,large,instance_00024,number_visited,4
4648,textmapworld,Qwen3.6-35B-A3B-FP8-without-reasoning,large,instance_00024,seen,6
4649,textmapworld,Qwen3.6-35B-A3B-FP8-without-reasoning,large,instance_00024,efficiency,66.66666666666666
4650,textmapworld,Qwen3.6-35B-A3B-FP8-without-reasoning,large,instance_00024,exploration,50.0
4651,textmapworld,Qwen3.6-35B-A3B-FP8-without-reasoning,large,instance_00024,Main Score,57.14285714285714
4652,textmapworld,Qwen3.6-35B-A3B-FP8-without-reasoning,large,instance_00023,Success,0
4653,textmapworld,Qwen3.6-35B-A3B-FP8-without-reasoning,large,instance_00023,Aborted,0
4654,textmapworld,Qwen3.6-35B-A3B-FP8-without-reasoning,large,instance_00023,Lose,1
4655,textmapworld,Qwen3.6-35B-A3B-FP8-without-reasoning,large,instance_00023,moves,5
4656,textmapworld,Qwen3.6-35B-A3B-FP8-without-reasoning,large,instance_00023,valid_moves,5
4657,textmapworld,Qwen3.6-35B-A3B-FP8-without-reasoning,large,instance_00023,invalid_moves,0
4658,textmapworld,Qwen3.6-35B-A3B-FP8-without-reasoning,large,instance_00023,stopped,1
4659,textmapworld,Qwen3.6-35B-A3B-FP8-without-reasoning,large,instance_00023,turns_limit,0
4660,textmapworld,Qwen3.6-35B-A3B-FP8-without-reasoning,large,instance_00023,loops,0
4661,textmapworld,Qwen3.6-35B-A3B-FP8-without-reasoning,large,instance_00023,number_visited,5
4662,textmapworld,Qwen3.6-35B-A3B-FP8-without-reasoning,large,instance_00023,seen,6
4663,textmapworld,Qwen3.6-35B-A3B-FP8-without-reasoning,large,instance_00023,efficiency,80.0
4664,textmapworld,Qwen3.6-35B-A3B-FP8-without-reasoning,large,instance_00023,exploration,62.5
4665,textmapworld,Qwen3.6-35B-A3B-FP8-without-reasoning,large,instance_00023,Main Score,70.17543859649123
4666,textmapworld,Qwen3.6-35B-A3B-FP8-without-reasoning,medium,instance_00017,Success,0
4667,textmapworld,Qwen3.6-35B-A3B-FP8-without-reasoning,medium,instance_00017,Aborted,0
4668,textmapworld,Qwen3.6-35B-A3B-FP8-without-reasoning,medium,instance_00017,Lose,1
4669,textmapworld,Qwen3.6-35B-A3B-FP8-without-reasoning,medium,instance_00017,moves,4
4670,textmapworld,Qwen3.6-35B-A3B-FP8-without-reasoning,medium,instance_00017,valid_moves,4
4671,textmapworld,Qwen3.6-35B-A3B-FP8-without-reasoning,medium,instance_00017,invalid_moves,0
4672,textmapworld,Qwen3.6-35B-A3B-FP8-without-reasoning,medium,instance_00017,stopped,1
4673,textmapworld,Qwen3.6-35B-A3B-FP8-without-reasoning,medium,instance_00017,turns_limit,0
4674,textmapworld,Qwen3.6-35B-A3B-FP8-without-reasoning,medium,instance_00017,loops,0
4675,textmapworld,Qwen3.6-35B-A3B-FP8-without-reasoning,medium,instance_00017,number_visited,3
4676,textmapworld,Qwen3.6-35B-A3B-FP8-without-reasoning,medium,instance_00017,seen,4
4677,textmapworld,Qwen3.6-35B-A3B-FP8-without-reasoning,medium,instance_00017,efficiency,100.0
4678,textmapworld,Qwen3.6-35B-A3B-FP8-without-reasoning,medium,instance_00017,exploration,50.0
4679,textmapworld,Qwen3.6-35B-A3B-FP8-without-reasoning,medium,instance_00017,Main Score,66.66666666666667
4680,textmapworld,Qwen3.6-35B-A3B-FP8-without-reasoning,medium,instance_00010,Success,1
4681,textmapworld,Qwen3.6-35B-A3B-FP8-without-reasoning,medium,instance_00010,Aborted,0
4682,textmapworld,Qwen3.6-35B-A3B-FP8-without-reasoning,medium,instance_00010,Lose,0
4683,textmapworld,Qwen3.6-35B-A3B-FP8-without-reasoning,medium,instance_00010,moves,8
4684,textmapworld,Qwen3.6-35B-A3B-FP8-without-reasoning,medium,instance_00010,valid_moves,8
4685,textmapworld,Qwen3.6-35B-A3B-FP8-without-reasoning,medium,instance_00010,invalid_moves,0
4686,textmapworld,Qwen3.6-35B-A3B-FP8-without-reasoning,medium,instance_00010,stopped,1
4687,textmapworld,Qwen3.6-35B-A3B-FP8-without-reasoning,medium,instance_00010,turns_limit,0
4688,textmapworld,Qwen3.6-35B-A3B-FP8-without-reasoning,medium,instance_00010,loops,0
4689,textmapworld,Qwen3.6-35B-A3B-FP8-without-reasoning,medium,instance_00010,number_visited,6
4690,textmapworld,Qwen3.6-35B-A3B-FP8-without-reasoning,medium,instance_00010,seen,6
4691,textmapworld,Qwen3.6-35B-A3B-FP8-without-reasoning,medium,instance_00010,efficiency,87.5
4692,textmapworld,Qwen3.6-35B-A3B-FP8-without-reasoning,medium,instance_00010,exploration,100.0
4693,textmapworld,Qwen3.6-35B-A3B-FP8-without-reasoning,medium,instance_00010,Main Score,93.33333333333333
4694,textmapworld,Qwen3.6-35B-A3B-FP8-without-reasoning,medium,instance_00019,Success,0
4695,textmapworld,Qwen3.6-35B-A3B-FP8-without-reasoning,medium,instance_00019,Aborted,0
4696,textmapworld,Qwen3.6-35B-A3B-FP8-without-reasoning,medium,instance_00019,Lose,1
4697,textmapworld,Qwen3.6-35B-A3B-FP8-without-reasoning,medium,instance_00019,moves,4
4698,textmapworld,Qwen3.6-35B-A3B-FP8-without-reasoning,medium,instance_00019,valid_moves,4
4699,textmapworld,Qwen3.6-35B-A3B-FP8-without-reasoning,medium,instance_00019,invalid_moves,0
4700,textmapworld,Qwen3.6-35B-A3B-FP8-without-reasoning,medium,instance_00019,stopped,1
4701,textmapworld,Qwen3.6-35B-A3B-FP8-without-reasoning,medium,instance_00019,turns_limit,0
4702,textmapworld,Qwen3.6-35B-A3B-FP8-without-reasoning,medium,instance_00019,loops,0
4703,textmapworld,Qwen3.6-35B-A3B-FP8-without-reasoning,medium,instance_00019,number_visited,5
4704,textmapworld,Qwen3.6-35B-A3B-FP8-without-reasoning,medium,instance_00019,seen,6
4705,textmapworld,Qwen3.6-35B-A3B-FP8-without-reasoning,medium,instance_00019,efficiency,50.0
4706,textmapworld,Qwen3.6-35B-A3B-FP8-without-reasoning,medium,instance_00019,exploration,83.33333333333334
4707,textmapworld,Qwen3.6-35B-A3B-FP8-without-reasoning,medium,instance_00019,Main Score,62.5
4708,textmapworld,Qwen3.6-35B-A3B-FP8-without-reasoning,medium,instance_00018,Success,0
4709,textmapworld,Qwen3.6-35B-A3B-FP8-without-reasoning,medium,instance_00018,Aborted,0
4710,textmapworld,Qwen3.6-35B-A3B-FP8-without-reasoning,medium,instance_00018,Lose,1
4711,textmapworld,Qwen3.6-35B-A3B-FP8-without-reasoning,medium,instance_00018,moves,4
4712,textmapworld,Qwen3.6-35B-A3B-FP8-without-reasoning,medium,instance_00018,valid_moves,4
4713,textmapworld,Qwen3.6-35B-A3B-FP8-without-reasoning,medium,instance_00018,invalid_moves,0
4714,textmapworld,Qwen3.6-35B-A3B-FP8-without-reasoning,medium,instance_00018,stopped,1
4715,textmapworld,Qwen3.6-35B-A3B-FP8-without-reasoning,medium,instance_00018,turns_limit,0
4716,textmapworld,Qwen3.6-35B-A3B-FP8-without-reasoning,medium,instance_00018,loops,0
4717,textmapworld,Qwen3.6-35B-A3B-FP8-without-reasoning,medium,instance_00018,number_visited,4
4718,textmapworld,Qwen3.6-35B-A3B-FP8-without-reasoning,medium,instance_00018,seen,5
4719,textmapworld,Qwen3.6-35B-A3B-FP8-without-reasoning,medium,instance_00018,efficiency,75.0
4720,textmapworld,Qwen3.6-35B-A3B-FP8-without-reasoning,medium,instance_00018,exploration,66.66666666666666
4721,textmapworld,Qwen3.6-35B-A3B-FP8-without-reasoning,medium,instance_00018,Main Score,70.58823529411764
4722,textmapworld,Qwen3.6-35B-A3B-FP8-without-reasoning,medium,instance_00011,Success,1
4723,textmapworld,Qwen3.6-35B-A3B-FP8-without-reasoning,medium,instance_00011,Aborted,0
4724,textmapworld,Qwen3.6-35B-A3B-FP8-without-reasoning,medium,instance_00011,Lose,0
4725,textmapworld,Qwen3.6-35B-A3B-FP8-without-reasoning,medium,instance_00011,moves,7
4726,textmapworld,Qwen3.6-35B-A3B-FP8-without-reasoning,medium,instance_00011,valid_moves,7
4727,textmapworld,Qwen3.6-35B-A3B-FP8-without-reasoning,medium,instance_00011,invalid_moves,0
4728,textmapworld,Qwen3.6-35B-A3B-FP8-without-reasoning,medium,instance_00011,stopped,1
4729,textmapworld,Qwen3.6-35B-A3B-FP8-without-reasoning,medium,instance_00011,turns_limit,0
4730,textmapworld,Qwen3.6-35B-A3B-FP8-without-reasoning,medium,instance_00011,loops,0
4731,textmapworld,Qwen3.6-35B-A3B-FP8-without-reasoning,medium,instance_00011,number_visited,6
4732,textmapworld,Qwen3.6-35B-A3B-FP8-without-reasoning,medium,instance_00011,seen,6
4733,textmapworld,Qwen3.6-35B-A3B-FP8-without-reasoning,medium,instance_00011,efficiency,100.0
4734,textmapworld,Qwen3.6-35B-A3B-FP8-without-reasoning,medium,instance_00011,exploration,100.0
4735,textmapworld,Qwen3.6-35B-A3B-FP8-without-reasoning,medium,instance_00011,Main Score,100.0
4736,textmapworld,Qwen3.6-35B-A3B-FP8-without-reasoning,medium,instance_00016,Success,0
4737,textmapworld,Qwen3.6-35B-A3B-FP8-without-reasoning,medium,instance_00016,Aborted,0
4738,textmapworld,Qwen3.6-35B-A3B-FP8-without-reasoning,medium,instance_00016,Lose,1
4739,textmapworld,Qwen3.6-35B-A3B-FP8-without-reasoning,medium,instance_00016,moves,6
4740,textmapworld,Qwen3.6-35B-A3B-FP8-without-reasoning,medium,instance_00016,valid_moves,6
4741,textmapworld,Qwen3.6-35B-A3B-FP8-without-reasoning,medium,instance_00016,invalid_moves,0
4742,textmapworld,Qwen3.6-35B-A3B-FP8-without-reasoning,medium,instance_00016,stopped,1
4743,textmapworld,Qwen3.6-35B-A3B-FP8-without-reasoning,medium,instance_00016,turns_limit,0
4744,textmapworld,Qwen3.6-35B-A3B-FP8-without-reasoning,medium,instance_00016,loops,0
4745,textmapworld,Qwen3.6-35B-A3B-FP8-without-reasoning,medium,instance_00016,number_visited,4
4746,textmapworld,Qwen3.6-35B-A3B-FP8-without-reasoning,medium,instance_00016,seen,5
4747,textmapworld,Qwen3.6-35B-A3B-FP8-without-reasoning,medium,instance_00016,efficiency,66.66666666666666
4748,textmapworld,Qwen3.6-35B-A3B-FP8-without-reasoning,medium,instance_00016,exploration,66.66666666666666
4749,textmapworld,Qwen3.6-35B-A3B-FP8-without-reasoning,medium,instance_00016,Main Score,66.66666666666666
4750,textmapworld,Qwen3.6-35B-A3B-FP8-without-reasoning,medium,instance_00001,Success,0
4751,textmapworld,Qwen3.6-35B-A3B-FP8-without-reasoning,medium,instance_00001,Aborted,0
4752,textmapworld,Qwen3.6-35B-A3B-FP8-without-reasoning,medium,instance_00001,Lose,1
4753,textmapworld,Qwen3.6-35B-A3B-FP8-without-reasoning,medium,instance_00001,moves,4
4754,textmapworld,Qwen3.6-35B-A3B-FP8-without-reasoning,medium,instance_00001,valid_moves,4
4755,textmapworld,Qwen3.6-35B-A3B-FP8-without-reasoning,medium,instance_00001,invalid_moves,0
4756,textmapworld,Qwen3.6-35B-A3B-FP8-without-reasoning,medium,instance_00001,stopped,1
4757,textmapworld,Qwen3.6-35B-A3B-FP8-without-reasoning,medium,instance_00001,turns_limit,0
4758,textmapworld,Qwen3.6-35B-A3B-FP8-without-reasoning,medium,instance_00001,loops,0
4759,textmapworld,Qwen3.6-35B-A3B-FP8-without-reasoning,medium,instance_00001,number_visited,3
4760,textmapworld,Qwen3.6-35B-A3B-FP8-without-reasoning,medium,instance_00001,seen,4
4761,textmapworld,Qwen3.6-35B-A3B-FP8-without-reasoning,medium,instance_00001,efficiency,50.0
4762,textmapworld,Qwen3.6-35B-A3B-FP8-without-reasoning,medium,instance_00001,exploration,50.0
4763,textmapworld,Qwen3.6-35B-A3B-FP8-without-reasoning,medium,instance_00001,Main Score,50.0
4764,textmapworld,Qwen3.6-35B-A3B-FP8-without-reasoning,medium,instance_00013,Success,0
4765,textmapworld,Qwen3.6-35B-A3B-FP8-without-reasoning,medium,instance_00013,Aborted,0
4766,textmapworld,Qwen3.6-35B-A3B-FP8-without-reasoning,medium,instance_00013,Lose,1
4767,textmapworld,Qwen3.6-35B-A3B-FP8-without-reasoning,medium,instance_00013,moves,7
4768,textmapworld,Qwen3.6-35B-A3B-FP8-without-reasoning,medium,instance_00013,valid_moves,7
4769,textmapworld,Qwen3.6-35B-A3B-FP8-without-reasoning,medium,instance_00013,invalid_moves,0
4770,textmapworld,Qwen3.6-35B-A3B-FP8-without-reasoning,medium,instance_00013,stopped,1
4771,textmapworld,Qwen3.6-35B-A3B-FP8-without-reasoning,medium,instance_00013,turns_limit,0
4772,textmapworld,Qwen3.6-35B-A3B-FP8-without-reasoning,medium,instance_00013,loops,0
4773,textmapworld,Qwen3.6-35B-A3B-FP8-without-reasoning,medium,instance_00013,number_visited,5
4774,textmapworld,Qwen3.6-35B-A3B-FP8-without-reasoning,medium,instance_00013,seen,6
4775,textmapworld,Qwen3.6-35B-A3B-FP8-without-reasoning,medium,instance_00013,efficiency,85.71428571428571
4776,textmapworld,Qwen3.6-35B-A3B-FP8-without-reasoning,medium,instance_00013,exploration,83.33333333333334
4777,textmapworld,Qwen3.6-35B-A3B-FP8-without-reasoning,medium,instance_00013,Main Score,84.50704225352113
4778,textmapworld,Qwen3.6-35B-A3B-FP8-without-reasoning,medium,instance_00014,Success,0
4779,textmapworld,Qwen3.6-35B-A3B-FP8-without-reasoning,medium,instance_00014,Aborted,0
4780,textmapworld,Qwen3.6-35B-A3B-FP8-without-reasoning,medium,instance_00014,Lose,1
4781,textmapworld,Qwen3.6-35B-A3B-FP8-without-reasoning,medium,instance_00014,moves,4
4782,textmapworld,Qwen3.6-35B-A3B-FP8-without-reasoning,medium,instance_00014,valid_moves,4
4783,textmapworld,Qwen3.6-35B-A3B-FP8-without-reasoning,medium,instance_00014,invalid_moves,0
4784,textmapworld,Qwen3.6-35B-A3B-FP8-without-reasoning,medium,instance_00014,stopped,1
4785,textmapworld,Qwen3.6-35B-A3B-FP8-without-reasoning,medium,instance_00014,turns_limit,0
4786,textmapworld,Qwen3.6-35B-A3B-FP8-without-reasoning,medium,instance_00014,loops,0
4787,textmapworld,Qwen3.6-35B-A3B-FP8-without-reasoning,medium,instance_00014,number_visited,3
4788,textmapworld,Qwen3.6-35B-A3B-FP8-without-reasoning,medium,instance_00014,seen,4
4789,textmapworld,Qwen3.6-35B-A3B-FP8-without-reasoning,medium,instance_00014,efficiency,75.0
4790,textmapworld,Qwen3.6-35B-A3B-FP8-without-reasoning,medium,instance_00014,exploration,50.0
4791,textmapworld,Qwen3.6-35B-A3B-FP8-without-reasoning,medium,instance_00014,Main Score,60.0
4792,textmapworld,Qwen3.6-35B-A3B-FP8-without-reasoning,medium,instance_00015,Success,0
4793,textmapworld,Qwen3.6-35B-A3B-FP8-without-reasoning,medium,instance_00015,Aborted,0
4794,textmapworld,Qwen3.6-35B-A3B-FP8-without-reasoning,medium,instance_00015,Lose,1
4795,textmapworld,Qwen3.6-35B-A3B-FP8-without-reasoning,medium,instance_00015,moves,5
4796,textmapworld,Qwen3.6-35B-A3B-FP8-without-reasoning,medium,instance_00015,valid_moves,5
4797,textmapworld,Qwen3.6-35B-A3B-FP8-without-reasoning,medium,instance_00015,invalid_moves,0
4798,textmapworld,Qwen3.6-35B-A3B-FP8-without-reasoning,medium,instance_00015,stopped,1
4799,textmapworld,Qwen3.6-35B-A3B-FP8-without-reasoning,medium,instance_00015,turns_limit,0
4800,textmapworld,Qwen3.6-35B-A3B-FP8-without-reasoning,medium,instance_00015,loops,0
4801,textmapworld,Qwen3.6-35B-A3B-FP8-without-reasoning,medium,instance_00015,number_visited,4
4802,textmapworld,Qwen3.6-35B-A3B-FP8-without-reasoning,medium,instance_00015,seen,6
4803,textmapworld,Qwen3.6-35B-A3B-FP8-without-reasoning,medium,instance_00015,efficiency,80.0
4804,textmapworld,Qwen3.6-35B-A3B-FP8-without-reasoning,medium,instance_00015,exploration,66.66666666666666
4805,textmapworld,Qwen3.6-35B-A3B-FP8-without-reasoning,medium,instance_00015,Main Score,72.72727272727272
4806,textmapworld,Qwen3.6-35B-A3B-FP8-without-reasoning,medium,instance_00012,Success,0
4807,textmapworld,Qwen3.6-35B-A3B-FP8-without-reasoning,medium,instance_00012,Aborted,0
4808,textmapworld,Qwen3.6-35B-A3B-FP8-without-reasoning,medium,instance_00012,Lose,1
4809,textmapworld,Qwen3.6-35B-A3B-FP8-without-reasoning,medium,instance_00012,moves,4
4810,textmapworld,Qwen3.6-35B-A3B-FP8-without-reasoning,medium,instance_00012,valid_moves,4
4811,textmapworld,Qwen3.6-35B-A3B-FP8-without-reasoning,medium,instance_00012,invalid_moves,0
4812,textmapworld,Qwen3.6-35B-A3B-FP8-without-reasoning,medium,instance_00012,stopped,1
4813,textmapworld,Qwen3.6-35B-A3B-FP8-without-reasoning,medium,instance_00012,turns_limit,0
4814,textmapworld,Qwen3.6-35B-A3B-FP8-without-reasoning,medium,instance_00012,loops,0
4815,textmapworld,Qwen3.6-35B-A3B-FP8-without-reasoning,medium,instance_00012,number_visited,3
4816,textmapworld,Qwen3.6-35B-A3B-FP8-without-reasoning,medium,instance_00012,seen,4
4817,textmapworld,Qwen3.6-35B-A3B-FP8-without-reasoning,medium,instance_00012,efficiency,100.0
4818,textmapworld,Qwen3.6-35B-A3B-FP8-without-reasoning,medium,instance_00012,exploration,50.0
4819,textmapworld,Qwen3.6-35B-A3B-FP8-without-reasoning,medium,instance_00012,Main Score,66.66666666666667
4820,textmapworld,Qwen3.6-35B-A3B-FP8-without-reasoning,small,instance_00005,Success,1
4821,textmapworld,Qwen3.6-35B-A3B-FP8-without-reasoning,small,instance_00005,Aborted,0
4822,textmapworld,Qwen3.6-35B-A3B-FP8-without-reasoning,small,instance_00005,Lose,0
4823,textmapworld,Qwen3.6-35B-A3B-FP8-without-reasoning,small,instance_00005,moves,6
4824,textmapworld,Qwen3.6-35B-A3B-FP8-without-reasoning,small,instance_00005,valid_moves,6
4825,textmapworld,Qwen3.6-35B-A3B-FP8-without-reasoning,small,instance_00005,invalid_moves,0
4826,textmapworld,Qwen3.6-35B-A3B-FP8-without-reasoning,small,instance_00005,stopped,1
4827,textmapworld,Qwen3.6-35B-A3B-FP8-without-reasoning,small,instance_00005,turns_limit,0
4828,textmapworld,Qwen3.6-35B-A3B-FP8-without-reasoning,small,instance_00005,loops,0
4829,textmapworld,Qwen3.6-35B-A3B-FP8-without-reasoning,small,instance_00005,number_visited,4
4830,textmapworld,Qwen3.6-35B-A3B-FP8-without-reasoning,small,instance_00005,seen,4
4831,textmapworld,Qwen3.6-35B-A3B-FP8-without-reasoning,small,instance_00005,efficiency,66.66666666666666
4832,textmapworld,Qwen3.6-35B-A3B-FP8-without-reasoning,small,instance_00005,exploration,100.0
4833,textmapworld,Qwen3.6-35B-A3B-FP8-without-reasoning,small,instance_00005,Main Score,80.0
4834,textmapworld,Qwen3.6-35B-A3B-FP8-without-reasoning,small,instance_00002,Success,0
4835,textmapworld,Qwen3.6-35B-A3B-FP8-without-reasoning,small,instance_00002,Aborted,0
4836,textmapworld,Qwen3.6-35B-A3B-FP8-without-reasoning,small,instance_00002,Lose,1
4837,textmapworld,Qwen3.6-35B-A3B-FP8-without-reasoning,small,instance_00002,moves,3
4838,textmapworld,Qwen3.6-35B-A3B-FP8-without-reasoning,small,instance_00002,valid_moves,3
4839,textmapworld,Qwen3.6-35B-A3B-FP8-without-reasoning,small,instance_00002,invalid_moves,0
4840,textmapworld,Qwen3.6-35B-A3B-FP8-without-reasoning,small,instance_00002,stopped,1
4841,textmapworld,Qwen3.6-35B-A3B-FP8-without-reasoning,small,instance_00002,turns_limit,0
4842,textmapworld,Qwen3.6-35B-A3B-FP8-without-reasoning,small,instance_00002,loops,0
4843,textmapworld,Qwen3.6-35B-A3B-FP8-without-reasoning,small,instance_00002,number_visited,3
4844,textmapworld,Qwen3.6-35B-A3B-FP8-without-reasoning,small,instance_00002,seen,4
4845,textmapworld,Qwen3.6-35B-A3B-FP8-without-reasoning,small,instance_00002,efficiency,66.66666666666666
4846,textmapworld,Qwen3.6-35B-A3B-FP8-without-reasoning,small,instance_00002,exploration,75.0
4847,textmapworld,Qwen3.6-35B-A3B-FP8-without-reasoning,small,instance_00002,Main Score,70.58823529411764
4848,textmapworld,Qwen3.6-35B-A3B-FP8-without-reasoning,small,instance_00003,Success,0
4849,textmapworld,Qwen3.6-35B-A3B-FP8-without-reasoning,small,instance_00003,Aborted,0
4850,textmapworld,Qwen3.6-35B-A3B-FP8-without-reasoning,small,instance_00003,Lose,1
4851,textmapworld,Qwen3.6-35B-A3B-FP8-without-reasoning,small,instance_00003,moves,1
4852,textmapworld,Qwen3.6-35B-A3B-FP8-without-reasoning,small,instance_00003,valid_moves,1
4853,textmapworld,Qwen3.6-35B-A3B-FP8-without-reasoning,small,instance_00003,invalid_moves,0
4854,textmapworld,Qwen3.6-35B-A3B-FP8-without-reasoning,small,instance_00003,stopped,1
4855,textmapworld,Qwen3.6-35B-A3B-FP8-without-reasoning,small,instance_00003,turns_limit,0
4856,textmapworld,Qwen3.6-35B-A3B-FP8-without-reasoning,small,instance_00003,loops,0
4857,textmapworld,Qwen3.6-35B-A3B-FP8-without-reasoning,small,instance_00003,number_visited,2
4858,textmapworld,Qwen3.6-35B-A3B-FP8-without-reasoning,small,instance_00003,seen,3
4859,textmapworld,Qwen3.6-35B-A3B-FP8-without-reasoning,small,instance_00003,efficiency,100.0
4860,textmapworld,Qwen3.6-35B-A3B-FP8-without-reasoning,small,instance_00003,exploration,50.0
4861,textmapworld,Qwen3.6-35B-A3B-FP8-without-reasoning,small,instance_00003,Main Score,66.66666666666667
4862,textmapworld,Qwen3.6-35B-A3B-FP8-without-reasoning,small,instance_00004,Success,1
4863,textmapworld,Qwen3.6-35B-A3B-FP8-without-reasoning,small,instance_00004,Aborted,0
4864,textmapworld,Qwen3.6-35B-A3B-FP8-without-reasoning,small,instance_00004,Lose,0
4865,textmapworld,Qwen3.6-35B-A3B-FP8-without-reasoning,small,instance_00004,moves,5
4866,textmapworld,Qwen3.6-35B-A3B-FP8-without-reasoning,small,instance_00004,valid_moves,5
4867,textmapworld,Qwen3.6-35B-A3B-FP8-without-reasoning,small,instance_00004,invalid_moves,0
4868,textmapworld,Qwen3.6-35B-A3B-FP8-without-reasoning,small,instance_00004,stopped,1
4869,textmapworld,Qwen3.6-35B-A3B-FP8-without-reasoning,small,instance_00004,turns_limit,0
4870,textmapworld,Qwen3.6-35B-A3B-FP8-without-reasoning,small,instance_00004,loops,0
4871,textmapworld,Qwen3.6-35B-A3B-FP8-without-reasoning,small,instance_00004,number_visited,4
4872,textmapworld,Qwen3.6-35B-A3B-FP8-without-reasoning,small,instance_00004,seen,4
4873,textmapworld,Qwen3.6-35B-A3B-FP8-without-reasoning,small,instance_00004,efficiency,60.0
4874,textmapworld,Qwen3.6-35B-A3B-FP8-without-reasoning,small,instance_00004,exploration,100.0
4875,textmapworld,Qwen3.6-35B-A3B-FP8-without-reasoning,small,instance_00004,Main Score,75.0
4876,textmapworld,Qwen3.6-35B-A3B-FP8-without-reasoning,small,instance_00008,Success,1
4877,textmapworld,Qwen3.6-35B-A3B-FP8-without-reasoning,small,instance_00008,Aborted,0
4878,textmapworld,Qwen3.6-35B-A3B-FP8-without-reasoning,small,instance_00008,Lose,0
4879,textmapworld,Qwen3.6-35B-A3B-FP8-without-reasoning,small,instance_00008,moves,3
4880,textmapworld,Qwen3.6-35B-A3B-FP8-without-reasoning,small,instance_00008,valid_moves,3
4881,textmapworld,Qwen3.6-35B-A3B-FP8-without-reasoning,small,instance_00008,invalid_moves,0
4882,textmapworld,Qwen3.6-35B-A3B-FP8-without-reasoning,small,instance_00008,stopped,1
4883,textmapworld,Qwen3.6-35B-A3B-FP8-without-reasoning,small,instance_00008,turns_limit,0
4884,textmapworld,Qwen3.6-35B-A3B-FP8-without-reasoning,small,instance_00008,loops,0
4885,textmapworld,Qwen3.6-35B-A3B-FP8-without-reasoning,small,instance_00008,number_visited,4
4886,textmapworld,Qwen3.6-35B-A3B-FP8-without-reasoning,small,instance_00008,seen,4
4887,textmapworld,Qwen3.6-35B-A3B-FP8-without-reasoning,small,instance_00008,efficiency,100.0
4888,textmapworld,Qwen3.6-35B-A3B-FP8-without-reasoning,small,instance_00008,exploration,100.0
4889,textmapworld,Qwen3.6-35B-A3B-FP8-without-reasoning,small,instance_00008,Main Score,100.0
4890,textmapworld,Qwen3.6-35B-A3B-FP8-without-reasoning,small,instance_00001,Success,1
4891,textmapworld,Qwen3.6-35B-A3B-FP8-without-reasoning,small,instance_00001,Aborted,0
4892,textmapworld,Qwen3.6-35B-A3B-FP8-without-reasoning,small,instance_00001,Lose,0
4893,textmapworld,Qwen3.6-35B-A3B-FP8-without-reasoning,small,instance_00001,moves,4
4894,textmapworld,Qwen3.6-35B-A3B-FP8-without-reasoning,small,instance_00001,valid_moves,4
4895,textmapworld,Qwen3.6-35B-A3B-FP8-without-reasoning,small,instance_00001,invalid_moves,0
4896,textmapworld,Qwen3.6-35B-A3B-FP8-without-reasoning,small,instance_00001,stopped,1
4897,textmapworld,Qwen3.6-35B-A3B-FP8-without-reasoning,small,instance_00001,turns_limit,0
4898,textmapworld,Qwen3.6-35B-A3B-FP8-without-reasoning,small,instance_00001,loops,0
4899,textmapworld,Qwen3.6-35B-A3B-FP8-without-reasoning,small,instance_00001,number_visited,4
4900,textmapworld,Qwen3.6-35B-A3B-FP8-without-reasoning,small,instance_00001,seen,4
4901,textmapworld,Qwen3.6-35B-A3B-FP8-without-reasoning,small,instance_00001,efficiency,75.0
4902,textmapworld,Qwen3.6-35B-A3B-FP8-without-reasoning,small,instance_00001,exploration,100.0
4903,textmapworld,Qwen3.6-35B-A3B-FP8-without-reasoning,small,instance_00001,Main Score,85.71428571428571
4904,textmapworld,Qwen3.6-35B-A3B-FP8-without-reasoning,small,instance_00006,Success,1
4905,textmapworld,Qwen3.6-35B-A3B-FP8-without-reasoning,small,instance_00006,Aborted,0
4906,textmapworld,Qwen3.6-35B-A3B-FP8-without-reasoning,small,instance_00006,Lose,0
4907,textmapworld,Qwen3.6-35B-A3B-FP8-without-reasoning,small,instance_00006,moves,3
4908,textmapworld,Qwen3.6-35B-A3B-FP8-without-reasoning,small,instance_00006,valid_moves,3
4909,textmapworld,Qwen3.6-35B-A3B-FP8-without-reasoning,small,instance_00006,invalid_moves,0
4910,textmapworld,Qwen3.6-35B-A3B-FP8-without-reasoning,small,instance_00006,stopped,1
4911,textmapworld,Qwen3.6-35B-A3B-FP8-without-reasoning,small,instance_00006,turns_limit,0
4912,textmapworld,Qwen3.6-35B-A3B-FP8-without-reasoning,small,instance_00006,loops,0
4913,textmapworld,Qwen3.6-35B-A3B-FP8-without-reasoning,small,instance_00006,number_visited,4
4914,textmapworld,Qwen3.6-35B-A3B-FP8-without-reasoning,small,instance_00006,seen,4
4915,textmapworld,Qwen3.6-35B-A3B-FP8-without-reasoning,small,instance_00006,efficiency,100.0
4916,textmapworld,Qwen3.6-35B-A3B-FP8-without-reasoning,small,instance_00006,exploration,100.0
4917,textmapworld,Qwen3.6-35B-A3B-FP8-without-reasoning,small,instance_00006,Main Score,100.0
4918,textmapworld,Qwen3.6-35B-A3B-FP8-without-reasoning,small,instance_00007,Success,1
4919,textmapworld,Qwen3.6-35B-A3B-FP8-without-reasoning,small,instance_00007,Aborted,0
4920,textmapworld,Qwen3.6-35B-A3B-FP8-without-reasoning,small,instance_00007,Lose,0
4921,textmapworld,Qwen3.6-35B-A3B-FP8-without-reasoning,small,instance_00007,moves,3
4922,textmapworld,Qwen3.6-35B-A3B-FP8-without-reasoning,small,instance_00007,valid_moves,3
4923,textmapworld,Qwen3.6-35B-A3B-FP8-without-reasoning,small,instance_00007,invalid_moves,0
4924,textmapworld,Qwen3.6-35B-A3B-FP8-without-reasoning,small,instance_00007,stopped,1
4925,textmapworld,Qwen3.6-35B-A3B-FP8-without-reasoning,small,instance_00007,turns_limit,0
4926,textmapworld,Qwen3.6-35B-A3B-FP8-without-reasoning,small,instance_00007,loops,0
4927,textmapworld,Qwen3.6-35B-A3B-FP8-without-reasoning,small,instance_00007,number_visited,4
4928,textmapworld,Qwen3.6-35B-A3B-FP8-without-reasoning,small,instance_00007,seen,4
4929,textmapworld,Qwen3.6-35B-A3B-FP8-without-reasoning,small,instance_00007,efficiency,100.0
4930,textmapworld,Qwen3.6-35B-A3B-FP8-without-reasoning,small,instance_00007,exploration,100.0
4931,textmapworld,Qwen3.6-35B-A3B-FP8-without-reasoning,small,instance_00007,Main Score,100.0
4932,textmapworld,Qwen3.6-35B-A3B-FP8-without-reasoning,small,instance_00000,Success,1
4933,textmapworld,Qwen3.6-35B-A3B-FP8-without-reasoning,small,instance_00000,Aborted,0
4934,textmapworld,Qwen3.6-35B-A3B-FP8-without-reasoning,small,instance_00000,Lose,0
4935,textmapworld,Qwen3.6-35B-A3B-FP8-without-reasoning,small,instance_00000,moves,4
4936,textmapworld,Qwen3.6-35B-A3B-FP8-without-reasoning,small,instance_00000,valid_moves,4
4937,textmapworld,Qwen3.6-35B-A3B-FP8-without-reasoning,small,instance_00000,invalid_moves,0
4938,textmapworld,Qwen3.6-35B-A3B-FP8-without-reasoning,small,instance_00000,stopped,1
4939,textmapworld,Qwen3.6-35B-A3B-FP8-without-reasoning,small,instance_00000,turns_limit,0
4940,textmapworld,Qwen3.6-35B-A3B-FP8-without-reasoning,small,instance_00000,loops,0
4941,textmapworld,Qwen3.6-35B-A3B-FP8-without-reasoning,small,instance_00000,number_visited,4
4942,textmapworld,Qwen3.6-35B-A3B-FP8-without-reasoning,small,instance_00000,seen,4
4943,textmapworld,Qwen3.6-35B-A3B-FP8-without-reasoning,small,instance_00000,efficiency,75.0
4944,textmapworld,Qwen3.6-35B-A3B-FP8-without-reasoning,small,instance_00000,exploration,100.0
4945,textmapworld,Qwen3.6-35B-A3B-FP8-without-reasoning,small,instance_00000,Main Score,85.71428571428571
4946,textmapworld,Qwen3.6-35B-A3B-FP8-without-reasoning,small,instance_00009,Success,0
4947,textmapworld,Qwen3.6-35B-A3B-FP8-without-reasoning,small,instance_00009,Aborted,0
4948,textmapworld,Qwen3.6-35B-A3B-FP8-without-reasoning,small,instance_00009,Lose,1
4949,textmapworld,Qwen3.6-35B-A3B-FP8-without-reasoning,small,instance_00009,moves,4
4950,textmapworld,Qwen3.6-35B-A3B-FP8-without-reasoning,small,instance_00009,valid_moves,4
4951,textmapworld,Qwen3.6-35B-A3B-FP8-without-reasoning,small,instance_00009,invalid_moves,0
4952,textmapworld,Qwen3.6-35B-A3B-FP8-without-reasoning,small,instance_00009,stopped,1
4953,textmapworld,Qwen3.6-35B-A3B-FP8-without-reasoning,small,instance_00009,turns_limit,0
4954,textmapworld,Qwen3.6-35B-A3B-FP8-without-reasoning,small,instance_00009,loops,0
4955,textmapworld,Qwen3.6-35B-A3B-FP8-without-reasoning,small,instance_00009,number_visited,3
4956,textmapworld,Qwen3.6-35B-A3B-FP8-without-reasoning,small,instance_00009,seen,4
4957,textmapworld,Qwen3.6-35B-A3B-FP8-without-reasoning,small,instance_00009,efficiency,50.0
4958,textmapworld,Qwen3.6-35B-A3B-FP8-without-reasoning,small,instance_00009,exploration,75.0
4959,textmapworld,Qwen3.6-35B-A3B-FP8-without-reasoning,small,instance_00009,Main Score,60.0
4960,textmapworld,Qwen3.6-35B-A3B-FP8-without-reasoning,medium_cycle,instance_00034,Success,1
4961,textmapworld,Qwen3.6-35B-A3B-FP8-without-reasoning,medium_cycle,instance_00034,Aborted,0
4962,textmapworld,Qwen3.6-35B-A3B-FP8-without-reasoning,medium_cycle,instance_00034,Lose,0
4963,textmapworld,Qwen3.6-35B-A3B-FP8-without-reasoning,medium_cycle,instance_00034,moves,9
4964,textmapworld,Qwen3.6-35B-A3B-FP8-without-reasoning,medium_cycle,instance_00034,valid_moves,9
4965,textmapworld,Qwen3.6-35B-A3B-FP8-without-reasoning,medium_cycle,instance_00034,invalid_moves,0
4966,textmapworld,Qwen3.6-35B-A3B-FP8-without-reasoning,medium_cycle,instance_00034,stopped,1
4967,textmapworld,Qwen3.6-35B-A3B-FP8-without-reasoning,medium_cycle,instance_00034,turns_limit,0
4968,textmapworld,Qwen3.6-35B-A3B-FP8-without-reasoning,medium_cycle,instance_00034,loops,0
4969,textmapworld,Qwen3.6-35B-A3B-FP8-without-reasoning,medium_cycle,instance_00034,number_visited,6
4970,textmapworld,Qwen3.6-35B-A3B-FP8-without-reasoning,medium_cycle,instance_00034,seen,6
4971,textmapworld,Qwen3.6-35B-A3B-FP8-without-reasoning,medium_cycle,instance_00034,efficiency,66.66666666666666
4972,textmapworld,Qwen3.6-35B-A3B-FP8-without-reasoning,medium_cycle,instance_00034,exploration,100.0
4973,textmapworld,Qwen3.6-35B-A3B-FP8-without-reasoning,medium_cycle,instance_00034,Main Score,80.0
4974,textmapworld,Qwen3.6-35B-A3B-FP8-without-reasoning,medium_cycle,instance_00033,Success,1
4975,textmapworld,Qwen3.6-35B-A3B-FP8-without-reasoning,medium_cycle,instance_00033,Aborted,0
4976,textmapworld,Qwen3.6-35B-A3B-FP8-without-reasoning,medium_cycle,instance_00033,Lose,0
4977,textmapworld,Qwen3.6-35B-A3B-FP8-without-reasoning,medium_cycle,instance_00033,moves,10
4978,textmapworld,Qwen3.6-35B-A3B-FP8-without-reasoning,medium_cycle,instance_00033,valid_moves,10
4979,textmapworld,Qwen3.6-35B-A3B-FP8-without-reasoning,medium_cycle,instance_00033,invalid_moves,0
4980,textmapworld,Qwen3.6-35B-A3B-FP8-without-reasoning,medium_cycle,instance_00033,stopped,1
4981,textmapworld,Qwen3.6-35B-A3B-FP8-without-reasoning,medium_cycle,instance_00033,turns_limit,0
4982,textmapworld,Qwen3.6-35B-A3B-FP8-without-reasoning,medium_cycle,instance_00033,loops,0
4983,textmapworld,Qwen3.6-35B-A3B-FP8-without-reasoning,medium_cycle,instance_00033,number_visited,6
4984,textmapworld,Qwen3.6-35B-A3B-FP8-without-reasoning,medium_cycle,instance_00033,seen,6
4985,textmapworld,Qwen3.6-35B-A3B-FP8-without-reasoning,medium_cycle,instance_00033,efficiency,50.0
4986,textmapworld,Qwen3.6-35B-A3B-FP8-without-reasoning,medium_cycle,instance_00033,exploration,100.0
4987,textmapworld,Qwen3.6-35B-A3B-FP8-without-reasoning,medium_cycle,instance_00033,Main Score,66.66666666666667
4988,textmapworld,Qwen3.6-35B-A3B-FP8-without-reasoning,medium_cycle,instance_00003,Success,0
4989,textmapworld,Qwen3.6-35B-A3B-FP8-without-reasoning,medium_cycle,instance_00003,Aborted,0
4990,textmapworld,Qwen3.6-35B-A3B-FP8-without-reasoning,medium_cycle,instance_00003,Lose,1
4991,textmapworld,Qwen3.6-35B-A3B-FP8-without-reasoning,medium_cycle,instance_00003,moves,6
4992,textmapworld,Qwen3.6-35B-A3B-FP8-without-reasoning,medium_cycle,instance_00003,valid_moves,6
4993,textmapworld,Qwen3.6-35B-A3B-FP8-without-reasoning,medium_cycle,instance_00003,invalid_moves,0
4994,textmapworld,Qwen3.6-35B-A3B-FP8-without-reasoning,medium_cycle,instance_00003,stopped,1
4995,textmapworld,Qwen3.6-35B-A3B-FP8-without-reasoning,medium_cycle,instance_00003,turns_limit,0
4996,textmapworld,Qwen3.6-35B-A3B-FP8-without-reasoning,medium_cycle,instance_00003,loops,0
4997,textmapworld,Qwen3.6-35B-A3B-FP8-without-reasoning,medium_cycle,instance_00003,number_visited,4
4998,textmapworld,Qwen3.6-35B-A3B-FP8-without-reasoning,medium_cycle,instance_00003,seen,6
4999,textmapworld,Qwen3.6-35B-A3B-FP8-without-reasoning,medium_cycle,instance_00003,efficiency,66.66666666666666
5000,textmapworld,Qwen3.6-35B-A3B-FP8-without-reasoning,medium_cycle,instance_00003,exploration,66.66666666666666
5001,textmapworld,Qwen3.6-35B-A3B-FP8-without-reasoning,medium_cycle,instance_00003,Main Score,66.66666666666666
5002,textmapworld,Qwen3.6-35B-A3B-FP8-without-reasoning,medium_cycle,instance_00032,Success,1
5003,textmapworld,Qwen3.6-35B-A3B-FP8-without-reasoning,medium_cycle,instance_00032,Aborted,0
5004,textmapworld,Qwen3.6-35B-A3B-FP8-without-reasoning,medium_cycle,instance_00032,Lose,0
5005,textmapworld,Qwen3.6-35B-A3B-FP8-without-reasoning,medium_cycle,instance_00032,moves,9
5006,textmapworld,Qwen3.6-35B-A3B-FP8-without-reasoning,medium_cycle,instance_00032,valid_moves,9
5007,textmapworld,Qwen3.6-35B-A3B-FP8-without-reasoning,medium_cycle,instance_00032,invalid_moves,0
5008,textmapworld,Qwen3.6-35B-A3B-FP8-without-reasoning,medium_cycle,instance_00032,stopped,1
5009,textmapworld,Qwen3.6-35B-A3B-FP8-without-reasoning,medium_cycle,instance_00032,turns_limit,0
5010,textmapworld,Qwen3.6-35B-A3B-FP8-without-reasoning,medium_cycle,instance_00032,loops,0
5011,textmapworld,Qwen3.6-35B-A3B-FP8-without-reasoning,medium_cycle,instance_00032,number_visited,6
5012,textmapworld,Qwen3.6-35B-A3B-FP8-without-reasoning,medium_cycle,instance_00032,seen,6
5013,textmapworld,Qwen3.6-35B-A3B-FP8-without-reasoning,medium_cycle,instance_00032,efficiency,66.66666666666666
5014,textmapworld,Qwen3.6-35B-A3B-FP8-without-reasoning,medium_cycle,instance_00032,exploration,100.0
5015,textmapworld,Qwen3.6-35B-A3B-FP8-without-reasoning,medium_cycle,instance_00032,Main Score,80.0
5016,textmapworld,Qwen3.6-35B-A3B-FP8-without-reasoning,medium_cycle,instance_00035,Success,0
5017,textmapworld,Qwen3.6-35B-A3B-FP8-without-reasoning,medium_cycle,instance_00035,Aborted,0
5018,textmapworld,Qwen3.6-35B-A3B-FP8-without-reasoning,medium_cycle,instance_00035,Lose,1
5019,textmapworld,Qwen3.6-35B-A3B-FP8-without-reasoning,medium_cycle,instance_00035,moves,6
5020,textmapworld,Qwen3.6-35B-A3B-FP8-without-reasoning,medium_cycle,instance_00035,valid_moves,6
5021,textmapworld,Qwen3.6-35B-A3B-FP8-without-reasoning,medium_cycle,instance_00035,invalid_moves,0
5022,textmapworld,Qwen3.6-35B-A3B-FP8-without-reasoning,medium_cycle,instance_00035,stopped,1
5023,textmapworld,Qwen3.6-35B-A3B-FP8-without-reasoning,medium_cycle,instance_00035,turns_limit,0
5024,textmapworld,Qwen3.6-35B-A3B-FP8-without-reasoning,medium_cycle,instance_00035,loops,1
5025,textmapworld,Qwen3.6-35B-A3B-FP8-without-reasoning,medium_cycle,instance_00035,number_visited,4
5026,textmapworld,Qwen3.6-35B-A3B-FP8-without-reasoning,medium_cycle,instance_00035,seen,5
5027,textmapworld,Qwen3.6-35B-A3B-FP8-without-reasoning,medium_cycle,instance_00035,efficiency,66.66666666666666
5028,textmapworld,Qwen3.6-35B-A3B-FP8-without-reasoning,medium_cycle,instance_00035,exploration,66.66666666666666
5029,textmapworld,Qwen3.6-35B-A3B-FP8-without-reasoning,medium_cycle,instance_00035,Main Score,66.66666666666666
5030,textmapworld,Qwen3.6-35B-A3B-FP8-without-reasoning,medium_cycle,instance_00030,Success,0
5031,textmapworld,Qwen3.6-35B-A3B-FP8-without-reasoning,medium_cycle,instance_00030,Aborted,0
5032,textmapworld,Qwen3.6-35B-A3B-FP8-without-reasoning,medium_cycle,instance_00030,Lose,1
5033,textmapworld,Qwen3.6-35B-A3B-FP8-without-reasoning,medium_cycle,instance_00030,moves,5
5034,textmapworld,Qwen3.6-35B-A3B-FP8-without-reasoning,medium_cycle,instance_00030,valid_moves,5
5035,textmapworld,Qwen3.6-35B-A3B-FP8-without-reasoning,medium_cycle,instance_00030,invalid_moves,0
5036,textmapworld,Qwen3.6-35B-A3B-FP8-without-reasoning,medium_cycle,instance_00030,stopped,1
5037,textmapworld,Qwen3.6-35B-A3B-FP8-without-reasoning,medium_cycle,instance_00030,turns_limit,0
5038,textmapworld,Qwen3.6-35B-A3B-FP8-without-reasoning,medium_cycle,instance_00030,loops,0
5039,textmapworld,Qwen3.6-35B-A3B-FP8-without-reasoning,medium_cycle,instance_00030,number_visited,4
5040,textmapworld,Qwen3.6-35B-A3B-FP8-without-reasoning,medium_cycle,instance_00030,seen,5
5041,textmapworld,Qwen3.6-35B-A3B-FP8-without-reasoning,medium_cycle,instance_00030,efficiency,80.0
5042,textmapworld,Qwen3.6-35B-A3B-FP8-without-reasoning,medium_cycle,instance_00030,exploration,66.66666666666666
5043,textmapworld,Qwen3.6-35B-A3B-FP8-without-reasoning,medium_cycle,instance_00030,Main Score,72.72727272727272
5044,textmapworld,Qwen3.6-35B-A3B-FP8-without-reasoning,medium_cycle,instance_00037,Success,0
5045,textmapworld,Qwen3.6-35B-A3B-FP8-without-reasoning,medium_cycle,instance_00037,Aborted,0
5046,textmapworld,Qwen3.6-35B-A3B-FP8-without-reasoning,medium_cycle,instance_00037,Lose,1
5047,textmapworld,Qwen3.6-35B-A3B-FP8-without-reasoning,medium_cycle,instance_00037,moves,6
5048,textmapworld,Qwen3.6-35B-A3B-FP8-without-reasoning,medium_cycle,instance_00037,valid_moves,6
5049,textmapworld,Qwen3.6-35B-A3B-FP8-without-reasoning,medium_cycle,instance_00037,invalid_moves,0
5050,textmapworld,Qwen3.6-35B-A3B-FP8-without-reasoning,medium_cycle,instance_00037,stopped,1
5051,textmapworld,Qwen3.6-35B-A3B-FP8-without-reasoning,medium_cycle,instance_00037,turns_limit,0
5052,textmapworld,Qwen3.6-35B-A3B-FP8-without-reasoning,medium_cycle,instance_00037,loops,0
5053,textmapworld,Qwen3.6-35B-A3B-FP8-without-reasoning,medium_cycle,instance_00037,number_visited,5
5054,textmapworld,Qwen3.6-35B-A3B-FP8-without-reasoning,medium_cycle,instance_00037,seen,6
5055,textmapworld,Qwen3.6-35B-A3B-FP8-without-reasoning,medium_cycle,instance_00037,efficiency,83.33333333333334
5056,textmapworld,Qwen3.6-35B-A3B-FP8-without-reasoning,medium_cycle,instance_00037,exploration,83.33333333333334
5057,textmapworld,Qwen3.6-35B-A3B-FP8-without-reasoning,medium_cycle,instance_00037,Main Score,83.33333333333334
5058,textmapworld,Qwen3.6-35B-A3B-FP8-without-reasoning,medium_cycle,instance_00039,Success,0
5059,textmapworld,Qwen3.6-35B-A3B-FP8-without-reasoning,medium_cycle,instance_00039,Aborted,0
5060,textmapworld,Qwen3.6-35B-A3B-FP8-without-reasoning,medium_cycle,instance_00039,Lose,1
5061,textmapworld,Qwen3.6-35B-A3B-FP8-without-reasoning,medium_cycle,instance_00039,moves,7
5062,textmapworld,Qwen3.6-35B-A3B-FP8-without-reasoning,medium_cycle,instance_00039,valid_moves,7
5063,textmapworld,Qwen3.6-35B-A3B-FP8-without-reasoning,medium_cycle,instance_00039,invalid_moves,0
5064,textmapworld,Qwen3.6-35B-A3B-FP8-without-reasoning,medium_cycle,instance_00039,stopped,1
5065,textmapworld,Qwen3.6-35B-A3B-FP8-without-reasoning,medium_cycle,instance_00039,turns_limit,0
5066,textmapworld,Qwen3.6-35B-A3B-FP8-without-reasoning,medium_cycle,instance_00039,loops,0
5067,textmapworld,Qwen3.6-35B-A3B-FP8-without-reasoning,medium_cycle,instance_00039,number_visited,4
5068,textmapworld,Qwen3.6-35B-A3B-FP8-without-reasoning,medium_cycle,instance_00039,seen,6
5069,textmapworld,Qwen3.6-35B-A3B-FP8-without-reasoning,medium_cycle,instance_00039,efficiency,71.42857142857143
5070,textmapworld,Qwen3.6-35B-A3B-FP8-without-reasoning,medium_cycle,instance_00039,exploration,66.66666666666666
5071,textmapworld,Qwen3.6-35B-A3B-FP8-without-reasoning,medium_cycle,instance_00039,Main Score,68.96551724137932
5072,textmapworld,Qwen3.6-35B-A3B-FP8-without-reasoning,medium_cycle,instance_00038,Success,0
5073,textmapworld,Qwen3.6-35B-A3B-FP8-without-reasoning,medium_cycle,instance_00038,Aborted,0
5074,textmapworld,Qwen3.6-35B-A3B-FP8-without-reasoning,medium_cycle,instance_00038,Lose,1
5075,textmapworld,Qwen3.6-35B-A3B-FP8-without-reasoning,medium_cycle,instance_00038,moves,4
5076,textmapworld,Qwen3.6-35B-A3B-FP8-without-reasoning,medium_cycle,instance_00038,valid_moves,4
5077,textmapworld,Qwen3.6-35B-A3B-FP8-without-reasoning,medium_cycle,instance_00038,invalid_moves,0
5078,textmapworld,Qwen3.6-35B-A3B-FP8-without-reasoning,medium_cycle,instance_00038,stopped,1
5079,textmapworld,Qwen3.6-35B-A3B-FP8-without-reasoning,medium_cycle,instance_00038,turns_limit,0
5080,textmapworld,Qwen3.6-35B-A3B-FP8-without-reasoning,medium_cycle,instance_00038,loops,0
5081,textmapworld,Qwen3.6-35B-A3B-FP8-without-reasoning,medium_cycle,instance_00038,number_visited,3
5082,textmapworld,Qwen3.6-35B-A3B-FP8-without-reasoning,medium_cycle,instance_00038,seen,6
5083,textmapworld,Qwen3.6-35B-A3B-FP8-without-reasoning,medium_cycle,instance_00038,efficiency,50.0
5084,textmapworld,Qwen3.6-35B-A3B-FP8-without-reasoning,medium_cycle,instance_00038,exploration,50.0
5085,textmapworld,Qwen3.6-35B-A3B-FP8-without-reasoning,medium_cycle,instance_00038,Main Score,50.0
5086,textmapworld,Qwen3.6-35B-A3B-FP8-without-reasoning,medium_cycle,instance_00036,Success,0
5087,textmapworld,Qwen3.6-35B-A3B-FP8-without-reasoning,medium_cycle,instance_00036,Aborted,0
5088,textmapworld,Qwen3.6-35B-A3B-FP8-without-reasoning,medium_cycle,instance_00036,Lose,1
5089,textmapworld,Qwen3.6-35B-A3B-FP8-without-reasoning,medium_cycle,instance_00036,moves,6
5090,textmapworld,Qwen3.6-35B-A3B-FP8-without-reasoning,medium_cycle,instance_00036,valid_moves,6
5091,textmapworld,Qwen3.6-35B-A3B-FP8-without-reasoning,medium_cycle,instance_00036,invalid_moves,0
5092,textmapworld,Qwen3.6-35B-A3B-FP8-without-reasoning,medium_cycle,instance_00036,stopped,1
5093,textmapworld,Qwen3.6-35B-A3B-FP8-without-reasoning,medium_cycle,instance_00036,turns_limit,0
5094,textmapworld,Qwen3.6-35B-A3B-FP8-without-reasoning,medium_cycle,instance_00036,loops,0
5095,textmapworld,Qwen3.6-35B-A3B-FP8-without-reasoning,medium_cycle,instance_00036,number_visited,4
5096,textmapworld,Qwen3.6-35B-A3B-FP8-without-reasoning,medium_cycle,instance_00036,seen,5
5097,textmapworld,Qwen3.6-35B-A3B-FP8-without-reasoning,medium_cycle,instance_00036,efficiency,66.66666666666666
5098,textmapworld,Qwen3.6-35B-A3B-FP8-without-reasoning,medium_cycle,instance_00036,exploration,66.66666666666666
5099,textmapworld,Qwen3.6-35B-A3B-FP8-without-reasoning,medium_cycle,instance_00036,Main Score,66.66666666666666
5100,textmapworld,Qwen3.6-35B-A3B-FP8-without-reasoning,medium_cycle,instance_00031,Success,0
5101,textmapworld,Qwen3.6-35B-A3B-FP8-without-reasoning,medium_cycle,instance_00031,Aborted,0
5102,textmapworld,Qwen3.6-35B-A3B-FP8-without-reasoning,medium_cycle,instance_00031,Lose,1
5103,textmapworld,Qwen3.6-35B-A3B-FP8-without-reasoning,medium_cycle,instance_00031,moves,1
5104,textmapworld,Qwen3.6-35B-A3B-FP8-without-reasoning,medium_cycle,instance_00031,valid_moves,1
5105,textmapworld,Qwen3.6-35B-A3B-FP8-without-reasoning,medium_cycle,instance_00031,invalid_moves,0
5106,textmapworld,Qwen3.6-35B-A3B-FP8-without-reasoning,medium_cycle,instance_00031,stopped,1
5107,textmapworld,Qwen3.6-35B-A3B-FP8-without-reasoning,medium_cycle,instance_00031,turns_limit,0
5108,textmapworld,Qwen3.6-35B-A3B-FP8-without-reasoning,medium_cycle,instance_00031,loops,0
5109,textmapworld,Qwen3.6-35B-A3B-FP8-without-reasoning,medium_cycle,instance_00031,number_visited,2
5110,textmapworld,Qwen3.6-35B-A3B-FP8-without-reasoning,medium_cycle,instance_00031,seen,3
5111,textmapworld,Qwen3.6-35B-A3B-FP8-without-reasoning,medium_cycle,instance_00031,efficiency,100.0
5112,textmapworld,Qwen3.6-35B-A3B-FP8-without-reasoning,medium_cycle,instance_00031,exploration,33.33333333333333
5113,textmapworld,Qwen3.6-35B-A3B-FP8-without-reasoning,medium_cycle,instance_00031,Main Score,50.0
5114,matchit_ascii,Qwen3.6-35B-A3B-FP8-without-reasoning,similar_grid_1,instance_00005,Violated Request Count,0
5115,matchit_ascii,Qwen3.6-35B-A3B-FP8-without-reasoning,similar_grid_1,instance_00005,Parsed Request Count,16
5116,matchit_ascii,Qwen3.6-35B-A3B-FP8-without-reasoning,similar_grid_1,instance_00005,Request Count,16
5117,matchit_ascii,Qwen3.6-35B-A3B-FP8-without-reasoning,similar_grid_1,instance_00005,Aborted,0
5118,matchit_ascii,Qwen3.6-35B-A3B-FP8-without-reasoning,similar_grid_1,instance_00005,Success,1
5119,matchit_ascii,Qwen3.6-35B-A3B-FP8-without-reasoning,similar_grid_1,instance_00005,Lose,0
5120,matchit_ascii,Qwen3.6-35B-A3B-FP8-without-reasoning,similar_grid_1,instance_00005,Main Score,100
5121,matchit_ascii,Qwen3.6-35B-A3B-FP8-without-reasoning,similar_grid_1,instance_00005,Player Score,100
5122,matchit_ascii,Qwen3.6-35B-A3B-FP8-without-reasoning,similar_grid_1,instance_00002,Violated Request Count,0
5123,matchit_ascii,Qwen3.6-35B-A3B-FP8-without-reasoning,similar_grid_1,instance_00002,Parsed Request Count,16
5124,matchit_ascii,Qwen3.6-35B-A3B-FP8-without-reasoning,similar_grid_1,instance_00002,Request Count,16
5125,matchit_ascii,Qwen3.6-35B-A3B-FP8-without-reasoning,similar_grid_1,instance_00002,Aborted,0
5126,matchit_ascii,Qwen3.6-35B-A3B-FP8-without-reasoning,similar_grid_1,instance_00002,Success,1
5127,matchit_ascii,Qwen3.6-35B-A3B-FP8-without-reasoning,similar_grid_1,instance_00002,Lose,0
5128,matchit_ascii,Qwen3.6-35B-A3B-FP8-without-reasoning,similar_grid_1,instance_00002,Main Score,100
5129,matchit_ascii,Qwen3.6-35B-A3B-FP8-without-reasoning,similar_grid_1,instance_00002,Player Score,100
5130,matchit_ascii,Qwen3.6-35B-A3B-FP8-without-reasoning,similar_grid_1,instance_00003,Violated Request Count,0
5131,matchit_ascii,Qwen3.6-35B-A3B-FP8-without-reasoning,similar_grid_1,instance_00003,Parsed Request Count,16
5132,matchit_ascii,Qwen3.6-35B-A3B-FP8-without-reasoning,similar_grid_1,instance_00003,Request Count,16
5133,matchit_ascii,Qwen3.6-35B-A3B-FP8-without-reasoning,similar_grid_1,instance_00003,Aborted,0
5134,matchit_ascii,Qwen3.6-35B-A3B-FP8-without-reasoning,similar_grid_1,instance_00003,Success,1
5135,matchit_ascii,Qwen3.6-35B-A3B-FP8-without-reasoning,similar_grid_1,instance_00003,Lose,0
5136,matchit_ascii,Qwen3.6-35B-A3B-FP8-without-reasoning,similar_grid_1,instance_00003,Main Score,100
5137,matchit_ascii,Qwen3.6-35B-A3B-FP8-without-reasoning,similar_grid_1,instance_00003,Player Score,100
5138,matchit_ascii,Qwen3.6-35B-A3B-FP8-without-reasoning,similar_grid_1,instance_00004,Violated Request Count,0
5139,matchit_ascii,Qwen3.6-35B-A3B-FP8-without-reasoning,similar_grid_1,instance_00004,Parsed Request Count,16
5140,matchit_ascii,Qwen3.6-35B-A3B-FP8-without-reasoning,similar_grid_1,instance_00004,Request Count,16
5141,matchit_ascii,Qwen3.6-35B-A3B-FP8-without-reasoning,similar_grid_1,instance_00004,Aborted,0
5142,matchit_ascii,Qwen3.6-35B-A3B-FP8-without-reasoning,similar_grid_1,instance_00004,Success,1
5143,matchit_ascii,Qwen3.6-35B-A3B-FP8-without-reasoning,similar_grid_1,instance_00004,Lose,0
5144,matchit_ascii,Qwen3.6-35B-A3B-FP8-without-reasoning,similar_grid_1,instance_00004,Main Score,100
5145,matchit_ascii,Qwen3.6-35B-A3B-FP8-without-reasoning,similar_grid_1,instance_00004,Player Score,100
5146,matchit_ascii,Qwen3.6-35B-A3B-FP8-without-reasoning,similar_grid_1,instance_00008,Violated Request Count,0
5147,matchit_ascii,Qwen3.6-35B-A3B-FP8-without-reasoning,similar_grid_1,instance_00008,Parsed Request Count,16
5148,matchit_ascii,Qwen3.6-35B-A3B-FP8-without-reasoning,similar_grid_1,instance_00008,Request Count,16
5149,matchit_ascii,Qwen3.6-35B-A3B-FP8-without-reasoning,similar_grid_1,instance_00008,Aborted,0
5150,matchit_ascii,Qwen3.6-35B-A3B-FP8-without-reasoning,similar_grid_1,instance_00008,Success,1
5151,matchit_ascii,Qwen3.6-35B-A3B-FP8-without-reasoning,similar_grid_1,instance_00008,Lose,0
5152,matchit_ascii,Qwen3.6-35B-A3B-FP8-without-reasoning,similar_grid_1,instance_00008,Main Score,100
5153,matchit_ascii,Qwen3.6-35B-A3B-FP8-without-reasoning,similar_grid_1,instance_00008,Player Score,100
5154,matchit_ascii,Qwen3.6-35B-A3B-FP8-without-reasoning,similar_grid_1,instance_00001,Violated Request Count,0
5155,matchit_ascii,Qwen3.6-35B-A3B-FP8-without-reasoning,similar_grid_1,instance_00001,Parsed Request Count,16
5156,matchit_ascii,Qwen3.6-35B-A3B-FP8-without-reasoning,similar_grid_1,instance_00001,Request Count,16
5157,matchit_ascii,Qwen3.6-35B-A3B-FP8-without-reasoning,similar_grid_1,instance_00001,Aborted,0
5158,matchit_ascii,Qwen3.6-35B-A3B-FP8-without-reasoning,similar_grid_1,instance_00001,Success,1
5159,matchit_ascii,Qwen3.6-35B-A3B-FP8-without-reasoning,similar_grid_1,instance_00001,Lose,0
5160,matchit_ascii,Qwen3.6-35B-A3B-FP8-without-reasoning,similar_grid_1,instance_00001,Main Score,100
5161,matchit_ascii,Qwen3.6-35B-A3B-FP8-without-reasoning,similar_grid_1,instance_00001,Player Score,100
5162,matchit_ascii,Qwen3.6-35B-A3B-FP8-without-reasoning,similar_grid_1,instance_00006,Violated Request Count,0
5163,matchit_ascii,Qwen3.6-35B-A3B-FP8-without-reasoning,similar_grid_1,instance_00006,Parsed Request Count,16
5164,matchit_ascii,Qwen3.6-35B-A3B-FP8-without-reasoning,similar_grid_1,instance_00006,Request Count,16
5165,matchit_ascii,Qwen3.6-35B-A3B-FP8-without-reasoning,similar_grid_1,instance_00006,Aborted,0
5166,matchit_ascii,Qwen3.6-35B-A3B-FP8-without-reasoning,similar_grid_1,instance_00006,Success,0
5167,matchit_ascii,Qwen3.6-35B-A3B-FP8-without-reasoning,similar_grid_1,instance_00006,Lose,1
5168,matchit_ascii,Qwen3.6-35B-A3B-FP8-without-reasoning,similar_grid_1,instance_00006,Main Score,0
5169,matchit_ascii,Qwen3.6-35B-A3B-FP8-without-reasoning,similar_grid_1,instance_00006,Player Score,0
5170,matchit_ascii,Qwen3.6-35B-A3B-FP8-without-reasoning,similar_grid_1,instance_00007,Violated Request Count,0
5171,matchit_ascii,Qwen3.6-35B-A3B-FP8-without-reasoning,similar_grid_1,instance_00007,Parsed Request Count,16
5172,matchit_ascii,Qwen3.6-35B-A3B-FP8-without-reasoning,similar_grid_1,instance_00007,Request Count,16
5173,matchit_ascii,Qwen3.6-35B-A3B-FP8-without-reasoning,similar_grid_1,instance_00007,Aborted,0
5174,matchit_ascii,Qwen3.6-35B-A3B-FP8-without-reasoning,similar_grid_1,instance_00007,Success,0
5175,matchit_ascii,Qwen3.6-35B-A3B-FP8-without-reasoning,similar_grid_1,instance_00007,Lose,1
5176,matchit_ascii,Qwen3.6-35B-A3B-FP8-without-reasoning,similar_grid_1,instance_00007,Main Score,0
5177,matchit_ascii,Qwen3.6-35B-A3B-FP8-without-reasoning,similar_grid_1,instance_00007,Player Score,0
5178,matchit_ascii,Qwen3.6-35B-A3B-FP8-without-reasoning,similar_grid_1,instance_00000,Violated Request Count,0
5179,matchit_ascii,Qwen3.6-35B-A3B-FP8-without-reasoning,similar_grid_1,instance_00000,Parsed Request Count,16
5180,matchit_ascii,Qwen3.6-35B-A3B-FP8-without-reasoning,similar_grid_1,instance_00000,Request Count,16
5181,matchit_ascii,Qwen3.6-35B-A3B-FP8-without-reasoning,similar_grid_1,instance_00000,Aborted,0
5182,matchit_ascii,Qwen3.6-35B-A3B-FP8-without-reasoning,similar_grid_1,instance_00000,Success,1
5183,matchit_ascii,Qwen3.6-35B-A3B-FP8-without-reasoning,similar_grid_1,instance_00000,Lose,0
5184,matchit_ascii,Qwen3.6-35B-A3B-FP8-without-reasoning,similar_grid_1,instance_00000,Main Score,100
5185,matchit_ascii,Qwen3.6-35B-A3B-FP8-without-reasoning,similar_grid_1,instance_00000,Player Score,100
5186,matchit_ascii,Qwen3.6-35B-A3B-FP8-without-reasoning,similar_grid_1,instance_00009,Violated Request Count,0
5187,matchit_ascii,Qwen3.6-35B-A3B-FP8-without-reasoning,similar_grid_1,instance_00009,Parsed Request Count,16
5188,matchit_ascii,Qwen3.6-35B-A3B-FP8-without-reasoning,similar_grid_1,instance_00009,Request Count,16
5189,matchit_ascii,Qwen3.6-35B-A3B-FP8-without-reasoning,similar_grid_1,instance_00009,Aborted,0
5190,matchit_ascii,Qwen3.6-35B-A3B-FP8-without-reasoning,similar_grid_1,instance_00009,Success,1
5191,matchit_ascii,Qwen3.6-35B-A3B-FP8-without-reasoning,similar_grid_1,instance_00009,Lose,0
5192,matchit_ascii,Qwen3.6-35B-A3B-FP8-without-reasoning,similar_grid_1,instance_00009,Main Score,100
5193,matchit_ascii,Qwen3.6-35B-A3B-FP8-without-reasoning,similar_grid_1,instance_00009,Player Score,100
5194,matchit_ascii,Qwen3.6-35B-A3B-FP8-without-reasoning,same_grid,instance_00005,Violated Request Count,0
5195,matchit_ascii,Qwen3.6-35B-A3B-FP8-without-reasoning,same_grid,instance_00005,Parsed Request Count,16
5196,matchit_ascii,Qwen3.6-35B-A3B-FP8-without-reasoning,same_grid,instance_00005,Request Count,16
5197,matchit_ascii,Qwen3.6-35B-A3B-FP8-without-reasoning,same_grid,instance_00005,Aborted,0
5198,matchit_ascii,Qwen3.6-35B-A3B-FP8-without-reasoning,same_grid,instance_00005,Success,0
5199,matchit_ascii,Qwen3.6-35B-A3B-FP8-without-reasoning,same_grid,instance_00005,Lose,1
5200,matchit_ascii,Qwen3.6-35B-A3B-FP8-without-reasoning,same_grid,instance_00005,Main Score,0
5201,matchit_ascii,Qwen3.6-35B-A3B-FP8-without-reasoning,same_grid,instance_00005,Player Score,0
5202,matchit_ascii,Qwen3.6-35B-A3B-FP8-without-reasoning,same_grid,instance_00002,Violated Request Count,0
5203,matchit_ascii,Qwen3.6-35B-A3B-FP8-without-reasoning,same_grid,instance_00002,Parsed Request Count,16
5204,matchit_ascii,Qwen3.6-35B-A3B-FP8-without-reasoning,same_grid,instance_00002,Request Count,16
5205,matchit_ascii,Qwen3.6-35B-A3B-FP8-without-reasoning,same_grid,instance_00002,Aborted,0
5206,matchit_ascii,Qwen3.6-35B-A3B-FP8-without-reasoning,same_grid,instance_00002,Success,1
5207,matchit_ascii,Qwen3.6-35B-A3B-FP8-without-reasoning,same_grid,instance_00002,Lose,0
5208,matchit_ascii,Qwen3.6-35B-A3B-FP8-without-reasoning,same_grid,instance_00002,Main Score,100
5209,matchit_ascii,Qwen3.6-35B-A3B-FP8-without-reasoning,same_grid,instance_00002,Player Score,100
5210,matchit_ascii,Qwen3.6-35B-A3B-FP8-without-reasoning,same_grid,instance_00003,Violated Request Count,0
5211,matchit_ascii,Qwen3.6-35B-A3B-FP8-without-reasoning,same_grid,instance_00003,Parsed Request Count,16
5212,matchit_ascii,Qwen3.6-35B-A3B-FP8-without-reasoning,same_grid,instance_00003,Request Count,16
5213,matchit_ascii,Qwen3.6-35B-A3B-FP8-without-reasoning,same_grid,instance_00003,Aborted,0
5214,matchit_ascii,Qwen3.6-35B-A3B-FP8-without-reasoning,same_grid,instance_00003,Success,1
5215,matchit_ascii,Qwen3.6-35B-A3B-FP8-without-reasoning,same_grid,instance_00003,Lose,0
5216,matchit_ascii,Qwen3.6-35B-A3B-FP8-without-reasoning,same_grid,instance_00003,Main Score,100
5217,matchit_ascii,Qwen3.6-35B-A3B-FP8-without-reasoning,same_grid,instance_00003,Player Score,100
5218,matchit_ascii,Qwen3.6-35B-A3B-FP8-without-reasoning,same_grid,instance_00004,Violated Request Count,0
5219,matchit_ascii,Qwen3.6-35B-A3B-FP8-without-reasoning,same_grid,instance_00004,Parsed Request Count,16
5220,matchit_ascii,Qwen3.6-35B-A3B-FP8-without-reasoning,same_grid,instance_00004,Request Count,16
5221,matchit_ascii,Qwen3.6-35B-A3B-FP8-without-reasoning,same_grid,instance_00004,Aborted,0
5222,matchit_ascii,Qwen3.6-35B-A3B-FP8-without-reasoning,same_grid,instance_00004,Success,1
5223,matchit_ascii,Qwen3.6-35B-A3B-FP8-without-reasoning,same_grid,instance_00004,Lose,0
5224,matchit_ascii,Qwen3.6-35B-A3B-FP8-without-reasoning,same_grid,instance_00004,Main Score,100
5225,matchit_ascii,Qwen3.6-35B-A3B-FP8-without-reasoning,same_grid,instance_00004,Player Score,100
5226,matchit_ascii,Qwen3.6-35B-A3B-FP8-without-reasoning,same_grid,instance_00008,Violated Request Count,0
5227,matchit_ascii,Qwen3.6-35B-A3B-FP8-without-reasoning,same_grid,instance_00008,Parsed Request Count,16
5228,matchit_ascii,Qwen3.6-35B-A3B-FP8-without-reasoning,same_grid,instance_00008,Request Count,16
5229,matchit_ascii,Qwen3.6-35B-A3B-FP8-without-reasoning,same_grid,instance_00008,Aborted,0
5230,matchit_ascii,Qwen3.6-35B-A3B-FP8-without-reasoning,same_grid,instance_00008,Success,1
5231,matchit_ascii,Qwen3.6-35B-A3B-FP8-without-reasoning,same_grid,instance_00008,Lose,0
5232,matchit_ascii,Qwen3.6-35B-A3B-FP8-without-reasoning,same_grid,instance_00008,Main Score,100
5233,matchit_ascii,Qwen3.6-35B-A3B-FP8-without-reasoning,same_grid,instance_00008,Player Score,100
5234,matchit_ascii,Qwen3.6-35B-A3B-FP8-without-reasoning,same_grid,instance_00001,Violated Request Count,0
5235,matchit_ascii,Qwen3.6-35B-A3B-FP8-without-reasoning,same_grid,instance_00001,Parsed Request Count,16
5236,matchit_ascii,Qwen3.6-35B-A3B-FP8-without-reasoning,same_grid,instance_00001,Request Count,16
5237,matchit_ascii,Qwen3.6-35B-A3B-FP8-without-reasoning,same_grid,instance_00001,Aborted,0
5238,matchit_ascii,Qwen3.6-35B-A3B-FP8-without-reasoning,same_grid,instance_00001,Success,1
5239,matchit_ascii,Qwen3.6-35B-A3B-FP8-without-reasoning,same_grid,instance_00001,Lose,0
5240,matchit_ascii,Qwen3.6-35B-A3B-FP8-without-reasoning,same_grid,instance_00001,Main Score,100
5241,matchit_ascii,Qwen3.6-35B-A3B-FP8-without-reasoning,same_grid,instance_00001,Player Score,100
5242,matchit_ascii,Qwen3.6-35B-A3B-FP8-without-reasoning,same_grid,instance_00006,Violated Request Count,0
5243,matchit_ascii,Qwen3.6-35B-A3B-FP8-without-reasoning,same_grid,instance_00006,Parsed Request Count,16
5244,matchit_ascii,Qwen3.6-35B-A3B-FP8-without-reasoning,same_grid,instance_00006,Request Count,16
5245,matchit_ascii,Qwen3.6-35B-A3B-FP8-without-reasoning,same_grid,instance_00006,Aborted,0
5246,matchit_ascii,Qwen3.6-35B-A3B-FP8-without-reasoning,same_grid,instance_00006,Success,1
5247,matchit_ascii,Qwen3.6-35B-A3B-FP8-without-reasoning,same_grid,instance_00006,Lose,0
5248,matchit_ascii,Qwen3.6-35B-A3B-FP8-without-reasoning,same_grid,instance_00006,Main Score,100
5249,matchit_ascii,Qwen3.6-35B-A3B-FP8-without-reasoning,same_grid,instance_00006,Player Score,100
5250,matchit_ascii,Qwen3.6-35B-A3B-FP8-without-reasoning,same_grid,instance_00007,Violated Request Count,0
5251,matchit_ascii,Qwen3.6-35B-A3B-FP8-without-reasoning,same_grid,instance_00007,Parsed Request Count,16
5252,matchit_ascii,Qwen3.6-35B-A3B-FP8-without-reasoning,same_grid,instance_00007,Request Count,16
5253,matchit_ascii,Qwen3.6-35B-A3B-FP8-without-reasoning,same_grid,instance_00007,Aborted,0
5254,matchit_ascii,Qwen3.6-35B-A3B-FP8-without-reasoning,same_grid,instance_00007,Success,0
5255,matchit_ascii,Qwen3.6-35B-A3B-FP8-without-reasoning,same_grid,instance_00007,Lose,1
5256,matchit_ascii,Qwen3.6-35B-A3B-FP8-without-reasoning,same_grid,instance_00007,Main Score,0
5257,matchit_ascii,Qwen3.6-35B-A3B-FP8-without-reasoning,same_grid,instance_00007,Player Score,0
5258,matchit_ascii,Qwen3.6-35B-A3B-FP8-without-reasoning,same_grid,instance_00000,Violated Request Count,0
5259,matchit_ascii,Qwen3.6-35B-A3B-FP8-without-reasoning,same_grid,instance_00000,Parsed Request Count,16
5260,matchit_ascii,Qwen3.6-35B-A3B-FP8-without-reasoning,same_grid,instance_00000,Request Count,16
5261,matchit_ascii,Qwen3.6-35B-A3B-FP8-without-reasoning,same_grid,instance_00000,Aborted,0
5262,matchit_ascii,Qwen3.6-35B-A3B-FP8-without-reasoning,same_grid,instance_00000,Success,1
5263,matchit_ascii,Qwen3.6-35B-A3B-FP8-without-reasoning,same_grid,instance_00000,Lose,0
5264,matchit_ascii,Qwen3.6-35B-A3B-FP8-without-reasoning,same_grid,instance_00000,Main Score,100
5265,matchit_ascii,Qwen3.6-35B-A3B-FP8-without-reasoning,same_grid,instance_00000,Player Score,100
5266,matchit_ascii,Qwen3.6-35B-A3B-FP8-without-reasoning,same_grid,instance_00009,Violated Request Count,0
5267,matchit_ascii,Qwen3.6-35B-A3B-FP8-without-reasoning,same_grid,instance_00009,Parsed Request Count,16
5268,matchit_ascii,Qwen3.6-35B-A3B-FP8-without-reasoning,same_grid,instance_00009,Request Count,16
5269,matchit_ascii,Qwen3.6-35B-A3B-FP8-without-reasoning,same_grid,instance_00009,Aborted,0
5270,matchit_ascii,Qwen3.6-35B-A3B-FP8-without-reasoning,same_grid,instance_00009,Success,0
5271,matchit_ascii,Qwen3.6-35B-A3B-FP8-without-reasoning,same_grid,instance_00009,Lose,1
5272,matchit_ascii,Qwen3.6-35B-A3B-FP8-without-reasoning,same_grid,instance_00009,Main Score,0
5273,matchit_ascii,Qwen3.6-35B-A3B-FP8-without-reasoning,same_grid,instance_00009,Player Score,0
5274,matchit_ascii,Qwen3.6-35B-A3B-FP8-without-reasoning,similar_grid_2,instance_00005,Violated Request Count,0
5275,matchit_ascii,Qwen3.6-35B-A3B-FP8-without-reasoning,similar_grid_2,instance_00005,Parsed Request Count,16
5276,matchit_ascii,Qwen3.6-35B-A3B-FP8-without-reasoning,similar_grid_2,instance_00005,Request Count,16
5277,matchit_ascii,Qwen3.6-35B-A3B-FP8-without-reasoning,similar_grid_2,instance_00005,Aborted,0
5278,matchit_ascii,Qwen3.6-35B-A3B-FP8-without-reasoning,similar_grid_2,instance_00005,Success,1
5279,matchit_ascii,Qwen3.6-35B-A3B-FP8-without-reasoning,similar_grid_2,instance_00005,Lose,0
5280,matchit_ascii,Qwen3.6-35B-A3B-FP8-without-reasoning,similar_grid_2,instance_00005,Main Score,100
5281,matchit_ascii,Qwen3.6-35B-A3B-FP8-without-reasoning,similar_grid_2,instance_00005,Player Score,100
5282,matchit_ascii,Qwen3.6-35B-A3B-FP8-without-reasoning,similar_grid_2,instance_00002,Violated Request Count,0
5283,matchit_ascii,Qwen3.6-35B-A3B-FP8-without-reasoning,similar_grid_2,instance_00002,Parsed Request Count,16
5284,matchit_ascii,Qwen3.6-35B-A3B-FP8-without-reasoning,similar_grid_2,instance_00002,Request Count,16
5285,matchit_ascii,Qwen3.6-35B-A3B-FP8-without-reasoning,similar_grid_2,instance_00002,Aborted,0
5286,matchit_ascii,Qwen3.6-35B-A3B-FP8-without-reasoning,similar_grid_2,instance_00002,Success,1
5287,matchit_ascii,Qwen3.6-35B-A3B-FP8-without-reasoning,similar_grid_2,instance_00002,Lose,0
5288,matchit_ascii,Qwen3.6-35B-A3B-FP8-without-reasoning,similar_grid_2,instance_00002,Main Score,100
5289,matchit_ascii,Qwen3.6-35B-A3B-FP8-without-reasoning,similar_grid_2,instance_00002,Player Score,100
5290,matchit_ascii,Qwen3.6-35B-A3B-FP8-without-reasoning,similar_grid_2,instance_00003,Violated Request Count,0
5291,matchit_ascii,Qwen3.6-35B-A3B-FP8-without-reasoning,similar_grid_2,instance_00003,Parsed Request Count,16
5292,matchit_ascii,Qwen3.6-35B-A3B-FP8-without-reasoning,similar_grid_2,instance_00003,Request Count,16
5293,matchit_ascii,Qwen3.6-35B-A3B-FP8-without-reasoning,similar_grid_2,instance_00003,Aborted,0
5294,matchit_ascii,Qwen3.6-35B-A3B-FP8-without-reasoning,similar_grid_2,instance_00003,Success,1
5295,matchit_ascii,Qwen3.6-35B-A3B-FP8-without-reasoning,similar_grid_2,instance_00003,Lose,0
5296,matchit_ascii,Qwen3.6-35B-A3B-FP8-without-reasoning,similar_grid_2,instance_00003,Main Score,100
5297,matchit_ascii,Qwen3.6-35B-A3B-FP8-without-reasoning,similar_grid_2,instance_00003,Player Score,100
5298,matchit_ascii,Qwen3.6-35B-A3B-FP8-without-reasoning,similar_grid_2,instance_00004,Violated Request Count,0
5299,matchit_ascii,Qwen3.6-35B-A3B-FP8-without-reasoning,similar_grid_2,instance_00004,Parsed Request Count,16
5300,matchit_ascii,Qwen3.6-35B-A3B-FP8-without-reasoning,similar_grid_2,instance_00004,Request Count,16
5301,matchit_ascii,Qwen3.6-35B-A3B-FP8-without-reasoning,similar_grid_2,instance_00004,Aborted,0
5302,matchit_ascii,Qwen3.6-35B-A3B-FP8-without-reasoning,similar_grid_2,instance_00004,Success,1
5303,matchit_ascii,Qwen3.6-35B-A3B-FP8-without-reasoning,similar_grid_2,instance_00004,Lose,0
5304,matchit_ascii,Qwen3.6-35B-A3B-FP8-without-reasoning,similar_grid_2,instance_00004,Main Score,100
5305,matchit_ascii,Qwen3.6-35B-A3B-FP8-without-reasoning,similar_grid_2,instance_00004,Player Score,100
5306,matchit_ascii,Qwen3.6-35B-A3B-FP8-without-reasoning,similar_grid_2,instance_00008,Violated Request Count,0
5307,matchit_ascii,Qwen3.6-35B-A3B-FP8-without-reasoning,similar_grid_2,instance_00008,Parsed Request Count,16
5308,matchit_ascii,Qwen3.6-35B-A3B-FP8-without-reasoning,similar_grid_2,instance_00008,Request Count,16
5309,matchit_ascii,Qwen3.6-35B-A3B-FP8-without-reasoning,similar_grid_2,instance_00008,Aborted,0
5310,matchit_ascii,Qwen3.6-35B-A3B-FP8-without-reasoning,similar_grid_2,instance_00008,Success,1
5311,matchit_ascii,Qwen3.6-35B-A3B-FP8-without-reasoning,similar_grid_2,instance_00008,Lose,0
5312,matchit_ascii,Qwen3.6-35B-A3B-FP8-without-reasoning,similar_grid_2,instance_00008,Main Score,100
5313,matchit_ascii,Qwen3.6-35B-A3B-FP8-without-reasoning,similar_grid_2,instance_00008,Player Score,100
5314,matchit_ascii,Qwen3.6-35B-A3B-FP8-without-reasoning,similar_grid_2,instance_00001,Violated Request Count,0
5315,matchit_ascii,Qwen3.6-35B-A3B-FP8-without-reasoning,similar_grid_2,instance_00001,Parsed Request Count,16
5316,matchit_ascii,Qwen3.6-35B-A3B-FP8-without-reasoning,similar_grid_2,instance_00001,Request Count,16
5317,matchit_ascii,Qwen3.6-35B-A3B-FP8-without-reasoning,similar_grid_2,instance_00001,Aborted,0
5318,matchit_ascii,Qwen3.6-35B-A3B-FP8-without-reasoning,similar_grid_2,instance_00001,Success,1
5319,matchit_ascii,Qwen3.6-35B-A3B-FP8-without-reasoning,similar_grid_2,instance_00001,Lose,0
5320,matchit_ascii,Qwen3.6-35B-A3B-FP8-without-reasoning,similar_grid_2,instance_00001,Main Score,100
5321,matchit_ascii,Qwen3.6-35B-A3B-FP8-without-reasoning,similar_grid_2,instance_00001,Player Score,100
5322,matchit_ascii,Qwen3.6-35B-A3B-FP8-without-reasoning,similar_grid_2,instance_00006,Violated Request Count,0
5323,matchit_ascii,Qwen3.6-35B-A3B-FP8-without-reasoning,similar_grid_2,instance_00006,Parsed Request Count,16
5324,matchit_ascii,Qwen3.6-35B-A3B-FP8-without-reasoning,similar_grid_2,instance_00006,Request Count,16
5325,matchit_ascii,Qwen3.6-35B-A3B-FP8-without-reasoning,similar_grid_2,instance_00006,Aborted,0
5326,matchit_ascii,Qwen3.6-35B-A3B-FP8-without-reasoning,similar_grid_2,instance_00006,Success,1
5327,matchit_ascii,Qwen3.6-35B-A3B-FP8-without-reasoning,similar_grid_2,instance_00006,Lose,0
5328,matchit_ascii,Qwen3.6-35B-A3B-FP8-without-reasoning,similar_grid_2,instance_00006,Main Score,100
5329,matchit_ascii,Qwen3.6-35B-A3B-FP8-without-reasoning,similar_grid_2,instance_00006,Player Score,100
5330,matchit_ascii,Qwen3.6-35B-A3B-FP8-without-reasoning,similar_grid_2,instance_00007,Violated Request Count,0
5331,matchit_ascii,Qwen3.6-35B-A3B-FP8-without-reasoning,similar_grid_2,instance_00007,Parsed Request Count,16
5332,matchit_ascii,Qwen3.6-35B-A3B-FP8-without-reasoning,similar_grid_2,instance_00007,Request Count,16
5333,matchit_ascii,Qwen3.6-35B-A3B-FP8-without-reasoning,similar_grid_2,instance_00007,Aborted,0
5334,matchit_ascii,Qwen3.6-35B-A3B-FP8-without-reasoning,similar_grid_2,instance_00007,Success,1
5335,matchit_ascii,Qwen3.6-35B-A3B-FP8-without-reasoning,similar_grid_2,instance_00007,Lose,0
5336,matchit_ascii,Qwen3.6-35B-A3B-FP8-without-reasoning,similar_grid_2,instance_00007,Main Score,100
5337,matchit_ascii,Qwen3.6-35B-A3B-FP8-without-reasoning,similar_grid_2,instance_00007,Player Score,100
5338,matchit_ascii,Qwen3.6-35B-A3B-FP8-without-reasoning,similar_grid_2,instance_00000,Violated Request Count,0
5339,matchit_ascii,Qwen3.6-35B-A3B-FP8-without-reasoning,similar_grid_2,instance_00000,Parsed Request Count,16
5340,matchit_ascii,Qwen3.6-35B-A3B-FP8-without-reasoning,similar_grid_2,instance_00000,Request Count,16
5341,matchit_ascii,Qwen3.6-35B-A3B-FP8-without-reasoning,similar_grid_2,instance_00000,Aborted,0
5342,matchit_ascii,Qwen3.6-35B-A3B-FP8-without-reasoning,similar_grid_2,instance_00000,Success,1
5343,matchit_ascii,Qwen3.6-35B-A3B-FP8-without-reasoning,similar_grid_2,instance_00000,Lose,0
5344,matchit_ascii,Qwen3.6-35B-A3B-FP8-without-reasoning,similar_grid_2,instance_00000,Main Score,100
5345,matchit_ascii,Qwen3.6-35B-A3B-FP8-without-reasoning,similar_grid_2,instance_00000,Player Score,100
5346,matchit_ascii,Qwen3.6-35B-A3B-FP8-without-reasoning,similar_grid_2,instance_00009,Violated Request Count,0
5347,matchit_ascii,Qwen3.6-35B-A3B-FP8-without-reasoning,similar_grid_2,instance_00009,Parsed Request Count,16
5348,matchit_ascii,Qwen3.6-35B-A3B-FP8-without-reasoning,similar_grid_2,instance_00009,Request Count,16
5349,matchit_ascii,Qwen3.6-35B-A3B-FP8-without-reasoning,similar_grid_2,instance_00009,Aborted,0
5350,matchit_ascii,Qwen3.6-35B-A3B-FP8-without-reasoning,similar_grid_2,instance_00009,Success,1
5351,matchit_ascii,Qwen3.6-35B-A3B-FP8-without-reasoning,similar_grid_2,instance_00009,Lose,0
5352,matchit_ascii,Qwen3.6-35B-A3B-FP8-without-reasoning,similar_grid_2,instance_00009,Main Score,100
5353,matchit_ascii,Qwen3.6-35B-A3B-FP8-without-reasoning,similar_grid_2,instance_00009,Player Score,100
5354,matchit_ascii,Qwen3.6-35B-A3B-FP8-without-reasoning,different_grid,instance_00005,Violated Request Count,0
5355,matchit_ascii,Qwen3.6-35B-A3B-FP8-without-reasoning,different_grid,instance_00005,Parsed Request Count,16
5356,matchit_ascii,Qwen3.6-35B-A3B-FP8-without-reasoning,different_grid,instance_00005,Request Count,16
5357,matchit_ascii,Qwen3.6-35B-A3B-FP8-without-reasoning,different_grid,instance_00005,Aborted,0
5358,matchit_ascii,Qwen3.6-35B-A3B-FP8-without-reasoning,different_grid,instance_00005,Success,1
5359,matchit_ascii,Qwen3.6-35B-A3B-FP8-without-reasoning,different_grid,instance_00005,Lose,0
5360,matchit_ascii,Qwen3.6-35B-A3B-FP8-without-reasoning,different_grid,instance_00005,Main Score,100
5361,matchit_ascii,Qwen3.6-35B-A3B-FP8-without-reasoning,different_grid,instance_00005,Player Score,100
5362,matchit_ascii,Qwen3.6-35B-A3B-FP8-without-reasoning,different_grid,instance_00002,Violated Request Count,0
5363,matchit_ascii,Qwen3.6-35B-A3B-FP8-without-reasoning,different_grid,instance_00002,Parsed Request Count,16
5364,matchit_ascii,Qwen3.6-35B-A3B-FP8-without-reasoning,different_grid,instance_00002,Request Count,16
5365,matchit_ascii,Qwen3.6-35B-A3B-FP8-without-reasoning,different_grid,instance_00002,Aborted,0
5366,matchit_ascii,Qwen3.6-35B-A3B-FP8-without-reasoning,different_grid,instance_00002,Success,1
5367,matchit_ascii,Qwen3.6-35B-A3B-FP8-without-reasoning,different_grid,instance_00002,Lose,0
5368,matchit_ascii,Qwen3.6-35B-A3B-FP8-without-reasoning,different_grid,instance_00002,Main Score,100
5369,matchit_ascii,Qwen3.6-35B-A3B-FP8-without-reasoning,different_grid,instance_00002,Player Score,100
5370,matchit_ascii,Qwen3.6-35B-A3B-FP8-without-reasoning,different_grid,instance_00003,Violated Request Count,0
5371,matchit_ascii,Qwen3.6-35B-A3B-FP8-without-reasoning,different_grid,instance_00003,Parsed Request Count,16
5372,matchit_ascii,Qwen3.6-35B-A3B-FP8-without-reasoning,different_grid,instance_00003,Request Count,16
5373,matchit_ascii,Qwen3.6-35B-A3B-FP8-without-reasoning,different_grid,instance_00003,Aborted,0
5374,matchit_ascii,Qwen3.6-35B-A3B-FP8-without-reasoning,different_grid,instance_00003,Success,1
5375,matchit_ascii,Qwen3.6-35B-A3B-FP8-without-reasoning,different_grid,instance_00003,Lose,0
5376,matchit_ascii,Qwen3.6-35B-A3B-FP8-without-reasoning,different_grid,instance_00003,Main Score,100
5377,matchit_ascii,Qwen3.6-35B-A3B-FP8-without-reasoning,different_grid,instance_00003,Player Score,100
5378,matchit_ascii,Qwen3.6-35B-A3B-FP8-without-reasoning,different_grid,instance_00004,Violated Request Count,0
5379,matchit_ascii,Qwen3.6-35B-A3B-FP8-without-reasoning,different_grid,instance_00004,Parsed Request Count,16
5380,matchit_ascii,Qwen3.6-35B-A3B-FP8-without-reasoning,different_grid,instance_00004,Request Count,16
5381,matchit_ascii,Qwen3.6-35B-A3B-FP8-without-reasoning,different_grid,instance_00004,Aborted,0
5382,matchit_ascii,Qwen3.6-35B-A3B-FP8-without-reasoning,different_grid,instance_00004,Success,1
5383,matchit_ascii,Qwen3.6-35B-A3B-FP8-without-reasoning,different_grid,instance_00004,Lose,0
5384,matchit_ascii,Qwen3.6-35B-A3B-FP8-without-reasoning,different_grid,instance_00004,Main Score,100
5385,matchit_ascii,Qwen3.6-35B-A3B-FP8-without-reasoning,different_grid,instance_00004,Player Score,100
5386,matchit_ascii,Qwen3.6-35B-A3B-FP8-without-reasoning,different_grid,instance_00008,Violated Request Count,0
5387,matchit_ascii,Qwen3.6-35B-A3B-FP8-without-reasoning,different_grid,instance_00008,Parsed Request Count,16
5388,matchit_ascii,Qwen3.6-35B-A3B-FP8-without-reasoning,different_grid,instance_00008,Request Count,16
5389,matchit_ascii,Qwen3.6-35B-A3B-FP8-without-reasoning,different_grid,instance_00008,Aborted,0
5390,matchit_ascii,Qwen3.6-35B-A3B-FP8-without-reasoning,different_grid,instance_00008,Success,1
5391,matchit_ascii,Qwen3.6-35B-A3B-FP8-without-reasoning,different_grid,instance_00008,Lose,0
5392,matchit_ascii,Qwen3.6-35B-A3B-FP8-without-reasoning,different_grid,instance_00008,Main Score,100
5393,matchit_ascii,Qwen3.6-35B-A3B-FP8-without-reasoning,different_grid,instance_00008,Player Score,100
5394,matchit_ascii,Qwen3.6-35B-A3B-FP8-without-reasoning,different_grid,instance_00001,Violated Request Count,0
5395,matchit_ascii,Qwen3.6-35B-A3B-FP8-without-reasoning,different_grid,instance_00001,Parsed Request Count,16
5396,matchit_ascii,Qwen3.6-35B-A3B-FP8-without-reasoning,different_grid,instance_00001,Request Count,16
5397,matchit_ascii,Qwen3.6-35B-A3B-FP8-without-reasoning,different_grid,instance_00001,Aborted,0
5398,matchit_ascii,Qwen3.6-35B-A3B-FP8-without-reasoning,different_grid,instance_00001,Success,1
5399,matchit_ascii,Qwen3.6-35B-A3B-FP8-without-reasoning,different_grid,instance_00001,Lose,0
5400,matchit_ascii,Qwen3.6-35B-A3B-FP8-without-reasoning,different_grid,instance_00001,Main Score,100
5401,matchit_ascii,Qwen3.6-35B-A3B-FP8-without-reasoning,different_grid,instance_00001,Player Score,100
5402,matchit_ascii,Qwen3.6-35B-A3B-FP8-without-reasoning,different_grid,instance_00006,Violated Request Count,0
5403,matchit_ascii,Qwen3.6-35B-A3B-FP8-without-reasoning,different_grid,instance_00006,Parsed Request Count,16
5404,matchit_ascii,Qwen3.6-35B-A3B-FP8-without-reasoning,different_grid,instance_00006,Request Count,16
5405,matchit_ascii,Qwen3.6-35B-A3B-FP8-without-reasoning,different_grid,instance_00006,Aborted,0
5406,matchit_ascii,Qwen3.6-35B-A3B-FP8-without-reasoning,different_grid,instance_00006,Success,1
5407,matchit_ascii,Qwen3.6-35B-A3B-FP8-without-reasoning,different_grid,instance_00006,Lose,0
5408,matchit_ascii,Qwen3.6-35B-A3B-FP8-without-reasoning,different_grid,instance_00006,Main Score,100
5409,matchit_ascii,Qwen3.6-35B-A3B-FP8-without-reasoning,different_grid,instance_00006,Player Score,100
5410,matchit_ascii,Qwen3.6-35B-A3B-FP8-without-reasoning,different_grid,instance_00007,Violated Request Count,0
5411,matchit_ascii,Qwen3.6-35B-A3B-FP8-without-reasoning,different_grid,instance_00007,Parsed Request Count,16
5412,matchit_ascii,Qwen3.6-35B-A3B-FP8-without-reasoning,different_grid,instance_00007,Request Count,16
5413,matchit_ascii,Qwen3.6-35B-A3B-FP8-without-reasoning,different_grid,instance_00007,Aborted,0
5414,matchit_ascii,Qwen3.6-35B-A3B-FP8-without-reasoning,different_grid,instance_00007,Success,1
5415,matchit_ascii,Qwen3.6-35B-A3B-FP8-without-reasoning,different_grid,instance_00007,Lose,0
5416,matchit_ascii,Qwen3.6-35B-A3B-FP8-without-reasoning,different_grid,instance_00007,Main Score,100
5417,matchit_ascii,Qwen3.6-35B-A3B-FP8-without-reasoning,different_grid,instance_00007,Player Score,100
5418,matchit_ascii,Qwen3.6-35B-A3B-FP8-without-reasoning,different_grid,instance_00000,Violated Request Count,0
5419,matchit_ascii,Qwen3.6-35B-A3B-FP8-without-reasoning,different_grid,instance_00000,Parsed Request Count,16
5420,matchit_ascii,Qwen3.6-35B-A3B-FP8-without-reasoning,different_grid,instance_00000,Request Count,16
5421,matchit_ascii,Qwen3.6-35B-A3B-FP8-without-reasoning,different_grid,instance_00000,Aborted,0
5422,matchit_ascii,Qwen3.6-35B-A3B-FP8-without-reasoning,different_grid,instance_00000,Success,1
5423,matchit_ascii,Qwen3.6-35B-A3B-FP8-without-reasoning,different_grid,instance_00000,Lose,0
5424,matchit_ascii,Qwen3.6-35B-A3B-FP8-without-reasoning,different_grid,instance_00000,Main Score,100
5425,matchit_ascii,Qwen3.6-35B-A3B-FP8-without-reasoning,different_grid,instance_00000,Player Score,100
5426,matchit_ascii,Qwen3.6-35B-A3B-FP8-without-reasoning,different_grid,instance_00009,Violated Request Count,0
5427,matchit_ascii,Qwen3.6-35B-A3B-FP8-without-reasoning,different_grid,instance_00009,Parsed Request Count,16
5428,matchit_ascii,Qwen3.6-35B-A3B-FP8-without-reasoning,different_grid,instance_00009,Request Count,16
5429,matchit_ascii,Qwen3.6-35B-A3B-FP8-without-reasoning,different_grid,instance_00009,Aborted,0
5430,matchit_ascii,Qwen3.6-35B-A3B-FP8-without-reasoning,different_grid,instance_00009,Success,1
5431,matchit_ascii,Qwen3.6-35B-A3B-FP8-without-reasoning,different_grid,instance_00009,Lose,0
5432,matchit_ascii,Qwen3.6-35B-A3B-FP8-without-reasoning,different_grid,instance_00009,Main Score,100
5433,matchit_ascii,Qwen3.6-35B-A3B-FP8-without-reasoning,different_grid,instance_00009,Player Score,100
5434,textmapworld_specificroom,Qwen3.6-35B-A3B-FP8-without-reasoning,close,instance_00017,Aborted,1
5435,textmapworld_specificroom,Qwen3.6-35B-A3B-FP8-without-reasoning,close,instance_00017,Success,0
5436,textmapworld_specificroom,Qwen3.6-35B-A3B-FP8-without-reasoning,close,instance_00017,Lose,0
5437,textmapworld_specificroom,Qwen3.6-35B-A3B-FP8-without-reasoning,close,instance_00017,moves,
5438,textmapworld_specificroom,Qwen3.6-35B-A3B-FP8-without-reasoning,close,instance_00017,valid_moves,
5439,textmapworld_specificroom,Qwen3.6-35B-A3B-FP8-without-reasoning,close,instance_00017,invalid_moves,
5440,textmapworld_specificroom,Qwen3.6-35B-A3B-FP8-without-reasoning,close,instance_00017,stopped,
5441,textmapworld_specificroom,Qwen3.6-35B-A3B-FP8-without-reasoning,close,instance_00017,turns_limit,
5442,textmapworld_specificroom,Qwen3.6-35B-A3B-FP8-without-reasoning,close,instance_00017,loops,
5443,textmapworld_specificroom,Qwen3.6-35B-A3B-FP8-without-reasoning,close,instance_00017,number_visited,
5444,textmapworld_specificroom,Qwen3.6-35B-A3B-FP8-without-reasoning,close,instance_00017,seen,
5445,textmapworld_specificroom,Qwen3.6-35B-A3B-FP8-without-reasoning,close,instance_00017,efficiency,
5446,textmapworld_specificroom,Qwen3.6-35B-A3B-FP8-without-reasoning,close,instance_00017,exploration,
5447,textmapworld_specificroom,Qwen3.6-35B-A3B-FP8-without-reasoning,close,instance_00017,old_benchscore,
5448,textmapworld_specificroom,Qwen3.6-35B-A3B-FP8-without-reasoning,close,instance_00017,Main Score,
5449,textmapworld_specificroom,Qwen3.6-35B-A3B-FP8-without-reasoning,close,instance_00010,Success,1
5450,textmapworld_specificroom,Qwen3.6-35B-A3B-FP8-without-reasoning,close,instance_00010,Aborted,0
5451,textmapworld_specificroom,Qwen3.6-35B-A3B-FP8-without-reasoning,close,instance_00010,Lose,0
5452,textmapworld_specificroom,Qwen3.6-35B-A3B-FP8-without-reasoning,close,instance_00010,moves,3
5453,textmapworld_specificroom,Qwen3.6-35B-A3B-FP8-without-reasoning,close,instance_00010,valid_moves,3
5454,textmapworld_specificroom,Qwen3.6-35B-A3B-FP8-without-reasoning,close,instance_00010,invalid_moves,0
5455,textmapworld_specificroom,Qwen3.6-35B-A3B-FP8-without-reasoning,close,instance_00010,stopped,1
5456,textmapworld_specificroom,Qwen3.6-35B-A3B-FP8-without-reasoning,close,instance_00010,turns_limit,0
5457,textmapworld_specificroom,Qwen3.6-35B-A3B-FP8-without-reasoning,close,instance_00010,loops,0
5458,textmapworld_specificroom,Qwen3.6-35B-A3B-FP8-without-reasoning,close,instance_00010,number_visited,3
5459,textmapworld_specificroom,Qwen3.6-35B-A3B-FP8-without-reasoning,close,instance_00010,seen,4
5460,textmapworld_specificroom,Qwen3.6-35B-A3B-FP8-without-reasoning,close,instance_00010,efficiency,66.66666666666666
5461,textmapworld_specificroom,Qwen3.6-35B-A3B-FP8-without-reasoning,close,instance_00010,exploration,37.5
5462,textmapworld_specificroom,Qwen3.6-35B-A3B-FP8-without-reasoning,close,instance_00010,old_benchscore,47.99999999999999
5463,textmapworld_specificroom,Qwen3.6-35B-A3B-FP8-without-reasoning,close,instance_00010,Main Score,100
5464,textmapworld_specificroom,Qwen3.6-35B-A3B-FP8-without-reasoning,close,instance_00019,Success,1
5465,textmapworld_specificroom,Qwen3.6-35B-A3B-FP8-without-reasoning,close,instance_00019,Aborted,0
5466,textmapworld_specificroom,Qwen3.6-35B-A3B-FP8-without-reasoning,close,instance_00019,Lose,0
5467,textmapworld_specificroom,Qwen3.6-35B-A3B-FP8-without-reasoning,close,instance_00019,moves,1
5468,textmapworld_specificroom,Qwen3.6-35B-A3B-FP8-without-reasoning,close,instance_00019,valid_moves,1
5469,textmapworld_specificroom,Qwen3.6-35B-A3B-FP8-without-reasoning,close,instance_00019,invalid_moves,0
5470,textmapworld_specificroom,Qwen3.6-35B-A3B-FP8-without-reasoning,close,instance_00019,stopped,1
5471,textmapworld_specificroom,Qwen3.6-35B-A3B-FP8-without-reasoning,close,instance_00019,turns_limit,0
5472,textmapworld_specificroom,Qwen3.6-35B-A3B-FP8-without-reasoning,close,instance_00019,loops,0
5473,textmapworld_specificroom,Qwen3.6-35B-A3B-FP8-without-reasoning,close,instance_00019,number_visited,2
5474,textmapworld_specificroom,Qwen3.6-35B-A3B-FP8-without-reasoning,close,instance_00019,seen,4
5475,textmapworld_specificroom,Qwen3.6-35B-A3B-FP8-without-reasoning,close,instance_00019,efficiency,100.0
5476,textmapworld_specificroom,Qwen3.6-35B-A3B-FP8-without-reasoning,close,instance_00019,exploration,25.0
5477,textmapworld_specificroom,Qwen3.6-35B-A3B-FP8-without-reasoning,close,instance_00019,old_benchscore,40.0
5478,textmapworld_specificroom,Qwen3.6-35B-A3B-FP8-without-reasoning,close,instance_00019,Main Score,100
5479,textmapworld_specificroom,Qwen3.6-35B-A3B-FP8-without-reasoning,close,instance_00018,Success,1
5480,textmapworld_specificroom,Qwen3.6-35B-A3B-FP8-without-reasoning,close,instance_00018,Aborted,0
5481,textmapworld_specificroom,Qwen3.6-35B-A3B-FP8-without-reasoning,close,instance_00018,Lose,0
5482,textmapworld_specificroom,Qwen3.6-35B-A3B-FP8-without-reasoning,close,instance_00018,moves,1
5483,textmapworld_specificroom,Qwen3.6-35B-A3B-FP8-without-reasoning,close,instance_00018,valid_moves,1
5484,textmapworld_specificroom,Qwen3.6-35B-A3B-FP8-without-reasoning,close,instance_00018,invalid_moves,0
5485,textmapworld_specificroom,Qwen3.6-35B-A3B-FP8-without-reasoning,close,instance_00018,stopped,1
5486,textmapworld_specificroom,Qwen3.6-35B-A3B-FP8-without-reasoning,close,instance_00018,turns_limit,0
5487,textmapworld_specificroom,Qwen3.6-35B-A3B-FP8-without-reasoning,close,instance_00018,loops,0
5488,textmapworld_specificroom,Qwen3.6-35B-A3B-FP8-without-reasoning,close,instance_00018,number_visited,2
5489,textmapworld_specificroom,Qwen3.6-35B-A3B-FP8-without-reasoning,close,instance_00018,seen,3
5490,textmapworld_specificroom,Qwen3.6-35B-A3B-FP8-without-reasoning,close,instance_00018,efficiency,100.0
5491,textmapworld_specificroom,Qwen3.6-35B-A3B-FP8-without-reasoning,close,instance_00018,exploration,25.0
5492,textmapworld_specificroom,Qwen3.6-35B-A3B-FP8-without-reasoning,close,instance_00018,old_benchscore,40.0
5493,textmapworld_specificroom,Qwen3.6-35B-A3B-FP8-without-reasoning,close,instance_00018,Main Score,100
5494,textmapworld_specificroom,Qwen3.6-35B-A3B-FP8-without-reasoning,close,instance_00011,Success,1
5495,textmapworld_specificroom,Qwen3.6-35B-A3B-FP8-without-reasoning,close,instance_00011,Aborted,0
5496,textmapworld_specificroom,Qwen3.6-35B-A3B-FP8-without-reasoning,close,instance_00011,Lose,0
5497,textmapworld_specificroom,Qwen3.6-35B-A3B-FP8-without-reasoning,close,instance_00011,moves,1
5498,textmapworld_specificroom,Qwen3.6-35B-A3B-FP8-without-reasoning,close,instance_00011,valid_moves,1
5499,textmapworld_specificroom,Qwen3.6-35B-A3B-FP8-without-reasoning,close,instance_00011,invalid_moves,0
5500,textmapworld_specificroom,Qwen3.6-35B-A3B-FP8-without-reasoning,close,instance_00011,stopped,1
5501,textmapworld_specificroom,Qwen3.6-35B-A3B-FP8-without-reasoning,close,instance_00011,turns_limit,0
5502,textmapworld_specificroom,Qwen3.6-35B-A3B-FP8-without-reasoning,close,instance_00011,loops,0
5503,textmapworld_specificroom,Qwen3.6-35B-A3B-FP8-without-reasoning,close,instance_00011,number_visited,2
5504,textmapworld_specificroom,Qwen3.6-35B-A3B-FP8-without-reasoning,close,instance_00011,seen,4
5505,textmapworld_specificroom,Qwen3.6-35B-A3B-FP8-without-reasoning,close,instance_00011,efficiency,0.0
5506,textmapworld_specificroom,Qwen3.6-35B-A3B-FP8-without-reasoning,close,instance_00011,exploration,25.0
5507,textmapworld_specificroom,Qwen3.6-35B-A3B-FP8-without-reasoning,close,instance_00011,old_benchscore,0.0
5508,textmapworld_specificroom,Qwen3.6-35B-A3B-FP8-without-reasoning,close,instance_00011,Main Score,100
5509,textmapworld_specificroom,Qwen3.6-35B-A3B-FP8-without-reasoning,close,instance_00016,Aborted,1
5510,textmapworld_specificroom,Qwen3.6-35B-A3B-FP8-without-reasoning,close,instance_00016,Success,0
5511,textmapworld_specificroom,Qwen3.6-35B-A3B-FP8-without-reasoning,close,instance_00016,Lose,0
5512,textmapworld_specificroom,Qwen3.6-35B-A3B-FP8-without-reasoning,close,instance_00016,moves,
5513,textmapworld_specificroom,Qwen3.6-35B-A3B-FP8-without-reasoning,close,instance_00016,valid_moves,
5514,textmapworld_specificroom,Qwen3.6-35B-A3B-FP8-without-reasoning,close,instance_00016,invalid_moves,
5515,textmapworld_specificroom,Qwen3.6-35B-A3B-FP8-without-reasoning,close,instance_00016,stopped,
5516,textmapworld_specificroom,Qwen3.6-35B-A3B-FP8-without-reasoning,close,instance_00016,turns_limit,
5517,textmapworld_specificroom,Qwen3.6-35B-A3B-FP8-without-reasoning,close,instance_00016,loops,
5518,textmapworld_specificroom,Qwen3.6-35B-A3B-FP8-without-reasoning,close,instance_00016,number_visited,
5519,textmapworld_specificroom,Qwen3.6-35B-A3B-FP8-without-reasoning,close,instance_00016,seen,
5520,textmapworld_specificroom,Qwen3.6-35B-A3B-FP8-without-reasoning,close,instance_00016,efficiency,
5521,textmapworld_specificroom,Qwen3.6-35B-A3B-FP8-without-reasoning,close,instance_00016,exploration,
5522,textmapworld_specificroom,Qwen3.6-35B-A3B-FP8-without-reasoning,close,instance_00016,old_benchscore,
5523,textmapworld_specificroom,Qwen3.6-35B-A3B-FP8-without-reasoning,close,instance_00016,Main Score,
5524,textmapworld_specificroom,Qwen3.6-35B-A3B-FP8-without-reasoning,close,instance_00001,Success,1
5525,textmapworld_specificroom,Qwen3.6-35B-A3B-FP8-without-reasoning,close,instance_00001,Aborted,0
5526,textmapworld_specificroom,Qwen3.6-35B-A3B-FP8-without-reasoning,close,instance_00001,Lose,0
5527,textmapworld_specificroom,Qwen3.6-35B-A3B-FP8-without-reasoning,close,instance_00001,moves,5
5528,textmapworld_specificroom,Qwen3.6-35B-A3B-FP8-without-reasoning,close,instance_00001,valid_moves,5
5529,textmapworld_specificroom,Qwen3.6-35B-A3B-FP8-without-reasoning,close,instance_00001,invalid_moves,0
5530,textmapworld_specificroom,Qwen3.6-35B-A3B-FP8-without-reasoning,close,instance_00001,stopped,1
5531,textmapworld_specificroom,Qwen3.6-35B-A3B-FP8-without-reasoning,close,instance_00001,turns_limit,0
5532,textmapworld_specificroom,Qwen3.6-35B-A3B-FP8-without-reasoning,close,instance_00001,loops,0
5533,textmapworld_specificroom,Qwen3.6-35B-A3B-FP8-without-reasoning,close,instance_00001,number_visited,4
5534,textmapworld_specificroom,Qwen3.6-35B-A3B-FP8-without-reasoning,close,instance_00001,seen,5
5535,textmapworld_specificroom,Qwen3.6-35B-A3B-FP8-without-reasoning,close,instance_00001,efficiency,60.0
5536,textmapworld_specificroom,Qwen3.6-35B-A3B-FP8-without-reasoning,close,instance_00001,exploration,50.0
5537,textmapworld_specificroom,Qwen3.6-35B-A3B-FP8-without-reasoning,close,instance_00001,old_benchscore,54.54545454545455
5538,textmapworld_specificroom,Qwen3.6-35B-A3B-FP8-without-reasoning,close,instance_00001,Main Score,100
5539,textmapworld_specificroom,Qwen3.6-35B-A3B-FP8-without-reasoning,close,instance_00013,Success,1
5540,textmapworld_specificroom,Qwen3.6-35B-A3B-FP8-without-reasoning,close,instance_00013,Aborted,0
5541,textmapworld_specificroom,Qwen3.6-35B-A3B-FP8-without-reasoning,close,instance_00013,Lose,0
5542,textmapworld_specificroom,Qwen3.6-35B-A3B-FP8-without-reasoning,close,instance_00013,moves,8
5543,textmapworld_specificroom,Qwen3.6-35B-A3B-FP8-without-reasoning,close,instance_00013,valid_moves,8
5544,textmapworld_specificroom,Qwen3.6-35B-A3B-FP8-without-reasoning,close,instance_00013,invalid_moves,0
5545,textmapworld_specificroom,Qwen3.6-35B-A3B-FP8-without-reasoning,close,instance_00013,stopped,1
5546,textmapworld_specificroom,Qwen3.6-35B-A3B-FP8-without-reasoning,close,instance_00013,turns_limit,0
5547,textmapworld_specificroom,Qwen3.6-35B-A3B-FP8-without-reasoning,close,instance_00013,loops,1
5548,textmapworld_specificroom,Qwen3.6-35B-A3B-FP8-without-reasoning,close,instance_00013,number_visited,5
5549,textmapworld_specificroom,Qwen3.6-35B-A3B-FP8-without-reasoning,close,instance_00013,seen,6
5550,textmapworld_specificroom,Qwen3.6-35B-A3B-FP8-without-reasoning,close,instance_00013,efficiency,62.5
5551,textmapworld_specificroom,Qwen3.6-35B-A3B-FP8-without-reasoning,close,instance_00013,exploration,62.5
5552,textmapworld_specificroom,Qwen3.6-35B-A3B-FP8-without-reasoning,close,instance_00013,old_benchscore,62.5
5553,textmapworld_specificroom,Qwen3.6-35B-A3B-FP8-without-reasoning,close,instance_00013,Main Score,100
5554,textmapworld_specificroom,Qwen3.6-35B-A3B-FP8-without-reasoning,close,instance_00014,Success,1
5555,textmapworld_specificroom,Qwen3.6-35B-A3B-FP8-without-reasoning,close,instance_00014,Aborted,0
5556,textmapworld_specificroom,Qwen3.6-35B-A3B-FP8-without-reasoning,close,instance_00014,Lose,0
5557,textmapworld_specificroom,Qwen3.6-35B-A3B-FP8-without-reasoning,close,instance_00014,moves,1
5558,textmapworld_specificroom,Qwen3.6-35B-A3B-FP8-without-reasoning,close,instance_00014,valid_moves,1
5559,textmapworld_specificroom,Qwen3.6-35B-A3B-FP8-without-reasoning,close,instance_00014,invalid_moves,0
5560,textmapworld_specificroom,Qwen3.6-35B-A3B-FP8-without-reasoning,close,instance_00014,stopped,1
5561,textmapworld_specificroom,Qwen3.6-35B-A3B-FP8-without-reasoning,close,instance_00014,turns_limit,0
5562,textmapworld_specificroom,Qwen3.6-35B-A3B-FP8-without-reasoning,close,instance_00014,loops,0
5563,textmapworld_specificroom,Qwen3.6-35B-A3B-FP8-without-reasoning,close,instance_00014,number_visited,2
5564,textmapworld_specificroom,Qwen3.6-35B-A3B-FP8-without-reasoning,close,instance_00014,seen,3
5565,textmapworld_specificroom,Qwen3.6-35B-A3B-FP8-without-reasoning,close,instance_00014,efficiency,100.0
5566,textmapworld_specificroom,Qwen3.6-35B-A3B-FP8-without-reasoning,close,instance_00014,exploration,25.0
5567,textmapworld_specificroom,Qwen3.6-35B-A3B-FP8-without-reasoning,close,instance_00014,old_benchscore,40.0
5568,textmapworld_specificroom,Qwen3.6-35B-A3B-FP8-without-reasoning,close,instance_00014,Main Score,100
5569,textmapworld_specificroom,Qwen3.6-35B-A3B-FP8-without-reasoning,close,instance_00015,Success,1
5570,textmapworld_specificroom,Qwen3.6-35B-A3B-FP8-without-reasoning,close,instance_00015,Aborted,0
5571,textmapworld_specificroom,Qwen3.6-35B-A3B-FP8-without-reasoning,close,instance_00015,Lose,0
5572,textmapworld_specificroom,Qwen3.6-35B-A3B-FP8-without-reasoning,close,instance_00015,moves,1
5573,textmapworld_specificroom,Qwen3.6-35B-A3B-FP8-without-reasoning,close,instance_00015,valid_moves,1
5574,textmapworld_specificroom,Qwen3.6-35B-A3B-FP8-without-reasoning,close,instance_00015,invalid_moves,0
5575,textmapworld_specificroom,Qwen3.6-35B-A3B-FP8-without-reasoning,close,instance_00015,stopped,1
5576,textmapworld_specificroom,Qwen3.6-35B-A3B-FP8-without-reasoning,close,instance_00015,turns_limit,0
5577,textmapworld_specificroom,Qwen3.6-35B-A3B-FP8-without-reasoning,close,instance_00015,loops,0
5578,textmapworld_specificroom,Qwen3.6-35B-A3B-FP8-without-reasoning,close,instance_00015,number_visited,2
5579,textmapworld_specificroom,Qwen3.6-35B-A3B-FP8-without-reasoning,close,instance_00015,seen,4
5580,textmapworld_specificroom,Qwen3.6-35B-A3B-FP8-without-reasoning,close,instance_00015,efficiency,100.0
5581,textmapworld_specificroom,Qwen3.6-35B-A3B-FP8-without-reasoning,close,instance_00015,exploration,25.0
5582,textmapworld_specificroom,Qwen3.6-35B-A3B-FP8-without-reasoning,close,instance_00015,old_benchscore,40.0
5583,textmapworld_specificroom,Qwen3.6-35B-A3B-FP8-without-reasoning,close,instance_00015,Main Score,100
5584,textmapworld_specificroom,Qwen3.6-35B-A3B-FP8-without-reasoning,close,instance_00012,Success,1
5585,textmapworld_specificroom,Qwen3.6-35B-A3B-FP8-without-reasoning,close,instance_00012,Aborted,0
5586,textmapworld_specificroom,Qwen3.6-35B-A3B-FP8-without-reasoning,close,instance_00012,Lose,0
5587,textmapworld_specificroom,Qwen3.6-35B-A3B-FP8-without-reasoning,close,instance_00012,moves,1
5588,textmapworld_specificroom,Qwen3.6-35B-A3B-FP8-without-reasoning,close,instance_00012,valid_moves,1
5589,textmapworld_specificroom,Qwen3.6-35B-A3B-FP8-without-reasoning,close,instance_00012,invalid_moves,0
5590,textmapworld_specificroom,Qwen3.6-35B-A3B-FP8-without-reasoning,close,instance_00012,stopped,1
5591,textmapworld_specificroom,Qwen3.6-35B-A3B-FP8-without-reasoning,close,instance_00012,turns_limit,0
5592,textmapworld_specificroom,Qwen3.6-35B-A3B-FP8-without-reasoning,close,instance_00012,loops,0
5593,textmapworld_specificroom,Qwen3.6-35B-A3B-FP8-without-reasoning,close,instance_00012,number_visited,2
5594,textmapworld_specificroom,Qwen3.6-35B-A3B-FP8-without-reasoning,close,instance_00012,seen,4
5595,textmapworld_specificroom,Qwen3.6-35B-A3B-FP8-without-reasoning,close,instance_00012,efficiency,0.0
5596,textmapworld_specificroom,Qwen3.6-35B-A3B-FP8-without-reasoning,close,instance_00012,exploration,25.0
5597,textmapworld_specificroom,Qwen3.6-35B-A3B-FP8-without-reasoning,close,instance_00012,old_benchscore,0.0
5598,textmapworld_specificroom,Qwen3.6-35B-A3B-FP8-without-reasoning,close,instance_00012,Main Score,100
5599,textmapworld_specificroom,Qwen3.6-35B-A3B-FP8-without-reasoning,far,instance_00002,Aborted,1
5600,textmapworld_specificroom,Qwen3.6-35B-A3B-FP8-without-reasoning,far,instance_00002,Success,0
5601,textmapworld_specificroom,Qwen3.6-35B-A3B-FP8-without-reasoning,far,instance_00002,Lose,0
5602,textmapworld_specificroom,Qwen3.6-35B-A3B-FP8-without-reasoning,far,instance_00002,moves,
5603,textmapworld_specificroom,Qwen3.6-35B-A3B-FP8-without-reasoning,far,instance_00002,valid_moves,
5604,textmapworld_specificroom,Qwen3.6-35B-A3B-FP8-without-reasoning,far,instance_00002,invalid_moves,
5605,textmapworld_specificroom,Qwen3.6-35B-A3B-FP8-without-reasoning,far,instance_00002,stopped,
5606,textmapworld_specificroom,Qwen3.6-35B-A3B-FP8-without-reasoning,far,instance_00002,turns_limit,
5607,textmapworld_specificroom,Qwen3.6-35B-A3B-FP8-without-reasoning,far,instance_00002,loops,
5608,textmapworld_specificroom,Qwen3.6-35B-A3B-FP8-without-reasoning,far,instance_00002,number_visited,
5609,textmapworld_specificroom,Qwen3.6-35B-A3B-FP8-without-reasoning,far,instance_00002,seen,
5610,textmapworld_specificroom,Qwen3.6-35B-A3B-FP8-without-reasoning,far,instance_00002,efficiency,
5611,textmapworld_specificroom,Qwen3.6-35B-A3B-FP8-without-reasoning,far,instance_00002,exploration,
5612,textmapworld_specificroom,Qwen3.6-35B-A3B-FP8-without-reasoning,far,instance_00002,old_benchscore,
5613,textmapworld_specificroom,Qwen3.6-35B-A3B-FP8-without-reasoning,far,instance_00002,Main Score,
5614,textmapworld_specificroom,Qwen3.6-35B-A3B-FP8-without-reasoning,far,instance_00028,Aborted,1
5615,textmapworld_specificroom,Qwen3.6-35B-A3B-FP8-without-reasoning,far,instance_00028,Success,0
5616,textmapworld_specificroom,Qwen3.6-35B-A3B-FP8-without-reasoning,far,instance_00028,Lose,0
5617,textmapworld_specificroom,Qwen3.6-35B-A3B-FP8-without-reasoning,far,instance_00028,moves,
5618,textmapworld_specificroom,Qwen3.6-35B-A3B-FP8-without-reasoning,far,instance_00028,valid_moves,
5619,textmapworld_specificroom,Qwen3.6-35B-A3B-FP8-without-reasoning,far,instance_00028,invalid_moves,
5620,textmapworld_specificroom,Qwen3.6-35B-A3B-FP8-without-reasoning,far,instance_00028,stopped,
5621,textmapworld_specificroom,Qwen3.6-35B-A3B-FP8-without-reasoning,far,instance_00028,turns_limit,
5622,textmapworld_specificroom,Qwen3.6-35B-A3B-FP8-without-reasoning,far,instance_00028,loops,
5623,textmapworld_specificroom,Qwen3.6-35B-A3B-FP8-without-reasoning,far,instance_00028,number_visited,
5624,textmapworld_specificroom,Qwen3.6-35B-A3B-FP8-without-reasoning,far,instance_00028,seen,
5625,textmapworld_specificroom,Qwen3.6-35B-A3B-FP8-without-reasoning,far,instance_00028,efficiency,
5626,textmapworld_specificroom,Qwen3.6-35B-A3B-FP8-without-reasoning,far,instance_00028,exploration,
5627,textmapworld_specificroom,Qwen3.6-35B-A3B-FP8-without-reasoning,far,instance_00028,old_benchscore,
5628,textmapworld_specificroom,Qwen3.6-35B-A3B-FP8-without-reasoning,far,instance_00028,Main Score,
5629,textmapworld_specificroom,Qwen3.6-35B-A3B-FP8-without-reasoning,far,instance_00026,Success,1
5630,textmapworld_specificroom,Qwen3.6-35B-A3B-FP8-without-reasoning,far,instance_00026,Aborted,0
5631,textmapworld_specificroom,Qwen3.6-35B-A3B-FP8-without-reasoning,far,instance_00026,Lose,0
5632,textmapworld_specificroom,Qwen3.6-35B-A3B-FP8-without-reasoning,far,instance_00026,moves,3
5633,textmapworld_specificroom,Qwen3.6-35B-A3B-FP8-without-reasoning,far,instance_00026,valid_moves,3
5634,textmapworld_specificroom,Qwen3.6-35B-A3B-FP8-without-reasoning,far,instance_00026,invalid_moves,0
5635,textmapworld_specificroom,Qwen3.6-35B-A3B-FP8-without-reasoning,far,instance_00026,stopped,1
5636,textmapworld_specificroom,Qwen3.6-35B-A3B-FP8-without-reasoning,far,instance_00026,turns_limit,0
5637,textmapworld_specificroom,Qwen3.6-35B-A3B-FP8-without-reasoning,far,instance_00026,loops,0
5638,textmapworld_specificroom,Qwen3.6-35B-A3B-FP8-without-reasoning,far,instance_00026,number_visited,4
5639,textmapworld_specificroom,Qwen3.6-35B-A3B-FP8-without-reasoning,far,instance_00026,seen,6
5640,textmapworld_specificroom,Qwen3.6-35B-A3B-FP8-without-reasoning,far,instance_00026,efficiency,66.66666666666666
5641,textmapworld_specificroom,Qwen3.6-35B-A3B-FP8-without-reasoning,far,instance_00026,exploration,50.0
5642,textmapworld_specificroom,Qwen3.6-35B-A3B-FP8-without-reasoning,far,instance_00026,old_benchscore,57.14285714285714
5643,textmapworld_specificroom,Qwen3.6-35B-A3B-FP8-without-reasoning,far,instance_00026,Main Score,100
5644,textmapworld_specificroom,Qwen3.6-35B-A3B-FP8-without-reasoning,far,instance_00021,Aborted,1
5645,textmapworld_specificroom,Qwen3.6-35B-A3B-FP8-without-reasoning,far,instance_00021,Success,0
5646,textmapworld_specificroom,Qwen3.6-35B-A3B-FP8-without-reasoning,far,instance_00021,Lose,0
5647,textmapworld_specificroom,Qwen3.6-35B-A3B-FP8-without-reasoning,far,instance_00021,moves,
5648,textmapworld_specificroom,Qwen3.6-35B-A3B-FP8-without-reasoning,far,instance_00021,valid_moves,
5649,textmapworld_specificroom,Qwen3.6-35B-A3B-FP8-without-reasoning,far,instance_00021,invalid_moves,
5650,textmapworld_specificroom,Qwen3.6-35B-A3B-FP8-without-reasoning,far,instance_00021,stopped,
5651,textmapworld_specificroom,Qwen3.6-35B-A3B-FP8-without-reasoning,far,instance_00021,turns_limit,
5652,textmapworld_specificroom,Qwen3.6-35B-A3B-FP8-without-reasoning,far,instance_00021,loops,
5653,textmapworld_specificroom,Qwen3.6-35B-A3B-FP8-without-reasoning,far,instance_00021,number_visited,
5654,textmapworld_specificroom,Qwen3.6-35B-A3B-FP8-without-reasoning,far,instance_00021,seen,
5655,textmapworld_specificroom,Qwen3.6-35B-A3B-FP8-without-reasoning,far,instance_00021,efficiency,
5656,textmapworld_specificroom,Qwen3.6-35B-A3B-FP8-without-reasoning,far,instance_00021,exploration,
5657,textmapworld_specificroom,Qwen3.6-35B-A3B-FP8-without-reasoning,far,instance_00021,old_benchscore,
5658,textmapworld_specificroom,Qwen3.6-35B-A3B-FP8-without-reasoning,far,instance_00021,Main Score,
5659,textmapworld_specificroom,Qwen3.6-35B-A3B-FP8-without-reasoning,far,instance_00020,Aborted,1
5660,textmapworld_specificroom,Qwen3.6-35B-A3B-FP8-without-reasoning,far,instance_00020,Success,0
5661,textmapworld_specificroom,Qwen3.6-35B-A3B-FP8-without-reasoning,far,instance_00020,Lose,0
5662,textmapworld_specificroom,Qwen3.6-35B-A3B-FP8-without-reasoning,far,instance_00020,moves,
5663,textmapworld_specificroom,Qwen3.6-35B-A3B-FP8-without-reasoning,far,instance_00020,valid_moves,
5664,textmapworld_specificroom,Qwen3.6-35B-A3B-FP8-without-reasoning,far,instance_00020,invalid_moves,
5665,textmapworld_specificroom,Qwen3.6-35B-A3B-FP8-without-reasoning,far,instance_00020,stopped,
5666,textmapworld_specificroom,Qwen3.6-35B-A3B-FP8-without-reasoning,far,instance_00020,turns_limit,
5667,textmapworld_specificroom,Qwen3.6-35B-A3B-FP8-without-reasoning,far,instance_00020,loops,
5668,textmapworld_specificroom,Qwen3.6-35B-A3B-FP8-without-reasoning,far,instance_00020,number_visited,
5669,textmapworld_specificroom,Qwen3.6-35B-A3B-FP8-without-reasoning,far,instance_00020,seen,
5670,textmapworld_specificroom,Qwen3.6-35B-A3B-FP8-without-reasoning,far,instance_00020,efficiency,
5671,textmapworld_specificroom,Qwen3.6-35B-A3B-FP8-without-reasoning,far,instance_00020,exploration,
5672,textmapworld_specificroom,Qwen3.6-35B-A3B-FP8-without-reasoning,far,instance_00020,old_benchscore,
5673,textmapworld_specificroom,Qwen3.6-35B-A3B-FP8-without-reasoning,far,instance_00020,Main Score,
5674,textmapworld_specificroom,Qwen3.6-35B-A3B-FP8-without-reasoning,far,instance_00027,Success,1
5675,textmapworld_specificroom,Qwen3.6-35B-A3B-FP8-without-reasoning,far,instance_00027,Aborted,0
5676,textmapworld_specificroom,Qwen3.6-35B-A3B-FP8-without-reasoning,far,instance_00027,Lose,0
5677,textmapworld_specificroom,Qwen3.6-35B-A3B-FP8-without-reasoning,far,instance_00027,moves,4
5678,textmapworld_specificroom,Qwen3.6-35B-A3B-FP8-without-reasoning,far,instance_00027,valid_moves,4
5679,textmapworld_specificroom,Qwen3.6-35B-A3B-FP8-without-reasoning,far,instance_00027,invalid_moves,0
5680,textmapworld_specificroom,Qwen3.6-35B-A3B-FP8-without-reasoning,far,instance_00027,stopped,1
5681,textmapworld_specificroom,Qwen3.6-35B-A3B-FP8-without-reasoning,far,instance_00027,turns_limit,0
5682,textmapworld_specificroom,Qwen3.6-35B-A3B-FP8-without-reasoning,far,instance_00027,loops,0
5683,textmapworld_specificroom,Qwen3.6-35B-A3B-FP8-without-reasoning,far,instance_00027,number_visited,5
5684,textmapworld_specificroom,Qwen3.6-35B-A3B-FP8-without-reasoning,far,instance_00027,seen,7
5685,textmapworld_specificroom,Qwen3.6-35B-A3B-FP8-without-reasoning,far,instance_00027,efficiency,100.0
5686,textmapworld_specificroom,Qwen3.6-35B-A3B-FP8-without-reasoning,far,instance_00027,exploration,62.5
5687,textmapworld_specificroom,Qwen3.6-35B-A3B-FP8-without-reasoning,far,instance_00027,old_benchscore,76.92307692307692
5688,textmapworld_specificroom,Qwen3.6-35B-A3B-FP8-without-reasoning,far,instance_00027,Main Score,100
5689,textmapworld_specificroom,Qwen3.6-35B-A3B-FP8-without-reasoning,far,instance_00029,Success,1
5690,textmapworld_specificroom,Qwen3.6-35B-A3B-FP8-without-reasoning,far,instance_00029,Aborted,0
5691,textmapworld_specificroom,Qwen3.6-35B-A3B-FP8-without-reasoning,far,instance_00029,Lose,0
5692,textmapworld_specificroom,Qwen3.6-35B-A3B-FP8-without-reasoning,far,instance_00029,moves,10
5693,textmapworld_specificroom,Qwen3.6-35B-A3B-FP8-without-reasoning,far,instance_00029,valid_moves,10
5694,textmapworld_specificroom,Qwen3.6-35B-A3B-FP8-without-reasoning,far,instance_00029,invalid_moves,0
5695,textmapworld_specificroom,Qwen3.6-35B-A3B-FP8-without-reasoning,far,instance_00029,stopped,1
5696,textmapworld_specificroom,Qwen3.6-35B-A3B-FP8-without-reasoning,far,instance_00029,turns_limit,0
5697,textmapworld_specificroom,Qwen3.6-35B-A3B-FP8-without-reasoning,far,instance_00029,loops,1
5698,textmapworld_specificroom,Qwen3.6-35B-A3B-FP8-without-reasoning,far,instance_00029,number_visited,7
5699,textmapworld_specificroom,Qwen3.6-35B-A3B-FP8-without-reasoning,far,instance_00029,seen,8
5700,textmapworld_specificroom,Qwen3.6-35B-A3B-FP8-without-reasoning,far,instance_00029,efficiency,90.0
5701,textmapworld_specificroom,Qwen3.6-35B-A3B-FP8-without-reasoning,far,instance_00029,exploration,87.5
5702,textmapworld_specificroom,Qwen3.6-35B-A3B-FP8-without-reasoning,far,instance_00029,old_benchscore,88.73239436619718
5703,textmapworld_specificroom,Qwen3.6-35B-A3B-FP8-without-reasoning,far,instance_00029,Main Score,100
5704,textmapworld_specificroom,Qwen3.6-35B-A3B-FP8-without-reasoning,far,instance_00022,Aborted,1
5705,textmapworld_specificroom,Qwen3.6-35B-A3B-FP8-without-reasoning,far,instance_00022,Success,0
5706,textmapworld_specificroom,Qwen3.6-35B-A3B-FP8-without-reasoning,far,instance_00022,Lose,0
5707,textmapworld_specificroom,Qwen3.6-35B-A3B-FP8-without-reasoning,far,instance_00022,moves,
5708,textmapworld_specificroom,Qwen3.6-35B-A3B-FP8-without-reasoning,far,instance_00022,valid_moves,
5709,textmapworld_specificroom,Qwen3.6-35B-A3B-FP8-without-reasoning,far,instance_00022,invalid_moves,
5710,textmapworld_specificroom,Qwen3.6-35B-A3B-FP8-without-reasoning,far,instance_00022,stopped,
5711,textmapworld_specificroom,Qwen3.6-35B-A3B-FP8-without-reasoning,far,instance_00022,turns_limit,
5712,textmapworld_specificroom,Qwen3.6-35B-A3B-FP8-without-reasoning,far,instance_00022,loops,
5713,textmapworld_specificroom,Qwen3.6-35B-A3B-FP8-without-reasoning,far,instance_00022,number_visited,
5714,textmapworld_specificroom,Qwen3.6-35B-A3B-FP8-without-reasoning,far,instance_00022,seen,
5715,textmapworld_specificroom,Qwen3.6-35B-A3B-FP8-without-reasoning,far,instance_00022,efficiency,
5716,textmapworld_specificroom,Qwen3.6-35B-A3B-FP8-without-reasoning,far,instance_00022,exploration,
5717,textmapworld_specificroom,Qwen3.6-35B-A3B-FP8-without-reasoning,far,instance_00022,old_benchscore,
5718,textmapworld_specificroom,Qwen3.6-35B-A3B-FP8-without-reasoning,far,instance_00022,Main Score,
5719,textmapworld_specificroom,Qwen3.6-35B-A3B-FP8-without-reasoning,far,instance_00025,Success,1
5720,textmapworld_specificroom,Qwen3.6-35B-A3B-FP8-without-reasoning,far,instance_00025,Aborted,0
5721,textmapworld_specificroom,Qwen3.6-35B-A3B-FP8-without-reasoning,far,instance_00025,Lose,0
5722,textmapworld_specificroom,Qwen3.6-35B-A3B-FP8-without-reasoning,far,instance_00025,moves,3
5723,textmapworld_specificroom,Qwen3.6-35B-A3B-FP8-without-reasoning,far,instance_00025,valid_moves,3
5724,textmapworld_specificroom,Qwen3.6-35B-A3B-FP8-without-reasoning,far,instance_00025,invalid_moves,0
5725,textmapworld_specificroom,Qwen3.6-35B-A3B-FP8-without-reasoning,far,instance_00025,stopped,1
5726,textmapworld_specificroom,Qwen3.6-35B-A3B-FP8-without-reasoning,far,instance_00025,turns_limit,0
5727,textmapworld_specificroom,Qwen3.6-35B-A3B-FP8-without-reasoning,far,instance_00025,loops,0
5728,textmapworld_specificroom,Qwen3.6-35B-A3B-FP8-without-reasoning,far,instance_00025,number_visited,4
5729,textmapworld_specificroom,Qwen3.6-35B-A3B-FP8-without-reasoning,far,instance_00025,seen,6
5730,textmapworld_specificroom,Qwen3.6-35B-A3B-FP8-without-reasoning,far,instance_00025,efficiency,33.33333333333333
5731,textmapworld_specificroom,Qwen3.6-35B-A3B-FP8-without-reasoning,far,instance_00025,exploration,50.0
5732,textmapworld_specificroom,Qwen3.6-35B-A3B-FP8-without-reasoning,far,instance_00025,old_benchscore,40.0
5733,textmapworld_specificroom,Qwen3.6-35B-A3B-FP8-without-reasoning,far,instance_00025,Main Score,100
5734,textmapworld_specificroom,Qwen3.6-35B-A3B-FP8-without-reasoning,far,instance_00024,Success,1
5735,textmapworld_specificroom,Qwen3.6-35B-A3B-FP8-without-reasoning,far,instance_00024,Aborted,0
5736,textmapworld_specificroom,Qwen3.6-35B-A3B-FP8-without-reasoning,far,instance_00024,Lose,0
5737,textmapworld_specificroom,Qwen3.6-35B-A3B-FP8-without-reasoning,far,instance_00024,moves,3
5738,textmapworld_specificroom,Qwen3.6-35B-A3B-FP8-without-reasoning,far,instance_00024,valid_moves,3
5739,textmapworld_specificroom,Qwen3.6-35B-A3B-FP8-without-reasoning,far,instance_00024,invalid_moves,0
5740,textmapworld_specificroom,Qwen3.6-35B-A3B-FP8-without-reasoning,far,instance_00024,stopped,1
5741,textmapworld_specificroom,Qwen3.6-35B-A3B-FP8-without-reasoning,far,instance_00024,turns_limit,0
5742,textmapworld_specificroom,Qwen3.6-35B-A3B-FP8-without-reasoning,far,instance_00024,loops,0
5743,textmapworld_specificroom,Qwen3.6-35B-A3B-FP8-without-reasoning,far,instance_00024,number_visited,4
5744,textmapworld_specificroom,Qwen3.6-35B-A3B-FP8-without-reasoning,far,instance_00024,seen,5
5745,textmapworld_specificroom,Qwen3.6-35B-A3B-FP8-without-reasoning,far,instance_00024,efficiency,100.0
5746,textmapworld_specificroom,Qwen3.6-35B-A3B-FP8-without-reasoning,far,instance_00024,exploration,50.0
5747,textmapworld_specificroom,Qwen3.6-35B-A3B-FP8-without-reasoning,far,instance_00024,old_benchscore,66.66666666666667
5748,textmapworld_specificroom,Qwen3.6-35B-A3B-FP8-without-reasoning,far,instance_00024,Main Score,100
5749,textmapworld_specificroom,Qwen3.6-35B-A3B-FP8-without-reasoning,far,instance_00023,Success,1
5750,textmapworld_specificroom,Qwen3.6-35B-A3B-FP8-without-reasoning,far,instance_00023,Aborted,0
5751,textmapworld_specificroom,Qwen3.6-35B-A3B-FP8-without-reasoning,far,instance_00023,Lose,0
5752,textmapworld_specificroom,Qwen3.6-35B-A3B-FP8-without-reasoning,far,instance_00023,moves,12
5753,textmapworld_specificroom,Qwen3.6-35B-A3B-FP8-without-reasoning,far,instance_00023,valid_moves,12
5754,textmapworld_specificroom,Qwen3.6-35B-A3B-FP8-without-reasoning,far,instance_00023,invalid_moves,0
5755,textmapworld_specificroom,Qwen3.6-35B-A3B-FP8-without-reasoning,far,instance_00023,stopped,1
5756,textmapworld_specificroom,Qwen3.6-35B-A3B-FP8-without-reasoning,far,instance_00023,turns_limit,0
5757,textmapworld_specificroom,Qwen3.6-35B-A3B-FP8-without-reasoning,far,instance_00023,loops,1
5758,textmapworld_specificroom,Qwen3.6-35B-A3B-FP8-without-reasoning,far,instance_00023,number_visited,6
5759,textmapworld_specificroom,Qwen3.6-35B-A3B-FP8-without-reasoning,far,instance_00023,seen,8
5760,textmapworld_specificroom,Qwen3.6-35B-A3B-FP8-without-reasoning,far,instance_00023,efficiency,58.333333333333336
5761,textmapworld_specificroom,Qwen3.6-35B-A3B-FP8-without-reasoning,far,instance_00023,exploration,75.0
5762,textmapworld_specificroom,Qwen3.6-35B-A3B-FP8-without-reasoning,far,instance_00023,old_benchscore,65.625
5763,textmapworld_specificroom,Qwen3.6-35B-A3B-FP8-without-reasoning,far,instance_00023,Main Score,100
5764,textmapworld_specificroom,Qwen3.6-35B-A3B-FP8-without-reasoning,on,instance_00005,Success,1
5765,textmapworld_specificroom,Qwen3.6-35B-A3B-FP8-without-reasoning,on,instance_00005,Aborted,0
5766,textmapworld_specificroom,Qwen3.6-35B-A3B-FP8-without-reasoning,on,instance_00005,Lose,0
5767,textmapworld_specificroom,Qwen3.6-35B-A3B-FP8-without-reasoning,on,instance_00005,moves,0
5768,textmapworld_specificroom,Qwen3.6-35B-A3B-FP8-without-reasoning,on,instance_00005,valid_moves,0
5769,textmapworld_specificroom,Qwen3.6-35B-A3B-FP8-without-reasoning,on,instance_00005,invalid_moves,0
5770,textmapworld_specificroom,Qwen3.6-35B-A3B-FP8-without-reasoning,on,instance_00005,stopped,1
5771,textmapworld_specificroom,Qwen3.6-35B-A3B-FP8-without-reasoning,on,instance_00005,turns_limit,0
5772,textmapworld_specificroom,Qwen3.6-35B-A3B-FP8-without-reasoning,on,instance_00005,loops,0
5773,textmapworld_specificroom,Qwen3.6-35B-A3B-FP8-without-reasoning,on,instance_00005,number_visited,1
5774,textmapworld_specificroom,Qwen3.6-35B-A3B-FP8-without-reasoning,on,instance_00005,seen,2
5775,textmapworld_specificroom,Qwen3.6-35B-A3B-FP8-without-reasoning,on,instance_00005,efficiency,0
5776,textmapworld_specificroom,Qwen3.6-35B-A3B-FP8-without-reasoning,on,instance_00005,exploration,12.5
5777,textmapworld_specificroom,Qwen3.6-35B-A3B-FP8-without-reasoning,on,instance_00005,old_benchscore,0.0
5778,textmapworld_specificroom,Qwen3.6-35B-A3B-FP8-without-reasoning,on,instance_00005,Main Score,100
5779,textmapworld_specificroom,Qwen3.6-35B-A3B-FP8-without-reasoning,on,instance_00002,Success,1
5780,textmapworld_specificroom,Qwen3.6-35B-A3B-FP8-without-reasoning,on,instance_00002,Aborted,0
5781,textmapworld_specificroom,Qwen3.6-35B-A3B-FP8-without-reasoning,on,instance_00002,Lose,0
5782,textmapworld_specificroom,Qwen3.6-35B-A3B-FP8-without-reasoning,on,instance_00002,moves,0
5783,textmapworld_specificroom,Qwen3.6-35B-A3B-FP8-without-reasoning,on,instance_00002,valid_moves,0
5784,textmapworld_specificroom,Qwen3.6-35B-A3B-FP8-without-reasoning,on,instance_00002,invalid_moves,0
5785,textmapworld_specificroom,Qwen3.6-35B-A3B-FP8-without-reasoning,on,instance_00002,stopped,1
5786,textmapworld_specificroom,Qwen3.6-35B-A3B-FP8-without-reasoning,on,instance_00002,turns_limit,0
5787,textmapworld_specificroom,Qwen3.6-35B-A3B-FP8-without-reasoning,on,instance_00002,loops,0
5788,textmapworld_specificroom,Qwen3.6-35B-A3B-FP8-without-reasoning,on,instance_00002,number_visited,1
5789,textmapworld_specificroom,Qwen3.6-35B-A3B-FP8-without-reasoning,on,instance_00002,seen,3
5790,textmapworld_specificroom,Qwen3.6-35B-A3B-FP8-without-reasoning,on,instance_00002,efficiency,0
5791,textmapworld_specificroom,Qwen3.6-35B-A3B-FP8-without-reasoning,on,instance_00002,exploration,12.5
5792,textmapworld_specificroom,Qwen3.6-35B-A3B-FP8-without-reasoning,on,instance_00002,old_benchscore,0.0
5793,textmapworld_specificroom,Qwen3.6-35B-A3B-FP8-without-reasoning,on,instance_00002,Main Score,100
5794,textmapworld_specificroom,Qwen3.6-35B-A3B-FP8-without-reasoning,on,instance_00003,Success,1
5795,textmapworld_specificroom,Qwen3.6-35B-A3B-FP8-without-reasoning,on,instance_00003,Aborted,0
5796,textmapworld_specificroom,Qwen3.6-35B-A3B-FP8-without-reasoning,on,instance_00003,Lose,0
5797,textmapworld_specificroom,Qwen3.6-35B-A3B-FP8-without-reasoning,on,instance_00003,moves,0
5798,textmapworld_specificroom,Qwen3.6-35B-A3B-FP8-without-reasoning,on,instance_00003,valid_moves,0
5799,textmapworld_specificroom,Qwen3.6-35B-A3B-FP8-without-reasoning,on,instance_00003,invalid_moves,0
5800,textmapworld_specificroom,Qwen3.6-35B-A3B-FP8-without-reasoning,on,instance_00003,stopped,1
5801,textmapworld_specificroom,Qwen3.6-35B-A3B-FP8-without-reasoning,on,instance_00003,turns_limit,0
5802,textmapworld_specificroom,Qwen3.6-35B-A3B-FP8-without-reasoning,on,instance_00003,loops,0
5803,textmapworld_specificroom,Qwen3.6-35B-A3B-FP8-without-reasoning,on,instance_00003,number_visited,1
5804,textmapworld_specificroom,Qwen3.6-35B-A3B-FP8-without-reasoning,on,instance_00003,seen,3
5805,textmapworld_specificroom,Qwen3.6-35B-A3B-FP8-without-reasoning,on,instance_00003,efficiency,0
5806,textmapworld_specificroom,Qwen3.6-35B-A3B-FP8-without-reasoning,on,instance_00003,exploration,12.5
5807,textmapworld_specificroom,Qwen3.6-35B-A3B-FP8-without-reasoning,on,instance_00003,old_benchscore,0.0
5808,textmapworld_specificroom,Qwen3.6-35B-A3B-FP8-without-reasoning,on,instance_00003,Main Score,100
5809,textmapworld_specificroom,Qwen3.6-35B-A3B-FP8-without-reasoning,on,instance_00004,Success,1
5810,textmapworld_specificroom,Qwen3.6-35B-A3B-FP8-without-reasoning,on,instance_00004,Aborted,0
5811,textmapworld_specificroom,Qwen3.6-35B-A3B-FP8-without-reasoning,on,instance_00004,Lose,0
5812,textmapworld_specificroom,Qwen3.6-35B-A3B-FP8-without-reasoning,on,instance_00004,moves,0
5813,textmapworld_specificroom,Qwen3.6-35B-A3B-FP8-without-reasoning,on,instance_00004,valid_moves,0
5814,textmapworld_specificroom,Qwen3.6-35B-A3B-FP8-without-reasoning,on,instance_00004,invalid_moves,0
5815,textmapworld_specificroom,Qwen3.6-35B-A3B-FP8-without-reasoning,on,instance_00004,stopped,1
5816,textmapworld_specificroom,Qwen3.6-35B-A3B-FP8-without-reasoning,on,instance_00004,turns_limit,0
5817,textmapworld_specificroom,Qwen3.6-35B-A3B-FP8-without-reasoning,on,instance_00004,loops,0
5818,textmapworld_specificroom,Qwen3.6-35B-A3B-FP8-without-reasoning,on,instance_00004,number_visited,1
5819,textmapworld_specificroom,Qwen3.6-35B-A3B-FP8-without-reasoning,on,instance_00004,seen,2
5820,textmapworld_specificroom,Qwen3.6-35B-A3B-FP8-without-reasoning,on,instance_00004,efficiency,0
5821,textmapworld_specificroom,Qwen3.6-35B-A3B-FP8-without-reasoning,on,instance_00004,exploration,12.5
5822,textmapworld_specificroom,Qwen3.6-35B-A3B-FP8-without-reasoning,on,instance_00004,old_benchscore,0.0
5823,textmapworld_specificroom,Qwen3.6-35B-A3B-FP8-without-reasoning,on,instance_00004,Main Score,100
5824,textmapworld_specificroom,Qwen3.6-35B-A3B-FP8-without-reasoning,on,instance_00008,Success,1
5825,textmapworld_specificroom,Qwen3.6-35B-A3B-FP8-without-reasoning,on,instance_00008,Aborted,0
5826,textmapworld_specificroom,Qwen3.6-35B-A3B-FP8-without-reasoning,on,instance_00008,Lose,0
5827,textmapworld_specificroom,Qwen3.6-35B-A3B-FP8-without-reasoning,on,instance_00008,moves,0
5828,textmapworld_specificroom,Qwen3.6-35B-A3B-FP8-without-reasoning,on,instance_00008,valid_moves,0
5829,textmapworld_specificroom,Qwen3.6-35B-A3B-FP8-without-reasoning,on,instance_00008,invalid_moves,0
5830,textmapworld_specificroom,Qwen3.6-35B-A3B-FP8-without-reasoning,on,instance_00008,stopped,1
5831,textmapworld_specificroom,Qwen3.6-35B-A3B-FP8-without-reasoning,on,instance_00008,turns_limit,0
5832,textmapworld_specificroom,Qwen3.6-35B-A3B-FP8-without-reasoning,on,instance_00008,loops,0
5833,textmapworld_specificroom,Qwen3.6-35B-A3B-FP8-without-reasoning,on,instance_00008,number_visited,1
5834,textmapworld_specificroom,Qwen3.6-35B-A3B-FP8-without-reasoning,on,instance_00008,seen,2
5835,textmapworld_specificroom,Qwen3.6-35B-A3B-FP8-without-reasoning,on,instance_00008,efficiency,0
5836,textmapworld_specificroom,Qwen3.6-35B-A3B-FP8-without-reasoning,on,instance_00008,exploration,12.5
5837,textmapworld_specificroom,Qwen3.6-35B-A3B-FP8-without-reasoning,on,instance_00008,old_benchscore,0.0
5838,textmapworld_specificroom,Qwen3.6-35B-A3B-FP8-without-reasoning,on,instance_00008,Main Score,100
5839,textmapworld_specificroom,Qwen3.6-35B-A3B-FP8-without-reasoning,on,instance_00001,Success,1
5840,textmapworld_specificroom,Qwen3.6-35B-A3B-FP8-without-reasoning,on,instance_00001,Aborted,0
5841,textmapworld_specificroom,Qwen3.6-35B-A3B-FP8-without-reasoning,on,instance_00001,Lose,0
5842,textmapworld_specificroom,Qwen3.6-35B-A3B-FP8-without-reasoning,on,instance_00001,moves,0
5843,textmapworld_specificroom,Qwen3.6-35B-A3B-FP8-without-reasoning,on,instance_00001,valid_moves,0
5844,textmapworld_specificroom,Qwen3.6-35B-A3B-FP8-without-reasoning,on,instance_00001,invalid_moves,0
5845,textmapworld_specificroom,Qwen3.6-35B-A3B-FP8-without-reasoning,on,instance_00001,stopped,1
5846,textmapworld_specificroom,Qwen3.6-35B-A3B-FP8-without-reasoning,on,instance_00001,turns_limit,0
5847,textmapworld_specificroom,Qwen3.6-35B-A3B-FP8-without-reasoning,on,instance_00001,loops,0
5848,textmapworld_specificroom,Qwen3.6-35B-A3B-FP8-without-reasoning,on,instance_00001,number_visited,1
5849,textmapworld_specificroom,Qwen3.6-35B-A3B-FP8-without-reasoning,on,instance_00001,seen,3
5850,textmapworld_specificroom,Qwen3.6-35B-A3B-FP8-without-reasoning,on,instance_00001,efficiency,0
5851,textmapworld_specificroom,Qwen3.6-35B-A3B-FP8-without-reasoning,on,instance_00001,exploration,12.5
5852,textmapworld_specificroom,Qwen3.6-35B-A3B-FP8-without-reasoning,on,instance_00001,old_benchscore,0.0
5853,textmapworld_specificroom,Qwen3.6-35B-A3B-FP8-without-reasoning,on,instance_00001,Main Score,100
5854,textmapworld_specificroom,Qwen3.6-35B-A3B-FP8-without-reasoning,on,instance_00006,Success,1
5855,textmapworld_specificroom,Qwen3.6-35B-A3B-FP8-without-reasoning,on,instance_00006,Aborted,0
5856,textmapworld_specificroom,Qwen3.6-35B-A3B-FP8-without-reasoning,on,instance_00006,Lose,0
5857,textmapworld_specificroom,Qwen3.6-35B-A3B-FP8-without-reasoning,on,instance_00006,moves,0
5858,textmapworld_specificroom,Qwen3.6-35B-A3B-FP8-without-reasoning,on,instance_00006,valid_moves,0
5859,textmapworld_specificroom,Qwen3.6-35B-A3B-FP8-without-reasoning,on,instance_00006,invalid_moves,0
5860,textmapworld_specificroom,Qwen3.6-35B-A3B-FP8-without-reasoning,on,instance_00006,stopped,1
5861,textmapworld_specificroom,Qwen3.6-35B-A3B-FP8-without-reasoning,on,instance_00006,turns_limit,0
5862,textmapworld_specificroom,Qwen3.6-35B-A3B-FP8-without-reasoning,on,instance_00006,loops,0
5863,textmapworld_specificroom,Qwen3.6-35B-A3B-FP8-without-reasoning,on,instance_00006,number_visited,1
5864,textmapworld_specificroom,Qwen3.6-35B-A3B-FP8-without-reasoning,on,instance_00006,seen,4
5865,textmapworld_specificroom,Qwen3.6-35B-A3B-FP8-without-reasoning,on,instance_00006,efficiency,0
5866,textmapworld_specificroom,Qwen3.6-35B-A3B-FP8-without-reasoning,on,instance_00006,exploration,12.5
5867,textmapworld_specificroom,Qwen3.6-35B-A3B-FP8-without-reasoning,on,instance_00006,old_benchscore,0.0
5868,textmapworld_specificroom,Qwen3.6-35B-A3B-FP8-without-reasoning,on,instance_00006,Main Score,100
5869,textmapworld_specificroom,Qwen3.6-35B-A3B-FP8-without-reasoning,on,instance_00007,Success,1
5870,textmapworld_specificroom,Qwen3.6-35B-A3B-FP8-without-reasoning,on,instance_00007,Aborted,0
5871,textmapworld_specificroom,Qwen3.6-35B-A3B-FP8-without-reasoning,on,instance_00007,Lose,0
5872,textmapworld_specificroom,Qwen3.6-35B-A3B-FP8-without-reasoning,on,instance_00007,moves,0
5873,textmapworld_specificroom,Qwen3.6-35B-A3B-FP8-without-reasoning,on,instance_00007,valid_moves,0
5874,textmapworld_specificroom,Qwen3.6-35B-A3B-FP8-without-reasoning,on,instance_00007,invalid_moves,0
5875,textmapworld_specificroom,Qwen3.6-35B-A3B-FP8-without-reasoning,on,instance_00007,stopped,1
5876,textmapworld_specificroom,Qwen3.6-35B-A3B-FP8-without-reasoning,on,instance_00007,turns_limit,0
5877,textmapworld_specificroom,Qwen3.6-35B-A3B-FP8-without-reasoning,on,instance_00007,loops,0
5878,textmapworld_specificroom,Qwen3.6-35B-A3B-FP8-without-reasoning,on,instance_00007,number_visited,1
5879,textmapworld_specificroom,Qwen3.6-35B-A3B-FP8-without-reasoning,on,instance_00007,seen,3
5880,textmapworld_specificroom,Qwen3.6-35B-A3B-FP8-without-reasoning,on,instance_00007,efficiency,0
5881,textmapworld_specificroom,Qwen3.6-35B-A3B-FP8-without-reasoning,on,instance_00007,exploration,12.5
5882,textmapworld_specificroom,Qwen3.6-35B-A3B-FP8-without-reasoning,on,instance_00007,old_benchscore,0.0
5883,textmapworld_specificroom,Qwen3.6-35B-A3B-FP8-without-reasoning,on,instance_00007,Main Score,100
5884,textmapworld_specificroom,Qwen3.6-35B-A3B-FP8-without-reasoning,on,instance_00000,Success,1
5885,textmapworld_specificroom,Qwen3.6-35B-A3B-FP8-without-reasoning,on,instance_00000,Aborted,0
5886,textmapworld_specificroom,Qwen3.6-35B-A3B-FP8-without-reasoning,on,instance_00000,Lose,0
5887,textmapworld_specificroom,Qwen3.6-35B-A3B-FP8-without-reasoning,on,instance_00000,moves,0
5888,textmapworld_specificroom,Qwen3.6-35B-A3B-FP8-without-reasoning,on,instance_00000,valid_moves,0
5889,textmapworld_specificroom,Qwen3.6-35B-A3B-FP8-without-reasoning,on,instance_00000,invalid_moves,0
5890,textmapworld_specificroom,Qwen3.6-35B-A3B-FP8-without-reasoning,on,instance_00000,stopped,1
5891,textmapworld_specificroom,Qwen3.6-35B-A3B-FP8-without-reasoning,on,instance_00000,turns_limit,0
5892,textmapworld_specificroom,Qwen3.6-35B-A3B-FP8-without-reasoning,on,instance_00000,loops,0
5893,textmapworld_specificroom,Qwen3.6-35B-A3B-FP8-without-reasoning,on,instance_00000,number_visited,1
5894,textmapworld_specificroom,Qwen3.6-35B-A3B-FP8-without-reasoning,on,instance_00000,seen,3
5895,textmapworld_specificroom,Qwen3.6-35B-A3B-FP8-without-reasoning,on,instance_00000,efficiency,0
5896,textmapworld_specificroom,Qwen3.6-35B-A3B-FP8-without-reasoning,on,instance_00000,exploration,12.5
5897,textmapworld_specificroom,Qwen3.6-35B-A3B-FP8-without-reasoning,on,instance_00000,old_benchscore,0.0
5898,textmapworld_specificroom,Qwen3.6-35B-A3B-FP8-without-reasoning,on,instance_00000,Main Score,100
5899,textmapworld_specificroom,Qwen3.6-35B-A3B-FP8-without-reasoning,on,instance_00009,Success,1
5900,textmapworld_specificroom,Qwen3.6-35B-A3B-FP8-without-reasoning,on,instance_00009,Aborted,0
5901,textmapworld_specificroom,Qwen3.6-35B-A3B-FP8-without-reasoning,on,instance_00009,Lose,0
5902,textmapworld_specificroom,Qwen3.6-35B-A3B-FP8-without-reasoning,on,instance_00009,moves,0
5903,textmapworld_specificroom,Qwen3.6-35B-A3B-FP8-without-reasoning,on,instance_00009,valid_moves,0
5904,textmapworld_specificroom,Qwen3.6-35B-A3B-FP8-without-reasoning,on,instance_00009,invalid_moves,0
5905,textmapworld_specificroom,Qwen3.6-35B-A3B-FP8-without-reasoning,on,instance_00009,stopped,1
5906,textmapworld_specificroom,Qwen3.6-35B-A3B-FP8-without-reasoning,on,instance_00009,turns_limit,0
5907,textmapworld_specificroom,Qwen3.6-35B-A3B-FP8-without-reasoning,on,instance_00009,loops,0
5908,textmapworld_specificroom,Qwen3.6-35B-A3B-FP8-without-reasoning,on,instance_00009,number_visited,1
5909,textmapworld_specificroom,Qwen3.6-35B-A3B-FP8-without-reasoning,on,instance_00009,seen,2
5910,textmapworld_specificroom,Qwen3.6-35B-A3B-FP8-without-reasoning,on,instance_00009,efficiency,0
5911,textmapworld_specificroom,Qwen3.6-35B-A3B-FP8-without-reasoning,on,instance_00009,exploration,12.5
5912,textmapworld_specificroom,Qwen3.6-35B-A3B-FP8-without-reasoning,on,instance_00009,old_benchscore,0.0
5913,textmapworld_specificroom,Qwen3.6-35B-A3B-FP8-without-reasoning,on,instance_00009,Main Score,100
5914,imagegame,Qwen3.6-35B-A3B-FP8-without-reasoning,random_grids,instance_00005,Precision,100.0
5915,imagegame,Qwen3.6-35B-A3B-FP8-without-reasoning,random_grids,instance_00005,Recall,100.0
5916,imagegame,Qwen3.6-35B-A3B-FP8-without-reasoning,random_grids,instance_00005,F1,100.0
5917,imagegame,Qwen3.6-35B-A3B-FP8-without-reasoning,random_grids,instance_00005,Main Score,100.0
5918,imagegame,Qwen3.6-35B-A3B-FP8-without-reasoning,random_grids,instance_00005,Average Changed Cell Count,1.0
5919,imagegame,Qwen3.6-35B-A3B-FP8-without-reasoning,random_grids,instance_00005,Average Generated Instruction Length,38.4
5920,imagegame,Qwen3.6-35B-A3B-FP8-without-reasoning,random_grids,instance_00005,Average Generated Expression Number of Tokens,8.0
5921,imagegame,Qwen3.6-35B-A3B-FP8-without-reasoning,random_grids,instance_00005,Success,1
5922,imagegame,Qwen3.6-35B-A3B-FP8-without-reasoning,random_grids,instance_00005,Lose,0
5923,imagegame,Qwen3.6-35B-A3B-FP8-without-reasoning,random_grids,instance_00005,Aborted,0
5924,imagegame,Qwen3.6-35B-A3B-FP8-without-reasoning,random_grids,instance_00005,Request Count,32
5925,imagegame,Qwen3.6-35B-A3B-FP8-without-reasoning,random_grids,instance_00005,Violated Request Count,0
5926,imagegame,Qwen3.6-35B-A3B-FP8-without-reasoning,random_grids,instance_00005,Parsed Request Count,32
5927,imagegame,Qwen3.6-35B-A3B-FP8-without-reasoning,random_grids,instance_00005,Request Success Ratio,1.0
5928,imagegame,Qwen3.6-35B-A3B-FP8-without-reasoning,random_grids,instance_00002,Precision,100.0
5929,imagegame,Qwen3.6-35B-A3B-FP8-without-reasoning,random_grids,instance_00002,Recall,100.0
5930,imagegame,Qwen3.6-35B-A3B-FP8-without-reasoning,random_grids,instance_00002,F1,100.0
5931,imagegame,Qwen3.6-35B-A3B-FP8-without-reasoning,random_grids,instance_00002,Main Score,100.0
5932,imagegame,Qwen3.6-35B-A3B-FP8-without-reasoning,random_grids,instance_00002,Average Changed Cell Count,1.0
5933,imagegame,Qwen3.6-35B-A3B-FP8-without-reasoning,random_grids,instance_00002,Average Generated Instruction Length,38.5
5934,imagegame,Qwen3.6-35B-A3B-FP8-without-reasoning,random_grids,instance_00002,Average Generated Expression Number of Tokens,8.0
5935,imagegame,Qwen3.6-35B-A3B-FP8-without-reasoning,random_grids,instance_00002,Success,1
5936,imagegame,Qwen3.6-35B-A3B-FP8-without-reasoning,random_grids,instance_00002,Lose,0
5937,imagegame,Qwen3.6-35B-A3B-FP8-without-reasoning,random_grids,instance_00002,Aborted,0
5938,imagegame,Qwen3.6-35B-A3B-FP8-without-reasoning,random_grids,instance_00002,Request Count,38
5939,imagegame,Qwen3.6-35B-A3B-FP8-without-reasoning,random_grids,instance_00002,Violated Request Count,0
5940,imagegame,Qwen3.6-35B-A3B-FP8-without-reasoning,random_grids,instance_00002,Parsed Request Count,38
5941,imagegame,Qwen3.6-35B-A3B-FP8-without-reasoning,random_grids,instance_00002,Request Success Ratio,1.0
5942,imagegame,Qwen3.6-35B-A3B-FP8-without-reasoning,random_grids,instance_00003,Precision,100.0
5943,imagegame,Qwen3.6-35B-A3B-FP8-without-reasoning,random_grids,instance_00003,Recall,100.0
5944,imagegame,Qwen3.6-35B-A3B-FP8-without-reasoning,random_grids,instance_00003,F1,100.0
5945,imagegame,Qwen3.6-35B-A3B-FP8-without-reasoning,random_grids,instance_00003,Main Score,100.0
5946,imagegame,Qwen3.6-35B-A3B-FP8-without-reasoning,random_grids,instance_00003,Average Changed Cell Count,1.0
5947,imagegame,Qwen3.6-35B-A3B-FP8-without-reasoning,random_grids,instance_00003,Average Generated Instruction Length,38.0
5948,imagegame,Qwen3.6-35B-A3B-FP8-without-reasoning,random_grids,instance_00003,Average Generated Expression Number of Tokens,8.0
5949,imagegame,Qwen3.6-35B-A3B-FP8-without-reasoning,random_grids,instance_00003,Success,1
5950,imagegame,Qwen3.6-35B-A3B-FP8-without-reasoning,random_grids,instance_00003,Lose,0
5951,imagegame,Qwen3.6-35B-A3B-FP8-without-reasoning,random_grids,instance_00003,Aborted,0
5952,imagegame,Qwen3.6-35B-A3B-FP8-without-reasoning,random_grids,instance_00003,Request Count,38
5953,imagegame,Qwen3.6-35B-A3B-FP8-without-reasoning,random_grids,instance_00003,Violated Request Count,0
5954,imagegame,Qwen3.6-35B-A3B-FP8-without-reasoning,random_grids,instance_00003,Parsed Request Count,38
5955,imagegame,Qwen3.6-35B-A3B-FP8-without-reasoning,random_grids,instance_00003,Request Success Ratio,1.0
5956,imagegame,Qwen3.6-35B-A3B-FP8-without-reasoning,random_grids,instance_00004,Precision,55.0
5957,imagegame,Qwen3.6-35B-A3B-FP8-without-reasoning,random_grids,instance_00004,Recall,75.0
5958,imagegame,Qwen3.6-35B-A3B-FP8-without-reasoning,random_grids,instance_00004,F1,63.0
5959,imagegame,Qwen3.6-35B-A3B-FP8-without-reasoning,random_grids,instance_00004,Main Score,63.0
5960,imagegame,Qwen3.6-35B-A3B-FP8-without-reasoning,random_grids,instance_00004,Average Changed Cell Count,1.0
5961,imagegame,Qwen3.6-35B-A3B-FP8-without-reasoning,random_grids,instance_00004,Average Generated Instruction Length,38.5455
5962,imagegame,Qwen3.6-35B-A3B-FP8-without-reasoning,random_grids,instance_00004,Average Generated Expression Number of Tokens,8.0
5963,imagegame,Qwen3.6-35B-A3B-FP8-without-reasoning,random_grids,instance_00004,Success,0
5964,imagegame,Qwen3.6-35B-A3B-FP8-without-reasoning,random_grids,instance_00004,Lose,1
5965,imagegame,Qwen3.6-35B-A3B-FP8-without-reasoning,random_grids,instance_00004,Aborted,0
5966,imagegame,Qwen3.6-35B-A3B-FP8-without-reasoning,random_grids,instance_00004,Request Count,68
5967,imagegame,Qwen3.6-35B-A3B-FP8-without-reasoning,random_grids,instance_00004,Violated Request Count,0
5968,imagegame,Qwen3.6-35B-A3B-FP8-without-reasoning,random_grids,instance_00004,Parsed Request Count,68
5969,imagegame,Qwen3.6-35B-A3B-FP8-without-reasoning,random_grids,instance_00004,Request Success Ratio,1.0
5970,imagegame,Qwen3.6-35B-A3B-FP8-without-reasoning,random_grids,instance_00017,Precision,100.0
5971,imagegame,Qwen3.6-35B-A3B-FP8-without-reasoning,random_grids,instance_00017,Recall,100.0
5972,imagegame,Qwen3.6-35B-A3B-FP8-without-reasoning,random_grids,instance_00017,F1,100.0
5973,imagegame,Qwen3.6-35B-A3B-FP8-without-reasoning,random_grids,instance_00017,Main Score,100.0
5974,imagegame,Qwen3.6-35B-A3B-FP8-without-reasoning,random_grids,instance_00017,Average Changed Cell Count,1.0
5975,imagegame,Qwen3.6-35B-A3B-FP8-without-reasoning,random_grids,instance_00017,Average Generated Instruction Length,38.4
5976,imagegame,Qwen3.6-35B-A3B-FP8-without-reasoning,random_grids,instance_00017,Average Generated Expression Number of Tokens,8.0
5977,imagegame,Qwen3.6-35B-A3B-FP8-without-reasoning,random_grids,instance_00017,Success,1
5978,imagegame,Qwen3.6-35B-A3B-FP8-without-reasoning,random_grids,instance_00017,Lose,0
5979,imagegame,Qwen3.6-35B-A3B-FP8-without-reasoning,random_grids,instance_00017,Aborted,0
5980,imagegame,Qwen3.6-35B-A3B-FP8-without-reasoning,random_grids,instance_00017,Request Count,32
5981,imagegame,Qwen3.6-35B-A3B-FP8-without-reasoning,random_grids,instance_00017,Violated Request Count,0
5982,imagegame,Qwen3.6-35B-A3B-FP8-without-reasoning,random_grids,instance_00017,Parsed Request Count,32
5983,imagegame,Qwen3.6-35B-A3B-FP8-without-reasoning,random_grids,instance_00017,Request Success Ratio,1.0
5984,imagegame,Qwen3.6-35B-A3B-FP8-without-reasoning,random_grids,instance_00010,Precision,88.0
5985,imagegame,Qwen3.6-35B-A3B-FP8-without-reasoning,random_grids,instance_00010,Recall,100.0
5986,imagegame,Qwen3.6-35B-A3B-FP8-without-reasoning,random_grids,instance_00010,F1,93.0
5987,imagegame,Qwen3.6-35B-A3B-FP8-without-reasoning,random_grids,instance_00010,Main Score,93.0
5988,imagegame,Qwen3.6-35B-A3B-FP8-without-reasoning,random_grids,instance_00010,Average Changed Cell Count,1.1429
5989,imagegame,Qwen3.6-35B-A3B-FP8-without-reasoning,random_grids,instance_00010,Average Generated Instruction Length,38.1429
5990,imagegame,Qwen3.6-35B-A3B-FP8-without-reasoning,random_grids,instance_00010,Average Generated Expression Number of Tokens,8.0
5991,imagegame,Qwen3.6-35B-A3B-FP8-without-reasoning,random_grids,instance_00010,Success,0
5992,imagegame,Qwen3.6-35B-A3B-FP8-without-reasoning,random_grids,instance_00010,Lose,1
5993,imagegame,Qwen3.6-35B-A3B-FP8-without-reasoning,random_grids,instance_00010,Aborted,0
5994,imagegame,Qwen3.6-35B-A3B-FP8-without-reasoning,random_grids,instance_00010,Request Count,44
5995,imagegame,Qwen3.6-35B-A3B-FP8-without-reasoning,random_grids,instance_00010,Violated Request Count,0
5996,imagegame,Qwen3.6-35B-A3B-FP8-without-reasoning,random_grids,instance_00010,Parsed Request Count,44
5997,imagegame,Qwen3.6-35B-A3B-FP8-without-reasoning,random_grids,instance_00010,Request Success Ratio,1.0
5998,imagegame,Qwen3.6-35B-A3B-FP8-without-reasoning,random_grids,instance_00019,Precision,100.0
5999,imagegame,Qwen3.6-35B-A3B-FP8-without-reasoning,random_grids,instance_00019,Recall,100.0
6000,imagegame,Qwen3.6-35B-A3B-FP8-without-reasoning,random_grids,instance_00019,F1,100.0
6001,imagegame,Qwen3.6-35B-A3B-FP8-without-reasoning,random_grids,instance_00019,Main Score,100.0
6002,imagegame,Qwen3.6-35B-A3B-FP8-without-reasoning,random_grids,instance_00019,Average Changed Cell Count,1.0
6003,imagegame,Qwen3.6-35B-A3B-FP8-without-reasoning,random_grids,instance_00019,Average Generated Instruction Length,38.1667
6004,imagegame,Qwen3.6-35B-A3B-FP8-without-reasoning,random_grids,instance_00019,Average Generated Expression Number of Tokens,8.0
6005,imagegame,Qwen3.6-35B-A3B-FP8-without-reasoning,random_grids,instance_00019,Success,1
6006,imagegame,Qwen3.6-35B-A3B-FP8-without-reasoning,random_grids,instance_00019,Lose,0
6007,imagegame,Qwen3.6-35B-A3B-FP8-without-reasoning,random_grids,instance_00019,Aborted,0
6008,imagegame,Qwen3.6-35B-A3B-FP8-without-reasoning,random_grids,instance_00019,Request Count,38
6009,imagegame,Qwen3.6-35B-A3B-FP8-without-reasoning,random_grids,instance_00019,Violated Request Count,0
6010,imagegame,Qwen3.6-35B-A3B-FP8-without-reasoning,random_grids,instance_00019,Parsed Request Count,38
6011,imagegame,Qwen3.6-35B-A3B-FP8-without-reasoning,random_grids,instance_00019,Request Success Ratio,1.0
6012,imagegame,Qwen3.6-35B-A3B-FP8-without-reasoning,random_grids,instance_00018,Precision,71.0
6013,imagegame,Qwen3.6-35B-A3B-FP8-without-reasoning,random_grids,instance_00018,Recall,71.0
6014,imagegame,Qwen3.6-35B-A3B-FP8-without-reasoning,random_grids,instance_00018,F1,71.0
6015,imagegame,Qwen3.6-35B-A3B-FP8-without-reasoning,random_grids,instance_00018,Main Score,71.0
6016,imagegame,Qwen3.6-35B-A3B-FP8-without-reasoning,random_grids,instance_00018,Average Changed Cell Count,1.0
6017,imagegame,Qwen3.6-35B-A3B-FP8-without-reasoning,random_grids,instance_00018,Average Generated Instruction Length,38.1429
6018,imagegame,Qwen3.6-35B-A3B-FP8-without-reasoning,random_grids,instance_00018,Average Generated Expression Number of Tokens,8.0
6019,imagegame,Qwen3.6-35B-A3B-FP8-without-reasoning,random_grids,instance_00018,Success,0
6020,imagegame,Qwen3.6-35B-A3B-FP8-without-reasoning,random_grids,instance_00018,Lose,1
6021,imagegame,Qwen3.6-35B-A3B-FP8-without-reasoning,random_grids,instance_00018,Aborted,0
6022,imagegame,Qwen3.6-35B-A3B-FP8-without-reasoning,random_grids,instance_00018,Request Count,44
6023,imagegame,Qwen3.6-35B-A3B-FP8-without-reasoning,random_grids,instance_00018,Violated Request Count,0
6024,imagegame,Qwen3.6-35B-A3B-FP8-without-reasoning,random_grids,instance_00018,Parsed Request Count,44
6025,imagegame,Qwen3.6-35B-A3B-FP8-without-reasoning,random_grids,instance_00018,Request Success Ratio,1.0
6026,imagegame,Qwen3.6-35B-A3B-FP8-without-reasoning,random_grids,instance_00011,Precision,100.0
6027,imagegame,Qwen3.6-35B-A3B-FP8-without-reasoning,random_grids,instance_00011,Recall,100.0
6028,imagegame,Qwen3.6-35B-A3B-FP8-without-reasoning,random_grids,instance_00011,F1,100.0
6029,imagegame,Qwen3.6-35B-A3B-FP8-without-reasoning,random_grids,instance_00011,Main Score,100.0
6030,imagegame,Qwen3.6-35B-A3B-FP8-without-reasoning,random_grids,instance_00011,Average Changed Cell Count,1.0
6031,imagegame,Qwen3.6-35B-A3B-FP8-without-reasoning,random_grids,instance_00011,Average Generated Instruction Length,38.4
6032,imagegame,Qwen3.6-35B-A3B-FP8-without-reasoning,random_grids,instance_00011,Average Generated Expression Number of Tokens,8.0
6033,imagegame,Qwen3.6-35B-A3B-FP8-without-reasoning,random_grids,instance_00011,Success,1
6034,imagegame,Qwen3.6-35B-A3B-FP8-without-reasoning,random_grids,instance_00011,Lose,0
6035,imagegame,Qwen3.6-35B-A3B-FP8-without-reasoning,random_grids,instance_00011,Aborted,0
6036,imagegame,Qwen3.6-35B-A3B-FP8-without-reasoning,random_grids,instance_00011,Request Count,32
6037,imagegame,Qwen3.6-35B-A3B-FP8-without-reasoning,random_grids,instance_00011,Violated Request Count,0
6038,imagegame,Qwen3.6-35B-A3B-FP8-without-reasoning,random_grids,instance_00011,Parsed Request Count,32
6039,imagegame,Qwen3.6-35B-A3B-FP8-without-reasoning,random_grids,instance_00011,Request Success Ratio,1.0
6040,imagegame,Qwen3.6-35B-A3B-FP8-without-reasoning,random_grids,instance_00016,Precision,100.0
6041,imagegame,Qwen3.6-35B-A3B-FP8-without-reasoning,random_grids,instance_00016,Recall,100.0
6042,imagegame,Qwen3.6-35B-A3B-FP8-without-reasoning,random_grids,instance_00016,F1,100.0
6043,imagegame,Qwen3.6-35B-A3B-FP8-without-reasoning,random_grids,instance_00016,Main Score,100.0
6044,imagegame,Qwen3.6-35B-A3B-FP8-without-reasoning,random_grids,instance_00016,Average Changed Cell Count,1.0
6045,imagegame,Qwen3.6-35B-A3B-FP8-without-reasoning,random_grids,instance_00016,Average Generated Instruction Length,38.3333
6046,imagegame,Qwen3.6-35B-A3B-FP8-without-reasoning,random_grids,instance_00016,Average Generated Expression Number of Tokens,8.0
6047,imagegame,Qwen3.6-35B-A3B-FP8-without-reasoning,random_grids,instance_00016,Success,1
6048,imagegame,Qwen3.6-35B-A3B-FP8-without-reasoning,random_grids,instance_00016,Lose,0
6049,imagegame,Qwen3.6-35B-A3B-FP8-without-reasoning,random_grids,instance_00016,Aborted,0
6050,imagegame,Qwen3.6-35B-A3B-FP8-without-reasoning,random_grids,instance_00016,Request Count,38
6051,imagegame,Qwen3.6-35B-A3B-FP8-without-reasoning,random_grids,instance_00016,Violated Request Count,0
6052,imagegame,Qwen3.6-35B-A3B-FP8-without-reasoning,random_grids,instance_00016,Parsed Request Count,38
6053,imagegame,Qwen3.6-35B-A3B-FP8-without-reasoning,random_grids,instance_00016,Request Success Ratio,1.0
6054,imagegame,Qwen3.6-35B-A3B-FP8-without-reasoning,random_grids,instance_00008,Precision,100.0
6055,imagegame,Qwen3.6-35B-A3B-FP8-without-reasoning,random_grids,instance_00008,Recall,100.0
6056,imagegame,Qwen3.6-35B-A3B-FP8-without-reasoning,random_grids,instance_00008,F1,100.0
6057,imagegame,Qwen3.6-35B-A3B-FP8-without-reasoning,random_grids,instance_00008,Main Score,100.0
6058,imagegame,Qwen3.6-35B-A3B-FP8-without-reasoning,random_grids,instance_00008,Average Changed Cell Count,1.0
6059,imagegame,Qwen3.6-35B-A3B-FP8-without-reasoning,random_grids,instance_00008,Average Generated Instruction Length,38.6
6060,imagegame,Qwen3.6-35B-A3B-FP8-without-reasoning,random_grids,instance_00008,Average Generated Expression Number of Tokens,8.0
6061,imagegame,Qwen3.6-35B-A3B-FP8-without-reasoning,random_grids,instance_00008,Success,1
6062,imagegame,Qwen3.6-35B-A3B-FP8-without-reasoning,random_grids,instance_00008,Lose,0
6063,imagegame,Qwen3.6-35B-A3B-FP8-without-reasoning,random_grids,instance_00008,Aborted,0
6064,imagegame,Qwen3.6-35B-A3B-FP8-without-reasoning,random_grids,instance_00008,Request Count,32
6065,imagegame,Qwen3.6-35B-A3B-FP8-without-reasoning,random_grids,instance_00008,Violated Request Count,0
6066,imagegame,Qwen3.6-35B-A3B-FP8-without-reasoning,random_grids,instance_00008,Parsed Request Count,32
6067,imagegame,Qwen3.6-35B-A3B-FP8-without-reasoning,random_grids,instance_00008,Request Success Ratio,1.0
6068,imagegame,Qwen3.6-35B-A3B-FP8-without-reasoning,random_grids,instance_00001,Precision,83.0
6069,imagegame,Qwen3.6-35B-A3B-FP8-without-reasoning,random_grids,instance_00001,Recall,83.0
6070,imagegame,Qwen3.6-35B-A3B-FP8-without-reasoning,random_grids,instance_00001,F1,83.0
6071,imagegame,Qwen3.6-35B-A3B-FP8-without-reasoning,random_grids,instance_00001,Main Score,83.0
6072,imagegame,Qwen3.6-35B-A3B-FP8-without-reasoning,random_grids,instance_00001,Average Changed Cell Count,1.0
6073,imagegame,Qwen3.6-35B-A3B-FP8-without-reasoning,random_grids,instance_00001,Average Generated Instruction Length,38.3333
6074,imagegame,Qwen3.6-35B-A3B-FP8-without-reasoning,random_grids,instance_00001,Average Generated Expression Number of Tokens,8.0
6075,imagegame,Qwen3.6-35B-A3B-FP8-without-reasoning,random_grids,instance_00001,Success,0
6076,imagegame,Qwen3.6-35B-A3B-FP8-without-reasoning,random_grids,instance_00001,Lose,1
6077,imagegame,Qwen3.6-35B-A3B-FP8-without-reasoning,random_grids,instance_00001,Aborted,0
6078,imagegame,Qwen3.6-35B-A3B-FP8-without-reasoning,random_grids,instance_00001,Request Count,38
6079,imagegame,Qwen3.6-35B-A3B-FP8-without-reasoning,random_grids,instance_00001,Violated Request Count,0
6080,imagegame,Qwen3.6-35B-A3B-FP8-without-reasoning,random_grids,instance_00001,Parsed Request Count,38
6081,imagegame,Qwen3.6-35B-A3B-FP8-without-reasoning,random_grids,instance_00001,Request Success Ratio,1.0
6082,imagegame,Qwen3.6-35B-A3B-FP8-without-reasoning,random_grids,instance_00006,Precision,100.0
6083,imagegame,Qwen3.6-35B-A3B-FP8-without-reasoning,random_grids,instance_00006,Recall,100.0
6084,imagegame,Qwen3.6-35B-A3B-FP8-without-reasoning,random_grids,instance_00006,F1,100.0
6085,imagegame,Qwen3.6-35B-A3B-FP8-without-reasoning,random_grids,instance_00006,Main Score,100.0
6086,imagegame,Qwen3.6-35B-A3B-FP8-without-reasoning,random_grids,instance_00006,Average Changed Cell Count,1.0
6087,imagegame,Qwen3.6-35B-A3B-FP8-without-reasoning,random_grids,instance_00006,Average Generated Instruction Length,38.2
6088,imagegame,Qwen3.6-35B-A3B-FP8-without-reasoning,random_grids,instance_00006,Average Generated Expression Number of Tokens,8.0
6089,imagegame,Qwen3.6-35B-A3B-FP8-without-reasoning,random_grids,instance_00006,Success,1
6090,imagegame,Qwen3.6-35B-A3B-FP8-without-reasoning,random_grids,instance_00006,Lose,0
6091,imagegame,Qwen3.6-35B-A3B-FP8-without-reasoning,random_grids,instance_00006,Aborted,0
6092,imagegame,Qwen3.6-35B-A3B-FP8-without-reasoning,random_grids,instance_00006,Request Count,32
6093,imagegame,Qwen3.6-35B-A3B-FP8-without-reasoning,random_grids,instance_00006,Violated Request Count,0
6094,imagegame,Qwen3.6-35B-A3B-FP8-without-reasoning,random_grids,instance_00006,Parsed Request Count,32
6095,imagegame,Qwen3.6-35B-A3B-FP8-without-reasoning,random_grids,instance_00006,Request Success Ratio,1.0
6096,imagegame,Qwen3.6-35B-A3B-FP8-without-reasoning,random_grids,instance_00007,Precision,100.0
6097,imagegame,Qwen3.6-35B-A3B-FP8-without-reasoning,random_grids,instance_00007,Recall,100.0
6098,imagegame,Qwen3.6-35B-A3B-FP8-without-reasoning,random_grids,instance_00007,F1,100.0
6099,imagegame,Qwen3.6-35B-A3B-FP8-without-reasoning,random_grids,instance_00007,Main Score,100.0
6100,imagegame,Qwen3.6-35B-A3B-FP8-without-reasoning,random_grids,instance_00007,Average Changed Cell Count,1.0
6101,imagegame,Qwen3.6-35B-A3B-FP8-without-reasoning,random_grids,instance_00007,Average Generated Instruction Length,38.75
6102,imagegame,Qwen3.6-35B-A3B-FP8-without-reasoning,random_grids,instance_00007,Average Generated Expression Number of Tokens,8.0
6103,imagegame,Qwen3.6-35B-A3B-FP8-without-reasoning,random_grids,instance_00007,Success,1
6104,imagegame,Qwen3.6-35B-A3B-FP8-without-reasoning,random_grids,instance_00007,Lose,0
6105,imagegame,Qwen3.6-35B-A3B-FP8-without-reasoning,random_grids,instance_00007,Aborted,0
6106,imagegame,Qwen3.6-35B-A3B-FP8-without-reasoning,random_grids,instance_00007,Request Count,26
6107,imagegame,Qwen3.6-35B-A3B-FP8-without-reasoning,random_grids,instance_00007,Violated Request Count,0
6108,imagegame,Qwen3.6-35B-A3B-FP8-without-reasoning,random_grids,instance_00007,Parsed Request Count,26
6109,imagegame,Qwen3.6-35B-A3B-FP8-without-reasoning,random_grids,instance_00007,Request Success Ratio,1.0
6110,imagegame,Qwen3.6-35B-A3B-FP8-without-reasoning,random_grids,instance_00000,Precision,100.0
6111,imagegame,Qwen3.6-35B-A3B-FP8-without-reasoning,random_grids,instance_00000,Recall,100.0
6112,imagegame,Qwen3.6-35B-A3B-FP8-without-reasoning,random_grids,instance_00000,F1,100.0
6113,imagegame,Qwen3.6-35B-A3B-FP8-without-reasoning,random_grids,instance_00000,Main Score,100.0
6114,imagegame,Qwen3.6-35B-A3B-FP8-without-reasoning,random_grids,instance_00000,Average Changed Cell Count,1.0
6115,imagegame,Qwen3.6-35B-A3B-FP8-without-reasoning,random_grids,instance_00000,Average Generated Instruction Length,38.5
6116,imagegame,Qwen3.6-35B-A3B-FP8-without-reasoning,random_grids,instance_00000,Average Generated Expression Number of Tokens,8.0
6117,imagegame,Qwen3.6-35B-A3B-FP8-without-reasoning,random_grids,instance_00000,Success,1
6118,imagegame,Qwen3.6-35B-A3B-FP8-without-reasoning,random_grids,instance_00000,Lose,0
6119,imagegame,Qwen3.6-35B-A3B-FP8-without-reasoning,random_grids,instance_00000,Aborted,0
6120,imagegame,Qwen3.6-35B-A3B-FP8-without-reasoning,random_grids,instance_00000,Request Count,26
6121,imagegame,Qwen3.6-35B-A3B-FP8-without-reasoning,random_grids,instance_00000,Violated Request Count,0
6122,imagegame,Qwen3.6-35B-A3B-FP8-without-reasoning,random_grids,instance_00000,Parsed Request Count,26
6123,imagegame,Qwen3.6-35B-A3B-FP8-without-reasoning,random_grids,instance_00000,Request Success Ratio,1.0
6124,imagegame,Qwen3.6-35B-A3B-FP8-without-reasoning,random_grids,instance_00009,Precision,
6125,imagegame,Qwen3.6-35B-A3B-FP8-without-reasoning,random_grids,instance_00009,Recall,
6126,imagegame,Qwen3.6-35B-A3B-FP8-without-reasoning,random_grids,instance_00009,F1,
6127,imagegame,Qwen3.6-35B-A3B-FP8-without-reasoning,random_grids,instance_00009,Main Score,
6128,imagegame,Qwen3.6-35B-A3B-FP8-without-reasoning,random_grids,instance_00009,Average Changed Cell Count,
6129,imagegame,Qwen3.6-35B-A3B-FP8-without-reasoning,random_grids,instance_00009,Average Generated Instruction Length,
6130,imagegame,Qwen3.6-35B-A3B-FP8-without-reasoning,random_grids,instance_00009,Average Generated Expression Number of Tokens,
6131,imagegame,Qwen3.6-35B-A3B-FP8-without-reasoning,random_grids,instance_00009,Success,0
6132,imagegame,Qwen3.6-35B-A3B-FP8-without-reasoning,random_grids,instance_00009,Lose,0
6133,imagegame,Qwen3.6-35B-A3B-FP8-without-reasoning,random_grids,instance_00009,Aborted,1
6134,imagegame,Qwen3.6-35B-A3B-FP8-without-reasoning,random_grids,instance_00009,Request Count,6
6135,imagegame,Qwen3.6-35B-A3B-FP8-without-reasoning,random_grids,instance_00009,Violated Request Count,1
6136,imagegame,Qwen3.6-35B-A3B-FP8-without-reasoning,random_grids,instance_00009,Parsed Request Count,5
6137,imagegame,Qwen3.6-35B-A3B-FP8-without-reasoning,random_grids,instance_00009,Request Success Ratio,0.8333
6138,imagegame,Qwen3.6-35B-A3B-FP8-without-reasoning,random_grids,instance_00013,Precision,80.0
6139,imagegame,Qwen3.6-35B-A3B-FP8-without-reasoning,random_grids,instance_00013,Recall,80.0
6140,imagegame,Qwen3.6-35B-A3B-FP8-without-reasoning,random_grids,instance_00013,F1,80.0
6141,imagegame,Qwen3.6-35B-A3B-FP8-without-reasoning,random_grids,instance_00013,Main Score,80.0
6142,imagegame,Qwen3.6-35B-A3B-FP8-without-reasoning,random_grids,instance_00013,Average Changed Cell Count,1.0
6143,imagegame,Qwen3.6-35B-A3B-FP8-without-reasoning,random_grids,instance_00013,Average Generated Instruction Length,37.8
6144,imagegame,Qwen3.6-35B-A3B-FP8-without-reasoning,random_grids,instance_00013,Average Generated Expression Number of Tokens,8.0
6145,imagegame,Qwen3.6-35B-A3B-FP8-without-reasoning,random_grids,instance_00013,Success,0
6146,imagegame,Qwen3.6-35B-A3B-FP8-without-reasoning,random_grids,instance_00013,Lose,1
6147,imagegame,Qwen3.6-35B-A3B-FP8-without-reasoning,random_grids,instance_00013,Aborted,0
6148,imagegame,Qwen3.6-35B-A3B-FP8-without-reasoning,random_grids,instance_00013,Request Count,32
6149,imagegame,Qwen3.6-35B-A3B-FP8-without-reasoning,random_grids,instance_00013,Violated Request Count,0
6150,imagegame,Qwen3.6-35B-A3B-FP8-without-reasoning,random_grids,instance_00013,Parsed Request Count,32
6151,imagegame,Qwen3.6-35B-A3B-FP8-without-reasoning,random_grids,instance_00013,Request Success Ratio,1.0
6152,imagegame,Qwen3.6-35B-A3B-FP8-without-reasoning,random_grids,instance_00014,Precision,75.0
6153,imagegame,Qwen3.6-35B-A3B-FP8-without-reasoning,random_grids,instance_00014,Recall,75.0
6154,imagegame,Qwen3.6-35B-A3B-FP8-without-reasoning,random_grids,instance_00014,F1,75.0
6155,imagegame,Qwen3.6-35B-A3B-FP8-without-reasoning,random_grids,instance_00014,Main Score,75.0
6156,imagegame,Qwen3.6-35B-A3B-FP8-without-reasoning,random_grids,instance_00014,Average Changed Cell Count,1.0
6157,imagegame,Qwen3.6-35B-A3B-FP8-without-reasoning,random_grids,instance_00014,Average Generated Instruction Length,38.0
6158,imagegame,Qwen3.6-35B-A3B-FP8-without-reasoning,random_grids,instance_00014,Average Generated Expression Number of Tokens,8.0
6159,imagegame,Qwen3.6-35B-A3B-FP8-without-reasoning,random_grids,instance_00014,Success,0
6160,imagegame,Qwen3.6-35B-A3B-FP8-without-reasoning,random_grids,instance_00014,Lose,1
6161,imagegame,Qwen3.6-35B-A3B-FP8-without-reasoning,random_grids,instance_00014,Aborted,0
6162,imagegame,Qwen3.6-35B-A3B-FP8-without-reasoning,random_grids,instance_00014,Request Count,26
6163,imagegame,Qwen3.6-35B-A3B-FP8-without-reasoning,random_grids,instance_00014,Violated Request Count,0
6164,imagegame,Qwen3.6-35B-A3B-FP8-without-reasoning,random_grids,instance_00014,Parsed Request Count,26
6165,imagegame,Qwen3.6-35B-A3B-FP8-without-reasoning,random_grids,instance_00014,Request Success Ratio,1.0
6166,imagegame,Qwen3.6-35B-A3B-FP8-without-reasoning,random_grids,instance_00015,Precision,100.0
6167,imagegame,Qwen3.6-35B-A3B-FP8-without-reasoning,random_grids,instance_00015,Recall,100.0
6168,imagegame,Qwen3.6-35B-A3B-FP8-without-reasoning,random_grids,instance_00015,F1,100.0
6169,imagegame,Qwen3.6-35B-A3B-FP8-without-reasoning,random_grids,instance_00015,Main Score,100.0
6170,imagegame,Qwen3.6-35B-A3B-FP8-without-reasoning,random_grids,instance_00015,Average Changed Cell Count,1.0
6171,imagegame,Qwen3.6-35B-A3B-FP8-without-reasoning,random_grids,instance_00015,Average Generated Instruction Length,38.0
6172,imagegame,Qwen3.6-35B-A3B-FP8-without-reasoning,random_grids,instance_00015,Average Generated Expression Number of Tokens,8.0
6173,imagegame,Qwen3.6-35B-A3B-FP8-without-reasoning,random_grids,instance_00015,Success,1
6174,imagegame,Qwen3.6-35B-A3B-FP8-without-reasoning,random_grids,instance_00015,Lose,0
6175,imagegame,Qwen3.6-35B-A3B-FP8-without-reasoning,random_grids,instance_00015,Aborted,0
6176,imagegame,Qwen3.6-35B-A3B-FP8-without-reasoning,random_grids,instance_00015,Request Count,38
6177,imagegame,Qwen3.6-35B-A3B-FP8-without-reasoning,random_grids,instance_00015,Violated Request Count,0
6178,imagegame,Qwen3.6-35B-A3B-FP8-without-reasoning,random_grids,instance_00015,Parsed Request Count,38
6179,imagegame,Qwen3.6-35B-A3B-FP8-without-reasoning,random_grids,instance_00015,Request Success Ratio,1.0
6180,imagegame,Qwen3.6-35B-A3B-FP8-without-reasoning,random_grids,instance_00012,Precision,
6181,imagegame,Qwen3.6-35B-A3B-FP8-without-reasoning,random_grids,instance_00012,Recall,
6182,imagegame,Qwen3.6-35B-A3B-FP8-without-reasoning,random_grids,instance_00012,F1,
6183,imagegame,Qwen3.6-35B-A3B-FP8-without-reasoning,random_grids,instance_00012,Main Score,
6184,imagegame,Qwen3.6-35B-A3B-FP8-without-reasoning,random_grids,instance_00012,Average Changed Cell Count,
6185,imagegame,Qwen3.6-35B-A3B-FP8-without-reasoning,random_grids,instance_00012,Average Generated Instruction Length,
6186,imagegame,Qwen3.6-35B-A3B-FP8-without-reasoning,random_grids,instance_00012,Average Generated Expression Number of Tokens,
6187,imagegame,Qwen3.6-35B-A3B-FP8-without-reasoning,random_grids,instance_00012,Success,0
6188,imagegame,Qwen3.6-35B-A3B-FP8-without-reasoning,random_grids,instance_00012,Lose,0
6189,imagegame,Qwen3.6-35B-A3B-FP8-without-reasoning,random_grids,instance_00012,Aborted,1
6190,imagegame,Qwen3.6-35B-A3B-FP8-without-reasoning,random_grids,instance_00012,Request Count,51
6191,imagegame,Qwen3.6-35B-A3B-FP8-without-reasoning,random_grids,instance_00012,Violated Request Count,1
6192,imagegame,Qwen3.6-35B-A3B-FP8-without-reasoning,random_grids,instance_00012,Parsed Request Count,50
6193,imagegame,Qwen3.6-35B-A3B-FP8-without-reasoning,random_grids,instance_00012,Request Success Ratio,0.9804
6194,imagegame,Qwen3.6-35B-A3B-FP8-without-reasoning,compact_grids,instance_00005,Precision,100.0
6195,imagegame,Qwen3.6-35B-A3B-FP8-without-reasoning,compact_grids,instance_00005,Recall,100.0
6196,imagegame,Qwen3.6-35B-A3B-FP8-without-reasoning,compact_grids,instance_00005,F1,100.0
6197,imagegame,Qwen3.6-35B-A3B-FP8-without-reasoning,compact_grids,instance_00005,Main Score,100.0
6198,imagegame,Qwen3.6-35B-A3B-FP8-without-reasoning,compact_grids,instance_00005,Average Changed Cell Count,1.5
6199,imagegame,Qwen3.6-35B-A3B-FP8-without-reasoning,compact_grids,instance_00005,Average Generated Instruction Length,36.6667
6200,imagegame,Qwen3.6-35B-A3B-FP8-without-reasoning,compact_grids,instance_00005,Average Generated Expression Number of Tokens,7.6667
6201,imagegame,Qwen3.6-35B-A3B-FP8-without-reasoning,compact_grids,instance_00005,Success,1
6202,imagegame,Qwen3.6-35B-A3B-FP8-without-reasoning,compact_grids,instance_00005,Lose,0
6203,imagegame,Qwen3.6-35B-A3B-FP8-without-reasoning,compact_grids,instance_00005,Aborted,0
6204,imagegame,Qwen3.6-35B-A3B-FP8-without-reasoning,compact_grids,instance_00005,Request Count,38
6205,imagegame,Qwen3.6-35B-A3B-FP8-without-reasoning,compact_grids,instance_00005,Violated Request Count,0
6206,imagegame,Qwen3.6-35B-A3B-FP8-without-reasoning,compact_grids,instance_00005,Parsed Request Count,38
6207,imagegame,Qwen3.6-35B-A3B-FP8-without-reasoning,compact_grids,instance_00005,Request Success Ratio,1.0
6208,imagegame,Qwen3.6-35B-A3B-FP8-without-reasoning,compact_grids,instance_00002,Precision,100.0
6209,imagegame,Qwen3.6-35B-A3B-FP8-without-reasoning,compact_grids,instance_00002,Recall,100.0
6210,imagegame,Qwen3.6-35B-A3B-FP8-without-reasoning,compact_grids,instance_00002,F1,100.0
6211,imagegame,Qwen3.6-35B-A3B-FP8-without-reasoning,compact_grids,instance_00002,Main Score,100.0
6212,imagegame,Qwen3.6-35B-A3B-FP8-without-reasoning,compact_grids,instance_00002,Average Changed Cell Count,1.0
6213,imagegame,Qwen3.6-35B-A3B-FP8-without-reasoning,compact_grids,instance_00002,Average Generated Instruction Length,38.2308
6214,imagegame,Qwen3.6-35B-A3B-FP8-without-reasoning,compact_grids,instance_00002,Average Generated Expression Number of Tokens,8.0
6215,imagegame,Qwen3.6-35B-A3B-FP8-without-reasoning,compact_grids,instance_00002,Success,1
6216,imagegame,Qwen3.6-35B-A3B-FP8-without-reasoning,compact_grids,instance_00002,Lose,0
6217,imagegame,Qwen3.6-35B-A3B-FP8-without-reasoning,compact_grids,instance_00002,Aborted,0
6218,imagegame,Qwen3.6-35B-A3B-FP8-without-reasoning,compact_grids,instance_00002,Request Count,80
6219,imagegame,Qwen3.6-35B-A3B-FP8-without-reasoning,compact_grids,instance_00002,Violated Request Count,0
6220,imagegame,Qwen3.6-35B-A3B-FP8-without-reasoning,compact_grids,instance_00002,Parsed Request Count,80
6221,imagegame,Qwen3.6-35B-A3B-FP8-without-reasoning,compact_grids,instance_00002,Request Success Ratio,1.0
6222,imagegame,Qwen3.6-35B-A3B-FP8-without-reasoning,compact_grids,instance_00003,Precision,89.0
6223,imagegame,Qwen3.6-35B-A3B-FP8-without-reasoning,compact_grids,instance_00003,Recall,89.0
6224,imagegame,Qwen3.6-35B-A3B-FP8-without-reasoning,compact_grids,instance_00003,F1,89.0
6225,imagegame,Qwen3.6-35B-A3B-FP8-without-reasoning,compact_grids,instance_00003,Main Score,89.0
6226,imagegame,Qwen3.6-35B-A3B-FP8-without-reasoning,compact_grids,instance_00003,Average Changed Cell Count,1.0
6227,imagegame,Qwen3.6-35B-A3B-FP8-without-reasoning,compact_grids,instance_00003,Average Generated Instruction Length,38.5556
6228,imagegame,Qwen3.6-35B-A3B-FP8-without-reasoning,compact_grids,instance_00003,Average Generated Expression Number of Tokens,8.0
6229,imagegame,Qwen3.6-35B-A3B-FP8-without-reasoning,compact_grids,instance_00003,Success,0
6230,imagegame,Qwen3.6-35B-A3B-FP8-without-reasoning,compact_grids,instance_00003,Lose,1
6231,imagegame,Qwen3.6-35B-A3B-FP8-without-reasoning,compact_grids,instance_00003,Aborted,0
6232,imagegame,Qwen3.6-35B-A3B-FP8-without-reasoning,compact_grids,instance_00003,Request Count,56
6233,imagegame,Qwen3.6-35B-A3B-FP8-without-reasoning,compact_grids,instance_00003,Violated Request Count,0
6234,imagegame,Qwen3.6-35B-A3B-FP8-without-reasoning,compact_grids,instance_00003,Parsed Request Count,56
6235,imagegame,Qwen3.6-35B-A3B-FP8-without-reasoning,compact_grids,instance_00003,Request Success Ratio,1.0
6236,imagegame,Qwen3.6-35B-A3B-FP8-without-reasoning,compact_grids,instance_00004,Precision,100.0
6237,imagegame,Qwen3.6-35B-A3B-FP8-without-reasoning,compact_grids,instance_00004,Recall,100.0
6238,imagegame,Qwen3.6-35B-A3B-FP8-without-reasoning,compact_grids,instance_00004,F1,100.0
6239,imagegame,Qwen3.6-35B-A3B-FP8-without-reasoning,compact_grids,instance_00004,Main Score,100.0
6240,imagegame,Qwen3.6-35B-A3B-FP8-without-reasoning,compact_grids,instance_00004,Average Changed Cell Count,4.0
6241,imagegame,Qwen3.6-35B-A3B-FP8-without-reasoning,compact_grids,instance_00004,Average Generated Instruction Length,23.5
6242,imagegame,Qwen3.6-35B-A3B-FP8-without-reasoning,compact_grids,instance_00004,Average Generated Expression Number of Tokens,5.0
6243,imagegame,Qwen3.6-35B-A3B-FP8-without-reasoning,compact_grids,instance_00004,Success,1
6244,imagegame,Qwen3.6-35B-A3B-FP8-without-reasoning,compact_grids,instance_00004,Lose,0
6245,imagegame,Qwen3.6-35B-A3B-FP8-without-reasoning,compact_grids,instance_00004,Aborted,0
6246,imagegame,Qwen3.6-35B-A3B-FP8-without-reasoning,compact_grids,instance_00004,Request Count,26
6247,imagegame,Qwen3.6-35B-A3B-FP8-without-reasoning,compact_grids,instance_00004,Violated Request Count,0
6248,imagegame,Qwen3.6-35B-A3B-FP8-without-reasoning,compact_grids,instance_00004,Parsed Request Count,26
6249,imagegame,Qwen3.6-35B-A3B-FP8-without-reasoning,compact_grids,instance_00004,Request Success Ratio,1.0
6250,imagegame,Qwen3.6-35B-A3B-FP8-without-reasoning,compact_grids,instance_00017,Precision,100.0
6251,imagegame,Qwen3.6-35B-A3B-FP8-without-reasoning,compact_grids,instance_00017,Recall,100.0
6252,imagegame,Qwen3.6-35B-A3B-FP8-without-reasoning,compact_grids,instance_00017,F1,100.0
6253,imagegame,Qwen3.6-35B-A3B-FP8-without-reasoning,compact_grids,instance_00017,Main Score,100.0
6254,imagegame,Qwen3.6-35B-A3B-FP8-without-reasoning,compact_grids,instance_00017,Average Changed Cell Count,1.0
6255,imagegame,Qwen3.6-35B-A3B-FP8-without-reasoning,compact_grids,instance_00017,Average Generated Instruction Length,38.0
6256,imagegame,Qwen3.6-35B-A3B-FP8-without-reasoning,compact_grids,instance_00017,Average Generated Expression Number of Tokens,8.0
6257,imagegame,Qwen3.6-35B-A3B-FP8-without-reasoning,compact_grids,instance_00017,Success,1
6258,imagegame,Qwen3.6-35B-A3B-FP8-without-reasoning,compact_grids,instance_00017,Lose,0
6259,imagegame,Qwen3.6-35B-A3B-FP8-without-reasoning,compact_grids,instance_00017,Aborted,0
6260,imagegame,Qwen3.6-35B-A3B-FP8-without-reasoning,compact_grids,instance_00017,Request Count,50
6261,imagegame,Qwen3.6-35B-A3B-FP8-without-reasoning,compact_grids,instance_00017,Violated Request Count,0
6262,imagegame,Qwen3.6-35B-A3B-FP8-without-reasoning,compact_grids,instance_00017,Parsed Request Count,50
6263,imagegame,Qwen3.6-35B-A3B-FP8-without-reasoning,compact_grids,instance_00017,Request Success Ratio,1.0
6264,imagegame,Qwen3.6-35B-A3B-FP8-without-reasoning,compact_grids,instance_00010,Precision,
6265,imagegame,Qwen3.6-35B-A3B-FP8-without-reasoning,compact_grids,instance_00010,Recall,
6266,imagegame,Qwen3.6-35B-A3B-FP8-without-reasoning,compact_grids,instance_00010,F1,
6267,imagegame,Qwen3.6-35B-A3B-FP8-without-reasoning,compact_grids,instance_00010,Main Score,
6268,imagegame,Qwen3.6-35B-A3B-FP8-without-reasoning,compact_grids,instance_00010,Average Changed Cell Count,
6269,imagegame,Qwen3.6-35B-A3B-FP8-without-reasoning,compact_grids,instance_00010,Average Generated Instruction Length,
6270,imagegame,Qwen3.6-35B-A3B-FP8-without-reasoning,compact_grids,instance_00010,Average Generated Expression Number of Tokens,
6271,imagegame,Qwen3.6-35B-A3B-FP8-without-reasoning,compact_grids,instance_00010,Success,0
6272,imagegame,Qwen3.6-35B-A3B-FP8-without-reasoning,compact_grids,instance_00010,Lose,0
6273,imagegame,Qwen3.6-35B-A3B-FP8-without-reasoning,compact_grids,instance_00010,Aborted,1
6274,imagegame,Qwen3.6-35B-A3B-FP8-without-reasoning,compact_grids,instance_00010,Request Count,69
6275,imagegame,Qwen3.6-35B-A3B-FP8-without-reasoning,compact_grids,instance_00010,Violated Request Count,1
6276,imagegame,Qwen3.6-35B-A3B-FP8-without-reasoning,compact_grids,instance_00010,Parsed Request Count,68
6277,imagegame,Qwen3.6-35B-A3B-FP8-without-reasoning,compact_grids,instance_00010,Request Success Ratio,0.9855
6278,imagegame,Qwen3.6-35B-A3B-FP8-without-reasoning,compact_grids,instance_00019,Precision,100.0
6279,imagegame,Qwen3.6-35B-A3B-FP8-without-reasoning,compact_grids,instance_00019,Recall,100.0
6280,imagegame,Qwen3.6-35B-A3B-FP8-without-reasoning,compact_grids,instance_00019,F1,100.0
6281,imagegame,Qwen3.6-35B-A3B-FP8-without-reasoning,compact_grids,instance_00019,Main Score,100.0
6282,imagegame,Qwen3.6-35B-A3B-FP8-without-reasoning,compact_grids,instance_00019,Average Changed Cell Count,1.0
6283,imagegame,Qwen3.6-35B-A3B-FP8-without-reasoning,compact_grids,instance_00019,Average Generated Instruction Length,38.0667
6284,imagegame,Qwen3.6-35B-A3B-FP8-without-reasoning,compact_grids,instance_00019,Average Generated Expression Number of Tokens,8.0
6285,imagegame,Qwen3.6-35B-A3B-FP8-without-reasoning,compact_grids,instance_00019,Success,1
6286,imagegame,Qwen3.6-35B-A3B-FP8-without-reasoning,compact_grids,instance_00019,Lose,0
6287,imagegame,Qwen3.6-35B-A3B-FP8-without-reasoning,compact_grids,instance_00019,Aborted,0
6288,imagegame,Qwen3.6-35B-A3B-FP8-without-reasoning,compact_grids,instance_00019,Request Count,92
6289,imagegame,Qwen3.6-35B-A3B-FP8-without-reasoning,compact_grids,instance_00019,Violated Request Count,0
6290,imagegame,Qwen3.6-35B-A3B-FP8-without-reasoning,compact_grids,instance_00019,Parsed Request Count,92
6291,imagegame,Qwen3.6-35B-A3B-FP8-without-reasoning,compact_grids,instance_00019,Request Success Ratio,1.0
6292,imagegame,Qwen3.6-35B-A3B-FP8-without-reasoning,compact_grids,instance_00018,Precision,100.0
6293,imagegame,Qwen3.6-35B-A3B-FP8-without-reasoning,compact_grids,instance_00018,Recall,100.0
6294,imagegame,Qwen3.6-35B-A3B-FP8-without-reasoning,compact_grids,instance_00018,F1,100.0
6295,imagegame,Qwen3.6-35B-A3B-FP8-without-reasoning,compact_grids,instance_00018,Main Score,100.0
6296,imagegame,Qwen3.6-35B-A3B-FP8-without-reasoning,compact_grids,instance_00018,Average Changed Cell Count,1.0
6297,imagegame,Qwen3.6-35B-A3B-FP8-without-reasoning,compact_grids,instance_00018,Average Generated Instruction Length,38.2308
6298,imagegame,Qwen3.6-35B-A3B-FP8-without-reasoning,compact_grids,instance_00018,Average Generated Expression Number of Tokens,8.0
6299,imagegame,Qwen3.6-35B-A3B-FP8-without-reasoning,compact_grids,instance_00018,Success,1
6300,imagegame,Qwen3.6-35B-A3B-FP8-without-reasoning,compact_grids,instance_00018,Lose,0
6301,imagegame,Qwen3.6-35B-A3B-FP8-without-reasoning,compact_grids,instance_00018,Aborted,0
6302,imagegame,Qwen3.6-35B-A3B-FP8-without-reasoning,compact_grids,instance_00018,Request Count,80
6303,imagegame,Qwen3.6-35B-A3B-FP8-without-reasoning,compact_grids,instance_00018,Violated Request Count,0
6304,imagegame,Qwen3.6-35B-A3B-FP8-without-reasoning,compact_grids,instance_00018,Parsed Request Count,80
6305,imagegame,Qwen3.6-35B-A3B-FP8-without-reasoning,compact_grids,instance_00018,Request Success Ratio,1.0
6306,imagegame,Qwen3.6-35B-A3B-FP8-without-reasoning,compact_grids,instance_00011,Precision,100.0
6307,imagegame,Qwen3.6-35B-A3B-FP8-without-reasoning,compact_grids,instance_00011,Recall,100.0
6308,imagegame,Qwen3.6-35B-A3B-FP8-without-reasoning,compact_grids,instance_00011,F1,100.0
6309,imagegame,Qwen3.6-35B-A3B-FP8-without-reasoning,compact_grids,instance_00011,Main Score,100.0
6310,imagegame,Qwen3.6-35B-A3B-FP8-without-reasoning,compact_grids,instance_00011,Average Changed Cell Count,1.8
6311,imagegame,Qwen3.6-35B-A3B-FP8-without-reasoning,compact_grids,instance_00011,Average Generated Instruction Length,36.2
6312,imagegame,Qwen3.6-35B-A3B-FP8-without-reasoning,compact_grids,instance_00011,Average Generated Expression Number of Tokens,7.6
6313,imagegame,Qwen3.6-35B-A3B-FP8-without-reasoning,compact_grids,instance_00011,Success,1
6314,imagegame,Qwen3.6-35B-A3B-FP8-without-reasoning,compact_grids,instance_00011,Lose,0
6315,imagegame,Qwen3.6-35B-A3B-FP8-without-reasoning,compact_grids,instance_00011,Aborted,0
6316,imagegame,Qwen3.6-35B-A3B-FP8-without-reasoning,compact_grids,instance_00011,Request Count,32
6317,imagegame,Qwen3.6-35B-A3B-FP8-without-reasoning,compact_grids,instance_00011,Violated Request Count,0
6318,imagegame,Qwen3.6-35B-A3B-FP8-without-reasoning,compact_grids,instance_00011,Parsed Request Count,32
6319,imagegame,Qwen3.6-35B-A3B-FP8-without-reasoning,compact_grids,instance_00011,Request Success Ratio,1.0
6320,imagegame,Qwen3.6-35B-A3B-FP8-without-reasoning,compact_grids,instance_00016,Precision,
6321,imagegame,Qwen3.6-35B-A3B-FP8-without-reasoning,compact_grids,instance_00016,Recall,
6322,imagegame,Qwen3.6-35B-A3B-FP8-without-reasoning,compact_grids,instance_00016,F1,
6323,imagegame,Qwen3.6-35B-A3B-FP8-without-reasoning,compact_grids,instance_00016,Main Score,
6324,imagegame,Qwen3.6-35B-A3B-FP8-without-reasoning,compact_grids,instance_00016,Average Changed Cell Count,
6325,imagegame,Qwen3.6-35B-A3B-FP8-without-reasoning,compact_grids,instance_00016,Average Generated Instruction Length,
6326,imagegame,Qwen3.6-35B-A3B-FP8-without-reasoning,compact_grids,instance_00016,Average Generated Expression Number of Tokens,
6327,imagegame,Qwen3.6-35B-A3B-FP8-without-reasoning,compact_grids,instance_00016,Success,0
6328,imagegame,Qwen3.6-35B-A3B-FP8-without-reasoning,compact_grids,instance_00016,Lose,0
6329,imagegame,Qwen3.6-35B-A3B-FP8-without-reasoning,compact_grids,instance_00016,Aborted,1
6330,imagegame,Qwen3.6-35B-A3B-FP8-without-reasoning,compact_grids,instance_00016,Request Count,99
6331,imagegame,Qwen3.6-35B-A3B-FP8-without-reasoning,compact_grids,instance_00016,Violated Request Count,1
6332,imagegame,Qwen3.6-35B-A3B-FP8-without-reasoning,compact_grids,instance_00016,Parsed Request Count,98
6333,imagegame,Qwen3.6-35B-A3B-FP8-without-reasoning,compact_grids,instance_00016,Request Success Ratio,0.9899
6334,imagegame,Qwen3.6-35B-A3B-FP8-without-reasoning,compact_grids,instance_00008,Precision,100.0
6335,imagegame,Qwen3.6-35B-A3B-FP8-without-reasoning,compact_grids,instance_00008,Recall,100.0
6336,imagegame,Qwen3.6-35B-A3B-FP8-without-reasoning,compact_grids,instance_00008,F1,100.0
6337,imagegame,Qwen3.6-35B-A3B-FP8-without-reasoning,compact_grids,instance_00008,Main Score,100.0
6338,imagegame,Qwen3.6-35B-A3B-FP8-without-reasoning,compact_grids,instance_00008,Average Changed Cell Count,1.0
6339,imagegame,Qwen3.6-35B-A3B-FP8-without-reasoning,compact_grids,instance_00008,Average Generated Instruction Length,38.1111
6340,imagegame,Qwen3.6-35B-A3B-FP8-without-reasoning,compact_grids,instance_00008,Average Generated Expression Number of Tokens,8.0
6341,imagegame,Qwen3.6-35B-A3B-FP8-without-reasoning,compact_grids,instance_00008,Success,1
6342,imagegame,Qwen3.6-35B-A3B-FP8-without-reasoning,compact_grids,instance_00008,Lose,0
6343,imagegame,Qwen3.6-35B-A3B-FP8-without-reasoning,compact_grids,instance_00008,Aborted,0
6344,imagegame,Qwen3.6-35B-A3B-FP8-without-reasoning,compact_grids,instance_00008,Request Count,56
6345,imagegame,Qwen3.6-35B-A3B-FP8-without-reasoning,compact_grids,instance_00008,Violated Request Count,0
6346,imagegame,Qwen3.6-35B-A3B-FP8-without-reasoning,compact_grids,instance_00008,Parsed Request Count,56
6347,imagegame,Qwen3.6-35B-A3B-FP8-without-reasoning,compact_grids,instance_00008,Request Success Ratio,1.0
6348,imagegame,Qwen3.6-35B-A3B-FP8-without-reasoning,compact_grids,instance_00001,Precision,100.0
6349,imagegame,Qwen3.6-35B-A3B-FP8-without-reasoning,compact_grids,instance_00001,Recall,100.0
6350,imagegame,Qwen3.6-35B-A3B-FP8-without-reasoning,compact_grids,instance_00001,F1,100.0
6351,imagegame,Qwen3.6-35B-A3B-FP8-without-reasoning,compact_grids,instance_00001,Main Score,100.0
6352,imagegame,Qwen3.6-35B-A3B-FP8-without-reasoning,compact_grids,instance_00001,Average Changed Cell Count,5.0
6353,imagegame,Qwen3.6-35B-A3B-FP8-without-reasoning,compact_grids,instance_00001,Average Generated Instruction Length,26.5
6354,imagegame,Qwen3.6-35B-A3B-FP8-without-reasoning,compact_grids,instance_00001,Average Generated Expression Number of Tokens,6.0
6355,imagegame,Qwen3.6-35B-A3B-FP8-without-reasoning,compact_grids,instance_00001,Success,1
6356,imagegame,Qwen3.6-35B-A3B-FP8-without-reasoning,compact_grids,instance_00001,Lose,0
6357,imagegame,Qwen3.6-35B-A3B-FP8-without-reasoning,compact_grids,instance_00001,Aborted,0
6358,imagegame,Qwen3.6-35B-A3B-FP8-without-reasoning,compact_grids,instance_00001,Request Count,14
6359,imagegame,Qwen3.6-35B-A3B-FP8-without-reasoning,compact_grids,instance_00001,Violated Request Count,0
6360,imagegame,Qwen3.6-35B-A3B-FP8-without-reasoning,compact_grids,instance_00001,Parsed Request Count,14
6361,imagegame,Qwen3.6-35B-A3B-FP8-without-reasoning,compact_grids,instance_00001,Request Success Ratio,1.0
6362,imagegame,Qwen3.6-35B-A3B-FP8-without-reasoning,compact_grids,instance_00006,Precision,100.0
6363,imagegame,Qwen3.6-35B-A3B-FP8-without-reasoning,compact_grids,instance_00006,Recall,100.0
6364,imagegame,Qwen3.6-35B-A3B-FP8-without-reasoning,compact_grids,instance_00006,F1,100.0
6365,imagegame,Qwen3.6-35B-A3B-FP8-without-reasoning,compact_grids,instance_00006,Main Score,100.0
6366,imagegame,Qwen3.6-35B-A3B-FP8-without-reasoning,compact_grids,instance_00006,Average Changed Cell Count,1.0
6367,imagegame,Qwen3.6-35B-A3B-FP8-without-reasoning,compact_grids,instance_00006,Average Generated Instruction Length,38.25
6368,imagegame,Qwen3.6-35B-A3B-FP8-without-reasoning,compact_grids,instance_00006,Average Generated Expression Number of Tokens,8.0
6369,imagegame,Qwen3.6-35B-A3B-FP8-without-reasoning,compact_grids,instance_00006,Success,1
6370,imagegame,Qwen3.6-35B-A3B-FP8-without-reasoning,compact_grids,instance_00006,Lose,0
6371,imagegame,Qwen3.6-35B-A3B-FP8-without-reasoning,compact_grids,instance_00006,Aborted,0
6372,imagegame,Qwen3.6-35B-A3B-FP8-without-reasoning,compact_grids,instance_00006,Request Count,50
6373,imagegame,Qwen3.6-35B-A3B-FP8-without-reasoning,compact_grids,instance_00006,Violated Request Count,0
6374,imagegame,Qwen3.6-35B-A3B-FP8-without-reasoning,compact_grids,instance_00006,Parsed Request Count,50
6375,imagegame,Qwen3.6-35B-A3B-FP8-without-reasoning,compact_grids,instance_00006,Request Success Ratio,1.0
6376,imagegame,Qwen3.6-35B-A3B-FP8-without-reasoning,compact_grids,instance_00007,Precision,100.0
6377,imagegame,Qwen3.6-35B-A3B-FP8-without-reasoning,compact_grids,instance_00007,Recall,100.0
6378,imagegame,Qwen3.6-35B-A3B-FP8-without-reasoning,compact_grids,instance_00007,F1,100.0
6379,imagegame,Qwen3.6-35B-A3B-FP8-without-reasoning,compact_grids,instance_00007,Main Score,100.0
6380,imagegame,Qwen3.6-35B-A3B-FP8-without-reasoning,compact_grids,instance_00007,Average Changed Cell Count,1.0
6381,imagegame,Qwen3.6-35B-A3B-FP8-without-reasoning,compact_grids,instance_00007,Average Generated Instruction Length,38.2
6382,imagegame,Qwen3.6-35B-A3B-FP8-without-reasoning,compact_grids,instance_00007,Average Generated Expression Number of Tokens,8.0
6383,imagegame,Qwen3.6-35B-A3B-FP8-without-reasoning,compact_grids,instance_00007,Success,1
6384,imagegame,Qwen3.6-35B-A3B-FP8-without-reasoning,compact_grids,instance_00007,Lose,0
6385,imagegame,Qwen3.6-35B-A3B-FP8-without-reasoning,compact_grids,instance_00007,Aborted,0
6386,imagegame,Qwen3.6-35B-A3B-FP8-without-reasoning,compact_grids,instance_00007,Request Count,92
6387,imagegame,Qwen3.6-35B-A3B-FP8-without-reasoning,compact_grids,instance_00007,Violated Request Count,0
6388,imagegame,Qwen3.6-35B-A3B-FP8-without-reasoning,compact_grids,instance_00007,Parsed Request Count,92
6389,imagegame,Qwen3.6-35B-A3B-FP8-without-reasoning,compact_grids,instance_00007,Request Success Ratio,1.0
6390,imagegame,Qwen3.6-35B-A3B-FP8-without-reasoning,compact_grids,instance_00000,Precision,100.0
6391,imagegame,Qwen3.6-35B-A3B-FP8-without-reasoning,compact_grids,instance_00000,Recall,100.0
6392,imagegame,Qwen3.6-35B-A3B-FP8-without-reasoning,compact_grids,instance_00000,F1,100.0
6393,imagegame,Qwen3.6-35B-A3B-FP8-without-reasoning,compact_grids,instance_00000,Main Score,100.0
6394,imagegame,Qwen3.6-35B-A3B-FP8-without-reasoning,compact_grids,instance_00000,Average Changed Cell Count,1.0
6395,imagegame,Qwen3.6-35B-A3B-FP8-without-reasoning,compact_grids,instance_00000,Average Generated Instruction Length,38.2
6396,imagegame,Qwen3.6-35B-A3B-FP8-without-reasoning,compact_grids,instance_00000,Average Generated Expression Number of Tokens,8.0
6397,imagegame,Qwen3.6-35B-A3B-FP8-without-reasoning,compact_grids,instance_00000,Success,1
6398,imagegame,Qwen3.6-35B-A3B-FP8-without-reasoning,compact_grids,instance_00000,Lose,0
6399,imagegame,Qwen3.6-35B-A3B-FP8-without-reasoning,compact_grids,instance_00000,Aborted,0
6400,imagegame,Qwen3.6-35B-A3B-FP8-without-reasoning,compact_grids,instance_00000,Request Count,32
6401,imagegame,Qwen3.6-35B-A3B-FP8-without-reasoning,compact_grids,instance_00000,Violated Request Count,0
6402,imagegame,Qwen3.6-35B-A3B-FP8-without-reasoning,compact_grids,instance_00000,Parsed Request Count,32
6403,imagegame,Qwen3.6-35B-A3B-FP8-without-reasoning,compact_grids,instance_00000,Request Success Ratio,1.0
6404,imagegame,Qwen3.6-35B-A3B-FP8-without-reasoning,compact_grids,instance_00009,Precision,
6405,imagegame,Qwen3.6-35B-A3B-FP8-without-reasoning,compact_grids,instance_00009,Recall,
6406,imagegame,Qwen3.6-35B-A3B-FP8-without-reasoning,compact_grids,instance_00009,F1,
6407,imagegame,Qwen3.6-35B-A3B-FP8-without-reasoning,compact_grids,instance_00009,Main Score,
6408,imagegame,Qwen3.6-35B-A3B-FP8-without-reasoning,compact_grids,instance_00009,Average Changed Cell Count,
6409,imagegame,Qwen3.6-35B-A3B-FP8-without-reasoning,compact_grids,instance_00009,Average Generated Instruction Length,
6410,imagegame,Qwen3.6-35B-A3B-FP8-without-reasoning,compact_grids,instance_00009,Average Generated Expression Number of Tokens,
6411,imagegame,Qwen3.6-35B-A3B-FP8-without-reasoning,compact_grids,instance_00009,Success,0
6412,imagegame,Qwen3.6-35B-A3B-FP8-without-reasoning,compact_grids,instance_00009,Lose,0
6413,imagegame,Qwen3.6-35B-A3B-FP8-without-reasoning,compact_grids,instance_00009,Aborted,1
6414,imagegame,Qwen3.6-35B-A3B-FP8-without-reasoning,compact_grids,instance_00009,Request Count,6
6415,imagegame,Qwen3.6-35B-A3B-FP8-without-reasoning,compact_grids,instance_00009,Violated Request Count,1
6416,imagegame,Qwen3.6-35B-A3B-FP8-without-reasoning,compact_grids,instance_00009,Parsed Request Count,5
6417,imagegame,Qwen3.6-35B-A3B-FP8-without-reasoning,compact_grids,instance_00009,Request Success Ratio,0.8333
6418,imagegame,Qwen3.6-35B-A3B-FP8-without-reasoning,compact_grids,instance_00013,Precision,100.0
6419,imagegame,Qwen3.6-35B-A3B-FP8-without-reasoning,compact_grids,instance_00013,Recall,100.0
6420,imagegame,Qwen3.6-35B-A3B-FP8-without-reasoning,compact_grids,instance_00013,F1,100.0
6421,imagegame,Qwen3.6-35B-A3B-FP8-without-reasoning,compact_grids,instance_00013,Main Score,100.0
6422,imagegame,Qwen3.6-35B-A3B-FP8-without-reasoning,compact_grids,instance_00013,Average Changed Cell Count,4.2
6423,imagegame,Qwen3.6-35B-A3B-FP8-without-reasoning,compact_grids,instance_00013,Average Generated Instruction Length,36.2
6424,imagegame,Qwen3.6-35B-A3B-FP8-without-reasoning,compact_grids,instance_00013,Average Generated Expression Number of Tokens,7.4
6425,imagegame,Qwen3.6-35B-A3B-FP8-without-reasoning,compact_grids,instance_00013,Success,1
6426,imagegame,Qwen3.6-35B-A3B-FP8-without-reasoning,compact_grids,instance_00013,Lose,0
6427,imagegame,Qwen3.6-35B-A3B-FP8-without-reasoning,compact_grids,instance_00013,Aborted,0
6428,imagegame,Qwen3.6-35B-A3B-FP8-without-reasoning,compact_grids,instance_00013,Request Count,32
6429,imagegame,Qwen3.6-35B-A3B-FP8-without-reasoning,compact_grids,instance_00013,Violated Request Count,0
6430,imagegame,Qwen3.6-35B-A3B-FP8-without-reasoning,compact_grids,instance_00013,Parsed Request Count,32
6431,imagegame,Qwen3.6-35B-A3B-FP8-without-reasoning,compact_grids,instance_00013,Request Success Ratio,1.0
6432,imagegame,Qwen3.6-35B-A3B-FP8-without-reasoning,compact_grids,instance_00014,Precision,100.0
6433,imagegame,Qwen3.6-35B-A3B-FP8-without-reasoning,compact_grids,instance_00014,Recall,100.0
6434,imagegame,Qwen3.6-35B-A3B-FP8-without-reasoning,compact_grids,instance_00014,F1,100.0
6435,imagegame,Qwen3.6-35B-A3B-FP8-without-reasoning,compact_grids,instance_00014,Main Score,100.0
6436,imagegame,Qwen3.6-35B-A3B-FP8-without-reasoning,compact_grids,instance_00014,Average Changed Cell Count,1.0
6437,imagegame,Qwen3.6-35B-A3B-FP8-without-reasoning,compact_grids,instance_00014,Average Generated Instruction Length,38.2
6438,imagegame,Qwen3.6-35B-A3B-FP8-without-reasoning,compact_grids,instance_00014,Average Generated Expression Number of Tokens,8.0
6439,imagegame,Qwen3.6-35B-A3B-FP8-without-reasoning,compact_grids,instance_00014,Success,1
6440,imagegame,Qwen3.6-35B-A3B-FP8-without-reasoning,compact_grids,instance_00014,Lose,0
6441,imagegame,Qwen3.6-35B-A3B-FP8-without-reasoning,compact_grids,instance_00014,Aborted,0
6442,imagegame,Qwen3.6-35B-A3B-FP8-without-reasoning,compact_grids,instance_00014,Request Count,32
6443,imagegame,Qwen3.6-35B-A3B-FP8-without-reasoning,compact_grids,instance_00014,Violated Request Count,0
6444,imagegame,Qwen3.6-35B-A3B-FP8-without-reasoning,compact_grids,instance_00014,Parsed Request Count,32
6445,imagegame,Qwen3.6-35B-A3B-FP8-without-reasoning,compact_grids,instance_00014,Request Success Ratio,1.0
6446,imagegame,Qwen3.6-35B-A3B-FP8-without-reasoning,compact_grids,instance_00015,Precision,100.0
6447,imagegame,Qwen3.6-35B-A3B-FP8-without-reasoning,compact_grids,instance_00015,Recall,100.0
6448,imagegame,Qwen3.6-35B-A3B-FP8-without-reasoning,compact_grids,instance_00015,F1,100.0
6449,imagegame,Qwen3.6-35B-A3B-FP8-without-reasoning,compact_grids,instance_00015,Main Score,100.0
6450,imagegame,Qwen3.6-35B-A3B-FP8-without-reasoning,compact_grids,instance_00015,Average Changed Cell Count,1.0
6451,imagegame,Qwen3.6-35B-A3B-FP8-without-reasoning,compact_grids,instance_00015,Average Generated Instruction Length,37.6667
6452,imagegame,Qwen3.6-35B-A3B-FP8-without-reasoning,compact_grids,instance_00015,Average Generated Expression Number of Tokens,8.0
6453,imagegame,Qwen3.6-35B-A3B-FP8-without-reasoning,compact_grids,instance_00015,Success,1
6454,imagegame,Qwen3.6-35B-A3B-FP8-without-reasoning,compact_grids,instance_00015,Lose,0
6455,imagegame,Qwen3.6-35B-A3B-FP8-without-reasoning,compact_grids,instance_00015,Aborted,0
6456,imagegame,Qwen3.6-35B-A3B-FP8-without-reasoning,compact_grids,instance_00015,Request Count,56
6457,imagegame,Qwen3.6-35B-A3B-FP8-without-reasoning,compact_grids,instance_00015,Violated Request Count,0
6458,imagegame,Qwen3.6-35B-A3B-FP8-without-reasoning,compact_grids,instance_00015,Parsed Request Count,56
6459,imagegame,Qwen3.6-35B-A3B-FP8-without-reasoning,compact_grids,instance_00015,Request Success Ratio,1.0
6460,imagegame,Qwen3.6-35B-A3B-FP8-without-reasoning,compact_grids,instance_00012,Precision,100.0
6461,imagegame,Qwen3.6-35B-A3B-FP8-without-reasoning,compact_grids,instance_00012,Recall,100.0
6462,imagegame,Qwen3.6-35B-A3B-FP8-without-reasoning,compact_grids,instance_00012,F1,100.0
6463,imagegame,Qwen3.6-35B-A3B-FP8-without-reasoning,compact_grids,instance_00012,Main Score,100.0
6464,imagegame,Qwen3.6-35B-A3B-FP8-without-reasoning,compact_grids,instance_00012,Average Changed Cell Count,1.0
6465,imagegame,Qwen3.6-35B-A3B-FP8-without-reasoning,compact_grids,instance_00012,Average Generated Instruction Length,38.2
6466,imagegame,Qwen3.6-35B-A3B-FP8-without-reasoning,compact_grids,instance_00012,Average Generated Expression Number of Tokens,8.0
6467,imagegame,Qwen3.6-35B-A3B-FP8-without-reasoning,compact_grids,instance_00012,Success,1
6468,imagegame,Qwen3.6-35B-A3B-FP8-without-reasoning,compact_grids,instance_00012,Lose,0
6469,imagegame,Qwen3.6-35B-A3B-FP8-without-reasoning,compact_grids,instance_00012,Aborted,0
6470,imagegame,Qwen3.6-35B-A3B-FP8-without-reasoning,compact_grids,instance_00012,Request Count,92
6471,imagegame,Qwen3.6-35B-A3B-FP8-without-reasoning,compact_grids,instance_00012,Violated Request Count,0
6472,imagegame,Qwen3.6-35B-A3B-FP8-without-reasoning,compact_grids,instance_00012,Parsed Request Count,92
6473,imagegame,Qwen3.6-35B-A3B-FP8-without-reasoning,compact_grids,instance_00012,Request Success Ratio,1.0
6474,codenames,Qwen3.6-35B-A3B-FP8-without-reasoning,opponent_difficult,instance_00005,experiment variable,Opponent Difficulty
6475,codenames,Qwen3.6-35B-A3B-FP8-without-reasoning,opponent_difficult,instance_00005,experiment name,opponent_difficult
6476,codenames,Qwen3.6-35B-A3B-FP8-without-reasoning,opponent_difficult,instance_00005,Cluegiver strip words,0
6477,codenames,Qwen3.6-35B-A3B-FP8-without-reasoning,opponent_difficult,instance_00005,Guesser strip words,0
6478,codenames,Qwen3.6-35B-A3B-FP8-without-reasoning,opponent_difficult,instance_00005,Average Cluegiver Number of Targets,0
6479,codenames,Qwen3.6-35B-A3B-FP8-without-reasoning,opponent_difficult,instance_00005,Average Cluegiver Team Precision,0
6480,codenames,Qwen3.6-35B-A3B-FP8-without-reasoning,opponent_difficult,instance_00005,Average Cluegiver Team Recall,0.0
6481,codenames,Qwen3.6-35B-A3B-FP8-without-reasoning,opponent_difficult,instance_00005,Average Cluegiver Team F1,0
6482,codenames,Qwen3.6-35B-A3B-FP8-without-reasoning,opponent_difficult,instance_00005,Average Guesser Number of Guesses,0
6483,codenames,Qwen3.6-35B-A3B-FP8-without-reasoning,opponent_difficult,instance_00005,Average Guesser Number of Revealed Words,0
6484,codenames,Qwen3.6-35B-A3B-FP8-without-reasoning,opponent_difficult,instance_00005,Average Guesser Number of Unrevealed Guesses,0
6485,codenames,Qwen3.6-35B-A3B-FP8-without-reasoning,opponent_difficult,instance_00005,Average Guesser Target Precision,0
6486,codenames,Qwen3.6-35B-A3B-FP8-without-reasoning,opponent_difficult,instance_00005,Average Guesser Target Recall,0
6487,codenames,Qwen3.6-35B-A3B-FP8-without-reasoning,opponent_difficult,instance_00005,Average Guesser Target F1,0
6488,codenames,Qwen3.6-35B-A3B-FP8-without-reasoning,opponent_difficult,instance_00005,Average Guesser Team Precision,0
6489,codenames,Qwen3.6-35B-A3B-FP8-without-reasoning,opponent_difficult,instance_00005,Average Guesser Team Recall,0.0
6490,codenames,Qwen3.6-35B-A3B-FP8-without-reasoning,opponent_difficult,instance_00005,Average Guesser Team F1,0
6491,codenames,Qwen3.6-35B-A3B-FP8-without-reasoning,opponent_difficult,instance_00005,Aborted,1
6492,codenames,Qwen3.6-35B-A3B-FP8-without-reasoning,opponent_difficult,instance_00005,Lose,0
6493,codenames,Qwen3.6-35B-A3B-FP8-without-reasoning,opponent_difficult,instance_00005,Success,0
6494,codenames,Qwen3.6-35B-A3B-FP8-without-reasoning,opponent_difficult,instance_00005,Game ended through assassin,0
6495,codenames,Qwen3.6-35B-A3B-FP8-without-reasoning,opponent_difficult,instance_00005,Episode Recall,0.0
6496,codenames,Qwen3.6-35B-A3B-FP8-without-reasoning,opponent_difficult,instance_00005,Episode Negative Recall,1.0
6497,codenames,Qwen3.6-35B-A3B-FP8-without-reasoning,opponent_difficult,instance_00005,Number of turns,1
6498,codenames,Qwen3.6-35B-A3B-FP8-without-reasoning,opponent_difficult,instance_00005,Efficiency,0.0
6499,codenames,Qwen3.6-35B-A3B-FP8-without-reasoning,opponent_difficult,instance_00005,Request Count,1
6500,codenames,Qwen3.6-35B-A3B-FP8-without-reasoning,opponent_difficult,instance_00005,Parsed Request Count,0
6501,codenames,Qwen3.6-35B-A3B-FP8-without-reasoning,opponent_difficult,instance_00005,Violated Request Count,1
6502,codenames,Qwen3.6-35B-A3B-FP8-without-reasoning,opponent_difficult,instance_00005,Request Success Ratio,0.0
6503,codenames,Qwen3.6-35B-A3B-FP8-without-reasoning,opponent_difficult,instance_00005,Main Score,
6504,codenames,Qwen3.6-35B-A3B-FP8-without-reasoning,opponent_difficult,instance_00002,experiment variable,Opponent Difficulty
6505,codenames,Qwen3.6-35B-A3B-FP8-without-reasoning,opponent_difficult,instance_00002,experiment name,opponent_difficult
6506,codenames,Qwen3.6-35B-A3B-FP8-without-reasoning,opponent_difficult,instance_00002,Cluegiver strip words,0
6507,codenames,Qwen3.6-35B-A3B-FP8-without-reasoning,opponent_difficult,instance_00002,Guesser strip words,0
6508,codenames,Qwen3.6-35B-A3B-FP8-without-reasoning,opponent_difficult,instance_00002,Average Cluegiver Number of Targets,0
6509,codenames,Qwen3.6-35B-A3B-FP8-without-reasoning,opponent_difficult,instance_00002,Average Cluegiver Team Precision,0
6510,codenames,Qwen3.6-35B-A3B-FP8-without-reasoning,opponent_difficult,instance_00002,Average Cluegiver Team Recall,0.0
6511,codenames,Qwen3.6-35B-A3B-FP8-without-reasoning,opponent_difficult,instance_00002,Average Cluegiver Team F1,0
6512,codenames,Qwen3.6-35B-A3B-FP8-without-reasoning,opponent_difficult,instance_00002,Average Guesser Number of Guesses,0
6513,codenames,Qwen3.6-35B-A3B-FP8-without-reasoning,opponent_difficult,instance_00002,Average Guesser Number of Revealed Words,0
6514,codenames,Qwen3.6-35B-A3B-FP8-without-reasoning,opponent_difficult,instance_00002,Average Guesser Number of Unrevealed Guesses,0
6515,codenames,Qwen3.6-35B-A3B-FP8-without-reasoning,opponent_difficult,instance_00002,Average Guesser Target Precision,0
6516,codenames,Qwen3.6-35B-A3B-FP8-without-reasoning,opponent_difficult,instance_00002,Average Guesser Target Recall,0
6517,codenames,Qwen3.6-35B-A3B-FP8-without-reasoning,opponent_difficult,instance_00002,Average Guesser Target F1,0
6518,codenames,Qwen3.6-35B-A3B-FP8-without-reasoning,opponent_difficult,instance_00002,Average Guesser Team Precision,0
6519,codenames,Qwen3.6-35B-A3B-FP8-without-reasoning,opponent_difficult,instance_00002,Average Guesser Team Recall,0.0
6520,codenames,Qwen3.6-35B-A3B-FP8-without-reasoning,opponent_difficult,instance_00002,Average Guesser Team F1,0
6521,codenames,Qwen3.6-35B-A3B-FP8-without-reasoning,opponent_difficult,instance_00002,Aborted,1
6522,codenames,Qwen3.6-35B-A3B-FP8-without-reasoning,opponent_difficult,instance_00002,Lose,0
6523,codenames,Qwen3.6-35B-A3B-FP8-without-reasoning,opponent_difficult,instance_00002,Success,0
6524,codenames,Qwen3.6-35B-A3B-FP8-without-reasoning,opponent_difficult,instance_00002,Game ended through assassin,0
6525,codenames,Qwen3.6-35B-A3B-FP8-without-reasoning,opponent_difficult,instance_00002,Episode Recall,0.0
6526,codenames,Qwen3.6-35B-A3B-FP8-without-reasoning,opponent_difficult,instance_00002,Episode Negative Recall,1.0
6527,codenames,Qwen3.6-35B-A3B-FP8-without-reasoning,opponent_difficult,instance_00002,Number of turns,1
6528,codenames,Qwen3.6-35B-A3B-FP8-without-reasoning,opponent_difficult,instance_00002,Efficiency,0.0
6529,codenames,Qwen3.6-35B-A3B-FP8-without-reasoning,opponent_difficult,instance_00002,Request Count,1
6530,codenames,Qwen3.6-35B-A3B-FP8-without-reasoning,opponent_difficult,instance_00002,Parsed Request Count,0
6531,codenames,Qwen3.6-35B-A3B-FP8-without-reasoning,opponent_difficult,instance_00002,Violated Request Count,1
6532,codenames,Qwen3.6-35B-A3B-FP8-without-reasoning,opponent_difficult,instance_00002,Request Success Ratio,0.0
6533,codenames,Qwen3.6-35B-A3B-FP8-without-reasoning,opponent_difficult,instance_00002,Main Score,
6534,codenames,Qwen3.6-35B-A3B-FP8-without-reasoning,opponent_difficult,instance_00003,experiment variable,Opponent Difficulty
6535,codenames,Qwen3.6-35B-A3B-FP8-without-reasoning,opponent_difficult,instance_00003,experiment name,opponent_difficult
6536,codenames,Qwen3.6-35B-A3B-FP8-without-reasoning,opponent_difficult,instance_00003,Cluegiver strip words,0
6537,codenames,Qwen3.6-35B-A3B-FP8-without-reasoning,opponent_difficult,instance_00003,Guesser strip words,0
6538,codenames,Qwen3.6-35B-A3B-FP8-without-reasoning,opponent_difficult,instance_00003,Average Cluegiver Number of Targets,0
6539,codenames,Qwen3.6-35B-A3B-FP8-without-reasoning,opponent_difficult,instance_00003,Average Cluegiver Team Precision,0
6540,codenames,Qwen3.6-35B-A3B-FP8-without-reasoning,opponent_difficult,instance_00003,Average Cluegiver Team Recall,0.0
6541,codenames,Qwen3.6-35B-A3B-FP8-without-reasoning,opponent_difficult,instance_00003,Average Cluegiver Team F1,0
6542,codenames,Qwen3.6-35B-A3B-FP8-without-reasoning,opponent_difficult,instance_00003,Average Guesser Number of Guesses,0
6543,codenames,Qwen3.6-35B-A3B-FP8-without-reasoning,opponent_difficult,instance_00003,Average Guesser Number of Revealed Words,0
6544,codenames,Qwen3.6-35B-A3B-FP8-without-reasoning,opponent_difficult,instance_00003,Average Guesser Number of Unrevealed Guesses,0
6545,codenames,Qwen3.6-35B-A3B-FP8-without-reasoning,opponent_difficult,instance_00003,Average Guesser Target Precision,0
6546,codenames,Qwen3.6-35B-A3B-FP8-without-reasoning,opponent_difficult,instance_00003,Average Guesser Target Recall,0
6547,codenames,Qwen3.6-35B-A3B-FP8-without-reasoning,opponent_difficult,instance_00003,Average Guesser Target F1,0
6548,codenames,Qwen3.6-35B-A3B-FP8-without-reasoning,opponent_difficult,instance_00003,Average Guesser Team Precision,0
6549,codenames,Qwen3.6-35B-A3B-FP8-without-reasoning,opponent_difficult,instance_00003,Average Guesser Team Recall,0.0
6550,codenames,Qwen3.6-35B-A3B-FP8-without-reasoning,opponent_difficult,instance_00003,Average Guesser Team F1,0
6551,codenames,Qwen3.6-35B-A3B-FP8-without-reasoning,opponent_difficult,instance_00003,Aborted,1
6552,codenames,Qwen3.6-35B-A3B-FP8-without-reasoning,opponent_difficult,instance_00003,Lose,0
6553,codenames,Qwen3.6-35B-A3B-FP8-without-reasoning,opponent_difficult,instance_00003,Success,0
6554,codenames,Qwen3.6-35B-A3B-FP8-without-reasoning,opponent_difficult,instance_00003,Game ended through assassin,0
6555,codenames,Qwen3.6-35B-A3B-FP8-without-reasoning,opponent_difficult,instance_00003,Episode Recall,0.0
6556,codenames,Qwen3.6-35B-A3B-FP8-without-reasoning,opponent_difficult,instance_00003,Episode Negative Recall,1.0
6557,codenames,Qwen3.6-35B-A3B-FP8-without-reasoning,opponent_difficult,instance_00003,Number of turns,1
6558,codenames,Qwen3.6-35B-A3B-FP8-without-reasoning,opponent_difficult,instance_00003,Efficiency,0.0
6559,codenames,Qwen3.6-35B-A3B-FP8-without-reasoning,opponent_difficult,instance_00003,Request Count,1
6560,codenames,Qwen3.6-35B-A3B-FP8-without-reasoning,opponent_difficult,instance_00003,Parsed Request Count,0
6561,codenames,Qwen3.6-35B-A3B-FP8-without-reasoning,opponent_difficult,instance_00003,Violated Request Count,1
6562,codenames,Qwen3.6-35B-A3B-FP8-without-reasoning,opponent_difficult,instance_00003,Request Success Ratio,0.0
6563,codenames,Qwen3.6-35B-A3B-FP8-without-reasoning,opponent_difficult,instance_00003,Main Score,
6564,codenames,Qwen3.6-35B-A3B-FP8-without-reasoning,opponent_difficult,instance_00004,experiment variable,Opponent Difficulty
6565,codenames,Qwen3.6-35B-A3B-FP8-without-reasoning,opponent_difficult,instance_00004,experiment name,opponent_difficult
6566,codenames,Qwen3.6-35B-A3B-FP8-without-reasoning,opponent_difficult,instance_00004,Cluegiver strip words,0
6567,codenames,Qwen3.6-35B-A3B-FP8-without-reasoning,opponent_difficult,instance_00004,Guesser strip words,0
6568,codenames,Qwen3.6-35B-A3B-FP8-without-reasoning,opponent_difficult,instance_00004,Average Cluegiver Number of Targets,0
6569,codenames,Qwen3.6-35B-A3B-FP8-without-reasoning,opponent_difficult,instance_00004,Average Cluegiver Team Precision,0
6570,codenames,Qwen3.6-35B-A3B-FP8-without-reasoning,opponent_difficult,instance_00004,Average Cluegiver Team Recall,0.0
6571,codenames,Qwen3.6-35B-A3B-FP8-without-reasoning,opponent_difficult,instance_00004,Average Cluegiver Team F1,0
6572,codenames,Qwen3.6-35B-A3B-FP8-without-reasoning,opponent_difficult,instance_00004,Average Guesser Number of Guesses,0
6573,codenames,Qwen3.6-35B-A3B-FP8-without-reasoning,opponent_difficult,instance_00004,Average Guesser Number of Revealed Words,0
6574,codenames,Qwen3.6-35B-A3B-FP8-without-reasoning,opponent_difficult,instance_00004,Average Guesser Number of Unrevealed Guesses,0
6575,codenames,Qwen3.6-35B-A3B-FP8-without-reasoning,opponent_difficult,instance_00004,Average Guesser Target Precision,0
6576,codenames,Qwen3.6-35B-A3B-FP8-without-reasoning,opponent_difficult,instance_00004,Average Guesser Target Recall,0
6577,codenames,Qwen3.6-35B-A3B-FP8-without-reasoning,opponent_difficult,instance_00004,Average Guesser Target F1,0
6578,codenames,Qwen3.6-35B-A3B-FP8-without-reasoning,opponent_difficult,instance_00004,Average Guesser Team Precision,0
6579,codenames,Qwen3.6-35B-A3B-FP8-without-reasoning,opponent_difficult,instance_00004,Average Guesser Team Recall,0.0
6580,codenames,Qwen3.6-35B-A3B-FP8-without-reasoning,opponent_difficult,instance_00004,Average Guesser Team F1,0
6581,codenames,Qwen3.6-35B-A3B-FP8-without-reasoning,opponent_difficult,instance_00004,Aborted,1
6582,codenames,Qwen3.6-35B-A3B-FP8-without-reasoning,opponent_difficult,instance_00004,Lose,0
6583,codenames,Qwen3.6-35B-A3B-FP8-without-reasoning,opponent_difficult,instance_00004,Success,0
6584,codenames,Qwen3.6-35B-A3B-FP8-without-reasoning,opponent_difficult,instance_00004,Game ended through assassin,0
6585,codenames,Qwen3.6-35B-A3B-FP8-without-reasoning,opponent_difficult,instance_00004,Episode Recall,0.0
6586,codenames,Qwen3.6-35B-A3B-FP8-without-reasoning,opponent_difficult,instance_00004,Episode Negative Recall,1.0
6587,codenames,Qwen3.6-35B-A3B-FP8-without-reasoning,opponent_difficult,instance_00004,Number of turns,1
6588,codenames,Qwen3.6-35B-A3B-FP8-without-reasoning,opponent_difficult,instance_00004,Efficiency,0.0
6589,codenames,Qwen3.6-35B-A3B-FP8-without-reasoning,opponent_difficult,instance_00004,Request Count,1
6590,codenames,Qwen3.6-35B-A3B-FP8-without-reasoning,opponent_difficult,instance_00004,Parsed Request Count,0
6591,codenames,Qwen3.6-35B-A3B-FP8-without-reasoning,opponent_difficult,instance_00004,Violated Request Count,1
6592,codenames,Qwen3.6-35B-A3B-FP8-without-reasoning,opponent_difficult,instance_00004,Request Success Ratio,0.0
6593,codenames,Qwen3.6-35B-A3B-FP8-without-reasoning,opponent_difficult,instance_00004,Main Score,
6594,codenames,Qwen3.6-35B-A3B-FP8-without-reasoning,opponent_difficult,instance_00008,experiment variable,Opponent Difficulty
6595,codenames,Qwen3.6-35B-A3B-FP8-without-reasoning,opponent_difficult,instance_00008,experiment name,opponent_difficult
6596,codenames,Qwen3.6-35B-A3B-FP8-without-reasoning,opponent_difficult,instance_00008,Cluegiver strip words,0
6597,codenames,Qwen3.6-35B-A3B-FP8-without-reasoning,opponent_difficult,instance_00008,Guesser strip words,0
6598,codenames,Qwen3.6-35B-A3B-FP8-without-reasoning,opponent_difficult,instance_00008,Average Cluegiver Number of Targets,0
6599,codenames,Qwen3.6-35B-A3B-FP8-without-reasoning,opponent_difficult,instance_00008,Average Cluegiver Team Precision,0
6600,codenames,Qwen3.6-35B-A3B-FP8-without-reasoning,opponent_difficult,instance_00008,Average Cluegiver Team Recall,0.0
6601,codenames,Qwen3.6-35B-A3B-FP8-without-reasoning,opponent_difficult,instance_00008,Average Cluegiver Team F1,0
6602,codenames,Qwen3.6-35B-A3B-FP8-without-reasoning,opponent_difficult,instance_00008,Average Guesser Number of Guesses,0
6603,codenames,Qwen3.6-35B-A3B-FP8-without-reasoning,opponent_difficult,instance_00008,Average Guesser Number of Revealed Words,0
6604,codenames,Qwen3.6-35B-A3B-FP8-without-reasoning,opponent_difficult,instance_00008,Average Guesser Number of Unrevealed Guesses,0
6605,codenames,Qwen3.6-35B-A3B-FP8-without-reasoning,opponent_difficult,instance_00008,Average Guesser Target Precision,0
6606,codenames,Qwen3.6-35B-A3B-FP8-without-reasoning,opponent_difficult,instance_00008,Average Guesser Target Recall,0
6607,codenames,Qwen3.6-35B-A3B-FP8-without-reasoning,opponent_difficult,instance_00008,Average Guesser Target F1,0
6608,codenames,Qwen3.6-35B-A3B-FP8-without-reasoning,opponent_difficult,instance_00008,Average Guesser Team Precision,0
6609,codenames,Qwen3.6-35B-A3B-FP8-without-reasoning,opponent_difficult,instance_00008,Average Guesser Team Recall,0.0
6610,codenames,Qwen3.6-35B-A3B-FP8-without-reasoning,opponent_difficult,instance_00008,Average Guesser Team F1,0
6611,codenames,Qwen3.6-35B-A3B-FP8-without-reasoning,opponent_difficult,instance_00008,Aborted,1
6612,codenames,Qwen3.6-35B-A3B-FP8-without-reasoning,opponent_difficult,instance_00008,Lose,0
6613,codenames,Qwen3.6-35B-A3B-FP8-without-reasoning,opponent_difficult,instance_00008,Success,0
6614,codenames,Qwen3.6-35B-A3B-FP8-without-reasoning,opponent_difficult,instance_00008,Game ended through assassin,0
6615,codenames,Qwen3.6-35B-A3B-FP8-without-reasoning,opponent_difficult,instance_00008,Episode Recall,0.0
6616,codenames,Qwen3.6-35B-A3B-FP8-without-reasoning,opponent_difficult,instance_00008,Episode Negative Recall,1.0
6617,codenames,Qwen3.6-35B-A3B-FP8-without-reasoning,opponent_difficult,instance_00008,Number of turns,1
6618,codenames,Qwen3.6-35B-A3B-FP8-without-reasoning,opponent_difficult,instance_00008,Efficiency,0.0
6619,codenames,Qwen3.6-35B-A3B-FP8-without-reasoning,opponent_difficult,instance_00008,Request Count,1
6620,codenames,Qwen3.6-35B-A3B-FP8-without-reasoning,opponent_difficult,instance_00008,Parsed Request Count,0
6621,codenames,Qwen3.6-35B-A3B-FP8-without-reasoning,opponent_difficult,instance_00008,Violated Request Count,1
6622,codenames,Qwen3.6-35B-A3B-FP8-without-reasoning,opponent_difficult,instance_00008,Request Success Ratio,0.0
6623,codenames,Qwen3.6-35B-A3B-FP8-without-reasoning,opponent_difficult,instance_00008,Main Score,
6624,codenames,Qwen3.6-35B-A3B-FP8-without-reasoning,opponent_difficult,instance_00001,experiment variable,Opponent Difficulty
6625,codenames,Qwen3.6-35B-A3B-FP8-without-reasoning,opponent_difficult,instance_00001,experiment name,opponent_difficult
6626,codenames,Qwen3.6-35B-A3B-FP8-without-reasoning,opponent_difficult,instance_00001,Cluegiver strip words,0
6627,codenames,Qwen3.6-35B-A3B-FP8-without-reasoning,opponent_difficult,instance_00001,Guesser strip words,0
6628,codenames,Qwen3.6-35B-A3B-FP8-without-reasoning,opponent_difficult,instance_00001,Average Cluegiver Number of Targets,0
6629,codenames,Qwen3.6-35B-A3B-FP8-without-reasoning,opponent_difficult,instance_00001,Average Cluegiver Team Precision,0
6630,codenames,Qwen3.6-35B-A3B-FP8-without-reasoning,opponent_difficult,instance_00001,Average Cluegiver Team Recall,0.0
6631,codenames,Qwen3.6-35B-A3B-FP8-without-reasoning,opponent_difficult,instance_00001,Average Cluegiver Team F1,0
6632,codenames,Qwen3.6-35B-A3B-FP8-without-reasoning,opponent_difficult,instance_00001,Average Guesser Number of Guesses,0
6633,codenames,Qwen3.6-35B-A3B-FP8-without-reasoning,opponent_difficult,instance_00001,Average Guesser Number of Revealed Words,0
6634,codenames,Qwen3.6-35B-A3B-FP8-without-reasoning,opponent_difficult,instance_00001,Average Guesser Number of Unrevealed Guesses,0
6635,codenames,Qwen3.6-35B-A3B-FP8-without-reasoning,opponent_difficult,instance_00001,Average Guesser Target Precision,0
6636,codenames,Qwen3.6-35B-A3B-FP8-without-reasoning,opponent_difficult,instance_00001,Average Guesser Target Recall,0
6637,codenames,Qwen3.6-35B-A3B-FP8-without-reasoning,opponent_difficult,instance_00001,Average Guesser Target F1,0
6638,codenames,Qwen3.6-35B-A3B-FP8-without-reasoning,opponent_difficult,instance_00001,Average Guesser Team Precision,0
6639,codenames,Qwen3.6-35B-A3B-FP8-without-reasoning,opponent_difficult,instance_00001,Average Guesser Team Recall,0.0
6640,codenames,Qwen3.6-35B-A3B-FP8-without-reasoning,opponent_difficult,instance_00001,Average Guesser Team F1,0
6641,codenames,Qwen3.6-35B-A3B-FP8-without-reasoning,opponent_difficult,instance_00001,Aborted,1
6642,codenames,Qwen3.6-35B-A3B-FP8-without-reasoning,opponent_difficult,instance_00001,Lose,0
6643,codenames,Qwen3.6-35B-A3B-FP8-without-reasoning,opponent_difficult,instance_00001,Success,0
6644,codenames,Qwen3.6-35B-A3B-FP8-without-reasoning,opponent_difficult,instance_00001,Game ended through assassin,0
6645,codenames,Qwen3.6-35B-A3B-FP8-without-reasoning,opponent_difficult,instance_00001,Episode Recall,0.0
6646,codenames,Qwen3.6-35B-A3B-FP8-without-reasoning,opponent_difficult,instance_00001,Episode Negative Recall,1.0
6647,codenames,Qwen3.6-35B-A3B-FP8-without-reasoning,opponent_difficult,instance_00001,Number of turns,1
6648,codenames,Qwen3.6-35B-A3B-FP8-without-reasoning,opponent_difficult,instance_00001,Efficiency,0.0
6649,codenames,Qwen3.6-35B-A3B-FP8-without-reasoning,opponent_difficult,instance_00001,Request Count,1
6650,codenames,Qwen3.6-35B-A3B-FP8-without-reasoning,opponent_difficult,instance_00001,Parsed Request Count,0
6651,codenames,Qwen3.6-35B-A3B-FP8-without-reasoning,opponent_difficult,instance_00001,Violated Request Count,1
6652,codenames,Qwen3.6-35B-A3B-FP8-without-reasoning,opponent_difficult,instance_00001,Request Success Ratio,0.0
6653,codenames,Qwen3.6-35B-A3B-FP8-without-reasoning,opponent_difficult,instance_00001,Main Score,
6654,codenames,Qwen3.6-35B-A3B-FP8-without-reasoning,opponent_difficult,instance_00006,experiment variable,Opponent Difficulty
6655,codenames,Qwen3.6-35B-A3B-FP8-without-reasoning,opponent_difficult,instance_00006,experiment name,opponent_difficult
6656,codenames,Qwen3.6-35B-A3B-FP8-without-reasoning,opponent_difficult,instance_00006,Cluegiver strip words,0
6657,codenames,Qwen3.6-35B-A3B-FP8-without-reasoning,opponent_difficult,instance_00006,Guesser strip words,0
6658,codenames,Qwen3.6-35B-A3B-FP8-without-reasoning,opponent_difficult,instance_00006,Average Cluegiver Number of Targets,0
6659,codenames,Qwen3.6-35B-A3B-FP8-without-reasoning,opponent_difficult,instance_00006,Average Cluegiver Team Precision,0
6660,codenames,Qwen3.6-35B-A3B-FP8-without-reasoning,opponent_difficult,instance_00006,Average Cluegiver Team Recall,0.0
6661,codenames,Qwen3.6-35B-A3B-FP8-without-reasoning,opponent_difficult,instance_00006,Average Cluegiver Team F1,0
6662,codenames,Qwen3.6-35B-A3B-FP8-without-reasoning,opponent_difficult,instance_00006,Average Guesser Number of Guesses,0
6663,codenames,Qwen3.6-35B-A3B-FP8-without-reasoning,opponent_difficult,instance_00006,Average Guesser Number of Revealed Words,0
6664,codenames,Qwen3.6-35B-A3B-FP8-without-reasoning,opponent_difficult,instance_00006,Average Guesser Number of Unrevealed Guesses,0
6665,codenames,Qwen3.6-35B-A3B-FP8-without-reasoning,opponent_difficult,instance_00006,Average Guesser Target Precision,0
6666,codenames,Qwen3.6-35B-A3B-FP8-without-reasoning,opponent_difficult,instance_00006,Average Guesser Target Recall,0
6667,codenames,Qwen3.6-35B-A3B-FP8-without-reasoning,opponent_difficult,instance_00006,Average Guesser Target F1,0
6668,codenames,Qwen3.6-35B-A3B-FP8-without-reasoning,opponent_difficult,instance_00006,Average Guesser Team Precision,0
6669,codenames,Qwen3.6-35B-A3B-FP8-without-reasoning,opponent_difficult,instance_00006,Average Guesser Team Recall,0.0
6670,codenames,Qwen3.6-35B-A3B-FP8-without-reasoning,opponent_difficult,instance_00006,Average Guesser Team F1,0
6671,codenames,Qwen3.6-35B-A3B-FP8-without-reasoning,opponent_difficult,instance_00006,Aborted,1
6672,codenames,Qwen3.6-35B-A3B-FP8-without-reasoning,opponent_difficult,instance_00006,Lose,0
6673,codenames,Qwen3.6-35B-A3B-FP8-without-reasoning,opponent_difficult,instance_00006,Success,0
6674,codenames,Qwen3.6-35B-A3B-FP8-without-reasoning,opponent_difficult,instance_00006,Game ended through assassin,0
6675,codenames,Qwen3.6-35B-A3B-FP8-without-reasoning,opponent_difficult,instance_00006,Episode Recall,0.0
6676,codenames,Qwen3.6-35B-A3B-FP8-without-reasoning,opponent_difficult,instance_00006,Episode Negative Recall,1.0
6677,codenames,Qwen3.6-35B-A3B-FP8-without-reasoning,opponent_difficult,instance_00006,Number of turns,1
6678,codenames,Qwen3.6-35B-A3B-FP8-without-reasoning,opponent_difficult,instance_00006,Efficiency,0.0
6679,codenames,Qwen3.6-35B-A3B-FP8-without-reasoning,opponent_difficult,instance_00006,Request Count,1
6680,codenames,Qwen3.6-35B-A3B-FP8-without-reasoning,opponent_difficult,instance_00006,Parsed Request Count,0
6681,codenames,Qwen3.6-35B-A3B-FP8-without-reasoning,opponent_difficult,instance_00006,Violated Request Count,1
6682,codenames,Qwen3.6-35B-A3B-FP8-without-reasoning,opponent_difficult,instance_00006,Request Success Ratio,0.0
6683,codenames,Qwen3.6-35B-A3B-FP8-without-reasoning,opponent_difficult,instance_00006,Main Score,
6684,codenames,Qwen3.6-35B-A3B-FP8-without-reasoning,opponent_difficult,instance_00007,experiment variable,Opponent Difficulty
6685,codenames,Qwen3.6-35B-A3B-FP8-without-reasoning,opponent_difficult,instance_00007,experiment name,opponent_difficult
6686,codenames,Qwen3.6-35B-A3B-FP8-without-reasoning,opponent_difficult,instance_00007,Cluegiver strip words,0
6687,codenames,Qwen3.6-35B-A3B-FP8-without-reasoning,opponent_difficult,instance_00007,Guesser strip words,0
6688,codenames,Qwen3.6-35B-A3B-FP8-without-reasoning,opponent_difficult,instance_00007,Average Cluegiver Number of Targets,0
6689,codenames,Qwen3.6-35B-A3B-FP8-without-reasoning,opponent_difficult,instance_00007,Average Cluegiver Team Precision,0
6690,codenames,Qwen3.6-35B-A3B-FP8-without-reasoning,opponent_difficult,instance_00007,Average Cluegiver Team Recall,0.0
6691,codenames,Qwen3.6-35B-A3B-FP8-without-reasoning,opponent_difficult,instance_00007,Average Cluegiver Team F1,0
6692,codenames,Qwen3.6-35B-A3B-FP8-without-reasoning,opponent_difficult,instance_00007,Average Guesser Number of Guesses,0
6693,codenames,Qwen3.6-35B-A3B-FP8-without-reasoning,opponent_difficult,instance_00007,Average Guesser Number of Revealed Words,0
6694,codenames,Qwen3.6-35B-A3B-FP8-without-reasoning,opponent_difficult,instance_00007,Average Guesser Number of Unrevealed Guesses,0
6695,codenames,Qwen3.6-35B-A3B-FP8-without-reasoning,opponent_difficult,instance_00007,Average Guesser Target Precision,0
6696,codenames,Qwen3.6-35B-A3B-FP8-without-reasoning,opponent_difficult,instance_00007,Average Guesser Target Recall,0
6697,codenames,Qwen3.6-35B-A3B-FP8-without-reasoning,opponent_difficult,instance_00007,Average Guesser Target F1,0
6698,codenames,Qwen3.6-35B-A3B-FP8-without-reasoning,opponent_difficult,instance_00007,Average Guesser Team Precision,0
6699,codenames,Qwen3.6-35B-A3B-FP8-without-reasoning,opponent_difficult,instance_00007,Average Guesser Team Recall,0.0
6700,codenames,Qwen3.6-35B-A3B-FP8-without-reasoning,opponent_difficult,instance_00007,Average Guesser Team F1,0
6701,codenames,Qwen3.6-35B-A3B-FP8-without-reasoning,opponent_difficult,instance_00007,Aborted,1
6702,codenames,Qwen3.6-35B-A3B-FP8-without-reasoning,opponent_difficult,instance_00007,Lose,0
6703,codenames,Qwen3.6-35B-A3B-FP8-without-reasoning,opponent_difficult,instance_00007,Success,0
6704,codenames,Qwen3.6-35B-A3B-FP8-without-reasoning,opponent_difficult,instance_00007,Game ended through assassin,0
6705,codenames,Qwen3.6-35B-A3B-FP8-without-reasoning,opponent_difficult,instance_00007,Episode Recall,0.0
6706,codenames,Qwen3.6-35B-A3B-FP8-without-reasoning,opponent_difficult,instance_00007,Episode Negative Recall,1.0
6707,codenames,Qwen3.6-35B-A3B-FP8-without-reasoning,opponent_difficult,instance_00007,Number of turns,1
6708,codenames,Qwen3.6-35B-A3B-FP8-without-reasoning,opponent_difficult,instance_00007,Efficiency,0.0
6709,codenames,Qwen3.6-35B-A3B-FP8-without-reasoning,opponent_difficult,instance_00007,Request Count,1
6710,codenames,Qwen3.6-35B-A3B-FP8-without-reasoning,opponent_difficult,instance_00007,Parsed Request Count,0
6711,codenames,Qwen3.6-35B-A3B-FP8-without-reasoning,opponent_difficult,instance_00007,Violated Request Count,1
6712,codenames,Qwen3.6-35B-A3B-FP8-without-reasoning,opponent_difficult,instance_00007,Request Success Ratio,0.0
6713,codenames,Qwen3.6-35B-A3B-FP8-without-reasoning,opponent_difficult,instance_00007,Main Score,
6714,codenames,Qwen3.6-35B-A3B-FP8-without-reasoning,opponent_difficult,instance_00000,experiment variable,Opponent Difficulty
6715,codenames,Qwen3.6-35B-A3B-FP8-without-reasoning,opponent_difficult,instance_00000,experiment name,opponent_difficult
6716,codenames,Qwen3.6-35B-A3B-FP8-without-reasoning,opponent_difficult,instance_00000,Cluegiver strip words,0
6717,codenames,Qwen3.6-35B-A3B-FP8-without-reasoning,opponent_difficult,instance_00000,Guesser strip words,0
6718,codenames,Qwen3.6-35B-A3B-FP8-without-reasoning,opponent_difficult,instance_00000,Average Cluegiver Number of Targets,0
6719,codenames,Qwen3.6-35B-A3B-FP8-without-reasoning,opponent_difficult,instance_00000,Average Cluegiver Team Precision,0
6720,codenames,Qwen3.6-35B-A3B-FP8-without-reasoning,opponent_difficult,instance_00000,Average Cluegiver Team Recall,0.0
6721,codenames,Qwen3.6-35B-A3B-FP8-without-reasoning,opponent_difficult,instance_00000,Average Cluegiver Team F1,0
6722,codenames,Qwen3.6-35B-A3B-FP8-without-reasoning,opponent_difficult,instance_00000,Average Guesser Number of Guesses,0
6723,codenames,Qwen3.6-35B-A3B-FP8-without-reasoning,opponent_difficult,instance_00000,Average Guesser Number of Revealed Words,0
6724,codenames,Qwen3.6-35B-A3B-FP8-without-reasoning,opponent_difficult,instance_00000,Average Guesser Number of Unrevealed Guesses,0
6725,codenames,Qwen3.6-35B-A3B-FP8-without-reasoning,opponent_difficult,instance_00000,Average Guesser Target Precision,0
6726,codenames,Qwen3.6-35B-A3B-FP8-without-reasoning,opponent_difficult,instance_00000,Average Guesser Target Recall,0
6727,codenames,Qwen3.6-35B-A3B-FP8-without-reasoning,opponent_difficult,instance_00000,Average Guesser Target F1,0
6728,codenames,Qwen3.6-35B-A3B-FP8-without-reasoning,opponent_difficult,instance_00000,Average Guesser Team Precision,0
6729,codenames,Qwen3.6-35B-A3B-FP8-without-reasoning,opponent_difficult,instance_00000,Average Guesser Team Recall,0.0
6730,codenames,Qwen3.6-35B-A3B-FP8-without-reasoning,opponent_difficult,instance_00000,Average Guesser Team F1,0
6731,codenames,Qwen3.6-35B-A3B-FP8-without-reasoning,opponent_difficult,instance_00000,Aborted,1
6732,codenames,Qwen3.6-35B-A3B-FP8-without-reasoning,opponent_difficult,instance_00000,Lose,0
6733,codenames,Qwen3.6-35B-A3B-FP8-without-reasoning,opponent_difficult,instance_00000,Success,0
6734,codenames,Qwen3.6-35B-A3B-FP8-without-reasoning,opponent_difficult,instance_00000,Game ended through assassin,0
6735,codenames,Qwen3.6-35B-A3B-FP8-without-reasoning,opponent_difficult,instance_00000,Episode Recall,0.0
6736,codenames,Qwen3.6-35B-A3B-FP8-without-reasoning,opponent_difficult,instance_00000,Episode Negative Recall,1.0
6737,codenames,Qwen3.6-35B-A3B-FP8-without-reasoning,opponent_difficult,instance_00000,Number of turns,1
6738,codenames,Qwen3.6-35B-A3B-FP8-without-reasoning,opponent_difficult,instance_00000,Efficiency,0.0
6739,codenames,Qwen3.6-35B-A3B-FP8-without-reasoning,opponent_difficult,instance_00000,Request Count,1
6740,codenames,Qwen3.6-35B-A3B-FP8-without-reasoning,opponent_difficult,instance_00000,Parsed Request Count,0
6741,codenames,Qwen3.6-35B-A3B-FP8-without-reasoning,opponent_difficult,instance_00000,Violated Request Count,1
6742,codenames,Qwen3.6-35B-A3B-FP8-without-reasoning,opponent_difficult,instance_00000,Request Success Ratio,0.0
6743,codenames,Qwen3.6-35B-A3B-FP8-without-reasoning,opponent_difficult,instance_00000,Main Score,
6744,codenames,Qwen3.6-35B-A3B-FP8-without-reasoning,opponent_difficult,instance_00009,experiment variable,Opponent Difficulty
6745,codenames,Qwen3.6-35B-A3B-FP8-without-reasoning,opponent_difficult,instance_00009,experiment name,opponent_difficult
6746,codenames,Qwen3.6-35B-A3B-FP8-without-reasoning,opponent_difficult,instance_00009,Cluegiver strip words,0
6747,codenames,Qwen3.6-35B-A3B-FP8-without-reasoning,opponent_difficult,instance_00009,Guesser strip words,0
6748,codenames,Qwen3.6-35B-A3B-FP8-without-reasoning,opponent_difficult,instance_00009,Average Cluegiver Number of Targets,0
6749,codenames,Qwen3.6-35B-A3B-FP8-without-reasoning,opponent_difficult,instance_00009,Average Cluegiver Team Precision,0
6750,codenames,Qwen3.6-35B-A3B-FP8-without-reasoning,opponent_difficult,instance_00009,Average Cluegiver Team Recall,0.0
6751,codenames,Qwen3.6-35B-A3B-FP8-without-reasoning,opponent_difficult,instance_00009,Average Cluegiver Team F1,0
6752,codenames,Qwen3.6-35B-A3B-FP8-without-reasoning,opponent_difficult,instance_00009,Average Guesser Number of Guesses,0
6753,codenames,Qwen3.6-35B-A3B-FP8-without-reasoning,opponent_difficult,instance_00009,Average Guesser Number of Revealed Words,0
6754,codenames,Qwen3.6-35B-A3B-FP8-without-reasoning,opponent_difficult,instance_00009,Average Guesser Number of Unrevealed Guesses,0
6755,codenames,Qwen3.6-35B-A3B-FP8-without-reasoning,opponent_difficult,instance_00009,Average Guesser Target Precision,0
6756,codenames,Qwen3.6-35B-A3B-FP8-without-reasoning,opponent_difficult,instance_00009,Average Guesser Target Recall,0
6757,codenames,Qwen3.6-35B-A3B-FP8-without-reasoning,opponent_difficult,instance_00009,Average Guesser Target F1,0
6758,codenames,Qwen3.6-35B-A3B-FP8-without-reasoning,opponent_difficult,instance_00009,Average Guesser Team Precision,0
6759,codenames,Qwen3.6-35B-A3B-FP8-without-reasoning,opponent_difficult,instance_00009,Average Guesser Team Recall,0.0
6760,codenames,Qwen3.6-35B-A3B-FP8-without-reasoning,opponent_difficult,instance_00009,Average Guesser Team F1,0
6761,codenames,Qwen3.6-35B-A3B-FP8-without-reasoning,opponent_difficult,instance_00009,Aborted,1
6762,codenames,Qwen3.6-35B-A3B-FP8-without-reasoning,opponent_difficult,instance_00009,Lose,0
6763,codenames,Qwen3.6-35B-A3B-FP8-without-reasoning,opponent_difficult,instance_00009,Success,0
6764,codenames,Qwen3.6-35B-A3B-FP8-without-reasoning,opponent_difficult,instance_00009,Game ended through assassin,0
6765,codenames,Qwen3.6-35B-A3B-FP8-without-reasoning,opponent_difficult,instance_00009,Episode Recall,0.0
6766,codenames,Qwen3.6-35B-A3B-FP8-without-reasoning,opponent_difficult,instance_00009,Episode Negative Recall,1.0
6767,codenames,Qwen3.6-35B-A3B-FP8-without-reasoning,opponent_difficult,instance_00009,Number of turns,1
6768,codenames,Qwen3.6-35B-A3B-FP8-without-reasoning,opponent_difficult,instance_00009,Efficiency,0.0
6769,codenames,Qwen3.6-35B-A3B-FP8-without-reasoning,opponent_difficult,instance_00009,Request Count,1
6770,codenames,Qwen3.6-35B-A3B-FP8-without-reasoning,opponent_difficult,instance_00009,Parsed Request Count,0
6771,codenames,Qwen3.6-35B-A3B-FP8-without-reasoning,opponent_difficult,instance_00009,Violated Request Count,1
6772,codenames,Qwen3.6-35B-A3B-FP8-without-reasoning,opponent_difficult,instance_00009,Request Success Ratio,0.0
6773,codenames,Qwen3.6-35B-A3B-FP8-without-reasoning,opponent_difficult,instance_00009,Main Score,
6774,codenames,Qwen3.6-35B-A3B-FP8-without-reasoning,risk_low,instance_00005,experiment variable,Risk
6775,codenames,Qwen3.6-35B-A3B-FP8-without-reasoning,risk_low,instance_00005,experiment name,risk_low
6776,codenames,Qwen3.6-35B-A3B-FP8-without-reasoning,risk_low,instance_00005,Cluegiver strip words,0
6777,codenames,Qwen3.6-35B-A3B-FP8-without-reasoning,risk_low,instance_00005,Guesser strip words,0
6778,codenames,Qwen3.6-35B-A3B-FP8-without-reasoning,risk_low,instance_00005,Average Cluegiver Number of Targets,0
6779,codenames,Qwen3.6-35B-A3B-FP8-without-reasoning,risk_low,instance_00005,Average Cluegiver Team Precision,0
6780,codenames,Qwen3.6-35B-A3B-FP8-without-reasoning,risk_low,instance_00005,Average Cluegiver Team Recall,0.0
6781,codenames,Qwen3.6-35B-A3B-FP8-without-reasoning,risk_low,instance_00005,Average Cluegiver Team F1,0
6782,codenames,Qwen3.6-35B-A3B-FP8-without-reasoning,risk_low,instance_00005,Average Guesser Number of Guesses,0
6783,codenames,Qwen3.6-35B-A3B-FP8-without-reasoning,risk_low,instance_00005,Average Guesser Number of Revealed Words,0
6784,codenames,Qwen3.6-35B-A3B-FP8-without-reasoning,risk_low,instance_00005,Average Guesser Number of Unrevealed Guesses,0
6785,codenames,Qwen3.6-35B-A3B-FP8-without-reasoning,risk_low,instance_00005,Average Guesser Target Precision,0
6786,codenames,Qwen3.6-35B-A3B-FP8-without-reasoning,risk_low,instance_00005,Average Guesser Target Recall,0
6787,codenames,Qwen3.6-35B-A3B-FP8-without-reasoning,risk_low,instance_00005,Average Guesser Target F1,0
6788,codenames,Qwen3.6-35B-A3B-FP8-without-reasoning,risk_low,instance_00005,Average Guesser Team Precision,0
6789,codenames,Qwen3.6-35B-A3B-FP8-without-reasoning,risk_low,instance_00005,Average Guesser Team Recall,0.0
6790,codenames,Qwen3.6-35B-A3B-FP8-without-reasoning,risk_low,instance_00005,Average Guesser Team F1,0
6791,codenames,Qwen3.6-35B-A3B-FP8-without-reasoning,risk_low,instance_00005,Aborted,1
6792,codenames,Qwen3.6-35B-A3B-FP8-without-reasoning,risk_low,instance_00005,Lose,0
6793,codenames,Qwen3.6-35B-A3B-FP8-without-reasoning,risk_low,instance_00005,Success,0
6794,codenames,Qwen3.6-35B-A3B-FP8-without-reasoning,risk_low,instance_00005,Game ended through assassin,0
6795,codenames,Qwen3.6-35B-A3B-FP8-without-reasoning,risk_low,instance_00005,Episode Recall,0.0
6796,codenames,Qwen3.6-35B-A3B-FP8-without-reasoning,risk_low,instance_00005,Episode Negative Recall,1.0
6797,codenames,Qwen3.6-35B-A3B-FP8-without-reasoning,risk_low,instance_00005,Number of turns,1
6798,codenames,Qwen3.6-35B-A3B-FP8-without-reasoning,risk_low,instance_00005,Efficiency,0.0
6799,codenames,Qwen3.6-35B-A3B-FP8-without-reasoning,risk_low,instance_00005,Request Count,1
6800,codenames,Qwen3.6-35B-A3B-FP8-without-reasoning,risk_low,instance_00005,Parsed Request Count,0
6801,codenames,Qwen3.6-35B-A3B-FP8-without-reasoning,risk_low,instance_00005,Violated Request Count,1
6802,codenames,Qwen3.6-35B-A3B-FP8-without-reasoning,risk_low,instance_00005,Request Success Ratio,0.0
6803,codenames,Qwen3.6-35B-A3B-FP8-without-reasoning,risk_low,instance_00005,Main Score,
6804,codenames,Qwen3.6-35B-A3B-FP8-without-reasoning,risk_low,instance_00002,experiment variable,Risk
6805,codenames,Qwen3.6-35B-A3B-FP8-without-reasoning,risk_low,instance_00002,experiment name,risk_low
6806,codenames,Qwen3.6-35B-A3B-FP8-without-reasoning,risk_low,instance_00002,Cluegiver strip words,0
6807,codenames,Qwen3.6-35B-A3B-FP8-without-reasoning,risk_low,instance_00002,Guesser strip words,0
6808,codenames,Qwen3.6-35B-A3B-FP8-without-reasoning,risk_low,instance_00002,Average Cluegiver Number of Targets,0
6809,codenames,Qwen3.6-35B-A3B-FP8-without-reasoning,risk_low,instance_00002,Average Cluegiver Team Precision,0
6810,codenames,Qwen3.6-35B-A3B-FP8-without-reasoning,risk_low,instance_00002,Average Cluegiver Team Recall,0.0
6811,codenames,Qwen3.6-35B-A3B-FP8-without-reasoning,risk_low,instance_00002,Average Cluegiver Team F1,0
6812,codenames,Qwen3.6-35B-A3B-FP8-without-reasoning,risk_low,instance_00002,Average Guesser Number of Guesses,0
6813,codenames,Qwen3.6-35B-A3B-FP8-without-reasoning,risk_low,instance_00002,Average Guesser Number of Revealed Words,0
6814,codenames,Qwen3.6-35B-A3B-FP8-without-reasoning,risk_low,instance_00002,Average Guesser Number of Unrevealed Guesses,0
6815,codenames,Qwen3.6-35B-A3B-FP8-without-reasoning,risk_low,instance_00002,Average Guesser Target Precision,0
6816,codenames,Qwen3.6-35B-A3B-FP8-without-reasoning,risk_low,instance_00002,Average Guesser Target Recall,0
6817,codenames,Qwen3.6-35B-A3B-FP8-without-reasoning,risk_low,instance_00002,Average Guesser Target F1,0
6818,codenames,Qwen3.6-35B-A3B-FP8-without-reasoning,risk_low,instance_00002,Average Guesser Team Precision,0
6819,codenames,Qwen3.6-35B-A3B-FP8-without-reasoning,risk_low,instance_00002,Average Guesser Team Recall,0.0
6820,codenames,Qwen3.6-35B-A3B-FP8-without-reasoning,risk_low,instance_00002,Average Guesser Team F1,0
6821,codenames,Qwen3.6-35B-A3B-FP8-without-reasoning,risk_low,instance_00002,Aborted,1
6822,codenames,Qwen3.6-35B-A3B-FP8-without-reasoning,risk_low,instance_00002,Lose,0
6823,codenames,Qwen3.6-35B-A3B-FP8-without-reasoning,risk_low,instance_00002,Success,0
6824,codenames,Qwen3.6-35B-A3B-FP8-without-reasoning,risk_low,instance_00002,Game ended through assassin,0
6825,codenames,Qwen3.6-35B-A3B-FP8-without-reasoning,risk_low,instance_00002,Episode Recall,0.0
6826,codenames,Qwen3.6-35B-A3B-FP8-without-reasoning,risk_low,instance_00002,Episode Negative Recall,1.0
6827,codenames,Qwen3.6-35B-A3B-FP8-without-reasoning,risk_low,instance_00002,Number of turns,1
6828,codenames,Qwen3.6-35B-A3B-FP8-without-reasoning,risk_low,instance_00002,Efficiency,0.0
6829,codenames,Qwen3.6-35B-A3B-FP8-without-reasoning,risk_low,instance_00002,Request Count,1
6830,codenames,Qwen3.6-35B-A3B-FP8-without-reasoning,risk_low,instance_00002,Parsed Request Count,0
6831,codenames,Qwen3.6-35B-A3B-FP8-without-reasoning,risk_low,instance_00002,Violated Request Count,1
6832,codenames,Qwen3.6-35B-A3B-FP8-without-reasoning,risk_low,instance_00002,Request Success Ratio,0.0
6833,codenames,Qwen3.6-35B-A3B-FP8-without-reasoning,risk_low,instance_00002,Main Score,
6834,codenames,Qwen3.6-35B-A3B-FP8-without-reasoning,risk_low,instance_00003,experiment variable,Risk
6835,codenames,Qwen3.6-35B-A3B-FP8-without-reasoning,risk_low,instance_00003,experiment name,risk_low
6836,codenames,Qwen3.6-35B-A3B-FP8-without-reasoning,risk_low,instance_00003,Cluegiver strip words,0
6837,codenames,Qwen3.6-35B-A3B-FP8-without-reasoning,risk_low,instance_00003,Guesser strip words,0
6838,codenames,Qwen3.6-35B-A3B-FP8-without-reasoning,risk_low,instance_00003,Average Cluegiver Number of Targets,0
6839,codenames,Qwen3.6-35B-A3B-FP8-without-reasoning,risk_low,instance_00003,Average Cluegiver Team Precision,0
6840,codenames,Qwen3.6-35B-A3B-FP8-without-reasoning,risk_low,instance_00003,Average Cluegiver Team Recall,0.0
6841,codenames,Qwen3.6-35B-A3B-FP8-without-reasoning,risk_low,instance_00003,Average Cluegiver Team F1,0
6842,codenames,Qwen3.6-35B-A3B-FP8-without-reasoning,risk_low,instance_00003,Average Guesser Number of Guesses,0
6843,codenames,Qwen3.6-35B-A3B-FP8-without-reasoning,risk_low,instance_00003,Average Guesser Number of Revealed Words,0
6844,codenames,Qwen3.6-35B-A3B-FP8-without-reasoning,risk_low,instance_00003,Average Guesser Number of Unrevealed Guesses,0
6845,codenames,Qwen3.6-35B-A3B-FP8-without-reasoning,risk_low,instance_00003,Average Guesser Target Precision,0
6846,codenames,Qwen3.6-35B-A3B-FP8-without-reasoning,risk_low,instance_00003,Average Guesser Target Recall,0
6847,codenames,Qwen3.6-35B-A3B-FP8-without-reasoning,risk_low,instance_00003,Average Guesser Target F1,0
6848,codenames,Qwen3.6-35B-A3B-FP8-without-reasoning,risk_low,instance_00003,Average Guesser Team Precision,0
6849,codenames,Qwen3.6-35B-A3B-FP8-without-reasoning,risk_low,instance_00003,Average Guesser Team Recall,0.0
6850,codenames,Qwen3.6-35B-A3B-FP8-without-reasoning,risk_low,instance_00003,Average Guesser Team F1,0
6851,codenames,Qwen3.6-35B-A3B-FP8-without-reasoning,risk_low,instance_00003,Aborted,1
6852,codenames,Qwen3.6-35B-A3B-FP8-without-reasoning,risk_low,instance_00003,Lose,0
6853,codenames,Qwen3.6-35B-A3B-FP8-without-reasoning,risk_low,instance_00003,Success,0
6854,codenames,Qwen3.6-35B-A3B-FP8-without-reasoning,risk_low,instance_00003,Game ended through assassin,0
6855,codenames,Qwen3.6-35B-A3B-FP8-without-reasoning,risk_low,instance_00003,Episode Recall,0.0
6856,codenames,Qwen3.6-35B-A3B-FP8-without-reasoning,risk_low,instance_00003,Episode Negative Recall,1.0
6857,codenames,Qwen3.6-35B-A3B-FP8-without-reasoning,risk_low,instance_00003,Number of turns,1
6858,codenames,Qwen3.6-35B-A3B-FP8-without-reasoning,risk_low,instance_00003,Efficiency,0.0
6859,codenames,Qwen3.6-35B-A3B-FP8-without-reasoning,risk_low,instance_00003,Request Count,1
6860,codenames,Qwen3.6-35B-A3B-FP8-without-reasoning,risk_low,instance_00003,Parsed Request Count,0
6861,codenames,Qwen3.6-35B-A3B-FP8-without-reasoning,risk_low,instance_00003,Violated Request Count,1
6862,codenames,Qwen3.6-35B-A3B-FP8-without-reasoning,risk_low,instance_00003,Request Success Ratio,0.0
6863,codenames,Qwen3.6-35B-A3B-FP8-without-reasoning,risk_low,instance_00003,Main Score,
6864,codenames,Qwen3.6-35B-A3B-FP8-without-reasoning,risk_low,instance_00004,experiment variable,Risk
6865,codenames,Qwen3.6-35B-A3B-FP8-without-reasoning,risk_low,instance_00004,experiment name,risk_low
6866,codenames,Qwen3.6-35B-A3B-FP8-without-reasoning,risk_low,instance_00004,Cluegiver strip words,0
6867,codenames,Qwen3.6-35B-A3B-FP8-without-reasoning,risk_low,instance_00004,Guesser strip words,0
6868,codenames,Qwen3.6-35B-A3B-FP8-without-reasoning,risk_low,instance_00004,Average Cluegiver Number of Targets,0
6869,codenames,Qwen3.6-35B-A3B-FP8-without-reasoning,risk_low,instance_00004,Average Cluegiver Team Precision,0
6870,codenames,Qwen3.6-35B-A3B-FP8-without-reasoning,risk_low,instance_00004,Average Cluegiver Team Recall,0.0
6871,codenames,Qwen3.6-35B-A3B-FP8-without-reasoning,risk_low,instance_00004,Average Cluegiver Team F1,0
6872,codenames,Qwen3.6-35B-A3B-FP8-without-reasoning,risk_low,instance_00004,Average Guesser Number of Guesses,0
6873,codenames,Qwen3.6-35B-A3B-FP8-without-reasoning,risk_low,instance_00004,Average Guesser Number of Revealed Words,0
6874,codenames,Qwen3.6-35B-A3B-FP8-without-reasoning,risk_low,instance_00004,Average Guesser Number of Unrevealed Guesses,0
6875,codenames,Qwen3.6-35B-A3B-FP8-without-reasoning,risk_low,instance_00004,Average Guesser Target Precision,0
6876,codenames,Qwen3.6-35B-A3B-FP8-without-reasoning,risk_low,instance_00004,Average Guesser Target Recall,0
6877,codenames,Qwen3.6-35B-A3B-FP8-without-reasoning,risk_low,instance_00004,Average Guesser Target F1,0
6878,codenames,Qwen3.6-35B-A3B-FP8-without-reasoning,risk_low,instance_00004,Average Guesser Team Precision,0
6879,codenames,Qwen3.6-35B-A3B-FP8-without-reasoning,risk_low,instance_00004,Average Guesser Team Recall,0.0
6880,codenames,Qwen3.6-35B-A3B-FP8-without-reasoning,risk_low,instance_00004,Average Guesser Team F1,0
6881,codenames,Qwen3.6-35B-A3B-FP8-without-reasoning,risk_low,instance_00004,Aborted,1
6882,codenames,Qwen3.6-35B-A3B-FP8-without-reasoning,risk_low,instance_00004,Lose,0
6883,codenames,Qwen3.6-35B-A3B-FP8-without-reasoning,risk_low,instance_00004,Success,0
6884,codenames,Qwen3.6-35B-A3B-FP8-without-reasoning,risk_low,instance_00004,Game ended through assassin,0
6885,codenames,Qwen3.6-35B-A3B-FP8-without-reasoning,risk_low,instance_00004,Episode Recall,0.0
6886,codenames,Qwen3.6-35B-A3B-FP8-without-reasoning,risk_low,instance_00004,Episode Negative Recall,1.0
6887,codenames,Qwen3.6-35B-A3B-FP8-without-reasoning,risk_low,instance_00004,Number of turns,1
6888,codenames,Qwen3.6-35B-A3B-FP8-without-reasoning,risk_low,instance_00004,Efficiency,0.0
6889,codenames,Qwen3.6-35B-A3B-FP8-without-reasoning,risk_low,instance_00004,Request Count,1
6890,codenames,Qwen3.6-35B-A3B-FP8-without-reasoning,risk_low,instance_00004,Parsed Request Count,0
6891,codenames,Qwen3.6-35B-A3B-FP8-without-reasoning,risk_low,instance_00004,Violated Request Count,1
6892,codenames,Qwen3.6-35B-A3B-FP8-without-reasoning,risk_low,instance_00004,Request Success Ratio,0.0
6893,codenames,Qwen3.6-35B-A3B-FP8-without-reasoning,risk_low,instance_00004,Main Score,
6894,codenames,Qwen3.6-35B-A3B-FP8-without-reasoning,risk_low,instance_00008,experiment variable,Risk
6895,codenames,Qwen3.6-35B-A3B-FP8-without-reasoning,risk_low,instance_00008,experiment name,risk_low
6896,codenames,Qwen3.6-35B-A3B-FP8-without-reasoning,risk_low,instance_00008,Cluegiver strip words,0
6897,codenames,Qwen3.6-35B-A3B-FP8-without-reasoning,risk_low,instance_00008,Guesser strip words,0
6898,codenames,Qwen3.6-35B-A3B-FP8-without-reasoning,risk_low,instance_00008,Average Cluegiver Number of Targets,0
6899,codenames,Qwen3.6-35B-A3B-FP8-without-reasoning,risk_low,instance_00008,Average Cluegiver Team Precision,0
6900,codenames,Qwen3.6-35B-A3B-FP8-without-reasoning,risk_low,instance_00008,Average Cluegiver Team Recall,0.0
6901,codenames,Qwen3.6-35B-A3B-FP8-without-reasoning,risk_low,instance_00008,Average Cluegiver Team F1,0
6902,codenames,Qwen3.6-35B-A3B-FP8-without-reasoning,risk_low,instance_00008,Average Guesser Number of Guesses,0
6903,codenames,Qwen3.6-35B-A3B-FP8-without-reasoning,risk_low,instance_00008,Average Guesser Number of Revealed Words,0
6904,codenames,Qwen3.6-35B-A3B-FP8-without-reasoning,risk_low,instance_00008,Average Guesser Number of Unrevealed Guesses,0
6905,codenames,Qwen3.6-35B-A3B-FP8-without-reasoning,risk_low,instance_00008,Average Guesser Target Precision,0
6906,codenames,Qwen3.6-35B-A3B-FP8-without-reasoning,risk_low,instance_00008,Average Guesser Target Recall,0
6907,codenames,Qwen3.6-35B-A3B-FP8-without-reasoning,risk_low,instance_00008,Average Guesser Target F1,0
6908,codenames,Qwen3.6-35B-A3B-FP8-without-reasoning,risk_low,instance_00008,Average Guesser Team Precision,0
6909,codenames,Qwen3.6-35B-A3B-FP8-without-reasoning,risk_low,instance_00008,Average Guesser Team Recall,0.0
6910,codenames,Qwen3.6-35B-A3B-FP8-without-reasoning,risk_low,instance_00008,Average Guesser Team F1,0
6911,codenames,Qwen3.6-35B-A3B-FP8-without-reasoning,risk_low,instance_00008,Aborted,1
6912,codenames,Qwen3.6-35B-A3B-FP8-without-reasoning,risk_low,instance_00008,Lose,0
6913,codenames,Qwen3.6-35B-A3B-FP8-without-reasoning,risk_low,instance_00008,Success,0
6914,codenames,Qwen3.6-35B-A3B-FP8-without-reasoning,risk_low,instance_00008,Game ended through assassin,0
6915,codenames,Qwen3.6-35B-A3B-FP8-without-reasoning,risk_low,instance_00008,Episode Recall,0.0
6916,codenames,Qwen3.6-35B-A3B-FP8-without-reasoning,risk_low,instance_00008,Episode Negative Recall,1.0
6917,codenames,Qwen3.6-35B-A3B-FP8-without-reasoning,risk_low,instance_00008,Number of turns,1
6918,codenames,Qwen3.6-35B-A3B-FP8-without-reasoning,risk_low,instance_00008,Efficiency,0.0
6919,codenames,Qwen3.6-35B-A3B-FP8-without-reasoning,risk_low,instance_00008,Request Count,1
6920,codenames,Qwen3.6-35B-A3B-FP8-without-reasoning,risk_low,instance_00008,Parsed Request Count,0
6921,codenames,Qwen3.6-35B-A3B-FP8-without-reasoning,risk_low,instance_00008,Violated Request Count,1
6922,codenames,Qwen3.6-35B-A3B-FP8-without-reasoning,risk_low,instance_00008,Request Success Ratio,0.0
6923,codenames,Qwen3.6-35B-A3B-FP8-without-reasoning,risk_low,instance_00008,Main Score,
6924,codenames,Qwen3.6-35B-A3B-FP8-without-reasoning,risk_low,instance_00001,experiment variable,Risk
6925,codenames,Qwen3.6-35B-A3B-FP8-without-reasoning,risk_low,instance_00001,experiment name,risk_low
6926,codenames,Qwen3.6-35B-A3B-FP8-without-reasoning,risk_low,instance_00001,Cluegiver strip words,0
6927,codenames,Qwen3.6-35B-A3B-FP8-without-reasoning,risk_low,instance_00001,Guesser strip words,0
6928,codenames,Qwen3.6-35B-A3B-FP8-without-reasoning,risk_low,instance_00001,Average Cluegiver Number of Targets,0
6929,codenames,Qwen3.6-35B-A3B-FP8-without-reasoning,risk_low,instance_00001,Average Cluegiver Team Precision,0
6930,codenames,Qwen3.6-35B-A3B-FP8-without-reasoning,risk_low,instance_00001,Average Cluegiver Team Recall,0.0
6931,codenames,Qwen3.6-35B-A3B-FP8-without-reasoning,risk_low,instance_00001,Average Cluegiver Team F1,0
6932,codenames,Qwen3.6-35B-A3B-FP8-without-reasoning,risk_low,instance_00001,Average Guesser Number of Guesses,0
6933,codenames,Qwen3.6-35B-A3B-FP8-without-reasoning,risk_low,instance_00001,Average Guesser Number of Revealed Words,0
6934,codenames,Qwen3.6-35B-A3B-FP8-without-reasoning,risk_low,instance_00001,Average Guesser Number of Unrevealed Guesses,0
6935,codenames,Qwen3.6-35B-A3B-FP8-without-reasoning,risk_low,instance_00001,Average Guesser Target Precision,0
6936,codenames,Qwen3.6-35B-A3B-FP8-without-reasoning,risk_low,instance_00001,Average Guesser Target Recall,0
6937,codenames,Qwen3.6-35B-A3B-FP8-without-reasoning,risk_low,instance_00001,Average Guesser Target F1,0
6938,codenames,Qwen3.6-35B-A3B-FP8-without-reasoning,risk_low,instance_00001,Average Guesser Team Precision,0
6939,codenames,Qwen3.6-35B-A3B-FP8-without-reasoning,risk_low,instance_00001,Average Guesser Team Recall,0.0
6940,codenames,Qwen3.6-35B-A3B-FP8-without-reasoning,risk_low,instance_00001,Average Guesser Team F1,0
6941,codenames,Qwen3.6-35B-A3B-FP8-without-reasoning,risk_low,instance_00001,Aborted,1
6942,codenames,Qwen3.6-35B-A3B-FP8-without-reasoning,risk_low,instance_00001,Lose,0
6943,codenames,Qwen3.6-35B-A3B-FP8-without-reasoning,risk_low,instance_00001,Success,0
6944,codenames,Qwen3.6-35B-A3B-FP8-without-reasoning,risk_low,instance_00001,Game ended through assassin,0
6945,codenames,Qwen3.6-35B-A3B-FP8-without-reasoning,risk_low,instance_00001,Episode Recall,0.0
6946,codenames,Qwen3.6-35B-A3B-FP8-without-reasoning,risk_low,instance_00001,Episode Negative Recall,1.0
6947,codenames,Qwen3.6-35B-A3B-FP8-without-reasoning,risk_low,instance_00001,Number of turns,1
6948,codenames,Qwen3.6-35B-A3B-FP8-without-reasoning,risk_low,instance_00001,Efficiency,0.0
6949,codenames,Qwen3.6-35B-A3B-FP8-without-reasoning,risk_low,instance_00001,Request Count,1
6950,codenames,Qwen3.6-35B-A3B-FP8-without-reasoning,risk_low,instance_00001,Parsed Request Count,0
6951,codenames,Qwen3.6-35B-A3B-FP8-without-reasoning,risk_low,instance_00001,Violated Request Count,1
6952,codenames,Qwen3.6-35B-A3B-FP8-without-reasoning,risk_low,instance_00001,Request Success Ratio,0.0
6953,codenames,Qwen3.6-35B-A3B-FP8-without-reasoning,risk_low,instance_00001,Main Score,
6954,codenames,Qwen3.6-35B-A3B-FP8-without-reasoning,risk_low,instance_00006,experiment variable,Risk
6955,codenames,Qwen3.6-35B-A3B-FP8-without-reasoning,risk_low,instance_00006,experiment name,risk_low
6956,codenames,Qwen3.6-35B-A3B-FP8-without-reasoning,risk_low,instance_00006,Cluegiver strip words,0
6957,codenames,Qwen3.6-35B-A3B-FP8-without-reasoning,risk_low,instance_00006,Guesser strip words,0
6958,codenames,Qwen3.6-35B-A3B-FP8-without-reasoning,risk_low,instance_00006,Average Cluegiver Number of Targets,0
6959,codenames,Qwen3.6-35B-A3B-FP8-without-reasoning,risk_low,instance_00006,Average Cluegiver Team Precision,0
6960,codenames,Qwen3.6-35B-A3B-FP8-without-reasoning,risk_low,instance_00006,Average Cluegiver Team Recall,0.0
6961,codenames,Qwen3.6-35B-A3B-FP8-without-reasoning,risk_low,instance_00006,Average Cluegiver Team F1,0
6962,codenames,Qwen3.6-35B-A3B-FP8-without-reasoning,risk_low,instance_00006,Average Guesser Number of Guesses,0
6963,codenames,Qwen3.6-35B-A3B-FP8-without-reasoning,risk_low,instance_00006,Average Guesser Number of Revealed Words,0
6964,codenames,Qwen3.6-35B-A3B-FP8-without-reasoning,risk_low,instance_00006,Average Guesser Number of Unrevealed Guesses,0
6965,codenames,Qwen3.6-35B-A3B-FP8-without-reasoning,risk_low,instance_00006,Average Guesser Target Precision,0
6966,codenames,Qwen3.6-35B-A3B-FP8-without-reasoning,risk_low,instance_00006,Average Guesser Target Recall,0
6967,codenames,Qwen3.6-35B-A3B-FP8-without-reasoning,risk_low,instance_00006,Average Guesser Target F1,0
6968,codenames,Qwen3.6-35B-A3B-FP8-without-reasoning,risk_low,instance_00006,Average Guesser Team Precision,0
6969,codenames,Qwen3.6-35B-A3B-FP8-without-reasoning,risk_low,instance_00006,Average Guesser Team Recall,0.0
6970,codenames,Qwen3.6-35B-A3B-FP8-without-reasoning,risk_low,instance_00006,Average Guesser Team F1,0
6971,codenames,Qwen3.6-35B-A3B-FP8-without-reasoning,risk_low,instance_00006,Aborted,1
6972,codenames,Qwen3.6-35B-A3B-FP8-without-reasoning,risk_low,instance_00006,Lose,0
6973,codenames,Qwen3.6-35B-A3B-FP8-without-reasoning,risk_low,instance_00006,Success,0
6974,codenames,Qwen3.6-35B-A3B-FP8-without-reasoning,risk_low,instance_00006,Game ended through assassin,0
6975,codenames,Qwen3.6-35B-A3B-FP8-without-reasoning,risk_low,instance_00006,Episode Recall,0.0
6976,codenames,Qwen3.6-35B-A3B-FP8-without-reasoning,risk_low,instance_00006,Episode Negative Recall,1.0
6977,codenames,Qwen3.6-35B-A3B-FP8-without-reasoning,risk_low,instance_00006,Number of turns,1
6978,codenames,Qwen3.6-35B-A3B-FP8-without-reasoning,risk_low,instance_00006,Efficiency,0.0
6979,codenames,Qwen3.6-35B-A3B-FP8-without-reasoning,risk_low,instance_00006,Request Count,1
6980,codenames,Qwen3.6-35B-A3B-FP8-without-reasoning,risk_low,instance_00006,Parsed Request Count,0
6981,codenames,Qwen3.6-35B-A3B-FP8-without-reasoning,risk_low,instance_00006,Violated Request Count,1
6982,codenames,Qwen3.6-35B-A3B-FP8-without-reasoning,risk_low,instance_00006,Request Success Ratio,0.0
6983,codenames,Qwen3.6-35B-A3B-FP8-without-reasoning,risk_low,instance_00006,Main Score,
6984,codenames,Qwen3.6-35B-A3B-FP8-without-reasoning,risk_low,instance_00007,experiment variable,Risk
6985,codenames,Qwen3.6-35B-A3B-FP8-without-reasoning,risk_low,instance_00007,experiment name,risk_low
6986,codenames,Qwen3.6-35B-A3B-FP8-without-reasoning,risk_low,instance_00007,Cluegiver strip words,0
6987,codenames,Qwen3.6-35B-A3B-FP8-without-reasoning,risk_low,instance_00007,Guesser strip words,0
6988,codenames,Qwen3.6-35B-A3B-FP8-without-reasoning,risk_low,instance_00007,Average Cluegiver Number of Targets,0
6989,codenames,Qwen3.6-35B-A3B-FP8-without-reasoning,risk_low,instance_00007,Average Cluegiver Team Precision,0
6990,codenames,Qwen3.6-35B-A3B-FP8-without-reasoning,risk_low,instance_00007,Average Cluegiver Team Recall,0.0
6991,codenames,Qwen3.6-35B-A3B-FP8-without-reasoning,risk_low,instance_00007,Average Cluegiver Team F1,0
6992,codenames,Qwen3.6-35B-A3B-FP8-without-reasoning,risk_low,instance_00007,Average Guesser Number of Guesses,0
6993,codenames,Qwen3.6-35B-A3B-FP8-without-reasoning,risk_low,instance_00007,Average Guesser Number of Revealed Words,0
6994,codenames,Qwen3.6-35B-A3B-FP8-without-reasoning,risk_low,instance_00007,Average Guesser Number of Unrevealed Guesses,0
6995,codenames,Qwen3.6-35B-A3B-FP8-without-reasoning,risk_low,instance_00007,Average Guesser Target Precision,0
6996,codenames,Qwen3.6-35B-A3B-FP8-without-reasoning,risk_low,instance_00007,Average Guesser Target Recall,0
6997,codenames,Qwen3.6-35B-A3B-FP8-without-reasoning,risk_low,instance_00007,Average Guesser Target F1,0
6998,codenames,Qwen3.6-35B-A3B-FP8-without-reasoning,risk_low,instance_00007,Average Guesser Team Precision,0
6999,codenames,Qwen3.6-35B-A3B-FP8-without-reasoning,risk_low,instance_00007,Average Guesser Team Recall,0.0
7000,codenames,Qwen3.6-35B-A3B-FP8-without-reasoning,risk_low,instance_00007,Average Guesser Team F1,0
7001,codenames,Qwen3.6-35B-A3B-FP8-without-reasoning,risk_low,instance_00007,Aborted,1
7002,codenames,Qwen3.6-35B-A3B-FP8-without-reasoning,risk_low,instance_00007,Lose,0
7003,codenames,Qwen3.6-35B-A3B-FP8-without-reasoning,risk_low,instance_00007,Success,0
7004,codenames,Qwen3.6-35B-A3B-FP8-without-reasoning,risk_low,instance_00007,Game ended through assassin,0
7005,codenames,Qwen3.6-35B-A3B-FP8-without-reasoning,risk_low,instance_00007,Episode Recall,0.0
7006,codenames,Qwen3.6-35B-A3B-FP8-without-reasoning,risk_low,instance_00007,Episode Negative Recall,1.0
7007,codenames,Qwen3.6-35B-A3B-FP8-without-reasoning,risk_low,instance_00007,Number of turns,1
7008,codenames,Qwen3.6-35B-A3B-FP8-without-reasoning,risk_low,instance_00007,Efficiency,0.0
7009,codenames,Qwen3.6-35B-A3B-FP8-without-reasoning,risk_low,instance_00007,Request Count,1
7010,codenames,Qwen3.6-35B-A3B-FP8-without-reasoning,risk_low,instance_00007,Parsed Request Count,0
7011,codenames,Qwen3.6-35B-A3B-FP8-without-reasoning,risk_low,instance_00007,Violated Request Count,1
7012,codenames,Qwen3.6-35B-A3B-FP8-without-reasoning,risk_low,instance_00007,Request Success Ratio,0.0
7013,codenames,Qwen3.6-35B-A3B-FP8-without-reasoning,risk_low,instance_00007,Main Score,
7014,codenames,Qwen3.6-35B-A3B-FP8-without-reasoning,risk_low,instance_00000,experiment variable,Risk
7015,codenames,Qwen3.6-35B-A3B-FP8-without-reasoning,risk_low,instance_00000,experiment name,risk_low
7016,codenames,Qwen3.6-35B-A3B-FP8-without-reasoning,risk_low,instance_00000,Cluegiver strip words,0
7017,codenames,Qwen3.6-35B-A3B-FP8-without-reasoning,risk_low,instance_00000,Guesser strip words,0
7018,codenames,Qwen3.6-35B-A3B-FP8-without-reasoning,risk_low,instance_00000,Average Cluegiver Number of Targets,0
7019,codenames,Qwen3.6-35B-A3B-FP8-without-reasoning,risk_low,instance_00000,Average Cluegiver Team Precision,0
7020,codenames,Qwen3.6-35B-A3B-FP8-without-reasoning,risk_low,instance_00000,Average Cluegiver Team Recall,0.0
7021,codenames,Qwen3.6-35B-A3B-FP8-without-reasoning,risk_low,instance_00000,Average Cluegiver Team F1,0
7022,codenames,Qwen3.6-35B-A3B-FP8-without-reasoning,risk_low,instance_00000,Average Guesser Number of Guesses,0
7023,codenames,Qwen3.6-35B-A3B-FP8-without-reasoning,risk_low,instance_00000,Average Guesser Number of Revealed Words,0
7024,codenames,Qwen3.6-35B-A3B-FP8-without-reasoning,risk_low,instance_00000,Average Guesser Number of Unrevealed Guesses,0
7025,codenames,Qwen3.6-35B-A3B-FP8-without-reasoning,risk_low,instance_00000,Average Guesser Target Precision,0
7026,codenames,Qwen3.6-35B-A3B-FP8-without-reasoning,risk_low,instance_00000,Average Guesser Target Recall,0
7027,codenames,Qwen3.6-35B-A3B-FP8-without-reasoning,risk_low,instance_00000,Average Guesser Target F1,0
7028,codenames,Qwen3.6-35B-A3B-FP8-without-reasoning,risk_low,instance_00000,Average Guesser Team Precision,0
7029,codenames,Qwen3.6-35B-A3B-FP8-without-reasoning,risk_low,instance_00000,Average Guesser Team Recall,0.0
7030,codenames,Qwen3.6-35B-A3B-FP8-without-reasoning,risk_low,instance_00000,Average Guesser Team F1,0
7031,codenames,Qwen3.6-35B-A3B-FP8-without-reasoning,risk_low,instance_00000,Aborted,1
7032,codenames,Qwen3.6-35B-A3B-FP8-without-reasoning,risk_low,instance_00000,Lose,0
7033,codenames,Qwen3.6-35B-A3B-FP8-without-reasoning,risk_low,instance_00000,Success,0
7034,codenames,Qwen3.6-35B-A3B-FP8-without-reasoning,risk_low,instance_00000,Game ended through assassin,0
7035,codenames,Qwen3.6-35B-A3B-FP8-without-reasoning,risk_low,instance_00000,Episode Recall,0.0
7036,codenames,Qwen3.6-35B-A3B-FP8-without-reasoning,risk_low,instance_00000,Episode Negative Recall,1.0
7037,codenames,Qwen3.6-35B-A3B-FP8-without-reasoning,risk_low,instance_00000,Number of turns,1
7038,codenames,Qwen3.6-35B-A3B-FP8-without-reasoning,risk_low,instance_00000,Efficiency,0.0
7039,codenames,Qwen3.6-35B-A3B-FP8-without-reasoning,risk_low,instance_00000,Request Count,1
7040,codenames,Qwen3.6-35B-A3B-FP8-without-reasoning,risk_low,instance_00000,Parsed Request Count,0
7041,codenames,Qwen3.6-35B-A3B-FP8-without-reasoning,risk_low,instance_00000,Violated Request Count,1
7042,codenames,Qwen3.6-35B-A3B-FP8-without-reasoning,risk_low,instance_00000,Request Success Ratio,0.0
7043,codenames,Qwen3.6-35B-A3B-FP8-without-reasoning,risk_low,instance_00000,Main Score,
7044,codenames,Qwen3.6-35B-A3B-FP8-without-reasoning,risk_low,instance_00009,experiment variable,Risk
7045,codenames,Qwen3.6-35B-A3B-FP8-without-reasoning,risk_low,instance_00009,experiment name,risk_low
7046,codenames,Qwen3.6-35B-A3B-FP8-without-reasoning,risk_low,instance_00009,Cluegiver strip words,0
7047,codenames,Qwen3.6-35B-A3B-FP8-without-reasoning,risk_low,instance_00009,Guesser strip words,0
7048,codenames,Qwen3.6-35B-A3B-FP8-without-reasoning,risk_low,instance_00009,Average Cluegiver Number of Targets,0
7049,codenames,Qwen3.6-35B-A3B-FP8-without-reasoning,risk_low,instance_00009,Average Cluegiver Team Precision,0
7050,codenames,Qwen3.6-35B-A3B-FP8-without-reasoning,risk_low,instance_00009,Average Cluegiver Team Recall,0.0
7051,codenames,Qwen3.6-35B-A3B-FP8-without-reasoning,risk_low,instance_00009,Average Cluegiver Team F1,0
7052,codenames,Qwen3.6-35B-A3B-FP8-without-reasoning,risk_low,instance_00009,Average Guesser Number of Guesses,0
7053,codenames,Qwen3.6-35B-A3B-FP8-without-reasoning,risk_low,instance_00009,Average Guesser Number of Revealed Words,0
7054,codenames,Qwen3.6-35B-A3B-FP8-without-reasoning,risk_low,instance_00009,Average Guesser Number of Unrevealed Guesses,0
7055,codenames,Qwen3.6-35B-A3B-FP8-without-reasoning,risk_low,instance_00009,Average Guesser Target Precision,0
7056,codenames,Qwen3.6-35B-A3B-FP8-without-reasoning,risk_low,instance_00009,Average Guesser Target Recall,0
7057,codenames,Qwen3.6-35B-A3B-FP8-without-reasoning,risk_low,instance_00009,Average Guesser Target F1,0
7058,codenames,Qwen3.6-35B-A3B-FP8-without-reasoning,risk_low,instance_00009,Average Guesser Team Precision,0
7059,codenames,Qwen3.6-35B-A3B-FP8-without-reasoning,risk_low,instance_00009,Average Guesser Team Recall,0.0
7060,codenames,Qwen3.6-35B-A3B-FP8-without-reasoning,risk_low,instance_00009,Average Guesser Team F1,0
7061,codenames,Qwen3.6-35B-A3B-FP8-without-reasoning,risk_low,instance_00009,Aborted,1
7062,codenames,Qwen3.6-35B-A3B-FP8-without-reasoning,risk_low,instance_00009,Lose,0
7063,codenames,Qwen3.6-35B-A3B-FP8-without-reasoning,risk_low,instance_00009,Success,0
7064,codenames,Qwen3.6-35B-A3B-FP8-without-reasoning,risk_low,instance_00009,Game ended through assassin,0
7065,codenames,Qwen3.6-35B-A3B-FP8-without-reasoning,risk_low,instance_00009,Episode Recall,0.0
7066,codenames,Qwen3.6-35B-A3B-FP8-without-reasoning,risk_low,instance_00009,Episode Negative Recall,1.0
7067,codenames,Qwen3.6-35B-A3B-FP8-without-reasoning,risk_low,instance_00009,Number of turns,1
7068,codenames,Qwen3.6-35B-A3B-FP8-without-reasoning,risk_low,instance_00009,Efficiency,0.0
7069,codenames,Qwen3.6-35B-A3B-FP8-without-reasoning,risk_low,instance_00009,Request Count,1
7070,codenames,Qwen3.6-35B-A3B-FP8-without-reasoning,risk_low,instance_00009,Parsed Request Count,0
7071,codenames,Qwen3.6-35B-A3B-FP8-without-reasoning,risk_low,instance_00009,Violated Request Count,1
7072,codenames,Qwen3.6-35B-A3B-FP8-without-reasoning,risk_low,instance_00009,Request Success Ratio,0.0
7073,codenames,Qwen3.6-35B-A3B-FP8-without-reasoning,risk_low,instance_00009,Main Score,
7074,codenames,Qwen3.6-35B-A3B-FP8-without-reasoning,opponent_none,instance_00005,experiment variable,Opponent Difficulty
7075,codenames,Qwen3.6-35B-A3B-FP8-without-reasoning,opponent_none,instance_00005,experiment name,opponent_none
7076,codenames,Qwen3.6-35B-A3B-FP8-without-reasoning,opponent_none,instance_00005,Cluegiver strip words,0
7077,codenames,Qwen3.6-35B-A3B-FP8-without-reasoning,opponent_none,instance_00005,Guesser strip words,0
7078,codenames,Qwen3.6-35B-A3B-FP8-without-reasoning,opponent_none,instance_00005,Average Cluegiver Number of Targets,0
7079,codenames,Qwen3.6-35B-A3B-FP8-without-reasoning,opponent_none,instance_00005,Average Cluegiver Team Precision,0
7080,codenames,Qwen3.6-35B-A3B-FP8-without-reasoning,opponent_none,instance_00005,Average Cluegiver Team Recall,0.0
7081,codenames,Qwen3.6-35B-A3B-FP8-without-reasoning,opponent_none,instance_00005,Average Cluegiver Team F1,0
7082,codenames,Qwen3.6-35B-A3B-FP8-without-reasoning,opponent_none,instance_00005,Average Guesser Number of Guesses,0
7083,codenames,Qwen3.6-35B-A3B-FP8-without-reasoning,opponent_none,instance_00005,Average Guesser Number of Revealed Words,0
7084,codenames,Qwen3.6-35B-A3B-FP8-without-reasoning,opponent_none,instance_00005,Average Guesser Number of Unrevealed Guesses,0
7085,codenames,Qwen3.6-35B-A3B-FP8-without-reasoning,opponent_none,instance_00005,Average Guesser Target Precision,0
7086,codenames,Qwen3.6-35B-A3B-FP8-without-reasoning,opponent_none,instance_00005,Average Guesser Target Recall,0
7087,codenames,Qwen3.6-35B-A3B-FP8-without-reasoning,opponent_none,instance_00005,Average Guesser Target F1,0
7088,codenames,Qwen3.6-35B-A3B-FP8-without-reasoning,opponent_none,instance_00005,Average Guesser Team Precision,0
7089,codenames,Qwen3.6-35B-A3B-FP8-without-reasoning,opponent_none,instance_00005,Average Guesser Team Recall,0.0
7090,codenames,Qwen3.6-35B-A3B-FP8-without-reasoning,opponent_none,instance_00005,Average Guesser Team F1,0
7091,codenames,Qwen3.6-35B-A3B-FP8-without-reasoning,opponent_none,instance_00005,Aborted,1
7092,codenames,Qwen3.6-35B-A3B-FP8-without-reasoning,opponent_none,instance_00005,Lose,0
7093,codenames,Qwen3.6-35B-A3B-FP8-without-reasoning,opponent_none,instance_00005,Success,0
7094,codenames,Qwen3.6-35B-A3B-FP8-without-reasoning,opponent_none,instance_00005,Game ended through assassin,0
7095,codenames,Qwen3.6-35B-A3B-FP8-without-reasoning,opponent_none,instance_00005,Episode Recall,0.0
7096,codenames,Qwen3.6-35B-A3B-FP8-without-reasoning,opponent_none,instance_00005,Episode Negative Recall,1.0
7097,codenames,Qwen3.6-35B-A3B-FP8-without-reasoning,opponent_none,instance_00005,Number of turns,1
7098,codenames,Qwen3.6-35B-A3B-FP8-without-reasoning,opponent_none,instance_00005,Efficiency,0.0
7099,codenames,Qwen3.6-35B-A3B-FP8-without-reasoning,opponent_none,instance_00005,Request Count,1
7100,codenames,Qwen3.6-35B-A3B-FP8-without-reasoning,opponent_none,instance_00005,Parsed Request Count,0
7101,codenames,Qwen3.6-35B-A3B-FP8-without-reasoning,opponent_none,instance_00005,Violated Request Count,1
7102,codenames,Qwen3.6-35B-A3B-FP8-without-reasoning,opponent_none,instance_00005,Request Success Ratio,0.0
7103,codenames,Qwen3.6-35B-A3B-FP8-without-reasoning,opponent_none,instance_00005,Main Score,
7104,codenames,Qwen3.6-35B-A3B-FP8-without-reasoning,opponent_none,instance_00002,experiment variable,Opponent Difficulty
7105,codenames,Qwen3.6-35B-A3B-FP8-without-reasoning,opponent_none,instance_00002,experiment name,opponent_none
7106,codenames,Qwen3.6-35B-A3B-FP8-without-reasoning,opponent_none,instance_00002,Cluegiver strip words,0
7107,codenames,Qwen3.6-35B-A3B-FP8-without-reasoning,opponent_none,instance_00002,Guesser strip words,0
7108,codenames,Qwen3.6-35B-A3B-FP8-without-reasoning,opponent_none,instance_00002,Average Cluegiver Number of Targets,0
7109,codenames,Qwen3.6-35B-A3B-FP8-without-reasoning,opponent_none,instance_00002,Average Cluegiver Team Precision,0
7110,codenames,Qwen3.6-35B-A3B-FP8-without-reasoning,opponent_none,instance_00002,Average Cluegiver Team Recall,0.0
7111,codenames,Qwen3.6-35B-A3B-FP8-without-reasoning,opponent_none,instance_00002,Average Cluegiver Team F1,0
7112,codenames,Qwen3.6-35B-A3B-FP8-without-reasoning,opponent_none,instance_00002,Average Guesser Number of Guesses,0
7113,codenames,Qwen3.6-35B-A3B-FP8-without-reasoning,opponent_none,instance_00002,Average Guesser Number of Revealed Words,0
7114,codenames,Qwen3.6-35B-A3B-FP8-without-reasoning,opponent_none,instance_00002,Average Guesser Number of Unrevealed Guesses,0
7115,codenames,Qwen3.6-35B-A3B-FP8-without-reasoning,opponent_none,instance_00002,Average Guesser Target Precision,0
7116,codenames,Qwen3.6-35B-A3B-FP8-without-reasoning,opponent_none,instance_00002,Average Guesser Target Recall,0
7117,codenames,Qwen3.6-35B-A3B-FP8-without-reasoning,opponent_none,instance_00002,Average Guesser Target F1,0
7118,codenames,Qwen3.6-35B-A3B-FP8-without-reasoning,opponent_none,instance_00002,Average Guesser Team Precision,0
7119,codenames,Qwen3.6-35B-A3B-FP8-without-reasoning,opponent_none,instance_00002,Average Guesser Team Recall,0.0
7120,codenames,Qwen3.6-35B-A3B-FP8-without-reasoning,opponent_none,instance_00002,Average Guesser Team F1,0
7121,codenames,Qwen3.6-35B-A3B-FP8-without-reasoning,opponent_none,instance_00002,Aborted,1
7122,codenames,Qwen3.6-35B-A3B-FP8-without-reasoning,opponent_none,instance_00002,Lose,0
7123,codenames,Qwen3.6-35B-A3B-FP8-without-reasoning,opponent_none,instance_00002,Success,0
7124,codenames,Qwen3.6-35B-A3B-FP8-without-reasoning,opponent_none,instance_00002,Game ended through assassin,0
7125,codenames,Qwen3.6-35B-A3B-FP8-without-reasoning,opponent_none,instance_00002,Episode Recall,0.0
7126,codenames,Qwen3.6-35B-A3B-FP8-without-reasoning,opponent_none,instance_00002,Episode Negative Recall,1.0
7127,codenames,Qwen3.6-35B-A3B-FP8-without-reasoning,opponent_none,instance_00002,Number of turns,1
7128,codenames,Qwen3.6-35B-A3B-FP8-without-reasoning,opponent_none,instance_00002,Efficiency,0.0
7129,codenames,Qwen3.6-35B-A3B-FP8-without-reasoning,opponent_none,instance_00002,Request Count,1
7130,codenames,Qwen3.6-35B-A3B-FP8-without-reasoning,opponent_none,instance_00002,Parsed Request Count,0
7131,codenames,Qwen3.6-35B-A3B-FP8-without-reasoning,opponent_none,instance_00002,Violated Request Count,1
7132,codenames,Qwen3.6-35B-A3B-FP8-without-reasoning,opponent_none,instance_00002,Request Success Ratio,0.0
7133,codenames,Qwen3.6-35B-A3B-FP8-without-reasoning,opponent_none,instance_00002,Main Score,
7134,codenames,Qwen3.6-35B-A3B-FP8-without-reasoning,opponent_none,instance_00003,experiment variable,Opponent Difficulty
7135,codenames,Qwen3.6-35B-A3B-FP8-without-reasoning,opponent_none,instance_00003,experiment name,opponent_none
7136,codenames,Qwen3.6-35B-A3B-FP8-without-reasoning,opponent_none,instance_00003,Cluegiver strip words,0
7137,codenames,Qwen3.6-35B-A3B-FP8-without-reasoning,opponent_none,instance_00003,Guesser strip words,0
7138,codenames,Qwen3.6-35B-A3B-FP8-without-reasoning,opponent_none,instance_00003,Average Cluegiver Number of Targets,0
7139,codenames,Qwen3.6-35B-A3B-FP8-without-reasoning,opponent_none,instance_00003,Average Cluegiver Team Precision,0
7140,codenames,Qwen3.6-35B-A3B-FP8-without-reasoning,opponent_none,instance_00003,Average Cluegiver Team Recall,0.0
7141,codenames,Qwen3.6-35B-A3B-FP8-without-reasoning,opponent_none,instance_00003,Average Cluegiver Team F1,0
7142,codenames,Qwen3.6-35B-A3B-FP8-without-reasoning,opponent_none,instance_00003,Average Guesser Number of Guesses,0
7143,codenames,Qwen3.6-35B-A3B-FP8-without-reasoning,opponent_none,instance_00003,Average Guesser Number of Revealed Words,0
7144,codenames,Qwen3.6-35B-A3B-FP8-without-reasoning,opponent_none,instance_00003,Average Guesser Number of Unrevealed Guesses,0
7145,codenames,Qwen3.6-35B-A3B-FP8-without-reasoning,opponent_none,instance_00003,Average Guesser Target Precision,0
7146,codenames,Qwen3.6-35B-A3B-FP8-without-reasoning,opponent_none,instance_00003,Average Guesser Target Recall,0
7147,codenames,Qwen3.6-35B-A3B-FP8-without-reasoning,opponent_none,instance_00003,Average Guesser Target F1,0
7148,codenames,Qwen3.6-35B-A3B-FP8-without-reasoning,opponent_none,instance_00003,Average Guesser Team Precision,0
7149,codenames,Qwen3.6-35B-A3B-FP8-without-reasoning,opponent_none,instance_00003,Average Guesser Team Recall,0.0
7150,codenames,Qwen3.6-35B-A3B-FP8-without-reasoning,opponent_none,instance_00003,Average Guesser Team F1,0
7151,codenames,Qwen3.6-35B-A3B-FP8-without-reasoning,opponent_none,instance_00003,Aborted,1
7152,codenames,Qwen3.6-35B-A3B-FP8-without-reasoning,opponent_none,instance_00003,Lose,0
7153,codenames,Qwen3.6-35B-A3B-FP8-without-reasoning,opponent_none,instance_00003,Success,0
7154,codenames,Qwen3.6-35B-A3B-FP8-without-reasoning,opponent_none,instance_00003,Game ended through assassin,0
7155,codenames,Qwen3.6-35B-A3B-FP8-without-reasoning,opponent_none,instance_00003,Episode Recall,0.0
7156,codenames,Qwen3.6-35B-A3B-FP8-without-reasoning,opponent_none,instance_00003,Episode Negative Recall,1.0
7157,codenames,Qwen3.6-35B-A3B-FP8-without-reasoning,opponent_none,instance_00003,Number of turns,1
7158,codenames,Qwen3.6-35B-A3B-FP8-without-reasoning,opponent_none,instance_00003,Efficiency,0.0
7159,codenames,Qwen3.6-35B-A3B-FP8-without-reasoning,opponent_none,instance_00003,Request Count,1
7160,codenames,Qwen3.6-35B-A3B-FP8-without-reasoning,opponent_none,instance_00003,Parsed Request Count,0
7161,codenames,Qwen3.6-35B-A3B-FP8-without-reasoning,opponent_none,instance_00003,Violated Request Count,1
7162,codenames,Qwen3.6-35B-A3B-FP8-without-reasoning,opponent_none,instance_00003,Request Success Ratio,0.0
7163,codenames,Qwen3.6-35B-A3B-FP8-without-reasoning,opponent_none,instance_00003,Main Score,
7164,codenames,Qwen3.6-35B-A3B-FP8-without-reasoning,opponent_none,instance_00004,experiment variable,Opponent Difficulty
7165,codenames,Qwen3.6-35B-A3B-FP8-without-reasoning,opponent_none,instance_00004,experiment name,opponent_none
7166,codenames,Qwen3.6-35B-A3B-FP8-without-reasoning,opponent_none,instance_00004,Cluegiver strip words,0
7167,codenames,Qwen3.6-35B-A3B-FP8-without-reasoning,opponent_none,instance_00004,Guesser strip words,0
7168,codenames,Qwen3.6-35B-A3B-FP8-without-reasoning,opponent_none,instance_00004,Average Cluegiver Number of Targets,0
7169,codenames,Qwen3.6-35B-A3B-FP8-without-reasoning,opponent_none,instance_00004,Average Cluegiver Team Precision,0
7170,codenames,Qwen3.6-35B-A3B-FP8-without-reasoning,opponent_none,instance_00004,Average Cluegiver Team Recall,0.0
7171,codenames,Qwen3.6-35B-A3B-FP8-without-reasoning,opponent_none,instance_00004,Average Cluegiver Team F1,0
7172,codenames,Qwen3.6-35B-A3B-FP8-without-reasoning,opponent_none,instance_00004,Average Guesser Number of Guesses,0
7173,codenames,Qwen3.6-35B-A3B-FP8-without-reasoning,opponent_none,instance_00004,Average Guesser Number of Revealed Words,0
7174,codenames,Qwen3.6-35B-A3B-FP8-without-reasoning,opponent_none,instance_00004,Average Guesser Number of Unrevealed Guesses,0
7175,codenames,Qwen3.6-35B-A3B-FP8-without-reasoning,opponent_none,instance_00004,Average Guesser Target Precision,0
7176,codenames,Qwen3.6-35B-A3B-FP8-without-reasoning,opponent_none,instance_00004,Average Guesser Target Recall,0
7177,codenames,Qwen3.6-35B-A3B-FP8-without-reasoning,opponent_none,instance_00004,Average Guesser Target F1,0
7178,codenames,Qwen3.6-35B-A3B-FP8-without-reasoning,opponent_none,instance_00004,Average Guesser Team Precision,0
7179,codenames,Qwen3.6-35B-A3B-FP8-without-reasoning,opponent_none,instance_00004,Average Guesser Team Recall,0.0
7180,codenames,Qwen3.6-35B-A3B-FP8-without-reasoning,opponent_none,instance_00004,Average Guesser Team F1,0
7181,codenames,Qwen3.6-35B-A3B-FP8-without-reasoning,opponent_none,instance_00004,Aborted,1
7182,codenames,Qwen3.6-35B-A3B-FP8-without-reasoning,opponent_none,instance_00004,Lose,0
7183,codenames,Qwen3.6-35B-A3B-FP8-without-reasoning,opponent_none,instance_00004,Success,0
7184,codenames,Qwen3.6-35B-A3B-FP8-without-reasoning,opponent_none,instance_00004,Game ended through assassin,0
7185,codenames,Qwen3.6-35B-A3B-FP8-without-reasoning,opponent_none,instance_00004,Episode Recall,0.0
7186,codenames,Qwen3.6-35B-A3B-FP8-without-reasoning,opponent_none,instance_00004,Episode Negative Recall,1.0
7187,codenames,Qwen3.6-35B-A3B-FP8-without-reasoning,opponent_none,instance_00004,Number of turns,1
7188,codenames,Qwen3.6-35B-A3B-FP8-without-reasoning,opponent_none,instance_00004,Efficiency,0.0
7189,codenames,Qwen3.6-35B-A3B-FP8-without-reasoning,opponent_none,instance_00004,Request Count,1
7190,codenames,Qwen3.6-35B-A3B-FP8-without-reasoning,opponent_none,instance_00004,Parsed Request Count,0
7191,codenames,Qwen3.6-35B-A3B-FP8-without-reasoning,opponent_none,instance_00004,Violated Request Count,1
7192,codenames,Qwen3.6-35B-A3B-FP8-without-reasoning,opponent_none,instance_00004,Request Success Ratio,0.0
7193,codenames,Qwen3.6-35B-A3B-FP8-without-reasoning,opponent_none,instance_00004,Main Score,
7194,codenames,Qwen3.6-35B-A3B-FP8-without-reasoning,opponent_none,instance_00008,experiment variable,Opponent Difficulty
7195,codenames,Qwen3.6-35B-A3B-FP8-without-reasoning,opponent_none,instance_00008,experiment name,opponent_none
7196,codenames,Qwen3.6-35B-A3B-FP8-without-reasoning,opponent_none,instance_00008,Cluegiver strip words,0
7197,codenames,Qwen3.6-35B-A3B-FP8-without-reasoning,opponent_none,instance_00008,Guesser strip words,0
7198,codenames,Qwen3.6-35B-A3B-FP8-without-reasoning,opponent_none,instance_00008,Average Cluegiver Number of Targets,0
7199,codenames,Qwen3.6-35B-A3B-FP8-without-reasoning,opponent_none,instance_00008,Average Cluegiver Team Precision,0
7200,codenames,Qwen3.6-35B-A3B-FP8-without-reasoning,opponent_none,instance_00008,Average Cluegiver Team Recall,0.0
7201,codenames,Qwen3.6-35B-A3B-FP8-without-reasoning,opponent_none,instance_00008,Average Cluegiver Team F1,0
7202,codenames,Qwen3.6-35B-A3B-FP8-without-reasoning,opponent_none,instance_00008,Average Guesser Number of Guesses,0
7203,codenames,Qwen3.6-35B-A3B-FP8-without-reasoning,opponent_none,instance_00008,Average Guesser Number of Revealed Words,0
7204,codenames,Qwen3.6-35B-A3B-FP8-without-reasoning,opponent_none,instance_00008,Average Guesser Number of Unrevealed Guesses,0
7205,codenames,Qwen3.6-35B-A3B-FP8-without-reasoning,opponent_none,instance_00008,Average Guesser Target Precision,0
7206,codenames,Qwen3.6-35B-A3B-FP8-without-reasoning,opponent_none,instance_00008,Average Guesser Target Recall,0
7207,codenames,Qwen3.6-35B-A3B-FP8-without-reasoning,opponent_none,instance_00008,Average Guesser Target F1,0
7208,codenames,Qwen3.6-35B-A3B-FP8-without-reasoning,opponent_none,instance_00008,Average Guesser Team Precision,0
7209,codenames,Qwen3.6-35B-A3B-FP8-without-reasoning,opponent_none,instance_00008,Average Guesser Team Recall,0.0
7210,codenames,Qwen3.6-35B-A3B-FP8-without-reasoning,opponent_none,instance_00008,Average Guesser Team F1,0
7211,codenames,Qwen3.6-35B-A3B-FP8-without-reasoning,opponent_none,instance_00008,Aborted,1
7212,codenames,Qwen3.6-35B-A3B-FP8-without-reasoning,opponent_none,instance_00008,Lose,0
7213,codenames,Qwen3.6-35B-A3B-FP8-without-reasoning,opponent_none,instance_00008,Success,0
7214,codenames,Qwen3.6-35B-A3B-FP8-without-reasoning,opponent_none,instance_00008,Game ended through assassin,0
7215,codenames,Qwen3.6-35B-A3B-FP8-without-reasoning,opponent_none,instance_00008,Episode Recall,0.0
7216,codenames,Qwen3.6-35B-A3B-FP8-without-reasoning,opponent_none,instance_00008,Episode Negative Recall,1.0
7217,codenames,Qwen3.6-35B-A3B-FP8-without-reasoning,opponent_none,instance_00008,Number of turns,1
7218,codenames,Qwen3.6-35B-A3B-FP8-without-reasoning,opponent_none,instance_00008,Efficiency,0.0
7219,codenames,Qwen3.6-35B-A3B-FP8-without-reasoning,opponent_none,instance_00008,Request Count,1
7220,codenames,Qwen3.6-35B-A3B-FP8-without-reasoning,opponent_none,instance_00008,Parsed Request Count,0
7221,codenames,Qwen3.6-35B-A3B-FP8-without-reasoning,opponent_none,instance_00008,Violated Request Count,1
7222,codenames,Qwen3.6-35B-A3B-FP8-without-reasoning,opponent_none,instance_00008,Request Success Ratio,0.0
7223,codenames,Qwen3.6-35B-A3B-FP8-without-reasoning,opponent_none,instance_00008,Main Score,
7224,codenames,Qwen3.6-35B-A3B-FP8-without-reasoning,opponent_none,instance_00001,experiment variable,Opponent Difficulty
7225,codenames,Qwen3.6-35B-A3B-FP8-without-reasoning,opponent_none,instance_00001,experiment name,opponent_none
7226,codenames,Qwen3.6-35B-A3B-FP8-without-reasoning,opponent_none,instance_00001,Cluegiver strip words,0
7227,codenames,Qwen3.6-35B-A3B-FP8-without-reasoning,opponent_none,instance_00001,Guesser strip words,0
7228,codenames,Qwen3.6-35B-A3B-FP8-without-reasoning,opponent_none,instance_00001,Average Cluegiver Number of Targets,0
7229,codenames,Qwen3.6-35B-A3B-FP8-without-reasoning,opponent_none,instance_00001,Average Cluegiver Team Precision,0
7230,codenames,Qwen3.6-35B-A3B-FP8-without-reasoning,opponent_none,instance_00001,Average Cluegiver Team Recall,0.0
7231,codenames,Qwen3.6-35B-A3B-FP8-without-reasoning,opponent_none,instance_00001,Average Cluegiver Team F1,0
7232,codenames,Qwen3.6-35B-A3B-FP8-without-reasoning,opponent_none,instance_00001,Average Guesser Number of Guesses,0
7233,codenames,Qwen3.6-35B-A3B-FP8-without-reasoning,opponent_none,instance_00001,Average Guesser Number of Revealed Words,0
7234,codenames,Qwen3.6-35B-A3B-FP8-without-reasoning,opponent_none,instance_00001,Average Guesser Number of Unrevealed Guesses,0
7235,codenames,Qwen3.6-35B-A3B-FP8-without-reasoning,opponent_none,instance_00001,Average Guesser Target Precision,0
7236,codenames,Qwen3.6-35B-A3B-FP8-without-reasoning,opponent_none,instance_00001,Average Guesser Target Recall,0
7237,codenames,Qwen3.6-35B-A3B-FP8-without-reasoning,opponent_none,instance_00001,Average Guesser Target F1,0
7238,codenames,Qwen3.6-35B-A3B-FP8-without-reasoning,opponent_none,instance_00001,Average Guesser Team Precision,0
7239,codenames,Qwen3.6-35B-A3B-FP8-without-reasoning,opponent_none,instance_00001,Average Guesser Team Recall,0.0
7240,codenames,Qwen3.6-35B-A3B-FP8-without-reasoning,opponent_none,instance_00001,Average Guesser Team F1,0
7241,codenames,Qwen3.6-35B-A3B-FP8-without-reasoning,opponent_none,instance_00001,Aborted,1
7242,codenames,Qwen3.6-35B-A3B-FP8-without-reasoning,opponent_none,instance_00001,Lose,0
7243,codenames,Qwen3.6-35B-A3B-FP8-without-reasoning,opponent_none,instance_00001,Success,0
7244,codenames,Qwen3.6-35B-A3B-FP8-without-reasoning,opponent_none,instance_00001,Game ended through assassin,0
7245,codenames,Qwen3.6-35B-A3B-FP8-without-reasoning,opponent_none,instance_00001,Episode Recall,0.0
7246,codenames,Qwen3.6-35B-A3B-FP8-without-reasoning,opponent_none,instance_00001,Episode Negative Recall,1.0
7247,codenames,Qwen3.6-35B-A3B-FP8-without-reasoning,opponent_none,instance_00001,Number of turns,1
7248,codenames,Qwen3.6-35B-A3B-FP8-without-reasoning,opponent_none,instance_00001,Efficiency,0.0
7249,codenames,Qwen3.6-35B-A3B-FP8-without-reasoning,opponent_none,instance_00001,Request Count,1
7250,codenames,Qwen3.6-35B-A3B-FP8-without-reasoning,opponent_none,instance_00001,Parsed Request Count,0
7251,codenames,Qwen3.6-35B-A3B-FP8-without-reasoning,opponent_none,instance_00001,Violated Request Count,1
7252,codenames,Qwen3.6-35B-A3B-FP8-without-reasoning,opponent_none,instance_00001,Request Success Ratio,0.0
7253,codenames,Qwen3.6-35B-A3B-FP8-without-reasoning,opponent_none,instance_00001,Main Score,
7254,codenames,Qwen3.6-35B-A3B-FP8-without-reasoning,opponent_none,instance_00006,experiment variable,Opponent Difficulty
7255,codenames,Qwen3.6-35B-A3B-FP8-without-reasoning,opponent_none,instance_00006,experiment name,opponent_none
7256,codenames,Qwen3.6-35B-A3B-FP8-without-reasoning,opponent_none,instance_00006,Cluegiver strip words,0
7257,codenames,Qwen3.6-35B-A3B-FP8-without-reasoning,opponent_none,instance_00006,Guesser strip words,0
7258,codenames,Qwen3.6-35B-A3B-FP8-without-reasoning,opponent_none,instance_00006,Average Cluegiver Number of Targets,0
7259,codenames,Qwen3.6-35B-A3B-FP8-without-reasoning,opponent_none,instance_00006,Average Cluegiver Team Precision,0
7260,codenames,Qwen3.6-35B-A3B-FP8-without-reasoning,opponent_none,instance_00006,Average Cluegiver Team Recall,0.0
7261,codenames,Qwen3.6-35B-A3B-FP8-without-reasoning,opponent_none,instance_00006,Average Cluegiver Team F1,0
7262,codenames,Qwen3.6-35B-A3B-FP8-without-reasoning,opponent_none,instance_00006,Average Guesser Number of Guesses,0
7263,codenames,Qwen3.6-35B-A3B-FP8-without-reasoning,opponent_none,instance_00006,Average Guesser Number of Revealed Words,0
7264,codenames,Qwen3.6-35B-A3B-FP8-without-reasoning,opponent_none,instance_00006,Average Guesser Number of Unrevealed Guesses,0
7265,codenames,Qwen3.6-35B-A3B-FP8-without-reasoning,opponent_none,instance_00006,Average Guesser Target Precision,0
7266,codenames,Qwen3.6-35B-A3B-FP8-without-reasoning,opponent_none,instance_00006,Average Guesser Target Recall,0
7267,codenames,Qwen3.6-35B-A3B-FP8-without-reasoning,opponent_none,instance_00006,Average Guesser Target F1,0
7268,codenames,Qwen3.6-35B-A3B-FP8-without-reasoning,opponent_none,instance_00006,Average Guesser Team Precision,0
7269,codenames,Qwen3.6-35B-A3B-FP8-without-reasoning,opponent_none,instance_00006,Average Guesser Team Recall,0.0
7270,codenames,Qwen3.6-35B-A3B-FP8-without-reasoning,opponent_none,instance_00006,Average Guesser Team F1,0
7271,codenames,Qwen3.6-35B-A3B-FP8-without-reasoning,opponent_none,instance_00006,Aborted,1
7272,codenames,Qwen3.6-35B-A3B-FP8-without-reasoning,opponent_none,instance_00006,Lose,0
7273,codenames,Qwen3.6-35B-A3B-FP8-without-reasoning,opponent_none,instance_00006,Success,0
7274,codenames,Qwen3.6-35B-A3B-FP8-without-reasoning,opponent_none,instance_00006,Game ended through assassin,0
7275,codenames,Qwen3.6-35B-A3B-FP8-without-reasoning,opponent_none,instance_00006,Episode Recall,0.0
7276,codenames,Qwen3.6-35B-A3B-FP8-without-reasoning,opponent_none,instance_00006,Episode Negative Recall,1.0
7277,codenames,Qwen3.6-35B-A3B-FP8-without-reasoning,opponent_none,instance_00006,Number of turns,1
7278,codenames,Qwen3.6-35B-A3B-FP8-without-reasoning,opponent_none,instance_00006,Efficiency,0.0
7279,codenames,Qwen3.6-35B-A3B-FP8-without-reasoning,opponent_none,instance_00006,Request Count,1
7280,codenames,Qwen3.6-35B-A3B-FP8-without-reasoning,opponent_none,instance_00006,Parsed Request Count,0
7281,codenames,Qwen3.6-35B-A3B-FP8-without-reasoning,opponent_none,instance_00006,Violated Request Count,1
7282,codenames,Qwen3.6-35B-A3B-FP8-without-reasoning,opponent_none,instance_00006,Request Success Ratio,0.0
7283,codenames,Qwen3.6-35B-A3B-FP8-without-reasoning,opponent_none,instance_00006,Main Score,
7284,codenames,Qwen3.6-35B-A3B-FP8-without-reasoning,opponent_none,instance_00007,experiment variable,Opponent Difficulty
7285,codenames,Qwen3.6-35B-A3B-FP8-without-reasoning,opponent_none,instance_00007,experiment name,opponent_none
7286,codenames,Qwen3.6-35B-A3B-FP8-without-reasoning,opponent_none,instance_00007,Cluegiver strip words,0
7287,codenames,Qwen3.6-35B-A3B-FP8-without-reasoning,opponent_none,instance_00007,Guesser strip words,0
7288,codenames,Qwen3.6-35B-A3B-FP8-without-reasoning,opponent_none,instance_00007,Average Cluegiver Number of Targets,0
7289,codenames,Qwen3.6-35B-A3B-FP8-without-reasoning,opponent_none,instance_00007,Average Cluegiver Team Precision,0
7290,codenames,Qwen3.6-35B-A3B-FP8-without-reasoning,opponent_none,instance_00007,Average Cluegiver Team Recall,0.0
7291,codenames,Qwen3.6-35B-A3B-FP8-without-reasoning,opponent_none,instance_00007,Average Cluegiver Team F1,0
7292,codenames,Qwen3.6-35B-A3B-FP8-without-reasoning,opponent_none,instance_00007,Average Guesser Number of Guesses,0
7293,codenames,Qwen3.6-35B-A3B-FP8-without-reasoning,opponent_none,instance_00007,Average Guesser Number of Revealed Words,0
7294,codenames,Qwen3.6-35B-A3B-FP8-without-reasoning,opponent_none,instance_00007,Average Guesser Number of Unrevealed Guesses,0
7295,codenames,Qwen3.6-35B-A3B-FP8-without-reasoning,opponent_none,instance_00007,Average Guesser Target Precision,0
7296,codenames,Qwen3.6-35B-A3B-FP8-without-reasoning,opponent_none,instance_00007,Average Guesser Target Recall,0
7297,codenames,Qwen3.6-35B-A3B-FP8-without-reasoning,opponent_none,instance_00007,Average Guesser Target F1,0
7298,codenames,Qwen3.6-35B-A3B-FP8-without-reasoning,opponent_none,instance_00007,Average Guesser Team Precision,0
7299,codenames,Qwen3.6-35B-A3B-FP8-without-reasoning,opponent_none,instance_00007,Average Guesser Team Recall,0.0
7300,codenames,Qwen3.6-35B-A3B-FP8-without-reasoning,opponent_none,instance_00007,Average Guesser Team F1,0
7301,codenames,Qwen3.6-35B-A3B-FP8-without-reasoning,opponent_none,instance_00007,Aborted,1
7302,codenames,Qwen3.6-35B-A3B-FP8-without-reasoning,opponent_none,instance_00007,Lose,0
7303,codenames,Qwen3.6-35B-A3B-FP8-without-reasoning,opponent_none,instance_00007,Success,0
7304,codenames,Qwen3.6-35B-A3B-FP8-without-reasoning,opponent_none,instance_00007,Game ended through assassin,0
7305,codenames,Qwen3.6-35B-A3B-FP8-without-reasoning,opponent_none,instance_00007,Episode Recall,0.0
7306,codenames,Qwen3.6-35B-A3B-FP8-without-reasoning,opponent_none,instance_00007,Episode Negative Recall,1.0
7307,codenames,Qwen3.6-35B-A3B-FP8-without-reasoning,opponent_none,instance_00007,Number of turns,1
7308,codenames,Qwen3.6-35B-A3B-FP8-without-reasoning,opponent_none,instance_00007,Efficiency,0.0
7309,codenames,Qwen3.6-35B-A3B-FP8-without-reasoning,opponent_none,instance_00007,Request Count,1
7310,codenames,Qwen3.6-35B-A3B-FP8-without-reasoning,opponent_none,instance_00007,Parsed Request Count,0
7311,codenames,Qwen3.6-35B-A3B-FP8-without-reasoning,opponent_none,instance_00007,Violated Request Count,1
7312,codenames,Qwen3.6-35B-A3B-FP8-without-reasoning,opponent_none,instance_00007,Request Success Ratio,0.0
7313,codenames,Qwen3.6-35B-A3B-FP8-without-reasoning,opponent_none,instance_00007,Main Score,
7314,codenames,Qwen3.6-35B-A3B-FP8-without-reasoning,opponent_none,instance_00000,experiment variable,Opponent Difficulty
7315,codenames,Qwen3.6-35B-A3B-FP8-without-reasoning,opponent_none,instance_00000,experiment name,opponent_none
7316,codenames,Qwen3.6-35B-A3B-FP8-without-reasoning,opponent_none,instance_00000,Cluegiver strip words,0
7317,codenames,Qwen3.6-35B-A3B-FP8-without-reasoning,opponent_none,instance_00000,Guesser strip words,0
7318,codenames,Qwen3.6-35B-A3B-FP8-without-reasoning,opponent_none,instance_00000,Average Cluegiver Number of Targets,0
7319,codenames,Qwen3.6-35B-A3B-FP8-without-reasoning,opponent_none,instance_00000,Average Cluegiver Team Precision,0
7320,codenames,Qwen3.6-35B-A3B-FP8-without-reasoning,opponent_none,instance_00000,Average Cluegiver Team Recall,0.0
7321,codenames,Qwen3.6-35B-A3B-FP8-without-reasoning,opponent_none,instance_00000,Average Cluegiver Team F1,0
7322,codenames,Qwen3.6-35B-A3B-FP8-without-reasoning,opponent_none,instance_00000,Average Guesser Number of Guesses,0
7323,codenames,Qwen3.6-35B-A3B-FP8-without-reasoning,opponent_none,instance_00000,Average Guesser Number of Revealed Words,0
7324,codenames,Qwen3.6-35B-A3B-FP8-without-reasoning,opponent_none,instance_00000,Average Guesser Number of Unrevealed Guesses,0
7325,codenames,Qwen3.6-35B-A3B-FP8-without-reasoning,opponent_none,instance_00000,Average Guesser Target Precision,0
7326,codenames,Qwen3.6-35B-A3B-FP8-without-reasoning,opponent_none,instance_00000,Average Guesser Target Recall,0
7327,codenames,Qwen3.6-35B-A3B-FP8-without-reasoning,opponent_none,instance_00000,Average Guesser Target F1,0
7328,codenames,Qwen3.6-35B-A3B-FP8-without-reasoning,opponent_none,instance_00000,Average Guesser Team Precision,0
7329,codenames,Qwen3.6-35B-A3B-FP8-without-reasoning,opponent_none,instance_00000,Average Guesser Team Recall,0.0
7330,codenames,Qwen3.6-35B-A3B-FP8-without-reasoning,opponent_none,instance_00000,Average Guesser Team F1,0
7331,codenames,Qwen3.6-35B-A3B-FP8-without-reasoning,opponent_none,instance_00000,Aborted,1
7332,codenames,Qwen3.6-35B-A3B-FP8-without-reasoning,opponent_none,instance_00000,Lose,0
7333,codenames,Qwen3.6-35B-A3B-FP8-without-reasoning,opponent_none,instance_00000,Success,0
7334,codenames,Qwen3.6-35B-A3B-FP8-without-reasoning,opponent_none,instance_00000,Game ended through assassin,0
7335,codenames,Qwen3.6-35B-A3B-FP8-without-reasoning,opponent_none,instance_00000,Episode Recall,0.0
7336,codenames,Qwen3.6-35B-A3B-FP8-without-reasoning,opponent_none,instance_00000,Episode Negative Recall,1.0
7337,codenames,Qwen3.6-35B-A3B-FP8-without-reasoning,opponent_none,instance_00000,Number of turns,1
7338,codenames,Qwen3.6-35B-A3B-FP8-without-reasoning,opponent_none,instance_00000,Efficiency,0.0
7339,codenames,Qwen3.6-35B-A3B-FP8-without-reasoning,opponent_none,instance_00000,Request Count,1
7340,codenames,Qwen3.6-35B-A3B-FP8-without-reasoning,opponent_none,instance_00000,Parsed Request Count,0
7341,codenames,Qwen3.6-35B-A3B-FP8-without-reasoning,opponent_none,instance_00000,Violated Request Count,1
7342,codenames,Qwen3.6-35B-A3B-FP8-without-reasoning,opponent_none,instance_00000,Request Success Ratio,0.0
7343,codenames,Qwen3.6-35B-A3B-FP8-without-reasoning,opponent_none,instance_00000,Main Score,
7344,codenames,Qwen3.6-35B-A3B-FP8-without-reasoning,opponent_none,instance_00009,experiment variable,Opponent Difficulty
7345,codenames,Qwen3.6-35B-A3B-FP8-without-reasoning,opponent_none,instance_00009,experiment name,opponent_none
7346,codenames,Qwen3.6-35B-A3B-FP8-without-reasoning,opponent_none,instance_00009,Cluegiver strip words,0
7347,codenames,Qwen3.6-35B-A3B-FP8-without-reasoning,opponent_none,instance_00009,Guesser strip words,0
7348,codenames,Qwen3.6-35B-A3B-FP8-without-reasoning,opponent_none,instance_00009,Average Cluegiver Number of Targets,0
7349,codenames,Qwen3.6-35B-A3B-FP8-without-reasoning,opponent_none,instance_00009,Average Cluegiver Team Precision,0
7350,codenames,Qwen3.6-35B-A3B-FP8-without-reasoning,opponent_none,instance_00009,Average Cluegiver Team Recall,0.0
7351,codenames,Qwen3.6-35B-A3B-FP8-without-reasoning,opponent_none,instance_00009,Average Cluegiver Team F1,0
7352,codenames,Qwen3.6-35B-A3B-FP8-without-reasoning,opponent_none,instance_00009,Average Guesser Number of Guesses,0
7353,codenames,Qwen3.6-35B-A3B-FP8-without-reasoning,opponent_none,instance_00009,Average Guesser Number of Revealed Words,0
7354,codenames,Qwen3.6-35B-A3B-FP8-without-reasoning,opponent_none,instance_00009,Average Guesser Number of Unrevealed Guesses,0
7355,codenames,Qwen3.6-35B-A3B-FP8-without-reasoning,opponent_none,instance_00009,Average Guesser Target Precision,0
7356,codenames,Qwen3.6-35B-A3B-FP8-without-reasoning,opponent_none,instance_00009,Average Guesser Target Recall,0
7357,codenames,Qwen3.6-35B-A3B-FP8-without-reasoning,opponent_none,instance_00009,Average Guesser Target F1,0
7358,codenames,Qwen3.6-35B-A3B-FP8-without-reasoning,opponent_none,instance_00009,Average Guesser Team Precision,0
7359,codenames,Qwen3.6-35B-A3B-FP8-without-reasoning,opponent_none,instance_00009,Average Guesser Team Recall,0.0
7360,codenames,Qwen3.6-35B-A3B-FP8-without-reasoning,opponent_none,instance_00009,Average Guesser Team F1,0
7361,codenames,Qwen3.6-35B-A3B-FP8-without-reasoning,opponent_none,instance_00009,Aborted,1
7362,codenames,Qwen3.6-35B-A3B-FP8-without-reasoning,opponent_none,instance_00009,Lose,0
7363,codenames,Qwen3.6-35B-A3B-FP8-without-reasoning,opponent_none,instance_00009,Success,0
7364,codenames,Qwen3.6-35B-A3B-FP8-without-reasoning,opponent_none,instance_00009,Game ended through assassin,0
7365,codenames,Qwen3.6-35B-A3B-FP8-without-reasoning,opponent_none,instance_00009,Episode Recall,0.0
7366,codenames,Qwen3.6-35B-A3B-FP8-without-reasoning,opponent_none,instance_00009,Episode Negative Recall,1.0
7367,codenames,Qwen3.6-35B-A3B-FP8-without-reasoning,opponent_none,instance_00009,Number of turns,1
7368,codenames,Qwen3.6-35B-A3B-FP8-without-reasoning,opponent_none,instance_00009,Efficiency,0.0
7369,codenames,Qwen3.6-35B-A3B-FP8-without-reasoning,opponent_none,instance_00009,Request Count,1
7370,codenames,Qwen3.6-35B-A3B-FP8-without-reasoning,opponent_none,instance_00009,Parsed Request Count,0
7371,codenames,Qwen3.6-35B-A3B-FP8-without-reasoning,opponent_none,instance_00009,Violated Request Count,1
7372,codenames,Qwen3.6-35B-A3B-FP8-without-reasoning,opponent_none,instance_00009,Request Success Ratio,0.0
7373,codenames,Qwen3.6-35B-A3B-FP8-without-reasoning,opponent_none,instance_00009,Main Score,
7374,codenames,Qwen3.6-35B-A3B-FP8-without-reasoning,risk_high,instance_00005,experiment variable,Risk
7375,codenames,Qwen3.6-35B-A3B-FP8-without-reasoning,risk_high,instance_00005,experiment name,risk_high
7376,codenames,Qwen3.6-35B-A3B-FP8-without-reasoning,risk_high,instance_00005,Cluegiver strip words,0
7377,codenames,Qwen3.6-35B-A3B-FP8-without-reasoning,risk_high,instance_00005,Guesser strip words,0
7378,codenames,Qwen3.6-35B-A3B-FP8-without-reasoning,risk_high,instance_00005,Average Cluegiver Number of Targets,0
7379,codenames,Qwen3.6-35B-A3B-FP8-without-reasoning,risk_high,instance_00005,Average Cluegiver Team Precision,0
7380,codenames,Qwen3.6-35B-A3B-FP8-without-reasoning,risk_high,instance_00005,Average Cluegiver Team Recall,0.0
7381,codenames,Qwen3.6-35B-A3B-FP8-without-reasoning,risk_high,instance_00005,Average Cluegiver Team F1,0
7382,codenames,Qwen3.6-35B-A3B-FP8-without-reasoning,risk_high,instance_00005,Average Guesser Number of Guesses,0
7383,codenames,Qwen3.6-35B-A3B-FP8-without-reasoning,risk_high,instance_00005,Average Guesser Number of Revealed Words,0
7384,codenames,Qwen3.6-35B-A3B-FP8-without-reasoning,risk_high,instance_00005,Average Guesser Number of Unrevealed Guesses,0
7385,codenames,Qwen3.6-35B-A3B-FP8-without-reasoning,risk_high,instance_00005,Average Guesser Target Precision,0
7386,codenames,Qwen3.6-35B-A3B-FP8-without-reasoning,risk_high,instance_00005,Average Guesser Target Recall,0
7387,codenames,Qwen3.6-35B-A3B-FP8-without-reasoning,risk_high,instance_00005,Average Guesser Target F1,0
7388,codenames,Qwen3.6-35B-A3B-FP8-without-reasoning,risk_high,instance_00005,Average Guesser Team Precision,0
7389,codenames,Qwen3.6-35B-A3B-FP8-without-reasoning,risk_high,instance_00005,Average Guesser Team Recall,0.0
7390,codenames,Qwen3.6-35B-A3B-FP8-without-reasoning,risk_high,instance_00005,Average Guesser Team F1,0
7391,codenames,Qwen3.6-35B-A3B-FP8-without-reasoning,risk_high,instance_00005,Aborted,1
7392,codenames,Qwen3.6-35B-A3B-FP8-without-reasoning,risk_high,instance_00005,Lose,0
7393,codenames,Qwen3.6-35B-A3B-FP8-without-reasoning,risk_high,instance_00005,Success,0
7394,codenames,Qwen3.6-35B-A3B-FP8-without-reasoning,risk_high,instance_00005,Game ended through assassin,0
7395,codenames,Qwen3.6-35B-A3B-FP8-without-reasoning,risk_high,instance_00005,Episode Recall,0.0
7396,codenames,Qwen3.6-35B-A3B-FP8-without-reasoning,risk_high,instance_00005,Episode Negative Recall,1.0
7397,codenames,Qwen3.6-35B-A3B-FP8-without-reasoning,risk_high,instance_00005,Number of turns,1
7398,codenames,Qwen3.6-35B-A3B-FP8-without-reasoning,risk_high,instance_00005,Efficiency,0.0
7399,codenames,Qwen3.6-35B-A3B-FP8-without-reasoning,risk_high,instance_00005,Request Count,1
7400,codenames,Qwen3.6-35B-A3B-FP8-without-reasoning,risk_high,instance_00005,Parsed Request Count,0
7401,codenames,Qwen3.6-35B-A3B-FP8-without-reasoning,risk_high,instance_00005,Violated Request Count,1
7402,codenames,Qwen3.6-35B-A3B-FP8-without-reasoning,risk_high,instance_00005,Request Success Ratio,0.0
7403,codenames,Qwen3.6-35B-A3B-FP8-without-reasoning,risk_high,instance_00005,Main Score,
7404,codenames,Qwen3.6-35B-A3B-FP8-without-reasoning,risk_high,instance_00002,experiment variable,Risk
7405,codenames,Qwen3.6-35B-A3B-FP8-without-reasoning,risk_high,instance_00002,experiment name,risk_high
7406,codenames,Qwen3.6-35B-A3B-FP8-without-reasoning,risk_high,instance_00002,Cluegiver strip words,0
7407,codenames,Qwen3.6-35B-A3B-FP8-without-reasoning,risk_high,instance_00002,Guesser strip words,0
7408,codenames,Qwen3.6-35B-A3B-FP8-without-reasoning,risk_high,instance_00002,Average Cluegiver Number of Targets,0
7409,codenames,Qwen3.6-35B-A3B-FP8-without-reasoning,risk_high,instance_00002,Average Cluegiver Team Precision,0
7410,codenames,Qwen3.6-35B-A3B-FP8-without-reasoning,risk_high,instance_00002,Average Cluegiver Team Recall,0.0
7411,codenames,Qwen3.6-35B-A3B-FP8-without-reasoning,risk_high,instance_00002,Average Cluegiver Team F1,0
7412,codenames,Qwen3.6-35B-A3B-FP8-without-reasoning,risk_high,instance_00002,Average Guesser Number of Guesses,0
7413,codenames,Qwen3.6-35B-A3B-FP8-without-reasoning,risk_high,instance_00002,Average Guesser Number of Revealed Words,0
7414,codenames,Qwen3.6-35B-A3B-FP8-without-reasoning,risk_high,instance_00002,Average Guesser Number of Unrevealed Guesses,0
7415,codenames,Qwen3.6-35B-A3B-FP8-without-reasoning,risk_high,instance_00002,Average Guesser Target Precision,0
7416,codenames,Qwen3.6-35B-A3B-FP8-without-reasoning,risk_high,instance_00002,Average Guesser Target Recall,0
7417,codenames,Qwen3.6-35B-A3B-FP8-without-reasoning,risk_high,instance_00002,Average Guesser Target F1,0
7418,codenames,Qwen3.6-35B-A3B-FP8-without-reasoning,risk_high,instance_00002,Average Guesser Team Precision,0
7419,codenames,Qwen3.6-35B-A3B-FP8-without-reasoning,risk_high,instance_00002,Average Guesser Team Recall,0.0
7420,codenames,Qwen3.6-35B-A3B-FP8-without-reasoning,risk_high,instance_00002,Average Guesser Team F1,0
7421,codenames,Qwen3.6-35B-A3B-FP8-without-reasoning,risk_high,instance_00002,Aborted,1
7422,codenames,Qwen3.6-35B-A3B-FP8-without-reasoning,risk_high,instance_00002,Lose,0
7423,codenames,Qwen3.6-35B-A3B-FP8-without-reasoning,risk_high,instance_00002,Success,0
7424,codenames,Qwen3.6-35B-A3B-FP8-without-reasoning,risk_high,instance_00002,Game ended through assassin,0
7425,codenames,Qwen3.6-35B-A3B-FP8-without-reasoning,risk_high,instance_00002,Episode Recall,0.0
7426,codenames,Qwen3.6-35B-A3B-FP8-without-reasoning,risk_high,instance_00002,Episode Negative Recall,1.0
7427,codenames,Qwen3.6-35B-A3B-FP8-without-reasoning,risk_high,instance_00002,Number of turns,1
7428,codenames,Qwen3.6-35B-A3B-FP8-without-reasoning,risk_high,instance_00002,Efficiency,0.0
7429,codenames,Qwen3.6-35B-A3B-FP8-without-reasoning,risk_high,instance_00002,Request Count,1
7430,codenames,Qwen3.6-35B-A3B-FP8-without-reasoning,risk_high,instance_00002,Parsed Request Count,0
7431,codenames,Qwen3.6-35B-A3B-FP8-without-reasoning,risk_high,instance_00002,Violated Request Count,1
7432,codenames,Qwen3.6-35B-A3B-FP8-without-reasoning,risk_high,instance_00002,Request Success Ratio,0.0
7433,codenames,Qwen3.6-35B-A3B-FP8-without-reasoning,risk_high,instance_00002,Main Score,
7434,codenames,Qwen3.6-35B-A3B-FP8-without-reasoning,risk_high,instance_00003,experiment variable,Risk
7435,codenames,Qwen3.6-35B-A3B-FP8-without-reasoning,risk_high,instance_00003,experiment name,risk_high
7436,codenames,Qwen3.6-35B-A3B-FP8-without-reasoning,risk_high,instance_00003,Cluegiver strip words,0
7437,codenames,Qwen3.6-35B-A3B-FP8-without-reasoning,risk_high,instance_00003,Guesser strip words,0
7438,codenames,Qwen3.6-35B-A3B-FP8-without-reasoning,risk_high,instance_00003,Average Cluegiver Number of Targets,0
7439,codenames,Qwen3.6-35B-A3B-FP8-without-reasoning,risk_high,instance_00003,Average Cluegiver Team Precision,0
7440,codenames,Qwen3.6-35B-A3B-FP8-without-reasoning,risk_high,instance_00003,Average Cluegiver Team Recall,0.0
7441,codenames,Qwen3.6-35B-A3B-FP8-without-reasoning,risk_high,instance_00003,Average Cluegiver Team F1,0
7442,codenames,Qwen3.6-35B-A3B-FP8-without-reasoning,risk_high,instance_00003,Average Guesser Number of Guesses,0
7443,codenames,Qwen3.6-35B-A3B-FP8-without-reasoning,risk_high,instance_00003,Average Guesser Number of Revealed Words,0
7444,codenames,Qwen3.6-35B-A3B-FP8-without-reasoning,risk_high,instance_00003,Average Guesser Number of Unrevealed Guesses,0
7445,codenames,Qwen3.6-35B-A3B-FP8-without-reasoning,risk_high,instance_00003,Average Guesser Target Precision,0
7446,codenames,Qwen3.6-35B-A3B-FP8-without-reasoning,risk_high,instance_00003,Average Guesser Target Recall,0
7447,codenames,Qwen3.6-35B-A3B-FP8-without-reasoning,risk_high,instance_00003,Average Guesser Target F1,0
7448,codenames,Qwen3.6-35B-A3B-FP8-without-reasoning,risk_high,instance_00003,Average Guesser Team Precision,0
7449,codenames,Qwen3.6-35B-A3B-FP8-without-reasoning,risk_high,instance_00003,Average Guesser Team Recall,0.0
7450,codenames,Qwen3.6-35B-A3B-FP8-without-reasoning,risk_high,instance_00003,Average Guesser Team F1,0
7451,codenames,Qwen3.6-35B-A3B-FP8-without-reasoning,risk_high,instance_00003,Aborted,1
7452,codenames,Qwen3.6-35B-A3B-FP8-without-reasoning,risk_high,instance_00003,Lose,0
7453,codenames,Qwen3.6-35B-A3B-FP8-without-reasoning,risk_high,instance_00003,Success,0
7454,codenames,Qwen3.6-35B-A3B-FP8-without-reasoning,risk_high,instance_00003,Game ended through assassin,0
7455,codenames,Qwen3.6-35B-A3B-FP8-without-reasoning,risk_high,instance_00003,Episode Recall,0.0
7456,codenames,Qwen3.6-35B-A3B-FP8-without-reasoning,risk_high,instance_00003,Episode Negative Recall,1.0
7457,codenames,Qwen3.6-35B-A3B-FP8-without-reasoning,risk_high,instance_00003,Number of turns,1
7458,codenames,Qwen3.6-35B-A3B-FP8-without-reasoning,risk_high,instance_00003,Efficiency,0.0
7459,codenames,Qwen3.6-35B-A3B-FP8-without-reasoning,risk_high,instance_00003,Request Count,1
7460,codenames,Qwen3.6-35B-A3B-FP8-without-reasoning,risk_high,instance_00003,Parsed Request Count,0
7461,codenames,Qwen3.6-35B-A3B-FP8-without-reasoning,risk_high,instance_00003,Violated Request Count,1
7462,codenames,Qwen3.6-35B-A3B-FP8-without-reasoning,risk_high,instance_00003,Request Success Ratio,0.0
7463,codenames,Qwen3.6-35B-A3B-FP8-without-reasoning,risk_high,instance_00003,Main Score,
7464,codenames,Qwen3.6-35B-A3B-FP8-without-reasoning,risk_high,instance_00004,experiment variable,Risk
7465,codenames,Qwen3.6-35B-A3B-FP8-without-reasoning,risk_high,instance_00004,experiment name,risk_high
7466,codenames,Qwen3.6-35B-A3B-FP8-without-reasoning,risk_high,instance_00004,Cluegiver strip words,0
7467,codenames,Qwen3.6-35B-A3B-FP8-without-reasoning,risk_high,instance_00004,Guesser strip words,0
7468,codenames,Qwen3.6-35B-A3B-FP8-without-reasoning,risk_high,instance_00004,Average Cluegiver Number of Targets,0
7469,codenames,Qwen3.6-35B-A3B-FP8-without-reasoning,risk_high,instance_00004,Average Cluegiver Team Precision,0
7470,codenames,Qwen3.6-35B-A3B-FP8-without-reasoning,risk_high,instance_00004,Average Cluegiver Team Recall,0.0
7471,codenames,Qwen3.6-35B-A3B-FP8-without-reasoning,risk_high,instance_00004,Average Cluegiver Team F1,0
7472,codenames,Qwen3.6-35B-A3B-FP8-without-reasoning,risk_high,instance_00004,Average Guesser Number of Guesses,0
7473,codenames,Qwen3.6-35B-A3B-FP8-without-reasoning,risk_high,instance_00004,Average Guesser Number of Revealed Words,0
7474,codenames,Qwen3.6-35B-A3B-FP8-without-reasoning,risk_high,instance_00004,Average Guesser Number of Unrevealed Guesses,0
7475,codenames,Qwen3.6-35B-A3B-FP8-without-reasoning,risk_high,instance_00004,Average Guesser Target Precision,0
7476,codenames,Qwen3.6-35B-A3B-FP8-without-reasoning,risk_high,instance_00004,Average Guesser Target Recall,0
7477,codenames,Qwen3.6-35B-A3B-FP8-without-reasoning,risk_high,instance_00004,Average Guesser Target F1,0
7478,codenames,Qwen3.6-35B-A3B-FP8-without-reasoning,risk_high,instance_00004,Average Guesser Team Precision,0
7479,codenames,Qwen3.6-35B-A3B-FP8-without-reasoning,risk_high,instance_00004,Average Guesser Team Recall,0.0
7480,codenames,Qwen3.6-35B-A3B-FP8-without-reasoning,risk_high,instance_00004,Average Guesser Team F1,0
7481,codenames,Qwen3.6-35B-A3B-FP8-without-reasoning,risk_high,instance_00004,Aborted,1
7482,codenames,Qwen3.6-35B-A3B-FP8-without-reasoning,risk_high,instance_00004,Lose,0
7483,codenames,Qwen3.6-35B-A3B-FP8-without-reasoning,risk_high,instance_00004,Success,0
7484,codenames,Qwen3.6-35B-A3B-FP8-without-reasoning,risk_high,instance_00004,Game ended through assassin,0
7485,codenames,Qwen3.6-35B-A3B-FP8-without-reasoning,risk_high,instance_00004,Episode Recall,0.0
7486,codenames,Qwen3.6-35B-A3B-FP8-without-reasoning,risk_high,instance_00004,Episode Negative Recall,1.0
7487,codenames,Qwen3.6-35B-A3B-FP8-without-reasoning,risk_high,instance_00004,Number of turns,1
7488,codenames,Qwen3.6-35B-A3B-FP8-without-reasoning,risk_high,instance_00004,Efficiency,0.0
7489,codenames,Qwen3.6-35B-A3B-FP8-without-reasoning,risk_high,instance_00004,Request Count,1
7490,codenames,Qwen3.6-35B-A3B-FP8-without-reasoning,risk_high,instance_00004,Parsed Request Count,0
7491,codenames,Qwen3.6-35B-A3B-FP8-without-reasoning,risk_high,instance_00004,Violated Request Count,1
7492,codenames,Qwen3.6-35B-A3B-FP8-without-reasoning,risk_high,instance_00004,Request Success Ratio,0.0
7493,codenames,Qwen3.6-35B-A3B-FP8-without-reasoning,risk_high,instance_00004,Main Score,
7494,codenames,Qwen3.6-35B-A3B-FP8-without-reasoning,risk_high,instance_00008,experiment variable,Risk
7495,codenames,Qwen3.6-35B-A3B-FP8-without-reasoning,risk_high,instance_00008,experiment name,risk_high
7496,codenames,Qwen3.6-35B-A3B-FP8-without-reasoning,risk_high,instance_00008,Cluegiver strip words,0
7497,codenames,Qwen3.6-35B-A3B-FP8-without-reasoning,risk_high,instance_00008,Guesser strip words,0
7498,codenames,Qwen3.6-35B-A3B-FP8-without-reasoning,risk_high,instance_00008,Average Cluegiver Number of Targets,0
7499,codenames,Qwen3.6-35B-A3B-FP8-without-reasoning,risk_high,instance_00008,Average Cluegiver Team Precision,0
7500,codenames,Qwen3.6-35B-A3B-FP8-without-reasoning,risk_high,instance_00008,Average Cluegiver Team Recall,0.0
7501,codenames,Qwen3.6-35B-A3B-FP8-without-reasoning,risk_high,instance_00008,Average Cluegiver Team F1,0
7502,codenames,Qwen3.6-35B-A3B-FP8-without-reasoning,risk_high,instance_00008,Average Guesser Number of Guesses,0
7503,codenames,Qwen3.6-35B-A3B-FP8-without-reasoning,risk_high,instance_00008,Average Guesser Number of Revealed Words,0
7504,codenames,Qwen3.6-35B-A3B-FP8-without-reasoning,risk_high,instance_00008,Average Guesser Number of Unrevealed Guesses,0
7505,codenames,Qwen3.6-35B-A3B-FP8-without-reasoning,risk_high,instance_00008,Average Guesser Target Precision,0
7506,codenames,Qwen3.6-35B-A3B-FP8-without-reasoning,risk_high,instance_00008,Average Guesser Target Recall,0
7507,codenames,Qwen3.6-35B-A3B-FP8-without-reasoning,risk_high,instance_00008,Average Guesser Target F1,0
7508,codenames,Qwen3.6-35B-A3B-FP8-without-reasoning,risk_high,instance_00008,Average Guesser Team Precision,0
7509,codenames,Qwen3.6-35B-A3B-FP8-without-reasoning,risk_high,instance_00008,Average Guesser Team Recall,0.0
7510,codenames,Qwen3.6-35B-A3B-FP8-without-reasoning,risk_high,instance_00008,Average Guesser Team F1,0
7511,codenames,Qwen3.6-35B-A3B-FP8-without-reasoning,risk_high,instance_00008,Aborted,1
7512,codenames,Qwen3.6-35B-A3B-FP8-without-reasoning,risk_high,instance_00008,Lose,0
7513,codenames,Qwen3.6-35B-A3B-FP8-without-reasoning,risk_high,instance_00008,Success,0
7514,codenames,Qwen3.6-35B-A3B-FP8-without-reasoning,risk_high,instance_00008,Game ended through assassin,0
7515,codenames,Qwen3.6-35B-A3B-FP8-without-reasoning,risk_high,instance_00008,Episode Recall,0.0
7516,codenames,Qwen3.6-35B-A3B-FP8-without-reasoning,risk_high,instance_00008,Episode Negative Recall,1.0
7517,codenames,Qwen3.6-35B-A3B-FP8-without-reasoning,risk_high,instance_00008,Number of turns,1
7518,codenames,Qwen3.6-35B-A3B-FP8-without-reasoning,risk_high,instance_00008,Efficiency,0.0
7519,codenames,Qwen3.6-35B-A3B-FP8-without-reasoning,risk_high,instance_00008,Request Count,1
7520,codenames,Qwen3.6-35B-A3B-FP8-without-reasoning,risk_high,instance_00008,Parsed Request Count,0
7521,codenames,Qwen3.6-35B-A3B-FP8-without-reasoning,risk_high,instance_00008,Violated Request Count,1
7522,codenames,Qwen3.6-35B-A3B-FP8-without-reasoning,risk_high,instance_00008,Request Success Ratio,0.0
7523,codenames,Qwen3.6-35B-A3B-FP8-without-reasoning,risk_high,instance_00008,Main Score,
7524,codenames,Qwen3.6-35B-A3B-FP8-without-reasoning,risk_high,instance_00001,experiment variable,Risk
7525,codenames,Qwen3.6-35B-A3B-FP8-without-reasoning,risk_high,instance_00001,experiment name,risk_high
7526,codenames,Qwen3.6-35B-A3B-FP8-without-reasoning,risk_high,instance_00001,Cluegiver strip words,0
7527,codenames,Qwen3.6-35B-A3B-FP8-without-reasoning,risk_high,instance_00001,Guesser strip words,0
7528,codenames,Qwen3.6-35B-A3B-FP8-without-reasoning,risk_high,instance_00001,Average Cluegiver Number of Targets,0
7529,codenames,Qwen3.6-35B-A3B-FP8-without-reasoning,risk_high,instance_00001,Average Cluegiver Team Precision,0
7530,codenames,Qwen3.6-35B-A3B-FP8-without-reasoning,risk_high,instance_00001,Average Cluegiver Team Recall,0.0
7531,codenames,Qwen3.6-35B-A3B-FP8-without-reasoning,risk_high,instance_00001,Average Cluegiver Team F1,0
7532,codenames,Qwen3.6-35B-A3B-FP8-without-reasoning,risk_high,instance_00001,Average Guesser Number of Guesses,0
7533,codenames,Qwen3.6-35B-A3B-FP8-without-reasoning,risk_high,instance_00001,Average Guesser Number of Revealed Words,0
7534,codenames,Qwen3.6-35B-A3B-FP8-without-reasoning,risk_high,instance_00001,Average Guesser Number of Unrevealed Guesses,0
7535,codenames,Qwen3.6-35B-A3B-FP8-without-reasoning,risk_high,instance_00001,Average Guesser Target Precision,0
7536,codenames,Qwen3.6-35B-A3B-FP8-without-reasoning,risk_high,instance_00001,Average Guesser Target Recall,0
7537,codenames,Qwen3.6-35B-A3B-FP8-without-reasoning,risk_high,instance_00001,Average Guesser Target F1,0
7538,codenames,Qwen3.6-35B-A3B-FP8-without-reasoning,risk_high,instance_00001,Average Guesser Team Precision,0
7539,codenames,Qwen3.6-35B-A3B-FP8-without-reasoning,risk_high,instance_00001,Average Guesser Team Recall,0.0
7540,codenames,Qwen3.6-35B-A3B-FP8-without-reasoning,risk_high,instance_00001,Average Guesser Team F1,0
7541,codenames,Qwen3.6-35B-A3B-FP8-without-reasoning,risk_high,instance_00001,Aborted,1
7542,codenames,Qwen3.6-35B-A3B-FP8-without-reasoning,risk_high,instance_00001,Lose,0
7543,codenames,Qwen3.6-35B-A3B-FP8-without-reasoning,risk_high,instance_00001,Success,0
7544,codenames,Qwen3.6-35B-A3B-FP8-without-reasoning,risk_high,instance_00001,Game ended through assassin,0
7545,codenames,Qwen3.6-35B-A3B-FP8-without-reasoning,risk_high,instance_00001,Episode Recall,0.0
7546,codenames,Qwen3.6-35B-A3B-FP8-without-reasoning,risk_high,instance_00001,Episode Negative Recall,1.0
7547,codenames,Qwen3.6-35B-A3B-FP8-without-reasoning,risk_high,instance_00001,Number of turns,1
7548,codenames,Qwen3.6-35B-A3B-FP8-without-reasoning,risk_high,instance_00001,Efficiency,0.0
7549,codenames,Qwen3.6-35B-A3B-FP8-without-reasoning,risk_high,instance_00001,Request Count,1
7550,codenames,Qwen3.6-35B-A3B-FP8-without-reasoning,risk_high,instance_00001,Parsed Request Count,0
7551,codenames,Qwen3.6-35B-A3B-FP8-without-reasoning,risk_high,instance_00001,Violated Request Count,1
7552,codenames,Qwen3.6-35B-A3B-FP8-without-reasoning,risk_high,instance_00001,Request Success Ratio,0.0
7553,codenames,Qwen3.6-35B-A3B-FP8-without-reasoning,risk_high,instance_00001,Main Score,
7554,codenames,Qwen3.6-35B-A3B-FP8-without-reasoning,risk_high,instance_00006,experiment variable,Risk
7555,codenames,Qwen3.6-35B-A3B-FP8-without-reasoning,risk_high,instance_00006,experiment name,risk_high
7556,codenames,Qwen3.6-35B-A3B-FP8-without-reasoning,risk_high,instance_00006,Cluegiver strip words,0
7557,codenames,Qwen3.6-35B-A3B-FP8-without-reasoning,risk_high,instance_00006,Guesser strip words,0
7558,codenames,Qwen3.6-35B-A3B-FP8-without-reasoning,risk_high,instance_00006,Average Cluegiver Number of Targets,0
7559,codenames,Qwen3.6-35B-A3B-FP8-without-reasoning,risk_high,instance_00006,Average Cluegiver Team Precision,0
7560,codenames,Qwen3.6-35B-A3B-FP8-without-reasoning,risk_high,instance_00006,Average Cluegiver Team Recall,0.0
7561,codenames,Qwen3.6-35B-A3B-FP8-without-reasoning,risk_high,instance_00006,Average Cluegiver Team F1,0
7562,codenames,Qwen3.6-35B-A3B-FP8-without-reasoning,risk_high,instance_00006,Average Guesser Number of Guesses,0
7563,codenames,Qwen3.6-35B-A3B-FP8-without-reasoning,risk_high,instance_00006,Average Guesser Number of Revealed Words,0
7564,codenames,Qwen3.6-35B-A3B-FP8-without-reasoning,risk_high,instance_00006,Average Guesser Number of Unrevealed Guesses,0
7565,codenames,Qwen3.6-35B-A3B-FP8-without-reasoning,risk_high,instance_00006,Average Guesser Target Precision,0
7566,codenames,Qwen3.6-35B-A3B-FP8-without-reasoning,risk_high,instance_00006,Average Guesser Target Recall,0
7567,codenames,Qwen3.6-35B-A3B-FP8-without-reasoning,risk_high,instance_00006,Average Guesser Target F1,0
7568,codenames,Qwen3.6-35B-A3B-FP8-without-reasoning,risk_high,instance_00006,Average Guesser Team Precision,0
7569,codenames,Qwen3.6-35B-A3B-FP8-without-reasoning,risk_high,instance_00006,Average Guesser Team Recall,0.0
7570,codenames,Qwen3.6-35B-A3B-FP8-without-reasoning,risk_high,instance_00006,Average Guesser Team F1,0
7571,codenames,Qwen3.6-35B-A3B-FP8-without-reasoning,risk_high,instance_00006,Aborted,1
7572,codenames,Qwen3.6-35B-A3B-FP8-without-reasoning,risk_high,instance_00006,Lose,0
7573,codenames,Qwen3.6-35B-A3B-FP8-without-reasoning,risk_high,instance_00006,Success,0
7574,codenames,Qwen3.6-35B-A3B-FP8-without-reasoning,risk_high,instance_00006,Game ended through assassin,0
7575,codenames,Qwen3.6-35B-A3B-FP8-without-reasoning,risk_high,instance_00006,Episode Recall,0.0
7576,codenames,Qwen3.6-35B-A3B-FP8-without-reasoning,risk_high,instance_00006,Episode Negative Recall,1.0
7577,codenames,Qwen3.6-35B-A3B-FP8-without-reasoning,risk_high,instance_00006,Number of turns,1
7578,codenames,Qwen3.6-35B-A3B-FP8-without-reasoning,risk_high,instance_00006,Efficiency,0.0
7579,codenames,Qwen3.6-35B-A3B-FP8-without-reasoning,risk_high,instance_00006,Request Count,1
7580,codenames,Qwen3.6-35B-A3B-FP8-without-reasoning,risk_high,instance_00006,Parsed Request Count,0
7581,codenames,Qwen3.6-35B-A3B-FP8-without-reasoning,risk_high,instance_00006,Violated Request Count,1
7582,codenames,Qwen3.6-35B-A3B-FP8-without-reasoning,risk_high,instance_00006,Request Success Ratio,0.0
7583,codenames,Qwen3.6-35B-A3B-FP8-without-reasoning,risk_high,instance_00006,Main Score,
7584,codenames,Qwen3.6-35B-A3B-FP8-without-reasoning,risk_high,instance_00007,experiment variable,Risk
7585,codenames,Qwen3.6-35B-A3B-FP8-without-reasoning,risk_high,instance_00007,experiment name,risk_high
7586,codenames,Qwen3.6-35B-A3B-FP8-without-reasoning,risk_high,instance_00007,Cluegiver strip words,0
7587,codenames,Qwen3.6-35B-A3B-FP8-without-reasoning,risk_high,instance_00007,Guesser strip words,0
7588,codenames,Qwen3.6-35B-A3B-FP8-without-reasoning,risk_high,instance_00007,Average Cluegiver Number of Targets,0
7589,codenames,Qwen3.6-35B-A3B-FP8-without-reasoning,risk_high,instance_00007,Average Cluegiver Team Precision,0
7590,codenames,Qwen3.6-35B-A3B-FP8-without-reasoning,risk_high,instance_00007,Average Cluegiver Team Recall,0.0
7591,codenames,Qwen3.6-35B-A3B-FP8-without-reasoning,risk_high,instance_00007,Average Cluegiver Team F1,0
7592,codenames,Qwen3.6-35B-A3B-FP8-without-reasoning,risk_high,instance_00007,Average Guesser Number of Guesses,0
7593,codenames,Qwen3.6-35B-A3B-FP8-without-reasoning,risk_high,instance_00007,Average Guesser Number of Revealed Words,0
7594,codenames,Qwen3.6-35B-A3B-FP8-without-reasoning,risk_high,instance_00007,Average Guesser Number of Unrevealed Guesses,0
7595,codenames,Qwen3.6-35B-A3B-FP8-without-reasoning,risk_high,instance_00007,Average Guesser Target Precision,0
7596,codenames,Qwen3.6-35B-A3B-FP8-without-reasoning,risk_high,instance_00007,Average Guesser Target Recall,0
7597,codenames,Qwen3.6-35B-A3B-FP8-without-reasoning,risk_high,instance_00007,Average Guesser Target F1,0
7598,codenames,Qwen3.6-35B-A3B-FP8-without-reasoning,risk_high,instance_00007,Average Guesser Team Precision,0
7599,codenames,Qwen3.6-35B-A3B-FP8-without-reasoning,risk_high,instance_00007,Average Guesser Team Recall,0.0
7600,codenames,Qwen3.6-35B-A3B-FP8-without-reasoning,risk_high,instance_00007,Average Guesser Team F1,0
7601,codenames,Qwen3.6-35B-A3B-FP8-without-reasoning,risk_high,instance_00007,Aborted,1
7602,codenames,Qwen3.6-35B-A3B-FP8-without-reasoning,risk_high,instance_00007,Lose,0
7603,codenames,Qwen3.6-35B-A3B-FP8-without-reasoning,risk_high,instance_00007,Success,0
7604,codenames,Qwen3.6-35B-A3B-FP8-without-reasoning,risk_high,instance_00007,Game ended through assassin,0
7605,codenames,Qwen3.6-35B-A3B-FP8-without-reasoning,risk_high,instance_00007,Episode Recall,0.0
7606,codenames,Qwen3.6-35B-A3B-FP8-without-reasoning,risk_high,instance_00007,Episode Negative Recall,1.0
7607,codenames,Qwen3.6-35B-A3B-FP8-without-reasoning,risk_high,instance_00007,Number of turns,1
7608,codenames,Qwen3.6-35B-A3B-FP8-without-reasoning,risk_high,instance_00007,Efficiency,0.0
7609,codenames,Qwen3.6-35B-A3B-FP8-without-reasoning,risk_high,instance_00007,Request Count,1
7610,codenames,Qwen3.6-35B-A3B-FP8-without-reasoning,risk_high,instance_00007,Parsed Request Count,0
7611,codenames,Qwen3.6-35B-A3B-FP8-without-reasoning,risk_high,instance_00007,Violated Request Count,1
7612,codenames,Qwen3.6-35B-A3B-FP8-without-reasoning,risk_high,instance_00007,Request Success Ratio,0.0
7613,codenames,Qwen3.6-35B-A3B-FP8-without-reasoning,risk_high,instance_00007,Main Score,
7614,codenames,Qwen3.6-35B-A3B-FP8-without-reasoning,risk_high,instance_00000,experiment variable,Risk
7615,codenames,Qwen3.6-35B-A3B-FP8-without-reasoning,risk_high,instance_00000,experiment name,risk_high
7616,codenames,Qwen3.6-35B-A3B-FP8-without-reasoning,risk_high,instance_00000,Cluegiver strip words,0
7617,codenames,Qwen3.6-35B-A3B-FP8-without-reasoning,risk_high,instance_00000,Guesser strip words,0
7618,codenames,Qwen3.6-35B-A3B-FP8-without-reasoning,risk_high,instance_00000,Average Cluegiver Number of Targets,0
7619,codenames,Qwen3.6-35B-A3B-FP8-without-reasoning,risk_high,instance_00000,Average Cluegiver Team Precision,0
7620,codenames,Qwen3.6-35B-A3B-FP8-without-reasoning,risk_high,instance_00000,Average Cluegiver Team Recall,0.0
7621,codenames,Qwen3.6-35B-A3B-FP8-without-reasoning,risk_high,instance_00000,Average Cluegiver Team F1,0
7622,codenames,Qwen3.6-35B-A3B-FP8-without-reasoning,risk_high,instance_00000,Average Guesser Number of Guesses,0
7623,codenames,Qwen3.6-35B-A3B-FP8-without-reasoning,risk_high,instance_00000,Average Guesser Number of Revealed Words,0
7624,codenames,Qwen3.6-35B-A3B-FP8-without-reasoning,risk_high,instance_00000,Average Guesser Number of Unrevealed Guesses,0
7625,codenames,Qwen3.6-35B-A3B-FP8-without-reasoning,risk_high,instance_00000,Average Guesser Target Precision,0
7626,codenames,Qwen3.6-35B-A3B-FP8-without-reasoning,risk_high,instance_00000,Average Guesser Target Recall,0
7627,codenames,Qwen3.6-35B-A3B-FP8-without-reasoning,risk_high,instance_00000,Average Guesser Target F1,0
7628,codenames,Qwen3.6-35B-A3B-FP8-without-reasoning,risk_high,instance_00000,Average Guesser Team Precision,0
7629,codenames,Qwen3.6-35B-A3B-FP8-without-reasoning,risk_high,instance_00000,Average Guesser Team Recall,0.0
7630,codenames,Qwen3.6-35B-A3B-FP8-without-reasoning,risk_high,instance_00000,Average Guesser Team F1,0
7631,codenames,Qwen3.6-35B-A3B-FP8-without-reasoning,risk_high,instance_00000,Aborted,1
7632,codenames,Qwen3.6-35B-A3B-FP8-without-reasoning,risk_high,instance_00000,Lose,0
7633,codenames,Qwen3.6-35B-A3B-FP8-without-reasoning,risk_high,instance_00000,Success,0
7634,codenames,Qwen3.6-35B-A3B-FP8-without-reasoning,risk_high,instance_00000,Game ended through assassin,0
7635,codenames,Qwen3.6-35B-A3B-FP8-without-reasoning,risk_high,instance_00000,Episode Recall,0.0
7636,codenames,Qwen3.6-35B-A3B-FP8-without-reasoning,risk_high,instance_00000,Episode Negative Recall,1.0
7637,codenames,Qwen3.6-35B-A3B-FP8-without-reasoning,risk_high,instance_00000,Number of turns,1
7638,codenames,Qwen3.6-35B-A3B-FP8-without-reasoning,risk_high,instance_00000,Efficiency,0.0
7639,codenames,Qwen3.6-35B-A3B-FP8-without-reasoning,risk_high,instance_00000,Request Count,1
7640,codenames,Qwen3.6-35B-A3B-FP8-without-reasoning,risk_high,instance_00000,Parsed Request Count,0
7641,codenames,Qwen3.6-35B-A3B-FP8-without-reasoning,risk_high,instance_00000,Violated Request Count,1
7642,codenames,Qwen3.6-35B-A3B-FP8-without-reasoning,risk_high,instance_00000,Request Success Ratio,0.0
7643,codenames,Qwen3.6-35B-A3B-FP8-without-reasoning,risk_high,instance_00000,Main Score,
7644,codenames,Qwen3.6-35B-A3B-FP8-without-reasoning,risk_high,instance_00009,experiment variable,Risk
7645,codenames,Qwen3.6-35B-A3B-FP8-without-reasoning,risk_high,instance_00009,experiment name,risk_high
7646,codenames,Qwen3.6-35B-A3B-FP8-without-reasoning,risk_high,instance_00009,Cluegiver strip words,0
7647,codenames,Qwen3.6-35B-A3B-FP8-without-reasoning,risk_high,instance_00009,Guesser strip words,0
7648,codenames,Qwen3.6-35B-A3B-FP8-without-reasoning,risk_high,instance_00009,Average Cluegiver Number of Targets,0
7649,codenames,Qwen3.6-35B-A3B-FP8-without-reasoning,risk_high,instance_00009,Average Cluegiver Team Precision,0
7650,codenames,Qwen3.6-35B-A3B-FP8-without-reasoning,risk_high,instance_00009,Average Cluegiver Team Recall,0.0
7651,codenames,Qwen3.6-35B-A3B-FP8-without-reasoning,risk_high,instance_00009,Average Cluegiver Team F1,0
7652,codenames,Qwen3.6-35B-A3B-FP8-without-reasoning,risk_high,instance_00009,Average Guesser Number of Guesses,0
7653,codenames,Qwen3.6-35B-A3B-FP8-without-reasoning,risk_high,instance_00009,Average Guesser Number of Revealed Words,0
7654,codenames,Qwen3.6-35B-A3B-FP8-without-reasoning,risk_high,instance_00009,Average Guesser Number of Unrevealed Guesses,0
7655,codenames,Qwen3.6-35B-A3B-FP8-without-reasoning,risk_high,instance_00009,Average Guesser Target Precision,0
7656,codenames,Qwen3.6-35B-A3B-FP8-without-reasoning,risk_high,instance_00009,Average Guesser Target Recall,0
7657,codenames,Qwen3.6-35B-A3B-FP8-without-reasoning,risk_high,instance_00009,Average Guesser Target F1,0
7658,codenames,Qwen3.6-35B-A3B-FP8-without-reasoning,risk_high,instance_00009,Average Guesser Team Precision,0
7659,codenames,Qwen3.6-35B-A3B-FP8-without-reasoning,risk_high,instance_00009,Average Guesser Team Recall,0.0
7660,codenames,Qwen3.6-35B-A3B-FP8-without-reasoning,risk_high,instance_00009,Average Guesser Team F1,0
7661,codenames,Qwen3.6-35B-A3B-FP8-without-reasoning,risk_high,instance_00009,Aborted,1
7662,codenames,Qwen3.6-35B-A3B-FP8-without-reasoning,risk_high,instance_00009,Lose,0
7663,codenames,Qwen3.6-35B-A3B-FP8-without-reasoning,risk_high,instance_00009,Success,0
7664,codenames,Qwen3.6-35B-A3B-FP8-without-reasoning,risk_high,instance_00009,Game ended through assassin,0
7665,codenames,Qwen3.6-35B-A3B-FP8-without-reasoning,risk_high,instance_00009,Episode Recall,0.0
7666,codenames,Qwen3.6-35B-A3B-FP8-without-reasoning,risk_high,instance_00009,Episode Negative Recall,1.0
7667,codenames,Qwen3.6-35B-A3B-FP8-without-reasoning,risk_high,instance_00009,Number of turns,1
7668,codenames,Qwen3.6-35B-A3B-FP8-without-reasoning,risk_high,instance_00009,Efficiency,0.0
7669,codenames,Qwen3.6-35B-A3B-FP8-without-reasoning,risk_high,instance_00009,Request Count,1
7670,codenames,Qwen3.6-35B-A3B-FP8-without-reasoning,risk_high,instance_00009,Parsed Request Count,0
7671,codenames,Qwen3.6-35B-A3B-FP8-without-reasoning,risk_high,instance_00009,Violated Request Count,1
7672,codenames,Qwen3.6-35B-A3B-FP8-without-reasoning,risk_high,instance_00009,Request Success Ratio,0.0
7673,codenames,Qwen3.6-35B-A3B-FP8-without-reasoning,risk_high,instance_00009,Main Score,
7674,codenames,Qwen3.6-35B-A3B-FP8-without-reasoning,opponent_easy,instance_00005,experiment variable,Opponent Difficulty
7675,codenames,Qwen3.6-35B-A3B-FP8-without-reasoning,opponent_easy,instance_00005,experiment name,opponent_easy
7676,codenames,Qwen3.6-35B-A3B-FP8-without-reasoning,opponent_easy,instance_00005,Cluegiver strip words,0
7677,codenames,Qwen3.6-35B-A3B-FP8-without-reasoning,opponent_easy,instance_00005,Guesser strip words,0
7678,codenames,Qwen3.6-35B-A3B-FP8-without-reasoning,opponent_easy,instance_00005,Average Cluegiver Number of Targets,0
7679,codenames,Qwen3.6-35B-A3B-FP8-without-reasoning,opponent_easy,instance_00005,Average Cluegiver Team Precision,0
7680,codenames,Qwen3.6-35B-A3B-FP8-without-reasoning,opponent_easy,instance_00005,Average Cluegiver Team Recall,0.0
7681,codenames,Qwen3.6-35B-A3B-FP8-without-reasoning,opponent_easy,instance_00005,Average Cluegiver Team F1,0
7682,codenames,Qwen3.6-35B-A3B-FP8-without-reasoning,opponent_easy,instance_00005,Average Guesser Number of Guesses,0
7683,codenames,Qwen3.6-35B-A3B-FP8-without-reasoning,opponent_easy,instance_00005,Average Guesser Number of Revealed Words,0
7684,codenames,Qwen3.6-35B-A3B-FP8-without-reasoning,opponent_easy,instance_00005,Average Guesser Number of Unrevealed Guesses,0
7685,codenames,Qwen3.6-35B-A3B-FP8-without-reasoning,opponent_easy,instance_00005,Average Guesser Target Precision,0
7686,codenames,Qwen3.6-35B-A3B-FP8-without-reasoning,opponent_easy,instance_00005,Average Guesser Target Recall,0
7687,codenames,Qwen3.6-35B-A3B-FP8-without-reasoning,opponent_easy,instance_00005,Average Guesser Target F1,0
7688,codenames,Qwen3.6-35B-A3B-FP8-without-reasoning,opponent_easy,instance_00005,Average Guesser Team Precision,0
7689,codenames,Qwen3.6-35B-A3B-FP8-without-reasoning,opponent_easy,instance_00005,Average Guesser Team Recall,0.0
7690,codenames,Qwen3.6-35B-A3B-FP8-without-reasoning,opponent_easy,instance_00005,Average Guesser Team F1,0
7691,codenames,Qwen3.6-35B-A3B-FP8-without-reasoning,opponent_easy,instance_00005,Aborted,1
7692,codenames,Qwen3.6-35B-A3B-FP8-without-reasoning,opponent_easy,instance_00005,Lose,0
7693,codenames,Qwen3.6-35B-A3B-FP8-without-reasoning,opponent_easy,instance_00005,Success,0
7694,codenames,Qwen3.6-35B-A3B-FP8-without-reasoning,opponent_easy,instance_00005,Game ended through assassin,0
7695,codenames,Qwen3.6-35B-A3B-FP8-without-reasoning,opponent_easy,instance_00005,Episode Recall,0.0
7696,codenames,Qwen3.6-35B-A3B-FP8-without-reasoning,opponent_easy,instance_00005,Episode Negative Recall,1.0
7697,codenames,Qwen3.6-35B-A3B-FP8-without-reasoning,opponent_easy,instance_00005,Number of turns,1
7698,codenames,Qwen3.6-35B-A3B-FP8-without-reasoning,opponent_easy,instance_00005,Efficiency,0.0
7699,codenames,Qwen3.6-35B-A3B-FP8-without-reasoning,opponent_easy,instance_00005,Request Count,1
7700,codenames,Qwen3.6-35B-A3B-FP8-without-reasoning,opponent_easy,instance_00005,Parsed Request Count,0
7701,codenames,Qwen3.6-35B-A3B-FP8-without-reasoning,opponent_easy,instance_00005,Violated Request Count,1
7702,codenames,Qwen3.6-35B-A3B-FP8-without-reasoning,opponent_easy,instance_00005,Request Success Ratio,0.0
7703,codenames,Qwen3.6-35B-A3B-FP8-without-reasoning,opponent_easy,instance_00005,Main Score,
7704,codenames,Qwen3.6-35B-A3B-FP8-without-reasoning,opponent_easy,instance_00002,experiment variable,Opponent Difficulty
7705,codenames,Qwen3.6-35B-A3B-FP8-without-reasoning,opponent_easy,instance_00002,experiment name,opponent_easy
7706,codenames,Qwen3.6-35B-A3B-FP8-without-reasoning,opponent_easy,instance_00002,Cluegiver strip words,0
7707,codenames,Qwen3.6-35B-A3B-FP8-without-reasoning,opponent_easy,instance_00002,Guesser strip words,0
7708,codenames,Qwen3.6-35B-A3B-FP8-without-reasoning,opponent_easy,instance_00002,Average Cluegiver Number of Targets,0
7709,codenames,Qwen3.6-35B-A3B-FP8-without-reasoning,opponent_easy,instance_00002,Average Cluegiver Team Precision,0
7710,codenames,Qwen3.6-35B-A3B-FP8-without-reasoning,opponent_easy,instance_00002,Average Cluegiver Team Recall,0.0
7711,codenames,Qwen3.6-35B-A3B-FP8-without-reasoning,opponent_easy,instance_00002,Average Cluegiver Team F1,0
7712,codenames,Qwen3.6-35B-A3B-FP8-without-reasoning,opponent_easy,instance_00002,Average Guesser Number of Guesses,0
7713,codenames,Qwen3.6-35B-A3B-FP8-without-reasoning,opponent_easy,instance_00002,Average Guesser Number of Revealed Words,0
7714,codenames,Qwen3.6-35B-A3B-FP8-without-reasoning,opponent_easy,instance_00002,Average Guesser Number of Unrevealed Guesses,0
7715,codenames,Qwen3.6-35B-A3B-FP8-without-reasoning,opponent_easy,instance_00002,Average Guesser Target Precision,0
7716,codenames,Qwen3.6-35B-A3B-FP8-without-reasoning,opponent_easy,instance_00002,Average Guesser Target Recall,0
7717,codenames,Qwen3.6-35B-A3B-FP8-without-reasoning,opponent_easy,instance_00002,Average Guesser Target F1,0
7718,codenames,Qwen3.6-35B-A3B-FP8-without-reasoning,opponent_easy,instance_00002,Average Guesser Team Precision,0
7719,codenames,Qwen3.6-35B-A3B-FP8-without-reasoning,opponent_easy,instance_00002,Average Guesser Team Recall,0.0
7720,codenames,Qwen3.6-35B-A3B-FP8-without-reasoning,opponent_easy,instance_00002,Average Guesser Team F1,0
7721,codenames,Qwen3.6-35B-A3B-FP8-without-reasoning,opponent_easy,instance_00002,Aborted,1
7722,codenames,Qwen3.6-35B-A3B-FP8-without-reasoning,opponent_easy,instance_00002,Lose,0
7723,codenames,Qwen3.6-35B-A3B-FP8-without-reasoning,opponent_easy,instance_00002,Success,0
7724,codenames,Qwen3.6-35B-A3B-FP8-without-reasoning,opponent_easy,instance_00002,Game ended through assassin,0
7725,codenames,Qwen3.6-35B-A3B-FP8-without-reasoning,opponent_easy,instance_00002,Episode Recall,0.0
7726,codenames,Qwen3.6-35B-A3B-FP8-without-reasoning,opponent_easy,instance_00002,Episode Negative Recall,1.0
7727,codenames,Qwen3.6-35B-A3B-FP8-without-reasoning,opponent_easy,instance_00002,Number of turns,1
7728,codenames,Qwen3.6-35B-A3B-FP8-without-reasoning,opponent_easy,instance_00002,Efficiency,0.0
7729,codenames,Qwen3.6-35B-A3B-FP8-without-reasoning,opponent_easy,instance_00002,Request Count,1
7730,codenames,Qwen3.6-35B-A3B-FP8-without-reasoning,opponent_easy,instance_00002,Parsed Request Count,0
7731,codenames,Qwen3.6-35B-A3B-FP8-without-reasoning,opponent_easy,instance_00002,Violated Request Count,1
7732,codenames,Qwen3.6-35B-A3B-FP8-without-reasoning,opponent_easy,instance_00002,Request Success Ratio,0.0
7733,codenames,Qwen3.6-35B-A3B-FP8-without-reasoning,opponent_easy,instance_00002,Main Score,
7734,codenames,Qwen3.6-35B-A3B-FP8-without-reasoning,opponent_easy,instance_00003,experiment variable,Opponent Difficulty
7735,codenames,Qwen3.6-35B-A3B-FP8-without-reasoning,opponent_easy,instance_00003,experiment name,opponent_easy
7736,codenames,Qwen3.6-35B-A3B-FP8-without-reasoning,opponent_easy,instance_00003,Cluegiver strip words,0
7737,codenames,Qwen3.6-35B-A3B-FP8-without-reasoning,opponent_easy,instance_00003,Guesser strip words,0
7738,codenames,Qwen3.6-35B-A3B-FP8-without-reasoning,opponent_easy,instance_00003,Average Cluegiver Number of Targets,0
7739,codenames,Qwen3.6-35B-A3B-FP8-without-reasoning,opponent_easy,instance_00003,Average Cluegiver Team Precision,0
7740,codenames,Qwen3.6-35B-A3B-FP8-without-reasoning,opponent_easy,instance_00003,Average Cluegiver Team Recall,0.0
7741,codenames,Qwen3.6-35B-A3B-FP8-without-reasoning,opponent_easy,instance_00003,Average Cluegiver Team F1,0
7742,codenames,Qwen3.6-35B-A3B-FP8-without-reasoning,opponent_easy,instance_00003,Average Guesser Number of Guesses,0
7743,codenames,Qwen3.6-35B-A3B-FP8-without-reasoning,opponent_easy,instance_00003,Average Guesser Number of Revealed Words,0
7744,codenames,Qwen3.6-35B-A3B-FP8-without-reasoning,opponent_easy,instance_00003,Average Guesser Number of Unrevealed Guesses,0
7745,codenames,Qwen3.6-35B-A3B-FP8-without-reasoning,opponent_easy,instance_00003,Average Guesser Target Precision,0
7746,codenames,Qwen3.6-35B-A3B-FP8-without-reasoning,opponent_easy,instance_00003,Average Guesser Target Recall,0
7747,codenames,Qwen3.6-35B-A3B-FP8-without-reasoning,opponent_easy,instance_00003,Average Guesser Target F1,0
7748,codenames,Qwen3.6-35B-A3B-FP8-without-reasoning,opponent_easy,instance_00003,Average Guesser Team Precision,0
7749,codenames,Qwen3.6-35B-A3B-FP8-without-reasoning,opponent_easy,instance_00003,Average Guesser Team Recall,0.0
7750,codenames,Qwen3.6-35B-A3B-FP8-without-reasoning,opponent_easy,instance_00003,Average Guesser Team F1,0
7751,codenames,Qwen3.6-35B-A3B-FP8-without-reasoning,opponent_easy,instance_00003,Aborted,1
7752,codenames,Qwen3.6-35B-A3B-FP8-without-reasoning,opponent_easy,instance_00003,Lose,0
7753,codenames,Qwen3.6-35B-A3B-FP8-without-reasoning,opponent_easy,instance_00003,Success,0
7754,codenames,Qwen3.6-35B-A3B-FP8-without-reasoning,opponent_easy,instance_00003,Game ended through assassin,0
7755,codenames,Qwen3.6-35B-A3B-FP8-without-reasoning,opponent_easy,instance_00003,Episode Recall,0.0
7756,codenames,Qwen3.6-35B-A3B-FP8-without-reasoning,opponent_easy,instance_00003,Episode Negative Recall,1.0
7757,codenames,Qwen3.6-35B-A3B-FP8-without-reasoning,opponent_easy,instance_00003,Number of turns,1
7758,codenames,Qwen3.6-35B-A3B-FP8-without-reasoning,opponent_easy,instance_00003,Efficiency,0.0
7759,codenames,Qwen3.6-35B-A3B-FP8-without-reasoning,opponent_easy,instance_00003,Request Count,1
7760,codenames,Qwen3.6-35B-A3B-FP8-without-reasoning,opponent_easy,instance_00003,Parsed Request Count,0
7761,codenames,Qwen3.6-35B-A3B-FP8-without-reasoning,opponent_easy,instance_00003,Violated Request Count,1
7762,codenames,Qwen3.6-35B-A3B-FP8-without-reasoning,opponent_easy,instance_00003,Request Success Ratio,0.0
7763,codenames,Qwen3.6-35B-A3B-FP8-without-reasoning,opponent_easy,instance_00003,Main Score,
7764,codenames,Qwen3.6-35B-A3B-FP8-without-reasoning,opponent_easy,instance_00004,experiment variable,Opponent Difficulty
7765,codenames,Qwen3.6-35B-A3B-FP8-without-reasoning,opponent_easy,instance_00004,experiment name,opponent_easy
7766,codenames,Qwen3.6-35B-A3B-FP8-without-reasoning,opponent_easy,instance_00004,Cluegiver strip words,0
7767,codenames,Qwen3.6-35B-A3B-FP8-without-reasoning,opponent_easy,instance_00004,Guesser strip words,0
7768,codenames,Qwen3.6-35B-A3B-FP8-without-reasoning,opponent_easy,instance_00004,Average Cluegiver Number of Targets,0
7769,codenames,Qwen3.6-35B-A3B-FP8-without-reasoning,opponent_easy,instance_00004,Average Cluegiver Team Precision,0
7770,codenames,Qwen3.6-35B-A3B-FP8-without-reasoning,opponent_easy,instance_00004,Average Cluegiver Team Recall,0.0
7771,codenames,Qwen3.6-35B-A3B-FP8-without-reasoning,opponent_easy,instance_00004,Average Cluegiver Team F1,0
7772,codenames,Qwen3.6-35B-A3B-FP8-without-reasoning,opponent_easy,instance_00004,Average Guesser Number of Guesses,0
7773,codenames,Qwen3.6-35B-A3B-FP8-without-reasoning,opponent_easy,instance_00004,Average Guesser Number of Revealed Words,0
7774,codenames,Qwen3.6-35B-A3B-FP8-without-reasoning,opponent_easy,instance_00004,Average Guesser Number of Unrevealed Guesses,0
7775,codenames,Qwen3.6-35B-A3B-FP8-without-reasoning,opponent_easy,instance_00004,Average Guesser Target Precision,0
7776,codenames,Qwen3.6-35B-A3B-FP8-without-reasoning,opponent_easy,instance_00004,Average Guesser Target Recall,0
7777,codenames,Qwen3.6-35B-A3B-FP8-without-reasoning,opponent_easy,instance_00004,Average Guesser Target F1,0
7778,codenames,Qwen3.6-35B-A3B-FP8-without-reasoning,opponent_easy,instance_00004,Average Guesser Team Precision,0
7779,codenames,Qwen3.6-35B-A3B-FP8-without-reasoning,opponent_easy,instance_00004,Average Guesser Team Recall,0.0
7780,codenames,Qwen3.6-35B-A3B-FP8-without-reasoning,opponent_easy,instance_00004,Average Guesser Team F1,0
7781,codenames,Qwen3.6-35B-A3B-FP8-without-reasoning,opponent_easy,instance_00004,Aborted,1
7782,codenames,Qwen3.6-35B-A3B-FP8-without-reasoning,opponent_easy,instance_00004,Lose,0
7783,codenames,Qwen3.6-35B-A3B-FP8-without-reasoning,opponent_easy,instance_00004,Success,0
7784,codenames,Qwen3.6-35B-A3B-FP8-without-reasoning,opponent_easy,instance_00004,Game ended through assassin,0
7785,codenames,Qwen3.6-35B-A3B-FP8-without-reasoning,opponent_easy,instance_00004,Episode Recall,0.0
7786,codenames,Qwen3.6-35B-A3B-FP8-without-reasoning,opponent_easy,instance_00004,Episode Negative Recall,1.0
7787,codenames,Qwen3.6-35B-A3B-FP8-without-reasoning,opponent_easy,instance_00004,Number of turns,1
7788,codenames,Qwen3.6-35B-A3B-FP8-without-reasoning,opponent_easy,instance_00004,Efficiency,0.0
7789,codenames,Qwen3.6-35B-A3B-FP8-without-reasoning,opponent_easy,instance_00004,Request Count,1
7790,codenames,Qwen3.6-35B-A3B-FP8-without-reasoning,opponent_easy,instance_00004,Parsed Request Count,0
7791,codenames,Qwen3.6-35B-A3B-FP8-without-reasoning,opponent_easy,instance_00004,Violated Request Count,1
7792,codenames,Qwen3.6-35B-A3B-FP8-without-reasoning,opponent_easy,instance_00004,Request Success Ratio,0.0
7793,codenames,Qwen3.6-35B-A3B-FP8-without-reasoning,opponent_easy,instance_00004,Main Score,
7794,codenames,Qwen3.6-35B-A3B-FP8-without-reasoning,opponent_easy,instance_00008,experiment variable,Opponent Difficulty
7795,codenames,Qwen3.6-35B-A3B-FP8-without-reasoning,opponent_easy,instance_00008,experiment name,opponent_easy
7796,codenames,Qwen3.6-35B-A3B-FP8-without-reasoning,opponent_easy,instance_00008,Cluegiver strip words,0
7797,codenames,Qwen3.6-35B-A3B-FP8-without-reasoning,opponent_easy,instance_00008,Guesser strip words,0
7798,codenames,Qwen3.6-35B-A3B-FP8-without-reasoning,opponent_easy,instance_00008,Average Cluegiver Number of Targets,0
7799,codenames,Qwen3.6-35B-A3B-FP8-without-reasoning,opponent_easy,instance_00008,Average Cluegiver Team Precision,0
7800,codenames,Qwen3.6-35B-A3B-FP8-without-reasoning,opponent_easy,instance_00008,Average Cluegiver Team Recall,0.0
7801,codenames,Qwen3.6-35B-A3B-FP8-without-reasoning,opponent_easy,instance_00008,Average Cluegiver Team F1,0
7802,codenames,Qwen3.6-35B-A3B-FP8-without-reasoning,opponent_easy,instance_00008,Average Guesser Number of Guesses,0
7803,codenames,Qwen3.6-35B-A3B-FP8-without-reasoning,opponent_easy,instance_00008,Average Guesser Number of Revealed Words,0
7804,codenames,Qwen3.6-35B-A3B-FP8-without-reasoning,opponent_easy,instance_00008,Average Guesser Number of Unrevealed Guesses,0
7805,codenames,Qwen3.6-35B-A3B-FP8-without-reasoning,opponent_easy,instance_00008,Average Guesser Target Precision,0
7806,codenames,Qwen3.6-35B-A3B-FP8-without-reasoning,opponent_easy,instance_00008,Average Guesser Target Recall,0
7807,codenames,Qwen3.6-35B-A3B-FP8-without-reasoning,opponent_easy,instance_00008,Average Guesser Target F1,0
7808,codenames,Qwen3.6-35B-A3B-FP8-without-reasoning,opponent_easy,instance_00008,Average Guesser Team Precision,0
7809,codenames,Qwen3.6-35B-A3B-FP8-without-reasoning,opponent_easy,instance_00008,Average Guesser Team Recall,0.0
7810,codenames,Qwen3.6-35B-A3B-FP8-without-reasoning,opponent_easy,instance_00008,Average Guesser Team F1,0
7811,codenames,Qwen3.6-35B-A3B-FP8-without-reasoning,opponent_easy,instance_00008,Aborted,1
7812,codenames,Qwen3.6-35B-A3B-FP8-without-reasoning,opponent_easy,instance_00008,Lose,0
7813,codenames,Qwen3.6-35B-A3B-FP8-without-reasoning,opponent_easy,instance_00008,Success,0
7814,codenames,Qwen3.6-35B-A3B-FP8-without-reasoning,opponent_easy,instance_00008,Game ended through assassin,0
7815,codenames,Qwen3.6-35B-A3B-FP8-without-reasoning,opponent_easy,instance_00008,Episode Recall,0.0
7816,codenames,Qwen3.6-35B-A3B-FP8-without-reasoning,opponent_easy,instance_00008,Episode Negative Recall,1.0
7817,codenames,Qwen3.6-35B-A3B-FP8-without-reasoning,opponent_easy,instance_00008,Number of turns,1
7818,codenames,Qwen3.6-35B-A3B-FP8-without-reasoning,opponent_easy,instance_00008,Efficiency,0.0
7819,codenames,Qwen3.6-35B-A3B-FP8-without-reasoning,opponent_easy,instance_00008,Request Count,1
7820,codenames,Qwen3.6-35B-A3B-FP8-without-reasoning,opponent_easy,instance_00008,Parsed Request Count,0
7821,codenames,Qwen3.6-35B-A3B-FP8-without-reasoning,opponent_easy,instance_00008,Violated Request Count,1
7822,codenames,Qwen3.6-35B-A3B-FP8-without-reasoning,opponent_easy,instance_00008,Request Success Ratio,0.0
7823,codenames,Qwen3.6-35B-A3B-FP8-without-reasoning,opponent_easy,instance_00008,Main Score,
7824,codenames,Qwen3.6-35B-A3B-FP8-without-reasoning,opponent_easy,instance_00001,experiment variable,Opponent Difficulty
7825,codenames,Qwen3.6-35B-A3B-FP8-without-reasoning,opponent_easy,instance_00001,experiment name,opponent_easy
7826,codenames,Qwen3.6-35B-A3B-FP8-without-reasoning,opponent_easy,instance_00001,Cluegiver strip words,0
7827,codenames,Qwen3.6-35B-A3B-FP8-without-reasoning,opponent_easy,instance_00001,Guesser strip words,0
7828,codenames,Qwen3.6-35B-A3B-FP8-without-reasoning,opponent_easy,instance_00001,Average Cluegiver Number of Targets,0
7829,codenames,Qwen3.6-35B-A3B-FP8-without-reasoning,opponent_easy,instance_00001,Average Cluegiver Team Precision,0
7830,codenames,Qwen3.6-35B-A3B-FP8-without-reasoning,opponent_easy,instance_00001,Average Cluegiver Team Recall,0.0
7831,codenames,Qwen3.6-35B-A3B-FP8-without-reasoning,opponent_easy,instance_00001,Average Cluegiver Team F1,0
7832,codenames,Qwen3.6-35B-A3B-FP8-without-reasoning,opponent_easy,instance_00001,Average Guesser Number of Guesses,0
7833,codenames,Qwen3.6-35B-A3B-FP8-without-reasoning,opponent_easy,instance_00001,Average Guesser Number of Revealed Words,0
7834,codenames,Qwen3.6-35B-A3B-FP8-without-reasoning,opponent_easy,instance_00001,Average Guesser Number of Unrevealed Guesses,0
7835,codenames,Qwen3.6-35B-A3B-FP8-without-reasoning,opponent_easy,instance_00001,Average Guesser Target Precision,0
7836,codenames,Qwen3.6-35B-A3B-FP8-without-reasoning,opponent_easy,instance_00001,Average Guesser Target Recall,0
7837,codenames,Qwen3.6-35B-A3B-FP8-without-reasoning,opponent_easy,instance_00001,Average Guesser Target F1,0
7838,codenames,Qwen3.6-35B-A3B-FP8-without-reasoning,opponent_easy,instance_00001,Average Guesser Team Precision,0
7839,codenames,Qwen3.6-35B-A3B-FP8-without-reasoning,opponent_easy,instance_00001,Average Guesser Team Recall,0.0
7840,codenames,Qwen3.6-35B-A3B-FP8-without-reasoning,opponent_easy,instance_00001,Average Guesser Team F1,0
7841,codenames,Qwen3.6-35B-A3B-FP8-without-reasoning,opponent_easy,instance_00001,Aborted,1
7842,codenames,Qwen3.6-35B-A3B-FP8-without-reasoning,opponent_easy,instance_00001,Lose,0
7843,codenames,Qwen3.6-35B-A3B-FP8-without-reasoning,opponent_easy,instance_00001,Success,0
7844,codenames,Qwen3.6-35B-A3B-FP8-without-reasoning,opponent_easy,instance_00001,Game ended through assassin,0
7845,codenames,Qwen3.6-35B-A3B-FP8-without-reasoning,opponent_easy,instance_00001,Episode Recall,0.0
7846,codenames,Qwen3.6-35B-A3B-FP8-without-reasoning,opponent_easy,instance_00001,Episode Negative Recall,1.0
7847,codenames,Qwen3.6-35B-A3B-FP8-without-reasoning,opponent_easy,instance_00001,Number of turns,1
7848,codenames,Qwen3.6-35B-A3B-FP8-without-reasoning,opponent_easy,instance_00001,Efficiency,0.0
7849,codenames,Qwen3.6-35B-A3B-FP8-without-reasoning,opponent_easy,instance_00001,Request Count,1
7850,codenames,Qwen3.6-35B-A3B-FP8-without-reasoning,opponent_easy,instance_00001,Parsed Request Count,0
7851,codenames,Qwen3.6-35B-A3B-FP8-without-reasoning,opponent_easy,instance_00001,Violated Request Count,1
7852,codenames,Qwen3.6-35B-A3B-FP8-without-reasoning,opponent_easy,instance_00001,Request Success Ratio,0.0
7853,codenames,Qwen3.6-35B-A3B-FP8-without-reasoning,opponent_easy,instance_00001,Main Score,
7854,codenames,Qwen3.6-35B-A3B-FP8-without-reasoning,opponent_easy,instance_00006,experiment variable,Opponent Difficulty
7855,codenames,Qwen3.6-35B-A3B-FP8-without-reasoning,opponent_easy,instance_00006,experiment name,opponent_easy
7856,codenames,Qwen3.6-35B-A3B-FP8-without-reasoning,opponent_easy,instance_00006,Cluegiver strip words,0
7857,codenames,Qwen3.6-35B-A3B-FP8-without-reasoning,opponent_easy,instance_00006,Guesser strip words,0
7858,codenames,Qwen3.6-35B-A3B-FP8-without-reasoning,opponent_easy,instance_00006,Average Cluegiver Number of Targets,0
7859,codenames,Qwen3.6-35B-A3B-FP8-without-reasoning,opponent_easy,instance_00006,Average Cluegiver Team Precision,0
7860,codenames,Qwen3.6-35B-A3B-FP8-without-reasoning,opponent_easy,instance_00006,Average Cluegiver Team Recall,0.0
7861,codenames,Qwen3.6-35B-A3B-FP8-without-reasoning,opponent_easy,instance_00006,Average Cluegiver Team F1,0
7862,codenames,Qwen3.6-35B-A3B-FP8-without-reasoning,opponent_easy,instance_00006,Average Guesser Number of Guesses,0
7863,codenames,Qwen3.6-35B-A3B-FP8-without-reasoning,opponent_easy,instance_00006,Average Guesser Number of Revealed Words,0
7864,codenames,Qwen3.6-35B-A3B-FP8-without-reasoning,opponent_easy,instance_00006,Average Guesser Number of Unrevealed Guesses,0
7865,codenames,Qwen3.6-35B-A3B-FP8-without-reasoning,opponent_easy,instance_00006,Average Guesser Target Precision,0
7866,codenames,Qwen3.6-35B-A3B-FP8-without-reasoning,opponent_easy,instance_00006,Average Guesser Target Recall,0
7867,codenames,Qwen3.6-35B-A3B-FP8-without-reasoning,opponent_easy,instance_00006,Average Guesser Target F1,0
7868,codenames,Qwen3.6-35B-A3B-FP8-without-reasoning,opponent_easy,instance_00006,Average Guesser Team Precision,0
7869,codenames,Qwen3.6-35B-A3B-FP8-without-reasoning,opponent_easy,instance_00006,Average Guesser Team Recall,0.0
7870,codenames,Qwen3.6-35B-A3B-FP8-without-reasoning,opponent_easy,instance_00006,Average Guesser Team F1,0
7871,codenames,Qwen3.6-35B-A3B-FP8-without-reasoning,opponent_easy,instance_00006,Aborted,1
7872,codenames,Qwen3.6-35B-A3B-FP8-without-reasoning,opponent_easy,instance_00006,Lose,0
7873,codenames,Qwen3.6-35B-A3B-FP8-without-reasoning,opponent_easy,instance_00006,Success,0
7874,codenames,Qwen3.6-35B-A3B-FP8-without-reasoning,opponent_easy,instance_00006,Game ended through assassin,0
7875,codenames,Qwen3.6-35B-A3B-FP8-without-reasoning,opponent_easy,instance_00006,Episode Recall,0.0
7876,codenames,Qwen3.6-35B-A3B-FP8-without-reasoning,opponent_easy,instance_00006,Episode Negative Recall,1.0
7877,codenames,Qwen3.6-35B-A3B-FP8-without-reasoning,opponent_easy,instance_00006,Number of turns,1
7878,codenames,Qwen3.6-35B-A3B-FP8-without-reasoning,opponent_easy,instance_00006,Efficiency,0.0
7879,codenames,Qwen3.6-35B-A3B-FP8-without-reasoning,opponent_easy,instance_00006,Request Count,1
7880,codenames,Qwen3.6-35B-A3B-FP8-without-reasoning,opponent_easy,instance_00006,Parsed Request Count,0
7881,codenames,Qwen3.6-35B-A3B-FP8-without-reasoning,opponent_easy,instance_00006,Violated Request Count,1
7882,codenames,Qwen3.6-35B-A3B-FP8-without-reasoning,opponent_easy,instance_00006,Request Success Ratio,0.0
7883,codenames,Qwen3.6-35B-A3B-FP8-without-reasoning,opponent_easy,instance_00006,Main Score,
7884,codenames,Qwen3.6-35B-A3B-FP8-without-reasoning,opponent_easy,instance_00007,experiment variable,Opponent Difficulty
7885,codenames,Qwen3.6-35B-A3B-FP8-without-reasoning,opponent_easy,instance_00007,experiment name,opponent_easy
7886,codenames,Qwen3.6-35B-A3B-FP8-without-reasoning,opponent_easy,instance_00007,Cluegiver strip words,0
7887,codenames,Qwen3.6-35B-A3B-FP8-without-reasoning,opponent_easy,instance_00007,Guesser strip words,0
7888,codenames,Qwen3.6-35B-A3B-FP8-without-reasoning,opponent_easy,instance_00007,Average Cluegiver Number of Targets,0
7889,codenames,Qwen3.6-35B-A3B-FP8-without-reasoning,opponent_easy,instance_00007,Average Cluegiver Team Precision,0
7890,codenames,Qwen3.6-35B-A3B-FP8-without-reasoning,opponent_easy,instance_00007,Average Cluegiver Team Recall,0.0
7891,codenames,Qwen3.6-35B-A3B-FP8-without-reasoning,opponent_easy,instance_00007,Average Cluegiver Team F1,0
7892,codenames,Qwen3.6-35B-A3B-FP8-without-reasoning,opponent_easy,instance_00007,Average Guesser Number of Guesses,0
7893,codenames,Qwen3.6-35B-A3B-FP8-without-reasoning,opponent_easy,instance_00007,Average Guesser Number of Revealed Words,0
7894,codenames,Qwen3.6-35B-A3B-FP8-without-reasoning,opponent_easy,instance_00007,Average Guesser Number of Unrevealed Guesses,0
7895,codenames,Qwen3.6-35B-A3B-FP8-without-reasoning,opponent_easy,instance_00007,Average Guesser Target Precision,0
7896,codenames,Qwen3.6-35B-A3B-FP8-without-reasoning,opponent_easy,instance_00007,Average Guesser Target Recall,0
7897,codenames,Qwen3.6-35B-A3B-FP8-without-reasoning,opponent_easy,instance_00007,Average Guesser Target F1,0
7898,codenames,Qwen3.6-35B-A3B-FP8-without-reasoning,opponent_easy,instance_00007,Average Guesser Team Precision,0
7899,codenames,Qwen3.6-35B-A3B-FP8-without-reasoning,opponent_easy,instance_00007,Average Guesser Team Recall,0.0
7900,codenames,Qwen3.6-35B-A3B-FP8-without-reasoning,opponent_easy,instance_00007,Average Guesser Team F1,0
7901,codenames,Qwen3.6-35B-A3B-FP8-without-reasoning,opponent_easy,instance_00007,Aborted,1
7902,codenames,Qwen3.6-35B-A3B-FP8-without-reasoning,opponent_easy,instance_00007,Lose,0
7903,codenames,Qwen3.6-35B-A3B-FP8-without-reasoning,opponent_easy,instance_00007,Success,0
7904,codenames,Qwen3.6-35B-A3B-FP8-without-reasoning,opponent_easy,instance_00007,Game ended through assassin,0
7905,codenames,Qwen3.6-35B-A3B-FP8-without-reasoning,opponent_easy,instance_00007,Episode Recall,0.0
7906,codenames,Qwen3.6-35B-A3B-FP8-without-reasoning,opponent_easy,instance_00007,Episode Negative Recall,1.0
7907,codenames,Qwen3.6-35B-A3B-FP8-without-reasoning,opponent_easy,instance_00007,Number of turns,1
7908,codenames,Qwen3.6-35B-A3B-FP8-without-reasoning,opponent_easy,instance_00007,Efficiency,0.0
7909,codenames,Qwen3.6-35B-A3B-FP8-without-reasoning,opponent_easy,instance_00007,Request Count,1
7910,codenames,Qwen3.6-35B-A3B-FP8-without-reasoning,opponent_easy,instance_00007,Parsed Request Count,0
7911,codenames,Qwen3.6-35B-A3B-FP8-without-reasoning,opponent_easy,instance_00007,Violated Request Count,1
7912,codenames,Qwen3.6-35B-A3B-FP8-without-reasoning,opponent_easy,instance_00007,Request Success Ratio,0.0
7913,codenames,Qwen3.6-35B-A3B-FP8-without-reasoning,opponent_easy,instance_00007,Main Score,
7914,codenames,Qwen3.6-35B-A3B-FP8-without-reasoning,opponent_easy,instance_00000,experiment variable,Opponent Difficulty
7915,codenames,Qwen3.6-35B-A3B-FP8-without-reasoning,opponent_easy,instance_00000,experiment name,opponent_easy
7916,codenames,Qwen3.6-35B-A3B-FP8-without-reasoning,opponent_easy,instance_00000,Cluegiver strip words,0
7917,codenames,Qwen3.6-35B-A3B-FP8-without-reasoning,opponent_easy,instance_00000,Guesser strip words,0
7918,codenames,Qwen3.6-35B-A3B-FP8-without-reasoning,opponent_easy,instance_00000,Average Cluegiver Number of Targets,0
7919,codenames,Qwen3.6-35B-A3B-FP8-without-reasoning,opponent_easy,instance_00000,Average Cluegiver Team Precision,0
7920,codenames,Qwen3.6-35B-A3B-FP8-without-reasoning,opponent_easy,instance_00000,Average Cluegiver Team Recall,0.0
7921,codenames,Qwen3.6-35B-A3B-FP8-without-reasoning,opponent_easy,instance_00000,Average Cluegiver Team F1,0
7922,codenames,Qwen3.6-35B-A3B-FP8-without-reasoning,opponent_easy,instance_00000,Average Guesser Number of Guesses,0
7923,codenames,Qwen3.6-35B-A3B-FP8-without-reasoning,opponent_easy,instance_00000,Average Guesser Number of Revealed Words,0
7924,codenames,Qwen3.6-35B-A3B-FP8-without-reasoning,opponent_easy,instance_00000,Average Guesser Number of Unrevealed Guesses,0
7925,codenames,Qwen3.6-35B-A3B-FP8-without-reasoning,opponent_easy,instance_00000,Average Guesser Target Precision,0
7926,codenames,Qwen3.6-35B-A3B-FP8-without-reasoning,opponent_easy,instance_00000,Average Guesser Target Recall,0
7927,codenames,Qwen3.6-35B-A3B-FP8-without-reasoning,opponent_easy,instance_00000,Average Guesser Target F1,0
7928,codenames,Qwen3.6-35B-A3B-FP8-without-reasoning,opponent_easy,instance_00000,Average Guesser Team Precision,0
7929,codenames,Qwen3.6-35B-A3B-FP8-without-reasoning,opponent_easy,instance_00000,Average Guesser Team Recall,0.0
7930,codenames,Qwen3.6-35B-A3B-FP8-without-reasoning,opponent_easy,instance_00000,Average Guesser Team F1,0
7931,codenames,Qwen3.6-35B-A3B-FP8-without-reasoning,opponent_easy,instance_00000,Aborted,1
7932,codenames,Qwen3.6-35B-A3B-FP8-without-reasoning,opponent_easy,instance_00000,Lose,0
7933,codenames,Qwen3.6-35B-A3B-FP8-without-reasoning,opponent_easy,instance_00000,Success,0
7934,codenames,Qwen3.6-35B-A3B-FP8-without-reasoning,opponent_easy,instance_00000,Game ended through assassin,0
7935,codenames,Qwen3.6-35B-A3B-FP8-without-reasoning,opponent_easy,instance_00000,Episode Recall,0.0
7936,codenames,Qwen3.6-35B-A3B-FP8-without-reasoning,opponent_easy,instance_00000,Episode Negative Recall,1.0
7937,codenames,Qwen3.6-35B-A3B-FP8-without-reasoning,opponent_easy,instance_00000,Number of turns,1
7938,codenames,Qwen3.6-35B-A3B-FP8-without-reasoning,opponent_easy,instance_00000,Efficiency,0.0
7939,codenames,Qwen3.6-35B-A3B-FP8-without-reasoning,opponent_easy,instance_00000,Request Count,1
7940,codenames,Qwen3.6-35B-A3B-FP8-without-reasoning,opponent_easy,instance_00000,Parsed Request Count,0
7941,codenames,Qwen3.6-35B-A3B-FP8-without-reasoning,opponent_easy,instance_00000,Violated Request Count,1
7942,codenames,Qwen3.6-35B-A3B-FP8-without-reasoning,opponent_easy,instance_00000,Request Success Ratio,0.0
7943,codenames,Qwen3.6-35B-A3B-FP8-without-reasoning,opponent_easy,instance_00000,Main Score,
7944,codenames,Qwen3.6-35B-A3B-FP8-without-reasoning,opponent_easy,instance_00009,experiment variable,Opponent Difficulty
7945,codenames,Qwen3.6-35B-A3B-FP8-without-reasoning,opponent_easy,instance_00009,experiment name,opponent_easy
7946,codenames,Qwen3.6-35B-A3B-FP8-without-reasoning,opponent_easy,instance_00009,Cluegiver strip words,0
7947,codenames,Qwen3.6-35B-A3B-FP8-without-reasoning,opponent_easy,instance_00009,Guesser strip words,0
7948,codenames,Qwen3.6-35B-A3B-FP8-without-reasoning,opponent_easy,instance_00009,Average Cluegiver Number of Targets,0
7949,codenames,Qwen3.6-35B-A3B-FP8-without-reasoning,opponent_easy,instance_00009,Average Cluegiver Team Precision,0
7950,codenames,Qwen3.6-35B-A3B-FP8-without-reasoning,opponent_easy,instance_00009,Average Cluegiver Team Recall,0.0
7951,codenames,Qwen3.6-35B-A3B-FP8-without-reasoning,opponent_easy,instance_00009,Average Cluegiver Team F1,0
7952,codenames,Qwen3.6-35B-A3B-FP8-without-reasoning,opponent_easy,instance_00009,Average Guesser Number of Guesses,0
7953,codenames,Qwen3.6-35B-A3B-FP8-without-reasoning,opponent_easy,instance_00009,Average Guesser Number of Revealed Words,0
7954,codenames,Qwen3.6-35B-A3B-FP8-without-reasoning,opponent_easy,instance_00009,Average Guesser Number of Unrevealed Guesses,0
7955,codenames,Qwen3.6-35B-A3B-FP8-without-reasoning,opponent_easy,instance_00009,Average Guesser Target Precision,0
7956,codenames,Qwen3.6-35B-A3B-FP8-without-reasoning,opponent_easy,instance_00009,Average Guesser Target Recall,0
7957,codenames,Qwen3.6-35B-A3B-FP8-without-reasoning,opponent_easy,instance_00009,Average Guesser Target F1,0
7958,codenames,Qwen3.6-35B-A3B-FP8-without-reasoning,opponent_easy,instance_00009,Average Guesser Team Precision,0
7959,codenames,Qwen3.6-35B-A3B-FP8-without-reasoning,opponent_easy,instance_00009,Average Guesser Team Recall,0.0
7960,codenames,Qwen3.6-35B-A3B-FP8-without-reasoning,opponent_easy,instance_00009,Average Guesser Team F1,0
7961,codenames,Qwen3.6-35B-A3B-FP8-without-reasoning,opponent_easy,instance_00009,Aborted,1
7962,codenames,Qwen3.6-35B-A3B-FP8-without-reasoning,opponent_easy,instance_00009,Lose,0
7963,codenames,Qwen3.6-35B-A3B-FP8-without-reasoning,opponent_easy,instance_00009,Success,0
7964,codenames,Qwen3.6-35B-A3B-FP8-without-reasoning,opponent_easy,instance_00009,Game ended through assassin,0
7965,codenames,Qwen3.6-35B-A3B-FP8-without-reasoning,opponent_easy,instance_00009,Episode Recall,0.0
7966,codenames,Qwen3.6-35B-A3B-FP8-without-reasoning,opponent_easy,instance_00009,Episode Negative Recall,1.0
7967,codenames,Qwen3.6-35B-A3B-FP8-without-reasoning,opponent_easy,instance_00009,Number of turns,1
7968,codenames,Qwen3.6-35B-A3B-FP8-without-reasoning,opponent_easy,instance_00009,Efficiency,0.0
7969,codenames,Qwen3.6-35B-A3B-FP8-without-reasoning,opponent_easy,instance_00009,Request Count,1
7970,codenames,Qwen3.6-35B-A3B-FP8-without-reasoning,opponent_easy,instance_00009,Parsed Request Count,0
7971,codenames,Qwen3.6-35B-A3B-FP8-without-reasoning,opponent_easy,instance_00009,Violated Request Count,1
7972,codenames,Qwen3.6-35B-A3B-FP8-without-reasoning,opponent_easy,instance_00009,Request Success Ratio,0.0
7973,codenames,Qwen3.6-35B-A3B-FP8-without-reasoning,opponent_easy,instance_00009,Main Score,
7974,codenames,Qwen3.6-35B-A3B-FP8-without-reasoning,association_difficult,instance_00005,experiment variable,Word Assignments
7975,codenames,Qwen3.6-35B-A3B-FP8-without-reasoning,association_difficult,instance_00005,experiment name,association_difficult
7976,codenames,Qwen3.6-35B-A3B-FP8-without-reasoning,association_difficult,instance_00005,Cluegiver strip words,0
7977,codenames,Qwen3.6-35B-A3B-FP8-without-reasoning,association_difficult,instance_00005,Guesser strip words,0
7978,codenames,Qwen3.6-35B-A3B-FP8-without-reasoning,association_difficult,instance_00005,Average Cluegiver Number of Targets,0
7979,codenames,Qwen3.6-35B-A3B-FP8-without-reasoning,association_difficult,instance_00005,Average Cluegiver Team Precision,0
7980,codenames,Qwen3.6-35B-A3B-FP8-without-reasoning,association_difficult,instance_00005,Average Cluegiver Team Recall,0.0
7981,codenames,Qwen3.6-35B-A3B-FP8-without-reasoning,association_difficult,instance_00005,Average Cluegiver Team F1,0
7982,codenames,Qwen3.6-35B-A3B-FP8-without-reasoning,association_difficult,instance_00005,Average Guesser Number of Guesses,0
7983,codenames,Qwen3.6-35B-A3B-FP8-without-reasoning,association_difficult,instance_00005,Average Guesser Number of Revealed Words,0
7984,codenames,Qwen3.6-35B-A3B-FP8-without-reasoning,association_difficult,instance_00005,Average Guesser Number of Unrevealed Guesses,0
7985,codenames,Qwen3.6-35B-A3B-FP8-without-reasoning,association_difficult,instance_00005,Average Guesser Target Precision,0
7986,codenames,Qwen3.6-35B-A3B-FP8-without-reasoning,association_difficult,instance_00005,Average Guesser Target Recall,0
7987,codenames,Qwen3.6-35B-A3B-FP8-without-reasoning,association_difficult,instance_00005,Average Guesser Target F1,0
7988,codenames,Qwen3.6-35B-A3B-FP8-without-reasoning,association_difficult,instance_00005,Average Guesser Team Precision,0
7989,codenames,Qwen3.6-35B-A3B-FP8-without-reasoning,association_difficult,instance_00005,Average Guesser Team Recall,0.0
7990,codenames,Qwen3.6-35B-A3B-FP8-without-reasoning,association_difficult,instance_00005,Average Guesser Team F1,0
7991,codenames,Qwen3.6-35B-A3B-FP8-without-reasoning,association_difficult,instance_00005,Aborted,1
7992,codenames,Qwen3.6-35B-A3B-FP8-without-reasoning,association_difficult,instance_00005,Lose,0
7993,codenames,Qwen3.6-35B-A3B-FP8-without-reasoning,association_difficult,instance_00005,Success,0
7994,codenames,Qwen3.6-35B-A3B-FP8-without-reasoning,association_difficult,instance_00005,Game ended through assassin,0
7995,codenames,Qwen3.6-35B-A3B-FP8-without-reasoning,association_difficult,instance_00005,Episode Recall,0.0
7996,codenames,Qwen3.6-35B-A3B-FP8-without-reasoning,association_difficult,instance_00005,Episode Negative Recall,1.0
7997,codenames,Qwen3.6-35B-A3B-FP8-without-reasoning,association_difficult,instance_00005,Number of turns,1
7998,codenames,Qwen3.6-35B-A3B-FP8-without-reasoning,association_difficult,instance_00005,Efficiency,0.0
7999,codenames,Qwen3.6-35B-A3B-FP8-without-reasoning,association_difficult,instance_00005,Request Count,1
8000,codenames,Qwen3.6-35B-A3B-FP8-without-reasoning,association_difficult,instance_00005,Parsed Request Count,0
8001,codenames,Qwen3.6-35B-A3B-FP8-without-reasoning,association_difficult,instance_00005,Violated Request Count,1
8002,codenames,Qwen3.6-35B-A3B-FP8-without-reasoning,association_difficult,instance_00005,Request Success Ratio,0.0
8003,codenames,Qwen3.6-35B-A3B-FP8-without-reasoning,association_difficult,instance_00005,Main Score,
8004,codenames,Qwen3.6-35B-A3B-FP8-without-reasoning,association_difficult,instance_00002,experiment variable,Word Assignments
8005,codenames,Qwen3.6-35B-A3B-FP8-without-reasoning,association_difficult,instance_00002,experiment name,association_difficult
8006,codenames,Qwen3.6-35B-A3B-FP8-without-reasoning,association_difficult,instance_00002,Cluegiver strip words,0
8007,codenames,Qwen3.6-35B-A3B-FP8-without-reasoning,association_difficult,instance_00002,Guesser strip words,0
8008,codenames,Qwen3.6-35B-A3B-FP8-without-reasoning,association_difficult,instance_00002,Average Cluegiver Number of Targets,0
8009,codenames,Qwen3.6-35B-A3B-FP8-without-reasoning,association_difficult,instance_00002,Average Cluegiver Team Precision,0
8010,codenames,Qwen3.6-35B-A3B-FP8-without-reasoning,association_difficult,instance_00002,Average Cluegiver Team Recall,0.0
8011,codenames,Qwen3.6-35B-A3B-FP8-without-reasoning,association_difficult,instance_00002,Average Cluegiver Team F1,0
8012,codenames,Qwen3.6-35B-A3B-FP8-without-reasoning,association_difficult,instance_00002,Average Guesser Number of Guesses,0
8013,codenames,Qwen3.6-35B-A3B-FP8-without-reasoning,association_difficult,instance_00002,Average Guesser Number of Revealed Words,0
8014,codenames,Qwen3.6-35B-A3B-FP8-without-reasoning,association_difficult,instance_00002,Average Guesser Number of Unrevealed Guesses,0
8015,codenames,Qwen3.6-35B-A3B-FP8-without-reasoning,association_difficult,instance_00002,Average Guesser Target Precision,0
8016,codenames,Qwen3.6-35B-A3B-FP8-without-reasoning,association_difficult,instance_00002,Average Guesser Target Recall,0
8017,codenames,Qwen3.6-35B-A3B-FP8-without-reasoning,association_difficult,instance_00002,Average Guesser Target F1,0
8018,codenames,Qwen3.6-35B-A3B-FP8-without-reasoning,association_difficult,instance_00002,Average Guesser Team Precision,0
8019,codenames,Qwen3.6-35B-A3B-FP8-without-reasoning,association_difficult,instance_00002,Average Guesser Team Recall,0.0
8020,codenames,Qwen3.6-35B-A3B-FP8-without-reasoning,association_difficult,instance_00002,Average Guesser Team F1,0
8021,codenames,Qwen3.6-35B-A3B-FP8-without-reasoning,association_difficult,instance_00002,Aborted,1
8022,codenames,Qwen3.6-35B-A3B-FP8-without-reasoning,association_difficult,instance_00002,Lose,0
8023,codenames,Qwen3.6-35B-A3B-FP8-without-reasoning,association_difficult,instance_00002,Success,0
8024,codenames,Qwen3.6-35B-A3B-FP8-without-reasoning,association_difficult,instance_00002,Game ended through assassin,0
8025,codenames,Qwen3.6-35B-A3B-FP8-without-reasoning,association_difficult,instance_00002,Episode Recall,0.0
8026,codenames,Qwen3.6-35B-A3B-FP8-without-reasoning,association_difficult,instance_00002,Episode Negative Recall,1.0
8027,codenames,Qwen3.6-35B-A3B-FP8-without-reasoning,association_difficult,instance_00002,Number of turns,1
8028,codenames,Qwen3.6-35B-A3B-FP8-without-reasoning,association_difficult,instance_00002,Efficiency,0.0
8029,codenames,Qwen3.6-35B-A3B-FP8-without-reasoning,association_difficult,instance_00002,Request Count,1
8030,codenames,Qwen3.6-35B-A3B-FP8-without-reasoning,association_difficult,instance_00002,Parsed Request Count,0
8031,codenames,Qwen3.6-35B-A3B-FP8-without-reasoning,association_difficult,instance_00002,Violated Request Count,1
8032,codenames,Qwen3.6-35B-A3B-FP8-without-reasoning,association_difficult,instance_00002,Request Success Ratio,0.0
8033,codenames,Qwen3.6-35B-A3B-FP8-without-reasoning,association_difficult,instance_00002,Main Score,
8034,codenames,Qwen3.6-35B-A3B-FP8-without-reasoning,association_difficult,instance_00003,experiment variable,Word Assignments
8035,codenames,Qwen3.6-35B-A3B-FP8-without-reasoning,association_difficult,instance_00003,experiment name,association_difficult
8036,codenames,Qwen3.6-35B-A3B-FP8-without-reasoning,association_difficult,instance_00003,Cluegiver strip words,0
8037,codenames,Qwen3.6-35B-A3B-FP8-without-reasoning,association_difficult,instance_00003,Guesser strip words,0
8038,codenames,Qwen3.6-35B-A3B-FP8-without-reasoning,association_difficult,instance_00003,Average Cluegiver Number of Targets,0
8039,codenames,Qwen3.6-35B-A3B-FP8-without-reasoning,association_difficult,instance_00003,Average Cluegiver Team Precision,0
8040,codenames,Qwen3.6-35B-A3B-FP8-without-reasoning,association_difficult,instance_00003,Average Cluegiver Team Recall,0.0
8041,codenames,Qwen3.6-35B-A3B-FP8-without-reasoning,association_difficult,instance_00003,Average Cluegiver Team F1,0
8042,codenames,Qwen3.6-35B-A3B-FP8-without-reasoning,association_difficult,instance_00003,Average Guesser Number of Guesses,0
8043,codenames,Qwen3.6-35B-A3B-FP8-without-reasoning,association_difficult,instance_00003,Average Guesser Number of Revealed Words,0
8044,codenames,Qwen3.6-35B-A3B-FP8-without-reasoning,association_difficult,instance_00003,Average Guesser Number of Unrevealed Guesses,0
8045,codenames,Qwen3.6-35B-A3B-FP8-without-reasoning,association_difficult,instance_00003,Average Guesser Target Precision,0
8046,codenames,Qwen3.6-35B-A3B-FP8-without-reasoning,association_difficult,instance_00003,Average Guesser Target Recall,0
8047,codenames,Qwen3.6-35B-A3B-FP8-without-reasoning,association_difficult,instance_00003,Average Guesser Target F1,0
8048,codenames,Qwen3.6-35B-A3B-FP8-without-reasoning,association_difficult,instance_00003,Average Guesser Team Precision,0
8049,codenames,Qwen3.6-35B-A3B-FP8-without-reasoning,association_difficult,instance_00003,Average Guesser Team Recall,0.0
8050,codenames,Qwen3.6-35B-A3B-FP8-without-reasoning,association_difficult,instance_00003,Average Guesser Team F1,0
8051,codenames,Qwen3.6-35B-A3B-FP8-without-reasoning,association_difficult,instance_00003,Aborted,1
8052,codenames,Qwen3.6-35B-A3B-FP8-without-reasoning,association_difficult,instance_00003,Lose,0
8053,codenames,Qwen3.6-35B-A3B-FP8-without-reasoning,association_difficult,instance_00003,Success,0
8054,codenames,Qwen3.6-35B-A3B-FP8-without-reasoning,association_difficult,instance_00003,Game ended through assassin,0
8055,codenames,Qwen3.6-35B-A3B-FP8-without-reasoning,association_difficult,instance_00003,Episode Recall,0.0
8056,codenames,Qwen3.6-35B-A3B-FP8-without-reasoning,association_difficult,instance_00003,Episode Negative Recall,1.0
8057,codenames,Qwen3.6-35B-A3B-FP8-without-reasoning,association_difficult,instance_00003,Number of turns,1
8058,codenames,Qwen3.6-35B-A3B-FP8-without-reasoning,association_difficult,instance_00003,Efficiency,0.0
8059,codenames,Qwen3.6-35B-A3B-FP8-without-reasoning,association_difficult,instance_00003,Request Count,1
8060,codenames,Qwen3.6-35B-A3B-FP8-without-reasoning,association_difficult,instance_00003,Parsed Request Count,0
8061,codenames,Qwen3.6-35B-A3B-FP8-without-reasoning,association_difficult,instance_00003,Violated Request Count,1
8062,codenames,Qwen3.6-35B-A3B-FP8-without-reasoning,association_difficult,instance_00003,Request Success Ratio,0.0
8063,codenames,Qwen3.6-35B-A3B-FP8-without-reasoning,association_difficult,instance_00003,Main Score,
8064,codenames,Qwen3.6-35B-A3B-FP8-without-reasoning,association_difficult,instance_00004,experiment variable,Word Assignments
8065,codenames,Qwen3.6-35B-A3B-FP8-without-reasoning,association_difficult,instance_00004,experiment name,association_difficult
8066,codenames,Qwen3.6-35B-A3B-FP8-without-reasoning,association_difficult,instance_00004,Cluegiver strip words,0
8067,codenames,Qwen3.6-35B-A3B-FP8-without-reasoning,association_difficult,instance_00004,Guesser strip words,0
8068,codenames,Qwen3.6-35B-A3B-FP8-without-reasoning,association_difficult,instance_00004,Average Cluegiver Number of Targets,0
8069,codenames,Qwen3.6-35B-A3B-FP8-without-reasoning,association_difficult,instance_00004,Average Cluegiver Team Precision,0
8070,codenames,Qwen3.6-35B-A3B-FP8-without-reasoning,association_difficult,instance_00004,Average Cluegiver Team Recall,0.0
8071,codenames,Qwen3.6-35B-A3B-FP8-without-reasoning,association_difficult,instance_00004,Average Cluegiver Team F1,0
8072,codenames,Qwen3.6-35B-A3B-FP8-without-reasoning,association_difficult,instance_00004,Average Guesser Number of Guesses,0
8073,codenames,Qwen3.6-35B-A3B-FP8-without-reasoning,association_difficult,instance_00004,Average Guesser Number of Revealed Words,0
8074,codenames,Qwen3.6-35B-A3B-FP8-without-reasoning,association_difficult,instance_00004,Average Guesser Number of Unrevealed Guesses,0
8075,codenames,Qwen3.6-35B-A3B-FP8-without-reasoning,association_difficult,instance_00004,Average Guesser Target Precision,0
8076,codenames,Qwen3.6-35B-A3B-FP8-without-reasoning,association_difficult,instance_00004,Average Guesser Target Recall,0
8077,codenames,Qwen3.6-35B-A3B-FP8-without-reasoning,association_difficult,instance_00004,Average Guesser Target F1,0
8078,codenames,Qwen3.6-35B-A3B-FP8-without-reasoning,association_difficult,instance_00004,Average Guesser Team Precision,0
8079,codenames,Qwen3.6-35B-A3B-FP8-without-reasoning,association_difficult,instance_00004,Average Guesser Team Recall,0.0
8080,codenames,Qwen3.6-35B-A3B-FP8-without-reasoning,association_difficult,instance_00004,Average Guesser Team F1,0
8081,codenames,Qwen3.6-35B-A3B-FP8-without-reasoning,association_difficult,instance_00004,Aborted,1
8082,codenames,Qwen3.6-35B-A3B-FP8-without-reasoning,association_difficult,instance_00004,Lose,0
8083,codenames,Qwen3.6-35B-A3B-FP8-without-reasoning,association_difficult,instance_00004,Success,0
8084,codenames,Qwen3.6-35B-A3B-FP8-without-reasoning,association_difficult,instance_00004,Game ended through assassin,0
8085,codenames,Qwen3.6-35B-A3B-FP8-without-reasoning,association_difficult,instance_00004,Episode Recall,0.0
8086,codenames,Qwen3.6-35B-A3B-FP8-without-reasoning,association_difficult,instance_00004,Episode Negative Recall,1.0
8087,codenames,Qwen3.6-35B-A3B-FP8-without-reasoning,association_difficult,instance_00004,Number of turns,1
8088,codenames,Qwen3.6-35B-A3B-FP8-without-reasoning,association_difficult,instance_00004,Efficiency,0.0
8089,codenames,Qwen3.6-35B-A3B-FP8-without-reasoning,association_difficult,instance_00004,Request Count,1
8090,codenames,Qwen3.6-35B-A3B-FP8-without-reasoning,association_difficult,instance_00004,Parsed Request Count,0
8091,codenames,Qwen3.6-35B-A3B-FP8-without-reasoning,association_difficult,instance_00004,Violated Request Count,1
8092,codenames,Qwen3.6-35B-A3B-FP8-without-reasoning,association_difficult,instance_00004,Request Success Ratio,0.0
8093,codenames,Qwen3.6-35B-A3B-FP8-without-reasoning,association_difficult,instance_00004,Main Score,
8094,codenames,Qwen3.6-35B-A3B-FP8-without-reasoning,association_difficult,instance_00008,experiment variable,Word Assignments
8095,codenames,Qwen3.6-35B-A3B-FP8-without-reasoning,association_difficult,instance_00008,experiment name,association_difficult
8096,codenames,Qwen3.6-35B-A3B-FP8-without-reasoning,association_difficult,instance_00008,Cluegiver strip words,0
8097,codenames,Qwen3.6-35B-A3B-FP8-without-reasoning,association_difficult,instance_00008,Guesser strip words,0
8098,codenames,Qwen3.6-35B-A3B-FP8-without-reasoning,association_difficult,instance_00008,Average Cluegiver Number of Targets,0
8099,codenames,Qwen3.6-35B-A3B-FP8-without-reasoning,association_difficult,instance_00008,Average Cluegiver Team Precision,0
8100,codenames,Qwen3.6-35B-A3B-FP8-without-reasoning,association_difficult,instance_00008,Average Cluegiver Team Recall,0.0
8101,codenames,Qwen3.6-35B-A3B-FP8-without-reasoning,association_difficult,instance_00008,Average Cluegiver Team F1,0
8102,codenames,Qwen3.6-35B-A3B-FP8-without-reasoning,association_difficult,instance_00008,Average Guesser Number of Guesses,0
8103,codenames,Qwen3.6-35B-A3B-FP8-without-reasoning,association_difficult,instance_00008,Average Guesser Number of Revealed Words,0
8104,codenames,Qwen3.6-35B-A3B-FP8-without-reasoning,association_difficult,instance_00008,Average Guesser Number of Unrevealed Guesses,0
8105,codenames,Qwen3.6-35B-A3B-FP8-without-reasoning,association_difficult,instance_00008,Average Guesser Target Precision,0
8106,codenames,Qwen3.6-35B-A3B-FP8-without-reasoning,association_difficult,instance_00008,Average Guesser Target Recall,0
8107,codenames,Qwen3.6-35B-A3B-FP8-without-reasoning,association_difficult,instance_00008,Average Guesser Target F1,0
8108,codenames,Qwen3.6-35B-A3B-FP8-without-reasoning,association_difficult,instance_00008,Average Guesser Team Precision,0
8109,codenames,Qwen3.6-35B-A3B-FP8-without-reasoning,association_difficult,instance_00008,Average Guesser Team Recall,0.0
8110,codenames,Qwen3.6-35B-A3B-FP8-without-reasoning,association_difficult,instance_00008,Average Guesser Team F1,0
8111,codenames,Qwen3.6-35B-A3B-FP8-without-reasoning,association_difficult,instance_00008,Aborted,1
8112,codenames,Qwen3.6-35B-A3B-FP8-without-reasoning,association_difficult,instance_00008,Lose,0
8113,codenames,Qwen3.6-35B-A3B-FP8-without-reasoning,association_difficult,instance_00008,Success,0
8114,codenames,Qwen3.6-35B-A3B-FP8-without-reasoning,association_difficult,instance_00008,Game ended through assassin,0
8115,codenames,Qwen3.6-35B-A3B-FP8-without-reasoning,association_difficult,instance_00008,Episode Recall,0.0
8116,codenames,Qwen3.6-35B-A3B-FP8-without-reasoning,association_difficult,instance_00008,Episode Negative Recall,1.0
8117,codenames,Qwen3.6-35B-A3B-FP8-without-reasoning,association_difficult,instance_00008,Number of turns,1
8118,codenames,Qwen3.6-35B-A3B-FP8-without-reasoning,association_difficult,instance_00008,Efficiency,0.0
8119,codenames,Qwen3.6-35B-A3B-FP8-without-reasoning,association_difficult,instance_00008,Request Count,1
8120,codenames,Qwen3.6-35B-A3B-FP8-without-reasoning,association_difficult,instance_00008,Parsed Request Count,0
8121,codenames,Qwen3.6-35B-A3B-FP8-without-reasoning,association_difficult,instance_00008,Violated Request Count,1
8122,codenames,Qwen3.6-35B-A3B-FP8-without-reasoning,association_difficult,instance_00008,Request Success Ratio,0.0
8123,codenames,Qwen3.6-35B-A3B-FP8-without-reasoning,association_difficult,instance_00008,Main Score,
8124,codenames,Qwen3.6-35B-A3B-FP8-without-reasoning,association_difficult,instance_00001,experiment variable,Word Assignments
8125,codenames,Qwen3.6-35B-A3B-FP8-without-reasoning,association_difficult,instance_00001,experiment name,association_difficult
8126,codenames,Qwen3.6-35B-A3B-FP8-without-reasoning,association_difficult,instance_00001,Cluegiver strip words,0
8127,codenames,Qwen3.6-35B-A3B-FP8-without-reasoning,association_difficult,instance_00001,Guesser strip words,0
8128,codenames,Qwen3.6-35B-A3B-FP8-without-reasoning,association_difficult,instance_00001,Average Cluegiver Number of Targets,0
8129,codenames,Qwen3.6-35B-A3B-FP8-without-reasoning,association_difficult,instance_00001,Average Cluegiver Team Precision,0
8130,codenames,Qwen3.6-35B-A3B-FP8-without-reasoning,association_difficult,instance_00001,Average Cluegiver Team Recall,0.0
8131,codenames,Qwen3.6-35B-A3B-FP8-without-reasoning,association_difficult,instance_00001,Average Cluegiver Team F1,0
8132,codenames,Qwen3.6-35B-A3B-FP8-without-reasoning,association_difficult,instance_00001,Average Guesser Number of Guesses,0
8133,codenames,Qwen3.6-35B-A3B-FP8-without-reasoning,association_difficult,instance_00001,Average Guesser Number of Revealed Words,0
8134,codenames,Qwen3.6-35B-A3B-FP8-without-reasoning,association_difficult,instance_00001,Average Guesser Number of Unrevealed Guesses,0
8135,codenames,Qwen3.6-35B-A3B-FP8-without-reasoning,association_difficult,instance_00001,Average Guesser Target Precision,0
8136,codenames,Qwen3.6-35B-A3B-FP8-without-reasoning,association_difficult,instance_00001,Average Guesser Target Recall,0
8137,codenames,Qwen3.6-35B-A3B-FP8-without-reasoning,association_difficult,instance_00001,Average Guesser Target F1,0
8138,codenames,Qwen3.6-35B-A3B-FP8-without-reasoning,association_difficult,instance_00001,Average Guesser Team Precision,0
8139,codenames,Qwen3.6-35B-A3B-FP8-without-reasoning,association_difficult,instance_00001,Average Guesser Team Recall,0.0
8140,codenames,Qwen3.6-35B-A3B-FP8-without-reasoning,association_difficult,instance_00001,Average Guesser Team F1,0
8141,codenames,Qwen3.6-35B-A3B-FP8-without-reasoning,association_difficult,instance_00001,Aborted,1
8142,codenames,Qwen3.6-35B-A3B-FP8-without-reasoning,association_difficult,instance_00001,Lose,0
8143,codenames,Qwen3.6-35B-A3B-FP8-without-reasoning,association_difficult,instance_00001,Success,0
8144,codenames,Qwen3.6-35B-A3B-FP8-without-reasoning,association_difficult,instance_00001,Game ended through assassin,0
8145,codenames,Qwen3.6-35B-A3B-FP8-without-reasoning,association_difficult,instance_00001,Episode Recall,0.0
8146,codenames,Qwen3.6-35B-A3B-FP8-without-reasoning,association_difficult,instance_00001,Episode Negative Recall,1.0
8147,codenames,Qwen3.6-35B-A3B-FP8-without-reasoning,association_difficult,instance_00001,Number of turns,1
8148,codenames,Qwen3.6-35B-A3B-FP8-without-reasoning,association_difficult,instance_00001,Efficiency,0.0
8149,codenames,Qwen3.6-35B-A3B-FP8-without-reasoning,association_difficult,instance_00001,Request Count,1
8150,codenames,Qwen3.6-35B-A3B-FP8-without-reasoning,association_difficult,instance_00001,Parsed Request Count,0
8151,codenames,Qwen3.6-35B-A3B-FP8-without-reasoning,association_difficult,instance_00001,Violated Request Count,1
8152,codenames,Qwen3.6-35B-A3B-FP8-without-reasoning,association_difficult,instance_00001,Request Success Ratio,0.0
8153,codenames,Qwen3.6-35B-A3B-FP8-without-reasoning,association_difficult,instance_00001,Main Score,
8154,codenames,Qwen3.6-35B-A3B-FP8-without-reasoning,association_difficult,instance_00006,experiment variable,Word Assignments
8155,codenames,Qwen3.6-35B-A3B-FP8-without-reasoning,association_difficult,instance_00006,experiment name,association_difficult
8156,codenames,Qwen3.6-35B-A3B-FP8-without-reasoning,association_difficult,instance_00006,Cluegiver strip words,0
8157,codenames,Qwen3.6-35B-A3B-FP8-without-reasoning,association_difficult,instance_00006,Guesser strip words,0
8158,codenames,Qwen3.6-35B-A3B-FP8-without-reasoning,association_difficult,instance_00006,Average Cluegiver Number of Targets,0
8159,codenames,Qwen3.6-35B-A3B-FP8-without-reasoning,association_difficult,instance_00006,Average Cluegiver Team Precision,0
8160,codenames,Qwen3.6-35B-A3B-FP8-without-reasoning,association_difficult,instance_00006,Average Cluegiver Team Recall,0.0
8161,codenames,Qwen3.6-35B-A3B-FP8-without-reasoning,association_difficult,instance_00006,Average Cluegiver Team F1,0
8162,codenames,Qwen3.6-35B-A3B-FP8-without-reasoning,association_difficult,instance_00006,Average Guesser Number of Guesses,0
8163,codenames,Qwen3.6-35B-A3B-FP8-without-reasoning,association_difficult,instance_00006,Average Guesser Number of Revealed Words,0
8164,codenames,Qwen3.6-35B-A3B-FP8-without-reasoning,association_difficult,instance_00006,Average Guesser Number of Unrevealed Guesses,0
8165,codenames,Qwen3.6-35B-A3B-FP8-without-reasoning,association_difficult,instance_00006,Average Guesser Target Precision,0
8166,codenames,Qwen3.6-35B-A3B-FP8-without-reasoning,association_difficult,instance_00006,Average Guesser Target Recall,0
8167,codenames,Qwen3.6-35B-A3B-FP8-without-reasoning,association_difficult,instance_00006,Average Guesser Target F1,0
8168,codenames,Qwen3.6-35B-A3B-FP8-without-reasoning,association_difficult,instance_00006,Average Guesser Team Precision,0
8169,codenames,Qwen3.6-35B-A3B-FP8-without-reasoning,association_difficult,instance_00006,Average Guesser Team Recall,0.0
8170,codenames,Qwen3.6-35B-A3B-FP8-without-reasoning,association_difficult,instance_00006,Average Guesser Team F1,0
8171,codenames,Qwen3.6-35B-A3B-FP8-without-reasoning,association_difficult,instance_00006,Aborted,1
8172,codenames,Qwen3.6-35B-A3B-FP8-without-reasoning,association_difficult,instance_00006,Lose,0
8173,codenames,Qwen3.6-35B-A3B-FP8-without-reasoning,association_difficult,instance_00006,Success,0
8174,codenames,Qwen3.6-35B-A3B-FP8-without-reasoning,association_difficult,instance_00006,Game ended through assassin,0
8175,codenames,Qwen3.6-35B-A3B-FP8-without-reasoning,association_difficult,instance_00006,Episode Recall,0.0
8176,codenames,Qwen3.6-35B-A3B-FP8-without-reasoning,association_difficult,instance_00006,Episode Negative Recall,1.0
8177,codenames,Qwen3.6-35B-A3B-FP8-without-reasoning,association_difficult,instance_00006,Number of turns,1
8178,codenames,Qwen3.6-35B-A3B-FP8-without-reasoning,association_difficult,instance_00006,Efficiency,0.0
8179,codenames,Qwen3.6-35B-A3B-FP8-without-reasoning,association_difficult,instance_00006,Request Count,1
8180,codenames,Qwen3.6-35B-A3B-FP8-without-reasoning,association_difficult,instance_00006,Parsed Request Count,0
8181,codenames,Qwen3.6-35B-A3B-FP8-without-reasoning,association_difficult,instance_00006,Violated Request Count,1
8182,codenames,Qwen3.6-35B-A3B-FP8-without-reasoning,association_difficult,instance_00006,Request Success Ratio,0.0
8183,codenames,Qwen3.6-35B-A3B-FP8-without-reasoning,association_difficult,instance_00006,Main Score,
8184,codenames,Qwen3.6-35B-A3B-FP8-without-reasoning,association_difficult,instance_00007,experiment variable,Word Assignments
8185,codenames,Qwen3.6-35B-A3B-FP8-without-reasoning,association_difficult,instance_00007,experiment name,association_difficult
8186,codenames,Qwen3.6-35B-A3B-FP8-without-reasoning,association_difficult,instance_00007,Cluegiver strip words,0
8187,codenames,Qwen3.6-35B-A3B-FP8-without-reasoning,association_difficult,instance_00007,Guesser strip words,0
8188,codenames,Qwen3.6-35B-A3B-FP8-without-reasoning,association_difficult,instance_00007,Average Cluegiver Number of Targets,0
8189,codenames,Qwen3.6-35B-A3B-FP8-without-reasoning,association_difficult,instance_00007,Average Cluegiver Team Precision,0
8190,codenames,Qwen3.6-35B-A3B-FP8-without-reasoning,association_difficult,instance_00007,Average Cluegiver Team Recall,0.0
8191,codenames,Qwen3.6-35B-A3B-FP8-without-reasoning,association_difficult,instance_00007,Average Cluegiver Team F1,0
8192,codenames,Qwen3.6-35B-A3B-FP8-without-reasoning,association_difficult,instance_00007,Average Guesser Number of Guesses,0
8193,codenames,Qwen3.6-35B-A3B-FP8-without-reasoning,association_difficult,instance_00007,Average Guesser Number of Revealed Words,0
8194,codenames,Qwen3.6-35B-A3B-FP8-without-reasoning,association_difficult,instance_00007,Average Guesser Number of Unrevealed Guesses,0
8195,codenames,Qwen3.6-35B-A3B-FP8-without-reasoning,association_difficult,instance_00007,Average Guesser Target Precision,0
8196,codenames,Qwen3.6-35B-A3B-FP8-without-reasoning,association_difficult,instance_00007,Average Guesser Target Recall,0
8197,codenames,Qwen3.6-35B-A3B-FP8-without-reasoning,association_difficult,instance_00007,Average Guesser Target F1,0
8198,codenames,Qwen3.6-35B-A3B-FP8-without-reasoning,association_difficult,instance_00007,Average Guesser Team Precision,0
8199,codenames,Qwen3.6-35B-A3B-FP8-without-reasoning,association_difficult,instance_00007,Average Guesser Team Recall,0.0
8200,codenames,Qwen3.6-35B-A3B-FP8-without-reasoning,association_difficult,instance_00007,Average Guesser Team F1,0
8201,codenames,Qwen3.6-35B-A3B-FP8-without-reasoning,association_difficult,instance_00007,Aborted,1
8202,codenames,Qwen3.6-35B-A3B-FP8-without-reasoning,association_difficult,instance_00007,Lose,0
8203,codenames,Qwen3.6-35B-A3B-FP8-without-reasoning,association_difficult,instance_00007,Success,0
8204,codenames,Qwen3.6-35B-A3B-FP8-without-reasoning,association_difficult,instance_00007,Game ended through assassin,0
8205,codenames,Qwen3.6-35B-A3B-FP8-without-reasoning,association_difficult,instance_00007,Episode Recall,0.0
8206,codenames,Qwen3.6-35B-A3B-FP8-without-reasoning,association_difficult,instance_00007,Episode Negative Recall,1.0
8207,codenames,Qwen3.6-35B-A3B-FP8-without-reasoning,association_difficult,instance_00007,Number of turns,1
8208,codenames,Qwen3.6-35B-A3B-FP8-without-reasoning,association_difficult,instance_00007,Efficiency,0.0
8209,codenames,Qwen3.6-35B-A3B-FP8-without-reasoning,association_difficult,instance_00007,Request Count,1
8210,codenames,Qwen3.6-35B-A3B-FP8-without-reasoning,association_difficult,instance_00007,Parsed Request Count,0
8211,codenames,Qwen3.6-35B-A3B-FP8-without-reasoning,association_difficult,instance_00007,Violated Request Count,1
8212,codenames,Qwen3.6-35B-A3B-FP8-without-reasoning,association_difficult,instance_00007,Request Success Ratio,0.0
8213,codenames,Qwen3.6-35B-A3B-FP8-without-reasoning,association_difficult,instance_00007,Main Score,
8214,codenames,Qwen3.6-35B-A3B-FP8-without-reasoning,association_difficult,instance_00000,experiment variable,Word Assignments
8215,codenames,Qwen3.6-35B-A3B-FP8-without-reasoning,association_difficult,instance_00000,experiment name,association_difficult
8216,codenames,Qwen3.6-35B-A3B-FP8-without-reasoning,association_difficult,instance_00000,Cluegiver strip words,0
8217,codenames,Qwen3.6-35B-A3B-FP8-without-reasoning,association_difficult,instance_00000,Guesser strip words,0
8218,codenames,Qwen3.6-35B-A3B-FP8-without-reasoning,association_difficult,instance_00000,Average Cluegiver Number of Targets,0
8219,codenames,Qwen3.6-35B-A3B-FP8-without-reasoning,association_difficult,instance_00000,Average Cluegiver Team Precision,0
8220,codenames,Qwen3.6-35B-A3B-FP8-without-reasoning,association_difficult,instance_00000,Average Cluegiver Team Recall,0.0
8221,codenames,Qwen3.6-35B-A3B-FP8-without-reasoning,association_difficult,instance_00000,Average Cluegiver Team F1,0
8222,codenames,Qwen3.6-35B-A3B-FP8-without-reasoning,association_difficult,instance_00000,Average Guesser Number of Guesses,0
8223,codenames,Qwen3.6-35B-A3B-FP8-without-reasoning,association_difficult,instance_00000,Average Guesser Number of Revealed Words,0
8224,codenames,Qwen3.6-35B-A3B-FP8-without-reasoning,association_difficult,instance_00000,Average Guesser Number of Unrevealed Guesses,0
8225,codenames,Qwen3.6-35B-A3B-FP8-without-reasoning,association_difficult,instance_00000,Average Guesser Target Precision,0
8226,codenames,Qwen3.6-35B-A3B-FP8-without-reasoning,association_difficult,instance_00000,Average Guesser Target Recall,0
8227,codenames,Qwen3.6-35B-A3B-FP8-without-reasoning,association_difficult,instance_00000,Average Guesser Target F1,0
8228,codenames,Qwen3.6-35B-A3B-FP8-without-reasoning,association_difficult,instance_00000,Average Guesser Team Precision,0
8229,codenames,Qwen3.6-35B-A3B-FP8-without-reasoning,association_difficult,instance_00000,Average Guesser Team Recall,0.0
8230,codenames,Qwen3.6-35B-A3B-FP8-without-reasoning,association_difficult,instance_00000,Average Guesser Team F1,0
8231,codenames,Qwen3.6-35B-A3B-FP8-without-reasoning,association_difficult,instance_00000,Aborted,1
8232,codenames,Qwen3.6-35B-A3B-FP8-without-reasoning,association_difficult,instance_00000,Lose,0
8233,codenames,Qwen3.6-35B-A3B-FP8-without-reasoning,association_difficult,instance_00000,Success,0
8234,codenames,Qwen3.6-35B-A3B-FP8-without-reasoning,association_difficult,instance_00000,Game ended through assassin,0
8235,codenames,Qwen3.6-35B-A3B-FP8-without-reasoning,association_difficult,instance_00000,Episode Recall,0.0
8236,codenames,Qwen3.6-35B-A3B-FP8-without-reasoning,association_difficult,instance_00000,Episode Negative Recall,1.0
8237,codenames,Qwen3.6-35B-A3B-FP8-without-reasoning,association_difficult,instance_00000,Number of turns,1
8238,codenames,Qwen3.6-35B-A3B-FP8-without-reasoning,association_difficult,instance_00000,Efficiency,0.0
8239,codenames,Qwen3.6-35B-A3B-FP8-without-reasoning,association_difficult,instance_00000,Request Count,1
8240,codenames,Qwen3.6-35B-A3B-FP8-without-reasoning,association_difficult,instance_00000,Parsed Request Count,0
8241,codenames,Qwen3.6-35B-A3B-FP8-without-reasoning,association_difficult,instance_00000,Violated Request Count,1
8242,codenames,Qwen3.6-35B-A3B-FP8-without-reasoning,association_difficult,instance_00000,Request Success Ratio,0.0
8243,codenames,Qwen3.6-35B-A3B-FP8-without-reasoning,association_difficult,instance_00000,Main Score,
8244,codenames,Qwen3.6-35B-A3B-FP8-without-reasoning,association_difficult,instance_00009,experiment variable,Word Assignments
8245,codenames,Qwen3.6-35B-A3B-FP8-without-reasoning,association_difficult,instance_00009,experiment name,association_difficult
8246,codenames,Qwen3.6-35B-A3B-FP8-without-reasoning,association_difficult,instance_00009,Cluegiver strip words,0
8247,codenames,Qwen3.6-35B-A3B-FP8-without-reasoning,association_difficult,instance_00009,Guesser strip words,0
8248,codenames,Qwen3.6-35B-A3B-FP8-without-reasoning,association_difficult,instance_00009,Average Cluegiver Number of Targets,0
8249,codenames,Qwen3.6-35B-A3B-FP8-without-reasoning,association_difficult,instance_00009,Average Cluegiver Team Precision,0
8250,codenames,Qwen3.6-35B-A3B-FP8-without-reasoning,association_difficult,instance_00009,Average Cluegiver Team Recall,0.0
8251,codenames,Qwen3.6-35B-A3B-FP8-without-reasoning,association_difficult,instance_00009,Average Cluegiver Team F1,0
8252,codenames,Qwen3.6-35B-A3B-FP8-without-reasoning,association_difficult,instance_00009,Average Guesser Number of Guesses,0
8253,codenames,Qwen3.6-35B-A3B-FP8-without-reasoning,association_difficult,instance_00009,Average Guesser Number of Revealed Words,0
8254,codenames,Qwen3.6-35B-A3B-FP8-without-reasoning,association_difficult,instance_00009,Average Guesser Number of Unrevealed Guesses,0
8255,codenames,Qwen3.6-35B-A3B-FP8-without-reasoning,association_difficult,instance_00009,Average Guesser Target Precision,0
8256,codenames,Qwen3.6-35B-A3B-FP8-without-reasoning,association_difficult,instance_00009,Average Guesser Target Recall,0
8257,codenames,Qwen3.6-35B-A3B-FP8-without-reasoning,association_difficult,instance_00009,Average Guesser Target F1,0
8258,codenames,Qwen3.6-35B-A3B-FP8-without-reasoning,association_difficult,instance_00009,Average Guesser Team Precision,0
8259,codenames,Qwen3.6-35B-A3B-FP8-without-reasoning,association_difficult,instance_00009,Average Guesser Team Recall,0.0
8260,codenames,Qwen3.6-35B-A3B-FP8-without-reasoning,association_difficult,instance_00009,Average Guesser Team F1,0
8261,codenames,Qwen3.6-35B-A3B-FP8-without-reasoning,association_difficult,instance_00009,Aborted,1
8262,codenames,Qwen3.6-35B-A3B-FP8-without-reasoning,association_difficult,instance_00009,Lose,0
8263,codenames,Qwen3.6-35B-A3B-FP8-without-reasoning,association_difficult,instance_00009,Success,0
8264,codenames,Qwen3.6-35B-A3B-FP8-without-reasoning,association_difficult,instance_00009,Game ended through assassin,0
8265,codenames,Qwen3.6-35B-A3B-FP8-without-reasoning,association_difficult,instance_00009,Episode Recall,0.0
8266,codenames,Qwen3.6-35B-A3B-FP8-without-reasoning,association_difficult,instance_00009,Episode Negative Recall,1.0
8267,codenames,Qwen3.6-35B-A3B-FP8-without-reasoning,association_difficult,instance_00009,Number of turns,1
8268,codenames,Qwen3.6-35B-A3B-FP8-without-reasoning,association_difficult,instance_00009,Efficiency,0.0
8269,codenames,Qwen3.6-35B-A3B-FP8-without-reasoning,association_difficult,instance_00009,Request Count,1
8270,codenames,Qwen3.6-35B-A3B-FP8-without-reasoning,association_difficult,instance_00009,Parsed Request Count,0
8271,codenames,Qwen3.6-35B-A3B-FP8-without-reasoning,association_difficult,instance_00009,Violated Request Count,1
8272,codenames,Qwen3.6-35B-A3B-FP8-without-reasoning,association_difficult,instance_00009,Request Success Ratio,0.0
8273,codenames,Qwen3.6-35B-A3B-FP8-without-reasoning,association_difficult,instance_00009,Main Score,
8274,codenames,Qwen3.6-35B-A3B-FP8-without-reasoning,association_easy,instance_00005,experiment variable,Word Assignments
8275,codenames,Qwen3.6-35B-A3B-FP8-without-reasoning,association_easy,instance_00005,experiment name,association_easy
8276,codenames,Qwen3.6-35B-A3B-FP8-without-reasoning,association_easy,instance_00005,Cluegiver strip words,0
8277,codenames,Qwen3.6-35B-A3B-FP8-without-reasoning,association_easy,instance_00005,Guesser strip words,0
8278,codenames,Qwen3.6-35B-A3B-FP8-without-reasoning,association_easy,instance_00005,Average Cluegiver Number of Targets,0
8279,codenames,Qwen3.6-35B-A3B-FP8-without-reasoning,association_easy,instance_00005,Average Cluegiver Team Precision,0
8280,codenames,Qwen3.6-35B-A3B-FP8-without-reasoning,association_easy,instance_00005,Average Cluegiver Team Recall,0.0
8281,codenames,Qwen3.6-35B-A3B-FP8-without-reasoning,association_easy,instance_00005,Average Cluegiver Team F1,0
8282,codenames,Qwen3.6-35B-A3B-FP8-without-reasoning,association_easy,instance_00005,Average Guesser Number of Guesses,0
8283,codenames,Qwen3.6-35B-A3B-FP8-without-reasoning,association_easy,instance_00005,Average Guesser Number of Revealed Words,0
8284,codenames,Qwen3.6-35B-A3B-FP8-without-reasoning,association_easy,instance_00005,Average Guesser Number of Unrevealed Guesses,0
8285,codenames,Qwen3.6-35B-A3B-FP8-without-reasoning,association_easy,instance_00005,Average Guesser Target Precision,0
8286,codenames,Qwen3.6-35B-A3B-FP8-without-reasoning,association_easy,instance_00005,Average Guesser Target Recall,0
8287,codenames,Qwen3.6-35B-A3B-FP8-without-reasoning,association_easy,instance_00005,Average Guesser Target F1,0
8288,codenames,Qwen3.6-35B-A3B-FP8-without-reasoning,association_easy,instance_00005,Average Guesser Team Precision,0
8289,codenames,Qwen3.6-35B-A3B-FP8-without-reasoning,association_easy,instance_00005,Average Guesser Team Recall,0.0
8290,codenames,Qwen3.6-35B-A3B-FP8-without-reasoning,association_easy,instance_00005,Average Guesser Team F1,0
8291,codenames,Qwen3.6-35B-A3B-FP8-without-reasoning,association_easy,instance_00005,Aborted,1
8292,codenames,Qwen3.6-35B-A3B-FP8-without-reasoning,association_easy,instance_00005,Lose,0
8293,codenames,Qwen3.6-35B-A3B-FP8-without-reasoning,association_easy,instance_00005,Success,0
8294,codenames,Qwen3.6-35B-A3B-FP8-without-reasoning,association_easy,instance_00005,Game ended through assassin,0
8295,codenames,Qwen3.6-35B-A3B-FP8-without-reasoning,association_easy,instance_00005,Episode Recall,0.0
8296,codenames,Qwen3.6-35B-A3B-FP8-without-reasoning,association_easy,instance_00005,Episode Negative Recall,1.0
8297,codenames,Qwen3.6-35B-A3B-FP8-without-reasoning,association_easy,instance_00005,Number of turns,1
8298,codenames,Qwen3.6-35B-A3B-FP8-without-reasoning,association_easy,instance_00005,Efficiency,0.0
8299,codenames,Qwen3.6-35B-A3B-FP8-without-reasoning,association_easy,instance_00005,Request Count,1
8300,codenames,Qwen3.6-35B-A3B-FP8-without-reasoning,association_easy,instance_00005,Parsed Request Count,0
8301,codenames,Qwen3.6-35B-A3B-FP8-without-reasoning,association_easy,instance_00005,Violated Request Count,1
8302,codenames,Qwen3.6-35B-A3B-FP8-without-reasoning,association_easy,instance_00005,Request Success Ratio,0.0
8303,codenames,Qwen3.6-35B-A3B-FP8-without-reasoning,association_easy,instance_00005,Main Score,
8304,codenames,Qwen3.6-35B-A3B-FP8-without-reasoning,association_easy,instance_00002,experiment variable,Word Assignments
8305,codenames,Qwen3.6-35B-A3B-FP8-without-reasoning,association_easy,instance_00002,experiment name,association_easy
8306,codenames,Qwen3.6-35B-A3B-FP8-without-reasoning,association_easy,instance_00002,Cluegiver strip words,0
8307,codenames,Qwen3.6-35B-A3B-FP8-without-reasoning,association_easy,instance_00002,Guesser strip words,0
8308,codenames,Qwen3.6-35B-A3B-FP8-without-reasoning,association_easy,instance_00002,Average Cluegiver Number of Targets,0
8309,codenames,Qwen3.6-35B-A3B-FP8-without-reasoning,association_easy,instance_00002,Average Cluegiver Team Precision,0
8310,codenames,Qwen3.6-35B-A3B-FP8-without-reasoning,association_easy,instance_00002,Average Cluegiver Team Recall,0.0
8311,codenames,Qwen3.6-35B-A3B-FP8-without-reasoning,association_easy,instance_00002,Average Cluegiver Team F1,0
8312,codenames,Qwen3.6-35B-A3B-FP8-without-reasoning,association_easy,instance_00002,Average Guesser Number of Guesses,0
8313,codenames,Qwen3.6-35B-A3B-FP8-without-reasoning,association_easy,instance_00002,Average Guesser Number of Revealed Words,0
8314,codenames,Qwen3.6-35B-A3B-FP8-without-reasoning,association_easy,instance_00002,Average Guesser Number of Unrevealed Guesses,0
8315,codenames,Qwen3.6-35B-A3B-FP8-without-reasoning,association_easy,instance_00002,Average Guesser Target Precision,0
8316,codenames,Qwen3.6-35B-A3B-FP8-without-reasoning,association_easy,instance_00002,Average Guesser Target Recall,0
8317,codenames,Qwen3.6-35B-A3B-FP8-without-reasoning,association_easy,instance_00002,Average Guesser Target F1,0
8318,codenames,Qwen3.6-35B-A3B-FP8-without-reasoning,association_easy,instance_00002,Average Guesser Team Precision,0
8319,codenames,Qwen3.6-35B-A3B-FP8-without-reasoning,association_easy,instance_00002,Average Guesser Team Recall,0.0
8320,codenames,Qwen3.6-35B-A3B-FP8-without-reasoning,association_easy,instance_00002,Average Guesser Team F1,0
8321,codenames,Qwen3.6-35B-A3B-FP8-without-reasoning,association_easy,instance_00002,Aborted,1
8322,codenames,Qwen3.6-35B-A3B-FP8-without-reasoning,association_easy,instance_00002,Lose,0
8323,codenames,Qwen3.6-35B-A3B-FP8-without-reasoning,association_easy,instance_00002,Success,0
8324,codenames,Qwen3.6-35B-A3B-FP8-without-reasoning,association_easy,instance_00002,Game ended through assassin,0
8325,codenames,Qwen3.6-35B-A3B-FP8-without-reasoning,association_easy,instance_00002,Episode Recall,0.0
8326,codenames,Qwen3.6-35B-A3B-FP8-without-reasoning,association_easy,instance_00002,Episode Negative Recall,1.0
8327,codenames,Qwen3.6-35B-A3B-FP8-without-reasoning,association_easy,instance_00002,Number of turns,1
8328,codenames,Qwen3.6-35B-A3B-FP8-without-reasoning,association_easy,instance_00002,Efficiency,0.0
8329,codenames,Qwen3.6-35B-A3B-FP8-without-reasoning,association_easy,instance_00002,Request Count,1
8330,codenames,Qwen3.6-35B-A3B-FP8-without-reasoning,association_easy,instance_00002,Parsed Request Count,0
8331,codenames,Qwen3.6-35B-A3B-FP8-without-reasoning,association_easy,instance_00002,Violated Request Count,1
8332,codenames,Qwen3.6-35B-A3B-FP8-without-reasoning,association_easy,instance_00002,Request Success Ratio,0.0
8333,codenames,Qwen3.6-35B-A3B-FP8-without-reasoning,association_easy,instance_00002,Main Score,
8334,codenames,Qwen3.6-35B-A3B-FP8-without-reasoning,association_easy,instance_00003,experiment variable,Word Assignments
8335,codenames,Qwen3.6-35B-A3B-FP8-without-reasoning,association_easy,instance_00003,experiment name,association_easy
8336,codenames,Qwen3.6-35B-A3B-FP8-without-reasoning,association_easy,instance_00003,Cluegiver strip words,0
8337,codenames,Qwen3.6-35B-A3B-FP8-without-reasoning,association_easy,instance_00003,Guesser strip words,0
8338,codenames,Qwen3.6-35B-A3B-FP8-without-reasoning,association_easy,instance_00003,Average Cluegiver Number of Targets,0
8339,codenames,Qwen3.6-35B-A3B-FP8-without-reasoning,association_easy,instance_00003,Average Cluegiver Team Precision,0
8340,codenames,Qwen3.6-35B-A3B-FP8-without-reasoning,association_easy,instance_00003,Average Cluegiver Team Recall,0.0
8341,codenames,Qwen3.6-35B-A3B-FP8-without-reasoning,association_easy,instance_00003,Average Cluegiver Team F1,0
8342,codenames,Qwen3.6-35B-A3B-FP8-without-reasoning,association_easy,instance_00003,Average Guesser Number of Guesses,0
8343,codenames,Qwen3.6-35B-A3B-FP8-without-reasoning,association_easy,instance_00003,Average Guesser Number of Revealed Words,0
8344,codenames,Qwen3.6-35B-A3B-FP8-without-reasoning,association_easy,instance_00003,Average Guesser Number of Unrevealed Guesses,0
8345,codenames,Qwen3.6-35B-A3B-FP8-without-reasoning,association_easy,instance_00003,Average Guesser Target Precision,0
8346,codenames,Qwen3.6-35B-A3B-FP8-without-reasoning,association_easy,instance_00003,Average Guesser Target Recall,0
8347,codenames,Qwen3.6-35B-A3B-FP8-without-reasoning,association_easy,instance_00003,Average Guesser Target F1,0
8348,codenames,Qwen3.6-35B-A3B-FP8-without-reasoning,association_easy,instance_00003,Average Guesser Team Precision,0
8349,codenames,Qwen3.6-35B-A3B-FP8-without-reasoning,association_easy,instance_00003,Average Guesser Team Recall,0.0
8350,codenames,Qwen3.6-35B-A3B-FP8-without-reasoning,association_easy,instance_00003,Average Guesser Team F1,0
8351,codenames,Qwen3.6-35B-A3B-FP8-without-reasoning,association_easy,instance_00003,Aborted,1
8352,codenames,Qwen3.6-35B-A3B-FP8-without-reasoning,association_easy,instance_00003,Lose,0
8353,codenames,Qwen3.6-35B-A3B-FP8-without-reasoning,association_easy,instance_00003,Success,0
8354,codenames,Qwen3.6-35B-A3B-FP8-without-reasoning,association_easy,instance_00003,Game ended through assassin,0
8355,codenames,Qwen3.6-35B-A3B-FP8-without-reasoning,association_easy,instance_00003,Episode Recall,0.0
8356,codenames,Qwen3.6-35B-A3B-FP8-without-reasoning,association_easy,instance_00003,Episode Negative Recall,1.0
8357,codenames,Qwen3.6-35B-A3B-FP8-without-reasoning,association_easy,instance_00003,Number of turns,1
8358,codenames,Qwen3.6-35B-A3B-FP8-without-reasoning,association_easy,instance_00003,Efficiency,0.0
8359,codenames,Qwen3.6-35B-A3B-FP8-without-reasoning,association_easy,instance_00003,Request Count,1
8360,codenames,Qwen3.6-35B-A3B-FP8-without-reasoning,association_easy,instance_00003,Parsed Request Count,0
8361,codenames,Qwen3.6-35B-A3B-FP8-without-reasoning,association_easy,instance_00003,Violated Request Count,1
8362,codenames,Qwen3.6-35B-A3B-FP8-without-reasoning,association_easy,instance_00003,Request Success Ratio,0.0
8363,codenames,Qwen3.6-35B-A3B-FP8-without-reasoning,association_easy,instance_00003,Main Score,
8364,codenames,Qwen3.6-35B-A3B-FP8-without-reasoning,association_easy,instance_00004,experiment variable,Word Assignments
8365,codenames,Qwen3.6-35B-A3B-FP8-without-reasoning,association_easy,instance_00004,experiment name,association_easy
8366,codenames,Qwen3.6-35B-A3B-FP8-without-reasoning,association_easy,instance_00004,Cluegiver strip words,0
8367,codenames,Qwen3.6-35B-A3B-FP8-without-reasoning,association_easy,instance_00004,Guesser strip words,0
8368,codenames,Qwen3.6-35B-A3B-FP8-without-reasoning,association_easy,instance_00004,Average Cluegiver Number of Targets,0
8369,codenames,Qwen3.6-35B-A3B-FP8-without-reasoning,association_easy,instance_00004,Average Cluegiver Team Precision,0
8370,codenames,Qwen3.6-35B-A3B-FP8-without-reasoning,association_easy,instance_00004,Average Cluegiver Team Recall,0.0
8371,codenames,Qwen3.6-35B-A3B-FP8-without-reasoning,association_easy,instance_00004,Average Cluegiver Team F1,0
8372,codenames,Qwen3.6-35B-A3B-FP8-without-reasoning,association_easy,instance_00004,Average Guesser Number of Guesses,0
8373,codenames,Qwen3.6-35B-A3B-FP8-without-reasoning,association_easy,instance_00004,Average Guesser Number of Revealed Words,0
8374,codenames,Qwen3.6-35B-A3B-FP8-without-reasoning,association_easy,instance_00004,Average Guesser Number of Unrevealed Guesses,0
8375,codenames,Qwen3.6-35B-A3B-FP8-without-reasoning,association_easy,instance_00004,Average Guesser Target Precision,0
8376,codenames,Qwen3.6-35B-A3B-FP8-without-reasoning,association_easy,instance_00004,Average Guesser Target Recall,0
8377,codenames,Qwen3.6-35B-A3B-FP8-without-reasoning,association_easy,instance_00004,Average Guesser Target F1,0
8378,codenames,Qwen3.6-35B-A3B-FP8-without-reasoning,association_easy,instance_00004,Average Guesser Team Precision,0
8379,codenames,Qwen3.6-35B-A3B-FP8-without-reasoning,association_easy,instance_00004,Average Guesser Team Recall,0.0
8380,codenames,Qwen3.6-35B-A3B-FP8-without-reasoning,association_easy,instance_00004,Average Guesser Team F1,0
8381,codenames,Qwen3.6-35B-A3B-FP8-without-reasoning,association_easy,instance_00004,Aborted,1
8382,codenames,Qwen3.6-35B-A3B-FP8-without-reasoning,association_easy,instance_00004,Lose,0
8383,codenames,Qwen3.6-35B-A3B-FP8-without-reasoning,association_easy,instance_00004,Success,0
8384,codenames,Qwen3.6-35B-A3B-FP8-without-reasoning,association_easy,instance_00004,Game ended through assassin,0
8385,codenames,Qwen3.6-35B-A3B-FP8-without-reasoning,association_easy,instance_00004,Episode Recall,0.0
8386,codenames,Qwen3.6-35B-A3B-FP8-without-reasoning,association_easy,instance_00004,Episode Negative Recall,1.0
8387,codenames,Qwen3.6-35B-A3B-FP8-without-reasoning,association_easy,instance_00004,Number of turns,1
8388,codenames,Qwen3.6-35B-A3B-FP8-without-reasoning,association_easy,instance_00004,Efficiency,0.0
8389,codenames,Qwen3.6-35B-A3B-FP8-without-reasoning,association_easy,instance_00004,Request Count,1
8390,codenames,Qwen3.6-35B-A3B-FP8-without-reasoning,association_easy,instance_00004,Parsed Request Count,0
8391,codenames,Qwen3.6-35B-A3B-FP8-without-reasoning,association_easy,instance_00004,Violated Request Count,1
8392,codenames,Qwen3.6-35B-A3B-FP8-without-reasoning,association_easy,instance_00004,Request Success Ratio,0.0
8393,codenames,Qwen3.6-35B-A3B-FP8-without-reasoning,association_easy,instance_00004,Main Score,
8394,codenames,Qwen3.6-35B-A3B-FP8-without-reasoning,association_easy,instance_00008,experiment variable,Word Assignments
8395,codenames,Qwen3.6-35B-A3B-FP8-without-reasoning,association_easy,instance_00008,experiment name,association_easy
8396,codenames,Qwen3.6-35B-A3B-FP8-without-reasoning,association_easy,instance_00008,Cluegiver strip words,0
8397,codenames,Qwen3.6-35B-A3B-FP8-without-reasoning,association_easy,instance_00008,Guesser strip words,0
8398,codenames,Qwen3.6-35B-A3B-FP8-without-reasoning,association_easy,instance_00008,Average Cluegiver Number of Targets,0
8399,codenames,Qwen3.6-35B-A3B-FP8-without-reasoning,association_easy,instance_00008,Average Cluegiver Team Precision,0
8400,codenames,Qwen3.6-35B-A3B-FP8-without-reasoning,association_easy,instance_00008,Average Cluegiver Team Recall,0.0
8401,codenames,Qwen3.6-35B-A3B-FP8-without-reasoning,association_easy,instance_00008,Average Cluegiver Team F1,0
8402,codenames,Qwen3.6-35B-A3B-FP8-without-reasoning,association_easy,instance_00008,Average Guesser Number of Guesses,0
8403,codenames,Qwen3.6-35B-A3B-FP8-without-reasoning,association_easy,instance_00008,Average Guesser Number of Revealed Words,0
8404,codenames,Qwen3.6-35B-A3B-FP8-without-reasoning,association_easy,instance_00008,Average Guesser Number of Unrevealed Guesses,0
8405,codenames,Qwen3.6-35B-A3B-FP8-without-reasoning,association_easy,instance_00008,Average Guesser Target Precision,0
8406,codenames,Qwen3.6-35B-A3B-FP8-without-reasoning,association_easy,instance_00008,Average Guesser Target Recall,0
8407,codenames,Qwen3.6-35B-A3B-FP8-without-reasoning,association_easy,instance_00008,Average Guesser Target F1,0
8408,codenames,Qwen3.6-35B-A3B-FP8-without-reasoning,association_easy,instance_00008,Average Guesser Team Precision,0
8409,codenames,Qwen3.6-35B-A3B-FP8-without-reasoning,association_easy,instance_00008,Average Guesser Team Recall,0.0
8410,codenames,Qwen3.6-35B-A3B-FP8-without-reasoning,association_easy,instance_00008,Average Guesser Team F1,0
8411,codenames,Qwen3.6-35B-A3B-FP8-without-reasoning,association_easy,instance_00008,Aborted,1
8412,codenames,Qwen3.6-35B-A3B-FP8-without-reasoning,association_easy,instance_00008,Lose,0
8413,codenames,Qwen3.6-35B-A3B-FP8-without-reasoning,association_easy,instance_00008,Success,0
8414,codenames,Qwen3.6-35B-A3B-FP8-without-reasoning,association_easy,instance_00008,Game ended through assassin,0
8415,codenames,Qwen3.6-35B-A3B-FP8-without-reasoning,association_easy,instance_00008,Episode Recall,0.0
8416,codenames,Qwen3.6-35B-A3B-FP8-without-reasoning,association_easy,instance_00008,Episode Negative Recall,1.0
8417,codenames,Qwen3.6-35B-A3B-FP8-without-reasoning,association_easy,instance_00008,Number of turns,1
8418,codenames,Qwen3.6-35B-A3B-FP8-without-reasoning,association_easy,instance_00008,Efficiency,0.0
8419,codenames,Qwen3.6-35B-A3B-FP8-without-reasoning,association_easy,instance_00008,Request Count,1
8420,codenames,Qwen3.6-35B-A3B-FP8-without-reasoning,association_easy,instance_00008,Parsed Request Count,0
8421,codenames,Qwen3.6-35B-A3B-FP8-without-reasoning,association_easy,instance_00008,Violated Request Count,1
8422,codenames,Qwen3.6-35B-A3B-FP8-without-reasoning,association_easy,instance_00008,Request Success Ratio,0.0
8423,codenames,Qwen3.6-35B-A3B-FP8-without-reasoning,association_easy,instance_00008,Main Score,
8424,codenames,Qwen3.6-35B-A3B-FP8-without-reasoning,association_easy,instance_00001,experiment variable,Word Assignments
8425,codenames,Qwen3.6-35B-A3B-FP8-without-reasoning,association_easy,instance_00001,experiment name,association_easy
8426,codenames,Qwen3.6-35B-A3B-FP8-without-reasoning,association_easy,instance_00001,Cluegiver strip words,0
8427,codenames,Qwen3.6-35B-A3B-FP8-without-reasoning,association_easy,instance_00001,Guesser strip words,0
8428,codenames,Qwen3.6-35B-A3B-FP8-without-reasoning,association_easy,instance_00001,Average Cluegiver Number of Targets,0
8429,codenames,Qwen3.6-35B-A3B-FP8-without-reasoning,association_easy,instance_00001,Average Cluegiver Team Precision,0
8430,codenames,Qwen3.6-35B-A3B-FP8-without-reasoning,association_easy,instance_00001,Average Cluegiver Team Recall,0.0
8431,codenames,Qwen3.6-35B-A3B-FP8-without-reasoning,association_easy,instance_00001,Average Cluegiver Team F1,0
8432,codenames,Qwen3.6-35B-A3B-FP8-without-reasoning,association_easy,instance_00001,Average Guesser Number of Guesses,0
8433,codenames,Qwen3.6-35B-A3B-FP8-without-reasoning,association_easy,instance_00001,Average Guesser Number of Revealed Words,0
8434,codenames,Qwen3.6-35B-A3B-FP8-without-reasoning,association_easy,instance_00001,Average Guesser Number of Unrevealed Guesses,0
8435,codenames,Qwen3.6-35B-A3B-FP8-without-reasoning,association_easy,instance_00001,Average Guesser Target Precision,0
8436,codenames,Qwen3.6-35B-A3B-FP8-without-reasoning,association_easy,instance_00001,Average Guesser Target Recall,0
8437,codenames,Qwen3.6-35B-A3B-FP8-without-reasoning,association_easy,instance_00001,Average Guesser Target F1,0
8438,codenames,Qwen3.6-35B-A3B-FP8-without-reasoning,association_easy,instance_00001,Average Guesser Team Precision,0
8439,codenames,Qwen3.6-35B-A3B-FP8-without-reasoning,association_easy,instance_00001,Average Guesser Team Recall,0.0
8440,codenames,Qwen3.6-35B-A3B-FP8-without-reasoning,association_easy,instance_00001,Average Guesser Team F1,0
8441,codenames,Qwen3.6-35B-A3B-FP8-without-reasoning,association_easy,instance_00001,Aborted,1
8442,codenames,Qwen3.6-35B-A3B-FP8-without-reasoning,association_easy,instance_00001,Lose,0
8443,codenames,Qwen3.6-35B-A3B-FP8-without-reasoning,association_easy,instance_00001,Success,0
8444,codenames,Qwen3.6-35B-A3B-FP8-without-reasoning,association_easy,instance_00001,Game ended through assassin,0
8445,codenames,Qwen3.6-35B-A3B-FP8-without-reasoning,association_easy,instance_00001,Episode Recall,0.0
8446,codenames,Qwen3.6-35B-A3B-FP8-without-reasoning,association_easy,instance_00001,Episode Negative Recall,1.0
8447,codenames,Qwen3.6-35B-A3B-FP8-without-reasoning,association_easy,instance_00001,Number of turns,1
8448,codenames,Qwen3.6-35B-A3B-FP8-without-reasoning,association_easy,instance_00001,Efficiency,0.0
8449,codenames,Qwen3.6-35B-A3B-FP8-without-reasoning,association_easy,instance_00001,Request Count,1
8450,codenames,Qwen3.6-35B-A3B-FP8-without-reasoning,association_easy,instance_00001,Parsed Request Count,0
8451,codenames,Qwen3.6-35B-A3B-FP8-without-reasoning,association_easy,instance_00001,Violated Request Count,1
8452,codenames,Qwen3.6-35B-A3B-FP8-without-reasoning,association_easy,instance_00001,Request Success Ratio,0.0
8453,codenames,Qwen3.6-35B-A3B-FP8-without-reasoning,association_easy,instance_00001,Main Score,
8454,codenames,Qwen3.6-35B-A3B-FP8-without-reasoning,association_easy,instance_00006,experiment variable,Word Assignments
8455,codenames,Qwen3.6-35B-A3B-FP8-without-reasoning,association_easy,instance_00006,experiment name,association_easy
8456,codenames,Qwen3.6-35B-A3B-FP8-without-reasoning,association_easy,instance_00006,Cluegiver strip words,0
8457,codenames,Qwen3.6-35B-A3B-FP8-without-reasoning,association_easy,instance_00006,Guesser strip words,0
8458,codenames,Qwen3.6-35B-A3B-FP8-without-reasoning,association_easy,instance_00006,Average Cluegiver Number of Targets,0
8459,codenames,Qwen3.6-35B-A3B-FP8-without-reasoning,association_easy,instance_00006,Average Cluegiver Team Precision,0
8460,codenames,Qwen3.6-35B-A3B-FP8-without-reasoning,association_easy,instance_00006,Average Cluegiver Team Recall,0.0
8461,codenames,Qwen3.6-35B-A3B-FP8-without-reasoning,association_easy,instance_00006,Average Cluegiver Team F1,0
8462,codenames,Qwen3.6-35B-A3B-FP8-without-reasoning,association_easy,instance_00006,Average Guesser Number of Guesses,0
8463,codenames,Qwen3.6-35B-A3B-FP8-without-reasoning,association_easy,instance_00006,Average Guesser Number of Revealed Words,0
8464,codenames,Qwen3.6-35B-A3B-FP8-without-reasoning,association_easy,instance_00006,Average Guesser Number of Unrevealed Guesses,0
8465,codenames,Qwen3.6-35B-A3B-FP8-without-reasoning,association_easy,instance_00006,Average Guesser Target Precision,0
8466,codenames,Qwen3.6-35B-A3B-FP8-without-reasoning,association_easy,instance_00006,Average Guesser Target Recall,0
8467,codenames,Qwen3.6-35B-A3B-FP8-without-reasoning,association_easy,instance_00006,Average Guesser Target F1,0
8468,codenames,Qwen3.6-35B-A3B-FP8-without-reasoning,association_easy,instance_00006,Average Guesser Team Precision,0
8469,codenames,Qwen3.6-35B-A3B-FP8-without-reasoning,association_easy,instance_00006,Average Guesser Team Recall,0.0
8470,codenames,Qwen3.6-35B-A3B-FP8-without-reasoning,association_easy,instance_00006,Average Guesser Team F1,0
8471,codenames,Qwen3.6-35B-A3B-FP8-without-reasoning,association_easy,instance_00006,Aborted,1
8472,codenames,Qwen3.6-35B-A3B-FP8-without-reasoning,association_easy,instance_00006,Lose,0
8473,codenames,Qwen3.6-35B-A3B-FP8-without-reasoning,association_easy,instance_00006,Success,0
8474,codenames,Qwen3.6-35B-A3B-FP8-without-reasoning,association_easy,instance_00006,Game ended through assassin,0
8475,codenames,Qwen3.6-35B-A3B-FP8-without-reasoning,association_easy,instance_00006,Episode Recall,0.0
8476,codenames,Qwen3.6-35B-A3B-FP8-without-reasoning,association_easy,instance_00006,Episode Negative Recall,1.0
8477,codenames,Qwen3.6-35B-A3B-FP8-without-reasoning,association_easy,instance_00006,Number of turns,1
8478,codenames,Qwen3.6-35B-A3B-FP8-without-reasoning,association_easy,instance_00006,Efficiency,0.0
8479,codenames,Qwen3.6-35B-A3B-FP8-without-reasoning,association_easy,instance_00006,Request Count,1
8480,codenames,Qwen3.6-35B-A3B-FP8-without-reasoning,association_easy,instance_00006,Parsed Request Count,0
8481,codenames,Qwen3.6-35B-A3B-FP8-without-reasoning,association_easy,instance_00006,Violated Request Count,1
8482,codenames,Qwen3.6-35B-A3B-FP8-without-reasoning,association_easy,instance_00006,Request Success Ratio,0.0
8483,codenames,Qwen3.6-35B-A3B-FP8-without-reasoning,association_easy,instance_00006,Main Score,
8484,codenames,Qwen3.6-35B-A3B-FP8-without-reasoning,association_easy,instance_00007,experiment variable,Word Assignments
8485,codenames,Qwen3.6-35B-A3B-FP8-without-reasoning,association_easy,instance_00007,experiment name,association_easy
8486,codenames,Qwen3.6-35B-A3B-FP8-without-reasoning,association_easy,instance_00007,Cluegiver strip words,0
8487,codenames,Qwen3.6-35B-A3B-FP8-without-reasoning,association_easy,instance_00007,Guesser strip words,0
8488,codenames,Qwen3.6-35B-A3B-FP8-without-reasoning,association_easy,instance_00007,Average Cluegiver Number of Targets,0
8489,codenames,Qwen3.6-35B-A3B-FP8-without-reasoning,association_easy,instance_00007,Average Cluegiver Team Precision,0
8490,codenames,Qwen3.6-35B-A3B-FP8-without-reasoning,association_easy,instance_00007,Average Cluegiver Team Recall,0.0
8491,codenames,Qwen3.6-35B-A3B-FP8-without-reasoning,association_easy,instance_00007,Average Cluegiver Team F1,0
8492,codenames,Qwen3.6-35B-A3B-FP8-without-reasoning,association_easy,instance_00007,Average Guesser Number of Guesses,0
8493,codenames,Qwen3.6-35B-A3B-FP8-without-reasoning,association_easy,instance_00007,Average Guesser Number of Revealed Words,0
8494,codenames,Qwen3.6-35B-A3B-FP8-without-reasoning,association_easy,instance_00007,Average Guesser Number of Unrevealed Guesses,0
8495,codenames,Qwen3.6-35B-A3B-FP8-without-reasoning,association_easy,instance_00007,Average Guesser Target Precision,0
8496,codenames,Qwen3.6-35B-A3B-FP8-without-reasoning,association_easy,instance_00007,Average Guesser Target Recall,0
8497,codenames,Qwen3.6-35B-A3B-FP8-without-reasoning,association_easy,instance_00007,Average Guesser Target F1,0
8498,codenames,Qwen3.6-35B-A3B-FP8-without-reasoning,association_easy,instance_00007,Average Guesser Team Precision,0
8499,codenames,Qwen3.6-35B-A3B-FP8-without-reasoning,association_easy,instance_00007,Average Guesser Team Recall,0.0
8500,codenames,Qwen3.6-35B-A3B-FP8-without-reasoning,association_easy,instance_00007,Average Guesser Team F1,0
8501,codenames,Qwen3.6-35B-A3B-FP8-without-reasoning,association_easy,instance_00007,Aborted,1
8502,codenames,Qwen3.6-35B-A3B-FP8-without-reasoning,association_easy,instance_00007,Lose,0
8503,codenames,Qwen3.6-35B-A3B-FP8-without-reasoning,association_easy,instance_00007,Success,0
8504,codenames,Qwen3.6-35B-A3B-FP8-without-reasoning,association_easy,instance_00007,Game ended through assassin,0
8505,codenames,Qwen3.6-35B-A3B-FP8-without-reasoning,association_easy,instance_00007,Episode Recall,0.0
8506,codenames,Qwen3.6-35B-A3B-FP8-without-reasoning,association_easy,instance_00007,Episode Negative Recall,1.0
8507,codenames,Qwen3.6-35B-A3B-FP8-without-reasoning,association_easy,instance_00007,Number of turns,1
8508,codenames,Qwen3.6-35B-A3B-FP8-without-reasoning,association_easy,instance_00007,Efficiency,0.0
8509,codenames,Qwen3.6-35B-A3B-FP8-without-reasoning,association_easy,instance_00007,Request Count,1
8510,codenames,Qwen3.6-35B-A3B-FP8-without-reasoning,association_easy,instance_00007,Parsed Request Count,0
8511,codenames,Qwen3.6-35B-A3B-FP8-without-reasoning,association_easy,instance_00007,Violated Request Count,1
8512,codenames,Qwen3.6-35B-A3B-FP8-without-reasoning,association_easy,instance_00007,Request Success Ratio,0.0
8513,codenames,Qwen3.6-35B-A3B-FP8-without-reasoning,association_easy,instance_00007,Main Score,
8514,codenames,Qwen3.6-35B-A3B-FP8-without-reasoning,association_easy,instance_00000,experiment variable,Word Assignments
8515,codenames,Qwen3.6-35B-A3B-FP8-without-reasoning,association_easy,instance_00000,experiment name,association_easy
8516,codenames,Qwen3.6-35B-A3B-FP8-without-reasoning,association_easy,instance_00000,Cluegiver strip words,0
8517,codenames,Qwen3.6-35B-A3B-FP8-without-reasoning,association_easy,instance_00000,Guesser strip words,0
8518,codenames,Qwen3.6-35B-A3B-FP8-without-reasoning,association_easy,instance_00000,Average Cluegiver Number of Targets,0
8519,codenames,Qwen3.6-35B-A3B-FP8-without-reasoning,association_easy,instance_00000,Average Cluegiver Team Precision,0
8520,codenames,Qwen3.6-35B-A3B-FP8-without-reasoning,association_easy,instance_00000,Average Cluegiver Team Recall,0.0
8521,codenames,Qwen3.6-35B-A3B-FP8-without-reasoning,association_easy,instance_00000,Average Cluegiver Team F1,0
8522,codenames,Qwen3.6-35B-A3B-FP8-without-reasoning,association_easy,instance_00000,Average Guesser Number of Guesses,0
8523,codenames,Qwen3.6-35B-A3B-FP8-without-reasoning,association_easy,instance_00000,Average Guesser Number of Revealed Words,0
8524,codenames,Qwen3.6-35B-A3B-FP8-without-reasoning,association_easy,instance_00000,Average Guesser Number of Unrevealed Guesses,0
8525,codenames,Qwen3.6-35B-A3B-FP8-without-reasoning,association_easy,instance_00000,Average Guesser Target Precision,0
8526,codenames,Qwen3.6-35B-A3B-FP8-without-reasoning,association_easy,instance_00000,Average Guesser Target Recall,0
8527,codenames,Qwen3.6-35B-A3B-FP8-without-reasoning,association_easy,instance_00000,Average Guesser Target F1,0
8528,codenames,Qwen3.6-35B-A3B-FP8-without-reasoning,association_easy,instance_00000,Average Guesser Team Precision,0
8529,codenames,Qwen3.6-35B-A3B-FP8-without-reasoning,association_easy,instance_00000,Average Guesser Team Recall,0.0
8530,codenames,Qwen3.6-35B-A3B-FP8-without-reasoning,association_easy,instance_00000,Average Guesser Team F1,0
8531,codenames,Qwen3.6-35B-A3B-FP8-without-reasoning,association_easy,instance_00000,Aborted,1
8532,codenames,Qwen3.6-35B-A3B-FP8-without-reasoning,association_easy,instance_00000,Lose,0
8533,codenames,Qwen3.6-35B-A3B-FP8-without-reasoning,association_easy,instance_00000,Success,0
8534,codenames,Qwen3.6-35B-A3B-FP8-without-reasoning,association_easy,instance_00000,Game ended through assassin,0
8535,codenames,Qwen3.6-35B-A3B-FP8-without-reasoning,association_easy,instance_00000,Episode Recall,0.0
8536,codenames,Qwen3.6-35B-A3B-FP8-without-reasoning,association_easy,instance_00000,Episode Negative Recall,1.0
8537,codenames,Qwen3.6-35B-A3B-FP8-without-reasoning,association_easy,instance_00000,Number of turns,1
8538,codenames,Qwen3.6-35B-A3B-FP8-without-reasoning,association_easy,instance_00000,Efficiency,0.0
8539,codenames,Qwen3.6-35B-A3B-FP8-without-reasoning,association_easy,instance_00000,Request Count,1
8540,codenames,Qwen3.6-35B-A3B-FP8-without-reasoning,association_easy,instance_00000,Parsed Request Count,0
8541,codenames,Qwen3.6-35B-A3B-FP8-without-reasoning,association_easy,instance_00000,Violated Request Count,1
8542,codenames,Qwen3.6-35B-A3B-FP8-without-reasoning,association_easy,instance_00000,Request Success Ratio,0.0
8543,codenames,Qwen3.6-35B-A3B-FP8-without-reasoning,association_easy,instance_00000,Main Score,
8544,codenames,Qwen3.6-35B-A3B-FP8-without-reasoning,association_easy,instance_00009,experiment variable,Word Assignments
8545,codenames,Qwen3.6-35B-A3B-FP8-without-reasoning,association_easy,instance_00009,experiment name,association_easy
8546,codenames,Qwen3.6-35B-A3B-FP8-without-reasoning,association_easy,instance_00009,Cluegiver strip words,0
8547,codenames,Qwen3.6-35B-A3B-FP8-without-reasoning,association_easy,instance_00009,Guesser strip words,0
8548,codenames,Qwen3.6-35B-A3B-FP8-without-reasoning,association_easy,instance_00009,Average Cluegiver Number of Targets,0
8549,codenames,Qwen3.6-35B-A3B-FP8-without-reasoning,association_easy,instance_00009,Average Cluegiver Team Precision,0
8550,codenames,Qwen3.6-35B-A3B-FP8-without-reasoning,association_easy,instance_00009,Average Cluegiver Team Recall,0.0
8551,codenames,Qwen3.6-35B-A3B-FP8-without-reasoning,association_easy,instance_00009,Average Cluegiver Team F1,0
8552,codenames,Qwen3.6-35B-A3B-FP8-without-reasoning,association_easy,instance_00009,Average Guesser Number of Guesses,0
8553,codenames,Qwen3.6-35B-A3B-FP8-without-reasoning,association_easy,instance_00009,Average Guesser Number of Revealed Words,0
8554,codenames,Qwen3.6-35B-A3B-FP8-without-reasoning,association_easy,instance_00009,Average Guesser Number of Unrevealed Guesses,0
8555,codenames,Qwen3.6-35B-A3B-FP8-without-reasoning,association_easy,instance_00009,Average Guesser Target Precision,0
8556,codenames,Qwen3.6-35B-A3B-FP8-without-reasoning,association_easy,instance_00009,Average Guesser Target Recall,0
8557,codenames,Qwen3.6-35B-A3B-FP8-without-reasoning,association_easy,instance_00009,Average Guesser Target F1,0
8558,codenames,Qwen3.6-35B-A3B-FP8-without-reasoning,association_easy,instance_00009,Average Guesser Team Precision,0
8559,codenames,Qwen3.6-35B-A3B-FP8-without-reasoning,association_easy,instance_00009,Average Guesser Team Recall,0.0
8560,codenames,Qwen3.6-35B-A3B-FP8-without-reasoning,association_easy,instance_00009,Average Guesser Team F1,0
8561,codenames,Qwen3.6-35B-A3B-FP8-without-reasoning,association_easy,instance_00009,Aborted,1
8562,codenames,Qwen3.6-35B-A3B-FP8-without-reasoning,association_easy,instance_00009,Lose,0
8563,codenames,Qwen3.6-35B-A3B-FP8-without-reasoning,association_easy,instance_00009,Success,0
8564,codenames,Qwen3.6-35B-A3B-FP8-without-reasoning,association_easy,instance_00009,Game ended through assassin,0
8565,codenames,Qwen3.6-35B-A3B-FP8-without-reasoning,association_easy,instance_00009,Episode Recall,0.0
8566,codenames,Qwen3.6-35B-A3B-FP8-without-reasoning,association_easy,instance_00009,Episode Negative Recall,1.0
8567,codenames,Qwen3.6-35B-A3B-FP8-without-reasoning,association_easy,instance_00009,Number of turns,1
8568,codenames,Qwen3.6-35B-A3B-FP8-without-reasoning,association_easy,instance_00009,Efficiency,0.0
8569,codenames,Qwen3.6-35B-A3B-FP8-without-reasoning,association_easy,instance_00009,Request Count,1
8570,codenames,Qwen3.6-35B-A3B-FP8-without-reasoning,association_easy,instance_00009,Parsed Request Count,0
8571,codenames,Qwen3.6-35B-A3B-FP8-without-reasoning,association_easy,instance_00009,Violated Request Count,1
8572,codenames,Qwen3.6-35B-A3B-FP8-without-reasoning,association_easy,instance_00009,Request Success Ratio,0.0
8573,codenames,Qwen3.6-35B-A3B-FP8-without-reasoning,association_easy,instance_00009,Main Score,
8574,taboo,Qwen3.6-35B-A3B-FP8-without-reasoning,low_da,instance_00005,Played,1.0
8575,taboo,Qwen3.6-35B-A3B-FP8-without-reasoning,low_da,instance_00002,Played,1.0
8576,taboo,Qwen3.6-35B-A3B-FP8-without-reasoning,low_da,instance_00003,Played,1.0
8577,taboo,Qwen3.6-35B-A3B-FP8-without-reasoning,low_da,instance_00004,Played,1.0
8578,taboo,Qwen3.6-35B-A3B-FP8-without-reasoning,low_da,instance_00017,Played,1.0
8579,taboo,Qwen3.6-35B-A3B-FP8-without-reasoning,low_da,instance_00010,Played,1.0
8580,taboo,Qwen3.6-35B-A3B-FP8-without-reasoning,low_da,instance_00019,Played,1.0
8581,taboo,Qwen3.6-35B-A3B-FP8-without-reasoning,low_da,instance_00018,Played,1.0
8582,taboo,Qwen3.6-35B-A3B-FP8-without-reasoning,low_da,instance_00011,Played,1.0
8583,taboo,Qwen3.6-35B-A3B-FP8-without-reasoning,low_da,instance_00016,Played,1.0
8584,taboo,Qwen3.6-35B-A3B-FP8-without-reasoning,low_da,instance_00008,Played,1.0
8585,taboo,Qwen3.6-35B-A3B-FP8-without-reasoning,low_da,instance_00001,Played,1.0
8586,taboo,Qwen3.6-35B-A3B-FP8-without-reasoning,low_da,instance_00006,Played,1.0
8587,taboo,Qwen3.6-35B-A3B-FP8-without-reasoning,low_da,instance_00007,Played,1.0
8588,taboo,Qwen3.6-35B-A3B-FP8-without-reasoning,low_da,instance_00000,Played,1.0
8589,taboo,Qwen3.6-35B-A3B-FP8-without-reasoning,low_da,instance_00009,Played,1.0
8590,taboo,Qwen3.6-35B-A3B-FP8-without-reasoning,low_da,instance_00013,Played,1.0
8591,taboo,Qwen3.6-35B-A3B-FP8-without-reasoning,low_da,instance_00014,Played,1.0
8592,taboo,Qwen3.6-35B-A3B-FP8-without-reasoning,low_da,instance_00015,Played,1.0
8593,taboo,Qwen3.6-35B-A3B-FP8-without-reasoning,low_da,instance_00012,Played,1.0
8594,taboo,Qwen3.6-35B-A3B-FP8-without-reasoning,high_da,instance_00005,Played,1.0
8595,taboo,Qwen3.6-35B-A3B-FP8-without-reasoning,high_da,instance_00002,Played,1.0
8596,taboo,Qwen3.6-35B-A3B-FP8-without-reasoning,high_da,instance_00003,Played,1.0
8597,taboo,Qwen3.6-35B-A3B-FP8-without-reasoning,high_da,instance_00004,Played,1.0
8598,taboo,Qwen3.6-35B-A3B-FP8-without-reasoning,high_da,instance_00017,Played,1.0
8599,taboo,Qwen3.6-35B-A3B-FP8-without-reasoning,high_da,instance_00010,Played,1.0
8600,taboo,Qwen3.6-35B-A3B-FP8-without-reasoning,high_da,instance_00019,Played,1.0
8601,taboo,Qwen3.6-35B-A3B-FP8-without-reasoning,high_da,instance_00018,Played,1.0
8602,taboo,Qwen3.6-35B-A3B-FP8-without-reasoning,high_da,instance_00011,Played,0.0
8603,taboo,Qwen3.6-35B-A3B-FP8-without-reasoning,high_da,instance_00016,Played,1.0
8604,taboo,Qwen3.6-35B-A3B-FP8-without-reasoning,high_da,instance_00008,Played,1.0
8605,taboo,Qwen3.6-35B-A3B-FP8-without-reasoning,high_da,instance_00001,Played,1.0
8606,taboo,Qwen3.6-35B-A3B-FP8-without-reasoning,high_da,instance_00006,Played,1.0
8607,taboo,Qwen3.6-35B-A3B-FP8-without-reasoning,high_da,instance_00007,Played,1.0
8608,taboo,Qwen3.6-35B-A3B-FP8-without-reasoning,high_da,instance_00000,Played,1.0
8609,taboo,Qwen3.6-35B-A3B-FP8-without-reasoning,high_da,instance_00009,Played,1.0
8610,taboo,Qwen3.6-35B-A3B-FP8-without-reasoning,high_da,instance_00013,Played,1.0
8611,taboo,Qwen3.6-35B-A3B-FP8-without-reasoning,high_da,instance_00014,Played,1.0
8612,taboo,Qwen3.6-35B-A3B-FP8-without-reasoning,high_da,instance_00015,Played,1.0
8613,taboo,Qwen3.6-35B-A3B-FP8-without-reasoning,high_da,instance_00012,Played,1.0
8614,hot_air_balloon,Qwen3.6-35B-A3B-FP8-without-reasoning,air_balloon_survival_da_negotiation_hard,instance_00002,Played,1.0
8615,hot_air_balloon,Qwen3.6-35B-A3B-FP8-without-reasoning,air_balloon_survival_da_negotiation_hard,instance_00003,Played,1.0
8616,hot_air_balloon,Qwen3.6-35B-A3B-FP8-without-reasoning,air_balloon_survival_da_negotiation_hard,instance_00004,Played,1.0
8617,hot_air_balloon,Qwen3.6-35B-A3B-FP8-without-reasoning,air_balloon_survival_da_negotiation_hard,instance_00001,Played,1.0
8618,hot_air_balloon,Qwen3.6-35B-A3B-FP8-without-reasoning,air_balloon_survival_da_negotiation_hard,instance_00000,Played,1.0
8619,hot_air_balloon,Qwen3.6-35B-A3B-FP8-without-reasoning,air_balloon_survival_da_negotiation_easy,instance_00002,Played,1.0
8620,hot_air_balloon,Qwen3.6-35B-A3B-FP8-without-reasoning,air_balloon_survival_da_negotiation_easy,instance_00003,Played,1.0
8621,hot_air_balloon,Qwen3.6-35B-A3B-FP8-without-reasoning,air_balloon_survival_da_negotiation_easy,instance_00004,Played,1.0
8622,hot_air_balloon,Qwen3.6-35B-A3B-FP8-without-reasoning,air_balloon_survival_da_negotiation_easy,instance_00001,Played,1.0
8623,hot_air_balloon,Qwen3.6-35B-A3B-FP8-without-reasoning,air_balloon_survival_da_negotiation_easy,instance_00000,Played,1.0
8624,hot_air_balloon,Qwen3.6-35B-A3B-FP8-without-reasoning,air_balloon_survival_da_complexity_easy,instance_00002,Played,1.0
8625,hot_air_balloon,Qwen3.6-35B-A3B-FP8-without-reasoning,air_balloon_survival_da_complexity_easy,instance_00003,Played,1.0
8626,hot_air_balloon,Qwen3.6-35B-A3B-FP8-without-reasoning,air_balloon_survival_da_complexity_easy,instance_00004,Played,1.0
8627,hot_air_balloon,Qwen3.6-35B-A3B-FP8-without-reasoning,air_balloon_survival_da_complexity_easy,instance_00001,Played,1.0
8628,hot_air_balloon,Qwen3.6-35B-A3B-FP8-without-reasoning,air_balloon_survival_da_complexity_easy,instance_00000,Played,1.0
8629,hot_air_balloon,Qwen3.6-35B-A3B-FP8-without-reasoning,air_balloon_survival_da_complexity_hard,instance_00002,Played,1.0
8630,hot_air_balloon,Qwen3.6-35B-A3B-FP8-without-reasoning,air_balloon_survival_da_complexity_hard,instance_00003,Played,1.0
8631,hot_air_balloon,Qwen3.6-35B-A3B-FP8-without-reasoning,air_balloon_survival_da_complexity_hard,instance_00004,Played,1.0
8632,hot_air_balloon,Qwen3.6-35B-A3B-FP8-without-reasoning,air_balloon_survival_da_complexity_hard,instance_00001,Played,1.0
8633,hot_air_balloon,Qwen3.6-35B-A3B-FP8-without-reasoning,air_balloon_survival_da_complexity_hard,instance_00000,Played,1.0
8634,clean_up,Qwen3.6-35B-A3B-FP8-without-reasoning,2_hard_7obj_da,instance_00002,Played,0.0
8635,clean_up,Qwen3.6-35B-A3B-FP8-without-reasoning,2_hard_7obj_da,instance_00000,Played,0
8636,clean_up,Qwen3.6-35B-A3B-FP8-without-reasoning,2_hard_5obj_da,instance_00002,Played,0
8637,clean_up,Qwen3.6-35B-A3B-FP8-without-reasoning,2_hard_5obj_da,instance_00001,Played,0
8638,clean_up,Qwen3.6-35B-A3B-FP8-without-reasoning,2_hard_5obj_da,instance_00000,Played,1
8639,clean_up,Qwen3.6-35B-A3B-FP8-without-reasoning,2_hard_3obj_da,instance_00002,Played,0
8640,clean_up,Qwen3.6-35B-A3B-FP8-without-reasoning,2_hard_3obj_da,instance_00001,Played,1
8641,clean_up,Qwen3.6-35B-A3B-FP8-without-reasoning,2_hard_3obj_da,instance_00000,Played,1
8642,clean_up,Qwen3.6-35B-A3B-FP8-without-reasoning,1_medium_5obj_da,instance_00002,Played,0
8643,clean_up,Qwen3.6-35B-A3B-FP8-without-reasoning,1_medium_5obj_da,instance_00001,Played,1
8644,clean_up,Qwen3.6-35B-A3B-FP8-without-reasoning,1_medium_5obj_da,instance_00000,Played,0
8645,clean_up,Qwen3.6-35B-A3B-FP8-without-reasoning,1_medium_7obj_da,instance_00002,Played,1
8646,clean_up,Qwen3.6-35B-A3B-FP8-without-reasoning,1_medium_7obj_da,instance_00001,Played,0
8647,clean_up,Qwen3.6-35B-A3B-FP8-without-reasoning,1_medium_7obj_da,instance_00000,Played,0
8648,clean_up,Qwen3.6-35B-A3B-FP8-without-reasoning,1_medium_3obj_da,instance_00002,Played,1
8649,clean_up,Qwen3.6-35B-A3B-FP8-without-reasoning,1_medium_3obj_da,instance_00001,Played,1
8650,clean_up,Qwen3.6-35B-A3B-FP8-without-reasoning,1_medium_3obj_da,instance_00000,Played,1
8651,clean_up,Qwen3.6-35B-A3B-FP8-without-reasoning,0_easy_5obj_da,instance_00002,Played,1
8652,clean_up,Qwen3.6-35B-A3B-FP8-without-reasoning,0_easy_5obj_da,instance_00001,Played,1
8653,clean_up,Qwen3.6-35B-A3B-FP8-without-reasoning,0_easy_5obj_da,instance_00000,Played,0
8654,clean_up,Qwen3.6-35B-A3B-FP8-without-reasoning,0_easy_7obj_da,instance_00002,Played,1
8655,clean_up,Qwen3.6-35B-A3B-FP8-without-reasoning,0_easy_7obj_da,instance_00001,Played,1
8656,clean_up,Qwen3.6-35B-A3B-FP8-without-reasoning,0_easy_7obj_da,instance_00000,Played,0
8657,clean_up,Qwen3.6-35B-A3B-FP8-without-reasoning,0_easy_3obj_da,instance_00002,Played,1
8658,clean_up,Qwen3.6-35B-A3B-FP8-without-reasoning,0_easy_3obj_da,instance_00001,Played,1
8659,clean_up,Qwen3.6-35B-A3B-FP8-without-reasoning,0_easy_3obj_da,instance_00000,Played,0
8660,referencegame,Qwen3.6-35B-A3B-FP8-without-reasoning,number_grids,instance_00005,Played,1
8661,referencegame,Qwen3.6-35B-A3B-FP8-without-reasoning,number_grids,instance_00002,Played,1
8662,referencegame,Qwen3.6-35B-A3B-FP8-without-reasoning,number_grids,instance_00003,Played,1
8663,referencegame,Qwen3.6-35B-A3B-FP8-without-reasoning,number_grids,instance_00004,Played,1
8664,referencegame,Qwen3.6-35B-A3B-FP8-without-reasoning,number_grids,instance_00017,Played,1
8665,referencegame,Qwen3.6-35B-A3B-FP8-without-reasoning,number_grids,instance_00010,Played,1
8666,referencegame,Qwen3.6-35B-A3B-FP8-without-reasoning,number_grids,instance_00011,Played,1
8667,referencegame,Qwen3.6-35B-A3B-FP8-without-reasoning,number_grids,instance_00016,Played,1
8668,referencegame,Qwen3.6-35B-A3B-FP8-without-reasoning,number_grids,instance_00008,Played,1
8669,referencegame,Qwen3.6-35B-A3B-FP8-without-reasoning,number_grids,instance_00001,Played,1
8670,referencegame,Qwen3.6-35B-A3B-FP8-without-reasoning,number_grids,instance_00006,Played,1
8671,referencegame,Qwen3.6-35B-A3B-FP8-without-reasoning,number_grids,instance_00007,Played,1
8672,referencegame,Qwen3.6-35B-A3B-FP8-without-reasoning,number_grids,instance_00000,Played,1
8673,referencegame,Qwen3.6-35B-A3B-FP8-without-reasoning,number_grids,instance_00009,Played,1
8674,referencegame,Qwen3.6-35B-A3B-FP8-without-reasoning,number_grids,instance_00013,Played,1
8675,referencegame,Qwen3.6-35B-A3B-FP8-without-reasoning,number_grids,instance_00014,Played,1
8676,referencegame,Qwen3.6-35B-A3B-FP8-without-reasoning,number_grids,instance_00015,Played,1
8677,referencegame,Qwen3.6-35B-A3B-FP8-without-reasoning,number_grids,instance_00012,Played,1
8678,referencegame,Qwen3.6-35B-A3B-FP8-without-reasoning,line_grids_columns,instance_00005,Played,1
8679,referencegame,Qwen3.6-35B-A3B-FP8-without-reasoning,line_grids_columns,instance_00002,Played,1
8680,referencegame,Qwen3.6-35B-A3B-FP8-without-reasoning,line_grids_columns,instance_00003,Played,1
8681,referencegame,Qwen3.6-35B-A3B-FP8-without-reasoning,line_grids_columns,instance_00004,Played,1
8682,referencegame,Qwen3.6-35B-A3B-FP8-without-reasoning,line_grids_columns,instance_00017,Played,1
8683,referencegame,Qwen3.6-35B-A3B-FP8-without-reasoning,line_grids_columns,instance_00010,Played,1
8684,referencegame,Qwen3.6-35B-A3B-FP8-without-reasoning,line_grids_columns,instance_00011,Played,1
8685,referencegame,Qwen3.6-35B-A3B-FP8-without-reasoning,line_grids_columns,instance_00016,Played,1
8686,referencegame,Qwen3.6-35B-A3B-FP8-without-reasoning,line_grids_columns,instance_00008,Played,1
8687,referencegame,Qwen3.6-35B-A3B-FP8-without-reasoning,line_grids_columns,instance_00001,Played,1
8688,referencegame,Qwen3.6-35B-A3B-FP8-without-reasoning,line_grids_columns,instance_00006,Played,1
8689,referencegame,Qwen3.6-35B-A3B-FP8-without-reasoning,line_grids_columns,instance_00007,Played,1
8690,referencegame,Qwen3.6-35B-A3B-FP8-without-reasoning,line_grids_columns,instance_00000,Played,1
8691,referencegame,Qwen3.6-35B-A3B-FP8-without-reasoning,line_grids_columns,instance_00009,Played,1
8692,referencegame,Qwen3.6-35B-A3B-FP8-without-reasoning,line_grids_columns,instance_00013,Played,1
8693,referencegame,Qwen3.6-35B-A3B-FP8-without-reasoning,line_grids_columns,instance_00014,Played,1
8694,referencegame,Qwen3.6-35B-A3B-FP8-without-reasoning,line_grids_columns,instance_00015,Played,1
8695,referencegame,Qwen3.6-35B-A3B-FP8-without-reasoning,line_grids_columns,instance_00012,Played,1
8696,referencegame,Qwen3.6-35B-A3B-FP8-without-reasoning,line_grids_rows,instance_00005,Played,1
8697,referencegame,Qwen3.6-35B-A3B-FP8-without-reasoning,line_grids_rows,instance_00002,Played,1
8698,referencegame,Qwen3.6-35B-A3B-FP8-without-reasoning,line_grids_rows,instance_00003,Played,1
8699,referencegame,Qwen3.6-35B-A3B-FP8-without-reasoning,line_grids_rows,instance_00004,Played,1
8700,referencegame,Qwen3.6-35B-A3B-FP8-without-reasoning,line_grids_rows,instance_00017,Played,1
8701,referencegame,Qwen3.6-35B-A3B-FP8-without-reasoning,line_grids_rows,instance_00010,Played,1
8702,referencegame,Qwen3.6-35B-A3B-FP8-without-reasoning,line_grids_rows,instance_00011,Played,1
8703,referencegame,Qwen3.6-35B-A3B-FP8-without-reasoning,line_grids_rows,instance_00016,Played,1
8704,referencegame,Qwen3.6-35B-A3B-FP8-without-reasoning,line_grids_rows,instance_00008,Played,1
8705,referencegame,Qwen3.6-35B-A3B-FP8-without-reasoning,line_grids_rows,instance_00001,Played,1
8706,referencegame,Qwen3.6-35B-A3B-FP8-without-reasoning,line_grids_rows,instance_00006,Played,1
8707,referencegame,Qwen3.6-35B-A3B-FP8-without-reasoning,line_grids_rows,instance_00007,Played,0
8708,referencegame,Qwen3.6-35B-A3B-FP8-without-reasoning,line_grids_rows,instance_00000,Played,1
8709,referencegame,Qwen3.6-35B-A3B-FP8-without-reasoning,line_grids_rows,instance_00009,Played,1
8710,referencegame,Qwen3.6-35B-A3B-FP8-without-reasoning,line_grids_rows,instance_00013,Played,1
8711,referencegame,Qwen3.6-35B-A3B-FP8-without-reasoning,line_grids_rows,instance_00014,Played,1
8712,referencegame,Qwen3.6-35B-A3B-FP8-without-reasoning,line_grids_rows,instance_00015,Played,1
8713,referencegame,Qwen3.6-35B-A3B-FP8-without-reasoning,line_grids_rows,instance_00012,Played,1
8714,referencegame,Qwen3.6-35B-A3B-FP8-without-reasoning,random_grids,instance_00005,Played,1
8715,referencegame,Qwen3.6-35B-A3B-FP8-without-reasoning,random_grids,instance_00002,Played,1
8716,referencegame,Qwen3.6-35B-A3B-FP8-without-reasoning,random_grids,instance_00003,Played,1
8717,referencegame,Qwen3.6-35B-A3B-FP8-without-reasoning,random_grids,instance_00004,Played,1
8718,referencegame,Qwen3.6-35B-A3B-FP8-without-reasoning,random_grids,instance_00017,Played,1
8719,referencegame,Qwen3.6-35B-A3B-FP8-without-reasoning,random_grids,instance_00010,Played,1
8720,referencegame,Qwen3.6-35B-A3B-FP8-without-reasoning,random_grids,instance_00011,Played,1
8721,referencegame,Qwen3.6-35B-A3B-FP8-without-reasoning,random_grids,instance_00016,Played,1
8722,referencegame,Qwen3.6-35B-A3B-FP8-without-reasoning,random_grids,instance_00008,Played,1
8723,referencegame,Qwen3.6-35B-A3B-FP8-without-reasoning,random_grids,instance_00001,Played,1
8724,referencegame,Qwen3.6-35B-A3B-FP8-without-reasoning,random_grids,instance_00006,Played,1
8725,referencegame,Qwen3.6-35B-A3B-FP8-without-reasoning,random_grids,instance_00007,Played,1
8726,referencegame,Qwen3.6-35B-A3B-FP8-without-reasoning,random_grids,instance_00000,Played,1
8727,referencegame,Qwen3.6-35B-A3B-FP8-without-reasoning,random_grids,instance_00009,Played,1
8728,referencegame,Qwen3.6-35B-A3B-FP8-without-reasoning,random_grids,instance_00013,Played,1
8729,referencegame,Qwen3.6-35B-A3B-FP8-without-reasoning,random_grids,instance_00014,Played,1
8730,referencegame,Qwen3.6-35B-A3B-FP8-without-reasoning,random_grids,instance_00015,Played,1
8731,referencegame,Qwen3.6-35B-A3B-FP8-without-reasoning,random_grids,instance_00012,Played,1
8732,referencegame,Qwen3.6-35B-A3B-FP8-without-reasoning,letter_grids,instance_00005,Played,1
8733,referencegame,Qwen3.6-35B-A3B-FP8-without-reasoning,letter_grids,instance_00002,Played,1
8734,referencegame,Qwen3.6-35B-A3B-FP8-without-reasoning,letter_grids,instance_00003,Played,1
8735,referencegame,Qwen3.6-35B-A3B-FP8-without-reasoning,letter_grids,instance_00004,Played,1
8736,referencegame,Qwen3.6-35B-A3B-FP8-without-reasoning,letter_grids,instance_00017,Played,1
8737,referencegame,Qwen3.6-35B-A3B-FP8-without-reasoning,letter_grids,instance_00010,Played,1
8738,referencegame,Qwen3.6-35B-A3B-FP8-without-reasoning,letter_grids,instance_00011,Played,1
8739,referencegame,Qwen3.6-35B-A3B-FP8-without-reasoning,letter_grids,instance_00016,Played,1
8740,referencegame,Qwen3.6-35B-A3B-FP8-without-reasoning,letter_grids,instance_00008,Played,1
8741,referencegame,Qwen3.6-35B-A3B-FP8-without-reasoning,letter_grids,instance_00001,Played,1
8742,referencegame,Qwen3.6-35B-A3B-FP8-without-reasoning,letter_grids,instance_00006,Played,1
8743,referencegame,Qwen3.6-35B-A3B-FP8-without-reasoning,letter_grids,instance_00007,Played,1
8744,referencegame,Qwen3.6-35B-A3B-FP8-without-reasoning,letter_grids,instance_00000,Played,1
8745,referencegame,Qwen3.6-35B-A3B-FP8-without-reasoning,letter_grids,instance_00009,Played,1
8746,referencegame,Qwen3.6-35B-A3B-FP8-without-reasoning,letter_grids,instance_00013,Played,1
8747,referencegame,Qwen3.6-35B-A3B-FP8-without-reasoning,letter_grids,instance_00014,Played,1
8748,referencegame,Qwen3.6-35B-A3B-FP8-without-reasoning,letter_grids,instance_00015,Played,1
8749,referencegame,Qwen3.6-35B-A3B-FP8-without-reasoning,letter_grids,instance_00012,Played,1
8750,wordle,Qwen3.6-35B-A3B-FP8-without-reasoning,high_frequency_words_no_clue_no_critic,instance_00005,Played,0
8751,wordle,Qwen3.6-35B-A3B-FP8-without-reasoning,high_frequency_words_no_clue_no_critic,instance_00002,Played,0
8752,wordle,Qwen3.6-35B-A3B-FP8-without-reasoning,high_frequency_words_no_clue_no_critic,instance_00003,Played,0
8753,wordle,Qwen3.6-35B-A3B-FP8-without-reasoning,high_frequency_words_no_clue_no_critic,instance_00004,Played,0
8754,wordle,Qwen3.6-35B-A3B-FP8-without-reasoning,high_frequency_words_no_clue_no_critic,instance_00010,Played,0
8755,wordle,Qwen3.6-35B-A3B-FP8-without-reasoning,high_frequency_words_no_clue_no_critic,instance_00008,Played,0
8756,wordle,Qwen3.6-35B-A3B-FP8-without-reasoning,high_frequency_words_no_clue_no_critic,instance_00001,Played,0
8757,wordle,Qwen3.6-35B-A3B-FP8-without-reasoning,high_frequency_words_no_clue_no_critic,instance_00006,Played,0
8758,wordle,Qwen3.6-35B-A3B-FP8-without-reasoning,high_frequency_words_no_clue_no_critic,instance_00007,Played,0
8759,wordle,Qwen3.6-35B-A3B-FP8-without-reasoning,high_frequency_words_no_clue_no_critic,instance_00009,Played,0
8760,wordle,Qwen3.6-35B-A3B-FP8-without-reasoning,medium_frequency_words_no_clue_no_critic,instance_00005,Played,0
8761,wordle,Qwen3.6-35B-A3B-FP8-without-reasoning,medium_frequency_words_no_clue_no_critic,instance_00002,Played,0
8762,wordle,Qwen3.6-35B-A3B-FP8-without-reasoning,medium_frequency_words_no_clue_no_critic,instance_00003,Played,0
8763,wordle,Qwen3.6-35B-A3B-FP8-without-reasoning,medium_frequency_words_no_clue_no_critic,instance_00004,Played,0
8764,wordle,Qwen3.6-35B-A3B-FP8-without-reasoning,medium_frequency_words_no_clue_no_critic,instance_00017,Played,0
8765,wordle,Qwen3.6-35B-A3B-FP8-without-reasoning,medium_frequency_words_no_clue_no_critic,instance_00010,Played,0
8766,wordle,Qwen3.6-35B-A3B-FP8-without-reasoning,medium_frequency_words_no_clue_no_critic,instance_00019,Played,0
8767,wordle,Qwen3.6-35B-A3B-FP8-without-reasoning,medium_frequency_words_no_clue_no_critic,instance_00020,Played,0
8768,wordle,Qwen3.6-35B-A3B-FP8-without-reasoning,medium_frequency_words_no_clue_no_critic,instance_00018,Played,0
8769,wordle,Qwen3.6-35B-A3B-FP8-without-reasoning,medium_frequency_words_no_clue_no_critic,instance_00011,Played,0
8770,wordle,Qwen3.6-35B-A3B-FP8-without-reasoning,medium_frequency_words_no_clue_no_critic,instance_00016,Played,0
8771,wordle,Qwen3.6-35B-A3B-FP8-without-reasoning,medium_frequency_words_no_clue_no_critic,instance_00008,Played,0
8772,wordle,Qwen3.6-35B-A3B-FP8-without-reasoning,medium_frequency_words_no_clue_no_critic,instance_00001,Played,0
8773,wordle,Qwen3.6-35B-A3B-FP8-without-reasoning,medium_frequency_words_no_clue_no_critic,instance_00006,Played,0
8774,wordle,Qwen3.6-35B-A3B-FP8-without-reasoning,medium_frequency_words_no_clue_no_critic,instance_00007,Played,0
8775,wordle,Qwen3.6-35B-A3B-FP8-without-reasoning,medium_frequency_words_no_clue_no_critic,instance_00009,Played,0
8776,wordle,Qwen3.6-35B-A3B-FP8-without-reasoning,medium_frequency_words_no_clue_no_critic,instance_00013,Played,0
8777,wordle,Qwen3.6-35B-A3B-FP8-without-reasoning,medium_frequency_words_no_clue_no_critic,instance_00014,Played,0
8778,wordle,Qwen3.6-35B-A3B-FP8-without-reasoning,medium_frequency_words_no_clue_no_critic,instance_00015,Played,0
8779,wordle,Qwen3.6-35B-A3B-FP8-without-reasoning,medium_frequency_words_no_clue_no_critic,instance_00012,Played,0
8780,privateshared,Qwen3.6-35B-A3B-FP8-without-reasoning,restaurant,instance_00002,Played,1
8781,privateshared,Qwen3.6-35B-A3B-FP8-without-reasoning,restaurant,instance_00003,Played,1
8782,privateshared,Qwen3.6-35B-A3B-FP8-without-reasoning,restaurant,instance_00004,Played,1
8783,privateshared,Qwen3.6-35B-A3B-FP8-without-reasoning,restaurant,instance_00001,Played,1
8784,privateshared,Qwen3.6-35B-A3B-FP8-without-reasoning,restaurant,instance_00000,Played,1
8785,privateshared,Qwen3.6-35B-A3B-FP8-without-reasoning,travel-booking,instance_00002,Played,1
8786,privateshared,Qwen3.6-35B-A3B-FP8-without-reasoning,travel-booking,instance_00003,Played,1
8787,privateshared,Qwen3.6-35B-A3B-FP8-without-reasoning,travel-booking,instance_00004,Played,1
8788,privateshared,Qwen3.6-35B-A3B-FP8-without-reasoning,travel-booking,instance_00001,Played,1
8789,privateshared,Qwen3.6-35B-A3B-FP8-without-reasoning,travel-booking,instance_00000,Played,1
8790,privateshared,Qwen3.6-35B-A3B-FP8-without-reasoning,things-places,instance_00002,Played,1
8791,privateshared,Qwen3.6-35B-A3B-FP8-without-reasoning,things-places,instance_00003,Played,1
8792,privateshared,Qwen3.6-35B-A3B-FP8-without-reasoning,things-places,instance_00004,Played,1
8793,privateshared,Qwen3.6-35B-A3B-FP8-without-reasoning,things-places,instance_00001,Played,1
8794,privateshared,Qwen3.6-35B-A3B-FP8-without-reasoning,things-places,instance_00000,Played,1
8795,privateshared,Qwen3.6-35B-A3B-FP8-without-reasoning,job-interview,instance_00002,Played,1
8796,privateshared,Qwen3.6-35B-A3B-FP8-without-reasoning,job-interview,instance_00003,Played,1
8797,privateshared,Qwen3.6-35B-A3B-FP8-without-reasoning,job-interview,instance_00004,Played,1
8798,privateshared,Qwen3.6-35B-A3B-FP8-without-reasoning,job-interview,instance_00001,Played,1
8799,privateshared,Qwen3.6-35B-A3B-FP8-without-reasoning,job-interview,instance_00000,Played,1
8800,privateshared,Qwen3.6-35B-A3B-FP8-without-reasoning,letter-number,instance_00002,Played,1
8801,privateshared,Qwen3.6-35B-A3B-FP8-without-reasoning,letter-number,instance_00003,Played,1
8802,privateshared,Qwen3.6-35B-A3B-FP8-without-reasoning,letter-number,instance_00004,Played,1
8803,privateshared,Qwen3.6-35B-A3B-FP8-without-reasoning,letter-number,instance_00001,Played,1
8804,privateshared,Qwen3.6-35B-A3B-FP8-without-reasoning,letter-number,instance_00000,Played,1
8805,dond,Qwen3.6-35B-A3B-FP8-without-reasoning,semi,instance_00005,Played,1
8806,dond,Qwen3.6-35B-A3B-FP8-without-reasoning,semi,instance_00002,Played,1
8807,dond,Qwen3.6-35B-A3B-FP8-without-reasoning,semi,instance_00003,Played,1
8808,dond,Qwen3.6-35B-A3B-FP8-without-reasoning,semi,instance_00004,Played,1
8809,dond,Qwen3.6-35B-A3B-FP8-without-reasoning,semi,instance_00017,Played,1
8810,dond,Qwen3.6-35B-A3B-FP8-without-reasoning,semi,instance_00010,Played,1
8811,dond,Qwen3.6-35B-A3B-FP8-without-reasoning,semi,instance_00019,Played,0
8812,dond,Qwen3.6-35B-A3B-FP8-without-reasoning,semi,instance_00018,Played,0
8813,dond,Qwen3.6-35B-A3B-FP8-without-reasoning,semi,instance_00011,Played,1
8814,dond,Qwen3.6-35B-A3B-FP8-without-reasoning,semi,instance_00016,Played,1
8815,dond,Qwen3.6-35B-A3B-FP8-without-reasoning,semi,instance_00008,Played,1
8816,dond,Qwen3.6-35B-A3B-FP8-without-reasoning,semi,instance_00001,Played,1
8817,dond,Qwen3.6-35B-A3B-FP8-without-reasoning,semi,instance_00006,Played,1
8818,dond,Qwen3.6-35B-A3B-FP8-without-reasoning,semi,instance_00007,Played,1
8819,dond,Qwen3.6-35B-A3B-FP8-without-reasoning,semi,instance_00000,Played,1
8820,dond,Qwen3.6-35B-A3B-FP8-without-reasoning,semi,instance_00009,Played,1
8821,dond,Qwen3.6-35B-A3B-FP8-without-reasoning,semi,instance_00013,Played,1
8822,dond,Qwen3.6-35B-A3B-FP8-without-reasoning,semi,instance_00014,Played,1
8823,dond,Qwen3.6-35B-A3B-FP8-without-reasoning,semi,instance_00015,Played,1
8824,dond,Qwen3.6-35B-A3B-FP8-without-reasoning,semi,instance_00012,Played,1
8825,dond,Qwen3.6-35B-A3B-FP8-without-reasoning,coop,instance_00005,Played,1
8826,dond,Qwen3.6-35B-A3B-FP8-without-reasoning,coop,instance_00002,Played,1
8827,dond,Qwen3.6-35B-A3B-FP8-without-reasoning,coop,instance_00003,Played,1
8828,dond,Qwen3.6-35B-A3B-FP8-without-reasoning,coop,instance_00004,Played,1
8829,dond,Qwen3.6-35B-A3B-FP8-without-reasoning,coop,instance_00017,Played,1
8830,dond,Qwen3.6-35B-A3B-FP8-without-reasoning,coop,instance_00010,Played,1
8831,dond,Qwen3.6-35B-A3B-FP8-without-reasoning,coop,instance_00019,Played,1
8832,dond,Qwen3.6-35B-A3B-FP8-without-reasoning,coop,instance_00018,Played,1
8833,dond,Qwen3.6-35B-A3B-FP8-without-reasoning,coop,instance_00011,Played,1
8834,dond,Qwen3.6-35B-A3B-FP8-without-reasoning,coop,instance_00016,Played,1
8835,dond,Qwen3.6-35B-A3B-FP8-without-reasoning,coop,instance_00008,Played,1
8836,dond,Qwen3.6-35B-A3B-FP8-without-reasoning,coop,instance_00001,Played,1
8837,dond,Qwen3.6-35B-A3B-FP8-without-reasoning,coop,instance_00006,Played,1
8838,dond,Qwen3.6-35B-A3B-FP8-without-reasoning,coop,instance_00007,Played,1
8839,dond,Qwen3.6-35B-A3B-FP8-without-reasoning,coop,instance_00000,Played,1
8840,dond,Qwen3.6-35B-A3B-FP8-without-reasoning,coop,instance_00009,Played,0
8841,dond,Qwen3.6-35B-A3B-FP8-without-reasoning,coop,instance_00013,Played,1
8842,dond,Qwen3.6-35B-A3B-FP8-without-reasoning,coop,instance_00014,Played,1
8843,dond,Qwen3.6-35B-A3B-FP8-without-reasoning,coop,instance_00015,Played,1
8844,dond,Qwen3.6-35B-A3B-FP8-without-reasoning,coop,instance_00012,Played,1
8845,guesswhat,Qwen3.6-35B-A3B-FP8-without-reasoning,Level_3,instance_00005,Played,1
8846,guesswhat,Qwen3.6-35B-A3B-FP8-without-reasoning,Level_3,instance_00002,Played,1
8847,guesswhat,Qwen3.6-35B-A3B-FP8-without-reasoning,Level_3,instance_00003,Played,1
8848,guesswhat,Qwen3.6-35B-A3B-FP8-without-reasoning,Level_3,instance_00004,Played,1
8849,guesswhat,Qwen3.6-35B-A3B-FP8-without-reasoning,Level_3,instance_00008,Played,1
8850,guesswhat,Qwen3.6-35B-A3B-FP8-without-reasoning,Level_3,instance_00001,Played,1
8851,guesswhat,Qwen3.6-35B-A3B-FP8-without-reasoning,Level_3,instance_00006,Played,1
8852,guesswhat,Qwen3.6-35B-A3B-FP8-without-reasoning,Level_3,instance_00007,Played,1
8853,guesswhat,Qwen3.6-35B-A3B-FP8-without-reasoning,Level_3,instance_00000,Played,1
8854,guesswhat,Qwen3.6-35B-A3B-FP8-without-reasoning,Level_3,instance_00009,Played,1
8855,guesswhat,Qwen3.6-35B-A3B-FP8-without-reasoning,Level_2,instance_00005,Played,1
8856,guesswhat,Qwen3.6-35B-A3B-FP8-without-reasoning,Level_2,instance_00002,Played,1
8857,guesswhat,Qwen3.6-35B-A3B-FP8-without-reasoning,Level_2,instance_00003,Played,1
8858,guesswhat,Qwen3.6-35B-A3B-FP8-without-reasoning,Level_2,instance_00004,Played,1
8859,guesswhat,Qwen3.6-35B-A3B-FP8-without-reasoning,Level_2,instance_00008,Played,1
8860,guesswhat,Qwen3.6-35B-A3B-FP8-without-reasoning,Level_2,instance_00001,Played,1
8861,guesswhat,Qwen3.6-35B-A3B-FP8-without-reasoning,Level_2,instance_00006,Played,1
8862,guesswhat,Qwen3.6-35B-A3B-FP8-without-reasoning,Level_2,instance_00007,Played,1
8863,guesswhat,Qwen3.6-35B-A3B-FP8-without-reasoning,Level_2,instance_00000,Played,1
8864,guesswhat,Qwen3.6-35B-A3B-FP8-without-reasoning,Level_2,instance_00009,Played,1
8865,guesswhat,Qwen3.6-35B-A3B-FP8-without-reasoning,Level_1,instance_00005,Played,1
8866,guesswhat,Qwen3.6-35B-A3B-FP8-without-reasoning,Level_1,instance_00002,Played,1
8867,guesswhat,Qwen3.6-35B-A3B-FP8-without-reasoning,Level_1,instance_00003,Played,1
8868,guesswhat,Qwen3.6-35B-A3B-FP8-without-reasoning,Level_1,instance_00004,Played,1
8869,guesswhat,Qwen3.6-35B-A3B-FP8-without-reasoning,Level_1,instance_00008,Played,1
8870,guesswhat,Qwen3.6-35B-A3B-FP8-without-reasoning,Level_1,instance_00001,Played,1
8871,guesswhat,Qwen3.6-35B-A3B-FP8-without-reasoning,Level_1,instance_00006,Played,1
8872,guesswhat,Qwen3.6-35B-A3B-FP8-without-reasoning,Level_1,instance_00007,Played,1
8873,guesswhat,Qwen3.6-35B-A3B-FP8-without-reasoning,Level_1,instance_00000,Played,1
8874,guesswhat,Qwen3.6-35B-A3B-FP8-without-reasoning,Level_1,instance_00009,Played,1
8875,textmapworld_graphreasoning,Qwen3.6-35B-A3B-FP8-without-reasoning,large,instance_00002,Played,1
8876,textmapworld_graphreasoning,Qwen3.6-35B-A3B-FP8-without-reasoning,large,instance_00028,Played,0
8877,textmapworld_graphreasoning,Qwen3.6-35B-A3B-FP8-without-reasoning,large,instance_00026,Played,1
8878,textmapworld_graphreasoning,Qwen3.6-35B-A3B-FP8-without-reasoning,large,instance_00021,Played,1
8879,textmapworld_graphreasoning,Qwen3.6-35B-A3B-FP8-without-reasoning,large,instance_00020,Played,0
8880,textmapworld_graphreasoning,Qwen3.6-35B-A3B-FP8-without-reasoning,large,instance_00027,Played,0
8881,textmapworld_graphreasoning,Qwen3.6-35B-A3B-FP8-without-reasoning,large,instance_00029,Played,1
8882,textmapworld_graphreasoning,Qwen3.6-35B-A3B-FP8-without-reasoning,large,instance_00022,Played,1
8883,textmapworld_graphreasoning,Qwen3.6-35B-A3B-FP8-without-reasoning,large,instance_00025,Played,1
8884,textmapworld_graphreasoning,Qwen3.6-35B-A3B-FP8-without-reasoning,large,instance_00024,Played,1
8885,textmapworld_graphreasoning,Qwen3.6-35B-A3B-FP8-without-reasoning,large,instance_00023,Played,0
8886,textmapworld_graphreasoning,Qwen3.6-35B-A3B-FP8-without-reasoning,medium,instance_00017,Played,1
8887,textmapworld_graphreasoning,Qwen3.6-35B-A3B-FP8-without-reasoning,medium,instance_00010,Played,0
8888,textmapworld_graphreasoning,Qwen3.6-35B-A3B-FP8-without-reasoning,medium,instance_00019,Played,1
8889,textmapworld_graphreasoning,Qwen3.6-35B-A3B-FP8-without-reasoning,medium,instance_00018,Played,0
8890,textmapworld_graphreasoning,Qwen3.6-35B-A3B-FP8-without-reasoning,medium,instance_00011,Played,1
8891,textmapworld_graphreasoning,Qwen3.6-35B-A3B-FP8-without-reasoning,medium,instance_00016,Played,1
8892,textmapworld_graphreasoning,Qwen3.6-35B-A3B-FP8-without-reasoning,medium,instance_00001,Played,0
8893,textmapworld_graphreasoning,Qwen3.6-35B-A3B-FP8-without-reasoning,medium,instance_00013,Played,0
8894,textmapworld_graphreasoning,Qwen3.6-35B-A3B-FP8-without-reasoning,medium,instance_00014,Played,1
8895,textmapworld_graphreasoning,Qwen3.6-35B-A3B-FP8-without-reasoning,medium,instance_00015,Played,0
8896,textmapworld_graphreasoning,Qwen3.6-35B-A3B-FP8-without-reasoning,medium,instance_00012,Played,1
8897,textmapworld_graphreasoning,Qwen3.6-35B-A3B-FP8-without-reasoning,small,instance_00005,Played,1
8898,textmapworld_graphreasoning,Qwen3.6-35B-A3B-FP8-without-reasoning,small,instance_00002,Played,1
8899,textmapworld_graphreasoning,Qwen3.6-35B-A3B-FP8-without-reasoning,small,instance_00003,Played,1
8900,textmapworld_graphreasoning,Qwen3.6-35B-A3B-FP8-without-reasoning,small,instance_00004,Played,1
8901,textmapworld_graphreasoning,Qwen3.6-35B-A3B-FP8-without-reasoning,small,instance_00008,Played,1
8902,textmapworld_graphreasoning,Qwen3.6-35B-A3B-FP8-without-reasoning,small,instance_00001,Played,1
8903,textmapworld_graphreasoning,Qwen3.6-35B-A3B-FP8-without-reasoning,small,instance_00006,Played,1
8904,textmapworld_graphreasoning,Qwen3.6-35B-A3B-FP8-without-reasoning,small,instance_00007,Played,1
8905,textmapworld_graphreasoning,Qwen3.6-35B-A3B-FP8-without-reasoning,small,instance_00000,Played,1
8906,textmapworld_graphreasoning,Qwen3.6-35B-A3B-FP8-without-reasoning,small,instance_00009,Played,1
8907,textmapworld,Qwen3.6-35B-A3B-FP8-without-reasoning,large_cycle,instance_00004,Played,1
8908,textmapworld,Qwen3.6-35B-A3B-FP8-without-reasoning,large_cycle,instance_00044,Played,1
8909,textmapworld,Qwen3.6-35B-A3B-FP8-without-reasoning,large_cycle,instance_00043,Played,1
8910,textmapworld,Qwen3.6-35B-A3B-FP8-without-reasoning,large_cycle,instance_00042,Played,1
8911,textmapworld,Qwen3.6-35B-A3B-FP8-without-reasoning,large_cycle,instance_00045,Played,1
8912,textmapworld,Qwen3.6-35B-A3B-FP8-without-reasoning,large_cycle,instance_00049,Played,1
8913,textmapworld,Qwen3.6-35B-A3B-FP8-without-reasoning,large_cycle,instance_00040,Played,1
8914,textmapworld,Qwen3.6-35B-A3B-FP8-without-reasoning,large_cycle,instance_00047,Played,1
8915,textmapworld,Qwen3.6-35B-A3B-FP8-without-reasoning,large_cycle,instance_00046,Played,1
8916,textmapworld,Qwen3.6-35B-A3B-FP8-without-reasoning,large_cycle,instance_00041,Played,1
8917,textmapworld,Qwen3.6-35B-A3B-FP8-without-reasoning,large_cycle,instance_00048,Played,1
8918,textmapworld,Qwen3.6-35B-A3B-FP8-without-reasoning,large,instance_00002,Played,1
8919,textmapworld,Qwen3.6-35B-A3B-FP8-without-reasoning,large,instance_00028,Played,1
8920,textmapworld,Qwen3.6-35B-A3B-FP8-without-reasoning,large,instance_00026,Played,1
8921,textmapworld,Qwen3.6-35B-A3B-FP8-without-reasoning,large,instance_00021,Played,1
8922,textmapworld,Qwen3.6-35B-A3B-FP8-without-reasoning,large,instance_00020,Played,1
8923,textmapworld,Qwen3.6-35B-A3B-FP8-without-reasoning,large,instance_00027,Played,1
8924,textmapworld,Qwen3.6-35B-A3B-FP8-without-reasoning,large,instance_00029,Played,1
8925,textmapworld,Qwen3.6-35B-A3B-FP8-without-reasoning,large,instance_00022,Played,1
8926,textmapworld,Qwen3.6-35B-A3B-FP8-without-reasoning,large,instance_00025,Played,1
8927,textmapworld,Qwen3.6-35B-A3B-FP8-without-reasoning,large,instance_00024,Played,1
8928,textmapworld,Qwen3.6-35B-A3B-FP8-without-reasoning,large,instance_00023,Played,1
8929,textmapworld,Qwen3.6-35B-A3B-FP8-without-reasoning,medium,instance_00017,Played,1
8930,textmapworld,Qwen3.6-35B-A3B-FP8-without-reasoning,medium,instance_00010,Played,1
8931,textmapworld,Qwen3.6-35B-A3B-FP8-without-reasoning,medium,instance_00019,Played,1
8932,textmapworld,Qwen3.6-35B-A3B-FP8-without-reasoning,medium,instance_00018,Played,1
8933,textmapworld,Qwen3.6-35B-A3B-FP8-without-reasoning,medium,instance_00011,Played,1
8934,textmapworld,Qwen3.6-35B-A3B-FP8-without-reasoning,medium,instance_00016,Played,1
8935,textmapworld,Qwen3.6-35B-A3B-FP8-without-reasoning,medium,instance_00001,Played,1
8936,textmapworld,Qwen3.6-35B-A3B-FP8-without-reasoning,medium,instance_00013,Played,1
8937,textmapworld,Qwen3.6-35B-A3B-FP8-without-reasoning,medium,instance_00014,Played,1
8938,textmapworld,Qwen3.6-35B-A3B-FP8-without-reasoning,medium,instance_00015,Played,1
8939,textmapworld,Qwen3.6-35B-A3B-FP8-without-reasoning,medium,instance_00012,Played,1
8940,textmapworld,Qwen3.6-35B-A3B-FP8-without-reasoning,small,instance_00005,Played,1
8941,textmapworld,Qwen3.6-35B-A3B-FP8-without-reasoning,small,instance_00002,Played,1
8942,textmapworld,Qwen3.6-35B-A3B-FP8-without-reasoning,small,instance_00003,Played,1
8943,textmapworld,Qwen3.6-35B-A3B-FP8-without-reasoning,small,instance_00004,Played,1
8944,textmapworld,Qwen3.6-35B-A3B-FP8-without-reasoning,small,instance_00008,Played,1
8945,textmapworld,Qwen3.6-35B-A3B-FP8-without-reasoning,small,instance_00001,Played,1
8946,textmapworld,Qwen3.6-35B-A3B-FP8-without-reasoning,small,instance_00006,Played,1
8947,textmapworld,Qwen3.6-35B-A3B-FP8-without-reasoning,small,instance_00007,Played,1
8948,textmapworld,Qwen3.6-35B-A3B-FP8-without-reasoning,small,instance_00000,Played,1
8949,textmapworld,Qwen3.6-35B-A3B-FP8-without-reasoning,small,instance_00009,Played,1
8950,textmapworld,Qwen3.6-35B-A3B-FP8-without-reasoning,medium_cycle,instance_00034,Played,1
8951,textmapworld,Qwen3.6-35B-A3B-FP8-without-reasoning,medium_cycle,instance_00033,Played,1
8952,textmapworld,Qwen3.6-35B-A3B-FP8-without-reasoning,medium_cycle,instance_00003,Played,1
8953,textmapworld,Qwen3.6-35B-A3B-FP8-without-reasoning,medium_cycle,instance_00032,Played,1
8954,textmapworld,Qwen3.6-35B-A3B-FP8-without-reasoning,medium_cycle,instance_00035,Played,1
8955,textmapworld,Qwen3.6-35B-A3B-FP8-without-reasoning,medium_cycle,instance_00030,Played,1
8956,textmapworld,Qwen3.6-35B-A3B-FP8-without-reasoning,medium_cycle,instance_00037,Played,1
8957,textmapworld,Qwen3.6-35B-A3B-FP8-without-reasoning,medium_cycle,instance_00039,Played,1
8958,textmapworld,Qwen3.6-35B-A3B-FP8-without-reasoning,medium_cycle,instance_00038,Played,1
8959,textmapworld,Qwen3.6-35B-A3B-FP8-without-reasoning,medium_cycle,instance_00036,Played,1
8960,textmapworld,Qwen3.6-35B-A3B-FP8-without-reasoning,medium_cycle,instance_00031,Played,1
8961,matchit_ascii,Qwen3.6-35B-A3B-FP8-without-reasoning,similar_grid_1,instance_00005,Played,1
8962,matchit_ascii,Qwen3.6-35B-A3B-FP8-without-reasoning,similar_grid_1,instance_00002,Played,1
8963,matchit_ascii,Qwen3.6-35B-A3B-FP8-without-reasoning,similar_grid_1,instance_00003,Played,1
8964,matchit_ascii,Qwen3.6-35B-A3B-FP8-without-reasoning,similar_grid_1,instance_00004,Played,1
8965,matchit_ascii,Qwen3.6-35B-A3B-FP8-without-reasoning,similar_grid_1,instance_00008,Played,1
8966,matchit_ascii,Qwen3.6-35B-A3B-FP8-without-reasoning,similar_grid_1,instance_00001,Played,1
8967,matchit_ascii,Qwen3.6-35B-A3B-FP8-without-reasoning,similar_grid_1,instance_00006,Played,1
8968,matchit_ascii,Qwen3.6-35B-A3B-FP8-without-reasoning,similar_grid_1,instance_00007,Played,1
8969,matchit_ascii,Qwen3.6-35B-A3B-FP8-without-reasoning,similar_grid_1,instance_00000,Played,1
8970,matchit_ascii,Qwen3.6-35B-A3B-FP8-without-reasoning,similar_grid_1,instance_00009,Played,1
8971,matchit_ascii,Qwen3.6-35B-A3B-FP8-without-reasoning,same_grid,instance_00005,Played,1
8972,matchit_ascii,Qwen3.6-35B-A3B-FP8-without-reasoning,same_grid,instance_00002,Played,1
8973,matchit_ascii,Qwen3.6-35B-A3B-FP8-without-reasoning,same_grid,instance_00003,Played,1
8974,matchit_ascii,Qwen3.6-35B-A3B-FP8-without-reasoning,same_grid,instance_00004,Played,1
8975,matchit_ascii,Qwen3.6-35B-A3B-FP8-without-reasoning,same_grid,instance_00008,Played,1
8976,matchit_ascii,Qwen3.6-35B-A3B-FP8-without-reasoning,same_grid,instance_00001,Played,1
8977,matchit_ascii,Qwen3.6-35B-A3B-FP8-without-reasoning,same_grid,instance_00006,Played,1
8978,matchit_ascii,Qwen3.6-35B-A3B-FP8-without-reasoning,same_grid,instance_00007,Played,1
8979,matchit_ascii,Qwen3.6-35B-A3B-FP8-without-reasoning,same_grid,instance_00000,Played,1
8980,matchit_ascii,Qwen3.6-35B-A3B-FP8-without-reasoning,same_grid,instance_00009,Played,1
8981,matchit_ascii,Qwen3.6-35B-A3B-FP8-without-reasoning,similar_grid_2,instance_00005,Played,1
8982,matchit_ascii,Qwen3.6-35B-A3B-FP8-without-reasoning,similar_grid_2,instance_00002,Played,1
8983,matchit_ascii,Qwen3.6-35B-A3B-FP8-without-reasoning,similar_grid_2,instance_00003,Played,1
8984,matchit_ascii,Qwen3.6-35B-A3B-FP8-without-reasoning,similar_grid_2,instance_00004,Played,1
8985,matchit_ascii,Qwen3.6-35B-A3B-FP8-without-reasoning,similar_grid_2,instance_00008,Played,1
8986,matchit_ascii,Qwen3.6-35B-A3B-FP8-without-reasoning,similar_grid_2,instance_00001,Played,1
8987,matchit_ascii,Qwen3.6-35B-A3B-FP8-without-reasoning,similar_grid_2,instance_00006,Played,1
8988,matchit_ascii,Qwen3.6-35B-A3B-FP8-without-reasoning,similar_grid_2,instance_00007,Played,1
8989,matchit_ascii,Qwen3.6-35B-A3B-FP8-without-reasoning,similar_grid_2,instance_00000,Played,1
8990,matchit_ascii,Qwen3.6-35B-A3B-FP8-without-reasoning,similar_grid_2,instance_00009,Played,1
8991,matchit_ascii,Qwen3.6-35B-A3B-FP8-without-reasoning,different_grid,instance_00005,Played,1
8992,matchit_ascii,Qwen3.6-35B-A3B-FP8-without-reasoning,different_grid,instance_00002,Played,1
8993,matchit_ascii,Qwen3.6-35B-A3B-FP8-without-reasoning,different_grid,instance_00003,Played,1
8994,matchit_ascii,Qwen3.6-35B-A3B-FP8-without-reasoning,different_grid,instance_00004,Played,1
8995,matchit_ascii,Qwen3.6-35B-A3B-FP8-without-reasoning,different_grid,instance_00008,Played,1
8996,matchit_ascii,Qwen3.6-35B-A3B-FP8-without-reasoning,different_grid,instance_00001,Played,1
8997,matchit_ascii,Qwen3.6-35B-A3B-FP8-without-reasoning,different_grid,instance_00006,Played,1
8998,matchit_ascii,Qwen3.6-35B-A3B-FP8-without-reasoning,different_grid,instance_00007,Played,1
8999,matchit_ascii,Qwen3.6-35B-A3B-FP8-without-reasoning,different_grid,instance_00000,Played,1
9000,matchit_ascii,Qwen3.6-35B-A3B-FP8-without-reasoning,different_grid,instance_00009,Played,1
9001,textmapworld_specificroom,Qwen3.6-35B-A3B-FP8-without-reasoning,close,instance_00017,Played,0
9002,textmapworld_specificroom,Qwen3.6-35B-A3B-FP8-without-reasoning,close,instance_00010,Played,1
9003,textmapworld_specificroom,Qwen3.6-35B-A3B-FP8-without-reasoning,close,instance_00019,Played,1
9004,textmapworld_specificroom,Qwen3.6-35B-A3B-FP8-without-reasoning,close,instance_00018,Played,1
9005,textmapworld_specificroom,Qwen3.6-35B-A3B-FP8-without-reasoning,close,instance_00011,Played,1
9006,textmapworld_specificroom,Qwen3.6-35B-A3B-FP8-without-reasoning,close,instance_00016,Played,0
9007,textmapworld_specificroom,Qwen3.6-35B-A3B-FP8-without-reasoning,close,instance_00001,Played,1
9008,textmapworld_specificroom,Qwen3.6-35B-A3B-FP8-without-reasoning,close,instance_00013,Played,1
9009,textmapworld_specificroom,Qwen3.6-35B-A3B-FP8-without-reasoning,close,instance_00014,Played,1
9010,textmapworld_specificroom,Qwen3.6-35B-A3B-FP8-without-reasoning,close,instance_00015,Played,1
9011,textmapworld_specificroom,Qwen3.6-35B-A3B-FP8-without-reasoning,close,instance_00012,Played,1
9012,textmapworld_specificroom,Qwen3.6-35B-A3B-FP8-without-reasoning,far,instance_00002,Played,0
9013,textmapworld_specificroom,Qwen3.6-35B-A3B-FP8-without-reasoning,far,instance_00028,Played,0
9014,textmapworld_specificroom,Qwen3.6-35B-A3B-FP8-without-reasoning,far,instance_00026,Played,1
9015,textmapworld_specificroom,Qwen3.6-35B-A3B-FP8-without-reasoning,far,instance_00021,Played,0
9016,textmapworld_specificroom,Qwen3.6-35B-A3B-FP8-without-reasoning,far,instance_00020,Played,0
9017,textmapworld_specificroom,Qwen3.6-35B-A3B-FP8-without-reasoning,far,instance_00027,Played,1
9018,textmapworld_specificroom,Qwen3.6-35B-A3B-FP8-without-reasoning,far,instance_00029,Played,1
9019,textmapworld_specificroom,Qwen3.6-35B-A3B-FP8-without-reasoning,far,instance_00022,Played,0
9020,textmapworld_specificroom,Qwen3.6-35B-A3B-FP8-without-reasoning,far,instance_00025,Played,1
9021,textmapworld_specificroom,Qwen3.6-35B-A3B-FP8-without-reasoning,far,instance_00024,Played,1
9022,textmapworld_specificroom,Qwen3.6-35B-A3B-FP8-without-reasoning,far,instance_00023,Played,1
9023,textmapworld_specificroom,Qwen3.6-35B-A3B-FP8-without-reasoning,on,instance_00005,Played,1
9024,textmapworld_specificroom,Qwen3.6-35B-A3B-FP8-without-reasoning,on,instance_00002,Played,1
9025,textmapworld_specificroom,Qwen3.6-35B-A3B-FP8-without-reasoning,on,instance_00003,Played,1
9026,textmapworld_specificroom,Qwen3.6-35B-A3B-FP8-without-reasoning,on,instance_00004,Played,1
9027,textmapworld_specificroom,Qwen3.6-35B-A3B-FP8-without-reasoning,on,instance_00008,Played,1
9028,textmapworld_specificroom,Qwen3.6-35B-A3B-FP8-without-reasoning,on,instance_00001,Played,1
9029,textmapworld_specificroom,Qwen3.6-35B-A3B-FP8-without-reasoning,on,instance_00006,Played,1
9030,textmapworld_specificroom,Qwen3.6-35B-A3B-FP8-without-reasoning,on,instance_00007,Played,1
9031,textmapworld_specificroom,Qwen3.6-35B-A3B-FP8-without-reasoning,on,instance_00000,Played,1
9032,textmapworld_specificroom,Qwen3.6-35B-A3B-FP8-without-reasoning,on,instance_00009,Played,1
9033,imagegame,Qwen3.6-35B-A3B-FP8-without-reasoning,random_grids,instance_00005,Played,1
9034,imagegame,Qwen3.6-35B-A3B-FP8-without-reasoning,random_grids,instance_00002,Played,1
9035,imagegame,Qwen3.6-35B-A3B-FP8-without-reasoning,random_grids,instance_00003,Played,1
9036,imagegame,Qwen3.6-35B-A3B-FP8-without-reasoning,random_grids,instance_00004,Played,1
9037,imagegame,Qwen3.6-35B-A3B-FP8-without-reasoning,random_grids,instance_00017,Played,1
9038,imagegame,Qwen3.6-35B-A3B-FP8-without-reasoning,random_grids,instance_00010,Played,1
9039,imagegame,Qwen3.6-35B-A3B-FP8-without-reasoning,random_grids,instance_00019,Played,1
9040,imagegame,Qwen3.6-35B-A3B-FP8-without-reasoning,random_grids,instance_00018,Played,1
9041,imagegame,Qwen3.6-35B-A3B-FP8-without-reasoning,random_grids,instance_00011,Played,1
9042,imagegame,Qwen3.6-35B-A3B-FP8-without-reasoning,random_grids,instance_00016,Played,1
9043,imagegame,Qwen3.6-35B-A3B-FP8-without-reasoning,random_grids,instance_00008,Played,1
9044,imagegame,Qwen3.6-35B-A3B-FP8-without-reasoning,random_grids,instance_00001,Played,1
9045,imagegame,Qwen3.6-35B-A3B-FP8-without-reasoning,random_grids,instance_00006,Played,1
9046,imagegame,Qwen3.6-35B-A3B-FP8-without-reasoning,random_grids,instance_00007,Played,1
9047,imagegame,Qwen3.6-35B-A3B-FP8-without-reasoning,random_grids,instance_00000,Played,1
9048,imagegame,Qwen3.6-35B-A3B-FP8-without-reasoning,random_grids,instance_00009,Played,0
9049,imagegame,Qwen3.6-35B-A3B-FP8-without-reasoning,random_grids,instance_00013,Played,1
9050,imagegame,Qwen3.6-35B-A3B-FP8-without-reasoning,random_grids,instance_00014,Played,1
9051,imagegame,Qwen3.6-35B-A3B-FP8-without-reasoning,random_grids,instance_00015,Played,1
9052,imagegame,Qwen3.6-35B-A3B-FP8-without-reasoning,random_grids,instance_00012,Played,0
9053,imagegame,Qwen3.6-35B-A3B-FP8-without-reasoning,compact_grids,instance_00005,Played,1
9054,imagegame,Qwen3.6-35B-A3B-FP8-without-reasoning,compact_grids,instance_00002,Played,1
9055,imagegame,Qwen3.6-35B-A3B-FP8-without-reasoning,compact_grids,instance_00003,Played,1
9056,imagegame,Qwen3.6-35B-A3B-FP8-without-reasoning,compact_grids,instance_00004,Played,1
9057,imagegame,Qwen3.6-35B-A3B-FP8-without-reasoning,compact_grids,instance_00017,Played,1
9058,imagegame,Qwen3.6-35B-A3B-FP8-without-reasoning,compact_grids,instance_00010,Played,0
9059,imagegame,Qwen3.6-35B-A3B-FP8-without-reasoning,compact_grids,instance_00019,Played,1
9060,imagegame,Qwen3.6-35B-A3B-FP8-without-reasoning,compact_grids,instance_00018,Played,1
9061,imagegame,Qwen3.6-35B-A3B-FP8-without-reasoning,compact_grids,instance_00011,Played,1
9062,imagegame,Qwen3.6-35B-A3B-FP8-without-reasoning,compact_grids,instance_00016,Played,0
9063,imagegame,Qwen3.6-35B-A3B-FP8-without-reasoning,compact_grids,instance_00008,Played,1
9064,imagegame,Qwen3.6-35B-A3B-FP8-without-reasoning,compact_grids,instance_00001,Played,1
9065,imagegame,Qwen3.6-35B-A3B-FP8-without-reasoning,compact_grids,instance_00006,Played,1
9066,imagegame,Qwen3.6-35B-A3B-FP8-without-reasoning,compact_grids,instance_00007,Played,1
9067,imagegame,Qwen3.6-35B-A3B-FP8-without-reasoning,compact_grids,instance_00000,Played,1
9068,imagegame,Qwen3.6-35B-A3B-FP8-without-reasoning,compact_grids,instance_00009,Played,0
9069,imagegame,Qwen3.6-35B-A3B-FP8-without-reasoning,compact_grids,instance_00013,Played,1
9070,imagegame,Qwen3.6-35B-A3B-FP8-without-reasoning,compact_grids,instance_00014,Played,1
9071,imagegame,Qwen3.6-35B-A3B-FP8-without-reasoning,compact_grids,instance_00015,Played,1
9072,imagegame,Qwen3.6-35B-A3B-FP8-without-reasoning,compact_grids,instance_00012,Played,1
9073,codenames,Qwen3.6-35B-A3B-FP8-without-reasoning,opponent_difficult,instance_00005,Played,0
9074,codenames,Qwen3.6-35B-A3B-FP8-without-reasoning,opponent_difficult,instance_00002,Played,0
9075,codenames,Qwen3.6-35B-A3B-FP8-without-reasoning,opponent_difficult,instance_00003,Played,0
9076,codenames,Qwen3.6-35B-A3B-FP8-without-reasoning,opponent_difficult,instance_00004,Played,0
9077,codenames,Qwen3.6-35B-A3B-FP8-without-reasoning,opponent_difficult,instance_00008,Played,0
9078,codenames,Qwen3.6-35B-A3B-FP8-without-reasoning,opponent_difficult,instance_00001,Played,0
9079,codenames,Qwen3.6-35B-A3B-FP8-without-reasoning,opponent_difficult,instance_00006,Played,0
9080,codenames,Qwen3.6-35B-A3B-FP8-without-reasoning,opponent_difficult,instance_00007,Played,0
9081,codenames,Qwen3.6-35B-A3B-FP8-without-reasoning,opponent_difficult,instance_00000,Played,0
9082,codenames,Qwen3.6-35B-A3B-FP8-without-reasoning,opponent_difficult,instance_00009,Played,0
9083,codenames,Qwen3.6-35B-A3B-FP8-without-reasoning,risk_low,instance_00005,Played,0
9084,codenames,Qwen3.6-35B-A3B-FP8-without-reasoning,risk_low,instance_00002,Played,0
9085,codenames,Qwen3.6-35B-A3B-FP8-without-reasoning,risk_low,instance_00003,Played,0
9086,codenames,Qwen3.6-35B-A3B-FP8-without-reasoning,risk_low,instance_00004,Played,0
9087,codenames,Qwen3.6-35B-A3B-FP8-without-reasoning,risk_low,instance_00008,Played,0
9088,codenames,Qwen3.6-35B-A3B-FP8-without-reasoning,risk_low,instance_00001,Played,0
9089,codenames,Qwen3.6-35B-A3B-FP8-without-reasoning,risk_low,instance_00006,Played,0
9090,codenames,Qwen3.6-35B-A3B-FP8-without-reasoning,risk_low,instance_00007,Played,0
9091,codenames,Qwen3.6-35B-A3B-FP8-without-reasoning,risk_low,instance_00000,Played,0
9092,codenames,Qwen3.6-35B-A3B-FP8-without-reasoning,risk_low,instance_00009,Played,0
9093,codenames,Qwen3.6-35B-A3B-FP8-without-reasoning,opponent_none,instance_00005,Played,0
9094,codenames,Qwen3.6-35B-A3B-FP8-without-reasoning,opponent_none,instance_00002,Played,0
9095,codenames,Qwen3.6-35B-A3B-FP8-without-reasoning,opponent_none,instance_00003,Played,0
9096,codenames,Qwen3.6-35B-A3B-FP8-without-reasoning,opponent_none,instance_00004,Played,0
9097,codenames,Qwen3.6-35B-A3B-FP8-without-reasoning,opponent_none,instance_00008,Played,0
9098,codenames,Qwen3.6-35B-A3B-FP8-without-reasoning,opponent_none,instance_00001,Played,0
9099,codenames,Qwen3.6-35B-A3B-FP8-without-reasoning,opponent_none,instance_00006,Played,0
9100,codenames,Qwen3.6-35B-A3B-FP8-without-reasoning,opponent_none,instance_00007,Played,0
9101,codenames,Qwen3.6-35B-A3B-FP8-without-reasoning,opponent_none,instance_00000,Played,0
9102,codenames,Qwen3.6-35B-A3B-FP8-without-reasoning,opponent_none,instance_00009,Played,0
9103,codenames,Qwen3.6-35B-A3B-FP8-without-reasoning,risk_high,instance_00005,Played,0
9104,codenames,Qwen3.6-35B-A3B-FP8-without-reasoning,risk_high,instance_00002,Played,0
9105,codenames,Qwen3.6-35B-A3B-FP8-without-reasoning,risk_high,instance_00003,Played,0
9106,codenames,Qwen3.6-35B-A3B-FP8-without-reasoning,risk_high,instance_00004,Played,0
9107,codenames,Qwen3.6-35B-A3B-FP8-without-reasoning,risk_high,instance_00008,Played,0
9108,codenames,Qwen3.6-35B-A3B-FP8-without-reasoning,risk_high,instance_00001,Played,0
9109,codenames,Qwen3.6-35B-A3B-FP8-without-reasoning,risk_high,instance_00006,Played,0
9110,codenames,Qwen3.6-35B-A3B-FP8-without-reasoning,risk_high,instance_00007,Played,0
9111,codenames,Qwen3.6-35B-A3B-FP8-without-reasoning,risk_high,instance_00000,Played,0
9112,codenames,Qwen3.6-35B-A3B-FP8-without-reasoning,risk_high,instance_00009,Played,0
9113,codenames,Qwen3.6-35B-A3B-FP8-without-reasoning,opponent_easy,instance_00005,Played,0
9114,codenames,Qwen3.6-35B-A3B-FP8-without-reasoning,opponent_easy,instance_00002,Played,0
9115,codenames,Qwen3.6-35B-A3B-FP8-without-reasoning,opponent_easy,instance_00003,Played,0
9116,codenames,Qwen3.6-35B-A3B-FP8-without-reasoning,opponent_easy,instance_00004,Played,0
9117,codenames,Qwen3.6-35B-A3B-FP8-without-reasoning,opponent_easy,instance_00008,Played,0
9118,codenames,Qwen3.6-35B-A3B-FP8-without-reasoning,opponent_easy,instance_00001,Played,0
9119,codenames,Qwen3.6-35B-A3B-FP8-without-reasoning,opponent_easy,instance_00006,Played,0
9120,codenames,Qwen3.6-35B-A3B-FP8-without-reasoning,opponent_easy,instance_00007,Played,0
9121,codenames,Qwen3.6-35B-A3B-FP8-without-reasoning,opponent_easy,instance_00000,Played,0
9122,codenames,Qwen3.6-35B-A3B-FP8-without-reasoning,opponent_easy,instance_00009,Played,0
9123,codenames,Qwen3.6-35B-A3B-FP8-without-reasoning,association_difficult,instance_00005,Played,0
9124,codenames,Qwen3.6-35B-A3B-FP8-without-reasoning,association_difficult,instance_00002,Played,0
9125,codenames,Qwen3.6-35B-A3B-FP8-without-reasoning,association_difficult,instance_00003,Played,0
9126,codenames,Qwen3.6-35B-A3B-FP8-without-reasoning,association_difficult,instance_00004,Played,0
9127,codenames,Qwen3.6-35B-A3B-FP8-without-reasoning,association_difficult,instance_00008,Played,0
9128,codenames,Qwen3.6-35B-A3B-FP8-without-reasoning,association_difficult,instance_00001,Played,0
9129,codenames,Qwen3.6-35B-A3B-FP8-without-reasoning,association_difficult,instance_00006,Played,0
9130,codenames,Qwen3.6-35B-A3B-FP8-without-reasoning,association_difficult,instance_00007,Played,0
9131,codenames,Qwen3.6-35B-A3B-FP8-without-reasoning,association_difficult,instance_00000,Played,0
9132,codenames,Qwen3.6-35B-A3B-FP8-without-reasoning,association_difficult,instance_00009,Played,0
9133,codenames,Qwen3.6-35B-A3B-FP8-without-reasoning,association_easy,instance_00005,Played,0
9134,codenames,Qwen3.6-35B-A3B-FP8-without-reasoning,association_easy,instance_00002,Played,0
9135,codenames,Qwen3.6-35B-A3B-FP8-without-reasoning,association_easy,instance_00003,Played,0
9136,codenames,Qwen3.6-35B-A3B-FP8-without-reasoning,association_easy,instance_00004,Played,0
9137,codenames,Qwen3.6-35B-A3B-FP8-without-reasoning,association_easy,instance_00008,Played,0
9138,codenames,Qwen3.6-35B-A3B-FP8-without-reasoning,association_easy,instance_00001,Played,0
9139,codenames,Qwen3.6-35B-A3B-FP8-without-reasoning,association_easy,instance_00006,Played,0
9140,codenames,Qwen3.6-35B-A3B-FP8-without-reasoning,association_easy,instance_00007,Played,0
9141,codenames,Qwen3.6-35B-A3B-FP8-without-reasoning,association_easy,instance_00000,Played,0
9142,codenames,Qwen3.6-35B-A3B-FP8-without-reasoning,association_easy,instance_00009,Played,0
