,game,model,experiment,episode,metric,value
0,taboo,Qwen3.6-35B-A3B-FP8-without-reasoning,low_sk,instance_00005,Violated Request Count,0.0
1,taboo,Qwen3.6-35B-A3B-FP8-without-reasoning,low_sk,instance_00005,Parsed Request Count,1.0
2,taboo,Qwen3.6-35B-A3B-FP8-without-reasoning,low_sk,instance_00005,Request Count,1.0
3,taboo,Qwen3.6-35B-A3B-FP8-without-reasoning,low_sk,instance_00005,Request Success Ratio,1.0
4,taboo,Qwen3.6-35B-A3B-FP8-without-reasoning,low_sk,instance_00005,Aborted,0.0
5,taboo,Qwen3.6-35B-A3B-FP8-without-reasoning,low_sk,instance_00005,Success,1.0
6,taboo,Qwen3.6-35B-A3B-FP8-without-reasoning,low_sk,instance_00005,Lose,0.0
7,taboo,Qwen3.6-35B-A3B-FP8-without-reasoning,low_sk,instance_00005,Main Score,100.0
8,taboo,Qwen3.6-35B-A3B-FP8-without-reasoning,low_sk,instance_00005,Repetition-Guesser,0.0
9,taboo,Qwen3.6-35B-A3B-FP8-without-reasoning,low_sk,instance_00005,Repetition-Describer,0.0
10,taboo,Qwen3.6-35B-A3B-FP8-without-reasoning,low_sk,instance_00002,Violated Request Count,0.0
11,taboo,Qwen3.6-35B-A3B-FP8-without-reasoning,low_sk,instance_00002,Parsed Request Count,3.0
12,taboo,Qwen3.6-35B-A3B-FP8-without-reasoning,low_sk,instance_00002,Request Count,3.0
13,taboo,Qwen3.6-35B-A3B-FP8-without-reasoning,low_sk,instance_00002,Request Success Ratio,1.0
14,taboo,Qwen3.6-35B-A3B-FP8-without-reasoning,low_sk,instance_00002,Aborted,0.0
15,taboo,Qwen3.6-35B-A3B-FP8-without-reasoning,low_sk,instance_00002,Success,0.0
16,taboo,Qwen3.6-35B-A3B-FP8-without-reasoning,low_sk,instance_00002,Lose,1.0
17,taboo,Qwen3.6-35B-A3B-FP8-without-reasoning,low_sk,instance_00002,Main Score,0.0
18,taboo,Qwen3.6-35B-A3B-FP8-without-reasoning,low_sk,instance_00002,Repetition-Guesser,0.0
19,taboo,Qwen3.6-35B-A3B-FP8-without-reasoning,low_sk,instance_00002,Repetition-Describer,0.0
20,taboo,Qwen3.6-35B-A3B-FP8-without-reasoning,low_sk,instance_00003,Violated Request Count,0.0
21,taboo,Qwen3.6-35B-A3B-FP8-without-reasoning,low_sk,instance_00003,Parsed Request Count,2.0
22,taboo,Qwen3.6-35B-A3B-FP8-without-reasoning,low_sk,instance_00003,Request Count,2.0
23,taboo,Qwen3.6-35B-A3B-FP8-without-reasoning,low_sk,instance_00003,Request Success Ratio,1.0
24,taboo,Qwen3.6-35B-A3B-FP8-without-reasoning,low_sk,instance_00003,Aborted,0.0
25,taboo,Qwen3.6-35B-A3B-FP8-without-reasoning,low_sk,instance_00003,Success,1.0
26,taboo,Qwen3.6-35B-A3B-FP8-without-reasoning,low_sk,instance_00003,Lose,0.0
27,taboo,Qwen3.6-35B-A3B-FP8-without-reasoning,low_sk,instance_00003,Main Score,50.0
28,taboo,Qwen3.6-35B-A3B-FP8-without-reasoning,low_sk,instance_00003,Repetition-Guesser,0.0
29,taboo,Qwen3.6-35B-A3B-FP8-without-reasoning,low_sk,instance_00003,Repetition-Describer,0.0
30,taboo,Qwen3.6-35B-A3B-FP8-without-reasoning,low_sk,instance_00004,Violated Request Count,0.0
31,taboo,Qwen3.6-35B-A3B-FP8-without-reasoning,low_sk,instance_00004,Parsed Request Count,1.0
32,taboo,Qwen3.6-35B-A3B-FP8-without-reasoning,low_sk,instance_00004,Request Count,1.0
33,taboo,Qwen3.6-35B-A3B-FP8-without-reasoning,low_sk,instance_00004,Request Success Ratio,1.0
34,taboo,Qwen3.6-35B-A3B-FP8-without-reasoning,low_sk,instance_00004,Aborted,0.0
35,taboo,Qwen3.6-35B-A3B-FP8-without-reasoning,low_sk,instance_00004,Success,1.0
36,taboo,Qwen3.6-35B-A3B-FP8-without-reasoning,low_sk,instance_00004,Lose,0.0
37,taboo,Qwen3.6-35B-A3B-FP8-without-reasoning,low_sk,instance_00004,Main Score,100.0
38,taboo,Qwen3.6-35B-A3B-FP8-without-reasoning,low_sk,instance_00004,Repetition-Guesser,0.0
39,taboo,Qwen3.6-35B-A3B-FP8-without-reasoning,low_sk,instance_00004,Repetition-Describer,0.0
40,taboo,Qwen3.6-35B-A3B-FP8-without-reasoning,low_sk,instance_00017,Violated Request Count,0.0
41,taboo,Qwen3.6-35B-A3B-FP8-without-reasoning,low_sk,instance_00017,Parsed Request Count,1.0
42,taboo,Qwen3.6-35B-A3B-FP8-without-reasoning,low_sk,instance_00017,Request Count,1.0
43,taboo,Qwen3.6-35B-A3B-FP8-without-reasoning,low_sk,instance_00017,Request Success Ratio,1.0
44,taboo,Qwen3.6-35B-A3B-FP8-without-reasoning,low_sk,instance_00017,Aborted,0.0
45,taboo,Qwen3.6-35B-A3B-FP8-without-reasoning,low_sk,instance_00017,Success,1.0
46,taboo,Qwen3.6-35B-A3B-FP8-without-reasoning,low_sk,instance_00017,Lose,0.0
47,taboo,Qwen3.6-35B-A3B-FP8-without-reasoning,low_sk,instance_00017,Main Score,100.0
48,taboo,Qwen3.6-35B-A3B-FP8-without-reasoning,low_sk,instance_00017,Repetition-Guesser,0.0
49,taboo,Qwen3.6-35B-A3B-FP8-without-reasoning,low_sk,instance_00017,Repetition-Describer,0.0
50,taboo,Qwen3.6-35B-A3B-FP8-without-reasoning,low_sk,instance_00010,Violated Request Count,0.0
51,taboo,Qwen3.6-35B-A3B-FP8-without-reasoning,low_sk,instance_00010,Parsed Request Count,3.0
52,taboo,Qwen3.6-35B-A3B-FP8-without-reasoning,low_sk,instance_00010,Request Count,3.0
53,taboo,Qwen3.6-35B-A3B-FP8-without-reasoning,low_sk,instance_00010,Request Success Ratio,1.0
54,taboo,Qwen3.6-35B-A3B-FP8-without-reasoning,low_sk,instance_00010,Aborted,0.0
55,taboo,Qwen3.6-35B-A3B-FP8-without-reasoning,low_sk,instance_00010,Success,0.0
56,taboo,Qwen3.6-35B-A3B-FP8-without-reasoning,low_sk,instance_00010,Lose,1.0
57,taboo,Qwen3.6-35B-A3B-FP8-without-reasoning,low_sk,instance_00010,Main Score,0.0
58,taboo,Qwen3.6-35B-A3B-FP8-without-reasoning,low_sk,instance_00010,Repetition-Guesser,0.0
59,taboo,Qwen3.6-35B-A3B-FP8-without-reasoning,low_sk,instance_00010,Repetition-Describer,0.0
60,taboo,Qwen3.6-35B-A3B-FP8-without-reasoning,low_sk,instance_00019,Violated Request Count,0.0
61,taboo,Qwen3.6-35B-A3B-FP8-without-reasoning,low_sk,instance_00019,Parsed Request Count,2.0
62,taboo,Qwen3.6-35B-A3B-FP8-without-reasoning,low_sk,instance_00019,Request Count,2.0
63,taboo,Qwen3.6-35B-A3B-FP8-without-reasoning,low_sk,instance_00019,Request Success Ratio,1.0
64,taboo,Qwen3.6-35B-A3B-FP8-without-reasoning,low_sk,instance_00019,Aborted,0.0
65,taboo,Qwen3.6-35B-A3B-FP8-without-reasoning,low_sk,instance_00019,Success,0.0
66,taboo,Qwen3.6-35B-A3B-FP8-without-reasoning,low_sk,instance_00019,Lose,1.0
67,taboo,Qwen3.6-35B-A3B-FP8-without-reasoning,low_sk,instance_00019,Main Score,0.0
68,taboo,Qwen3.6-35B-A3B-FP8-without-reasoning,low_sk,instance_00019,Repetition-Guesser,0.0
69,taboo,Qwen3.6-35B-A3B-FP8-without-reasoning,low_sk,instance_00019,Repetition-Describer,0.0
70,taboo,Qwen3.6-35B-A3B-FP8-without-reasoning,low_sk,instance_00018,Violated Request Count,0.0
71,taboo,Qwen3.6-35B-A3B-FP8-without-reasoning,low_sk,instance_00018,Parsed Request Count,3.0
72,taboo,Qwen3.6-35B-A3B-FP8-without-reasoning,low_sk,instance_00018,Request Count,3.0
73,taboo,Qwen3.6-35B-A3B-FP8-without-reasoning,low_sk,instance_00018,Request Success Ratio,1.0
74,taboo,Qwen3.6-35B-A3B-FP8-without-reasoning,low_sk,instance_00018,Aborted,0.0
75,taboo,Qwen3.6-35B-A3B-FP8-without-reasoning,low_sk,instance_00018,Success,0.0
76,taboo,Qwen3.6-35B-A3B-FP8-without-reasoning,low_sk,instance_00018,Lose,1.0
77,taboo,Qwen3.6-35B-A3B-FP8-without-reasoning,low_sk,instance_00018,Main Score,0.0
78,taboo,Qwen3.6-35B-A3B-FP8-without-reasoning,low_sk,instance_00018,Repetition-Guesser,0.0
79,taboo,Qwen3.6-35B-A3B-FP8-without-reasoning,low_sk,instance_00018,Repetition-Describer,0.0
80,taboo,Qwen3.6-35B-A3B-FP8-without-reasoning,low_sk,instance_00011,Violated Request Count,0.0
81,taboo,Qwen3.6-35B-A3B-FP8-without-reasoning,low_sk,instance_00011,Parsed Request Count,2.0
82,taboo,Qwen3.6-35B-A3B-FP8-without-reasoning,low_sk,instance_00011,Request Count,2.0
83,taboo,Qwen3.6-35B-A3B-FP8-without-reasoning,low_sk,instance_00011,Request Success Ratio,1.0
84,taboo,Qwen3.6-35B-A3B-FP8-without-reasoning,low_sk,instance_00011,Aborted,0.0
85,taboo,Qwen3.6-35B-A3B-FP8-without-reasoning,low_sk,instance_00011,Success,1.0
86,taboo,Qwen3.6-35B-A3B-FP8-without-reasoning,low_sk,instance_00011,Lose,0.0
87,taboo,Qwen3.6-35B-A3B-FP8-without-reasoning,low_sk,instance_00011,Main Score,50.0
88,taboo,Qwen3.6-35B-A3B-FP8-without-reasoning,low_sk,instance_00011,Repetition-Guesser,0.0
89,taboo,Qwen3.6-35B-A3B-FP8-without-reasoning,low_sk,instance_00011,Repetition-Describer,0.0
90,taboo,Qwen3.6-35B-A3B-FP8-without-reasoning,low_sk,instance_00016,Violated Request Count,1.0
91,taboo,Qwen3.6-35B-A3B-FP8-without-reasoning,low_sk,instance_00016,Parsed Request Count,1.0
92,taboo,Qwen3.6-35B-A3B-FP8-without-reasoning,low_sk,instance_00016,Request Count,2.0
93,taboo,Qwen3.6-35B-A3B-FP8-without-reasoning,low_sk,instance_00016,Request Success Ratio,0.5
94,taboo,Qwen3.6-35B-A3B-FP8-without-reasoning,low_sk,instance_00016,Aborted,1.0
95,taboo,Qwen3.6-35B-A3B-FP8-without-reasoning,low_sk,instance_00016,Success,0.0
96,taboo,Qwen3.6-35B-A3B-FP8-without-reasoning,low_sk,instance_00016,Lose,0.0
97,taboo,Qwen3.6-35B-A3B-FP8-without-reasoning,low_sk,instance_00016,Main Score,
98,taboo,Qwen3.6-35B-A3B-FP8-without-reasoning,low_sk,instance_00016,Repetition-Guesser,0.0
99,taboo,Qwen3.6-35B-A3B-FP8-without-reasoning,low_sk,instance_00016,Repetition-Describer,0.0
100,taboo,Qwen3.6-35B-A3B-FP8-without-reasoning,low_sk,instance_00008,Violated Request Count,0.0
101,taboo,Qwen3.6-35B-A3B-FP8-without-reasoning,low_sk,instance_00008,Parsed Request Count,3.0
102,taboo,Qwen3.6-35B-A3B-FP8-without-reasoning,low_sk,instance_00008,Request Count,3.0
103,taboo,Qwen3.6-35B-A3B-FP8-without-reasoning,low_sk,instance_00008,Request Success Ratio,1.0
104,taboo,Qwen3.6-35B-A3B-FP8-without-reasoning,low_sk,instance_00008,Aborted,0.0
105,taboo,Qwen3.6-35B-A3B-FP8-without-reasoning,low_sk,instance_00008,Success,0.0
106,taboo,Qwen3.6-35B-A3B-FP8-without-reasoning,low_sk,instance_00008,Lose,1.0
107,taboo,Qwen3.6-35B-A3B-FP8-without-reasoning,low_sk,instance_00008,Main Score,0.0
108,taboo,Qwen3.6-35B-A3B-FP8-without-reasoning,low_sk,instance_00008,Repetition-Guesser,0.0
109,taboo,Qwen3.6-35B-A3B-FP8-without-reasoning,low_sk,instance_00008,Repetition-Describer,0.0
110,taboo,Qwen3.6-35B-A3B-FP8-without-reasoning,low_sk,instance_00001,Violated Request Count,0.0
111,taboo,Qwen3.6-35B-A3B-FP8-without-reasoning,low_sk,instance_00001,Parsed Request Count,1.0
112,taboo,Qwen3.6-35B-A3B-FP8-without-reasoning,low_sk,instance_00001,Request Count,1.0
113,taboo,Qwen3.6-35B-A3B-FP8-without-reasoning,low_sk,instance_00001,Request Success Ratio,1.0
114,taboo,Qwen3.6-35B-A3B-FP8-without-reasoning,low_sk,instance_00001,Aborted,0.0
115,taboo,Qwen3.6-35B-A3B-FP8-without-reasoning,low_sk,instance_00001,Success,1.0
116,taboo,Qwen3.6-35B-A3B-FP8-without-reasoning,low_sk,instance_00001,Lose,0.0
117,taboo,Qwen3.6-35B-A3B-FP8-without-reasoning,low_sk,instance_00001,Main Score,100.0
118,taboo,Qwen3.6-35B-A3B-FP8-without-reasoning,low_sk,instance_00001,Repetition-Guesser,0.0
119,taboo,Qwen3.6-35B-A3B-FP8-without-reasoning,low_sk,instance_00001,Repetition-Describer,0.0
120,taboo,Qwen3.6-35B-A3B-FP8-without-reasoning,low_sk,instance_00006,Violated Request Count,0.0
121,taboo,Qwen3.6-35B-A3B-FP8-without-reasoning,low_sk,instance_00006,Parsed Request Count,3.0
122,taboo,Qwen3.6-35B-A3B-FP8-without-reasoning,low_sk,instance_00006,Request Count,3.0
123,taboo,Qwen3.6-35B-A3B-FP8-without-reasoning,low_sk,instance_00006,Request Success Ratio,1.0
124,taboo,Qwen3.6-35B-A3B-FP8-without-reasoning,low_sk,instance_00006,Aborted,0.0
125,taboo,Qwen3.6-35B-A3B-FP8-without-reasoning,low_sk,instance_00006,Success,0.0
126,taboo,Qwen3.6-35B-A3B-FP8-without-reasoning,low_sk,instance_00006,Lose,1.0
127,taboo,Qwen3.6-35B-A3B-FP8-without-reasoning,low_sk,instance_00006,Main Score,0.0
128,taboo,Qwen3.6-35B-A3B-FP8-without-reasoning,low_sk,instance_00006,Repetition-Guesser,0.0
129,taboo,Qwen3.6-35B-A3B-FP8-without-reasoning,low_sk,instance_00006,Repetition-Describer,0.0
130,taboo,Qwen3.6-35B-A3B-FP8-without-reasoning,low_sk,instance_00007,Violated Request Count,0.0
131,taboo,Qwen3.6-35B-A3B-FP8-without-reasoning,low_sk,instance_00007,Parsed Request Count,2.0
132,taboo,Qwen3.6-35B-A3B-FP8-without-reasoning,low_sk,instance_00007,Request Count,2.0
133,taboo,Qwen3.6-35B-A3B-FP8-without-reasoning,low_sk,instance_00007,Request Success Ratio,1.0
134,taboo,Qwen3.6-35B-A3B-FP8-without-reasoning,low_sk,instance_00007,Aborted,0.0
135,taboo,Qwen3.6-35B-A3B-FP8-without-reasoning,low_sk,instance_00007,Success,1.0
136,taboo,Qwen3.6-35B-A3B-FP8-without-reasoning,low_sk,instance_00007,Lose,0.0
137,taboo,Qwen3.6-35B-A3B-FP8-without-reasoning,low_sk,instance_00007,Main Score,50.0
138,taboo,Qwen3.6-35B-A3B-FP8-without-reasoning,low_sk,instance_00007,Repetition-Guesser,0.0
139,taboo,Qwen3.6-35B-A3B-FP8-without-reasoning,low_sk,instance_00007,Repetition-Describer,0.0
140,taboo,Qwen3.6-35B-A3B-FP8-without-reasoning,low_sk,instance_00000,Violated Request Count,0.0
141,taboo,Qwen3.6-35B-A3B-FP8-without-reasoning,low_sk,instance_00000,Parsed Request Count,1.0
142,taboo,Qwen3.6-35B-A3B-FP8-without-reasoning,low_sk,instance_00000,Request Count,1.0
143,taboo,Qwen3.6-35B-A3B-FP8-without-reasoning,low_sk,instance_00000,Request Success Ratio,1.0
144,taboo,Qwen3.6-35B-A3B-FP8-without-reasoning,low_sk,instance_00000,Aborted,0.0
145,taboo,Qwen3.6-35B-A3B-FP8-without-reasoning,low_sk,instance_00000,Success,1.0
146,taboo,Qwen3.6-35B-A3B-FP8-without-reasoning,low_sk,instance_00000,Lose,0.0
147,taboo,Qwen3.6-35B-A3B-FP8-without-reasoning,low_sk,instance_00000,Main Score,100.0
148,taboo,Qwen3.6-35B-A3B-FP8-without-reasoning,low_sk,instance_00000,Repetition-Guesser,0.0
149,taboo,Qwen3.6-35B-A3B-FP8-without-reasoning,low_sk,instance_00000,Repetition-Describer,0.0
150,taboo,Qwen3.6-35B-A3B-FP8-without-reasoning,low_sk,instance_00009,Violated Request Count,0.0
151,taboo,Qwen3.6-35B-A3B-FP8-without-reasoning,low_sk,instance_00009,Parsed Request Count,3.0
152,taboo,Qwen3.6-35B-A3B-FP8-without-reasoning,low_sk,instance_00009,Request Count,3.0
153,taboo,Qwen3.6-35B-A3B-FP8-without-reasoning,low_sk,instance_00009,Request Success Ratio,1.0
154,taboo,Qwen3.6-35B-A3B-FP8-without-reasoning,low_sk,instance_00009,Aborted,0.0
155,taboo,Qwen3.6-35B-A3B-FP8-without-reasoning,low_sk,instance_00009,Success,0.0
156,taboo,Qwen3.6-35B-A3B-FP8-without-reasoning,low_sk,instance_00009,Lose,1.0
157,taboo,Qwen3.6-35B-A3B-FP8-without-reasoning,low_sk,instance_00009,Main Score,0.0
158,taboo,Qwen3.6-35B-A3B-FP8-without-reasoning,low_sk,instance_00009,Repetition-Guesser,0.0
159,taboo,Qwen3.6-35B-A3B-FP8-without-reasoning,low_sk,instance_00009,Repetition-Describer,0.0
160,taboo,Qwen3.6-35B-A3B-FP8-without-reasoning,low_sk,instance_00013,Violated Request Count,1.0
161,taboo,Qwen3.6-35B-A3B-FP8-without-reasoning,low_sk,instance_00013,Parsed Request Count,1.0
162,taboo,Qwen3.6-35B-A3B-FP8-without-reasoning,low_sk,instance_00013,Request Count,2.0
163,taboo,Qwen3.6-35B-A3B-FP8-without-reasoning,low_sk,instance_00013,Request Success Ratio,0.5
164,taboo,Qwen3.6-35B-A3B-FP8-without-reasoning,low_sk,instance_00013,Aborted,1.0
165,taboo,Qwen3.6-35B-A3B-FP8-without-reasoning,low_sk,instance_00013,Success,0.0
166,taboo,Qwen3.6-35B-A3B-FP8-without-reasoning,low_sk,instance_00013,Lose,0.0
167,taboo,Qwen3.6-35B-A3B-FP8-without-reasoning,low_sk,instance_00013,Main Score,
168,taboo,Qwen3.6-35B-A3B-FP8-without-reasoning,low_sk,instance_00013,Repetition-Guesser,0.0
169,taboo,Qwen3.6-35B-A3B-FP8-without-reasoning,low_sk,instance_00013,Repetition-Describer,0.0
170,taboo,Qwen3.6-35B-A3B-FP8-without-reasoning,low_sk,instance_00014,Violated Request Count,0.0
171,taboo,Qwen3.6-35B-A3B-FP8-without-reasoning,low_sk,instance_00014,Parsed Request Count,1.0
172,taboo,Qwen3.6-35B-A3B-FP8-without-reasoning,low_sk,instance_00014,Request Count,1.0
173,taboo,Qwen3.6-35B-A3B-FP8-without-reasoning,low_sk,instance_00014,Request Success Ratio,1.0
174,taboo,Qwen3.6-35B-A3B-FP8-without-reasoning,low_sk,instance_00014,Aborted,0.0
175,taboo,Qwen3.6-35B-A3B-FP8-without-reasoning,low_sk,instance_00014,Success,1.0
176,taboo,Qwen3.6-35B-A3B-FP8-without-reasoning,low_sk,instance_00014,Lose,0.0
177,taboo,Qwen3.6-35B-A3B-FP8-without-reasoning,low_sk,instance_00014,Main Score,100.0
178,taboo,Qwen3.6-35B-A3B-FP8-without-reasoning,low_sk,instance_00014,Repetition-Guesser,0.0
179,taboo,Qwen3.6-35B-A3B-FP8-without-reasoning,low_sk,instance_00014,Repetition-Describer,0.0
180,taboo,Qwen3.6-35B-A3B-FP8-without-reasoning,low_sk,instance_00015,Violated Request Count,0.0
181,taboo,Qwen3.6-35B-A3B-FP8-without-reasoning,low_sk,instance_00015,Parsed Request Count,1.0
182,taboo,Qwen3.6-35B-A3B-FP8-without-reasoning,low_sk,instance_00015,Request Count,1.0
183,taboo,Qwen3.6-35B-A3B-FP8-without-reasoning,low_sk,instance_00015,Request Success Ratio,1.0
184,taboo,Qwen3.6-35B-A3B-FP8-without-reasoning,low_sk,instance_00015,Aborted,0.0
185,taboo,Qwen3.6-35B-A3B-FP8-without-reasoning,low_sk,instance_00015,Success,0.0
186,taboo,Qwen3.6-35B-A3B-FP8-without-reasoning,low_sk,instance_00015,Lose,1.0
187,taboo,Qwen3.6-35B-A3B-FP8-without-reasoning,low_sk,instance_00015,Main Score,0.0
188,taboo,Qwen3.6-35B-A3B-FP8-without-reasoning,low_sk,instance_00015,Repetition-Guesser,0.0
189,taboo,Qwen3.6-35B-A3B-FP8-without-reasoning,low_sk,instance_00015,Repetition-Describer,0.0
190,taboo,Qwen3.6-35B-A3B-FP8-without-reasoning,low_sk,instance_00012,Violated Request Count,0.0
191,taboo,Qwen3.6-35B-A3B-FP8-without-reasoning,low_sk,instance_00012,Parsed Request Count,3.0
192,taboo,Qwen3.6-35B-A3B-FP8-without-reasoning,low_sk,instance_00012,Request Count,3.0
193,taboo,Qwen3.6-35B-A3B-FP8-without-reasoning,low_sk,instance_00012,Request Success Ratio,1.0
194,taboo,Qwen3.6-35B-A3B-FP8-without-reasoning,low_sk,instance_00012,Aborted,0.0
195,taboo,Qwen3.6-35B-A3B-FP8-without-reasoning,low_sk,instance_00012,Success,0.0
196,taboo,Qwen3.6-35B-A3B-FP8-without-reasoning,low_sk,instance_00012,Lose,1.0
197,taboo,Qwen3.6-35B-A3B-FP8-without-reasoning,low_sk,instance_00012,Main Score,0.0
198,taboo,Qwen3.6-35B-A3B-FP8-without-reasoning,low_sk,instance_00012,Repetition-Guesser,0.0
199,taboo,Qwen3.6-35B-A3B-FP8-without-reasoning,low_sk,instance_00012,Repetition-Describer,0.0
200,taboo,Qwen3.6-35B-A3B-FP8-without-reasoning,high_sk,instance_00005,Violated Request Count,0.0
201,taboo,Qwen3.6-35B-A3B-FP8-without-reasoning,high_sk,instance_00005,Parsed Request Count,1.0
202,taboo,Qwen3.6-35B-A3B-FP8-without-reasoning,high_sk,instance_00005,Request Count,1.0
203,taboo,Qwen3.6-35B-A3B-FP8-without-reasoning,high_sk,instance_00005,Request Success Ratio,1.0
204,taboo,Qwen3.6-35B-A3B-FP8-without-reasoning,high_sk,instance_00005,Aborted,0.0
205,taboo,Qwen3.6-35B-A3B-FP8-without-reasoning,high_sk,instance_00005,Success,1.0
206,taboo,Qwen3.6-35B-A3B-FP8-without-reasoning,high_sk,instance_00005,Lose,0.0
207,taboo,Qwen3.6-35B-A3B-FP8-without-reasoning,high_sk,instance_00005,Main Score,100.0
208,taboo,Qwen3.6-35B-A3B-FP8-without-reasoning,high_sk,instance_00005,Repetition-Guesser,0.0
209,taboo,Qwen3.6-35B-A3B-FP8-without-reasoning,high_sk,instance_00005,Repetition-Describer,0.0
210,taboo,Qwen3.6-35B-A3B-FP8-without-reasoning,high_sk,instance_00002,Violated Request Count,0.0
211,taboo,Qwen3.6-35B-A3B-FP8-without-reasoning,high_sk,instance_00002,Parsed Request Count,1.0
212,taboo,Qwen3.6-35B-A3B-FP8-without-reasoning,high_sk,instance_00002,Request Count,1.0
213,taboo,Qwen3.6-35B-A3B-FP8-without-reasoning,high_sk,instance_00002,Request Success Ratio,1.0
214,taboo,Qwen3.6-35B-A3B-FP8-without-reasoning,high_sk,instance_00002,Aborted,0.0
215,taboo,Qwen3.6-35B-A3B-FP8-without-reasoning,high_sk,instance_00002,Success,1.0
216,taboo,Qwen3.6-35B-A3B-FP8-without-reasoning,high_sk,instance_00002,Lose,0.0
217,taboo,Qwen3.6-35B-A3B-FP8-without-reasoning,high_sk,instance_00002,Main Score,100.0
218,taboo,Qwen3.6-35B-A3B-FP8-without-reasoning,high_sk,instance_00002,Repetition-Guesser,0.0
219,taboo,Qwen3.6-35B-A3B-FP8-without-reasoning,high_sk,instance_00002,Repetition-Describer,0.0
220,taboo,Qwen3.6-35B-A3B-FP8-without-reasoning,high_sk,instance_00003,Violated Request Count,0.0
221,taboo,Qwen3.6-35B-A3B-FP8-without-reasoning,high_sk,instance_00003,Parsed Request Count,1.0
222,taboo,Qwen3.6-35B-A3B-FP8-without-reasoning,high_sk,instance_00003,Request Count,1.0
223,taboo,Qwen3.6-35B-A3B-FP8-without-reasoning,high_sk,instance_00003,Request Success Ratio,1.0
224,taboo,Qwen3.6-35B-A3B-FP8-without-reasoning,high_sk,instance_00003,Aborted,0.0
225,taboo,Qwen3.6-35B-A3B-FP8-without-reasoning,high_sk,instance_00003,Success,1.0
226,taboo,Qwen3.6-35B-A3B-FP8-without-reasoning,high_sk,instance_00003,Lose,0.0
227,taboo,Qwen3.6-35B-A3B-FP8-without-reasoning,high_sk,instance_00003,Main Score,100.0
228,taboo,Qwen3.6-35B-A3B-FP8-without-reasoning,high_sk,instance_00003,Repetition-Guesser,0.0
229,taboo,Qwen3.6-35B-A3B-FP8-without-reasoning,high_sk,instance_00003,Repetition-Describer,0.0
230,taboo,Qwen3.6-35B-A3B-FP8-without-reasoning,high_sk,instance_00004,Violated Request Count,0.0
231,taboo,Qwen3.6-35B-A3B-FP8-without-reasoning,high_sk,instance_00004,Parsed Request Count,1.0
232,taboo,Qwen3.6-35B-A3B-FP8-without-reasoning,high_sk,instance_00004,Request Count,1.0
233,taboo,Qwen3.6-35B-A3B-FP8-without-reasoning,high_sk,instance_00004,Request Success Ratio,1.0
234,taboo,Qwen3.6-35B-A3B-FP8-without-reasoning,high_sk,instance_00004,Aborted,0.0
235,taboo,Qwen3.6-35B-A3B-FP8-without-reasoning,high_sk,instance_00004,Success,1.0
236,taboo,Qwen3.6-35B-A3B-FP8-without-reasoning,high_sk,instance_00004,Lose,0.0
237,taboo,Qwen3.6-35B-A3B-FP8-without-reasoning,high_sk,instance_00004,Main Score,100.0
238,taboo,Qwen3.6-35B-A3B-FP8-without-reasoning,high_sk,instance_00004,Repetition-Guesser,0.0
239,taboo,Qwen3.6-35B-A3B-FP8-without-reasoning,high_sk,instance_00004,Repetition-Describer,0.0
240,taboo,Qwen3.6-35B-A3B-FP8-without-reasoning,high_sk,instance_00017,Violated Request Count,0.0
241,taboo,Qwen3.6-35B-A3B-FP8-without-reasoning,high_sk,instance_00017,Parsed Request Count,2.0
242,taboo,Qwen3.6-35B-A3B-FP8-without-reasoning,high_sk,instance_00017,Request Count,2.0
243,taboo,Qwen3.6-35B-A3B-FP8-without-reasoning,high_sk,instance_00017,Request Success Ratio,1.0
244,taboo,Qwen3.6-35B-A3B-FP8-without-reasoning,high_sk,instance_00017,Aborted,0.0
245,taboo,Qwen3.6-35B-A3B-FP8-without-reasoning,high_sk,instance_00017,Success,0.0
246,taboo,Qwen3.6-35B-A3B-FP8-without-reasoning,high_sk,instance_00017,Lose,1.0
247,taboo,Qwen3.6-35B-A3B-FP8-without-reasoning,high_sk,instance_00017,Main Score,0.0
248,taboo,Qwen3.6-35B-A3B-FP8-without-reasoning,high_sk,instance_00017,Repetition-Guesser,0.0
249,taboo,Qwen3.6-35B-A3B-FP8-without-reasoning,high_sk,instance_00017,Repetition-Describer,0.0
250,taboo,Qwen3.6-35B-A3B-FP8-without-reasoning,high_sk,instance_00010,Violated Request Count,0.0
251,taboo,Qwen3.6-35B-A3B-FP8-without-reasoning,high_sk,instance_00010,Parsed Request Count,1.0
252,taboo,Qwen3.6-35B-A3B-FP8-without-reasoning,high_sk,instance_00010,Request Count,1.0
253,taboo,Qwen3.6-35B-A3B-FP8-without-reasoning,high_sk,instance_00010,Request Success Ratio,1.0
254,taboo,Qwen3.6-35B-A3B-FP8-without-reasoning,high_sk,instance_00010,Aborted,0.0
255,taboo,Qwen3.6-35B-A3B-FP8-without-reasoning,high_sk,instance_00010,Success,1.0
256,taboo,Qwen3.6-35B-A3B-FP8-without-reasoning,high_sk,instance_00010,Lose,0.0
257,taboo,Qwen3.6-35B-A3B-FP8-without-reasoning,high_sk,instance_00010,Main Score,100.0
258,taboo,Qwen3.6-35B-A3B-FP8-without-reasoning,high_sk,instance_00010,Repetition-Guesser,0.0
259,taboo,Qwen3.6-35B-A3B-FP8-without-reasoning,high_sk,instance_00010,Repetition-Describer,0.0
260,taboo,Qwen3.6-35B-A3B-FP8-without-reasoning,high_sk,instance_00019,Violated Request Count,0.0
261,taboo,Qwen3.6-35B-A3B-FP8-without-reasoning,high_sk,instance_00019,Parsed Request Count,1.0
262,taboo,Qwen3.6-35B-A3B-FP8-without-reasoning,high_sk,instance_00019,Request Count,1.0
263,taboo,Qwen3.6-35B-A3B-FP8-without-reasoning,high_sk,instance_00019,Request Success Ratio,1.0
264,taboo,Qwen3.6-35B-A3B-FP8-without-reasoning,high_sk,instance_00019,Aborted,0.0
265,taboo,Qwen3.6-35B-A3B-FP8-without-reasoning,high_sk,instance_00019,Success,1.0
266,taboo,Qwen3.6-35B-A3B-FP8-without-reasoning,high_sk,instance_00019,Lose,0.0
267,taboo,Qwen3.6-35B-A3B-FP8-without-reasoning,high_sk,instance_00019,Main Score,100.0
268,taboo,Qwen3.6-35B-A3B-FP8-without-reasoning,high_sk,instance_00019,Repetition-Guesser,0.0
269,taboo,Qwen3.6-35B-A3B-FP8-without-reasoning,high_sk,instance_00019,Repetition-Describer,0.0
270,taboo,Qwen3.6-35B-A3B-FP8-without-reasoning,high_sk,instance_00018,Violated Request Count,0.0
271,taboo,Qwen3.6-35B-A3B-FP8-without-reasoning,high_sk,instance_00018,Parsed Request Count,1.0
272,taboo,Qwen3.6-35B-A3B-FP8-without-reasoning,high_sk,instance_00018,Request Count,1.0
273,taboo,Qwen3.6-35B-A3B-FP8-without-reasoning,high_sk,instance_00018,Request Success Ratio,1.0
274,taboo,Qwen3.6-35B-A3B-FP8-without-reasoning,high_sk,instance_00018,Aborted,0.0
275,taboo,Qwen3.6-35B-A3B-FP8-without-reasoning,high_sk,instance_00018,Success,1.0
276,taboo,Qwen3.6-35B-A3B-FP8-without-reasoning,high_sk,instance_00018,Lose,0.0
277,taboo,Qwen3.6-35B-A3B-FP8-without-reasoning,high_sk,instance_00018,Main Score,100.0
278,taboo,Qwen3.6-35B-A3B-FP8-without-reasoning,high_sk,instance_00018,Repetition-Guesser,0.0
279,taboo,Qwen3.6-35B-A3B-FP8-without-reasoning,high_sk,instance_00018,Repetition-Describer,0.0
280,taboo,Qwen3.6-35B-A3B-FP8-without-reasoning,high_sk,instance_00011,Violated Request Count,0.0
281,taboo,Qwen3.6-35B-A3B-FP8-without-reasoning,high_sk,instance_00011,Parsed Request Count,1.0
282,taboo,Qwen3.6-35B-A3B-FP8-without-reasoning,high_sk,instance_00011,Request Count,1.0
283,taboo,Qwen3.6-35B-A3B-FP8-without-reasoning,high_sk,instance_00011,Request Success Ratio,1.0
284,taboo,Qwen3.6-35B-A3B-FP8-without-reasoning,high_sk,instance_00011,Aborted,0.0
285,taboo,Qwen3.6-35B-A3B-FP8-without-reasoning,high_sk,instance_00011,Success,1.0
286,taboo,Qwen3.6-35B-A3B-FP8-without-reasoning,high_sk,instance_00011,Lose,0.0
287,taboo,Qwen3.6-35B-A3B-FP8-without-reasoning,high_sk,instance_00011,Main Score,100.0
288,taboo,Qwen3.6-35B-A3B-FP8-without-reasoning,high_sk,instance_00011,Repetition-Guesser,0.0
289,taboo,Qwen3.6-35B-A3B-FP8-without-reasoning,high_sk,instance_00011,Repetition-Describer,0.0
290,taboo,Qwen3.6-35B-A3B-FP8-without-reasoning,high_sk,instance_00016,Violated Request Count,0.0
291,taboo,Qwen3.6-35B-A3B-FP8-without-reasoning,high_sk,instance_00016,Parsed Request Count,1.0
292,taboo,Qwen3.6-35B-A3B-FP8-without-reasoning,high_sk,instance_00016,Request Count,1.0
293,taboo,Qwen3.6-35B-A3B-FP8-without-reasoning,high_sk,instance_00016,Request Success Ratio,1.0
294,taboo,Qwen3.6-35B-A3B-FP8-without-reasoning,high_sk,instance_00016,Aborted,0.0
295,taboo,Qwen3.6-35B-A3B-FP8-without-reasoning,high_sk,instance_00016,Success,1.0
296,taboo,Qwen3.6-35B-A3B-FP8-without-reasoning,high_sk,instance_00016,Lose,0.0
297,taboo,Qwen3.6-35B-A3B-FP8-without-reasoning,high_sk,instance_00016,Main Score,100.0
298,taboo,Qwen3.6-35B-A3B-FP8-without-reasoning,high_sk,instance_00016,Repetition-Guesser,0.0
299,taboo,Qwen3.6-35B-A3B-FP8-without-reasoning,high_sk,instance_00016,Repetition-Describer,0.0
300,taboo,Qwen3.6-35B-A3B-FP8-without-reasoning,high_sk,instance_00008,Violated Request Count,0.0
301,taboo,Qwen3.6-35B-A3B-FP8-without-reasoning,high_sk,instance_00008,Parsed Request Count,1.0
302,taboo,Qwen3.6-35B-A3B-FP8-without-reasoning,high_sk,instance_00008,Request Count,1.0
303,taboo,Qwen3.6-35B-A3B-FP8-without-reasoning,high_sk,instance_00008,Request Success Ratio,1.0
304,taboo,Qwen3.6-35B-A3B-FP8-without-reasoning,high_sk,instance_00008,Aborted,0.0
305,taboo,Qwen3.6-35B-A3B-FP8-without-reasoning,high_sk,instance_00008,Success,1.0
306,taboo,Qwen3.6-35B-A3B-FP8-without-reasoning,high_sk,instance_00008,Lose,0.0
307,taboo,Qwen3.6-35B-A3B-FP8-without-reasoning,high_sk,instance_00008,Main Score,100.0
308,taboo,Qwen3.6-35B-A3B-FP8-without-reasoning,high_sk,instance_00008,Repetition-Guesser,0.0
309,taboo,Qwen3.6-35B-A3B-FP8-without-reasoning,high_sk,instance_00008,Repetition-Describer,0.0
310,taboo,Qwen3.6-35B-A3B-FP8-without-reasoning,high_sk,instance_00001,Violated Request Count,0.0
311,taboo,Qwen3.6-35B-A3B-FP8-without-reasoning,high_sk,instance_00001,Parsed Request Count,1.0
312,taboo,Qwen3.6-35B-A3B-FP8-without-reasoning,high_sk,instance_00001,Request Count,1.0
313,taboo,Qwen3.6-35B-A3B-FP8-without-reasoning,high_sk,instance_00001,Request Success Ratio,1.0
314,taboo,Qwen3.6-35B-A3B-FP8-without-reasoning,high_sk,instance_00001,Aborted,0.0
315,taboo,Qwen3.6-35B-A3B-FP8-without-reasoning,high_sk,instance_00001,Success,1.0
316,taboo,Qwen3.6-35B-A3B-FP8-without-reasoning,high_sk,instance_00001,Lose,0.0
317,taboo,Qwen3.6-35B-A3B-FP8-without-reasoning,high_sk,instance_00001,Main Score,100.0
318,taboo,Qwen3.6-35B-A3B-FP8-without-reasoning,high_sk,instance_00001,Repetition-Guesser,0.0
319,taboo,Qwen3.6-35B-A3B-FP8-without-reasoning,high_sk,instance_00001,Repetition-Describer,0.0
320,taboo,Qwen3.6-35B-A3B-FP8-without-reasoning,high_sk,instance_00006,Violated Request Count,0.0
321,taboo,Qwen3.6-35B-A3B-FP8-without-reasoning,high_sk,instance_00006,Parsed Request Count,1.0
322,taboo,Qwen3.6-35B-A3B-FP8-without-reasoning,high_sk,instance_00006,Request Count,1.0
323,taboo,Qwen3.6-35B-A3B-FP8-without-reasoning,high_sk,instance_00006,Request Success Ratio,1.0
324,taboo,Qwen3.6-35B-A3B-FP8-without-reasoning,high_sk,instance_00006,Aborted,0.0
325,taboo,Qwen3.6-35B-A3B-FP8-without-reasoning,high_sk,instance_00006,Success,1.0
326,taboo,Qwen3.6-35B-A3B-FP8-without-reasoning,high_sk,instance_00006,Lose,0.0
327,taboo,Qwen3.6-35B-A3B-FP8-without-reasoning,high_sk,instance_00006,Main Score,100.0
328,taboo,Qwen3.6-35B-A3B-FP8-without-reasoning,high_sk,instance_00006,Repetition-Guesser,0.0
329,taboo,Qwen3.6-35B-A3B-FP8-without-reasoning,high_sk,instance_00006,Repetition-Describer,0.0
330,taboo,Qwen3.6-35B-A3B-FP8-without-reasoning,high_sk,instance_00007,Violated Request Count,1.0
331,taboo,Qwen3.6-35B-A3B-FP8-without-reasoning,high_sk,instance_00007,Parsed Request Count,1.0
332,taboo,Qwen3.6-35B-A3B-FP8-without-reasoning,high_sk,instance_00007,Request Count,2.0
333,taboo,Qwen3.6-35B-A3B-FP8-without-reasoning,high_sk,instance_00007,Request Success Ratio,0.5
334,taboo,Qwen3.6-35B-A3B-FP8-without-reasoning,high_sk,instance_00007,Aborted,1.0
335,taboo,Qwen3.6-35B-A3B-FP8-without-reasoning,high_sk,instance_00007,Success,0.0
336,taboo,Qwen3.6-35B-A3B-FP8-without-reasoning,high_sk,instance_00007,Lose,0.0
337,taboo,Qwen3.6-35B-A3B-FP8-without-reasoning,high_sk,instance_00007,Main Score,
338,taboo,Qwen3.6-35B-A3B-FP8-without-reasoning,high_sk,instance_00007,Repetition-Guesser,0.0
339,taboo,Qwen3.6-35B-A3B-FP8-without-reasoning,high_sk,instance_00007,Repetition-Describer,0.0
340,taboo,Qwen3.6-35B-A3B-FP8-without-reasoning,high_sk,instance_00000,Violated Request Count,0.0
341,taboo,Qwen3.6-35B-A3B-FP8-without-reasoning,high_sk,instance_00000,Parsed Request Count,1.0
342,taboo,Qwen3.6-35B-A3B-FP8-without-reasoning,high_sk,instance_00000,Request Count,1.0
343,taboo,Qwen3.6-35B-A3B-FP8-without-reasoning,high_sk,instance_00000,Request Success Ratio,1.0
344,taboo,Qwen3.6-35B-A3B-FP8-without-reasoning,high_sk,instance_00000,Aborted,0.0
345,taboo,Qwen3.6-35B-A3B-FP8-without-reasoning,high_sk,instance_00000,Success,1.0
346,taboo,Qwen3.6-35B-A3B-FP8-without-reasoning,high_sk,instance_00000,Lose,0.0
347,taboo,Qwen3.6-35B-A3B-FP8-without-reasoning,high_sk,instance_00000,Main Score,100.0
348,taboo,Qwen3.6-35B-A3B-FP8-without-reasoning,high_sk,instance_00000,Repetition-Guesser,0.0
349,taboo,Qwen3.6-35B-A3B-FP8-without-reasoning,high_sk,instance_00000,Repetition-Describer,0.0
350,taboo,Qwen3.6-35B-A3B-FP8-without-reasoning,high_sk,instance_00009,Violated Request Count,0.0
351,taboo,Qwen3.6-35B-A3B-FP8-without-reasoning,high_sk,instance_00009,Parsed Request Count,1.0
352,taboo,Qwen3.6-35B-A3B-FP8-without-reasoning,high_sk,instance_00009,Request Count,1.0
353,taboo,Qwen3.6-35B-A3B-FP8-without-reasoning,high_sk,instance_00009,Request Success Ratio,1.0
354,taboo,Qwen3.6-35B-A3B-FP8-without-reasoning,high_sk,instance_00009,Aborted,0.0
355,taboo,Qwen3.6-35B-A3B-FP8-without-reasoning,high_sk,instance_00009,Success,1.0
356,taboo,Qwen3.6-35B-A3B-FP8-without-reasoning,high_sk,instance_00009,Lose,0.0
357,taboo,Qwen3.6-35B-A3B-FP8-without-reasoning,high_sk,instance_00009,Main Score,100.0
358,taboo,Qwen3.6-35B-A3B-FP8-without-reasoning,high_sk,instance_00009,Repetition-Guesser,0.0
359,taboo,Qwen3.6-35B-A3B-FP8-without-reasoning,high_sk,instance_00009,Repetition-Describer,0.0
360,taboo,Qwen3.6-35B-A3B-FP8-without-reasoning,high_sk,instance_00013,Violated Request Count,0.0
361,taboo,Qwen3.6-35B-A3B-FP8-without-reasoning,high_sk,instance_00013,Parsed Request Count,1.0
362,taboo,Qwen3.6-35B-A3B-FP8-without-reasoning,high_sk,instance_00013,Request Count,1.0
363,taboo,Qwen3.6-35B-A3B-FP8-without-reasoning,high_sk,instance_00013,Request Success Ratio,1.0
364,taboo,Qwen3.6-35B-A3B-FP8-without-reasoning,high_sk,instance_00013,Aborted,0.0
365,taboo,Qwen3.6-35B-A3B-FP8-without-reasoning,high_sk,instance_00013,Success,1.0
366,taboo,Qwen3.6-35B-A3B-FP8-without-reasoning,high_sk,instance_00013,Lose,0.0
367,taboo,Qwen3.6-35B-A3B-FP8-without-reasoning,high_sk,instance_00013,Main Score,100.0
368,taboo,Qwen3.6-35B-A3B-FP8-without-reasoning,high_sk,instance_00013,Repetition-Guesser,0.0
369,taboo,Qwen3.6-35B-A3B-FP8-without-reasoning,high_sk,instance_00013,Repetition-Describer,0.0
370,taboo,Qwen3.6-35B-A3B-FP8-without-reasoning,high_sk,instance_00014,Violated Request Count,0.0
371,taboo,Qwen3.6-35B-A3B-FP8-without-reasoning,high_sk,instance_00014,Parsed Request Count,1.0
372,taboo,Qwen3.6-35B-A3B-FP8-without-reasoning,high_sk,instance_00014,Request Count,1.0
373,taboo,Qwen3.6-35B-A3B-FP8-without-reasoning,high_sk,instance_00014,Request Success Ratio,1.0
374,taboo,Qwen3.6-35B-A3B-FP8-without-reasoning,high_sk,instance_00014,Aborted,0.0
375,taboo,Qwen3.6-35B-A3B-FP8-without-reasoning,high_sk,instance_00014,Success,1.0
376,taboo,Qwen3.6-35B-A3B-FP8-without-reasoning,high_sk,instance_00014,Lose,0.0
377,taboo,Qwen3.6-35B-A3B-FP8-without-reasoning,high_sk,instance_00014,Main Score,100.0
378,taboo,Qwen3.6-35B-A3B-FP8-without-reasoning,high_sk,instance_00014,Repetition-Guesser,0.0
379,taboo,Qwen3.6-35B-A3B-FP8-without-reasoning,high_sk,instance_00014,Repetition-Describer,0.0
380,taboo,Qwen3.6-35B-A3B-FP8-without-reasoning,high_sk,instance_00015,Violated Request Count,0.0
381,taboo,Qwen3.6-35B-A3B-FP8-without-reasoning,high_sk,instance_00015,Parsed Request Count,1.0
382,taboo,Qwen3.6-35B-A3B-FP8-without-reasoning,high_sk,instance_00015,Request Count,1.0
383,taboo,Qwen3.6-35B-A3B-FP8-without-reasoning,high_sk,instance_00015,Request Success Ratio,1.0
384,taboo,Qwen3.6-35B-A3B-FP8-without-reasoning,high_sk,instance_00015,Aborted,0.0
385,taboo,Qwen3.6-35B-A3B-FP8-without-reasoning,high_sk,instance_00015,Success,1.0
386,taboo,Qwen3.6-35B-A3B-FP8-without-reasoning,high_sk,instance_00015,Lose,0.0
387,taboo,Qwen3.6-35B-A3B-FP8-without-reasoning,high_sk,instance_00015,Main Score,100.0
388,taboo,Qwen3.6-35B-A3B-FP8-without-reasoning,high_sk,instance_00015,Repetition-Guesser,0.0
389,taboo,Qwen3.6-35B-A3B-FP8-without-reasoning,high_sk,instance_00015,Repetition-Describer,0.0
390,taboo,Qwen3.6-35B-A3B-FP8-without-reasoning,high_sk,instance_00012,Violated Request Count,0.0
391,taboo,Qwen3.6-35B-A3B-FP8-without-reasoning,high_sk,instance_00012,Parsed Request Count,1.0
392,taboo,Qwen3.6-35B-A3B-FP8-without-reasoning,high_sk,instance_00012,Request Count,1.0
393,taboo,Qwen3.6-35B-A3B-FP8-without-reasoning,high_sk,instance_00012,Request Success Ratio,1.0
394,taboo,Qwen3.6-35B-A3B-FP8-without-reasoning,high_sk,instance_00012,Aborted,0.0
395,taboo,Qwen3.6-35B-A3B-FP8-without-reasoning,high_sk,instance_00012,Success,1.0
396,taboo,Qwen3.6-35B-A3B-FP8-without-reasoning,high_sk,instance_00012,Lose,0.0
397,taboo,Qwen3.6-35B-A3B-FP8-without-reasoning,high_sk,instance_00012,Main Score,100.0
398,taboo,Qwen3.6-35B-A3B-FP8-without-reasoning,high_sk,instance_00012,Repetition-Guesser,0.0
399,taboo,Qwen3.6-35B-A3B-FP8-without-reasoning,high_sk,instance_00012,Repetition-Describer,0.0
400,referencegame,Qwen3.6-35B-A3B-FP8-without-reasoning,number_grids,instance_00005,Generated Expression Length,174.0
401,referencegame,Qwen3.6-35B-A3B-FP8-without-reasoning,number_grids,instance_00005,Generated Expression Number of Tokens,29.0
402,referencegame,Qwen3.6-35B-A3B-FP8-without-reasoning,number_grids,instance_00005,Aborted at Player 1,0.0
403,referencegame,Qwen3.6-35B-A3B-FP8-without-reasoning,number_grids,instance_00005,Aborted at Player 2,0.0
404,referencegame,Qwen3.6-35B-A3B-FP8-without-reasoning,number_grids,instance_00005,Request Count,2.0
405,referencegame,Qwen3.6-35B-A3B-FP8-without-reasoning,number_grids,instance_00005,Parsed Request Count,2.0
406,referencegame,Qwen3.6-35B-A3B-FP8-without-reasoning,number_grids,instance_00005,Violated Request Count,0.0
407,referencegame,Qwen3.6-35B-A3B-FP8-without-reasoning,number_grids,instance_00005,Aborted,0.0
408,referencegame,Qwen3.6-35B-A3B-FP8-without-reasoning,number_grids,instance_00005,Success,0.0
409,referencegame,Qwen3.6-35B-A3B-FP8-without-reasoning,number_grids,instance_00005,Lose,1.0
410,referencegame,Qwen3.6-35B-A3B-FP8-without-reasoning,number_grids,instance_00005,Main Score,0.0
411,referencegame,Qwen3.6-35B-A3B-FP8-without-reasoning,number_grids,instance_00005,Request Success Ratio,1.0
412,referencegame,Qwen3.6-35B-A3B-FP8-without-reasoning,number_grids,instance_00002,Generated Expression Length,325.0
413,referencegame,Qwen3.6-35B-A3B-FP8-without-reasoning,number_grids,instance_00002,Generated Expression Number of Tokens,48.0
414,referencegame,Qwen3.6-35B-A3B-FP8-without-reasoning,number_grids,instance_00002,Aborted at Player 1,0.0
415,referencegame,Qwen3.6-35B-A3B-FP8-without-reasoning,number_grids,instance_00002,Aborted at Player 2,0.0
416,referencegame,Qwen3.6-35B-A3B-FP8-without-reasoning,number_grids,instance_00002,Request Count,2.0
417,referencegame,Qwen3.6-35B-A3B-FP8-without-reasoning,number_grids,instance_00002,Parsed Request Count,2.0
418,referencegame,Qwen3.6-35B-A3B-FP8-without-reasoning,number_grids,instance_00002,Violated Request Count,0.0
419,referencegame,Qwen3.6-35B-A3B-FP8-without-reasoning,number_grids,instance_00002,Aborted,0.0
420,referencegame,Qwen3.6-35B-A3B-FP8-without-reasoning,number_grids,instance_00002,Success,1.0
421,referencegame,Qwen3.6-35B-A3B-FP8-without-reasoning,number_grids,instance_00002,Lose,0.0
422,referencegame,Qwen3.6-35B-A3B-FP8-without-reasoning,number_grids,instance_00002,Main Score,100.0
423,referencegame,Qwen3.6-35B-A3B-FP8-without-reasoning,number_grids,instance_00002,Request Success Ratio,1.0
424,referencegame,Qwen3.6-35B-A3B-FP8-without-reasoning,number_grids,instance_00003,Generated Expression Length,319.0
425,referencegame,Qwen3.6-35B-A3B-FP8-without-reasoning,number_grids,instance_00003,Generated Expression Number of Tokens,58.0
426,referencegame,Qwen3.6-35B-A3B-FP8-without-reasoning,number_grids,instance_00003,Aborted at Player 1,0.0
427,referencegame,Qwen3.6-35B-A3B-FP8-without-reasoning,number_grids,instance_00003,Aborted at Player 2,0.0
428,referencegame,Qwen3.6-35B-A3B-FP8-without-reasoning,number_grids,instance_00003,Request Count,2.0
429,referencegame,Qwen3.6-35B-A3B-FP8-without-reasoning,number_grids,instance_00003,Parsed Request Count,2.0
430,referencegame,Qwen3.6-35B-A3B-FP8-without-reasoning,number_grids,instance_00003,Violated Request Count,0.0
431,referencegame,Qwen3.6-35B-A3B-FP8-without-reasoning,number_grids,instance_00003,Aborted,0.0
432,referencegame,Qwen3.6-35B-A3B-FP8-without-reasoning,number_grids,instance_00003,Success,1.0
433,referencegame,Qwen3.6-35B-A3B-FP8-without-reasoning,number_grids,instance_00003,Lose,0.0
434,referencegame,Qwen3.6-35B-A3B-FP8-without-reasoning,number_grids,instance_00003,Main Score,100.0
435,referencegame,Qwen3.6-35B-A3B-FP8-without-reasoning,number_grids,instance_00003,Request Success Ratio,1.0
436,referencegame,Qwen3.6-35B-A3B-FP8-without-reasoning,number_grids,instance_00004,Generated Expression Length,319.0
437,referencegame,Qwen3.6-35B-A3B-FP8-without-reasoning,number_grids,instance_00004,Generated Expression Number of Tokens,58.0
438,referencegame,Qwen3.6-35B-A3B-FP8-without-reasoning,number_grids,instance_00004,Aborted at Player 1,0.0
439,referencegame,Qwen3.6-35B-A3B-FP8-without-reasoning,number_grids,instance_00004,Aborted at Player 2,0.0
440,referencegame,Qwen3.6-35B-A3B-FP8-without-reasoning,number_grids,instance_00004,Request Count,2.0
441,referencegame,Qwen3.6-35B-A3B-FP8-without-reasoning,number_grids,instance_00004,Parsed Request Count,2.0
442,referencegame,Qwen3.6-35B-A3B-FP8-without-reasoning,number_grids,instance_00004,Violated Request Count,0.0
443,referencegame,Qwen3.6-35B-A3B-FP8-without-reasoning,number_grids,instance_00004,Aborted,0.0
444,referencegame,Qwen3.6-35B-A3B-FP8-without-reasoning,number_grids,instance_00004,Success,0.0
445,referencegame,Qwen3.6-35B-A3B-FP8-without-reasoning,number_grids,instance_00004,Lose,1.0
446,referencegame,Qwen3.6-35B-A3B-FP8-without-reasoning,number_grids,instance_00004,Main Score,0.0
447,referencegame,Qwen3.6-35B-A3B-FP8-without-reasoning,number_grids,instance_00004,Request Success Ratio,1.0
448,referencegame,Qwen3.6-35B-A3B-FP8-without-reasoning,number_grids,instance_00017,Generated Expression Length,234.0
449,referencegame,Qwen3.6-35B-A3B-FP8-without-reasoning,number_grids,instance_00017,Generated Expression Number of Tokens,40.0
450,referencegame,Qwen3.6-35B-A3B-FP8-without-reasoning,number_grids,instance_00017,Aborted at Player 1,0.0
451,referencegame,Qwen3.6-35B-A3B-FP8-without-reasoning,number_grids,instance_00017,Aborted at Player 2,0.0
452,referencegame,Qwen3.6-35B-A3B-FP8-without-reasoning,number_grids,instance_00017,Request Count,2.0
453,referencegame,Qwen3.6-35B-A3B-FP8-without-reasoning,number_grids,instance_00017,Parsed Request Count,2.0
454,referencegame,Qwen3.6-35B-A3B-FP8-without-reasoning,number_grids,instance_00017,Violated Request Count,0.0
455,referencegame,Qwen3.6-35B-A3B-FP8-without-reasoning,number_grids,instance_00017,Aborted,0.0
456,referencegame,Qwen3.6-35B-A3B-FP8-without-reasoning,number_grids,instance_00017,Success,1.0
457,referencegame,Qwen3.6-35B-A3B-FP8-without-reasoning,number_grids,instance_00017,Lose,0.0
458,referencegame,Qwen3.6-35B-A3B-FP8-without-reasoning,number_grids,instance_00017,Main Score,100.0
459,referencegame,Qwen3.6-35B-A3B-FP8-without-reasoning,number_grids,instance_00017,Request Success Ratio,1.0
460,referencegame,Qwen3.6-35B-A3B-FP8-without-reasoning,number_grids,instance_00010,Generated Expression Length,258.0
461,referencegame,Qwen3.6-35B-A3B-FP8-without-reasoning,number_grids,instance_00010,Generated Expression Number of Tokens,44.0
462,referencegame,Qwen3.6-35B-A3B-FP8-without-reasoning,number_grids,instance_00010,Aborted at Player 1,0.0
463,referencegame,Qwen3.6-35B-A3B-FP8-without-reasoning,number_grids,instance_00010,Aborted at Player 2,0.0
464,referencegame,Qwen3.6-35B-A3B-FP8-without-reasoning,number_grids,instance_00010,Request Count,2.0
465,referencegame,Qwen3.6-35B-A3B-FP8-without-reasoning,number_grids,instance_00010,Parsed Request Count,2.0
466,referencegame,Qwen3.6-35B-A3B-FP8-without-reasoning,number_grids,instance_00010,Violated Request Count,0.0
467,referencegame,Qwen3.6-35B-A3B-FP8-without-reasoning,number_grids,instance_00010,Aborted,0.0
468,referencegame,Qwen3.6-35B-A3B-FP8-without-reasoning,number_grids,instance_00010,Success,0.0
469,referencegame,Qwen3.6-35B-A3B-FP8-without-reasoning,number_grids,instance_00010,Lose,1.0
470,referencegame,Qwen3.6-35B-A3B-FP8-without-reasoning,number_grids,instance_00010,Main Score,0.0
471,referencegame,Qwen3.6-35B-A3B-FP8-without-reasoning,number_grids,instance_00010,Request Success Ratio,1.0
472,referencegame,Qwen3.6-35B-A3B-FP8-without-reasoning,number_grids,instance_00011,Generated Expression Length,200.0
473,referencegame,Qwen3.6-35B-A3B-FP8-without-reasoning,number_grids,instance_00011,Generated Expression Number of Tokens,36.0
474,referencegame,Qwen3.6-35B-A3B-FP8-without-reasoning,number_grids,instance_00011,Aborted at Player 1,0.0
475,referencegame,Qwen3.6-35B-A3B-FP8-without-reasoning,number_grids,instance_00011,Aborted at Player 2,0.0
476,referencegame,Qwen3.6-35B-A3B-FP8-without-reasoning,number_grids,instance_00011,Request Count,2.0
477,referencegame,Qwen3.6-35B-A3B-FP8-without-reasoning,number_grids,instance_00011,Parsed Request Count,2.0
478,referencegame,Qwen3.6-35B-A3B-FP8-without-reasoning,number_grids,instance_00011,Violated Request Count,0.0
479,referencegame,Qwen3.6-35B-A3B-FP8-without-reasoning,number_grids,instance_00011,Aborted,0.0
480,referencegame,Qwen3.6-35B-A3B-FP8-without-reasoning,number_grids,instance_00011,Success,1.0
481,referencegame,Qwen3.6-35B-A3B-FP8-without-reasoning,number_grids,instance_00011,Lose,0.0
482,referencegame,Qwen3.6-35B-A3B-FP8-without-reasoning,number_grids,instance_00011,Main Score,100.0
483,referencegame,Qwen3.6-35B-A3B-FP8-without-reasoning,number_grids,instance_00011,Request Success Ratio,1.0
484,referencegame,Qwen3.6-35B-A3B-FP8-without-reasoning,number_grids,instance_00016,Generated Expression Length,171.0
485,referencegame,Qwen3.6-35B-A3B-FP8-without-reasoning,number_grids,instance_00016,Generated Expression Number of Tokens,30.0
486,referencegame,Qwen3.6-35B-A3B-FP8-without-reasoning,number_grids,instance_00016,Aborted at Player 1,0.0
487,referencegame,Qwen3.6-35B-A3B-FP8-without-reasoning,number_grids,instance_00016,Aborted at Player 2,0.0
488,referencegame,Qwen3.6-35B-A3B-FP8-without-reasoning,number_grids,instance_00016,Request Count,2.0
489,referencegame,Qwen3.6-35B-A3B-FP8-without-reasoning,number_grids,instance_00016,Parsed Request Count,2.0
490,referencegame,Qwen3.6-35B-A3B-FP8-without-reasoning,number_grids,instance_00016,Violated Request Count,0.0
491,referencegame,Qwen3.6-35B-A3B-FP8-without-reasoning,number_grids,instance_00016,Aborted,0.0
492,referencegame,Qwen3.6-35B-A3B-FP8-without-reasoning,number_grids,instance_00016,Success,1.0
493,referencegame,Qwen3.6-35B-A3B-FP8-without-reasoning,number_grids,instance_00016,Lose,0.0
494,referencegame,Qwen3.6-35B-A3B-FP8-without-reasoning,number_grids,instance_00016,Main Score,100.0
495,referencegame,Qwen3.6-35B-A3B-FP8-without-reasoning,number_grids,instance_00016,Request Success Ratio,1.0
496,referencegame,Qwen3.6-35B-A3B-FP8-without-reasoning,number_grids,instance_00008,Generated Expression Length,105.0
497,referencegame,Qwen3.6-35B-A3B-FP8-without-reasoning,number_grids,instance_00008,Generated Expression Number of Tokens,20.0
498,referencegame,Qwen3.6-35B-A3B-FP8-without-reasoning,number_grids,instance_00008,Aborted at Player 1,0.0
499,referencegame,Qwen3.6-35B-A3B-FP8-without-reasoning,number_grids,instance_00008,Aborted at Player 2,0.0
500,referencegame,Qwen3.6-35B-A3B-FP8-without-reasoning,number_grids,instance_00008,Request Count,2.0
501,referencegame,Qwen3.6-35B-A3B-FP8-without-reasoning,number_grids,instance_00008,Parsed Request Count,2.0
502,referencegame,Qwen3.6-35B-A3B-FP8-without-reasoning,number_grids,instance_00008,Violated Request Count,0.0
503,referencegame,Qwen3.6-35B-A3B-FP8-without-reasoning,number_grids,instance_00008,Aborted,0.0
504,referencegame,Qwen3.6-35B-A3B-FP8-without-reasoning,number_grids,instance_00008,Success,1.0
505,referencegame,Qwen3.6-35B-A3B-FP8-without-reasoning,number_grids,instance_00008,Lose,0.0
506,referencegame,Qwen3.6-35B-A3B-FP8-without-reasoning,number_grids,instance_00008,Main Score,100.0
507,referencegame,Qwen3.6-35B-A3B-FP8-without-reasoning,number_grids,instance_00008,Request Success Ratio,1.0
508,referencegame,Qwen3.6-35B-A3B-FP8-without-reasoning,number_grids,instance_00001,Generated Expression Length,214.0
509,referencegame,Qwen3.6-35B-A3B-FP8-without-reasoning,number_grids,instance_00001,Generated Expression Number of Tokens,38.0
510,referencegame,Qwen3.6-35B-A3B-FP8-without-reasoning,number_grids,instance_00001,Aborted at Player 1,0.0
511,referencegame,Qwen3.6-35B-A3B-FP8-without-reasoning,number_grids,instance_00001,Aborted at Player 2,0.0
512,referencegame,Qwen3.6-35B-A3B-FP8-without-reasoning,number_grids,instance_00001,Request Count,2.0
513,referencegame,Qwen3.6-35B-A3B-FP8-without-reasoning,number_grids,instance_00001,Parsed Request Count,2.0
514,referencegame,Qwen3.6-35B-A3B-FP8-without-reasoning,number_grids,instance_00001,Violated Request Count,0.0
515,referencegame,Qwen3.6-35B-A3B-FP8-without-reasoning,number_grids,instance_00001,Aborted,0.0
516,referencegame,Qwen3.6-35B-A3B-FP8-without-reasoning,number_grids,instance_00001,Success,0.0
517,referencegame,Qwen3.6-35B-A3B-FP8-without-reasoning,number_grids,instance_00001,Lose,1.0
518,referencegame,Qwen3.6-35B-A3B-FP8-without-reasoning,number_grids,instance_00001,Main Score,0.0
519,referencegame,Qwen3.6-35B-A3B-FP8-without-reasoning,number_grids,instance_00001,Request Success Ratio,1.0
520,referencegame,Qwen3.6-35B-A3B-FP8-without-reasoning,number_grids,instance_00006,Generated Expression Length,105.0
521,referencegame,Qwen3.6-35B-A3B-FP8-without-reasoning,number_grids,instance_00006,Generated Expression Number of Tokens,20.0
522,referencegame,Qwen3.6-35B-A3B-FP8-without-reasoning,number_grids,instance_00006,Aborted at Player 1,0.0
523,referencegame,Qwen3.6-35B-A3B-FP8-without-reasoning,number_grids,instance_00006,Aborted at Player 2,0.0
524,referencegame,Qwen3.6-35B-A3B-FP8-without-reasoning,number_grids,instance_00006,Request Count,2.0
525,referencegame,Qwen3.6-35B-A3B-FP8-without-reasoning,number_grids,instance_00006,Parsed Request Count,2.0
526,referencegame,Qwen3.6-35B-A3B-FP8-without-reasoning,number_grids,instance_00006,Violated Request Count,0.0
527,referencegame,Qwen3.6-35B-A3B-FP8-without-reasoning,number_grids,instance_00006,Aborted,0.0
528,referencegame,Qwen3.6-35B-A3B-FP8-without-reasoning,number_grids,instance_00006,Success,1.0
529,referencegame,Qwen3.6-35B-A3B-FP8-without-reasoning,number_grids,instance_00006,Lose,0.0
530,referencegame,Qwen3.6-35B-A3B-FP8-without-reasoning,number_grids,instance_00006,Main Score,100.0
531,referencegame,Qwen3.6-35B-A3B-FP8-without-reasoning,number_grids,instance_00006,Request Success Ratio,1.0
532,referencegame,Qwen3.6-35B-A3B-FP8-without-reasoning,number_grids,instance_00007,Generated Expression Length,101.0
533,referencegame,Qwen3.6-35B-A3B-FP8-without-reasoning,number_grids,instance_00007,Generated Expression Number of Tokens,15.0
534,referencegame,Qwen3.6-35B-A3B-FP8-without-reasoning,number_grids,instance_00007,Aborted at Player 1,0.0
535,referencegame,Qwen3.6-35B-A3B-FP8-without-reasoning,number_grids,instance_00007,Aborted at Player 2,0.0
536,referencegame,Qwen3.6-35B-A3B-FP8-without-reasoning,number_grids,instance_00007,Request Count,2.0
537,referencegame,Qwen3.6-35B-A3B-FP8-without-reasoning,number_grids,instance_00007,Parsed Request Count,2.0
538,referencegame,Qwen3.6-35B-A3B-FP8-without-reasoning,number_grids,instance_00007,Violated Request Count,0.0
539,referencegame,Qwen3.6-35B-A3B-FP8-without-reasoning,number_grids,instance_00007,Aborted,0.0
540,referencegame,Qwen3.6-35B-A3B-FP8-without-reasoning,number_grids,instance_00007,Success,1.0
541,referencegame,Qwen3.6-35B-A3B-FP8-without-reasoning,number_grids,instance_00007,Lose,0.0
542,referencegame,Qwen3.6-35B-A3B-FP8-without-reasoning,number_grids,instance_00007,Main Score,100.0
543,referencegame,Qwen3.6-35B-A3B-FP8-without-reasoning,number_grids,instance_00007,Request Success Ratio,1.0
544,referencegame,Qwen3.6-35B-A3B-FP8-without-reasoning,number_grids,instance_00000,Generated Expression Length,232.0
545,referencegame,Qwen3.6-35B-A3B-FP8-without-reasoning,number_grids,instance_00000,Generated Expression Number of Tokens,39.0
546,referencegame,Qwen3.6-35B-A3B-FP8-without-reasoning,number_grids,instance_00000,Aborted at Player 1,0.0
547,referencegame,Qwen3.6-35B-A3B-FP8-without-reasoning,number_grids,instance_00000,Aborted at Player 2,0.0
548,referencegame,Qwen3.6-35B-A3B-FP8-without-reasoning,number_grids,instance_00000,Request Count,2.0
549,referencegame,Qwen3.6-35B-A3B-FP8-without-reasoning,number_grids,instance_00000,Parsed Request Count,2.0
550,referencegame,Qwen3.6-35B-A3B-FP8-without-reasoning,number_grids,instance_00000,Violated Request Count,0.0
551,referencegame,Qwen3.6-35B-A3B-FP8-without-reasoning,number_grids,instance_00000,Aborted,0.0
552,referencegame,Qwen3.6-35B-A3B-FP8-without-reasoning,number_grids,instance_00000,Success,1.0
553,referencegame,Qwen3.6-35B-A3B-FP8-without-reasoning,number_grids,instance_00000,Lose,0.0
554,referencegame,Qwen3.6-35B-A3B-FP8-without-reasoning,number_grids,instance_00000,Main Score,100.0
555,referencegame,Qwen3.6-35B-A3B-FP8-without-reasoning,number_grids,instance_00000,Request Success Ratio,1.0
556,referencegame,Qwen3.6-35B-A3B-FP8-without-reasoning,number_grids,instance_00009,Generated Expression Length,597.0
557,referencegame,Qwen3.6-35B-A3B-FP8-without-reasoning,number_grids,instance_00009,Generated Expression Number of Tokens,107.0
558,referencegame,Qwen3.6-35B-A3B-FP8-without-reasoning,number_grids,instance_00009,Aborted at Player 1,0.0
559,referencegame,Qwen3.6-35B-A3B-FP8-without-reasoning,number_grids,instance_00009,Aborted at Player 2,0.0
560,referencegame,Qwen3.6-35B-A3B-FP8-without-reasoning,number_grids,instance_00009,Request Count,2.0
561,referencegame,Qwen3.6-35B-A3B-FP8-without-reasoning,number_grids,instance_00009,Parsed Request Count,2.0
562,referencegame,Qwen3.6-35B-A3B-FP8-without-reasoning,number_grids,instance_00009,Violated Request Count,0.0
563,referencegame,Qwen3.6-35B-A3B-FP8-without-reasoning,number_grids,instance_00009,Aborted,0.0
564,referencegame,Qwen3.6-35B-A3B-FP8-without-reasoning,number_grids,instance_00009,Success,1.0
565,referencegame,Qwen3.6-35B-A3B-FP8-without-reasoning,number_grids,instance_00009,Lose,0.0
566,referencegame,Qwen3.6-35B-A3B-FP8-without-reasoning,number_grids,instance_00009,Main Score,100.0
567,referencegame,Qwen3.6-35B-A3B-FP8-without-reasoning,number_grids,instance_00009,Request Success Ratio,1.0
568,referencegame,Qwen3.6-35B-A3B-FP8-without-reasoning,number_grids,instance_00013,Generated Expression Length,259.0
569,referencegame,Qwen3.6-35B-A3B-FP8-without-reasoning,number_grids,instance_00013,Generated Expression Number of Tokens,39.0
570,referencegame,Qwen3.6-35B-A3B-FP8-without-reasoning,number_grids,instance_00013,Aborted at Player 1,0.0
571,referencegame,Qwen3.6-35B-A3B-FP8-without-reasoning,number_grids,instance_00013,Aborted at Player 2,0.0
572,referencegame,Qwen3.6-35B-A3B-FP8-without-reasoning,number_grids,instance_00013,Request Count,2.0
573,referencegame,Qwen3.6-35B-A3B-FP8-without-reasoning,number_grids,instance_00013,Parsed Request Count,2.0
574,referencegame,Qwen3.6-35B-A3B-FP8-without-reasoning,number_grids,instance_00013,Violated Request Count,0.0
575,referencegame,Qwen3.6-35B-A3B-FP8-without-reasoning,number_grids,instance_00013,Aborted,0.0
576,referencegame,Qwen3.6-35B-A3B-FP8-without-reasoning,number_grids,instance_00013,Success,0.0
577,referencegame,Qwen3.6-35B-A3B-FP8-without-reasoning,number_grids,instance_00013,Lose,1.0
578,referencegame,Qwen3.6-35B-A3B-FP8-without-reasoning,number_grids,instance_00013,Main Score,0.0
579,referencegame,Qwen3.6-35B-A3B-FP8-without-reasoning,number_grids,instance_00013,Request Success Ratio,1.0
580,referencegame,Qwen3.6-35B-A3B-FP8-without-reasoning,number_grids,instance_00014,Generated Expression Length,134.0
581,referencegame,Qwen3.6-35B-A3B-FP8-without-reasoning,number_grids,instance_00014,Generated Expression Number of Tokens,22.0
582,referencegame,Qwen3.6-35B-A3B-FP8-without-reasoning,number_grids,instance_00014,Aborted at Player 1,0.0
583,referencegame,Qwen3.6-35B-A3B-FP8-without-reasoning,number_grids,instance_00014,Aborted at Player 2,0.0
584,referencegame,Qwen3.6-35B-A3B-FP8-without-reasoning,number_grids,instance_00014,Request Count,2.0
585,referencegame,Qwen3.6-35B-A3B-FP8-without-reasoning,number_grids,instance_00014,Parsed Request Count,2.0
586,referencegame,Qwen3.6-35B-A3B-FP8-without-reasoning,number_grids,instance_00014,Violated Request Count,0.0
587,referencegame,Qwen3.6-35B-A3B-FP8-without-reasoning,number_grids,instance_00014,Aborted,0.0
588,referencegame,Qwen3.6-35B-A3B-FP8-without-reasoning,number_grids,instance_00014,Success,0.0
589,referencegame,Qwen3.6-35B-A3B-FP8-without-reasoning,number_grids,instance_00014,Lose,1.0
590,referencegame,Qwen3.6-35B-A3B-FP8-without-reasoning,number_grids,instance_00014,Main Score,0.0
591,referencegame,Qwen3.6-35B-A3B-FP8-without-reasoning,number_grids,instance_00014,Request Success Ratio,1.0
592,referencegame,Qwen3.6-35B-A3B-FP8-without-reasoning,number_grids,instance_00015,Generated Expression Length,224.0
593,referencegame,Qwen3.6-35B-A3B-FP8-without-reasoning,number_grids,instance_00015,Generated Expression Number of Tokens,38.0
594,referencegame,Qwen3.6-35B-A3B-FP8-without-reasoning,number_grids,instance_00015,Aborted at Player 1,0.0
595,referencegame,Qwen3.6-35B-A3B-FP8-without-reasoning,number_grids,instance_00015,Aborted at Player 2,0.0
596,referencegame,Qwen3.6-35B-A3B-FP8-without-reasoning,number_grids,instance_00015,Request Count,2.0
597,referencegame,Qwen3.6-35B-A3B-FP8-without-reasoning,number_grids,instance_00015,Parsed Request Count,2.0
598,referencegame,Qwen3.6-35B-A3B-FP8-without-reasoning,number_grids,instance_00015,Violated Request Count,0.0
599,referencegame,Qwen3.6-35B-A3B-FP8-without-reasoning,number_grids,instance_00015,Aborted,0.0
600,referencegame,Qwen3.6-35B-A3B-FP8-without-reasoning,number_grids,instance_00015,Success,1.0
601,referencegame,Qwen3.6-35B-A3B-FP8-without-reasoning,number_grids,instance_00015,Lose,0.0
602,referencegame,Qwen3.6-35B-A3B-FP8-without-reasoning,number_grids,instance_00015,Main Score,100.0
603,referencegame,Qwen3.6-35B-A3B-FP8-without-reasoning,number_grids,instance_00015,Request Success Ratio,1.0
604,referencegame,Qwen3.6-35B-A3B-FP8-without-reasoning,number_grids,instance_00012,Generated Expression Length,191.0
605,referencegame,Qwen3.6-35B-A3B-FP8-without-reasoning,number_grids,instance_00012,Generated Expression Number of Tokens,36.0
606,referencegame,Qwen3.6-35B-A3B-FP8-without-reasoning,number_grids,instance_00012,Aborted at Player 1,0.0
607,referencegame,Qwen3.6-35B-A3B-FP8-without-reasoning,number_grids,instance_00012,Aborted at Player 2,0.0
608,referencegame,Qwen3.6-35B-A3B-FP8-without-reasoning,number_grids,instance_00012,Request Count,2.0
609,referencegame,Qwen3.6-35B-A3B-FP8-without-reasoning,number_grids,instance_00012,Parsed Request Count,2.0
610,referencegame,Qwen3.6-35B-A3B-FP8-without-reasoning,number_grids,instance_00012,Violated Request Count,0.0
611,referencegame,Qwen3.6-35B-A3B-FP8-without-reasoning,number_grids,instance_00012,Aborted,0.0
612,referencegame,Qwen3.6-35B-A3B-FP8-without-reasoning,number_grids,instance_00012,Success,1.0
613,referencegame,Qwen3.6-35B-A3B-FP8-without-reasoning,number_grids,instance_00012,Lose,0.0
614,referencegame,Qwen3.6-35B-A3B-FP8-without-reasoning,number_grids,instance_00012,Main Score,100.0
615,referencegame,Qwen3.6-35B-A3B-FP8-without-reasoning,number_grids,instance_00012,Request Success Ratio,1.0
616,referencegame,Qwen3.6-35B-A3B-FP8-without-reasoning,line_grids_columns,instance_00005,Generated Expression Length,61.0
617,referencegame,Qwen3.6-35B-A3B-FP8-without-reasoning,line_grids_columns,instance_00005,Generated Expression Number of Tokens,10.0
618,referencegame,Qwen3.6-35B-A3B-FP8-without-reasoning,line_grids_columns,instance_00005,Aborted at Player 1,0.0
619,referencegame,Qwen3.6-35B-A3B-FP8-without-reasoning,line_grids_columns,instance_00005,Aborted at Player 2,0.0
620,referencegame,Qwen3.6-35B-A3B-FP8-without-reasoning,line_grids_columns,instance_00005,Request Count,2.0
621,referencegame,Qwen3.6-35B-A3B-FP8-without-reasoning,line_grids_columns,instance_00005,Parsed Request Count,2.0
622,referencegame,Qwen3.6-35B-A3B-FP8-without-reasoning,line_grids_columns,instance_00005,Violated Request Count,0.0
623,referencegame,Qwen3.6-35B-A3B-FP8-without-reasoning,line_grids_columns,instance_00005,Aborted,0.0
624,referencegame,Qwen3.6-35B-A3B-FP8-without-reasoning,line_grids_columns,instance_00005,Success,0.0
625,referencegame,Qwen3.6-35B-A3B-FP8-without-reasoning,line_grids_columns,instance_00005,Lose,1.0
626,referencegame,Qwen3.6-35B-A3B-FP8-without-reasoning,line_grids_columns,instance_00005,Main Score,0.0
627,referencegame,Qwen3.6-35B-A3B-FP8-without-reasoning,line_grids_columns,instance_00005,Request Success Ratio,1.0
628,referencegame,Qwen3.6-35B-A3B-FP8-without-reasoning,line_grids_columns,instance_00002,Generated Expression Length,93.0
629,referencegame,Qwen3.6-35B-A3B-FP8-without-reasoning,line_grids_columns,instance_00002,Generated Expression Number of Tokens,13.0
630,referencegame,Qwen3.6-35B-A3B-FP8-without-reasoning,line_grids_columns,instance_00002,Aborted at Player 1,0.0
631,referencegame,Qwen3.6-35B-A3B-FP8-without-reasoning,line_grids_columns,instance_00002,Aborted at Player 2,0.0
632,referencegame,Qwen3.6-35B-A3B-FP8-without-reasoning,line_grids_columns,instance_00002,Request Count,2.0
633,referencegame,Qwen3.6-35B-A3B-FP8-without-reasoning,line_grids_columns,instance_00002,Parsed Request Count,2.0
634,referencegame,Qwen3.6-35B-A3B-FP8-without-reasoning,line_grids_columns,instance_00002,Violated Request Count,0.0
635,referencegame,Qwen3.6-35B-A3B-FP8-without-reasoning,line_grids_columns,instance_00002,Aborted,0.0
636,referencegame,Qwen3.6-35B-A3B-FP8-without-reasoning,line_grids_columns,instance_00002,Success,1.0
637,referencegame,Qwen3.6-35B-A3B-FP8-without-reasoning,line_grids_columns,instance_00002,Lose,0.0
638,referencegame,Qwen3.6-35B-A3B-FP8-without-reasoning,line_grids_columns,instance_00002,Main Score,100.0
639,referencegame,Qwen3.6-35B-A3B-FP8-without-reasoning,line_grids_columns,instance_00002,Request Success Ratio,1.0
640,referencegame,Qwen3.6-35B-A3B-FP8-without-reasoning,line_grids_columns,instance_00003,Generated Expression Length,119.0
641,referencegame,Qwen3.6-35B-A3B-FP8-without-reasoning,line_grids_columns,instance_00003,Generated Expression Number of Tokens,20.0
642,referencegame,Qwen3.6-35B-A3B-FP8-without-reasoning,line_grids_columns,instance_00003,Aborted at Player 1,0.0
643,referencegame,Qwen3.6-35B-A3B-FP8-without-reasoning,line_grids_columns,instance_00003,Aborted at Player 2,0.0
644,referencegame,Qwen3.6-35B-A3B-FP8-without-reasoning,line_grids_columns,instance_00003,Request Count,2.0
645,referencegame,Qwen3.6-35B-A3B-FP8-without-reasoning,line_grids_columns,instance_00003,Parsed Request Count,2.0
646,referencegame,Qwen3.6-35B-A3B-FP8-without-reasoning,line_grids_columns,instance_00003,Violated Request Count,0.0
647,referencegame,Qwen3.6-35B-A3B-FP8-without-reasoning,line_grids_columns,instance_00003,Aborted,0.0
648,referencegame,Qwen3.6-35B-A3B-FP8-without-reasoning,line_grids_columns,instance_00003,Success,1.0
649,referencegame,Qwen3.6-35B-A3B-FP8-without-reasoning,line_grids_columns,instance_00003,Lose,0.0
650,referencegame,Qwen3.6-35B-A3B-FP8-without-reasoning,line_grids_columns,instance_00003,Main Score,100.0
651,referencegame,Qwen3.6-35B-A3B-FP8-without-reasoning,line_grids_columns,instance_00003,Request Success Ratio,1.0
652,referencegame,Qwen3.6-35B-A3B-FP8-without-reasoning,line_grids_columns,instance_00004,Generated Expression Length,119.0
653,referencegame,Qwen3.6-35B-A3B-FP8-without-reasoning,line_grids_columns,instance_00004,Generated Expression Number of Tokens,20.0
654,referencegame,Qwen3.6-35B-A3B-FP8-without-reasoning,line_grids_columns,instance_00004,Aborted at Player 1,0.0
655,referencegame,Qwen3.6-35B-A3B-FP8-without-reasoning,line_grids_columns,instance_00004,Aborted at Player 2,0.0
656,referencegame,Qwen3.6-35B-A3B-FP8-without-reasoning,line_grids_columns,instance_00004,Request Count,2.0
657,referencegame,Qwen3.6-35B-A3B-FP8-without-reasoning,line_grids_columns,instance_00004,Parsed Request Count,2.0
658,referencegame,Qwen3.6-35B-A3B-FP8-without-reasoning,line_grids_columns,instance_00004,Violated Request Count,0.0
659,referencegame,Qwen3.6-35B-A3B-FP8-without-reasoning,line_grids_columns,instance_00004,Aborted,0.0
660,referencegame,Qwen3.6-35B-A3B-FP8-without-reasoning,line_grids_columns,instance_00004,Success,0.0
661,referencegame,Qwen3.6-35B-A3B-FP8-without-reasoning,line_grids_columns,instance_00004,Lose,1.0
662,referencegame,Qwen3.6-35B-A3B-FP8-without-reasoning,line_grids_columns,instance_00004,Main Score,0.0
663,referencegame,Qwen3.6-35B-A3B-FP8-without-reasoning,line_grids_columns,instance_00004,Request Success Ratio,1.0
664,referencegame,Qwen3.6-35B-A3B-FP8-without-reasoning,line_grids_columns,instance_00017,Generated Expression Length,120.0
665,referencegame,Qwen3.6-35B-A3B-FP8-without-reasoning,line_grids_columns,instance_00017,Generated Expression Number of Tokens,21.0
666,referencegame,Qwen3.6-35B-A3B-FP8-without-reasoning,line_grids_columns,instance_00017,Aborted at Player 1,0.0
667,referencegame,Qwen3.6-35B-A3B-FP8-without-reasoning,line_grids_columns,instance_00017,Aborted at Player 2,0.0
668,referencegame,Qwen3.6-35B-A3B-FP8-without-reasoning,line_grids_columns,instance_00017,Request Count,2.0
669,referencegame,Qwen3.6-35B-A3B-FP8-without-reasoning,line_grids_columns,instance_00017,Parsed Request Count,2.0
670,referencegame,Qwen3.6-35B-A3B-FP8-without-reasoning,line_grids_columns,instance_00017,Violated Request Count,0.0
671,referencegame,Qwen3.6-35B-A3B-FP8-without-reasoning,line_grids_columns,instance_00017,Aborted,0.0
672,referencegame,Qwen3.6-35B-A3B-FP8-without-reasoning,line_grids_columns,instance_00017,Success,0.0
673,referencegame,Qwen3.6-35B-A3B-FP8-without-reasoning,line_grids_columns,instance_00017,Lose,1.0
674,referencegame,Qwen3.6-35B-A3B-FP8-without-reasoning,line_grids_columns,instance_00017,Main Score,0.0
675,referencegame,Qwen3.6-35B-A3B-FP8-without-reasoning,line_grids_columns,instance_00017,Request Success Ratio,1.0
676,referencegame,Qwen3.6-35B-A3B-FP8-without-reasoning,line_grids_columns,instance_00010,Generated Expression Length,100.0
677,referencegame,Qwen3.6-35B-A3B-FP8-without-reasoning,line_grids_columns,instance_00010,Generated Expression Number of Tokens,17.0
678,referencegame,Qwen3.6-35B-A3B-FP8-without-reasoning,line_grids_columns,instance_00010,Aborted at Player 1,0.0
679,referencegame,Qwen3.6-35B-A3B-FP8-without-reasoning,line_grids_columns,instance_00010,Aborted at Player 2,0.0
680,referencegame,Qwen3.6-35B-A3B-FP8-without-reasoning,line_grids_columns,instance_00010,Request Count,2.0
681,referencegame,Qwen3.6-35B-A3B-FP8-without-reasoning,line_grids_columns,instance_00010,Parsed Request Count,2.0
682,referencegame,Qwen3.6-35B-A3B-FP8-without-reasoning,line_grids_columns,instance_00010,Violated Request Count,0.0
683,referencegame,Qwen3.6-35B-A3B-FP8-without-reasoning,line_grids_columns,instance_00010,Aborted,0.0
684,referencegame,Qwen3.6-35B-A3B-FP8-without-reasoning,line_grids_columns,instance_00010,Success,1.0
685,referencegame,Qwen3.6-35B-A3B-FP8-without-reasoning,line_grids_columns,instance_00010,Lose,0.0
686,referencegame,Qwen3.6-35B-A3B-FP8-without-reasoning,line_grids_columns,instance_00010,Main Score,100.0
687,referencegame,Qwen3.6-35B-A3B-FP8-without-reasoning,line_grids_columns,instance_00010,Request Success Ratio,1.0
688,referencegame,Qwen3.6-35B-A3B-FP8-without-reasoning,line_grids_columns,instance_00011,Generated Expression Length,100.0
689,referencegame,Qwen3.6-35B-A3B-FP8-without-reasoning,line_grids_columns,instance_00011,Generated Expression Number of Tokens,17.0
690,referencegame,Qwen3.6-35B-A3B-FP8-without-reasoning,line_grids_columns,instance_00011,Aborted at Player 1,0.0
691,referencegame,Qwen3.6-35B-A3B-FP8-without-reasoning,line_grids_columns,instance_00011,Aborted at Player 2,0.0
692,referencegame,Qwen3.6-35B-A3B-FP8-without-reasoning,line_grids_columns,instance_00011,Request Count,2.0
693,referencegame,Qwen3.6-35B-A3B-FP8-without-reasoning,line_grids_columns,instance_00011,Parsed Request Count,2.0
694,referencegame,Qwen3.6-35B-A3B-FP8-without-reasoning,line_grids_columns,instance_00011,Violated Request Count,0.0
695,referencegame,Qwen3.6-35B-A3B-FP8-without-reasoning,line_grids_columns,instance_00011,Aborted,0.0
696,referencegame,Qwen3.6-35B-A3B-FP8-without-reasoning,line_grids_columns,instance_00011,Success,1.0
697,referencegame,Qwen3.6-35B-A3B-FP8-without-reasoning,line_grids_columns,instance_00011,Lose,0.0
698,referencegame,Qwen3.6-35B-A3B-FP8-without-reasoning,line_grids_columns,instance_00011,Main Score,100.0
699,referencegame,Qwen3.6-35B-A3B-FP8-without-reasoning,line_grids_columns,instance_00011,Request Success Ratio,1.0
700,referencegame,Qwen3.6-35B-A3B-FP8-without-reasoning,line_grids_columns,instance_00016,Generated Expression Length,136.0
701,referencegame,Qwen3.6-35B-A3B-FP8-without-reasoning,line_grids_columns,instance_00016,Generated Expression Number of Tokens,23.0
702,referencegame,Qwen3.6-35B-A3B-FP8-without-reasoning,line_grids_columns,instance_00016,Aborted at Player 1,0.0
703,referencegame,Qwen3.6-35B-A3B-FP8-without-reasoning,line_grids_columns,instance_00016,Aborted at Player 2,0.0
704,referencegame,Qwen3.6-35B-A3B-FP8-without-reasoning,line_grids_columns,instance_00016,Request Count,2.0
705,referencegame,Qwen3.6-35B-A3B-FP8-without-reasoning,line_grids_columns,instance_00016,Parsed Request Count,2.0
706,referencegame,Qwen3.6-35B-A3B-FP8-without-reasoning,line_grids_columns,instance_00016,Violated Request Count,0.0
707,referencegame,Qwen3.6-35B-A3B-FP8-without-reasoning,line_grids_columns,instance_00016,Aborted,0.0
708,referencegame,Qwen3.6-35B-A3B-FP8-without-reasoning,line_grids_columns,instance_00016,Success,1.0
709,referencegame,Qwen3.6-35B-A3B-FP8-without-reasoning,line_grids_columns,instance_00016,Lose,0.0
710,referencegame,Qwen3.6-35B-A3B-FP8-without-reasoning,line_grids_columns,instance_00016,Main Score,100.0
711,referencegame,Qwen3.6-35B-A3B-FP8-without-reasoning,line_grids_columns,instance_00016,Request Success Ratio,1.0
712,referencegame,Qwen3.6-35B-A3B-FP8-without-reasoning,line_grids_columns,instance_00008,Generated Expression Length,50.0
713,referencegame,Qwen3.6-35B-A3B-FP8-without-reasoning,line_grids_columns,instance_00008,Generated Expression Number of Tokens,8.0
714,referencegame,Qwen3.6-35B-A3B-FP8-without-reasoning,line_grids_columns,instance_00008,Aborted at Player 1,0.0
715,referencegame,Qwen3.6-35B-A3B-FP8-without-reasoning,line_grids_columns,instance_00008,Aborted at Player 2,0.0
716,referencegame,Qwen3.6-35B-A3B-FP8-without-reasoning,line_grids_columns,instance_00008,Request Count,2.0
717,referencegame,Qwen3.6-35B-A3B-FP8-without-reasoning,line_grids_columns,instance_00008,Parsed Request Count,2.0
718,referencegame,Qwen3.6-35B-A3B-FP8-without-reasoning,line_grids_columns,instance_00008,Violated Request Count,0.0
719,referencegame,Qwen3.6-35B-A3B-FP8-without-reasoning,line_grids_columns,instance_00008,Aborted,0.0
720,referencegame,Qwen3.6-35B-A3B-FP8-without-reasoning,line_grids_columns,instance_00008,Success,1.0
721,referencegame,Qwen3.6-35B-A3B-FP8-without-reasoning,line_grids_columns,instance_00008,Lose,0.0
722,referencegame,Qwen3.6-35B-A3B-FP8-without-reasoning,line_grids_columns,instance_00008,Main Score,100.0
723,referencegame,Qwen3.6-35B-A3B-FP8-without-reasoning,line_grids_columns,instance_00008,Request Success Ratio,1.0
724,referencegame,Qwen3.6-35B-A3B-FP8-without-reasoning,line_grids_columns,instance_00001,Generated Expression Length,93.0
725,referencegame,Qwen3.6-35B-A3B-FP8-without-reasoning,line_grids_columns,instance_00001,Generated Expression Number of Tokens,13.0
726,referencegame,Qwen3.6-35B-A3B-FP8-without-reasoning,line_grids_columns,instance_00001,Aborted at Player 1,0.0
727,referencegame,Qwen3.6-35B-A3B-FP8-without-reasoning,line_grids_columns,instance_00001,Aborted at Player 2,0.0
728,referencegame,Qwen3.6-35B-A3B-FP8-without-reasoning,line_grids_columns,instance_00001,Request Count,2.0
729,referencegame,Qwen3.6-35B-A3B-FP8-without-reasoning,line_grids_columns,instance_00001,Parsed Request Count,2.0
730,referencegame,Qwen3.6-35B-A3B-FP8-without-reasoning,line_grids_columns,instance_00001,Violated Request Count,0.0
731,referencegame,Qwen3.6-35B-A3B-FP8-without-reasoning,line_grids_columns,instance_00001,Aborted,0.0
732,referencegame,Qwen3.6-35B-A3B-FP8-without-reasoning,line_grids_columns,instance_00001,Success,1.0
733,referencegame,Qwen3.6-35B-A3B-FP8-without-reasoning,line_grids_columns,instance_00001,Lose,0.0
734,referencegame,Qwen3.6-35B-A3B-FP8-without-reasoning,line_grids_columns,instance_00001,Main Score,100.0
735,referencegame,Qwen3.6-35B-A3B-FP8-without-reasoning,line_grids_columns,instance_00001,Request Success Ratio,1.0
736,referencegame,Qwen3.6-35B-A3B-FP8-without-reasoning,line_grids_columns,instance_00006,Generated Expression Length,50.0
737,referencegame,Qwen3.6-35B-A3B-FP8-without-reasoning,line_grids_columns,instance_00006,Generated Expression Number of Tokens,8.0
738,referencegame,Qwen3.6-35B-A3B-FP8-without-reasoning,line_grids_columns,instance_00006,Aborted at Player 1,0.0
739,referencegame,Qwen3.6-35B-A3B-FP8-without-reasoning,line_grids_columns,instance_00006,Aborted at Player 2,0.0
740,referencegame,Qwen3.6-35B-A3B-FP8-without-reasoning,line_grids_columns,instance_00006,Request Count,2.0
741,referencegame,Qwen3.6-35B-A3B-FP8-without-reasoning,line_grids_columns,instance_00006,Parsed Request Count,2.0
742,referencegame,Qwen3.6-35B-A3B-FP8-without-reasoning,line_grids_columns,instance_00006,Violated Request Count,0.0
743,referencegame,Qwen3.6-35B-A3B-FP8-without-reasoning,line_grids_columns,instance_00006,Aborted,0.0
744,referencegame,Qwen3.6-35B-A3B-FP8-without-reasoning,line_grids_columns,instance_00006,Success,1.0
745,referencegame,Qwen3.6-35B-A3B-FP8-without-reasoning,line_grids_columns,instance_00006,Lose,0.0
746,referencegame,Qwen3.6-35B-A3B-FP8-without-reasoning,line_grids_columns,instance_00006,Main Score,100.0
747,referencegame,Qwen3.6-35B-A3B-FP8-without-reasoning,line_grids_columns,instance_00006,Request Success Ratio,1.0
748,referencegame,Qwen3.6-35B-A3B-FP8-without-reasoning,line_grids_columns,instance_00007,Generated Expression Length,50.0
749,referencegame,Qwen3.6-35B-A3B-FP8-without-reasoning,line_grids_columns,instance_00007,Generated Expression Number of Tokens,8.0
750,referencegame,Qwen3.6-35B-A3B-FP8-without-reasoning,line_grids_columns,instance_00007,Aborted at Player 1,0.0
751,referencegame,Qwen3.6-35B-A3B-FP8-without-reasoning,line_grids_columns,instance_00007,Aborted at Player 2,0.0
752,referencegame,Qwen3.6-35B-A3B-FP8-without-reasoning,line_grids_columns,instance_00007,Request Count,2.0
753,referencegame,Qwen3.6-35B-A3B-FP8-without-reasoning,line_grids_columns,instance_00007,Parsed Request Count,2.0
754,referencegame,Qwen3.6-35B-A3B-FP8-without-reasoning,line_grids_columns,instance_00007,Violated Request Count,0.0
755,referencegame,Qwen3.6-35B-A3B-FP8-without-reasoning,line_grids_columns,instance_00007,Aborted,0.0
756,referencegame,Qwen3.6-35B-A3B-FP8-without-reasoning,line_grids_columns,instance_00007,Success,0.0
757,referencegame,Qwen3.6-35B-A3B-FP8-without-reasoning,line_grids_columns,instance_00007,Lose,1.0
758,referencegame,Qwen3.6-35B-A3B-FP8-without-reasoning,line_grids_columns,instance_00007,Main Score,0.0
759,referencegame,Qwen3.6-35B-A3B-FP8-without-reasoning,line_grids_columns,instance_00007,Request Success Ratio,1.0
760,referencegame,Qwen3.6-35B-A3B-FP8-without-reasoning,line_grids_columns,instance_00000,Generated Expression Length,85.0
761,referencegame,Qwen3.6-35B-A3B-FP8-without-reasoning,line_grids_columns,instance_00000,Generated Expression Number of Tokens,13.0
762,referencegame,Qwen3.6-35B-A3B-FP8-without-reasoning,line_grids_columns,instance_00000,Aborted at Player 1,0.0
763,referencegame,Qwen3.6-35B-A3B-FP8-without-reasoning,line_grids_columns,instance_00000,Aborted at Player 2,0.0
764,referencegame,Qwen3.6-35B-A3B-FP8-without-reasoning,line_grids_columns,instance_00000,Request Count,2.0
765,referencegame,Qwen3.6-35B-A3B-FP8-without-reasoning,line_grids_columns,instance_00000,Parsed Request Count,2.0
766,referencegame,Qwen3.6-35B-A3B-FP8-without-reasoning,line_grids_columns,instance_00000,Violated Request Count,0.0
767,referencegame,Qwen3.6-35B-A3B-FP8-without-reasoning,line_grids_columns,instance_00000,Aborted,0.0
768,referencegame,Qwen3.6-35B-A3B-FP8-without-reasoning,line_grids_columns,instance_00000,Success,1.0
769,referencegame,Qwen3.6-35B-A3B-FP8-without-reasoning,line_grids_columns,instance_00000,Lose,0.0
770,referencegame,Qwen3.6-35B-A3B-FP8-without-reasoning,line_grids_columns,instance_00000,Main Score,100.0
771,referencegame,Qwen3.6-35B-A3B-FP8-without-reasoning,line_grids_columns,instance_00000,Request Success Ratio,1.0
772,referencegame,Qwen3.6-35B-A3B-FP8-without-reasoning,line_grids_columns,instance_00009,Generated Expression Length,124.0
773,referencegame,Qwen3.6-35B-A3B-FP8-without-reasoning,line_grids_columns,instance_00009,Generated Expression Number of Tokens,19.0
774,referencegame,Qwen3.6-35B-A3B-FP8-without-reasoning,line_grids_columns,instance_00009,Aborted at Player 1,0.0
775,referencegame,Qwen3.6-35B-A3B-FP8-without-reasoning,line_grids_columns,instance_00009,Aborted at Player 2,0.0
776,referencegame,Qwen3.6-35B-A3B-FP8-without-reasoning,line_grids_columns,instance_00009,Request Count,2.0
777,referencegame,Qwen3.6-35B-A3B-FP8-without-reasoning,line_grids_columns,instance_00009,Parsed Request Count,2.0
778,referencegame,Qwen3.6-35B-A3B-FP8-without-reasoning,line_grids_columns,instance_00009,Violated Request Count,0.0
779,referencegame,Qwen3.6-35B-A3B-FP8-without-reasoning,line_grids_columns,instance_00009,Aborted,0.0
780,referencegame,Qwen3.6-35B-A3B-FP8-without-reasoning,line_grids_columns,instance_00009,Success,1.0
781,referencegame,Qwen3.6-35B-A3B-FP8-without-reasoning,line_grids_columns,instance_00009,Lose,0.0
782,referencegame,Qwen3.6-35B-A3B-FP8-without-reasoning,line_grids_columns,instance_00009,Main Score,100.0
783,referencegame,Qwen3.6-35B-A3B-FP8-without-reasoning,line_grids_columns,instance_00009,Request Success Ratio,1.0
784,referencegame,Qwen3.6-35B-A3B-FP8-without-reasoning,line_grids_columns,instance_00013,Generated Expression Length,140.0
785,referencegame,Qwen3.6-35B-A3B-FP8-without-reasoning,line_grids_columns,instance_00013,Generated Expression Number of Tokens,26.0
786,referencegame,Qwen3.6-35B-A3B-FP8-without-reasoning,line_grids_columns,instance_00013,Aborted at Player 1,0.0
787,referencegame,Qwen3.6-35B-A3B-FP8-without-reasoning,line_grids_columns,instance_00013,Aborted at Player 2,0.0
788,referencegame,Qwen3.6-35B-A3B-FP8-without-reasoning,line_grids_columns,instance_00013,Request Count,2.0
789,referencegame,Qwen3.6-35B-A3B-FP8-without-reasoning,line_grids_columns,instance_00013,Parsed Request Count,2.0
790,referencegame,Qwen3.6-35B-A3B-FP8-without-reasoning,line_grids_columns,instance_00013,Violated Request Count,0.0
791,referencegame,Qwen3.6-35B-A3B-FP8-without-reasoning,line_grids_columns,instance_00013,Aborted,0.0
792,referencegame,Qwen3.6-35B-A3B-FP8-without-reasoning,line_grids_columns,instance_00013,Success,0.0
793,referencegame,Qwen3.6-35B-A3B-FP8-without-reasoning,line_grids_columns,instance_00013,Lose,1.0
794,referencegame,Qwen3.6-35B-A3B-FP8-without-reasoning,line_grids_columns,instance_00013,Main Score,0.0
795,referencegame,Qwen3.6-35B-A3B-FP8-without-reasoning,line_grids_columns,instance_00013,Request Success Ratio,1.0
796,referencegame,Qwen3.6-35B-A3B-FP8-without-reasoning,line_grids_columns,instance_00014,Generated Expression Length,71.0
797,referencegame,Qwen3.6-35B-A3B-FP8-without-reasoning,line_grids_columns,instance_00014,Generated Expression Number of Tokens,13.0
798,referencegame,Qwen3.6-35B-A3B-FP8-without-reasoning,line_grids_columns,instance_00014,Aborted at Player 1,0.0
799,referencegame,Qwen3.6-35B-A3B-FP8-without-reasoning,line_grids_columns,instance_00014,Aborted at Player 2,0.0
800,referencegame,Qwen3.6-35B-A3B-FP8-without-reasoning,line_grids_columns,instance_00014,Request Count,2.0
801,referencegame,Qwen3.6-35B-A3B-FP8-without-reasoning,line_grids_columns,instance_00014,Parsed Request Count,2.0
802,referencegame,Qwen3.6-35B-A3B-FP8-without-reasoning,line_grids_columns,instance_00014,Violated Request Count,0.0
803,referencegame,Qwen3.6-35B-A3B-FP8-without-reasoning,line_grids_columns,instance_00014,Aborted,0.0
804,referencegame,Qwen3.6-35B-A3B-FP8-without-reasoning,line_grids_columns,instance_00014,Success,0.0
805,referencegame,Qwen3.6-35B-A3B-FP8-without-reasoning,line_grids_columns,instance_00014,Lose,1.0
806,referencegame,Qwen3.6-35B-A3B-FP8-without-reasoning,line_grids_columns,instance_00014,Main Score,0.0
807,referencegame,Qwen3.6-35B-A3B-FP8-without-reasoning,line_grids_columns,instance_00014,Request Success Ratio,1.0
808,referencegame,Qwen3.6-35B-A3B-FP8-without-reasoning,line_grids_columns,instance_00015,Generated Expression Length,103.0
809,referencegame,Qwen3.6-35B-A3B-FP8-without-reasoning,line_grids_columns,instance_00015,Generated Expression Number of Tokens,17.0
810,referencegame,Qwen3.6-35B-A3B-FP8-without-reasoning,line_grids_columns,instance_00015,Aborted at Player 1,0.0
811,referencegame,Qwen3.6-35B-A3B-FP8-without-reasoning,line_grids_columns,instance_00015,Aborted at Player 2,0.0
812,referencegame,Qwen3.6-35B-A3B-FP8-without-reasoning,line_grids_columns,instance_00015,Request Count,2.0
813,referencegame,Qwen3.6-35B-A3B-FP8-without-reasoning,line_grids_columns,instance_00015,Parsed Request Count,2.0
814,referencegame,Qwen3.6-35B-A3B-FP8-without-reasoning,line_grids_columns,instance_00015,Violated Request Count,0.0
815,referencegame,Qwen3.6-35B-A3B-FP8-without-reasoning,line_grids_columns,instance_00015,Aborted,0.0
816,referencegame,Qwen3.6-35B-A3B-FP8-without-reasoning,line_grids_columns,instance_00015,Success,1.0
817,referencegame,Qwen3.6-35B-A3B-FP8-without-reasoning,line_grids_columns,instance_00015,Lose,0.0
818,referencegame,Qwen3.6-35B-A3B-FP8-without-reasoning,line_grids_columns,instance_00015,Main Score,100.0
819,referencegame,Qwen3.6-35B-A3B-FP8-without-reasoning,line_grids_columns,instance_00015,Request Success Ratio,1.0
820,referencegame,Qwen3.6-35B-A3B-FP8-without-reasoning,line_grids_columns,instance_00012,Generated Expression Length,106.0
821,referencegame,Qwen3.6-35B-A3B-FP8-without-reasoning,line_grids_columns,instance_00012,Generated Expression Number of Tokens,21.0
822,referencegame,Qwen3.6-35B-A3B-FP8-without-reasoning,line_grids_columns,instance_00012,Aborted at Player 1,0.0
823,referencegame,Qwen3.6-35B-A3B-FP8-without-reasoning,line_grids_columns,instance_00012,Aborted at Player 2,0.0
824,referencegame,Qwen3.6-35B-A3B-FP8-without-reasoning,line_grids_columns,instance_00012,Request Count,2.0
825,referencegame,Qwen3.6-35B-A3B-FP8-without-reasoning,line_grids_columns,instance_00012,Parsed Request Count,2.0
826,referencegame,Qwen3.6-35B-A3B-FP8-without-reasoning,line_grids_columns,instance_00012,Violated Request Count,0.0
827,referencegame,Qwen3.6-35B-A3B-FP8-without-reasoning,line_grids_columns,instance_00012,Aborted,0.0
828,referencegame,Qwen3.6-35B-A3B-FP8-without-reasoning,line_grids_columns,instance_00012,Success,1.0
829,referencegame,Qwen3.6-35B-A3B-FP8-without-reasoning,line_grids_columns,instance_00012,Lose,0.0
830,referencegame,Qwen3.6-35B-A3B-FP8-without-reasoning,line_grids_columns,instance_00012,Main Score,100.0
831,referencegame,Qwen3.6-35B-A3B-FP8-without-reasoning,line_grids_columns,instance_00012,Request Success Ratio,1.0
832,referencegame,Qwen3.6-35B-A3B-FP8-without-reasoning,line_grids_rows,instance_00005,Generated Expression Length,82.0
833,referencegame,Qwen3.6-35B-A3B-FP8-without-reasoning,line_grids_rows,instance_00005,Generated Expression Number of Tokens,13.0
834,referencegame,Qwen3.6-35B-A3B-FP8-without-reasoning,line_grids_rows,instance_00005,Aborted at Player 1,0.0
835,referencegame,Qwen3.6-35B-A3B-FP8-without-reasoning,line_grids_rows,instance_00005,Aborted at Player 2,0.0
836,referencegame,Qwen3.6-35B-A3B-FP8-without-reasoning,line_grids_rows,instance_00005,Request Count,2.0
837,referencegame,Qwen3.6-35B-A3B-FP8-without-reasoning,line_grids_rows,instance_00005,Parsed Request Count,2.0
838,referencegame,Qwen3.6-35B-A3B-FP8-without-reasoning,line_grids_rows,instance_00005,Violated Request Count,0.0
839,referencegame,Qwen3.6-35B-A3B-FP8-without-reasoning,line_grids_rows,instance_00005,Aborted,0.0
840,referencegame,Qwen3.6-35B-A3B-FP8-without-reasoning,line_grids_rows,instance_00005,Success,1.0
841,referencegame,Qwen3.6-35B-A3B-FP8-without-reasoning,line_grids_rows,instance_00005,Lose,0.0
842,referencegame,Qwen3.6-35B-A3B-FP8-without-reasoning,line_grids_rows,instance_00005,Main Score,100.0
843,referencegame,Qwen3.6-35B-A3B-FP8-without-reasoning,line_grids_rows,instance_00005,Request Success Ratio,1.0
844,referencegame,Qwen3.6-35B-A3B-FP8-without-reasoning,line_grids_rows,instance_00002,Generated Expression Length,72.0
845,referencegame,Qwen3.6-35B-A3B-FP8-without-reasoning,line_grids_rows,instance_00002,Generated Expression Number of Tokens,11.0
846,referencegame,Qwen3.6-35B-A3B-FP8-without-reasoning,line_grids_rows,instance_00002,Aborted at Player 1,0.0
847,referencegame,Qwen3.6-35B-A3B-FP8-without-reasoning,line_grids_rows,instance_00002,Aborted at Player 2,0.0
848,referencegame,Qwen3.6-35B-A3B-FP8-without-reasoning,line_grids_rows,instance_00002,Request Count,2.0
849,referencegame,Qwen3.6-35B-A3B-FP8-without-reasoning,line_grids_rows,instance_00002,Parsed Request Count,2.0
850,referencegame,Qwen3.6-35B-A3B-FP8-without-reasoning,line_grids_rows,instance_00002,Violated Request Count,0.0
851,referencegame,Qwen3.6-35B-A3B-FP8-without-reasoning,line_grids_rows,instance_00002,Aborted,0.0
852,referencegame,Qwen3.6-35B-A3B-FP8-without-reasoning,line_grids_rows,instance_00002,Success,1.0
853,referencegame,Qwen3.6-35B-A3B-FP8-without-reasoning,line_grids_rows,instance_00002,Lose,0.0
854,referencegame,Qwen3.6-35B-A3B-FP8-without-reasoning,line_grids_rows,instance_00002,Main Score,100.0
855,referencegame,Qwen3.6-35B-A3B-FP8-without-reasoning,line_grids_rows,instance_00002,Request Success Ratio,1.0
856,referencegame,Qwen3.6-35B-A3B-FP8-without-reasoning,line_grids_rows,instance_00003,Generated Expression Length,70.0
857,referencegame,Qwen3.6-35B-A3B-FP8-without-reasoning,line_grids_rows,instance_00003,Generated Expression Number of Tokens,11.0
858,referencegame,Qwen3.6-35B-A3B-FP8-without-reasoning,line_grids_rows,instance_00003,Aborted at Player 1,0.0
859,referencegame,Qwen3.6-35B-A3B-FP8-without-reasoning,line_grids_rows,instance_00003,Aborted at Player 2,0.0
860,referencegame,Qwen3.6-35B-A3B-FP8-without-reasoning,line_grids_rows,instance_00003,Request Count,2.0
861,referencegame,Qwen3.6-35B-A3B-FP8-without-reasoning,line_grids_rows,instance_00003,Parsed Request Count,2.0
862,referencegame,Qwen3.6-35B-A3B-FP8-without-reasoning,line_grids_rows,instance_00003,Violated Request Count,0.0
863,referencegame,Qwen3.6-35B-A3B-FP8-without-reasoning,line_grids_rows,instance_00003,Aborted,0.0
864,referencegame,Qwen3.6-35B-A3B-FP8-without-reasoning,line_grids_rows,instance_00003,Success,1.0
865,referencegame,Qwen3.6-35B-A3B-FP8-without-reasoning,line_grids_rows,instance_00003,Lose,0.0
866,referencegame,Qwen3.6-35B-A3B-FP8-without-reasoning,line_grids_rows,instance_00003,Main Score,100.0
867,referencegame,Qwen3.6-35B-A3B-FP8-without-reasoning,line_grids_rows,instance_00003,Request Success Ratio,1.0
868,referencegame,Qwen3.6-35B-A3B-FP8-without-reasoning,line_grids_rows,instance_00004,Generated Expression Length,90.0
869,referencegame,Qwen3.6-35B-A3B-FP8-without-reasoning,line_grids_rows,instance_00004,Generated Expression Number of Tokens,15.0
870,referencegame,Qwen3.6-35B-A3B-FP8-without-reasoning,line_grids_rows,instance_00004,Aborted at Player 1,0.0
871,referencegame,Qwen3.6-35B-A3B-FP8-without-reasoning,line_grids_rows,instance_00004,Aborted at Player 2,0.0
872,referencegame,Qwen3.6-35B-A3B-FP8-without-reasoning,line_grids_rows,instance_00004,Request Count,2.0
873,referencegame,Qwen3.6-35B-A3B-FP8-without-reasoning,line_grids_rows,instance_00004,Parsed Request Count,2.0
874,referencegame,Qwen3.6-35B-A3B-FP8-without-reasoning,line_grids_rows,instance_00004,Violated Request Count,0.0
875,referencegame,Qwen3.6-35B-A3B-FP8-without-reasoning,line_grids_rows,instance_00004,Aborted,0.0
876,referencegame,Qwen3.6-35B-A3B-FP8-without-reasoning,line_grids_rows,instance_00004,Success,0.0
877,referencegame,Qwen3.6-35B-A3B-FP8-without-reasoning,line_grids_rows,instance_00004,Lose,1.0
878,referencegame,Qwen3.6-35B-A3B-FP8-without-reasoning,line_grids_rows,instance_00004,Main Score,0.0
879,referencegame,Qwen3.6-35B-A3B-FP8-without-reasoning,line_grids_rows,instance_00004,Request Success Ratio,1.0
880,referencegame,Qwen3.6-35B-A3B-FP8-without-reasoning,line_grids_rows,instance_00017,Generated Expression Length,139.0
881,referencegame,Qwen3.6-35B-A3B-FP8-without-reasoning,line_grids_rows,instance_00017,Generated Expression Number of Tokens,22.0
882,referencegame,Qwen3.6-35B-A3B-FP8-without-reasoning,line_grids_rows,instance_00017,Aborted at Player 1,0.0
883,referencegame,Qwen3.6-35B-A3B-FP8-without-reasoning,line_grids_rows,instance_00017,Aborted at Player 2,0.0
884,referencegame,Qwen3.6-35B-A3B-FP8-without-reasoning,line_grids_rows,instance_00017,Request Count,2.0
885,referencegame,Qwen3.6-35B-A3B-FP8-without-reasoning,line_grids_rows,instance_00017,Parsed Request Count,2.0
886,referencegame,Qwen3.6-35B-A3B-FP8-without-reasoning,line_grids_rows,instance_00017,Violated Request Count,0.0
887,referencegame,Qwen3.6-35B-A3B-FP8-without-reasoning,line_grids_rows,instance_00017,Aborted,0.0
888,referencegame,Qwen3.6-35B-A3B-FP8-without-reasoning,line_grids_rows,instance_00017,Success,0.0
889,referencegame,Qwen3.6-35B-A3B-FP8-without-reasoning,line_grids_rows,instance_00017,Lose,1.0
890,referencegame,Qwen3.6-35B-A3B-FP8-without-reasoning,line_grids_rows,instance_00017,Main Score,0.0
891,referencegame,Qwen3.6-35B-A3B-FP8-without-reasoning,line_grids_rows,instance_00017,Request Success Ratio,1.0
892,referencegame,Qwen3.6-35B-A3B-FP8-without-reasoning,line_grids_rows,instance_00010,Generated Expression Length,122.0
893,referencegame,Qwen3.6-35B-A3B-FP8-without-reasoning,line_grids_rows,instance_00010,Generated Expression Number of Tokens,24.0
894,referencegame,Qwen3.6-35B-A3B-FP8-without-reasoning,line_grids_rows,instance_00010,Aborted at Player 1,0.0
895,referencegame,Qwen3.6-35B-A3B-FP8-without-reasoning,line_grids_rows,instance_00010,Aborted at Player 2,0.0
896,referencegame,Qwen3.6-35B-A3B-FP8-without-reasoning,line_grids_rows,instance_00010,Request Count,2.0
897,referencegame,Qwen3.6-35B-A3B-FP8-without-reasoning,line_grids_rows,instance_00010,Parsed Request Count,2.0
898,referencegame,Qwen3.6-35B-A3B-FP8-without-reasoning,line_grids_rows,instance_00010,Violated Request Count,0.0
899,referencegame,Qwen3.6-35B-A3B-FP8-without-reasoning,line_grids_rows,instance_00010,Aborted,0.0
900,referencegame,Qwen3.6-35B-A3B-FP8-without-reasoning,line_grids_rows,instance_00010,Success,1.0
901,referencegame,Qwen3.6-35B-A3B-FP8-without-reasoning,line_grids_rows,instance_00010,Lose,0.0
902,referencegame,Qwen3.6-35B-A3B-FP8-without-reasoning,line_grids_rows,instance_00010,Main Score,100.0
903,referencegame,Qwen3.6-35B-A3B-FP8-without-reasoning,line_grids_rows,instance_00010,Request Success Ratio,1.0
904,referencegame,Qwen3.6-35B-A3B-FP8-without-reasoning,line_grids_rows,instance_00011,Generated Expression Length,129.0
905,referencegame,Qwen3.6-35B-A3B-FP8-without-reasoning,line_grids_rows,instance_00011,Generated Expression Number of Tokens,25.0
906,referencegame,Qwen3.6-35B-A3B-FP8-without-reasoning,line_grids_rows,instance_00011,Aborted at Player 1,0.0
907,referencegame,Qwen3.6-35B-A3B-FP8-without-reasoning,line_grids_rows,instance_00011,Aborted at Player 2,0.0
908,referencegame,Qwen3.6-35B-A3B-FP8-without-reasoning,line_grids_rows,instance_00011,Request Count,2.0
909,referencegame,Qwen3.6-35B-A3B-FP8-without-reasoning,line_grids_rows,instance_00011,Parsed Request Count,2.0
910,referencegame,Qwen3.6-35B-A3B-FP8-without-reasoning,line_grids_rows,instance_00011,Violated Request Count,0.0
911,referencegame,Qwen3.6-35B-A3B-FP8-without-reasoning,line_grids_rows,instance_00011,Aborted,0.0
912,referencegame,Qwen3.6-35B-A3B-FP8-without-reasoning,line_grids_rows,instance_00011,Success,0.0
913,referencegame,Qwen3.6-35B-A3B-FP8-without-reasoning,line_grids_rows,instance_00011,Lose,1.0
914,referencegame,Qwen3.6-35B-A3B-FP8-without-reasoning,line_grids_rows,instance_00011,Main Score,0.0
915,referencegame,Qwen3.6-35B-A3B-FP8-without-reasoning,line_grids_rows,instance_00011,Request Success Ratio,1.0
916,referencegame,Qwen3.6-35B-A3B-FP8-without-reasoning,line_grids_rows,instance_00016,Generated Expression Length,134.0
917,referencegame,Qwen3.6-35B-A3B-FP8-without-reasoning,line_grids_rows,instance_00016,Generated Expression Number of Tokens,24.0
918,referencegame,Qwen3.6-35B-A3B-FP8-without-reasoning,line_grids_rows,instance_00016,Aborted at Player 1,0.0
919,referencegame,Qwen3.6-35B-A3B-FP8-without-reasoning,line_grids_rows,instance_00016,Aborted at Player 2,0.0
920,referencegame,Qwen3.6-35B-A3B-FP8-without-reasoning,line_grids_rows,instance_00016,Request Count,2.0
921,referencegame,Qwen3.6-35B-A3B-FP8-without-reasoning,line_grids_rows,instance_00016,Parsed Request Count,2.0
922,referencegame,Qwen3.6-35B-A3B-FP8-without-reasoning,line_grids_rows,instance_00016,Violated Request Count,0.0
923,referencegame,Qwen3.6-35B-A3B-FP8-without-reasoning,line_grids_rows,instance_00016,Aborted,0.0
924,referencegame,Qwen3.6-35B-A3B-FP8-without-reasoning,line_grids_rows,instance_00016,Success,0.0
925,referencegame,Qwen3.6-35B-A3B-FP8-without-reasoning,line_grids_rows,instance_00016,Lose,1.0
926,referencegame,Qwen3.6-35B-A3B-FP8-without-reasoning,line_grids_rows,instance_00016,Main Score,0.0
927,referencegame,Qwen3.6-35B-A3B-FP8-without-reasoning,line_grids_rows,instance_00016,Request Success Ratio,1.0
928,referencegame,Qwen3.6-35B-A3B-FP8-without-reasoning,line_grids_rows,instance_00008,Generated Expression Length,104.0
929,referencegame,Qwen3.6-35B-A3B-FP8-without-reasoning,line_grids_rows,instance_00008,Generated Expression Number of Tokens,21.0
930,referencegame,Qwen3.6-35B-A3B-FP8-without-reasoning,line_grids_rows,instance_00008,Aborted at Player 1,0.0
931,referencegame,Qwen3.6-35B-A3B-FP8-without-reasoning,line_grids_rows,instance_00008,Aborted at Player 2,0.0
932,referencegame,Qwen3.6-35B-A3B-FP8-without-reasoning,line_grids_rows,instance_00008,Request Count,2.0
933,referencegame,Qwen3.6-35B-A3B-FP8-without-reasoning,line_grids_rows,instance_00008,Parsed Request Count,2.0
934,referencegame,Qwen3.6-35B-A3B-FP8-without-reasoning,line_grids_rows,instance_00008,Violated Request Count,0.0
935,referencegame,Qwen3.6-35B-A3B-FP8-without-reasoning,line_grids_rows,instance_00008,Aborted,0.0
936,referencegame,Qwen3.6-35B-A3B-FP8-without-reasoning,line_grids_rows,instance_00008,Success,0.0
937,referencegame,Qwen3.6-35B-A3B-FP8-without-reasoning,line_grids_rows,instance_00008,Lose,1.0
938,referencegame,Qwen3.6-35B-A3B-FP8-without-reasoning,line_grids_rows,instance_00008,Main Score,0.0
939,referencegame,Qwen3.6-35B-A3B-FP8-without-reasoning,line_grids_rows,instance_00008,Request Success Ratio,1.0
940,referencegame,Qwen3.6-35B-A3B-FP8-without-reasoning,line_grids_rows,instance_00001,Generated Expression Length,90.0
941,referencegame,Qwen3.6-35B-A3B-FP8-without-reasoning,line_grids_rows,instance_00001,Generated Expression Number of Tokens,14.0
942,referencegame,Qwen3.6-35B-A3B-FP8-without-reasoning,line_grids_rows,instance_00001,Aborted at Player 1,0.0
943,referencegame,Qwen3.6-35B-A3B-FP8-without-reasoning,line_grids_rows,instance_00001,Aborted at Player 2,0.0
944,referencegame,Qwen3.6-35B-A3B-FP8-without-reasoning,line_grids_rows,instance_00001,Request Count,2.0
945,referencegame,Qwen3.6-35B-A3B-FP8-without-reasoning,line_grids_rows,instance_00001,Parsed Request Count,2.0
946,referencegame,Qwen3.6-35B-A3B-FP8-without-reasoning,line_grids_rows,instance_00001,Violated Request Count,0.0
947,referencegame,Qwen3.6-35B-A3B-FP8-without-reasoning,line_grids_rows,instance_00001,Aborted,0.0
948,referencegame,Qwen3.6-35B-A3B-FP8-without-reasoning,line_grids_rows,instance_00001,Success,1.0
949,referencegame,Qwen3.6-35B-A3B-FP8-without-reasoning,line_grids_rows,instance_00001,Lose,0.0
950,referencegame,Qwen3.6-35B-A3B-FP8-without-reasoning,line_grids_rows,instance_00001,Main Score,100.0
951,referencegame,Qwen3.6-35B-A3B-FP8-without-reasoning,line_grids_rows,instance_00001,Request Success Ratio,1.0
952,referencegame,Qwen3.6-35B-A3B-FP8-without-reasoning,line_grids_rows,instance_00006,Generated Expression Length,124.0
953,referencegame,Qwen3.6-35B-A3B-FP8-without-reasoning,line_grids_rows,instance_00006,Generated Expression Number of Tokens,21.0
954,referencegame,Qwen3.6-35B-A3B-FP8-without-reasoning,line_grids_rows,instance_00006,Aborted at Player 1,0.0
955,referencegame,Qwen3.6-35B-A3B-FP8-without-reasoning,line_grids_rows,instance_00006,Aborted at Player 2,0.0
956,referencegame,Qwen3.6-35B-A3B-FP8-without-reasoning,line_grids_rows,instance_00006,Request Count,2.0
957,referencegame,Qwen3.6-35B-A3B-FP8-without-reasoning,line_grids_rows,instance_00006,Parsed Request Count,2.0
958,referencegame,Qwen3.6-35B-A3B-FP8-without-reasoning,line_grids_rows,instance_00006,Violated Request Count,0.0
959,referencegame,Qwen3.6-35B-A3B-FP8-without-reasoning,line_grids_rows,instance_00006,Aborted,0.0
960,referencegame,Qwen3.6-35B-A3B-FP8-without-reasoning,line_grids_rows,instance_00006,Success,1.0
961,referencegame,Qwen3.6-35B-A3B-FP8-without-reasoning,line_grids_rows,instance_00006,Lose,0.0
962,referencegame,Qwen3.6-35B-A3B-FP8-without-reasoning,line_grids_rows,instance_00006,Main Score,100.0
963,referencegame,Qwen3.6-35B-A3B-FP8-without-reasoning,line_grids_rows,instance_00006,Request Success Ratio,1.0
964,referencegame,Qwen3.6-35B-A3B-FP8-without-reasoning,line_grids_rows,instance_00007,Generated Expression Length,124.0
965,referencegame,Qwen3.6-35B-A3B-FP8-without-reasoning,line_grids_rows,instance_00007,Generated Expression Number of Tokens,21.0
966,referencegame,Qwen3.6-35B-A3B-FP8-without-reasoning,line_grids_rows,instance_00007,Aborted at Player 1,0.0
967,referencegame,Qwen3.6-35B-A3B-FP8-without-reasoning,line_grids_rows,instance_00007,Aborted at Player 2,0.0
968,referencegame,Qwen3.6-35B-A3B-FP8-without-reasoning,line_grids_rows,instance_00007,Request Count,2.0
969,referencegame,Qwen3.6-35B-A3B-FP8-without-reasoning,line_grids_rows,instance_00007,Parsed Request Count,2.0
970,referencegame,Qwen3.6-35B-A3B-FP8-without-reasoning,line_grids_rows,instance_00007,Violated Request Count,0.0
971,referencegame,Qwen3.6-35B-A3B-FP8-without-reasoning,line_grids_rows,instance_00007,Aborted,0.0
972,referencegame,Qwen3.6-35B-A3B-FP8-without-reasoning,line_grids_rows,instance_00007,Success,0.0
973,referencegame,Qwen3.6-35B-A3B-FP8-without-reasoning,line_grids_rows,instance_00007,Lose,1.0
974,referencegame,Qwen3.6-35B-A3B-FP8-without-reasoning,line_grids_rows,instance_00007,Main Score,0.0
975,referencegame,Qwen3.6-35B-A3B-FP8-without-reasoning,line_grids_rows,instance_00007,Request Success Ratio,1.0
976,referencegame,Qwen3.6-35B-A3B-FP8-without-reasoning,line_grids_rows,instance_00000,Generated Expression Length,90.0
977,referencegame,Qwen3.6-35B-A3B-FP8-without-reasoning,line_grids_rows,instance_00000,Generated Expression Number of Tokens,14.0
978,referencegame,Qwen3.6-35B-A3B-FP8-without-reasoning,line_grids_rows,instance_00000,Aborted at Player 1,0.0
979,referencegame,Qwen3.6-35B-A3B-FP8-without-reasoning,line_grids_rows,instance_00000,Aborted at Player 2,0.0
980,referencegame,Qwen3.6-35B-A3B-FP8-without-reasoning,line_grids_rows,instance_00000,Request Count,2.0
981,referencegame,Qwen3.6-35B-A3B-FP8-without-reasoning,line_grids_rows,instance_00000,Parsed Request Count,2.0
982,referencegame,Qwen3.6-35B-A3B-FP8-without-reasoning,line_grids_rows,instance_00000,Violated Request Count,0.0
983,referencegame,Qwen3.6-35B-A3B-FP8-without-reasoning,line_grids_rows,instance_00000,Aborted,0.0
984,referencegame,Qwen3.6-35B-A3B-FP8-without-reasoning,line_grids_rows,instance_00000,Success,1.0
985,referencegame,Qwen3.6-35B-A3B-FP8-without-reasoning,line_grids_rows,instance_00000,Lose,0.0
986,referencegame,Qwen3.6-35B-A3B-FP8-without-reasoning,line_grids_rows,instance_00000,Main Score,100.0
987,referencegame,Qwen3.6-35B-A3B-FP8-without-reasoning,line_grids_rows,instance_00000,Request Success Ratio,1.0
988,referencegame,Qwen3.6-35B-A3B-FP8-without-reasoning,line_grids_rows,instance_00009,Generated Expression Length,112.0
989,referencegame,Qwen3.6-35B-A3B-FP8-without-reasoning,line_grids_rows,instance_00009,Generated Expression Number of Tokens,20.0
990,referencegame,Qwen3.6-35B-A3B-FP8-without-reasoning,line_grids_rows,instance_00009,Aborted at Player 1,0.0
991,referencegame,Qwen3.6-35B-A3B-FP8-without-reasoning,line_grids_rows,instance_00009,Aborted at Player 2,0.0
992,referencegame,Qwen3.6-35B-A3B-FP8-without-reasoning,line_grids_rows,instance_00009,Request Count,2.0
993,referencegame,Qwen3.6-35B-A3B-FP8-without-reasoning,line_grids_rows,instance_00009,Parsed Request Count,2.0
994,referencegame,Qwen3.6-35B-A3B-FP8-without-reasoning,line_grids_rows,instance_00009,Violated Request Count,0.0
995,referencegame,Qwen3.6-35B-A3B-FP8-without-reasoning,line_grids_rows,instance_00009,Aborted,0.0
996,referencegame,Qwen3.6-35B-A3B-FP8-without-reasoning,line_grids_rows,instance_00009,Success,1.0
997,referencegame,Qwen3.6-35B-A3B-FP8-without-reasoning,line_grids_rows,instance_00009,Lose,0.0
998,referencegame,Qwen3.6-35B-A3B-FP8-without-reasoning,line_grids_rows,instance_00009,Main Score,100.0
999,referencegame,Qwen3.6-35B-A3B-FP8-without-reasoning,line_grids_rows,instance_00009,Request Success Ratio,1.0
1000,referencegame,Qwen3.6-35B-A3B-FP8-without-reasoning,line_grids_rows,instance_00013,Generated Expression Length,64.0
1001,referencegame,Qwen3.6-35B-A3B-FP8-without-reasoning,line_grids_rows,instance_00013,Generated Expression Number of Tokens,9.0
1002,referencegame,Qwen3.6-35B-A3B-FP8-without-reasoning,line_grids_rows,instance_00013,Aborted at Player 1,0.0
1003,referencegame,Qwen3.6-35B-A3B-FP8-without-reasoning,line_grids_rows,instance_00013,Aborted at Player 2,0.0
1004,referencegame,Qwen3.6-35B-A3B-FP8-without-reasoning,line_grids_rows,instance_00013,Request Count,2.0
1005,referencegame,Qwen3.6-35B-A3B-FP8-without-reasoning,line_grids_rows,instance_00013,Parsed Request Count,2.0
1006,referencegame,Qwen3.6-35B-A3B-FP8-without-reasoning,line_grids_rows,instance_00013,Violated Request Count,0.0
1007,referencegame,Qwen3.6-35B-A3B-FP8-without-reasoning,line_grids_rows,instance_00013,Aborted,0.0
1008,referencegame,Qwen3.6-35B-A3B-FP8-without-reasoning,line_grids_rows,instance_00013,Success,0.0
1009,referencegame,Qwen3.6-35B-A3B-FP8-without-reasoning,line_grids_rows,instance_00013,Lose,1.0
1010,referencegame,Qwen3.6-35B-A3B-FP8-without-reasoning,line_grids_rows,instance_00013,Main Score,0.0
1011,referencegame,Qwen3.6-35B-A3B-FP8-without-reasoning,line_grids_rows,instance_00013,Request Success Ratio,1.0
1012,referencegame,Qwen3.6-35B-A3B-FP8-without-reasoning,line_grids_rows,instance_00014,Generated Expression Length,178.0
1013,referencegame,Qwen3.6-35B-A3B-FP8-without-reasoning,line_grids_rows,instance_00014,Generated Expression Number of Tokens,32.0
1014,referencegame,Qwen3.6-35B-A3B-FP8-without-reasoning,line_grids_rows,instance_00014,Aborted at Player 1,0.0
1015,referencegame,Qwen3.6-35B-A3B-FP8-without-reasoning,line_grids_rows,instance_00014,Aborted at Player 2,0.0
1016,referencegame,Qwen3.6-35B-A3B-FP8-without-reasoning,line_grids_rows,instance_00014,Request Count,2.0
1017,referencegame,Qwen3.6-35B-A3B-FP8-without-reasoning,line_grids_rows,instance_00014,Parsed Request Count,2.0
1018,referencegame,Qwen3.6-35B-A3B-FP8-without-reasoning,line_grids_rows,instance_00014,Violated Request Count,0.0
1019,referencegame,Qwen3.6-35B-A3B-FP8-without-reasoning,line_grids_rows,instance_00014,Aborted,0.0
1020,referencegame,Qwen3.6-35B-A3B-FP8-without-reasoning,line_grids_rows,instance_00014,Success,1.0
1021,referencegame,Qwen3.6-35B-A3B-FP8-without-reasoning,line_grids_rows,instance_00014,Lose,0.0
1022,referencegame,Qwen3.6-35B-A3B-FP8-without-reasoning,line_grids_rows,instance_00014,Main Score,100.0
1023,referencegame,Qwen3.6-35B-A3B-FP8-without-reasoning,line_grids_rows,instance_00014,Request Success Ratio,1.0
1024,referencegame,Qwen3.6-35B-A3B-FP8-without-reasoning,line_grids_rows,instance_00015,Generated Expression Length,141.0
1025,referencegame,Qwen3.6-35B-A3B-FP8-without-reasoning,line_grids_rows,instance_00015,Generated Expression Number of Tokens,22.0
1026,referencegame,Qwen3.6-35B-A3B-FP8-without-reasoning,line_grids_rows,instance_00015,Aborted at Player 1,0.0
1027,referencegame,Qwen3.6-35B-A3B-FP8-without-reasoning,line_grids_rows,instance_00015,Aborted at Player 2,0.0
1028,referencegame,Qwen3.6-35B-A3B-FP8-without-reasoning,line_grids_rows,instance_00015,Request Count,2.0
1029,referencegame,Qwen3.6-35B-A3B-FP8-without-reasoning,line_grids_rows,instance_00015,Parsed Request Count,2.0
1030,referencegame,Qwen3.6-35B-A3B-FP8-without-reasoning,line_grids_rows,instance_00015,Violated Request Count,0.0
1031,referencegame,Qwen3.6-35B-A3B-FP8-without-reasoning,line_grids_rows,instance_00015,Aborted,0.0
1032,referencegame,Qwen3.6-35B-A3B-FP8-without-reasoning,line_grids_rows,instance_00015,Success,1.0
1033,referencegame,Qwen3.6-35B-A3B-FP8-without-reasoning,line_grids_rows,instance_00015,Lose,0.0
1034,referencegame,Qwen3.6-35B-A3B-FP8-without-reasoning,line_grids_rows,instance_00015,Main Score,100.0
1035,referencegame,Qwen3.6-35B-A3B-FP8-without-reasoning,line_grids_rows,instance_00015,Request Success Ratio,1.0
1036,referencegame,Qwen3.6-35B-A3B-FP8-without-reasoning,line_grids_rows,instance_00012,Generated Expression Length,171.0
1037,referencegame,Qwen3.6-35B-A3B-FP8-without-reasoning,line_grids_rows,instance_00012,Generated Expression Number of Tokens,31.0
1038,referencegame,Qwen3.6-35B-A3B-FP8-without-reasoning,line_grids_rows,instance_00012,Aborted at Player 1,0.0
1039,referencegame,Qwen3.6-35B-A3B-FP8-without-reasoning,line_grids_rows,instance_00012,Aborted at Player 2,0.0
1040,referencegame,Qwen3.6-35B-A3B-FP8-without-reasoning,line_grids_rows,instance_00012,Request Count,2.0
1041,referencegame,Qwen3.6-35B-A3B-FP8-without-reasoning,line_grids_rows,instance_00012,Parsed Request Count,2.0
1042,referencegame,Qwen3.6-35B-A3B-FP8-without-reasoning,line_grids_rows,instance_00012,Violated Request Count,0.0
1043,referencegame,Qwen3.6-35B-A3B-FP8-without-reasoning,line_grids_rows,instance_00012,Aborted,0.0
1044,referencegame,Qwen3.6-35B-A3B-FP8-without-reasoning,line_grids_rows,instance_00012,Success,1.0
1045,referencegame,Qwen3.6-35B-A3B-FP8-without-reasoning,line_grids_rows,instance_00012,Lose,0.0
1046,referencegame,Qwen3.6-35B-A3B-FP8-without-reasoning,line_grids_rows,instance_00012,Main Score,100.0
1047,referencegame,Qwen3.6-35B-A3B-FP8-without-reasoning,line_grids_rows,instance_00012,Request Success Ratio,1.0
1048,referencegame,Qwen3.6-35B-A3B-FP8-without-reasoning,random_grids,instance_00005,Generated Expression Length,233.0
1049,referencegame,Qwen3.6-35B-A3B-FP8-without-reasoning,random_grids,instance_00005,Generated Expression Number of Tokens,54.0
1050,referencegame,Qwen3.6-35B-A3B-FP8-without-reasoning,random_grids,instance_00005,Aborted at Player 1,0.0
1051,referencegame,Qwen3.6-35B-A3B-FP8-without-reasoning,random_grids,instance_00005,Aborted at Player 2,0.0
1052,referencegame,Qwen3.6-35B-A3B-FP8-without-reasoning,random_grids,instance_00005,Request Count,2.0
1053,referencegame,Qwen3.6-35B-A3B-FP8-without-reasoning,random_grids,instance_00005,Parsed Request Count,2.0
1054,referencegame,Qwen3.6-35B-A3B-FP8-without-reasoning,random_grids,instance_00005,Violated Request Count,0.0
1055,referencegame,Qwen3.6-35B-A3B-FP8-without-reasoning,random_grids,instance_00005,Aborted,0.0
1056,referencegame,Qwen3.6-35B-A3B-FP8-without-reasoning,random_grids,instance_00005,Success,1.0
1057,referencegame,Qwen3.6-35B-A3B-FP8-without-reasoning,random_grids,instance_00005,Lose,0.0
1058,referencegame,Qwen3.6-35B-A3B-FP8-without-reasoning,random_grids,instance_00005,Main Score,100.0
1059,referencegame,Qwen3.6-35B-A3B-FP8-without-reasoning,random_grids,instance_00005,Request Success Ratio,1.0
1060,referencegame,Qwen3.6-35B-A3B-FP8-without-reasoning,random_grids,instance_00002,Generated Expression Length,254.0
1061,referencegame,Qwen3.6-35B-A3B-FP8-without-reasoning,random_grids,instance_00002,Generated Expression Number of Tokens,38.0
1062,referencegame,Qwen3.6-35B-A3B-FP8-without-reasoning,random_grids,instance_00002,Aborted at Player 1,0.0
1063,referencegame,Qwen3.6-35B-A3B-FP8-without-reasoning,random_grids,instance_00002,Aborted at Player 2,0.0
1064,referencegame,Qwen3.6-35B-A3B-FP8-without-reasoning,random_grids,instance_00002,Request Count,2.0
1065,referencegame,Qwen3.6-35B-A3B-FP8-without-reasoning,random_grids,instance_00002,Parsed Request Count,2.0
1066,referencegame,Qwen3.6-35B-A3B-FP8-without-reasoning,random_grids,instance_00002,Violated Request Count,0.0
1067,referencegame,Qwen3.6-35B-A3B-FP8-without-reasoning,random_grids,instance_00002,Aborted,0.0
1068,referencegame,Qwen3.6-35B-A3B-FP8-without-reasoning,random_grids,instance_00002,Success,1.0
1069,referencegame,Qwen3.6-35B-A3B-FP8-without-reasoning,random_grids,instance_00002,Lose,0.0
1070,referencegame,Qwen3.6-35B-A3B-FP8-without-reasoning,random_grids,instance_00002,Main Score,100.0
1071,referencegame,Qwen3.6-35B-A3B-FP8-without-reasoning,random_grids,instance_00002,Request Success Ratio,1.0
1072,referencegame,Qwen3.6-35B-A3B-FP8-without-reasoning,random_grids,instance_00003,Generated Expression Length,239.0
1073,referencegame,Qwen3.6-35B-A3B-FP8-without-reasoning,random_grids,instance_00003,Generated Expression Number of Tokens,52.0
1074,referencegame,Qwen3.6-35B-A3B-FP8-without-reasoning,random_grids,instance_00003,Aborted at Player 1,0.0
1075,referencegame,Qwen3.6-35B-A3B-FP8-without-reasoning,random_grids,instance_00003,Aborted at Player 2,0.0
1076,referencegame,Qwen3.6-35B-A3B-FP8-without-reasoning,random_grids,instance_00003,Request Count,2.0
1077,referencegame,Qwen3.6-35B-A3B-FP8-without-reasoning,random_grids,instance_00003,Parsed Request Count,2.0
1078,referencegame,Qwen3.6-35B-A3B-FP8-without-reasoning,random_grids,instance_00003,Violated Request Count,0.0
1079,referencegame,Qwen3.6-35B-A3B-FP8-without-reasoning,random_grids,instance_00003,Aborted,0.0
1080,referencegame,Qwen3.6-35B-A3B-FP8-without-reasoning,random_grids,instance_00003,Success,1.0
1081,referencegame,Qwen3.6-35B-A3B-FP8-without-reasoning,random_grids,instance_00003,Lose,0.0
1082,referencegame,Qwen3.6-35B-A3B-FP8-without-reasoning,random_grids,instance_00003,Main Score,100.0
1083,referencegame,Qwen3.6-35B-A3B-FP8-without-reasoning,random_grids,instance_00003,Request Success Ratio,1.0
1084,referencegame,Qwen3.6-35B-A3B-FP8-without-reasoning,random_grids,instance_00004,Generated Expression Length,322.0
1085,referencegame,Qwen3.6-35B-A3B-FP8-without-reasoning,random_grids,instance_00004,Generated Expression Number of Tokens,52.0
1086,referencegame,Qwen3.6-35B-A3B-FP8-without-reasoning,random_grids,instance_00004,Aborted at Player 1,0.0
1087,referencegame,Qwen3.6-35B-A3B-FP8-without-reasoning,random_grids,instance_00004,Aborted at Player 2,0.0
1088,referencegame,Qwen3.6-35B-A3B-FP8-without-reasoning,random_grids,instance_00004,Request Count,2.0
1089,referencegame,Qwen3.6-35B-A3B-FP8-without-reasoning,random_grids,instance_00004,Parsed Request Count,2.0
1090,referencegame,Qwen3.6-35B-A3B-FP8-without-reasoning,random_grids,instance_00004,Violated Request Count,0.0
1091,referencegame,Qwen3.6-35B-A3B-FP8-without-reasoning,random_grids,instance_00004,Aborted,0.0
1092,referencegame,Qwen3.6-35B-A3B-FP8-without-reasoning,random_grids,instance_00004,Success,0.0
1093,referencegame,Qwen3.6-35B-A3B-FP8-without-reasoning,random_grids,instance_00004,Lose,1.0
1094,referencegame,Qwen3.6-35B-A3B-FP8-without-reasoning,random_grids,instance_00004,Main Score,0.0
1095,referencegame,Qwen3.6-35B-A3B-FP8-without-reasoning,random_grids,instance_00004,Request Success Ratio,1.0
1096,referencegame,Qwen3.6-35B-A3B-FP8-without-reasoning,random_grids,instance_00017,Generated Expression Length,260.0
1097,referencegame,Qwen3.6-35B-A3B-FP8-without-reasoning,random_grids,instance_00017,Generated Expression Number of Tokens,43.0
1098,referencegame,Qwen3.6-35B-A3B-FP8-without-reasoning,random_grids,instance_00017,Aborted at Player 1,0.0
1099,referencegame,Qwen3.6-35B-A3B-FP8-without-reasoning,random_grids,instance_00017,Aborted at Player 2,0.0
1100,referencegame,Qwen3.6-35B-A3B-FP8-without-reasoning,random_grids,instance_00017,Request Count,2.0
1101,referencegame,Qwen3.6-35B-A3B-FP8-without-reasoning,random_grids,instance_00017,Parsed Request Count,2.0
1102,referencegame,Qwen3.6-35B-A3B-FP8-without-reasoning,random_grids,instance_00017,Violated Request Count,0.0
1103,referencegame,Qwen3.6-35B-A3B-FP8-without-reasoning,random_grids,instance_00017,Aborted,0.0
1104,referencegame,Qwen3.6-35B-A3B-FP8-without-reasoning,random_grids,instance_00017,Success,0.0
1105,referencegame,Qwen3.6-35B-A3B-FP8-without-reasoning,random_grids,instance_00017,Lose,1.0
1106,referencegame,Qwen3.6-35B-A3B-FP8-without-reasoning,random_grids,instance_00017,Main Score,0.0
1107,referencegame,Qwen3.6-35B-A3B-FP8-without-reasoning,random_grids,instance_00017,Request Success Ratio,1.0
1108,referencegame,Qwen3.6-35B-A3B-FP8-without-reasoning,random_grids,instance_00010,Generated Expression Length,180.0
1109,referencegame,Qwen3.6-35B-A3B-FP8-without-reasoning,random_grids,instance_00010,Generated Expression Number of Tokens,27.0
1110,referencegame,Qwen3.6-35B-A3B-FP8-without-reasoning,random_grids,instance_00010,Aborted at Player 1,0.0
1111,referencegame,Qwen3.6-35B-A3B-FP8-without-reasoning,random_grids,instance_00010,Aborted at Player 2,0.0
1112,referencegame,Qwen3.6-35B-A3B-FP8-without-reasoning,random_grids,instance_00010,Request Count,2.0
1113,referencegame,Qwen3.6-35B-A3B-FP8-without-reasoning,random_grids,instance_00010,Parsed Request Count,2.0
1114,referencegame,Qwen3.6-35B-A3B-FP8-without-reasoning,random_grids,instance_00010,Violated Request Count,0.0
1115,referencegame,Qwen3.6-35B-A3B-FP8-without-reasoning,random_grids,instance_00010,Aborted,0.0
1116,referencegame,Qwen3.6-35B-A3B-FP8-without-reasoning,random_grids,instance_00010,Success,0.0
1117,referencegame,Qwen3.6-35B-A3B-FP8-without-reasoning,random_grids,instance_00010,Lose,1.0
1118,referencegame,Qwen3.6-35B-A3B-FP8-without-reasoning,random_grids,instance_00010,Main Score,0.0
1119,referencegame,Qwen3.6-35B-A3B-FP8-without-reasoning,random_grids,instance_00010,Request Success Ratio,1.0
1120,referencegame,Qwen3.6-35B-A3B-FP8-without-reasoning,random_grids,instance_00011,Generated Expression Length,248.0
1121,referencegame,Qwen3.6-35B-A3B-FP8-without-reasoning,random_grids,instance_00011,Generated Expression Number of Tokens,54.0
1122,referencegame,Qwen3.6-35B-A3B-FP8-without-reasoning,random_grids,instance_00011,Aborted at Player 1,0.0
1123,referencegame,Qwen3.6-35B-A3B-FP8-without-reasoning,random_grids,instance_00011,Aborted at Player 2,0.0
1124,referencegame,Qwen3.6-35B-A3B-FP8-without-reasoning,random_grids,instance_00011,Request Count,2.0
1125,referencegame,Qwen3.6-35B-A3B-FP8-without-reasoning,random_grids,instance_00011,Parsed Request Count,2.0
1126,referencegame,Qwen3.6-35B-A3B-FP8-without-reasoning,random_grids,instance_00011,Violated Request Count,0.0
1127,referencegame,Qwen3.6-35B-A3B-FP8-without-reasoning,random_grids,instance_00011,Aborted,0.0
1128,referencegame,Qwen3.6-35B-A3B-FP8-without-reasoning,random_grids,instance_00011,Success,0.0
1129,referencegame,Qwen3.6-35B-A3B-FP8-without-reasoning,random_grids,instance_00011,Lose,1.0
1130,referencegame,Qwen3.6-35B-A3B-FP8-without-reasoning,random_grids,instance_00011,Main Score,0.0
1131,referencegame,Qwen3.6-35B-A3B-FP8-without-reasoning,random_grids,instance_00011,Request Success Ratio,1.0
1132,referencegame,Qwen3.6-35B-A3B-FP8-without-reasoning,random_grids,instance_00016,Generated Expression Length,168.0
1133,referencegame,Qwen3.6-35B-A3B-FP8-without-reasoning,random_grids,instance_00016,Generated Expression Number of Tokens,25.0
1134,referencegame,Qwen3.6-35B-A3B-FP8-without-reasoning,random_grids,instance_00016,Aborted at Player 1,0.0
1135,referencegame,Qwen3.6-35B-A3B-FP8-without-reasoning,random_grids,instance_00016,Aborted at Player 2,0.0
1136,referencegame,Qwen3.6-35B-A3B-FP8-without-reasoning,random_grids,instance_00016,Request Count,2.0
1137,referencegame,Qwen3.6-35B-A3B-FP8-without-reasoning,random_grids,instance_00016,Parsed Request Count,2.0
1138,referencegame,Qwen3.6-35B-A3B-FP8-without-reasoning,random_grids,instance_00016,Violated Request Count,0.0
1139,referencegame,Qwen3.6-35B-A3B-FP8-without-reasoning,random_grids,instance_00016,Aborted,0.0
1140,referencegame,Qwen3.6-35B-A3B-FP8-without-reasoning,random_grids,instance_00016,Success,0.0
1141,referencegame,Qwen3.6-35B-A3B-FP8-without-reasoning,random_grids,instance_00016,Lose,1.0
1142,referencegame,Qwen3.6-35B-A3B-FP8-without-reasoning,random_grids,instance_00016,Main Score,0.0
1143,referencegame,Qwen3.6-35B-A3B-FP8-without-reasoning,random_grids,instance_00016,Request Success Ratio,1.0
1144,referencegame,Qwen3.6-35B-A3B-FP8-without-reasoning,random_grids,instance_00008,Generated Expression Length,344.0
1145,referencegame,Qwen3.6-35B-A3B-FP8-without-reasoning,random_grids,instance_00008,Generated Expression Number of Tokens,71.0
1146,referencegame,Qwen3.6-35B-A3B-FP8-without-reasoning,random_grids,instance_00008,Aborted at Player 1,0.0
1147,referencegame,Qwen3.6-35B-A3B-FP8-without-reasoning,random_grids,instance_00008,Aborted at Player 2,0.0
1148,referencegame,Qwen3.6-35B-A3B-FP8-without-reasoning,random_grids,instance_00008,Request Count,2.0
1149,referencegame,Qwen3.6-35B-A3B-FP8-without-reasoning,random_grids,instance_00008,Parsed Request Count,2.0
1150,referencegame,Qwen3.6-35B-A3B-FP8-without-reasoning,random_grids,instance_00008,Violated Request Count,0.0
1151,referencegame,Qwen3.6-35B-A3B-FP8-without-reasoning,random_grids,instance_00008,Aborted,0.0
1152,referencegame,Qwen3.6-35B-A3B-FP8-without-reasoning,random_grids,instance_00008,Success,1.0
1153,referencegame,Qwen3.6-35B-A3B-FP8-without-reasoning,random_grids,instance_00008,Lose,0.0
1154,referencegame,Qwen3.6-35B-A3B-FP8-without-reasoning,random_grids,instance_00008,Main Score,100.0
1155,referencegame,Qwen3.6-35B-A3B-FP8-without-reasoning,random_grids,instance_00008,Request Success Ratio,1.0
1156,referencegame,Qwen3.6-35B-A3B-FP8-without-reasoning,random_grids,instance_00001,Generated Expression Length,225.0
1157,referencegame,Qwen3.6-35B-A3B-FP8-without-reasoning,random_grids,instance_00001,Generated Expression Number of Tokens,34.0
1158,referencegame,Qwen3.6-35B-A3B-FP8-without-reasoning,random_grids,instance_00001,Aborted at Player 1,0.0
1159,referencegame,Qwen3.6-35B-A3B-FP8-without-reasoning,random_grids,instance_00001,Aborted at Player 2,0.0
1160,referencegame,Qwen3.6-35B-A3B-FP8-without-reasoning,random_grids,instance_00001,Request Count,2.0
1161,referencegame,Qwen3.6-35B-A3B-FP8-without-reasoning,random_grids,instance_00001,Parsed Request Count,2.0
1162,referencegame,Qwen3.6-35B-A3B-FP8-without-reasoning,random_grids,instance_00001,Violated Request Count,0.0
1163,referencegame,Qwen3.6-35B-A3B-FP8-without-reasoning,random_grids,instance_00001,Aborted,0.0
1164,referencegame,Qwen3.6-35B-A3B-FP8-without-reasoning,random_grids,instance_00001,Success,1.0
1165,referencegame,Qwen3.6-35B-A3B-FP8-without-reasoning,random_grids,instance_00001,Lose,0.0
1166,referencegame,Qwen3.6-35B-A3B-FP8-without-reasoning,random_grids,instance_00001,Main Score,100.0
1167,referencegame,Qwen3.6-35B-A3B-FP8-without-reasoning,random_grids,instance_00001,Request Success Ratio,1.0
1168,referencegame,Qwen3.6-35B-A3B-FP8-without-reasoning,random_grids,instance_00006,Generated Expression Length,234.0
1169,referencegame,Qwen3.6-35B-A3B-FP8-without-reasoning,random_grids,instance_00006,Generated Expression Number of Tokens,53.0
1170,referencegame,Qwen3.6-35B-A3B-FP8-without-reasoning,random_grids,instance_00006,Aborted at Player 1,0.0
1171,referencegame,Qwen3.6-35B-A3B-FP8-without-reasoning,random_grids,instance_00006,Aborted at Player 2,0.0
1172,referencegame,Qwen3.6-35B-A3B-FP8-without-reasoning,random_grids,instance_00006,Request Count,2.0
1173,referencegame,Qwen3.6-35B-A3B-FP8-without-reasoning,random_grids,instance_00006,Parsed Request Count,2.0
1174,referencegame,Qwen3.6-35B-A3B-FP8-without-reasoning,random_grids,instance_00006,Violated Request Count,0.0
1175,referencegame,Qwen3.6-35B-A3B-FP8-without-reasoning,random_grids,instance_00006,Aborted,0.0
1176,referencegame,Qwen3.6-35B-A3B-FP8-without-reasoning,random_grids,instance_00006,Success,1.0
1177,referencegame,Qwen3.6-35B-A3B-FP8-without-reasoning,random_grids,instance_00006,Lose,0.0
1178,referencegame,Qwen3.6-35B-A3B-FP8-without-reasoning,random_grids,instance_00006,Main Score,100.0
1179,referencegame,Qwen3.6-35B-A3B-FP8-without-reasoning,random_grids,instance_00006,Request Success Ratio,1.0
1180,referencegame,Qwen3.6-35B-A3B-FP8-without-reasoning,random_grids,instance_00007,Generated Expression Length,446.0
1181,referencegame,Qwen3.6-35B-A3B-FP8-without-reasoning,random_grids,instance_00007,Generated Expression Number of Tokens,70.0
1182,referencegame,Qwen3.6-35B-A3B-FP8-without-reasoning,random_grids,instance_00007,Aborted at Player 1,0.0
1183,referencegame,Qwen3.6-35B-A3B-FP8-without-reasoning,random_grids,instance_00007,Aborted at Player 2,0.0
1184,referencegame,Qwen3.6-35B-A3B-FP8-without-reasoning,random_grids,instance_00007,Request Count,2.0
1185,referencegame,Qwen3.6-35B-A3B-FP8-without-reasoning,random_grids,instance_00007,Parsed Request Count,2.0
1186,referencegame,Qwen3.6-35B-A3B-FP8-without-reasoning,random_grids,instance_00007,Violated Request Count,0.0
1187,referencegame,Qwen3.6-35B-A3B-FP8-without-reasoning,random_grids,instance_00007,Aborted,0.0
1188,referencegame,Qwen3.6-35B-A3B-FP8-without-reasoning,random_grids,instance_00007,Success,1.0
1189,referencegame,Qwen3.6-35B-A3B-FP8-without-reasoning,random_grids,instance_00007,Lose,0.0
1190,referencegame,Qwen3.6-35B-A3B-FP8-without-reasoning,random_grids,instance_00007,Main Score,100.0
1191,referencegame,Qwen3.6-35B-A3B-FP8-without-reasoning,random_grids,instance_00007,Request Success Ratio,1.0
1192,referencegame,Qwen3.6-35B-A3B-FP8-without-reasoning,random_grids,instance_00000,Generated Expression Length,225.0
1193,referencegame,Qwen3.6-35B-A3B-FP8-without-reasoning,random_grids,instance_00000,Generated Expression Number of Tokens,34.0
1194,referencegame,Qwen3.6-35B-A3B-FP8-without-reasoning,random_grids,instance_00000,Aborted at Player 1,0.0
1195,referencegame,Qwen3.6-35B-A3B-FP8-without-reasoning,random_grids,instance_00000,Aborted at Player 2,0.0
1196,referencegame,Qwen3.6-35B-A3B-FP8-without-reasoning,random_grids,instance_00000,Request Count,2.0
1197,referencegame,Qwen3.6-35B-A3B-FP8-without-reasoning,random_grids,instance_00000,Parsed Request Count,2.0
1198,referencegame,Qwen3.6-35B-A3B-FP8-without-reasoning,random_grids,instance_00000,Violated Request Count,0.0
1199,referencegame,Qwen3.6-35B-A3B-FP8-without-reasoning,random_grids,instance_00000,Aborted,0.0
1200,referencegame,Qwen3.6-35B-A3B-FP8-without-reasoning,random_grids,instance_00000,Success,1.0
1201,referencegame,Qwen3.6-35B-A3B-FP8-without-reasoning,random_grids,instance_00000,Lose,0.0
1202,referencegame,Qwen3.6-35B-A3B-FP8-without-reasoning,random_grids,instance_00000,Main Score,100.0
1203,referencegame,Qwen3.6-35B-A3B-FP8-without-reasoning,random_grids,instance_00000,Request Success Ratio,1.0
1204,referencegame,Qwen3.6-35B-A3B-FP8-without-reasoning,random_grids,instance_00009,Generated Expression Length,370.0
1205,referencegame,Qwen3.6-35B-A3B-FP8-without-reasoning,random_grids,instance_00009,Generated Expression Number of Tokens,73.0
1206,referencegame,Qwen3.6-35B-A3B-FP8-without-reasoning,random_grids,instance_00009,Aborted at Player 1,0.0
1207,referencegame,Qwen3.6-35B-A3B-FP8-without-reasoning,random_grids,instance_00009,Aborted at Player 2,0.0
1208,referencegame,Qwen3.6-35B-A3B-FP8-without-reasoning,random_grids,instance_00009,Request Count,2.0
1209,referencegame,Qwen3.6-35B-A3B-FP8-without-reasoning,random_grids,instance_00009,Parsed Request Count,2.0
1210,referencegame,Qwen3.6-35B-A3B-FP8-without-reasoning,random_grids,instance_00009,Violated Request Count,0.0
1211,referencegame,Qwen3.6-35B-A3B-FP8-without-reasoning,random_grids,instance_00009,Aborted,0.0
1212,referencegame,Qwen3.6-35B-A3B-FP8-without-reasoning,random_grids,instance_00009,Success,1.0
1213,referencegame,Qwen3.6-35B-A3B-FP8-without-reasoning,random_grids,instance_00009,Lose,0.0
1214,referencegame,Qwen3.6-35B-A3B-FP8-without-reasoning,random_grids,instance_00009,Main Score,100.0
1215,referencegame,Qwen3.6-35B-A3B-FP8-without-reasoning,random_grids,instance_00009,Request Success Ratio,1.0
1216,referencegame,Qwen3.6-35B-A3B-FP8-without-reasoning,random_grids,instance_00013,Generated Expression Length,356.0
1217,referencegame,Qwen3.6-35B-A3B-FP8-without-reasoning,random_grids,instance_00013,Generated Expression Number of Tokens,55.0
1218,referencegame,Qwen3.6-35B-A3B-FP8-without-reasoning,random_grids,instance_00013,Aborted at Player 1,0.0
1219,referencegame,Qwen3.6-35B-A3B-FP8-without-reasoning,random_grids,instance_00013,Aborted at Player 2,0.0
1220,referencegame,Qwen3.6-35B-A3B-FP8-without-reasoning,random_grids,instance_00013,Request Count,2.0
1221,referencegame,Qwen3.6-35B-A3B-FP8-without-reasoning,random_grids,instance_00013,Parsed Request Count,2.0
1222,referencegame,Qwen3.6-35B-A3B-FP8-without-reasoning,random_grids,instance_00013,Violated Request Count,0.0
1223,referencegame,Qwen3.6-35B-A3B-FP8-without-reasoning,random_grids,instance_00013,Aborted,0.0
1224,referencegame,Qwen3.6-35B-A3B-FP8-without-reasoning,random_grids,instance_00013,Success,1.0
1225,referencegame,Qwen3.6-35B-A3B-FP8-without-reasoning,random_grids,instance_00013,Lose,0.0
1226,referencegame,Qwen3.6-35B-A3B-FP8-without-reasoning,random_grids,instance_00013,Main Score,100.0
1227,referencegame,Qwen3.6-35B-A3B-FP8-without-reasoning,random_grids,instance_00013,Request Success Ratio,1.0
1228,referencegame,Qwen3.6-35B-A3B-FP8-without-reasoning,random_grids,instance_00014,Generated Expression Length,378.0
1229,referencegame,Qwen3.6-35B-A3B-FP8-without-reasoning,random_grids,instance_00014,Generated Expression Number of Tokens,63.0
1230,referencegame,Qwen3.6-35B-A3B-FP8-without-reasoning,random_grids,instance_00014,Aborted at Player 1,0.0
1231,referencegame,Qwen3.6-35B-A3B-FP8-without-reasoning,random_grids,instance_00014,Aborted at Player 2,0.0
1232,referencegame,Qwen3.6-35B-A3B-FP8-without-reasoning,random_grids,instance_00014,Request Count,2.0
1233,referencegame,Qwen3.6-35B-A3B-FP8-without-reasoning,random_grids,instance_00014,Parsed Request Count,2.0
1234,referencegame,Qwen3.6-35B-A3B-FP8-without-reasoning,random_grids,instance_00014,Violated Request Count,0.0
1235,referencegame,Qwen3.6-35B-A3B-FP8-without-reasoning,random_grids,instance_00014,Aborted,0.0
1236,referencegame,Qwen3.6-35B-A3B-FP8-without-reasoning,random_grids,instance_00014,Success,0.0
1237,referencegame,Qwen3.6-35B-A3B-FP8-without-reasoning,random_grids,instance_00014,Lose,1.0
1238,referencegame,Qwen3.6-35B-A3B-FP8-without-reasoning,random_grids,instance_00014,Main Score,0.0
1239,referencegame,Qwen3.6-35B-A3B-FP8-without-reasoning,random_grids,instance_00014,Request Success Ratio,1.0
1240,referencegame,Qwen3.6-35B-A3B-FP8-without-reasoning,random_grids,instance_00015,Generated Expression Length,337.0
1241,referencegame,Qwen3.6-35B-A3B-FP8-without-reasoning,random_grids,instance_00015,Generated Expression Number of Tokens,68.0
1242,referencegame,Qwen3.6-35B-A3B-FP8-without-reasoning,random_grids,instance_00015,Aborted at Player 1,0.0
1243,referencegame,Qwen3.6-35B-A3B-FP8-without-reasoning,random_grids,instance_00015,Aborted at Player 2,0.0
1244,referencegame,Qwen3.6-35B-A3B-FP8-without-reasoning,random_grids,instance_00015,Request Count,2.0
1245,referencegame,Qwen3.6-35B-A3B-FP8-without-reasoning,random_grids,instance_00015,Parsed Request Count,2.0
1246,referencegame,Qwen3.6-35B-A3B-FP8-without-reasoning,random_grids,instance_00015,Violated Request Count,0.0
1247,referencegame,Qwen3.6-35B-A3B-FP8-without-reasoning,random_grids,instance_00015,Aborted,0.0
1248,referencegame,Qwen3.6-35B-A3B-FP8-without-reasoning,random_grids,instance_00015,Success,1.0
1249,referencegame,Qwen3.6-35B-A3B-FP8-without-reasoning,random_grids,instance_00015,Lose,0.0
1250,referencegame,Qwen3.6-35B-A3B-FP8-without-reasoning,random_grids,instance_00015,Main Score,100.0
1251,referencegame,Qwen3.6-35B-A3B-FP8-without-reasoning,random_grids,instance_00015,Request Success Ratio,1.0
1252,referencegame,Qwen3.6-35B-A3B-FP8-without-reasoning,random_grids,instance_00012,Generated Expression Length,356.0
1253,referencegame,Qwen3.6-35B-A3B-FP8-without-reasoning,random_grids,instance_00012,Generated Expression Number of Tokens,68.0
1254,referencegame,Qwen3.6-35B-A3B-FP8-without-reasoning,random_grids,instance_00012,Aborted at Player 1,0.0
1255,referencegame,Qwen3.6-35B-A3B-FP8-without-reasoning,random_grids,instance_00012,Aborted at Player 2,0.0
1256,referencegame,Qwen3.6-35B-A3B-FP8-without-reasoning,random_grids,instance_00012,Request Count,2.0
1257,referencegame,Qwen3.6-35B-A3B-FP8-without-reasoning,random_grids,instance_00012,Parsed Request Count,2.0
1258,referencegame,Qwen3.6-35B-A3B-FP8-without-reasoning,random_grids,instance_00012,Violated Request Count,0.0
1259,referencegame,Qwen3.6-35B-A3B-FP8-without-reasoning,random_grids,instance_00012,Aborted,0.0
1260,referencegame,Qwen3.6-35B-A3B-FP8-without-reasoning,random_grids,instance_00012,Success,1.0
1261,referencegame,Qwen3.6-35B-A3B-FP8-without-reasoning,random_grids,instance_00012,Lose,0.0
1262,referencegame,Qwen3.6-35B-A3B-FP8-without-reasoning,random_grids,instance_00012,Main Score,100.0
1263,referencegame,Qwen3.6-35B-A3B-FP8-without-reasoning,random_grids,instance_00012,Request Success Ratio,1.0
1264,referencegame,Qwen3.6-35B-A3B-FP8-without-reasoning,letter_grids,instance_00005,Generated Expression Length,61.0
1265,referencegame,Qwen3.6-35B-A3B-FP8-without-reasoning,letter_grids,instance_00005,Generated Expression Number of Tokens,9.0
1266,referencegame,Qwen3.6-35B-A3B-FP8-without-reasoning,letter_grids,instance_00005,Aborted at Player 1,0.0
1267,referencegame,Qwen3.6-35B-A3B-FP8-without-reasoning,letter_grids,instance_00005,Aborted at Player 2,0.0
1268,referencegame,Qwen3.6-35B-A3B-FP8-without-reasoning,letter_grids,instance_00005,Request Count,2.0
1269,referencegame,Qwen3.6-35B-A3B-FP8-without-reasoning,letter_grids,instance_00005,Parsed Request Count,2.0
1270,referencegame,Qwen3.6-35B-A3B-FP8-without-reasoning,letter_grids,instance_00005,Violated Request Count,0.0
1271,referencegame,Qwen3.6-35B-A3B-FP8-without-reasoning,letter_grids,instance_00005,Aborted,0.0
1272,referencegame,Qwen3.6-35B-A3B-FP8-without-reasoning,letter_grids,instance_00005,Success,1.0
1273,referencegame,Qwen3.6-35B-A3B-FP8-without-reasoning,letter_grids,instance_00005,Lose,0.0
1274,referencegame,Qwen3.6-35B-A3B-FP8-without-reasoning,letter_grids,instance_00005,Main Score,100.0
1275,referencegame,Qwen3.6-35B-A3B-FP8-without-reasoning,letter_grids,instance_00005,Request Success Ratio,1.0
1276,referencegame,Qwen3.6-35B-A3B-FP8-without-reasoning,letter_grids,instance_00002,Generated Expression Length,194.0
1277,referencegame,Qwen3.6-35B-A3B-FP8-without-reasoning,letter_grids,instance_00002,Generated Expression Number of Tokens,35.0
1278,referencegame,Qwen3.6-35B-A3B-FP8-without-reasoning,letter_grids,instance_00002,Aborted at Player 1,0.0
1279,referencegame,Qwen3.6-35B-A3B-FP8-without-reasoning,letter_grids,instance_00002,Aborted at Player 2,0.0
1280,referencegame,Qwen3.6-35B-A3B-FP8-without-reasoning,letter_grids,instance_00002,Request Count,2.0
1281,referencegame,Qwen3.6-35B-A3B-FP8-without-reasoning,letter_grids,instance_00002,Parsed Request Count,2.0
1282,referencegame,Qwen3.6-35B-A3B-FP8-without-reasoning,letter_grids,instance_00002,Violated Request Count,0.0
1283,referencegame,Qwen3.6-35B-A3B-FP8-without-reasoning,letter_grids,instance_00002,Aborted,0.0
1284,referencegame,Qwen3.6-35B-A3B-FP8-without-reasoning,letter_grids,instance_00002,Success,1.0
1285,referencegame,Qwen3.6-35B-A3B-FP8-without-reasoning,letter_grids,instance_00002,Lose,0.0
1286,referencegame,Qwen3.6-35B-A3B-FP8-without-reasoning,letter_grids,instance_00002,Main Score,100.0
1287,referencegame,Qwen3.6-35B-A3B-FP8-without-reasoning,letter_grids,instance_00002,Request Success Ratio,1.0
1288,referencegame,Qwen3.6-35B-A3B-FP8-without-reasoning,letter_grids,instance_00003,Generated Expression Length,66.0
1289,referencegame,Qwen3.6-35B-A3B-FP8-without-reasoning,letter_grids,instance_00003,Generated Expression Number of Tokens,12.0
1290,referencegame,Qwen3.6-35B-A3B-FP8-without-reasoning,letter_grids,instance_00003,Aborted at Player 1,0.0
1291,referencegame,Qwen3.6-35B-A3B-FP8-without-reasoning,letter_grids,instance_00003,Aborted at Player 2,0.0
1292,referencegame,Qwen3.6-35B-A3B-FP8-without-reasoning,letter_grids,instance_00003,Request Count,2.0
1293,referencegame,Qwen3.6-35B-A3B-FP8-without-reasoning,letter_grids,instance_00003,Parsed Request Count,2.0
1294,referencegame,Qwen3.6-35B-A3B-FP8-without-reasoning,letter_grids,instance_00003,Violated Request Count,0.0
1295,referencegame,Qwen3.6-35B-A3B-FP8-without-reasoning,letter_grids,instance_00003,Aborted,0.0
1296,referencegame,Qwen3.6-35B-A3B-FP8-without-reasoning,letter_grids,instance_00003,Success,1.0
1297,referencegame,Qwen3.6-35B-A3B-FP8-without-reasoning,letter_grids,instance_00003,Lose,0.0
1298,referencegame,Qwen3.6-35B-A3B-FP8-without-reasoning,letter_grids,instance_00003,Main Score,100.0
1299,referencegame,Qwen3.6-35B-A3B-FP8-without-reasoning,letter_grids,instance_00003,Request Success Ratio,1.0
1300,referencegame,Qwen3.6-35B-A3B-FP8-without-reasoning,letter_grids,instance_00004,Generated Expression Length,78.0
1301,referencegame,Qwen3.6-35B-A3B-FP8-without-reasoning,letter_grids,instance_00004,Generated Expression Number of Tokens,15.0
1302,referencegame,Qwen3.6-35B-A3B-FP8-without-reasoning,letter_grids,instance_00004,Aborted at Player 1,0.0
1303,referencegame,Qwen3.6-35B-A3B-FP8-without-reasoning,letter_grids,instance_00004,Aborted at Player 2,0.0
1304,referencegame,Qwen3.6-35B-A3B-FP8-without-reasoning,letter_grids,instance_00004,Request Count,2.0
1305,referencegame,Qwen3.6-35B-A3B-FP8-without-reasoning,letter_grids,instance_00004,Parsed Request Count,2.0
1306,referencegame,Qwen3.6-35B-A3B-FP8-without-reasoning,letter_grids,instance_00004,Violated Request Count,0.0
1307,referencegame,Qwen3.6-35B-A3B-FP8-without-reasoning,letter_grids,instance_00004,Aborted,0.0
1308,referencegame,Qwen3.6-35B-A3B-FP8-without-reasoning,letter_grids,instance_00004,Success,1.0
1309,referencegame,Qwen3.6-35B-A3B-FP8-without-reasoning,letter_grids,instance_00004,Lose,0.0
1310,referencegame,Qwen3.6-35B-A3B-FP8-without-reasoning,letter_grids,instance_00004,Main Score,100.0
1311,referencegame,Qwen3.6-35B-A3B-FP8-without-reasoning,letter_grids,instance_00004,Request Success Ratio,1.0
1312,referencegame,Qwen3.6-35B-A3B-FP8-without-reasoning,letter_grids,instance_00017,Generated Expression Length,221.0
1313,referencegame,Qwen3.6-35B-A3B-FP8-without-reasoning,letter_grids,instance_00017,Generated Expression Number of Tokens,35.0
1314,referencegame,Qwen3.6-35B-A3B-FP8-without-reasoning,letter_grids,instance_00017,Aborted at Player 1,0.0
1315,referencegame,Qwen3.6-35B-A3B-FP8-without-reasoning,letter_grids,instance_00017,Aborted at Player 2,0.0
1316,referencegame,Qwen3.6-35B-A3B-FP8-without-reasoning,letter_grids,instance_00017,Request Count,2.0
1317,referencegame,Qwen3.6-35B-A3B-FP8-without-reasoning,letter_grids,instance_00017,Parsed Request Count,2.0
1318,referencegame,Qwen3.6-35B-A3B-FP8-without-reasoning,letter_grids,instance_00017,Violated Request Count,0.0
1319,referencegame,Qwen3.6-35B-A3B-FP8-without-reasoning,letter_grids,instance_00017,Aborted,0.0
1320,referencegame,Qwen3.6-35B-A3B-FP8-without-reasoning,letter_grids,instance_00017,Success,0.0
1321,referencegame,Qwen3.6-35B-A3B-FP8-without-reasoning,letter_grids,instance_00017,Lose,1.0
1322,referencegame,Qwen3.6-35B-A3B-FP8-without-reasoning,letter_grids,instance_00017,Main Score,0.0
1323,referencegame,Qwen3.6-35B-A3B-FP8-without-reasoning,letter_grids,instance_00017,Request Success Ratio,1.0
1324,referencegame,Qwen3.6-35B-A3B-FP8-without-reasoning,letter_grids,instance_00010,Generated Expression Length,134.0
1325,referencegame,Qwen3.6-35B-A3B-FP8-without-reasoning,letter_grids,instance_00010,Generated Expression Number of Tokens,21.0
1326,referencegame,Qwen3.6-35B-A3B-FP8-without-reasoning,letter_grids,instance_00010,Aborted at Player 1,0.0
1327,referencegame,Qwen3.6-35B-A3B-FP8-without-reasoning,letter_grids,instance_00010,Aborted at Player 2,0.0
1328,referencegame,Qwen3.6-35B-A3B-FP8-without-reasoning,letter_grids,instance_00010,Request Count,2.0
1329,referencegame,Qwen3.6-35B-A3B-FP8-without-reasoning,letter_grids,instance_00010,Parsed Request Count,2.0
1330,referencegame,Qwen3.6-35B-A3B-FP8-without-reasoning,letter_grids,instance_00010,Violated Request Count,0.0
1331,referencegame,Qwen3.6-35B-A3B-FP8-without-reasoning,letter_grids,instance_00010,Aborted,0.0
1332,referencegame,Qwen3.6-35B-A3B-FP8-without-reasoning,letter_grids,instance_00010,Success,1.0
1333,referencegame,Qwen3.6-35B-A3B-FP8-without-reasoning,letter_grids,instance_00010,Lose,0.0
1334,referencegame,Qwen3.6-35B-A3B-FP8-without-reasoning,letter_grids,instance_00010,Main Score,100.0
1335,referencegame,Qwen3.6-35B-A3B-FP8-without-reasoning,letter_grids,instance_00010,Request Success Ratio,1.0
1336,referencegame,Qwen3.6-35B-A3B-FP8-without-reasoning,letter_grids,instance_00011,Generated Expression Length,117.0
1337,referencegame,Qwen3.6-35B-A3B-FP8-without-reasoning,letter_grids,instance_00011,Generated Expression Number of Tokens,21.0
1338,referencegame,Qwen3.6-35B-A3B-FP8-without-reasoning,letter_grids,instance_00011,Aborted at Player 1,0.0
1339,referencegame,Qwen3.6-35B-A3B-FP8-without-reasoning,letter_grids,instance_00011,Aborted at Player 2,0.0
1340,referencegame,Qwen3.6-35B-A3B-FP8-without-reasoning,letter_grids,instance_00011,Request Count,2.0
1341,referencegame,Qwen3.6-35B-A3B-FP8-without-reasoning,letter_grids,instance_00011,Parsed Request Count,2.0
1342,referencegame,Qwen3.6-35B-A3B-FP8-without-reasoning,letter_grids,instance_00011,Violated Request Count,0.0
1343,referencegame,Qwen3.6-35B-A3B-FP8-without-reasoning,letter_grids,instance_00011,Aborted,0.0
1344,referencegame,Qwen3.6-35B-A3B-FP8-without-reasoning,letter_grids,instance_00011,Success,0.0
1345,referencegame,Qwen3.6-35B-A3B-FP8-without-reasoning,letter_grids,instance_00011,Lose,1.0
1346,referencegame,Qwen3.6-35B-A3B-FP8-without-reasoning,letter_grids,instance_00011,Main Score,0.0
1347,referencegame,Qwen3.6-35B-A3B-FP8-without-reasoning,letter_grids,instance_00011,Request Success Ratio,1.0
1348,referencegame,Qwen3.6-35B-A3B-FP8-without-reasoning,letter_grids,instance_00016,Generated Expression Length,222.0
1349,referencegame,Qwen3.6-35B-A3B-FP8-without-reasoning,letter_grids,instance_00016,Generated Expression Number of Tokens,35.0
1350,referencegame,Qwen3.6-35B-A3B-FP8-without-reasoning,letter_grids,instance_00016,Aborted at Player 1,0.0
1351,referencegame,Qwen3.6-35B-A3B-FP8-without-reasoning,letter_grids,instance_00016,Aborted at Player 2,0.0
1352,referencegame,Qwen3.6-35B-A3B-FP8-without-reasoning,letter_grids,instance_00016,Request Count,2.0
1353,referencegame,Qwen3.6-35B-A3B-FP8-without-reasoning,letter_grids,instance_00016,Parsed Request Count,2.0
1354,referencegame,Qwen3.6-35B-A3B-FP8-without-reasoning,letter_grids,instance_00016,Violated Request Count,0.0
1355,referencegame,Qwen3.6-35B-A3B-FP8-without-reasoning,letter_grids,instance_00016,Aborted,0.0
1356,referencegame,Qwen3.6-35B-A3B-FP8-without-reasoning,letter_grids,instance_00016,Success,0.0
1357,referencegame,Qwen3.6-35B-A3B-FP8-without-reasoning,letter_grids,instance_00016,Lose,1.0
1358,referencegame,Qwen3.6-35B-A3B-FP8-without-reasoning,letter_grids,instance_00016,Main Score,0.0
1359,referencegame,Qwen3.6-35B-A3B-FP8-without-reasoning,letter_grids,instance_00016,Request Success Ratio,1.0
1360,referencegame,Qwen3.6-35B-A3B-FP8-without-reasoning,letter_grids,instance_00008,Generated Expression Length,123.0
1361,referencegame,Qwen3.6-35B-A3B-FP8-without-reasoning,letter_grids,instance_00008,Generated Expression Number of Tokens,24.0
1362,referencegame,Qwen3.6-35B-A3B-FP8-without-reasoning,letter_grids,instance_00008,Aborted at Player 1,0.0
1363,referencegame,Qwen3.6-35B-A3B-FP8-without-reasoning,letter_grids,instance_00008,Aborted at Player 2,0.0
1364,referencegame,Qwen3.6-35B-A3B-FP8-without-reasoning,letter_grids,instance_00008,Request Count,2.0
1365,referencegame,Qwen3.6-35B-A3B-FP8-without-reasoning,letter_grids,instance_00008,Parsed Request Count,2.0
1366,referencegame,Qwen3.6-35B-A3B-FP8-without-reasoning,letter_grids,instance_00008,Violated Request Count,0.0
1367,referencegame,Qwen3.6-35B-A3B-FP8-without-reasoning,letter_grids,instance_00008,Aborted,0.0
1368,referencegame,Qwen3.6-35B-A3B-FP8-without-reasoning,letter_grids,instance_00008,Success,1.0
1369,referencegame,Qwen3.6-35B-A3B-FP8-without-reasoning,letter_grids,instance_00008,Lose,0.0
1370,referencegame,Qwen3.6-35B-A3B-FP8-without-reasoning,letter_grids,instance_00008,Main Score,100.0
1371,referencegame,Qwen3.6-35B-A3B-FP8-without-reasoning,letter_grids,instance_00008,Request Success Ratio,1.0
1372,referencegame,Qwen3.6-35B-A3B-FP8-without-reasoning,letter_grids,instance_00001,Generated Expression Length,204.0
1373,referencegame,Qwen3.6-35B-A3B-FP8-without-reasoning,letter_grids,instance_00001,Generated Expression Number of Tokens,34.0
1374,referencegame,Qwen3.6-35B-A3B-FP8-without-reasoning,letter_grids,instance_00001,Aborted at Player 1,0.0
1375,referencegame,Qwen3.6-35B-A3B-FP8-without-reasoning,letter_grids,instance_00001,Aborted at Player 2,0.0
1376,referencegame,Qwen3.6-35B-A3B-FP8-without-reasoning,letter_grids,instance_00001,Request Count,2.0
1377,referencegame,Qwen3.6-35B-A3B-FP8-without-reasoning,letter_grids,instance_00001,Parsed Request Count,2.0
1378,referencegame,Qwen3.6-35B-A3B-FP8-without-reasoning,letter_grids,instance_00001,Violated Request Count,0.0
1379,referencegame,Qwen3.6-35B-A3B-FP8-without-reasoning,letter_grids,instance_00001,Aborted,0.0
1380,referencegame,Qwen3.6-35B-A3B-FP8-without-reasoning,letter_grids,instance_00001,Success,0.0
1381,referencegame,Qwen3.6-35B-A3B-FP8-without-reasoning,letter_grids,instance_00001,Lose,1.0
1382,referencegame,Qwen3.6-35B-A3B-FP8-without-reasoning,letter_grids,instance_00001,Main Score,0.0
1383,referencegame,Qwen3.6-35B-A3B-FP8-without-reasoning,letter_grids,instance_00001,Request Success Ratio,1.0
1384,referencegame,Qwen3.6-35B-A3B-FP8-without-reasoning,letter_grids,instance_00006,Generated Expression Length,121.0
1385,referencegame,Qwen3.6-35B-A3B-FP8-without-reasoning,letter_grids,instance_00006,Generated Expression Number of Tokens,22.0
1386,referencegame,Qwen3.6-35B-A3B-FP8-without-reasoning,letter_grids,instance_00006,Aborted at Player 1,0.0
1387,referencegame,Qwen3.6-35B-A3B-FP8-without-reasoning,letter_grids,instance_00006,Aborted at Player 2,0.0
1388,referencegame,Qwen3.6-35B-A3B-FP8-without-reasoning,letter_grids,instance_00006,Request Count,2.0
1389,referencegame,Qwen3.6-35B-A3B-FP8-without-reasoning,letter_grids,instance_00006,Parsed Request Count,2.0
1390,referencegame,Qwen3.6-35B-A3B-FP8-without-reasoning,letter_grids,instance_00006,Violated Request Count,0.0
1391,referencegame,Qwen3.6-35B-A3B-FP8-without-reasoning,letter_grids,instance_00006,Aborted,0.0
1392,referencegame,Qwen3.6-35B-A3B-FP8-without-reasoning,letter_grids,instance_00006,Success,1.0
1393,referencegame,Qwen3.6-35B-A3B-FP8-without-reasoning,letter_grids,instance_00006,Lose,0.0
1394,referencegame,Qwen3.6-35B-A3B-FP8-without-reasoning,letter_grids,instance_00006,Main Score,100.0
1395,referencegame,Qwen3.6-35B-A3B-FP8-without-reasoning,letter_grids,instance_00006,Request Success Ratio,1.0
1396,referencegame,Qwen3.6-35B-A3B-FP8-without-reasoning,letter_grids,instance_00007,Generated Expression Length,119.0
1397,referencegame,Qwen3.6-35B-A3B-FP8-without-reasoning,letter_grids,instance_00007,Generated Expression Number of Tokens,21.0
1398,referencegame,Qwen3.6-35B-A3B-FP8-without-reasoning,letter_grids,instance_00007,Aborted at Player 1,0.0
1399,referencegame,Qwen3.6-35B-A3B-FP8-without-reasoning,letter_grids,instance_00007,Aborted at Player 2,0.0
1400,referencegame,Qwen3.6-35B-A3B-FP8-without-reasoning,letter_grids,instance_00007,Request Count,2.0
1401,referencegame,Qwen3.6-35B-A3B-FP8-without-reasoning,letter_grids,instance_00007,Parsed Request Count,2.0
1402,referencegame,Qwen3.6-35B-A3B-FP8-without-reasoning,letter_grids,instance_00007,Violated Request Count,0.0
1403,referencegame,Qwen3.6-35B-A3B-FP8-without-reasoning,letter_grids,instance_00007,Aborted,0.0
1404,referencegame,Qwen3.6-35B-A3B-FP8-without-reasoning,letter_grids,instance_00007,Success,0.0
1405,referencegame,Qwen3.6-35B-A3B-FP8-without-reasoning,letter_grids,instance_00007,Lose,1.0
1406,referencegame,Qwen3.6-35B-A3B-FP8-without-reasoning,letter_grids,instance_00007,Main Score,0.0
1407,referencegame,Qwen3.6-35B-A3B-FP8-without-reasoning,letter_grids,instance_00007,Request Success Ratio,1.0
1408,referencegame,Qwen3.6-35B-A3B-FP8-without-reasoning,letter_grids,instance_00000,Generated Expression Length,144.0
1409,referencegame,Qwen3.6-35B-A3B-FP8-without-reasoning,letter_grids,instance_00000,Generated Expression Number of Tokens,27.0
1410,referencegame,Qwen3.6-35B-A3B-FP8-without-reasoning,letter_grids,instance_00000,Aborted at Player 1,0.0
1411,referencegame,Qwen3.6-35B-A3B-FP8-without-reasoning,letter_grids,instance_00000,Aborted at Player 2,1.0
1412,referencegame,Qwen3.6-35B-A3B-FP8-without-reasoning,letter_grids,instance_00000,Request Count,2.0
1413,referencegame,Qwen3.6-35B-A3B-FP8-without-reasoning,letter_grids,instance_00000,Parsed Request Count,1.0
1414,referencegame,Qwen3.6-35B-A3B-FP8-without-reasoning,letter_grids,instance_00000,Violated Request Count,1.0
1415,referencegame,Qwen3.6-35B-A3B-FP8-without-reasoning,letter_grids,instance_00000,Aborted,1.0
1416,referencegame,Qwen3.6-35B-A3B-FP8-without-reasoning,letter_grids,instance_00000,Success,
1417,referencegame,Qwen3.6-35B-A3B-FP8-without-reasoning,letter_grids,instance_00000,Lose,
1418,referencegame,Qwen3.6-35B-A3B-FP8-without-reasoning,letter_grids,instance_00000,Main Score,
1419,referencegame,Qwen3.6-35B-A3B-FP8-without-reasoning,letter_grids,instance_00000,Request Success Ratio,0.5
1420,referencegame,Qwen3.6-35B-A3B-FP8-without-reasoning,letter_grids,instance_00009,Generated Expression Length,121.0
1421,referencegame,Qwen3.6-35B-A3B-FP8-without-reasoning,letter_grids,instance_00009,Generated Expression Number of Tokens,22.0
1422,referencegame,Qwen3.6-35B-A3B-FP8-without-reasoning,letter_grids,instance_00009,Aborted at Player 1,0.0
1423,referencegame,Qwen3.6-35B-A3B-FP8-without-reasoning,letter_grids,instance_00009,Aborted at Player 2,0.0
1424,referencegame,Qwen3.6-35B-A3B-FP8-without-reasoning,letter_grids,instance_00009,Request Count,2.0
1425,referencegame,Qwen3.6-35B-A3B-FP8-without-reasoning,letter_grids,instance_00009,Parsed Request Count,2.0
1426,referencegame,Qwen3.6-35B-A3B-FP8-without-reasoning,letter_grids,instance_00009,Violated Request Count,0.0
1427,referencegame,Qwen3.6-35B-A3B-FP8-without-reasoning,letter_grids,instance_00009,Aborted,0.0
1428,referencegame,Qwen3.6-35B-A3B-FP8-without-reasoning,letter_grids,instance_00009,Success,1.0
1429,referencegame,Qwen3.6-35B-A3B-FP8-without-reasoning,letter_grids,instance_00009,Lose,0.0
1430,referencegame,Qwen3.6-35B-A3B-FP8-without-reasoning,letter_grids,instance_00009,Main Score,100.0
1431,referencegame,Qwen3.6-35B-A3B-FP8-without-reasoning,letter_grids,instance_00009,Request Success Ratio,1.0
1432,referencegame,Qwen3.6-35B-A3B-FP8-without-reasoning,letter_grids,instance_00013,Generated Expression Length,136.0
1433,referencegame,Qwen3.6-35B-A3B-FP8-without-reasoning,letter_grids,instance_00013,Generated Expression Number of Tokens,22.0
1434,referencegame,Qwen3.6-35B-A3B-FP8-without-reasoning,letter_grids,instance_00013,Aborted at Player 1,0.0
1435,referencegame,Qwen3.6-35B-A3B-FP8-without-reasoning,letter_grids,instance_00013,Aborted at Player 2,0.0
1436,referencegame,Qwen3.6-35B-A3B-FP8-without-reasoning,letter_grids,instance_00013,Request Count,2.0
1437,referencegame,Qwen3.6-35B-A3B-FP8-without-reasoning,letter_grids,instance_00013,Parsed Request Count,2.0
1438,referencegame,Qwen3.6-35B-A3B-FP8-without-reasoning,letter_grids,instance_00013,Violated Request Count,0.0
1439,referencegame,Qwen3.6-35B-A3B-FP8-without-reasoning,letter_grids,instance_00013,Aborted,0.0
1440,referencegame,Qwen3.6-35B-A3B-FP8-without-reasoning,letter_grids,instance_00013,Success,0.0
1441,referencegame,Qwen3.6-35B-A3B-FP8-without-reasoning,letter_grids,instance_00013,Lose,1.0
1442,referencegame,Qwen3.6-35B-A3B-FP8-without-reasoning,letter_grids,instance_00013,Main Score,0.0
1443,referencegame,Qwen3.6-35B-A3B-FP8-without-reasoning,letter_grids,instance_00013,Request Success Ratio,1.0
1444,referencegame,Qwen3.6-35B-A3B-FP8-without-reasoning,letter_grids,instance_00014,Generated Expression Length,123.0
1445,referencegame,Qwen3.6-35B-A3B-FP8-without-reasoning,letter_grids,instance_00014,Generated Expression Number of Tokens,20.0
1446,referencegame,Qwen3.6-35B-A3B-FP8-without-reasoning,letter_grids,instance_00014,Aborted at Player 1,0.0
1447,referencegame,Qwen3.6-35B-A3B-FP8-without-reasoning,letter_grids,instance_00014,Aborted at Player 2,0.0
1448,referencegame,Qwen3.6-35B-A3B-FP8-without-reasoning,letter_grids,instance_00014,Request Count,2.0
1449,referencegame,Qwen3.6-35B-A3B-FP8-without-reasoning,letter_grids,instance_00014,Parsed Request Count,2.0
1450,referencegame,Qwen3.6-35B-A3B-FP8-without-reasoning,letter_grids,instance_00014,Violated Request Count,0.0
1451,referencegame,Qwen3.6-35B-A3B-FP8-without-reasoning,letter_grids,instance_00014,Aborted,0.0
1452,referencegame,Qwen3.6-35B-A3B-FP8-without-reasoning,letter_grids,instance_00014,Success,0.0
1453,referencegame,Qwen3.6-35B-A3B-FP8-without-reasoning,letter_grids,instance_00014,Lose,1.0
1454,referencegame,Qwen3.6-35B-A3B-FP8-without-reasoning,letter_grids,instance_00014,Main Score,0.0
1455,referencegame,Qwen3.6-35B-A3B-FP8-without-reasoning,letter_grids,instance_00014,Request Success Ratio,1.0
1456,referencegame,Qwen3.6-35B-A3B-FP8-without-reasoning,letter_grids,instance_00015,Generated Expression Length,102.0
1457,referencegame,Qwen3.6-35B-A3B-FP8-without-reasoning,letter_grids,instance_00015,Generated Expression Number of Tokens,16.0
1458,referencegame,Qwen3.6-35B-A3B-FP8-without-reasoning,letter_grids,instance_00015,Aborted at Player 1,0.0
1459,referencegame,Qwen3.6-35B-A3B-FP8-without-reasoning,letter_grids,instance_00015,Aborted at Player 2,0.0
1460,referencegame,Qwen3.6-35B-A3B-FP8-without-reasoning,letter_grids,instance_00015,Request Count,2.0
1461,referencegame,Qwen3.6-35B-A3B-FP8-without-reasoning,letter_grids,instance_00015,Parsed Request Count,2.0
1462,referencegame,Qwen3.6-35B-A3B-FP8-without-reasoning,letter_grids,instance_00015,Violated Request Count,0.0
1463,referencegame,Qwen3.6-35B-A3B-FP8-without-reasoning,letter_grids,instance_00015,Aborted,0.0
1464,referencegame,Qwen3.6-35B-A3B-FP8-without-reasoning,letter_grids,instance_00015,Success,1.0
1465,referencegame,Qwen3.6-35B-A3B-FP8-without-reasoning,letter_grids,instance_00015,Lose,0.0
1466,referencegame,Qwen3.6-35B-A3B-FP8-without-reasoning,letter_grids,instance_00015,Main Score,100.0
1467,referencegame,Qwen3.6-35B-A3B-FP8-without-reasoning,letter_grids,instance_00015,Request Success Ratio,1.0
1468,referencegame,Qwen3.6-35B-A3B-FP8-without-reasoning,letter_grids,instance_00012,Generated Expression Length,123.0
1469,referencegame,Qwen3.6-35B-A3B-FP8-without-reasoning,letter_grids,instance_00012,Generated Expression Number of Tokens,18.0
1470,referencegame,Qwen3.6-35B-A3B-FP8-without-reasoning,letter_grids,instance_00012,Aborted at Player 1,0.0
1471,referencegame,Qwen3.6-35B-A3B-FP8-without-reasoning,letter_grids,instance_00012,Aborted at Player 2,0.0
1472,referencegame,Qwen3.6-35B-A3B-FP8-without-reasoning,letter_grids,instance_00012,Request Count,2.0
1473,referencegame,Qwen3.6-35B-A3B-FP8-without-reasoning,letter_grids,instance_00012,Parsed Request Count,2.0
1474,referencegame,Qwen3.6-35B-A3B-FP8-without-reasoning,letter_grids,instance_00012,Violated Request Count,0.0
1475,referencegame,Qwen3.6-35B-A3B-FP8-without-reasoning,letter_grids,instance_00012,Aborted,0.0
1476,referencegame,Qwen3.6-35B-A3B-FP8-without-reasoning,letter_grids,instance_00012,Success,1.0
1477,referencegame,Qwen3.6-35B-A3B-FP8-without-reasoning,letter_grids,instance_00012,Lose,0.0
1478,referencegame,Qwen3.6-35B-A3B-FP8-without-reasoning,letter_grids,instance_00012,Main Score,100.0
1479,referencegame,Qwen3.6-35B-A3B-FP8-without-reasoning,letter_grids,instance_00012,Request Success Ratio,1.0
1480,imagegame,Qwen3.6-35B-A3B-FP8-without-reasoning,random_grids,instance_00005,Precision,100.0
1481,imagegame,Qwen3.6-35B-A3B-FP8-without-reasoning,random_grids,instance_00005,Recall,100.0
1482,imagegame,Qwen3.6-35B-A3B-FP8-without-reasoning,random_grids,instance_00005,F1,100.0
1483,imagegame,Qwen3.6-35B-A3B-FP8-without-reasoning,random_grids,instance_00005,Main Score,100.0
1484,imagegame,Qwen3.6-35B-A3B-FP8-without-reasoning,random_grids,instance_00005,Average Changed Cell Count,1.0
1485,imagegame,Qwen3.6-35B-A3B-FP8-without-reasoning,random_grids,instance_00005,Average Generated Instruction Length,49.6
1486,imagegame,Qwen3.6-35B-A3B-FP8-without-reasoning,random_grids,instance_00005,Average Generated Expression Number of Tokens,8.0
1487,imagegame,Qwen3.6-35B-A3B-FP8-without-reasoning,random_grids,instance_00005,Success,1.0
1488,imagegame,Qwen3.6-35B-A3B-FP8-without-reasoning,random_grids,instance_00005,Lose,0.0
1489,imagegame,Qwen3.6-35B-A3B-FP8-without-reasoning,random_grids,instance_00005,Aborted,0.0
1490,imagegame,Qwen3.6-35B-A3B-FP8-without-reasoning,random_grids,instance_00005,Request Count,32.0
1491,imagegame,Qwen3.6-35B-A3B-FP8-without-reasoning,random_grids,instance_00005,Violated Request Count,0.0
1492,imagegame,Qwen3.6-35B-A3B-FP8-without-reasoning,random_grids,instance_00005,Parsed Request Count,32.0
1493,imagegame,Qwen3.6-35B-A3B-FP8-without-reasoning,random_grids,instance_00005,Request Success Ratio,1.0
1494,imagegame,Qwen3.6-35B-A3B-FP8-without-reasoning,random_grids,instance_00002,Precision,100.0
1495,imagegame,Qwen3.6-35B-A3B-FP8-without-reasoning,random_grids,instance_00002,Recall,100.0
1496,imagegame,Qwen3.6-35B-A3B-FP8-without-reasoning,random_grids,instance_00002,F1,100.0
1497,imagegame,Qwen3.6-35B-A3B-FP8-without-reasoning,random_grids,instance_00002,Main Score,100.0
1498,imagegame,Qwen3.6-35B-A3B-FP8-without-reasoning,random_grids,instance_00002,Average Changed Cell Count,1.0
1499,imagegame,Qwen3.6-35B-A3B-FP8-without-reasoning,random_grids,instance_00002,Average Generated Instruction Length,49.1667
1500,imagegame,Qwen3.6-35B-A3B-FP8-without-reasoning,random_grids,instance_00002,Average Generated Expression Number of Tokens,8.0
1501,imagegame,Qwen3.6-35B-A3B-FP8-without-reasoning,random_grids,instance_00002,Success,1.0
1502,imagegame,Qwen3.6-35B-A3B-FP8-without-reasoning,random_grids,instance_00002,Lose,0.0
1503,imagegame,Qwen3.6-35B-A3B-FP8-without-reasoning,random_grids,instance_00002,Aborted,0.0
1504,imagegame,Qwen3.6-35B-A3B-FP8-without-reasoning,random_grids,instance_00002,Request Count,38.0
1505,imagegame,Qwen3.6-35B-A3B-FP8-without-reasoning,random_grids,instance_00002,Violated Request Count,0.0
1506,imagegame,Qwen3.6-35B-A3B-FP8-without-reasoning,random_grids,instance_00002,Parsed Request Count,38.0
1507,imagegame,Qwen3.6-35B-A3B-FP8-without-reasoning,random_grids,instance_00002,Request Success Ratio,1.0
1508,imagegame,Qwen3.6-35B-A3B-FP8-without-reasoning,random_grids,instance_00003,Precision,100.0
1509,imagegame,Qwen3.6-35B-A3B-FP8-without-reasoning,random_grids,instance_00003,Recall,100.0
1510,imagegame,Qwen3.6-35B-A3B-FP8-without-reasoning,random_grids,instance_00003,F1,100.0
1511,imagegame,Qwen3.6-35B-A3B-FP8-without-reasoning,random_grids,instance_00003,Main Score,100.0
1512,imagegame,Qwen3.6-35B-A3B-FP8-without-reasoning,random_grids,instance_00003,Average Changed Cell Count,1.0
1513,imagegame,Qwen3.6-35B-A3B-FP8-without-reasoning,random_grids,instance_00003,Average Generated Instruction Length,49.6667
1514,imagegame,Qwen3.6-35B-A3B-FP8-without-reasoning,random_grids,instance_00003,Average Generated Expression Number of Tokens,8.0
1515,imagegame,Qwen3.6-35B-A3B-FP8-without-reasoning,random_grids,instance_00003,Success,1.0
1516,imagegame,Qwen3.6-35B-A3B-FP8-without-reasoning,random_grids,instance_00003,Lose,0.0
1517,imagegame,Qwen3.6-35B-A3B-FP8-without-reasoning,random_grids,instance_00003,Aborted,0.0
1518,imagegame,Qwen3.6-35B-A3B-FP8-without-reasoning,random_grids,instance_00003,Request Count,38.0
1519,imagegame,Qwen3.6-35B-A3B-FP8-without-reasoning,random_grids,instance_00003,Violated Request Count,0.0
1520,imagegame,Qwen3.6-35B-A3B-FP8-without-reasoning,random_grids,instance_00003,Parsed Request Count,38.0
1521,imagegame,Qwen3.6-35B-A3B-FP8-without-reasoning,random_grids,instance_00003,Request Success Ratio,1.0
1522,imagegame,Qwen3.6-35B-A3B-FP8-without-reasoning,random_grids,instance_00004,Precision,100.0
1523,imagegame,Qwen3.6-35B-A3B-FP8-without-reasoning,random_grids,instance_00004,Recall,100.0
1524,imagegame,Qwen3.6-35B-A3B-FP8-without-reasoning,random_grids,instance_00004,F1,100.0
1525,imagegame,Qwen3.6-35B-A3B-FP8-without-reasoning,random_grids,instance_00004,Main Score,100.0
1526,imagegame,Qwen3.6-35B-A3B-FP8-without-reasoning,random_grids,instance_00004,Average Changed Cell Count,1.0
1527,imagegame,Qwen3.6-35B-A3B-FP8-without-reasoning,random_grids,instance_00004,Average Generated Instruction Length,49.625
1528,imagegame,Qwen3.6-35B-A3B-FP8-without-reasoning,random_grids,instance_00004,Average Generated Expression Number of Tokens,8.0
1529,imagegame,Qwen3.6-35B-A3B-FP8-without-reasoning,random_grids,instance_00004,Success,1.0
1530,imagegame,Qwen3.6-35B-A3B-FP8-without-reasoning,random_grids,instance_00004,Lose,0.0
1531,imagegame,Qwen3.6-35B-A3B-FP8-without-reasoning,random_grids,instance_00004,Aborted,0.0
1532,imagegame,Qwen3.6-35B-A3B-FP8-without-reasoning,random_grids,instance_00004,Request Count,50.0
1533,imagegame,Qwen3.6-35B-A3B-FP8-without-reasoning,random_grids,instance_00004,Violated Request Count,0.0
1534,imagegame,Qwen3.6-35B-A3B-FP8-without-reasoning,random_grids,instance_00004,Parsed Request Count,50.0
1535,imagegame,Qwen3.6-35B-A3B-FP8-without-reasoning,random_grids,instance_00004,Request Success Ratio,1.0
1536,imagegame,Qwen3.6-35B-A3B-FP8-without-reasoning,random_grids,instance_00017,Precision,100.0
1537,imagegame,Qwen3.6-35B-A3B-FP8-without-reasoning,random_grids,instance_00017,Recall,100.0
1538,imagegame,Qwen3.6-35B-A3B-FP8-without-reasoning,random_grids,instance_00017,F1,100.0
1539,imagegame,Qwen3.6-35B-A3B-FP8-without-reasoning,random_grids,instance_00017,Main Score,100.0
1540,imagegame,Qwen3.6-35B-A3B-FP8-without-reasoning,random_grids,instance_00017,Average Changed Cell Count,1.0
1541,imagegame,Qwen3.6-35B-A3B-FP8-without-reasoning,random_grids,instance_00017,Average Generated Instruction Length,49.2
1542,imagegame,Qwen3.6-35B-A3B-FP8-without-reasoning,random_grids,instance_00017,Average Generated Expression Number of Tokens,8.0
1543,imagegame,Qwen3.6-35B-A3B-FP8-without-reasoning,random_grids,instance_00017,Success,1.0
1544,imagegame,Qwen3.6-35B-A3B-FP8-without-reasoning,random_grids,instance_00017,Lose,0.0
1545,imagegame,Qwen3.6-35B-A3B-FP8-without-reasoning,random_grids,instance_00017,Aborted,0.0
1546,imagegame,Qwen3.6-35B-A3B-FP8-without-reasoning,random_grids,instance_00017,Request Count,32.0
1547,imagegame,Qwen3.6-35B-A3B-FP8-without-reasoning,random_grids,instance_00017,Violated Request Count,0.0
1548,imagegame,Qwen3.6-35B-A3B-FP8-without-reasoning,random_grids,instance_00017,Parsed Request Count,32.0
1549,imagegame,Qwen3.6-35B-A3B-FP8-without-reasoning,random_grids,instance_00017,Request Success Ratio,1.0
1550,imagegame,Qwen3.6-35B-A3B-FP8-without-reasoning,random_grids,instance_00010,Precision,100.0
1551,imagegame,Qwen3.6-35B-A3B-FP8-without-reasoning,random_grids,instance_00010,Recall,100.0
1552,imagegame,Qwen3.6-35B-A3B-FP8-without-reasoning,random_grids,instance_00010,F1,100.0
1553,imagegame,Qwen3.6-35B-A3B-FP8-without-reasoning,random_grids,instance_00010,Main Score,100.0
1554,imagegame,Qwen3.6-35B-A3B-FP8-without-reasoning,random_grids,instance_00010,Average Changed Cell Count,1.0
1555,imagegame,Qwen3.6-35B-A3B-FP8-without-reasoning,random_grids,instance_00010,Average Generated Instruction Length,49.5714
1556,imagegame,Qwen3.6-35B-A3B-FP8-without-reasoning,random_grids,instance_00010,Average Generated Expression Number of Tokens,8.0
1557,imagegame,Qwen3.6-35B-A3B-FP8-without-reasoning,random_grids,instance_00010,Success,1.0
1558,imagegame,Qwen3.6-35B-A3B-FP8-without-reasoning,random_grids,instance_00010,Lose,0.0
1559,imagegame,Qwen3.6-35B-A3B-FP8-without-reasoning,random_grids,instance_00010,Aborted,0.0
1560,imagegame,Qwen3.6-35B-A3B-FP8-without-reasoning,random_grids,instance_00010,Request Count,44.0
1561,imagegame,Qwen3.6-35B-A3B-FP8-without-reasoning,random_grids,instance_00010,Violated Request Count,0.0
1562,imagegame,Qwen3.6-35B-A3B-FP8-without-reasoning,random_grids,instance_00010,Parsed Request Count,44.0
1563,imagegame,Qwen3.6-35B-A3B-FP8-without-reasoning,random_grids,instance_00010,Request Success Ratio,1.0
1564,imagegame,Qwen3.6-35B-A3B-FP8-without-reasoning,random_grids,instance_00019,Precision,100.0
1565,imagegame,Qwen3.6-35B-A3B-FP8-without-reasoning,random_grids,instance_00019,Recall,100.0
1566,imagegame,Qwen3.6-35B-A3B-FP8-without-reasoning,random_grids,instance_00019,F1,100.0
1567,imagegame,Qwen3.6-35B-A3B-FP8-without-reasoning,random_grids,instance_00019,Main Score,100.0
1568,imagegame,Qwen3.6-35B-A3B-FP8-without-reasoning,random_grids,instance_00019,Average Changed Cell Count,1.0
1569,imagegame,Qwen3.6-35B-A3B-FP8-without-reasoning,random_grids,instance_00019,Average Generated Instruction Length,49.1667
1570,imagegame,Qwen3.6-35B-A3B-FP8-without-reasoning,random_grids,instance_00019,Average Generated Expression Number of Tokens,8.0
1571,imagegame,Qwen3.6-35B-A3B-FP8-without-reasoning,random_grids,instance_00019,Success,1.0
1572,imagegame,Qwen3.6-35B-A3B-FP8-without-reasoning,random_grids,instance_00019,Lose,0.0
1573,imagegame,Qwen3.6-35B-A3B-FP8-without-reasoning,random_grids,instance_00019,Aborted,0.0
1574,imagegame,Qwen3.6-35B-A3B-FP8-without-reasoning,random_grids,instance_00019,Request Count,38.0
1575,imagegame,Qwen3.6-35B-A3B-FP8-without-reasoning,random_grids,instance_00019,Violated Request Count,0.0
1576,imagegame,Qwen3.6-35B-A3B-FP8-without-reasoning,random_grids,instance_00019,Parsed Request Count,38.0
1577,imagegame,Qwen3.6-35B-A3B-FP8-without-reasoning,random_grids,instance_00019,Request Success Ratio,1.0
1578,imagegame,Qwen3.6-35B-A3B-FP8-without-reasoning,random_grids,instance_00018,Precision,86.0
1579,imagegame,Qwen3.6-35B-A3B-FP8-without-reasoning,random_grids,instance_00018,Recall,86.0
1580,imagegame,Qwen3.6-35B-A3B-FP8-without-reasoning,random_grids,instance_00018,F1,86.0
1581,imagegame,Qwen3.6-35B-A3B-FP8-without-reasoning,random_grids,instance_00018,Main Score,86.0
1582,imagegame,Qwen3.6-35B-A3B-FP8-without-reasoning,random_grids,instance_00018,Average Changed Cell Count,1.0
1583,imagegame,Qwen3.6-35B-A3B-FP8-without-reasoning,random_grids,instance_00018,Average Generated Instruction Length,50.0
1584,imagegame,Qwen3.6-35B-A3B-FP8-without-reasoning,random_grids,instance_00018,Average Generated Expression Number of Tokens,8.0
1585,imagegame,Qwen3.6-35B-A3B-FP8-without-reasoning,random_grids,instance_00018,Success,0.0
1586,imagegame,Qwen3.6-35B-A3B-FP8-without-reasoning,random_grids,instance_00018,Lose,1.0
1587,imagegame,Qwen3.6-35B-A3B-FP8-without-reasoning,random_grids,instance_00018,Aborted,0.0
1588,imagegame,Qwen3.6-35B-A3B-FP8-without-reasoning,random_grids,instance_00018,Request Count,44.0
1589,imagegame,Qwen3.6-35B-A3B-FP8-without-reasoning,random_grids,instance_00018,Violated Request Count,0.0
1590,imagegame,Qwen3.6-35B-A3B-FP8-without-reasoning,random_grids,instance_00018,Parsed Request Count,44.0
1591,imagegame,Qwen3.6-35B-A3B-FP8-without-reasoning,random_grids,instance_00018,Request Success Ratio,1.0
1592,imagegame,Qwen3.6-35B-A3B-FP8-without-reasoning,random_grids,instance_00011,Precision,71.0
1593,imagegame,Qwen3.6-35B-A3B-FP8-without-reasoning,random_grids,instance_00011,Recall,100.0
1594,imagegame,Qwen3.6-35B-A3B-FP8-without-reasoning,random_grids,instance_00011,F1,83.0
1595,imagegame,Qwen3.6-35B-A3B-FP8-without-reasoning,random_grids,instance_00011,Main Score,83.0
1596,imagegame,Qwen3.6-35B-A3B-FP8-without-reasoning,random_grids,instance_00011,Average Changed Cell Count,1.0
1597,imagegame,Qwen3.6-35B-A3B-FP8-without-reasoning,random_grids,instance_00011,Average Generated Instruction Length,49.7143
1598,imagegame,Qwen3.6-35B-A3B-FP8-without-reasoning,random_grids,instance_00011,Average Generated Expression Number of Tokens,8.0
1599,imagegame,Qwen3.6-35B-A3B-FP8-without-reasoning,random_grids,instance_00011,Success,0.0
1600,imagegame,Qwen3.6-35B-A3B-FP8-without-reasoning,random_grids,instance_00011,Lose,1.0
1601,imagegame,Qwen3.6-35B-A3B-FP8-without-reasoning,random_grids,instance_00011,Aborted,0.0
1602,imagegame,Qwen3.6-35B-A3B-FP8-without-reasoning,random_grids,instance_00011,Request Count,44.0
1603,imagegame,Qwen3.6-35B-A3B-FP8-without-reasoning,random_grids,instance_00011,Violated Request Count,0.0
1604,imagegame,Qwen3.6-35B-A3B-FP8-without-reasoning,random_grids,instance_00011,Parsed Request Count,44.0
1605,imagegame,Qwen3.6-35B-A3B-FP8-without-reasoning,random_grids,instance_00011,Request Success Ratio,1.0
1606,imagegame,Qwen3.6-35B-A3B-FP8-without-reasoning,random_grids,instance_00016,Precision,100.0
1607,imagegame,Qwen3.6-35B-A3B-FP8-without-reasoning,random_grids,instance_00016,Recall,100.0
1608,imagegame,Qwen3.6-35B-A3B-FP8-without-reasoning,random_grids,instance_00016,F1,100.0
1609,imagegame,Qwen3.6-35B-A3B-FP8-without-reasoning,random_grids,instance_00016,Main Score,100.0
1610,imagegame,Qwen3.6-35B-A3B-FP8-without-reasoning,random_grids,instance_00016,Average Changed Cell Count,1.0
1611,imagegame,Qwen3.6-35B-A3B-FP8-without-reasoning,random_grids,instance_00016,Average Generated Instruction Length,50.0
1612,imagegame,Qwen3.6-35B-A3B-FP8-without-reasoning,random_grids,instance_00016,Average Generated Expression Number of Tokens,8.0
1613,imagegame,Qwen3.6-35B-A3B-FP8-without-reasoning,random_grids,instance_00016,Success,1.0
1614,imagegame,Qwen3.6-35B-A3B-FP8-without-reasoning,random_grids,instance_00016,Lose,0.0
1615,imagegame,Qwen3.6-35B-A3B-FP8-without-reasoning,random_grids,instance_00016,Aborted,0.0
1616,imagegame,Qwen3.6-35B-A3B-FP8-without-reasoning,random_grids,instance_00016,Request Count,38.0
1617,imagegame,Qwen3.6-35B-A3B-FP8-without-reasoning,random_grids,instance_00016,Violated Request Count,0.0
1618,imagegame,Qwen3.6-35B-A3B-FP8-without-reasoning,random_grids,instance_00016,Parsed Request Count,38.0
1619,imagegame,Qwen3.6-35B-A3B-FP8-without-reasoning,random_grids,instance_00016,Request Success Ratio,1.0
1620,imagegame,Qwen3.6-35B-A3B-FP8-without-reasoning,random_grids,instance_00008,Precision,80.0
1621,imagegame,Qwen3.6-35B-A3B-FP8-without-reasoning,random_grids,instance_00008,Recall,80.0
1622,imagegame,Qwen3.6-35B-A3B-FP8-without-reasoning,random_grids,instance_00008,F1,80.0
1623,imagegame,Qwen3.6-35B-A3B-FP8-without-reasoning,random_grids,instance_00008,Main Score,80.0
1624,imagegame,Qwen3.6-35B-A3B-FP8-without-reasoning,random_grids,instance_00008,Average Changed Cell Count,1.0
1625,imagegame,Qwen3.6-35B-A3B-FP8-without-reasoning,random_grids,instance_00008,Average Generated Instruction Length,49.0
1626,imagegame,Qwen3.6-35B-A3B-FP8-without-reasoning,random_grids,instance_00008,Average Generated Expression Number of Tokens,8.0
1627,imagegame,Qwen3.6-35B-A3B-FP8-without-reasoning,random_grids,instance_00008,Success,0.0
1628,imagegame,Qwen3.6-35B-A3B-FP8-without-reasoning,random_grids,instance_00008,Lose,1.0
1629,imagegame,Qwen3.6-35B-A3B-FP8-without-reasoning,random_grids,instance_00008,Aborted,0.0
1630,imagegame,Qwen3.6-35B-A3B-FP8-without-reasoning,random_grids,instance_00008,Request Count,32.0
1631,imagegame,Qwen3.6-35B-A3B-FP8-without-reasoning,random_grids,instance_00008,Violated Request Count,0.0
1632,imagegame,Qwen3.6-35B-A3B-FP8-without-reasoning,random_grids,instance_00008,Parsed Request Count,32.0
1633,imagegame,Qwen3.6-35B-A3B-FP8-without-reasoning,random_grids,instance_00008,Request Success Ratio,1.0
1634,imagegame,Qwen3.6-35B-A3B-FP8-without-reasoning,random_grids,instance_00001,Precision,100.0
1635,imagegame,Qwen3.6-35B-A3B-FP8-without-reasoning,random_grids,instance_00001,Recall,100.0
1636,imagegame,Qwen3.6-35B-A3B-FP8-without-reasoning,random_grids,instance_00001,F1,100.0
1637,imagegame,Qwen3.6-35B-A3B-FP8-without-reasoning,random_grids,instance_00001,Main Score,100.0
1638,imagegame,Qwen3.6-35B-A3B-FP8-without-reasoning,random_grids,instance_00001,Average Changed Cell Count,1.5
1639,imagegame,Qwen3.6-35B-A3B-FP8-without-reasoning,random_grids,instance_00001,Average Generated Instruction Length,54.5
1640,imagegame,Qwen3.6-35B-A3B-FP8-without-reasoning,random_grids,instance_00001,Average Generated Expression Number of Tokens,9.0
1641,imagegame,Qwen3.6-35B-A3B-FP8-without-reasoning,random_grids,instance_00001,Success,1.0
1642,imagegame,Qwen3.6-35B-A3B-FP8-without-reasoning,random_grids,instance_00001,Lose,0.0
1643,imagegame,Qwen3.6-35B-A3B-FP8-without-reasoning,random_grids,instance_00001,Aborted,0.0
1644,imagegame,Qwen3.6-35B-A3B-FP8-without-reasoning,random_grids,instance_00001,Request Count,26.0
1645,imagegame,Qwen3.6-35B-A3B-FP8-without-reasoning,random_grids,instance_00001,Violated Request Count,0.0
1646,imagegame,Qwen3.6-35B-A3B-FP8-without-reasoning,random_grids,instance_00001,Parsed Request Count,26.0
1647,imagegame,Qwen3.6-35B-A3B-FP8-without-reasoning,random_grids,instance_00001,Request Success Ratio,1.0
1648,imagegame,Qwen3.6-35B-A3B-FP8-without-reasoning,random_grids,instance_00006,Precision,100.0
1649,imagegame,Qwen3.6-35B-A3B-FP8-without-reasoning,random_grids,instance_00006,Recall,100.0
1650,imagegame,Qwen3.6-35B-A3B-FP8-without-reasoning,random_grids,instance_00006,F1,100.0
1651,imagegame,Qwen3.6-35B-A3B-FP8-without-reasoning,random_grids,instance_00006,Main Score,100.0
1652,imagegame,Qwen3.6-35B-A3B-FP8-without-reasoning,random_grids,instance_00006,Average Changed Cell Count,1.0
1653,imagegame,Qwen3.6-35B-A3B-FP8-without-reasoning,random_grids,instance_00006,Average Generated Instruction Length,49.4
1654,imagegame,Qwen3.6-35B-A3B-FP8-without-reasoning,random_grids,instance_00006,Average Generated Expression Number of Tokens,8.0
1655,imagegame,Qwen3.6-35B-A3B-FP8-without-reasoning,random_grids,instance_00006,Success,1.0
1656,imagegame,Qwen3.6-35B-A3B-FP8-without-reasoning,random_grids,instance_00006,Lose,0.0
1657,imagegame,Qwen3.6-35B-A3B-FP8-without-reasoning,random_grids,instance_00006,Aborted,0.0
1658,imagegame,Qwen3.6-35B-A3B-FP8-without-reasoning,random_grids,instance_00006,Request Count,32.0
1659,imagegame,Qwen3.6-35B-A3B-FP8-without-reasoning,random_grids,instance_00006,Violated Request Count,0.0
1660,imagegame,Qwen3.6-35B-A3B-FP8-without-reasoning,random_grids,instance_00006,Parsed Request Count,32.0
1661,imagegame,Qwen3.6-35B-A3B-FP8-without-reasoning,random_grids,instance_00006,Request Success Ratio,1.0
1662,imagegame,Qwen3.6-35B-A3B-FP8-without-reasoning,random_grids,instance_00007,Precision,100.0
1663,imagegame,Qwen3.6-35B-A3B-FP8-without-reasoning,random_grids,instance_00007,Recall,100.0
1664,imagegame,Qwen3.6-35B-A3B-FP8-without-reasoning,random_grids,instance_00007,F1,100.0
1665,imagegame,Qwen3.6-35B-A3B-FP8-without-reasoning,random_grids,instance_00007,Main Score,100.0
1666,imagegame,Qwen3.6-35B-A3B-FP8-without-reasoning,random_grids,instance_00007,Average Changed Cell Count,1.0
1667,imagegame,Qwen3.6-35B-A3B-FP8-without-reasoning,random_grids,instance_00007,Average Generated Instruction Length,49.75
1668,imagegame,Qwen3.6-35B-A3B-FP8-without-reasoning,random_grids,instance_00007,Average Generated Expression Number of Tokens,8.0
1669,imagegame,Qwen3.6-35B-A3B-FP8-without-reasoning,random_grids,instance_00007,Success,1.0
1670,imagegame,Qwen3.6-35B-A3B-FP8-without-reasoning,random_grids,instance_00007,Lose,0.0
1671,imagegame,Qwen3.6-35B-A3B-FP8-without-reasoning,random_grids,instance_00007,Aborted,0.0
1672,imagegame,Qwen3.6-35B-A3B-FP8-without-reasoning,random_grids,instance_00007,Request Count,26.0
1673,imagegame,Qwen3.6-35B-A3B-FP8-without-reasoning,random_grids,instance_00007,Violated Request Count,0.0
1674,imagegame,Qwen3.6-35B-A3B-FP8-without-reasoning,random_grids,instance_00007,Parsed Request Count,26.0
1675,imagegame,Qwen3.6-35B-A3B-FP8-without-reasoning,random_grids,instance_00007,Request Success Ratio,1.0
1676,imagegame,Qwen3.6-35B-A3B-FP8-without-reasoning,random_grids,instance_00000,Precision,100.0
1677,imagegame,Qwen3.6-35B-A3B-FP8-without-reasoning,random_grids,instance_00000,Recall,100.0
1678,imagegame,Qwen3.6-35B-A3B-FP8-without-reasoning,random_grids,instance_00000,F1,100.0
1679,imagegame,Qwen3.6-35B-A3B-FP8-without-reasoning,random_grids,instance_00000,Main Score,100.0
1680,imagegame,Qwen3.6-35B-A3B-FP8-without-reasoning,random_grids,instance_00000,Average Changed Cell Count,1.0
1681,imagegame,Qwen3.6-35B-A3B-FP8-without-reasoning,random_grids,instance_00000,Average Generated Instruction Length,49.5
1682,imagegame,Qwen3.6-35B-A3B-FP8-without-reasoning,random_grids,instance_00000,Average Generated Expression Number of Tokens,8.0
1683,imagegame,Qwen3.6-35B-A3B-FP8-without-reasoning,random_grids,instance_00000,Success,1.0
1684,imagegame,Qwen3.6-35B-A3B-FP8-without-reasoning,random_grids,instance_00000,Lose,0.0
1685,imagegame,Qwen3.6-35B-A3B-FP8-without-reasoning,random_grids,instance_00000,Aborted,0.0
1686,imagegame,Qwen3.6-35B-A3B-FP8-without-reasoning,random_grids,instance_00000,Request Count,26.0
1687,imagegame,Qwen3.6-35B-A3B-FP8-without-reasoning,random_grids,instance_00000,Violated Request Count,0.0
1688,imagegame,Qwen3.6-35B-A3B-FP8-without-reasoning,random_grids,instance_00000,Parsed Request Count,26.0
1689,imagegame,Qwen3.6-35B-A3B-FP8-without-reasoning,random_grids,instance_00000,Request Success Ratio,1.0
1690,imagegame,Qwen3.6-35B-A3B-FP8-without-reasoning,random_grids,instance_00009,Precision,100.0
1691,imagegame,Qwen3.6-35B-A3B-FP8-without-reasoning,random_grids,instance_00009,Recall,88.0
1692,imagegame,Qwen3.6-35B-A3B-FP8-without-reasoning,random_grids,instance_00009,F1,93.0
1693,imagegame,Qwen3.6-35B-A3B-FP8-without-reasoning,random_grids,instance_00009,Main Score,93.0
1694,imagegame,Qwen3.6-35B-A3B-FP8-without-reasoning,random_grids,instance_00009,Average Changed Cell Count,1.0
1695,imagegame,Qwen3.6-35B-A3B-FP8-without-reasoning,random_grids,instance_00009,Average Generated Instruction Length,49.2857
1696,imagegame,Qwen3.6-35B-A3B-FP8-without-reasoning,random_grids,instance_00009,Average Generated Expression Number of Tokens,8.0
1697,imagegame,Qwen3.6-35B-A3B-FP8-without-reasoning,random_grids,instance_00009,Success,0.0
1698,imagegame,Qwen3.6-35B-A3B-FP8-without-reasoning,random_grids,instance_00009,Lose,1.0
1699,imagegame,Qwen3.6-35B-A3B-FP8-without-reasoning,random_grids,instance_00009,Aborted,0.0
1700,imagegame,Qwen3.6-35B-A3B-FP8-without-reasoning,random_grids,instance_00009,Request Count,44.0
1701,imagegame,Qwen3.6-35B-A3B-FP8-without-reasoning,random_grids,instance_00009,Violated Request Count,0.0
1702,imagegame,Qwen3.6-35B-A3B-FP8-without-reasoning,random_grids,instance_00009,Parsed Request Count,44.0
1703,imagegame,Qwen3.6-35B-A3B-FP8-without-reasoning,random_grids,instance_00009,Request Success Ratio,1.0
1704,imagegame,Qwen3.6-35B-A3B-FP8-without-reasoning,random_grids,instance_00013,Precision,100.0
1705,imagegame,Qwen3.6-35B-A3B-FP8-without-reasoning,random_grids,instance_00013,Recall,100.0
1706,imagegame,Qwen3.6-35B-A3B-FP8-without-reasoning,random_grids,instance_00013,F1,100.0
1707,imagegame,Qwen3.6-35B-A3B-FP8-without-reasoning,random_grids,instance_00013,Main Score,100.0
1708,imagegame,Qwen3.6-35B-A3B-FP8-without-reasoning,random_grids,instance_00013,Average Changed Cell Count,1.0
1709,imagegame,Qwen3.6-35B-A3B-FP8-without-reasoning,random_grids,instance_00013,Average Generated Instruction Length,48.8
1710,imagegame,Qwen3.6-35B-A3B-FP8-without-reasoning,random_grids,instance_00013,Average Generated Expression Number of Tokens,8.0
1711,imagegame,Qwen3.6-35B-A3B-FP8-without-reasoning,random_grids,instance_00013,Success,1.0
1712,imagegame,Qwen3.6-35B-A3B-FP8-without-reasoning,random_grids,instance_00013,Lose,0.0
1713,imagegame,Qwen3.6-35B-A3B-FP8-without-reasoning,random_grids,instance_00013,Aborted,0.0
1714,imagegame,Qwen3.6-35B-A3B-FP8-without-reasoning,random_grids,instance_00013,Request Count,32.0
1715,imagegame,Qwen3.6-35B-A3B-FP8-without-reasoning,random_grids,instance_00013,Violated Request Count,0.0
1716,imagegame,Qwen3.6-35B-A3B-FP8-without-reasoning,random_grids,instance_00013,Parsed Request Count,32.0
1717,imagegame,Qwen3.6-35B-A3B-FP8-without-reasoning,random_grids,instance_00013,Request Success Ratio,1.0
1718,imagegame,Qwen3.6-35B-A3B-FP8-without-reasoning,random_grids,instance_00014,Precision,100.0
1719,imagegame,Qwen3.6-35B-A3B-FP8-without-reasoning,random_grids,instance_00014,Recall,100.0
1720,imagegame,Qwen3.6-35B-A3B-FP8-without-reasoning,random_grids,instance_00014,F1,100.0
1721,imagegame,Qwen3.6-35B-A3B-FP8-without-reasoning,random_grids,instance_00014,Main Score,100.0
1722,imagegame,Qwen3.6-35B-A3B-FP8-without-reasoning,random_grids,instance_00014,Average Changed Cell Count,1.0
1723,imagegame,Qwen3.6-35B-A3B-FP8-without-reasoning,random_grids,instance_00014,Average Generated Instruction Length,49.75
1724,imagegame,Qwen3.6-35B-A3B-FP8-without-reasoning,random_grids,instance_00014,Average Generated Expression Number of Tokens,8.0
1725,imagegame,Qwen3.6-35B-A3B-FP8-without-reasoning,random_grids,instance_00014,Success,1.0
1726,imagegame,Qwen3.6-35B-A3B-FP8-without-reasoning,random_grids,instance_00014,Lose,0.0
1727,imagegame,Qwen3.6-35B-A3B-FP8-without-reasoning,random_grids,instance_00014,Aborted,0.0
1728,imagegame,Qwen3.6-35B-A3B-FP8-without-reasoning,random_grids,instance_00014,Request Count,26.0
1729,imagegame,Qwen3.6-35B-A3B-FP8-without-reasoning,random_grids,instance_00014,Violated Request Count,0.0
1730,imagegame,Qwen3.6-35B-A3B-FP8-without-reasoning,random_grids,instance_00014,Parsed Request Count,26.0
1731,imagegame,Qwen3.6-35B-A3B-FP8-without-reasoning,random_grids,instance_00014,Request Success Ratio,1.0
1732,imagegame,Qwen3.6-35B-A3B-FP8-without-reasoning,random_grids,instance_00015,Precision,100.0
1733,imagegame,Qwen3.6-35B-A3B-FP8-without-reasoning,random_grids,instance_00015,Recall,100.0
1734,imagegame,Qwen3.6-35B-A3B-FP8-without-reasoning,random_grids,instance_00015,F1,100.0
1735,imagegame,Qwen3.6-35B-A3B-FP8-without-reasoning,random_grids,instance_00015,Main Score,100.0
1736,imagegame,Qwen3.6-35B-A3B-FP8-without-reasoning,random_grids,instance_00015,Average Changed Cell Count,1.0
1737,imagegame,Qwen3.6-35B-A3B-FP8-without-reasoning,random_grids,instance_00015,Average Generated Instruction Length,49.3333
1738,imagegame,Qwen3.6-35B-A3B-FP8-without-reasoning,random_grids,instance_00015,Average Generated Expression Number of Tokens,8.0
1739,imagegame,Qwen3.6-35B-A3B-FP8-without-reasoning,random_grids,instance_00015,Success,1.0
1740,imagegame,Qwen3.6-35B-A3B-FP8-without-reasoning,random_grids,instance_00015,Lose,0.0
1741,imagegame,Qwen3.6-35B-A3B-FP8-without-reasoning,random_grids,instance_00015,Aborted,0.0
1742,imagegame,Qwen3.6-35B-A3B-FP8-without-reasoning,random_grids,instance_00015,Request Count,38.0
1743,imagegame,Qwen3.6-35B-A3B-FP8-without-reasoning,random_grids,instance_00015,Violated Request Count,0.0
1744,imagegame,Qwen3.6-35B-A3B-FP8-without-reasoning,random_grids,instance_00015,Parsed Request Count,38.0
1745,imagegame,Qwen3.6-35B-A3B-FP8-without-reasoning,random_grids,instance_00015,Request Success Ratio,1.0
1746,imagegame,Qwen3.6-35B-A3B-FP8-without-reasoning,random_grids,instance_00012,Precision,100.0
1747,imagegame,Qwen3.6-35B-A3B-FP8-without-reasoning,random_grids,instance_00012,Recall,89.0
1748,imagegame,Qwen3.6-35B-A3B-FP8-without-reasoning,random_grids,instance_00012,F1,94.0
1749,imagegame,Qwen3.6-35B-A3B-FP8-without-reasoning,random_grids,instance_00012,Main Score,94.0
1750,imagegame,Qwen3.6-35B-A3B-FP8-without-reasoning,random_grids,instance_00012,Average Changed Cell Count,0.8889
1751,imagegame,Qwen3.6-35B-A3B-FP8-without-reasoning,random_grids,instance_00012,Average Generated Instruction Length,49.4444
1752,imagegame,Qwen3.6-35B-A3B-FP8-without-reasoning,random_grids,instance_00012,Average Generated Expression Number of Tokens,8.0
1753,imagegame,Qwen3.6-35B-A3B-FP8-without-reasoning,random_grids,instance_00012,Success,0.0
1754,imagegame,Qwen3.6-35B-A3B-FP8-without-reasoning,random_grids,instance_00012,Lose,1.0
1755,imagegame,Qwen3.6-35B-A3B-FP8-without-reasoning,random_grids,instance_00012,Aborted,0.0
1756,imagegame,Qwen3.6-35B-A3B-FP8-without-reasoning,random_grids,instance_00012,Request Count,56.0
1757,imagegame,Qwen3.6-35B-A3B-FP8-without-reasoning,random_grids,instance_00012,Violated Request Count,0.0
1758,imagegame,Qwen3.6-35B-A3B-FP8-without-reasoning,random_grids,instance_00012,Parsed Request Count,56.0
1759,imagegame,Qwen3.6-35B-A3B-FP8-without-reasoning,random_grids,instance_00012,Request Success Ratio,1.0
1760,imagegame,Qwen3.6-35B-A3B-FP8-without-reasoning,compact_grids,instance_00005,Precision,100.0
1761,imagegame,Qwen3.6-35B-A3B-FP8-without-reasoning,compact_grids,instance_00005,Recall,56.0
1762,imagegame,Qwen3.6-35B-A3B-FP8-without-reasoning,compact_grids,instance_00005,F1,71.0
1763,imagegame,Qwen3.6-35B-A3B-FP8-without-reasoning,compact_grids,instance_00005,Main Score,71.0
1764,imagegame,Qwen3.6-35B-A3B-FP8-without-reasoning,compact_grids,instance_00005,Average Changed Cell Count,2.5
1765,imagegame,Qwen3.6-35B-A3B-FP8-without-reasoning,compact_grids,instance_00005,Average Generated Instruction Length,46.5
1766,imagegame,Qwen3.6-35B-A3B-FP8-without-reasoning,compact_grids,instance_00005,Average Generated Expression Number of Tokens,8.5
1767,imagegame,Qwen3.6-35B-A3B-FP8-without-reasoning,compact_grids,instance_00005,Success,0.0
1768,imagegame,Qwen3.6-35B-A3B-FP8-without-reasoning,compact_grids,instance_00005,Lose,1.0
1769,imagegame,Qwen3.6-35B-A3B-FP8-without-reasoning,compact_grids,instance_00005,Aborted,0.0
1770,imagegame,Qwen3.6-35B-A3B-FP8-without-reasoning,compact_grids,instance_00005,Request Count,14.0
1771,imagegame,Qwen3.6-35B-A3B-FP8-without-reasoning,compact_grids,instance_00005,Violated Request Count,0.0
1772,imagegame,Qwen3.6-35B-A3B-FP8-without-reasoning,compact_grids,instance_00005,Parsed Request Count,14.0
1773,imagegame,Qwen3.6-35B-A3B-FP8-without-reasoning,compact_grids,instance_00005,Request Success Ratio,1.0
1774,imagegame,Qwen3.6-35B-A3B-FP8-without-reasoning,compact_grids,instance_00002,Precision,100.0
1775,imagegame,Qwen3.6-35B-A3B-FP8-without-reasoning,compact_grids,instance_00002,Recall,100.0
1776,imagegame,Qwen3.6-35B-A3B-FP8-without-reasoning,compact_grids,instance_00002,F1,100.0
1777,imagegame,Qwen3.6-35B-A3B-FP8-without-reasoning,compact_grids,instance_00002,Main Score,100.0
1778,imagegame,Qwen3.6-35B-A3B-FP8-without-reasoning,compact_grids,instance_00002,Average Changed Cell Count,1.0
1779,imagegame,Qwen3.6-35B-A3B-FP8-without-reasoning,compact_grids,instance_00002,Average Generated Instruction Length,49.3077
1780,imagegame,Qwen3.6-35B-A3B-FP8-without-reasoning,compact_grids,instance_00002,Average Generated Expression Number of Tokens,8.0
1781,imagegame,Qwen3.6-35B-A3B-FP8-without-reasoning,compact_grids,instance_00002,Success,1.0
1782,imagegame,Qwen3.6-35B-A3B-FP8-without-reasoning,compact_grids,instance_00002,Lose,0.0
1783,imagegame,Qwen3.6-35B-A3B-FP8-without-reasoning,compact_grids,instance_00002,Aborted,0.0
1784,imagegame,Qwen3.6-35B-A3B-FP8-without-reasoning,compact_grids,instance_00002,Request Count,80.0
1785,imagegame,Qwen3.6-35B-A3B-FP8-without-reasoning,compact_grids,instance_00002,Violated Request Count,0.0
1786,imagegame,Qwen3.6-35B-A3B-FP8-without-reasoning,compact_grids,instance_00002,Parsed Request Count,80.0
1787,imagegame,Qwen3.6-35B-A3B-FP8-without-reasoning,compact_grids,instance_00002,Request Success Ratio,1.0
1788,imagegame,Qwen3.6-35B-A3B-FP8-without-reasoning,compact_grids,instance_00003,Precision,100.0
1789,imagegame,Qwen3.6-35B-A3B-FP8-without-reasoning,compact_grids,instance_00003,Recall,100.0
1790,imagegame,Qwen3.6-35B-A3B-FP8-without-reasoning,compact_grids,instance_00003,F1,100.0
1791,imagegame,Qwen3.6-35B-A3B-FP8-without-reasoning,compact_grids,instance_00003,Main Score,100.0
1792,imagegame,Qwen3.6-35B-A3B-FP8-without-reasoning,compact_grids,instance_00003,Average Changed Cell Count,1.8
1793,imagegame,Qwen3.6-35B-A3B-FP8-without-reasoning,compact_grids,instance_00003,Average Generated Instruction Length,47.8
1794,imagegame,Qwen3.6-35B-A3B-FP8-without-reasoning,compact_grids,instance_00003,Average Generated Expression Number of Tokens,7.6
1795,imagegame,Qwen3.6-35B-A3B-FP8-without-reasoning,compact_grids,instance_00003,Success,1.0
1796,imagegame,Qwen3.6-35B-A3B-FP8-without-reasoning,compact_grids,instance_00003,Lose,0.0
1797,imagegame,Qwen3.6-35B-A3B-FP8-without-reasoning,compact_grids,instance_00003,Aborted,0.0
1798,imagegame,Qwen3.6-35B-A3B-FP8-without-reasoning,compact_grids,instance_00003,Request Count,32.0
1799,imagegame,Qwen3.6-35B-A3B-FP8-without-reasoning,compact_grids,instance_00003,Violated Request Count,0.0
1800,imagegame,Qwen3.6-35B-A3B-FP8-without-reasoning,compact_grids,instance_00003,Parsed Request Count,32.0
1801,imagegame,Qwen3.6-35B-A3B-FP8-without-reasoning,compact_grids,instance_00003,Request Success Ratio,1.0
1802,imagegame,Qwen3.6-35B-A3B-FP8-without-reasoning,compact_grids,instance_00004,Precision,100.0
1803,imagegame,Qwen3.6-35B-A3B-FP8-without-reasoning,compact_grids,instance_00004,Recall,100.0
1804,imagegame,Qwen3.6-35B-A3B-FP8-without-reasoning,compact_grids,instance_00004,F1,100.0
1805,imagegame,Qwen3.6-35B-A3B-FP8-without-reasoning,compact_grids,instance_00004,Main Score,100.0
1806,imagegame,Qwen3.6-35B-A3B-FP8-without-reasoning,compact_grids,instance_00004,Average Changed Cell Count,2.2857
1807,imagegame,Qwen3.6-35B-A3B-FP8-without-reasoning,compact_grids,instance_00004,Average Generated Instruction Length,50.4286
1808,imagegame,Qwen3.6-35B-A3B-FP8-without-reasoning,compact_grids,instance_00004,Average Generated Expression Number of Tokens,8.1429
1809,imagegame,Qwen3.6-35B-A3B-FP8-without-reasoning,compact_grids,instance_00004,Success,1.0
1810,imagegame,Qwen3.6-35B-A3B-FP8-without-reasoning,compact_grids,instance_00004,Lose,0.0
1811,imagegame,Qwen3.6-35B-A3B-FP8-without-reasoning,compact_grids,instance_00004,Aborted,0.0
1812,imagegame,Qwen3.6-35B-A3B-FP8-without-reasoning,compact_grids,instance_00004,Request Count,44.0
1813,imagegame,Qwen3.6-35B-A3B-FP8-without-reasoning,compact_grids,instance_00004,Violated Request Count,0.0
1814,imagegame,Qwen3.6-35B-A3B-FP8-without-reasoning,compact_grids,instance_00004,Parsed Request Count,44.0
1815,imagegame,Qwen3.6-35B-A3B-FP8-without-reasoning,compact_grids,instance_00004,Request Success Ratio,1.0
1816,imagegame,Qwen3.6-35B-A3B-FP8-without-reasoning,compact_grids,instance_00017,Precision,100.0
1817,imagegame,Qwen3.6-35B-A3B-FP8-without-reasoning,compact_grids,instance_00017,Recall,100.0
1818,imagegame,Qwen3.6-35B-A3B-FP8-without-reasoning,compact_grids,instance_00017,F1,100.0
1819,imagegame,Qwen3.6-35B-A3B-FP8-without-reasoning,compact_grids,instance_00017,Main Score,100.0
1820,imagegame,Qwen3.6-35B-A3B-FP8-without-reasoning,compact_grids,instance_00017,Average Changed Cell Count,1.0
1821,imagegame,Qwen3.6-35B-A3B-FP8-without-reasoning,compact_grids,instance_00017,Average Generated Instruction Length,49.25
1822,imagegame,Qwen3.6-35B-A3B-FP8-without-reasoning,compact_grids,instance_00017,Average Generated Expression Number of Tokens,8.0
1823,imagegame,Qwen3.6-35B-A3B-FP8-without-reasoning,compact_grids,instance_00017,Success,1.0
1824,imagegame,Qwen3.6-35B-A3B-FP8-without-reasoning,compact_grids,instance_00017,Lose,0.0
1825,imagegame,Qwen3.6-35B-A3B-FP8-without-reasoning,compact_grids,instance_00017,Aborted,0.0
1826,imagegame,Qwen3.6-35B-A3B-FP8-without-reasoning,compact_grids,instance_00017,Request Count,50.0
1827,imagegame,Qwen3.6-35B-A3B-FP8-without-reasoning,compact_grids,instance_00017,Violated Request Count,0.0
1828,imagegame,Qwen3.6-35B-A3B-FP8-without-reasoning,compact_grids,instance_00017,Parsed Request Count,50.0
1829,imagegame,Qwen3.6-35B-A3B-FP8-without-reasoning,compact_grids,instance_00017,Request Success Ratio,1.0
1830,imagegame,Qwen3.6-35B-A3B-FP8-without-reasoning,compact_grids,instance_00010,Precision,100.0
1831,imagegame,Qwen3.6-35B-A3B-FP8-without-reasoning,compact_grids,instance_00010,Recall,92.0
1832,imagegame,Qwen3.6-35B-A3B-FP8-without-reasoning,compact_grids,instance_00010,F1,96.0
1833,imagegame,Qwen3.6-35B-A3B-FP8-without-reasoning,compact_grids,instance_00010,Main Score,96.0
1834,imagegame,Qwen3.6-35B-A3B-FP8-without-reasoning,compact_grids,instance_00010,Average Changed Cell Count,0.8462
1835,imagegame,Qwen3.6-35B-A3B-FP8-without-reasoning,compact_grids,instance_00010,Average Generated Instruction Length,48.8462
1836,imagegame,Qwen3.6-35B-A3B-FP8-without-reasoning,compact_grids,instance_00010,Average Generated Expression Number of Tokens,8.0
1837,imagegame,Qwen3.6-35B-A3B-FP8-without-reasoning,compact_grids,instance_00010,Success,0.0
1838,imagegame,Qwen3.6-35B-A3B-FP8-without-reasoning,compact_grids,instance_00010,Lose,1.0
1839,imagegame,Qwen3.6-35B-A3B-FP8-without-reasoning,compact_grids,instance_00010,Aborted,0.0
1840,imagegame,Qwen3.6-35B-A3B-FP8-without-reasoning,compact_grids,instance_00010,Request Count,80.0
1841,imagegame,Qwen3.6-35B-A3B-FP8-without-reasoning,compact_grids,instance_00010,Violated Request Count,0.0
1842,imagegame,Qwen3.6-35B-A3B-FP8-without-reasoning,compact_grids,instance_00010,Parsed Request Count,80.0
1843,imagegame,Qwen3.6-35B-A3B-FP8-without-reasoning,compact_grids,instance_00010,Request Success Ratio,1.0
1844,imagegame,Qwen3.6-35B-A3B-FP8-without-reasoning,compact_grids,instance_00019,Precision,100.0
1845,imagegame,Qwen3.6-35B-A3B-FP8-without-reasoning,compact_grids,instance_00019,Recall,100.0
1846,imagegame,Qwen3.6-35B-A3B-FP8-without-reasoning,compact_grids,instance_00019,F1,100.0
1847,imagegame,Qwen3.6-35B-A3B-FP8-without-reasoning,compact_grids,instance_00019,Main Score,100.0
1848,imagegame,Qwen3.6-35B-A3B-FP8-without-reasoning,compact_grids,instance_00019,Average Changed Cell Count,3.0
1849,imagegame,Qwen3.6-35B-A3B-FP8-without-reasoning,compact_grids,instance_00019,Average Generated Instruction Length,63.2
1850,imagegame,Qwen3.6-35B-A3B-FP8-without-reasoning,compact_grids,instance_00019,Average Generated Expression Number of Tokens,10.0
1851,imagegame,Qwen3.6-35B-A3B-FP8-without-reasoning,compact_grids,instance_00019,Success,1.0
1852,imagegame,Qwen3.6-35B-A3B-FP8-without-reasoning,compact_grids,instance_00019,Lose,0.0
1853,imagegame,Qwen3.6-35B-A3B-FP8-without-reasoning,compact_grids,instance_00019,Aborted,0.0
1854,imagegame,Qwen3.6-35B-A3B-FP8-without-reasoning,compact_grids,instance_00019,Request Count,32.0
1855,imagegame,Qwen3.6-35B-A3B-FP8-without-reasoning,compact_grids,instance_00019,Violated Request Count,0.0
1856,imagegame,Qwen3.6-35B-A3B-FP8-without-reasoning,compact_grids,instance_00019,Parsed Request Count,32.0
1857,imagegame,Qwen3.6-35B-A3B-FP8-without-reasoning,compact_grids,instance_00019,Request Success Ratio,1.0
1858,imagegame,Qwen3.6-35B-A3B-FP8-without-reasoning,compact_grids,instance_00018,Precision,100.0
1859,imagegame,Qwen3.6-35B-A3B-FP8-without-reasoning,compact_grids,instance_00018,Recall,100.0
1860,imagegame,Qwen3.6-35B-A3B-FP8-without-reasoning,compact_grids,instance_00018,F1,100.0
1861,imagegame,Qwen3.6-35B-A3B-FP8-without-reasoning,compact_grids,instance_00018,Main Score,100.0
1862,imagegame,Qwen3.6-35B-A3B-FP8-without-reasoning,compact_grids,instance_00018,Average Changed Cell Count,2.6
1863,imagegame,Qwen3.6-35B-A3B-FP8-without-reasoning,compact_grids,instance_00018,Average Generated Instruction Length,54.2
1864,imagegame,Qwen3.6-35B-A3B-FP8-without-reasoning,compact_grids,instance_00018,Average Generated Expression Number of Tokens,9.2
1865,imagegame,Qwen3.6-35B-A3B-FP8-without-reasoning,compact_grids,instance_00018,Success,1.0
1866,imagegame,Qwen3.6-35B-A3B-FP8-without-reasoning,compact_grids,instance_00018,Lose,0.0
1867,imagegame,Qwen3.6-35B-A3B-FP8-without-reasoning,compact_grids,instance_00018,Aborted,0.0
1868,imagegame,Qwen3.6-35B-A3B-FP8-without-reasoning,compact_grids,instance_00018,Request Count,32.0
1869,imagegame,Qwen3.6-35B-A3B-FP8-without-reasoning,compact_grids,instance_00018,Violated Request Count,0.0
1870,imagegame,Qwen3.6-35B-A3B-FP8-without-reasoning,compact_grids,instance_00018,Parsed Request Count,32.0
1871,imagegame,Qwen3.6-35B-A3B-FP8-without-reasoning,compact_grids,instance_00018,Request Success Ratio,1.0
1872,imagegame,Qwen3.6-35B-A3B-FP8-without-reasoning,compact_grids,instance_00011,Precision,100.0
1873,imagegame,Qwen3.6-35B-A3B-FP8-without-reasoning,compact_grids,instance_00011,Recall,100.0
1874,imagegame,Qwen3.6-35B-A3B-FP8-without-reasoning,compact_grids,instance_00011,F1,100.0
1875,imagegame,Qwen3.6-35B-A3B-FP8-without-reasoning,compact_grids,instance_00011,Main Score,100.0
1876,imagegame,Qwen3.6-35B-A3B-FP8-without-reasoning,compact_grids,instance_00011,Average Changed Cell Count,4.5
1877,imagegame,Qwen3.6-35B-A3B-FP8-without-reasoning,compact_grids,instance_00011,Average Generated Instruction Length,52.0
1878,imagegame,Qwen3.6-35B-A3B-FP8-without-reasoning,compact_grids,instance_00011,Average Generated Expression Number of Tokens,8.5
1879,imagegame,Qwen3.6-35B-A3B-FP8-without-reasoning,compact_grids,instance_00011,Success,1.0
1880,imagegame,Qwen3.6-35B-A3B-FP8-without-reasoning,compact_grids,instance_00011,Lose,0.0
1881,imagegame,Qwen3.6-35B-A3B-FP8-without-reasoning,compact_grids,instance_00011,Aborted,0.0
1882,imagegame,Qwen3.6-35B-A3B-FP8-without-reasoning,compact_grids,instance_00011,Request Count,14.0
1883,imagegame,Qwen3.6-35B-A3B-FP8-without-reasoning,compact_grids,instance_00011,Violated Request Count,0.0
1884,imagegame,Qwen3.6-35B-A3B-FP8-without-reasoning,compact_grids,instance_00011,Parsed Request Count,14.0
1885,imagegame,Qwen3.6-35B-A3B-FP8-without-reasoning,compact_grids,instance_00011,Request Success Ratio,1.0
1886,imagegame,Qwen3.6-35B-A3B-FP8-without-reasoning,compact_grids,instance_00016,Precision,100.0
1887,imagegame,Qwen3.6-35B-A3B-FP8-without-reasoning,compact_grids,instance_00016,Recall,65.0
1888,imagegame,Qwen3.6-35B-A3B-FP8-without-reasoning,compact_grids,instance_00016,F1,79.0
1889,imagegame,Qwen3.6-35B-A3B-FP8-without-reasoning,compact_grids,instance_00016,Main Score,79.0
1890,imagegame,Qwen3.6-35B-A3B-FP8-without-reasoning,compact_grids,instance_00016,Average Changed Cell Count,2.2
1891,imagegame,Qwen3.6-35B-A3B-FP8-without-reasoning,compact_grids,instance_00016,Average Generated Instruction Length,41.0
1892,imagegame,Qwen3.6-35B-A3B-FP8-without-reasoning,compact_grids,instance_00016,Average Generated Expression Number of Tokens,6.4
1893,imagegame,Qwen3.6-35B-A3B-FP8-without-reasoning,compact_grids,instance_00016,Success,0.0
1894,imagegame,Qwen3.6-35B-A3B-FP8-without-reasoning,compact_grids,instance_00016,Lose,1.0
1895,imagegame,Qwen3.6-35B-A3B-FP8-without-reasoning,compact_grids,instance_00016,Aborted,0.0
1896,imagegame,Qwen3.6-35B-A3B-FP8-without-reasoning,compact_grids,instance_00016,Request Count,32.0
1897,imagegame,Qwen3.6-35B-A3B-FP8-without-reasoning,compact_grids,instance_00016,Violated Request Count,0.0
1898,imagegame,Qwen3.6-35B-A3B-FP8-without-reasoning,compact_grids,instance_00016,Parsed Request Count,32.0
1899,imagegame,Qwen3.6-35B-A3B-FP8-without-reasoning,compact_grids,instance_00016,Request Success Ratio,1.0
1900,imagegame,Qwen3.6-35B-A3B-FP8-without-reasoning,compact_grids,instance_00008,Precision,100.0
1901,imagegame,Qwen3.6-35B-A3B-FP8-without-reasoning,compact_grids,instance_00008,Recall,100.0
1902,imagegame,Qwen3.6-35B-A3B-FP8-without-reasoning,compact_grids,instance_00008,F1,100.0
1903,imagegame,Qwen3.6-35B-A3B-FP8-without-reasoning,compact_grids,instance_00008,Main Score,100.0
1904,imagegame,Qwen3.6-35B-A3B-FP8-without-reasoning,compact_grids,instance_00008,Average Changed Cell Count,1.0
1905,imagegame,Qwen3.6-35B-A3B-FP8-without-reasoning,compact_grids,instance_00008,Average Generated Instruction Length,49.2222
1906,imagegame,Qwen3.6-35B-A3B-FP8-without-reasoning,compact_grids,instance_00008,Average Generated Expression Number of Tokens,8.0
1907,imagegame,Qwen3.6-35B-A3B-FP8-without-reasoning,compact_grids,instance_00008,Success,1.0
1908,imagegame,Qwen3.6-35B-A3B-FP8-without-reasoning,compact_grids,instance_00008,Lose,0.0
1909,imagegame,Qwen3.6-35B-A3B-FP8-without-reasoning,compact_grids,instance_00008,Aborted,0.0
1910,imagegame,Qwen3.6-35B-A3B-FP8-without-reasoning,compact_grids,instance_00008,Request Count,56.0
1911,imagegame,Qwen3.6-35B-A3B-FP8-without-reasoning,compact_grids,instance_00008,Violated Request Count,0.0
1912,imagegame,Qwen3.6-35B-A3B-FP8-without-reasoning,compact_grids,instance_00008,Parsed Request Count,56.0
1913,imagegame,Qwen3.6-35B-A3B-FP8-without-reasoning,compact_grids,instance_00008,Request Success Ratio,1.0
1914,imagegame,Qwen3.6-35B-A3B-FP8-without-reasoning,compact_grids,instance_00001,Precision,100.0
1915,imagegame,Qwen3.6-35B-A3B-FP8-without-reasoning,compact_grids,instance_00001,Recall,100.0
1916,imagegame,Qwen3.6-35B-A3B-FP8-without-reasoning,compact_grids,instance_00001,F1,100.0
1917,imagegame,Qwen3.6-35B-A3B-FP8-without-reasoning,compact_grids,instance_00001,Main Score,100.0
1918,imagegame,Qwen3.6-35B-A3B-FP8-without-reasoning,compact_grids,instance_00001,Average Changed Cell Count,5.0
1919,imagegame,Qwen3.6-35B-A3B-FP8-without-reasoning,compact_grids,instance_00001,Average Generated Instruction Length,39.5
1920,imagegame,Qwen3.6-35B-A3B-FP8-without-reasoning,compact_grids,instance_00001,Average Generated Expression Number of Tokens,6.0
1921,imagegame,Qwen3.6-35B-A3B-FP8-without-reasoning,compact_grids,instance_00001,Success,1.0
1922,imagegame,Qwen3.6-35B-A3B-FP8-without-reasoning,compact_grids,instance_00001,Lose,0.0
1923,imagegame,Qwen3.6-35B-A3B-FP8-without-reasoning,compact_grids,instance_00001,Aborted,0.0
1924,imagegame,Qwen3.6-35B-A3B-FP8-without-reasoning,compact_grids,instance_00001,Request Count,14.0
1925,imagegame,Qwen3.6-35B-A3B-FP8-without-reasoning,compact_grids,instance_00001,Violated Request Count,0.0
1926,imagegame,Qwen3.6-35B-A3B-FP8-without-reasoning,compact_grids,instance_00001,Parsed Request Count,14.0
1927,imagegame,Qwen3.6-35B-A3B-FP8-without-reasoning,compact_grids,instance_00001,Request Success Ratio,1.0
1928,imagegame,Qwen3.6-35B-A3B-FP8-without-reasoning,compact_grids,instance_00006,Precision,100.0
1929,imagegame,Qwen3.6-35B-A3B-FP8-without-reasoning,compact_grids,instance_00006,Recall,100.0
1930,imagegame,Qwen3.6-35B-A3B-FP8-without-reasoning,compact_grids,instance_00006,F1,100.0
1931,imagegame,Qwen3.6-35B-A3B-FP8-without-reasoning,compact_grids,instance_00006,Main Score,100.0
1932,imagegame,Qwen3.6-35B-A3B-FP8-without-reasoning,compact_grids,instance_00006,Average Changed Cell Count,1.6
1933,imagegame,Qwen3.6-35B-A3B-FP8-without-reasoning,compact_grids,instance_00006,Average Generated Instruction Length,55.8
1934,imagegame,Qwen3.6-35B-A3B-FP8-without-reasoning,compact_grids,instance_00006,Average Generated Expression Number of Tokens,9.2
1935,imagegame,Qwen3.6-35B-A3B-FP8-without-reasoning,compact_grids,instance_00006,Success,1.0
1936,imagegame,Qwen3.6-35B-A3B-FP8-without-reasoning,compact_grids,instance_00006,Lose,0.0
1937,imagegame,Qwen3.6-35B-A3B-FP8-without-reasoning,compact_grids,instance_00006,Aborted,0.0
1938,imagegame,Qwen3.6-35B-A3B-FP8-without-reasoning,compact_grids,instance_00006,Request Count,32.0
1939,imagegame,Qwen3.6-35B-A3B-FP8-without-reasoning,compact_grids,instance_00006,Violated Request Count,0.0
1940,imagegame,Qwen3.6-35B-A3B-FP8-without-reasoning,compact_grids,instance_00006,Parsed Request Count,32.0
1941,imagegame,Qwen3.6-35B-A3B-FP8-without-reasoning,compact_grids,instance_00006,Request Success Ratio,1.0
1942,imagegame,Qwen3.6-35B-A3B-FP8-without-reasoning,compact_grids,instance_00007,Precision,100.0
1943,imagegame,Qwen3.6-35B-A3B-FP8-without-reasoning,compact_grids,instance_00007,Recall,100.0
1944,imagegame,Qwen3.6-35B-A3B-FP8-without-reasoning,compact_grids,instance_00007,F1,100.0
1945,imagegame,Qwen3.6-35B-A3B-FP8-without-reasoning,compact_grids,instance_00007,Main Score,100.0
1946,imagegame,Qwen3.6-35B-A3B-FP8-without-reasoning,compact_grids,instance_00007,Average Changed Cell Count,3.0
1947,imagegame,Qwen3.6-35B-A3B-FP8-without-reasoning,compact_grids,instance_00007,Average Generated Instruction Length,61.0
1948,imagegame,Qwen3.6-35B-A3B-FP8-without-reasoning,compact_grids,instance_00007,Average Generated Expression Number of Tokens,10.0
1949,imagegame,Qwen3.6-35B-A3B-FP8-without-reasoning,compact_grids,instance_00007,Success,1.0
1950,imagegame,Qwen3.6-35B-A3B-FP8-without-reasoning,compact_grids,instance_00007,Lose,0.0
1951,imagegame,Qwen3.6-35B-A3B-FP8-without-reasoning,compact_grids,instance_00007,Aborted,0.0
1952,imagegame,Qwen3.6-35B-A3B-FP8-without-reasoning,compact_grids,instance_00007,Request Count,32.0
1953,imagegame,Qwen3.6-35B-A3B-FP8-without-reasoning,compact_grids,instance_00007,Violated Request Count,0.0
1954,imagegame,Qwen3.6-35B-A3B-FP8-without-reasoning,compact_grids,instance_00007,Parsed Request Count,32.0
1955,imagegame,Qwen3.6-35B-A3B-FP8-without-reasoning,compact_grids,instance_00007,Request Success Ratio,1.0
1956,imagegame,Qwen3.6-35B-A3B-FP8-without-reasoning,compact_grids,instance_00000,Precision,100.0
1957,imagegame,Qwen3.6-35B-A3B-FP8-without-reasoning,compact_grids,instance_00000,Recall,100.0
1958,imagegame,Qwen3.6-35B-A3B-FP8-without-reasoning,compact_grids,instance_00000,F1,100.0
1959,imagegame,Qwen3.6-35B-A3B-FP8-without-reasoning,compact_grids,instance_00000,Main Score,100.0
1960,imagegame,Qwen3.6-35B-A3B-FP8-without-reasoning,compact_grids,instance_00000,Average Changed Cell Count,1.0
1961,imagegame,Qwen3.6-35B-A3B-FP8-without-reasoning,compact_grids,instance_00000,Average Generated Instruction Length,49.4
1962,imagegame,Qwen3.6-35B-A3B-FP8-without-reasoning,compact_grids,instance_00000,Average Generated Expression Number of Tokens,8.0
1963,imagegame,Qwen3.6-35B-A3B-FP8-without-reasoning,compact_grids,instance_00000,Success,1.0
1964,imagegame,Qwen3.6-35B-A3B-FP8-without-reasoning,compact_grids,instance_00000,Lose,0.0
1965,imagegame,Qwen3.6-35B-A3B-FP8-without-reasoning,compact_grids,instance_00000,Aborted,0.0
1966,imagegame,Qwen3.6-35B-A3B-FP8-without-reasoning,compact_grids,instance_00000,Request Count,32.0
1967,imagegame,Qwen3.6-35B-A3B-FP8-without-reasoning,compact_grids,instance_00000,Violated Request Count,0.0
1968,imagegame,Qwen3.6-35B-A3B-FP8-without-reasoning,compact_grids,instance_00000,Parsed Request Count,32.0
1969,imagegame,Qwen3.6-35B-A3B-FP8-without-reasoning,compact_grids,instance_00000,Request Success Ratio,1.0
1970,imagegame,Qwen3.6-35B-A3B-FP8-without-reasoning,compact_grids,instance_00009,Precision,100.0
1971,imagegame,Qwen3.6-35B-A3B-FP8-without-reasoning,compact_grids,instance_00009,Recall,100.0
1972,imagegame,Qwen3.6-35B-A3B-FP8-without-reasoning,compact_grids,instance_00009,F1,100.0
1973,imagegame,Qwen3.6-35B-A3B-FP8-without-reasoning,compact_grids,instance_00009,Main Score,100.0
1974,imagegame,Qwen3.6-35B-A3B-FP8-without-reasoning,compact_grids,instance_00009,Average Changed Cell Count,1.0
1975,imagegame,Qwen3.6-35B-A3B-FP8-without-reasoning,compact_grids,instance_00009,Average Generated Instruction Length,49.2
1976,imagegame,Qwen3.6-35B-A3B-FP8-without-reasoning,compact_grids,instance_00009,Average Generated Expression Number of Tokens,8.0
1977,imagegame,Qwen3.6-35B-A3B-FP8-without-reasoning,compact_grids,instance_00009,Success,1.0
1978,imagegame,Qwen3.6-35B-A3B-FP8-without-reasoning,compact_grids,instance_00009,Lose,0.0
1979,imagegame,Qwen3.6-35B-A3B-FP8-without-reasoning,compact_grids,instance_00009,Aborted,0.0
1980,imagegame,Qwen3.6-35B-A3B-FP8-without-reasoning,compact_grids,instance_00009,Request Count,92.0
1981,imagegame,Qwen3.6-35B-A3B-FP8-without-reasoning,compact_grids,instance_00009,Violated Request Count,0.0
1982,imagegame,Qwen3.6-35B-A3B-FP8-without-reasoning,compact_grids,instance_00009,Parsed Request Count,92.0
1983,imagegame,Qwen3.6-35B-A3B-FP8-without-reasoning,compact_grids,instance_00009,Request Success Ratio,1.0
1984,imagegame,Qwen3.6-35B-A3B-FP8-without-reasoning,compact_grids,instance_00013,Precision,100.0
1985,imagegame,Qwen3.6-35B-A3B-FP8-without-reasoning,compact_grids,instance_00013,Recall,100.0
1986,imagegame,Qwen3.6-35B-A3B-FP8-without-reasoning,compact_grids,instance_00013,F1,100.0
1987,imagegame,Qwen3.6-35B-A3B-FP8-without-reasoning,compact_grids,instance_00013,Main Score,100.0
1988,imagegame,Qwen3.6-35B-A3B-FP8-without-reasoning,compact_grids,instance_00013,Average Changed Cell Count,4.2
1989,imagegame,Qwen3.6-35B-A3B-FP8-without-reasoning,compact_grids,instance_00013,Average Generated Instruction Length,51.0
1990,imagegame,Qwen3.6-35B-A3B-FP8-without-reasoning,compact_grids,instance_00013,Average Generated Expression Number of Tokens,8.4
1991,imagegame,Qwen3.6-35B-A3B-FP8-without-reasoning,compact_grids,instance_00013,Success,1.0
1992,imagegame,Qwen3.6-35B-A3B-FP8-without-reasoning,compact_grids,instance_00013,Lose,0.0
1993,imagegame,Qwen3.6-35B-A3B-FP8-without-reasoning,compact_grids,instance_00013,Aborted,0.0
1994,imagegame,Qwen3.6-35B-A3B-FP8-without-reasoning,compact_grids,instance_00013,Request Count,32.0
1995,imagegame,Qwen3.6-35B-A3B-FP8-without-reasoning,compact_grids,instance_00013,Violated Request Count,0.0
1996,imagegame,Qwen3.6-35B-A3B-FP8-without-reasoning,compact_grids,instance_00013,Parsed Request Count,32.0
1997,imagegame,Qwen3.6-35B-A3B-FP8-without-reasoning,compact_grids,instance_00013,Request Success Ratio,1.0
1998,imagegame,Qwen3.6-35B-A3B-FP8-without-reasoning,compact_grids,instance_00014,Precision,100.0
1999,imagegame,Qwen3.6-35B-A3B-FP8-without-reasoning,compact_grids,instance_00014,Recall,100.0
2000,imagegame,Qwen3.6-35B-A3B-FP8-without-reasoning,compact_grids,instance_00014,F1,100.0
2001,imagegame,Qwen3.6-35B-A3B-FP8-without-reasoning,compact_grids,instance_00014,Main Score,100.0
2002,imagegame,Qwen3.6-35B-A3B-FP8-without-reasoning,compact_grids,instance_00014,Average Changed Cell Count,1.0
2003,imagegame,Qwen3.6-35B-A3B-FP8-without-reasoning,compact_grids,instance_00014,Average Generated Instruction Length,49.4
2004,imagegame,Qwen3.6-35B-A3B-FP8-without-reasoning,compact_grids,instance_00014,Average Generated Expression Number of Tokens,8.0
2005,imagegame,Qwen3.6-35B-A3B-FP8-without-reasoning,compact_grids,instance_00014,Success,1.0
2006,imagegame,Qwen3.6-35B-A3B-FP8-without-reasoning,compact_grids,instance_00014,Lose,0.0
2007,imagegame,Qwen3.6-35B-A3B-FP8-without-reasoning,compact_grids,instance_00014,Aborted,0.0
2008,imagegame,Qwen3.6-35B-A3B-FP8-without-reasoning,compact_grids,instance_00014,Request Count,32.0
2009,imagegame,Qwen3.6-35B-A3B-FP8-without-reasoning,compact_grids,instance_00014,Violated Request Count,0.0
2010,imagegame,Qwen3.6-35B-A3B-FP8-without-reasoning,compact_grids,instance_00014,Parsed Request Count,32.0
2011,imagegame,Qwen3.6-35B-A3B-FP8-without-reasoning,compact_grids,instance_00014,Request Success Ratio,1.0
2012,imagegame,Qwen3.6-35B-A3B-FP8-without-reasoning,compact_grids,instance_00015,Precision,100.0
2013,imagegame,Qwen3.6-35B-A3B-FP8-without-reasoning,compact_grids,instance_00015,Recall,100.0
2014,imagegame,Qwen3.6-35B-A3B-FP8-without-reasoning,compact_grids,instance_00015,F1,100.0
2015,imagegame,Qwen3.6-35B-A3B-FP8-without-reasoning,compact_grids,instance_00015,Main Score,100.0
2016,imagegame,Qwen3.6-35B-A3B-FP8-without-reasoning,compact_grids,instance_00015,Average Changed Cell Count,1.8
2017,imagegame,Qwen3.6-35B-A3B-FP8-without-reasoning,compact_grids,instance_00015,Average Generated Instruction Length,47.8
2018,imagegame,Qwen3.6-35B-A3B-FP8-without-reasoning,compact_grids,instance_00015,Average Generated Expression Number of Tokens,7.6
2019,imagegame,Qwen3.6-35B-A3B-FP8-without-reasoning,compact_grids,instance_00015,Success,1.0
2020,imagegame,Qwen3.6-35B-A3B-FP8-without-reasoning,compact_grids,instance_00015,Lose,0.0
2021,imagegame,Qwen3.6-35B-A3B-FP8-without-reasoning,compact_grids,instance_00015,Aborted,0.0
2022,imagegame,Qwen3.6-35B-A3B-FP8-without-reasoning,compact_grids,instance_00015,Request Count,32.0
2023,imagegame,Qwen3.6-35B-A3B-FP8-without-reasoning,compact_grids,instance_00015,Violated Request Count,0.0
2024,imagegame,Qwen3.6-35B-A3B-FP8-without-reasoning,compact_grids,instance_00015,Parsed Request Count,32.0
2025,imagegame,Qwen3.6-35B-A3B-FP8-without-reasoning,compact_grids,instance_00015,Request Success Ratio,1.0
2026,imagegame,Qwen3.6-35B-A3B-FP8-without-reasoning,compact_grids,instance_00012,Precision,100.0
2027,imagegame,Qwen3.6-35B-A3B-FP8-without-reasoning,compact_grids,instance_00012,Recall,100.0
2028,imagegame,Qwen3.6-35B-A3B-FP8-without-reasoning,compact_grids,instance_00012,F1,100.0
2029,imagegame,Qwen3.6-35B-A3B-FP8-without-reasoning,compact_grids,instance_00012,Main Score,100.0
2030,imagegame,Qwen3.6-35B-A3B-FP8-without-reasoning,compact_grids,instance_00012,Average Changed Cell Count,3.0
2031,imagegame,Qwen3.6-35B-A3B-FP8-without-reasoning,compact_grids,instance_00012,Average Generated Instruction Length,68.0
2032,imagegame,Qwen3.6-35B-A3B-FP8-without-reasoning,compact_grids,instance_00012,Average Generated Expression Number of Tokens,10.8
2033,imagegame,Qwen3.6-35B-A3B-FP8-without-reasoning,compact_grids,instance_00012,Success,1.0
2034,imagegame,Qwen3.6-35B-A3B-FP8-without-reasoning,compact_grids,instance_00012,Lose,0.0
2035,imagegame,Qwen3.6-35B-A3B-FP8-without-reasoning,compact_grids,instance_00012,Aborted,0.0
2036,imagegame,Qwen3.6-35B-A3B-FP8-without-reasoning,compact_grids,instance_00012,Request Count,32.0
2037,imagegame,Qwen3.6-35B-A3B-FP8-without-reasoning,compact_grids,instance_00012,Violated Request Count,0.0
2038,imagegame,Qwen3.6-35B-A3B-FP8-without-reasoning,compact_grids,instance_00012,Parsed Request Count,32.0
2039,imagegame,Qwen3.6-35B-A3B-FP8-without-reasoning,compact_grids,instance_00012,Request Success Ratio,1.0
2040,taboo,Qwen3.6-35B-A3B-FP8-without-reasoning,low_sk,instance_00005,Played,1.0
2041,taboo,Qwen3.6-35B-A3B-FP8-without-reasoning,low_sk,instance_00002,Played,1.0
2042,taboo,Qwen3.6-35B-A3B-FP8-without-reasoning,low_sk,instance_00003,Played,1.0
2043,taboo,Qwen3.6-35B-A3B-FP8-without-reasoning,low_sk,instance_00004,Played,1.0
2044,taboo,Qwen3.6-35B-A3B-FP8-without-reasoning,low_sk,instance_00017,Played,1.0
2045,taboo,Qwen3.6-35B-A3B-FP8-without-reasoning,low_sk,instance_00010,Played,1.0
2046,taboo,Qwen3.6-35B-A3B-FP8-without-reasoning,low_sk,instance_00019,Played,1.0
2047,taboo,Qwen3.6-35B-A3B-FP8-without-reasoning,low_sk,instance_00018,Played,1.0
2048,taboo,Qwen3.6-35B-A3B-FP8-without-reasoning,low_sk,instance_00011,Played,1.0
2049,taboo,Qwen3.6-35B-A3B-FP8-without-reasoning,low_sk,instance_00016,Played,0.0
2050,taboo,Qwen3.6-35B-A3B-FP8-without-reasoning,low_sk,instance_00008,Played,1.0
2051,taboo,Qwen3.6-35B-A3B-FP8-without-reasoning,low_sk,instance_00001,Played,1.0
2052,taboo,Qwen3.6-35B-A3B-FP8-without-reasoning,low_sk,instance_00006,Played,1.0
2053,taboo,Qwen3.6-35B-A3B-FP8-without-reasoning,low_sk,instance_00007,Played,1.0
2054,taboo,Qwen3.6-35B-A3B-FP8-without-reasoning,low_sk,instance_00000,Played,1.0
2055,taboo,Qwen3.6-35B-A3B-FP8-without-reasoning,low_sk,instance_00009,Played,1.0
2056,taboo,Qwen3.6-35B-A3B-FP8-without-reasoning,low_sk,instance_00013,Played,0.0
2057,taboo,Qwen3.6-35B-A3B-FP8-without-reasoning,low_sk,instance_00014,Played,1.0
2058,taboo,Qwen3.6-35B-A3B-FP8-without-reasoning,low_sk,instance_00015,Played,1.0
2059,taboo,Qwen3.6-35B-A3B-FP8-without-reasoning,low_sk,instance_00012,Played,1.0
2060,taboo,Qwen3.6-35B-A3B-FP8-without-reasoning,high_sk,instance_00005,Played,1.0
2061,taboo,Qwen3.6-35B-A3B-FP8-without-reasoning,high_sk,instance_00002,Played,1.0
2062,taboo,Qwen3.6-35B-A3B-FP8-without-reasoning,high_sk,instance_00003,Played,1.0
2063,taboo,Qwen3.6-35B-A3B-FP8-without-reasoning,high_sk,instance_00004,Played,1.0
2064,taboo,Qwen3.6-35B-A3B-FP8-without-reasoning,high_sk,instance_00017,Played,1.0
2065,taboo,Qwen3.6-35B-A3B-FP8-without-reasoning,high_sk,instance_00010,Played,1.0
2066,taboo,Qwen3.6-35B-A3B-FP8-without-reasoning,high_sk,instance_00019,Played,1.0
2067,taboo,Qwen3.6-35B-A3B-FP8-without-reasoning,high_sk,instance_00018,Played,1.0
2068,taboo,Qwen3.6-35B-A3B-FP8-without-reasoning,high_sk,instance_00011,Played,1.0
2069,taboo,Qwen3.6-35B-A3B-FP8-without-reasoning,high_sk,instance_00016,Played,1.0
2070,taboo,Qwen3.6-35B-A3B-FP8-without-reasoning,high_sk,instance_00008,Played,1.0
2071,taboo,Qwen3.6-35B-A3B-FP8-without-reasoning,high_sk,instance_00001,Played,1.0
2072,taboo,Qwen3.6-35B-A3B-FP8-without-reasoning,high_sk,instance_00006,Played,1.0
2073,taboo,Qwen3.6-35B-A3B-FP8-without-reasoning,high_sk,instance_00007,Played,0.0
2074,taboo,Qwen3.6-35B-A3B-FP8-without-reasoning,high_sk,instance_00000,Played,1.0
2075,taboo,Qwen3.6-35B-A3B-FP8-without-reasoning,high_sk,instance_00009,Played,1.0
2076,taboo,Qwen3.6-35B-A3B-FP8-without-reasoning,high_sk,instance_00013,Played,1.0
2077,taboo,Qwen3.6-35B-A3B-FP8-without-reasoning,high_sk,instance_00014,Played,1.0
2078,taboo,Qwen3.6-35B-A3B-FP8-without-reasoning,high_sk,instance_00015,Played,1.0
2079,taboo,Qwen3.6-35B-A3B-FP8-without-reasoning,high_sk,instance_00012,Played,1.0
2080,referencegame,Qwen3.6-35B-A3B-FP8-without-reasoning,number_grids,instance_00005,Played,1.0
2081,referencegame,Qwen3.6-35B-A3B-FP8-without-reasoning,number_grids,instance_00002,Played,1.0
2082,referencegame,Qwen3.6-35B-A3B-FP8-without-reasoning,number_grids,instance_00003,Played,1.0
2083,referencegame,Qwen3.6-35B-A3B-FP8-without-reasoning,number_grids,instance_00004,Played,1.0
2084,referencegame,Qwen3.6-35B-A3B-FP8-without-reasoning,number_grids,instance_00017,Played,1.0
2085,referencegame,Qwen3.6-35B-A3B-FP8-without-reasoning,number_grids,instance_00010,Played,1.0
2086,referencegame,Qwen3.6-35B-A3B-FP8-without-reasoning,number_grids,instance_00011,Played,1.0
2087,referencegame,Qwen3.6-35B-A3B-FP8-without-reasoning,number_grids,instance_00016,Played,1.0
2088,referencegame,Qwen3.6-35B-A3B-FP8-without-reasoning,number_grids,instance_00008,Played,1.0
2089,referencegame,Qwen3.6-35B-A3B-FP8-without-reasoning,number_grids,instance_00001,Played,1.0
2090,referencegame,Qwen3.6-35B-A3B-FP8-without-reasoning,number_grids,instance_00006,Played,1.0
2091,referencegame,Qwen3.6-35B-A3B-FP8-without-reasoning,number_grids,instance_00007,Played,1.0
2092,referencegame,Qwen3.6-35B-A3B-FP8-without-reasoning,number_grids,instance_00000,Played,1.0
2093,referencegame,Qwen3.6-35B-A3B-FP8-without-reasoning,number_grids,instance_00009,Played,1.0
2094,referencegame,Qwen3.6-35B-A3B-FP8-without-reasoning,number_grids,instance_00013,Played,1.0
2095,referencegame,Qwen3.6-35B-A3B-FP8-without-reasoning,number_grids,instance_00014,Played,1.0
2096,referencegame,Qwen3.6-35B-A3B-FP8-without-reasoning,number_grids,instance_00015,Played,1.0
2097,referencegame,Qwen3.6-35B-A3B-FP8-without-reasoning,number_grids,instance_00012,Played,1.0
2098,referencegame,Qwen3.6-35B-A3B-FP8-without-reasoning,line_grids_columns,instance_00005,Played,1.0
2099,referencegame,Qwen3.6-35B-A3B-FP8-without-reasoning,line_grids_columns,instance_00002,Played,1.0
2100,referencegame,Qwen3.6-35B-A3B-FP8-without-reasoning,line_grids_columns,instance_00003,Played,1.0
2101,referencegame,Qwen3.6-35B-A3B-FP8-without-reasoning,line_grids_columns,instance_00004,Played,1.0
2102,referencegame,Qwen3.6-35B-A3B-FP8-without-reasoning,line_grids_columns,instance_00017,Played,1.0
2103,referencegame,Qwen3.6-35B-A3B-FP8-without-reasoning,line_grids_columns,instance_00010,Played,1.0
2104,referencegame,Qwen3.6-35B-A3B-FP8-without-reasoning,line_grids_columns,instance_00011,Played,1.0
2105,referencegame,Qwen3.6-35B-A3B-FP8-without-reasoning,line_grids_columns,instance_00016,Played,1.0
2106,referencegame,Qwen3.6-35B-A3B-FP8-without-reasoning,line_grids_columns,instance_00008,Played,1.0
2107,referencegame,Qwen3.6-35B-A3B-FP8-without-reasoning,line_grids_columns,instance_00001,Played,1.0
2108,referencegame,Qwen3.6-35B-A3B-FP8-without-reasoning,line_grids_columns,instance_00006,Played,1.0
2109,referencegame,Qwen3.6-35B-A3B-FP8-without-reasoning,line_grids_columns,instance_00007,Played,1.0
2110,referencegame,Qwen3.6-35B-A3B-FP8-without-reasoning,line_grids_columns,instance_00000,Played,1.0
2111,referencegame,Qwen3.6-35B-A3B-FP8-without-reasoning,line_grids_columns,instance_00009,Played,1.0
2112,referencegame,Qwen3.6-35B-A3B-FP8-without-reasoning,line_grids_columns,instance_00013,Played,1.0
2113,referencegame,Qwen3.6-35B-A3B-FP8-without-reasoning,line_grids_columns,instance_00014,Played,1.0
2114,referencegame,Qwen3.6-35B-A3B-FP8-without-reasoning,line_grids_columns,instance_00015,Played,1.0
2115,referencegame,Qwen3.6-35B-A3B-FP8-without-reasoning,line_grids_columns,instance_00012,Played,1.0
2116,referencegame,Qwen3.6-35B-A3B-FP8-without-reasoning,line_grids_rows,instance_00005,Played,1.0
2117,referencegame,Qwen3.6-35B-A3B-FP8-without-reasoning,line_grids_rows,instance_00002,Played,1.0
2118,referencegame,Qwen3.6-35B-A3B-FP8-without-reasoning,line_grids_rows,instance_00003,Played,1.0
2119,referencegame,Qwen3.6-35B-A3B-FP8-without-reasoning,line_grids_rows,instance_00004,Played,1.0
2120,referencegame,Qwen3.6-35B-A3B-FP8-without-reasoning,line_grids_rows,instance_00017,Played,1.0
2121,referencegame,Qwen3.6-35B-A3B-FP8-without-reasoning,line_grids_rows,instance_00010,Played,1.0
2122,referencegame,Qwen3.6-35B-A3B-FP8-without-reasoning,line_grids_rows,instance_00011,Played,1.0
2123,referencegame,Qwen3.6-35B-A3B-FP8-without-reasoning,line_grids_rows,instance_00016,Played,1.0
2124,referencegame,Qwen3.6-35B-A3B-FP8-without-reasoning,line_grids_rows,instance_00008,Played,1.0
2125,referencegame,Qwen3.6-35B-A3B-FP8-without-reasoning,line_grids_rows,instance_00001,Played,1.0
2126,referencegame,Qwen3.6-35B-A3B-FP8-without-reasoning,line_grids_rows,instance_00006,Played,1.0
2127,referencegame,Qwen3.6-35B-A3B-FP8-without-reasoning,line_grids_rows,instance_00007,Played,1.0
2128,referencegame,Qwen3.6-35B-A3B-FP8-without-reasoning,line_grids_rows,instance_00000,Played,1.0
2129,referencegame,Qwen3.6-35B-A3B-FP8-without-reasoning,line_grids_rows,instance_00009,Played,1.0
2130,referencegame,Qwen3.6-35B-A3B-FP8-without-reasoning,line_grids_rows,instance_00013,Played,1.0
2131,referencegame,Qwen3.6-35B-A3B-FP8-without-reasoning,line_grids_rows,instance_00014,Played,1.0
2132,referencegame,Qwen3.6-35B-A3B-FP8-without-reasoning,line_grids_rows,instance_00015,Played,1.0
2133,referencegame,Qwen3.6-35B-A3B-FP8-without-reasoning,line_grids_rows,instance_00012,Played,1.0
2134,referencegame,Qwen3.6-35B-A3B-FP8-without-reasoning,random_grids,instance_00005,Played,1.0
2135,referencegame,Qwen3.6-35B-A3B-FP8-without-reasoning,random_grids,instance_00002,Played,1.0
2136,referencegame,Qwen3.6-35B-A3B-FP8-without-reasoning,random_grids,instance_00003,Played,1.0
2137,referencegame,Qwen3.6-35B-A3B-FP8-without-reasoning,random_grids,instance_00004,Played,1.0
2138,referencegame,Qwen3.6-35B-A3B-FP8-without-reasoning,random_grids,instance_00017,Played,1.0
2139,referencegame,Qwen3.6-35B-A3B-FP8-without-reasoning,random_grids,instance_00010,Played,1.0
2140,referencegame,Qwen3.6-35B-A3B-FP8-without-reasoning,random_grids,instance_00011,Played,1.0
2141,referencegame,Qwen3.6-35B-A3B-FP8-without-reasoning,random_grids,instance_00016,Played,1.0
2142,referencegame,Qwen3.6-35B-A3B-FP8-without-reasoning,random_grids,instance_00008,Played,1.0
2143,referencegame,Qwen3.6-35B-A3B-FP8-without-reasoning,random_grids,instance_00001,Played,1.0
2144,referencegame,Qwen3.6-35B-A3B-FP8-without-reasoning,random_grids,instance_00006,Played,1.0
2145,referencegame,Qwen3.6-35B-A3B-FP8-without-reasoning,random_grids,instance_00007,Played,1.0
2146,referencegame,Qwen3.6-35B-A3B-FP8-without-reasoning,random_grids,instance_00000,Played,1.0
2147,referencegame,Qwen3.6-35B-A3B-FP8-without-reasoning,random_grids,instance_00009,Played,1.0
2148,referencegame,Qwen3.6-35B-A3B-FP8-without-reasoning,random_grids,instance_00013,Played,1.0
2149,referencegame,Qwen3.6-35B-A3B-FP8-without-reasoning,random_grids,instance_00014,Played,1.0
2150,referencegame,Qwen3.6-35B-A3B-FP8-without-reasoning,random_grids,instance_00015,Played,1.0
2151,referencegame,Qwen3.6-35B-A3B-FP8-without-reasoning,random_grids,instance_00012,Played,1.0
2152,referencegame,Qwen3.6-35B-A3B-FP8-without-reasoning,letter_grids,instance_00005,Played,1.0
2153,referencegame,Qwen3.6-35B-A3B-FP8-without-reasoning,letter_grids,instance_00002,Played,1.0
2154,referencegame,Qwen3.6-35B-A3B-FP8-without-reasoning,letter_grids,instance_00003,Played,1.0
2155,referencegame,Qwen3.6-35B-A3B-FP8-without-reasoning,letter_grids,instance_00004,Played,1.0
2156,referencegame,Qwen3.6-35B-A3B-FP8-without-reasoning,letter_grids,instance_00017,Played,1.0
2157,referencegame,Qwen3.6-35B-A3B-FP8-without-reasoning,letter_grids,instance_00010,Played,1.0
2158,referencegame,Qwen3.6-35B-A3B-FP8-without-reasoning,letter_grids,instance_00011,Played,1.0
2159,referencegame,Qwen3.6-35B-A3B-FP8-without-reasoning,letter_grids,instance_00016,Played,1.0
2160,referencegame,Qwen3.6-35B-A3B-FP8-without-reasoning,letter_grids,instance_00008,Played,1.0
2161,referencegame,Qwen3.6-35B-A3B-FP8-without-reasoning,letter_grids,instance_00001,Played,1.0
2162,referencegame,Qwen3.6-35B-A3B-FP8-without-reasoning,letter_grids,instance_00006,Played,1.0
2163,referencegame,Qwen3.6-35B-A3B-FP8-without-reasoning,letter_grids,instance_00007,Played,1.0
2164,referencegame,Qwen3.6-35B-A3B-FP8-without-reasoning,letter_grids,instance_00000,Played,0.0
2165,referencegame,Qwen3.6-35B-A3B-FP8-without-reasoning,letter_grids,instance_00009,Played,1.0
2166,referencegame,Qwen3.6-35B-A3B-FP8-without-reasoning,letter_grids,instance_00013,Played,1.0
2167,referencegame,Qwen3.6-35B-A3B-FP8-without-reasoning,letter_grids,instance_00014,Played,1.0
2168,referencegame,Qwen3.6-35B-A3B-FP8-without-reasoning,letter_grids,instance_00015,Played,1.0
2169,referencegame,Qwen3.6-35B-A3B-FP8-without-reasoning,letter_grids,instance_00012,Played,1.0
2170,imagegame,Qwen3.6-35B-A3B-FP8-without-reasoning,random_grids,instance_00005,Played,1.0
2171,imagegame,Qwen3.6-35B-A3B-FP8-without-reasoning,random_grids,instance_00002,Played,1.0
2172,imagegame,Qwen3.6-35B-A3B-FP8-without-reasoning,random_grids,instance_00003,Played,1.0
2173,imagegame,Qwen3.6-35B-A3B-FP8-without-reasoning,random_grids,instance_00004,Played,1.0
2174,imagegame,Qwen3.6-35B-A3B-FP8-without-reasoning,random_grids,instance_00017,Played,1.0
2175,imagegame,Qwen3.6-35B-A3B-FP8-without-reasoning,random_grids,instance_00010,Played,1.0
2176,imagegame,Qwen3.6-35B-A3B-FP8-without-reasoning,random_grids,instance_00019,Played,1.0
2177,imagegame,Qwen3.6-35B-A3B-FP8-without-reasoning,random_grids,instance_00018,Played,1.0
2178,imagegame,Qwen3.6-35B-A3B-FP8-without-reasoning,random_grids,instance_00011,Played,1.0
2179,imagegame,Qwen3.6-35B-A3B-FP8-without-reasoning,random_grids,instance_00016,Played,1.0
2180,imagegame,Qwen3.6-35B-A3B-FP8-without-reasoning,random_grids,instance_00008,Played,1.0
2181,imagegame,Qwen3.6-35B-A3B-FP8-without-reasoning,random_grids,instance_00001,Played,1.0
2182,imagegame,Qwen3.6-35B-A3B-FP8-without-reasoning,random_grids,instance_00006,Played,1.0
2183,imagegame,Qwen3.6-35B-A3B-FP8-without-reasoning,random_grids,instance_00007,Played,1.0
2184,imagegame,Qwen3.6-35B-A3B-FP8-without-reasoning,random_grids,instance_00000,Played,1.0
2185,imagegame,Qwen3.6-35B-A3B-FP8-without-reasoning,random_grids,instance_00009,Played,1.0
2186,imagegame,Qwen3.6-35B-A3B-FP8-without-reasoning,random_grids,instance_00013,Played,1.0
2187,imagegame,Qwen3.6-35B-A3B-FP8-without-reasoning,random_grids,instance_00014,Played,1.0
2188,imagegame,Qwen3.6-35B-A3B-FP8-without-reasoning,random_grids,instance_00015,Played,1.0
2189,imagegame,Qwen3.6-35B-A3B-FP8-without-reasoning,random_grids,instance_00012,Played,1.0
2190,imagegame,Qwen3.6-35B-A3B-FP8-without-reasoning,compact_grids,instance_00005,Played,1.0
2191,imagegame,Qwen3.6-35B-A3B-FP8-without-reasoning,compact_grids,instance_00002,Played,1.0
2192,imagegame,Qwen3.6-35B-A3B-FP8-without-reasoning,compact_grids,instance_00003,Played,1.0
2193,imagegame,Qwen3.6-35B-A3B-FP8-without-reasoning,compact_grids,instance_00004,Played,1.0
2194,imagegame,Qwen3.6-35B-A3B-FP8-without-reasoning,compact_grids,instance_00017,Played,1.0
2195,imagegame,Qwen3.6-35B-A3B-FP8-without-reasoning,compact_grids,instance_00010,Played,1.0
2196,imagegame,Qwen3.6-35B-A3B-FP8-without-reasoning,compact_grids,instance_00019,Played,1.0
2197,imagegame,Qwen3.6-35B-A3B-FP8-without-reasoning,compact_grids,instance_00018,Played,1.0
2198,imagegame,Qwen3.6-35B-A3B-FP8-without-reasoning,compact_grids,instance_00011,Played,1.0
2199,imagegame,Qwen3.6-35B-A3B-FP8-without-reasoning,compact_grids,instance_00016,Played,1.0
2200,imagegame,Qwen3.6-35B-A3B-FP8-without-reasoning,compact_grids,instance_00008,Played,1.0
2201,imagegame,Qwen3.6-35B-A3B-FP8-without-reasoning,compact_grids,instance_00001,Played,1.0
2202,imagegame,Qwen3.6-35B-A3B-FP8-without-reasoning,compact_grids,instance_00006,Played,1.0
2203,imagegame,Qwen3.6-35B-A3B-FP8-without-reasoning,compact_grids,instance_00007,Played,1.0
2204,imagegame,Qwen3.6-35B-A3B-FP8-without-reasoning,compact_grids,instance_00000,Played,1.0
2205,imagegame,Qwen3.6-35B-A3B-FP8-without-reasoning,compact_grids,instance_00009,Played,1.0
2206,imagegame,Qwen3.6-35B-A3B-FP8-without-reasoning,compact_grids,instance_00013,Played,1.0
2207,imagegame,Qwen3.6-35B-A3B-FP8-without-reasoning,compact_grids,instance_00014,Played,1.0
2208,imagegame,Qwen3.6-35B-A3B-FP8-without-reasoning,compact_grids,instance_00015,Played,1.0
2209,imagegame,Qwen3.6-35B-A3B-FP8-without-reasoning,compact_grids,instance_00012,Played,1.0
