,game,model,experiment,episode,metric,value
0,taboo,Qwen3.6-35B-A3B-FP8-without-reasoning,high_fi,instance_00005,Violated Request Count,0.0
1,taboo,Qwen3.6-35B-A3B-FP8-without-reasoning,high_fi,instance_00005,Parsed Request Count,1.0
2,taboo,Qwen3.6-35B-A3B-FP8-without-reasoning,high_fi,instance_00005,Request Count,1.0
3,taboo,Qwen3.6-35B-A3B-FP8-without-reasoning,high_fi,instance_00005,Request Success Ratio,1.0
4,taboo,Qwen3.6-35B-A3B-FP8-without-reasoning,high_fi,instance_00005,Aborted,0.0
5,taboo,Qwen3.6-35B-A3B-FP8-without-reasoning,high_fi,instance_00005,Success,1.0
6,taboo,Qwen3.6-35B-A3B-FP8-without-reasoning,high_fi,instance_00005,Lose,0.0
7,taboo,Qwen3.6-35B-A3B-FP8-without-reasoning,high_fi,instance_00005,Main Score,100.0
8,taboo,Qwen3.6-35B-A3B-FP8-without-reasoning,high_fi,instance_00005,Repetition-Guesser,0.0
9,taboo,Qwen3.6-35B-A3B-FP8-without-reasoning,high_fi,instance_00005,Repetition-Describer,0.0
10,taboo,Qwen3.6-35B-A3B-FP8-without-reasoning,high_fi,instance_00002,Violated Request Count,0.0
11,taboo,Qwen3.6-35B-A3B-FP8-without-reasoning,high_fi,instance_00002,Parsed Request Count,2.0
12,taboo,Qwen3.6-35B-A3B-FP8-without-reasoning,high_fi,instance_00002,Request Count,2.0
13,taboo,Qwen3.6-35B-A3B-FP8-without-reasoning,high_fi,instance_00002,Request Success Ratio,1.0
14,taboo,Qwen3.6-35B-A3B-FP8-without-reasoning,high_fi,instance_00002,Aborted,0.0
15,taboo,Qwen3.6-35B-A3B-FP8-without-reasoning,high_fi,instance_00002,Success,0.0
16,taboo,Qwen3.6-35B-A3B-FP8-without-reasoning,high_fi,instance_00002,Lose,1.0
17,taboo,Qwen3.6-35B-A3B-FP8-without-reasoning,high_fi,instance_00002,Main Score,0.0
18,taboo,Qwen3.6-35B-A3B-FP8-without-reasoning,high_fi,instance_00002,Repetition-Guesser,0.0
19,taboo,Qwen3.6-35B-A3B-FP8-without-reasoning,high_fi,instance_00002,Repetition-Describer,0.0
20,taboo,Qwen3.6-35B-A3B-FP8-without-reasoning,high_fi,instance_00003,Violated Request Count,0.0
21,taboo,Qwen3.6-35B-A3B-FP8-without-reasoning,high_fi,instance_00003,Parsed Request Count,3.0
22,taboo,Qwen3.6-35B-A3B-FP8-without-reasoning,high_fi,instance_00003,Request Count,3.0
23,taboo,Qwen3.6-35B-A3B-FP8-without-reasoning,high_fi,instance_00003,Request Success Ratio,1.0
24,taboo,Qwen3.6-35B-A3B-FP8-without-reasoning,high_fi,instance_00003,Aborted,0.0
25,taboo,Qwen3.6-35B-A3B-FP8-without-reasoning,high_fi,instance_00003,Success,0.0
26,taboo,Qwen3.6-35B-A3B-FP8-without-reasoning,high_fi,instance_00003,Lose,1.0
27,taboo,Qwen3.6-35B-A3B-FP8-without-reasoning,high_fi,instance_00003,Main Score,0.0
28,taboo,Qwen3.6-35B-A3B-FP8-without-reasoning,high_fi,instance_00003,Repetition-Guesser,0.0
29,taboo,Qwen3.6-35B-A3B-FP8-without-reasoning,high_fi,instance_00003,Repetition-Describer,0.0
30,taboo,Qwen3.6-35B-A3B-FP8-without-reasoning,high_fi,instance_00004,Violated Request Count,0.0
31,taboo,Qwen3.6-35B-A3B-FP8-without-reasoning,high_fi,instance_00004,Parsed Request Count,2.0
32,taboo,Qwen3.6-35B-A3B-FP8-without-reasoning,high_fi,instance_00004,Request Count,2.0
33,taboo,Qwen3.6-35B-A3B-FP8-without-reasoning,high_fi,instance_00004,Request Success Ratio,1.0
34,taboo,Qwen3.6-35B-A3B-FP8-without-reasoning,high_fi,instance_00004,Aborted,0.0
35,taboo,Qwen3.6-35B-A3B-FP8-without-reasoning,high_fi,instance_00004,Success,1.0
36,taboo,Qwen3.6-35B-A3B-FP8-without-reasoning,high_fi,instance_00004,Lose,0.0
37,taboo,Qwen3.6-35B-A3B-FP8-without-reasoning,high_fi,instance_00004,Main Score,50.0
38,taboo,Qwen3.6-35B-A3B-FP8-without-reasoning,high_fi,instance_00004,Repetition-Guesser,0.0
39,taboo,Qwen3.6-35B-A3B-FP8-without-reasoning,high_fi,instance_00004,Repetition-Describer,0.0
40,taboo,Qwen3.6-35B-A3B-FP8-without-reasoning,high_fi,instance_00008,Violated Request Count,0.0
41,taboo,Qwen3.6-35B-A3B-FP8-without-reasoning,high_fi,instance_00008,Parsed Request Count,1.0
42,taboo,Qwen3.6-35B-A3B-FP8-without-reasoning,high_fi,instance_00008,Request Count,1.0
43,taboo,Qwen3.6-35B-A3B-FP8-without-reasoning,high_fi,instance_00008,Request Success Ratio,1.0
44,taboo,Qwen3.6-35B-A3B-FP8-without-reasoning,high_fi,instance_00008,Aborted,0.0
45,taboo,Qwen3.6-35B-A3B-FP8-without-reasoning,high_fi,instance_00008,Success,0.0
46,taboo,Qwen3.6-35B-A3B-FP8-without-reasoning,high_fi,instance_00008,Lose,1.0
47,taboo,Qwen3.6-35B-A3B-FP8-without-reasoning,high_fi,instance_00008,Main Score,0.0
48,taboo,Qwen3.6-35B-A3B-FP8-without-reasoning,high_fi,instance_00008,Repetition-Guesser,0.0
49,taboo,Qwen3.6-35B-A3B-FP8-without-reasoning,high_fi,instance_00008,Repetition-Describer,0.0
50,taboo,Qwen3.6-35B-A3B-FP8-without-reasoning,high_fi,instance_00001,Violated Request Count,0.0
51,taboo,Qwen3.6-35B-A3B-FP8-without-reasoning,high_fi,instance_00001,Parsed Request Count,1.0
52,taboo,Qwen3.6-35B-A3B-FP8-without-reasoning,high_fi,instance_00001,Request Count,1.0
53,taboo,Qwen3.6-35B-A3B-FP8-without-reasoning,high_fi,instance_00001,Request Success Ratio,1.0
54,taboo,Qwen3.6-35B-A3B-FP8-without-reasoning,high_fi,instance_00001,Aborted,0.0
55,taboo,Qwen3.6-35B-A3B-FP8-without-reasoning,high_fi,instance_00001,Success,1.0
56,taboo,Qwen3.6-35B-A3B-FP8-without-reasoning,high_fi,instance_00001,Lose,0.0
57,taboo,Qwen3.6-35B-A3B-FP8-without-reasoning,high_fi,instance_00001,Main Score,100.0
58,taboo,Qwen3.6-35B-A3B-FP8-without-reasoning,high_fi,instance_00001,Repetition-Guesser,0.0
59,taboo,Qwen3.6-35B-A3B-FP8-without-reasoning,high_fi,instance_00001,Repetition-Describer,0.0
60,taboo,Qwen3.6-35B-A3B-FP8-without-reasoning,high_fi,instance_00006,Violated Request Count,0.0
61,taboo,Qwen3.6-35B-A3B-FP8-without-reasoning,high_fi,instance_00006,Parsed Request Count,2.0
62,taboo,Qwen3.6-35B-A3B-FP8-without-reasoning,high_fi,instance_00006,Request Count,2.0
63,taboo,Qwen3.6-35B-A3B-FP8-without-reasoning,high_fi,instance_00006,Request Success Ratio,1.0
64,taboo,Qwen3.6-35B-A3B-FP8-without-reasoning,high_fi,instance_00006,Aborted,0.0
65,taboo,Qwen3.6-35B-A3B-FP8-without-reasoning,high_fi,instance_00006,Success,1.0
66,taboo,Qwen3.6-35B-A3B-FP8-without-reasoning,high_fi,instance_00006,Lose,0.0
67,taboo,Qwen3.6-35B-A3B-FP8-without-reasoning,high_fi,instance_00006,Main Score,50.0
68,taboo,Qwen3.6-35B-A3B-FP8-without-reasoning,high_fi,instance_00006,Repetition-Guesser,0.0
69,taboo,Qwen3.6-35B-A3B-FP8-without-reasoning,high_fi,instance_00006,Repetition-Describer,0.0
70,taboo,Qwen3.6-35B-A3B-FP8-without-reasoning,high_fi,instance_00007,Violated Request Count,0.0
71,taboo,Qwen3.6-35B-A3B-FP8-without-reasoning,high_fi,instance_00007,Parsed Request Count,1.0
72,taboo,Qwen3.6-35B-A3B-FP8-without-reasoning,high_fi,instance_00007,Request Count,1.0
73,taboo,Qwen3.6-35B-A3B-FP8-without-reasoning,high_fi,instance_00007,Request Success Ratio,1.0
74,taboo,Qwen3.6-35B-A3B-FP8-without-reasoning,high_fi,instance_00007,Aborted,0.0
75,taboo,Qwen3.6-35B-A3B-FP8-without-reasoning,high_fi,instance_00007,Success,1.0
76,taboo,Qwen3.6-35B-A3B-FP8-without-reasoning,high_fi,instance_00007,Lose,0.0
77,taboo,Qwen3.6-35B-A3B-FP8-without-reasoning,high_fi,instance_00007,Main Score,100.0
78,taboo,Qwen3.6-35B-A3B-FP8-without-reasoning,high_fi,instance_00007,Repetition-Guesser,0.0
79,taboo,Qwen3.6-35B-A3B-FP8-without-reasoning,high_fi,instance_00007,Repetition-Describer,0.0
80,taboo,Qwen3.6-35B-A3B-FP8-without-reasoning,high_fi,instance_00000,Violated Request Count,0.0
81,taboo,Qwen3.6-35B-A3B-FP8-without-reasoning,high_fi,instance_00000,Parsed Request Count,1.0
82,taboo,Qwen3.6-35B-A3B-FP8-without-reasoning,high_fi,instance_00000,Request Count,1.0
83,taboo,Qwen3.6-35B-A3B-FP8-without-reasoning,high_fi,instance_00000,Request Success Ratio,1.0
84,taboo,Qwen3.6-35B-A3B-FP8-without-reasoning,high_fi,instance_00000,Aborted,0.0
85,taboo,Qwen3.6-35B-A3B-FP8-without-reasoning,high_fi,instance_00000,Success,1.0
86,taboo,Qwen3.6-35B-A3B-FP8-without-reasoning,high_fi,instance_00000,Lose,0.0
87,taboo,Qwen3.6-35B-A3B-FP8-without-reasoning,high_fi,instance_00000,Main Score,100.0
88,taboo,Qwen3.6-35B-A3B-FP8-without-reasoning,high_fi,instance_00000,Repetition-Guesser,0.0
89,taboo,Qwen3.6-35B-A3B-FP8-without-reasoning,high_fi,instance_00000,Repetition-Describer,0.0
90,taboo,Qwen3.6-35B-A3B-FP8-without-reasoning,high_fi,instance_00009,Violated Request Count,0.0
91,taboo,Qwen3.6-35B-A3B-FP8-without-reasoning,high_fi,instance_00009,Parsed Request Count,1.0
92,taboo,Qwen3.6-35B-A3B-FP8-without-reasoning,high_fi,instance_00009,Request Count,1.0
93,taboo,Qwen3.6-35B-A3B-FP8-without-reasoning,high_fi,instance_00009,Request Success Ratio,1.0
94,taboo,Qwen3.6-35B-A3B-FP8-without-reasoning,high_fi,instance_00009,Aborted,0.0
95,taboo,Qwen3.6-35B-A3B-FP8-without-reasoning,high_fi,instance_00009,Success,1.0
96,taboo,Qwen3.6-35B-A3B-FP8-without-reasoning,high_fi,instance_00009,Lose,0.0
97,taboo,Qwen3.6-35B-A3B-FP8-without-reasoning,high_fi,instance_00009,Main Score,100.0
98,taboo,Qwen3.6-35B-A3B-FP8-without-reasoning,high_fi,instance_00009,Repetition-Guesser,0.0
99,taboo,Qwen3.6-35B-A3B-FP8-without-reasoning,high_fi,instance_00009,Repetition-Describer,0.0
100,taboo,Qwen3.6-35B-A3B-FP8-without-reasoning,low_fi,instance_00005,Violated Request Count,0.0
101,taboo,Qwen3.6-35B-A3B-FP8-without-reasoning,low_fi,instance_00005,Parsed Request Count,1.0
102,taboo,Qwen3.6-35B-A3B-FP8-without-reasoning,low_fi,instance_00005,Request Count,1.0
103,taboo,Qwen3.6-35B-A3B-FP8-without-reasoning,low_fi,instance_00005,Request Success Ratio,1.0
104,taboo,Qwen3.6-35B-A3B-FP8-without-reasoning,low_fi,instance_00005,Aborted,0.0
105,taboo,Qwen3.6-35B-A3B-FP8-without-reasoning,low_fi,instance_00005,Success,1.0
106,taboo,Qwen3.6-35B-A3B-FP8-without-reasoning,low_fi,instance_00005,Lose,0.0
107,taboo,Qwen3.6-35B-A3B-FP8-without-reasoning,low_fi,instance_00005,Main Score,100.0
108,taboo,Qwen3.6-35B-A3B-FP8-without-reasoning,low_fi,instance_00005,Repetition-Guesser,0.0
109,taboo,Qwen3.6-35B-A3B-FP8-without-reasoning,low_fi,instance_00005,Repetition-Describer,0.0
110,taboo,Qwen3.6-35B-A3B-FP8-without-reasoning,low_fi,instance_00002,Violated Request Count,0.0
111,taboo,Qwen3.6-35B-A3B-FP8-without-reasoning,low_fi,instance_00002,Parsed Request Count,1.0
112,taboo,Qwen3.6-35B-A3B-FP8-without-reasoning,low_fi,instance_00002,Request Count,1.0
113,taboo,Qwen3.6-35B-A3B-FP8-without-reasoning,low_fi,instance_00002,Request Success Ratio,1.0
114,taboo,Qwen3.6-35B-A3B-FP8-without-reasoning,low_fi,instance_00002,Aborted,0.0
115,taboo,Qwen3.6-35B-A3B-FP8-without-reasoning,low_fi,instance_00002,Success,1.0
116,taboo,Qwen3.6-35B-A3B-FP8-without-reasoning,low_fi,instance_00002,Lose,0.0
117,taboo,Qwen3.6-35B-A3B-FP8-without-reasoning,low_fi,instance_00002,Main Score,100.0
118,taboo,Qwen3.6-35B-A3B-FP8-without-reasoning,low_fi,instance_00002,Repetition-Guesser,0.0
119,taboo,Qwen3.6-35B-A3B-FP8-without-reasoning,low_fi,instance_00002,Repetition-Describer,0.0
120,taboo,Qwen3.6-35B-A3B-FP8-without-reasoning,low_fi,instance_00003,Violated Request Count,0.0
121,taboo,Qwen3.6-35B-A3B-FP8-without-reasoning,low_fi,instance_00003,Parsed Request Count,3.0
122,taboo,Qwen3.6-35B-A3B-FP8-without-reasoning,low_fi,instance_00003,Request Count,3.0
123,taboo,Qwen3.6-35B-A3B-FP8-without-reasoning,low_fi,instance_00003,Request Success Ratio,1.0
124,taboo,Qwen3.6-35B-A3B-FP8-without-reasoning,low_fi,instance_00003,Aborted,0.0
125,taboo,Qwen3.6-35B-A3B-FP8-without-reasoning,low_fi,instance_00003,Success,0.0
126,taboo,Qwen3.6-35B-A3B-FP8-without-reasoning,low_fi,instance_00003,Lose,1.0
127,taboo,Qwen3.6-35B-A3B-FP8-without-reasoning,low_fi,instance_00003,Main Score,0.0
128,taboo,Qwen3.6-35B-A3B-FP8-without-reasoning,low_fi,instance_00003,Repetition-Guesser,0.0
129,taboo,Qwen3.6-35B-A3B-FP8-without-reasoning,low_fi,instance_00003,Repetition-Describer,0.0
130,taboo,Qwen3.6-35B-A3B-FP8-without-reasoning,low_fi,instance_00004,Violated Request Count,0.0
131,taboo,Qwen3.6-35B-A3B-FP8-without-reasoning,low_fi,instance_00004,Parsed Request Count,1.0
132,taboo,Qwen3.6-35B-A3B-FP8-without-reasoning,low_fi,instance_00004,Request Count,1.0
133,taboo,Qwen3.6-35B-A3B-FP8-without-reasoning,low_fi,instance_00004,Request Success Ratio,1.0
134,taboo,Qwen3.6-35B-A3B-FP8-without-reasoning,low_fi,instance_00004,Aborted,0.0
135,taboo,Qwen3.6-35B-A3B-FP8-without-reasoning,low_fi,instance_00004,Success,1.0
136,taboo,Qwen3.6-35B-A3B-FP8-without-reasoning,low_fi,instance_00004,Lose,0.0
137,taboo,Qwen3.6-35B-A3B-FP8-without-reasoning,low_fi,instance_00004,Main Score,100.0
138,taboo,Qwen3.6-35B-A3B-FP8-without-reasoning,low_fi,instance_00004,Repetition-Guesser,0.0
139,taboo,Qwen3.6-35B-A3B-FP8-without-reasoning,low_fi,instance_00004,Repetition-Describer,0.0
140,taboo,Qwen3.6-35B-A3B-FP8-without-reasoning,low_fi,instance_00008,Violated Request Count,0.0
141,taboo,Qwen3.6-35B-A3B-FP8-without-reasoning,low_fi,instance_00008,Parsed Request Count,1.0
142,taboo,Qwen3.6-35B-A3B-FP8-without-reasoning,low_fi,instance_00008,Request Count,1.0
143,taboo,Qwen3.6-35B-A3B-FP8-without-reasoning,low_fi,instance_00008,Request Success Ratio,1.0
144,taboo,Qwen3.6-35B-A3B-FP8-without-reasoning,low_fi,instance_00008,Aborted,0.0
145,taboo,Qwen3.6-35B-A3B-FP8-without-reasoning,low_fi,instance_00008,Success,0.0
146,taboo,Qwen3.6-35B-A3B-FP8-without-reasoning,low_fi,instance_00008,Lose,1.0
147,taboo,Qwen3.6-35B-A3B-FP8-without-reasoning,low_fi,instance_00008,Main Score,0.0
148,taboo,Qwen3.6-35B-A3B-FP8-without-reasoning,low_fi,instance_00008,Repetition-Guesser,0.0
149,taboo,Qwen3.6-35B-A3B-FP8-without-reasoning,low_fi,instance_00008,Repetition-Describer,0.0
150,taboo,Qwen3.6-35B-A3B-FP8-without-reasoning,low_fi,instance_00001,Violated Request Count,0.0
151,taboo,Qwen3.6-35B-A3B-FP8-without-reasoning,low_fi,instance_00001,Parsed Request Count,1.0
152,taboo,Qwen3.6-35B-A3B-FP8-without-reasoning,low_fi,instance_00001,Request Count,1.0
153,taboo,Qwen3.6-35B-A3B-FP8-without-reasoning,low_fi,instance_00001,Request Success Ratio,1.0
154,taboo,Qwen3.6-35B-A3B-FP8-without-reasoning,low_fi,instance_00001,Aborted,0.0
155,taboo,Qwen3.6-35B-A3B-FP8-without-reasoning,low_fi,instance_00001,Success,0.0
156,taboo,Qwen3.6-35B-A3B-FP8-without-reasoning,low_fi,instance_00001,Lose,1.0
157,taboo,Qwen3.6-35B-A3B-FP8-without-reasoning,low_fi,instance_00001,Main Score,0.0
158,taboo,Qwen3.6-35B-A3B-FP8-without-reasoning,low_fi,instance_00001,Repetition-Guesser,0.0
159,taboo,Qwen3.6-35B-A3B-FP8-without-reasoning,low_fi,instance_00001,Repetition-Describer,0.0
160,taboo,Qwen3.6-35B-A3B-FP8-without-reasoning,low_fi,instance_00006,Violated Request Count,0.0
161,taboo,Qwen3.6-35B-A3B-FP8-without-reasoning,low_fi,instance_00006,Parsed Request Count,3.0
162,taboo,Qwen3.6-35B-A3B-FP8-without-reasoning,low_fi,instance_00006,Request Count,3.0
163,taboo,Qwen3.6-35B-A3B-FP8-without-reasoning,low_fi,instance_00006,Request Success Ratio,1.0
164,taboo,Qwen3.6-35B-A3B-FP8-without-reasoning,low_fi,instance_00006,Aborted,0.0
165,taboo,Qwen3.6-35B-A3B-FP8-without-reasoning,low_fi,instance_00006,Success,1.0
166,taboo,Qwen3.6-35B-A3B-FP8-without-reasoning,low_fi,instance_00006,Lose,0.0
167,taboo,Qwen3.6-35B-A3B-FP8-without-reasoning,low_fi,instance_00006,Main Score,33.333333333333336
168,taboo,Qwen3.6-35B-A3B-FP8-without-reasoning,low_fi,instance_00006,Repetition-Guesser,0.0
169,taboo,Qwen3.6-35B-A3B-FP8-without-reasoning,low_fi,instance_00006,Repetition-Describer,0.0
170,taboo,Qwen3.6-35B-A3B-FP8-without-reasoning,low_fi,instance_00007,Violated Request Count,0.0
171,taboo,Qwen3.6-35B-A3B-FP8-without-reasoning,low_fi,instance_00007,Parsed Request Count,3.0
172,taboo,Qwen3.6-35B-A3B-FP8-without-reasoning,low_fi,instance_00007,Request Count,3.0
173,taboo,Qwen3.6-35B-A3B-FP8-without-reasoning,low_fi,instance_00007,Request Success Ratio,1.0
174,taboo,Qwen3.6-35B-A3B-FP8-without-reasoning,low_fi,instance_00007,Aborted,0.0
175,taboo,Qwen3.6-35B-A3B-FP8-without-reasoning,low_fi,instance_00007,Success,0.0
176,taboo,Qwen3.6-35B-A3B-FP8-without-reasoning,low_fi,instance_00007,Lose,1.0
177,taboo,Qwen3.6-35B-A3B-FP8-without-reasoning,low_fi,instance_00007,Main Score,0.0
178,taboo,Qwen3.6-35B-A3B-FP8-without-reasoning,low_fi,instance_00007,Repetition-Guesser,0.0
179,taboo,Qwen3.6-35B-A3B-FP8-without-reasoning,low_fi,instance_00007,Repetition-Describer,0.0
180,taboo,Qwen3.6-35B-A3B-FP8-without-reasoning,low_fi,instance_00000,Violated Request Count,0.0
181,taboo,Qwen3.6-35B-A3B-FP8-without-reasoning,low_fi,instance_00000,Parsed Request Count,2.0
182,taboo,Qwen3.6-35B-A3B-FP8-without-reasoning,low_fi,instance_00000,Request Count,2.0
183,taboo,Qwen3.6-35B-A3B-FP8-without-reasoning,low_fi,instance_00000,Request Success Ratio,1.0
184,taboo,Qwen3.6-35B-A3B-FP8-without-reasoning,low_fi,instance_00000,Aborted,0.0
185,taboo,Qwen3.6-35B-A3B-FP8-without-reasoning,low_fi,instance_00000,Success,1.0
186,taboo,Qwen3.6-35B-A3B-FP8-without-reasoning,low_fi,instance_00000,Lose,0.0
187,taboo,Qwen3.6-35B-A3B-FP8-without-reasoning,low_fi,instance_00000,Main Score,50.0
188,taboo,Qwen3.6-35B-A3B-FP8-without-reasoning,low_fi,instance_00000,Repetition-Guesser,0.0
189,taboo,Qwen3.6-35B-A3B-FP8-without-reasoning,low_fi,instance_00000,Repetition-Describer,0.0
190,taboo,Qwen3.6-35B-A3B-FP8-without-reasoning,low_fi,instance_00009,Violated Request Count,0.0
191,taboo,Qwen3.6-35B-A3B-FP8-without-reasoning,low_fi,instance_00009,Parsed Request Count,1.0
192,taboo,Qwen3.6-35B-A3B-FP8-without-reasoning,low_fi,instance_00009,Request Count,1.0
193,taboo,Qwen3.6-35B-A3B-FP8-without-reasoning,low_fi,instance_00009,Request Success Ratio,1.0
194,taboo,Qwen3.6-35B-A3B-FP8-without-reasoning,low_fi,instance_00009,Aborted,0.0
195,taboo,Qwen3.6-35B-A3B-FP8-without-reasoning,low_fi,instance_00009,Success,1.0
196,taboo,Qwen3.6-35B-A3B-FP8-without-reasoning,low_fi,instance_00009,Lose,0.0
197,taboo,Qwen3.6-35B-A3B-FP8-without-reasoning,low_fi,instance_00009,Main Score,100.0
198,taboo,Qwen3.6-35B-A3B-FP8-without-reasoning,low_fi,instance_00009,Repetition-Guesser,0.0
199,taboo,Qwen3.6-35B-A3B-FP8-without-reasoning,low_fi,instance_00009,Repetition-Describer,0.0
200,hot_air_balloon,Qwen3.6-35B-A3B-FP8-without-reasoning,air_balloon_survival_fi_complexity_easy,instance_00002,Request Count,4.0
201,hot_air_balloon,Qwen3.6-35B-A3B-FP8-without-reasoning,air_balloon_survival_fi_complexity_easy,instance_00002,Parsed Request Count,4.0
202,hot_air_balloon,Qwen3.6-35B-A3B-FP8-without-reasoning,air_balloon_survival_fi_complexity_easy,instance_00002,Violated Request Count,0.0
203,hot_air_balloon,Qwen3.6-35B-A3B-FP8-without-reasoning,air_balloon_survival_fi_complexity_easy,instance_00002,Request Success Ratio,1.0
204,hot_air_balloon,Qwen3.6-35B-A3B-FP8-without-reasoning,air_balloon_survival_fi_complexity_easy,instance_00002,Aborted,0.0
205,hot_air_balloon,Qwen3.6-35B-A3B-FP8-without-reasoning,air_balloon_survival_fi_complexity_easy,instance_00002,Lose,1.0
206,hot_air_balloon,Qwen3.6-35B-A3B-FP8-without-reasoning,air_balloon_survival_fi_complexity_easy,instance_00002,Success,0.0
207,hot_air_balloon,Qwen3.6-35B-A3B-FP8-without-reasoning,air_balloon_survival_fi_complexity_easy,instance_00002,Violations Player 1,0.0
208,hot_air_balloon,Qwen3.6-35B-A3B-FP8-without-reasoning,air_balloon_survival_fi_complexity_easy,instance_00002,Violations Player 2,0.0
209,hot_air_balloon,Qwen3.6-35B-A3B-FP8-without-reasoning,air_balloon_survival_fi_complexity_easy,instance_00002,Total Violations,0.0
210,hot_air_balloon,Qwen3.6-35B-A3B-FP8-without-reasoning,air_balloon_survival_fi_complexity_easy,instance_00002,Normalized Utility Player 1,
211,hot_air_balloon,Qwen3.6-35B-A3B-FP8-without-reasoning,air_balloon_survival_fi_complexity_easy,instance_00002,Normalized Utility Player 2,
212,hot_air_balloon,Qwen3.6-35B-A3B-FP8-without-reasoning,air_balloon_survival_fi_complexity_easy,instance_00002,Harmonic Mean Score,
213,hot_air_balloon,Qwen3.6-35B-A3B-FP8-without-reasoning,air_balloon_survival_fi_complexity_easy,instance_00002,Main Score,0.0
214,hot_air_balloon,Qwen3.6-35B-A3B-FP8-without-reasoning,air_balloon_survival_fi_complexity_easy,instance_00003,Request Count,4.0
215,hot_air_balloon,Qwen3.6-35B-A3B-FP8-without-reasoning,air_balloon_survival_fi_complexity_easy,instance_00003,Parsed Request Count,4.0
216,hot_air_balloon,Qwen3.6-35B-A3B-FP8-without-reasoning,air_balloon_survival_fi_complexity_easy,instance_00003,Violated Request Count,0.0
217,hot_air_balloon,Qwen3.6-35B-A3B-FP8-without-reasoning,air_balloon_survival_fi_complexity_easy,instance_00003,Request Success Ratio,1.0
218,hot_air_balloon,Qwen3.6-35B-A3B-FP8-without-reasoning,air_balloon_survival_fi_complexity_easy,instance_00003,Aborted,0.0
219,hot_air_balloon,Qwen3.6-35B-A3B-FP8-without-reasoning,air_balloon_survival_fi_complexity_easy,instance_00003,Lose,1.0
220,hot_air_balloon,Qwen3.6-35B-A3B-FP8-without-reasoning,air_balloon_survival_fi_complexity_easy,instance_00003,Success,0.0
221,hot_air_balloon,Qwen3.6-35B-A3B-FP8-without-reasoning,air_balloon_survival_fi_complexity_easy,instance_00003,Violations Player 1,0.0
222,hot_air_balloon,Qwen3.6-35B-A3B-FP8-without-reasoning,air_balloon_survival_fi_complexity_easy,instance_00003,Violations Player 2,0.0
223,hot_air_balloon,Qwen3.6-35B-A3B-FP8-without-reasoning,air_balloon_survival_fi_complexity_easy,instance_00003,Total Violations,0.0
224,hot_air_balloon,Qwen3.6-35B-A3B-FP8-without-reasoning,air_balloon_survival_fi_complexity_easy,instance_00003,Normalized Utility Player 1,
225,hot_air_balloon,Qwen3.6-35B-A3B-FP8-without-reasoning,air_balloon_survival_fi_complexity_easy,instance_00003,Normalized Utility Player 2,
226,hot_air_balloon,Qwen3.6-35B-A3B-FP8-without-reasoning,air_balloon_survival_fi_complexity_easy,instance_00003,Harmonic Mean Score,
227,hot_air_balloon,Qwen3.6-35B-A3B-FP8-without-reasoning,air_balloon_survival_fi_complexity_easy,instance_00003,Main Score,0.0
228,hot_air_balloon,Qwen3.6-35B-A3B-FP8-without-reasoning,air_balloon_survival_fi_complexity_easy,instance_00004,Request Count,5.0
229,hot_air_balloon,Qwen3.6-35B-A3B-FP8-without-reasoning,air_balloon_survival_fi_complexity_easy,instance_00004,Parsed Request Count,5.0
230,hot_air_balloon,Qwen3.6-35B-A3B-FP8-without-reasoning,air_balloon_survival_fi_complexity_easy,instance_00004,Violated Request Count,0.0
231,hot_air_balloon,Qwen3.6-35B-A3B-FP8-without-reasoning,air_balloon_survival_fi_complexity_easy,instance_00004,Request Success Ratio,1.0
232,hot_air_balloon,Qwen3.6-35B-A3B-FP8-without-reasoning,air_balloon_survival_fi_complexity_easy,instance_00004,Aborted,0.0
233,hot_air_balloon,Qwen3.6-35B-A3B-FP8-without-reasoning,air_balloon_survival_fi_complexity_easy,instance_00004,Lose,0.0
234,hot_air_balloon,Qwen3.6-35B-A3B-FP8-without-reasoning,air_balloon_survival_fi_complexity_easy,instance_00004,Success,1.0
235,hot_air_balloon,Qwen3.6-35B-A3B-FP8-without-reasoning,air_balloon_survival_fi_complexity_easy,instance_00004,Violations Player 1,0.0
236,hot_air_balloon,Qwen3.6-35B-A3B-FP8-without-reasoning,air_balloon_survival_fi_complexity_easy,instance_00004,Violations Player 2,0.0
237,hot_air_balloon,Qwen3.6-35B-A3B-FP8-without-reasoning,air_balloon_survival_fi_complexity_easy,instance_00004,Total Violations,0.0
238,hot_air_balloon,Qwen3.6-35B-A3B-FP8-without-reasoning,air_balloon_survival_fi_complexity_easy,instance_00004,Normalized Utility Player 1,86.89531609930893
239,hot_air_balloon,Qwen3.6-35B-A3B-FP8-without-reasoning,air_balloon_survival_fi_complexity_easy,instance_00004,Normalized Utility Player 2,86.89531609930893
240,hot_air_balloon,Qwen3.6-35B-A3B-FP8-without-reasoning,air_balloon_survival_fi_complexity_easy,instance_00004,Harmonic Mean Score,86.89531609930893
241,hot_air_balloon,Qwen3.6-35B-A3B-FP8-without-reasoning,air_balloon_survival_fi_complexity_easy,instance_00004,Main Score,86.89531609930893
242,hot_air_balloon,Qwen3.6-35B-A3B-FP8-without-reasoning,air_balloon_survival_fi_complexity_easy,instance_00001,Request Count,11.0
243,hot_air_balloon,Qwen3.6-35B-A3B-FP8-without-reasoning,air_balloon_survival_fi_complexity_easy,instance_00001,Parsed Request Count,11.0
244,hot_air_balloon,Qwen3.6-35B-A3B-FP8-without-reasoning,air_balloon_survival_fi_complexity_easy,instance_00001,Violated Request Count,0.0
245,hot_air_balloon,Qwen3.6-35B-A3B-FP8-without-reasoning,air_balloon_survival_fi_complexity_easy,instance_00001,Request Success Ratio,1.0
246,hot_air_balloon,Qwen3.6-35B-A3B-FP8-without-reasoning,air_balloon_survival_fi_complexity_easy,instance_00001,Aborted,0.0
247,hot_air_balloon,Qwen3.6-35B-A3B-FP8-without-reasoning,air_balloon_survival_fi_complexity_easy,instance_00001,Lose,0.0
248,hot_air_balloon,Qwen3.6-35B-A3B-FP8-without-reasoning,air_balloon_survival_fi_complexity_easy,instance_00001,Success,1.0
249,hot_air_balloon,Qwen3.6-35B-A3B-FP8-without-reasoning,air_balloon_survival_fi_complexity_easy,instance_00001,Violations Player 1,0.0
250,hot_air_balloon,Qwen3.6-35B-A3B-FP8-without-reasoning,air_balloon_survival_fi_complexity_easy,instance_00001,Violations Player 2,0.0
251,hot_air_balloon,Qwen3.6-35B-A3B-FP8-without-reasoning,air_balloon_survival_fi_complexity_easy,instance_00001,Total Violations,0.0
252,hot_air_balloon,Qwen3.6-35B-A3B-FP8-without-reasoning,air_balloon_survival_fi_complexity_easy,instance_00001,Normalized Utility Player 1,92.6444833625219
253,hot_air_balloon,Qwen3.6-35B-A3B-FP8-without-reasoning,air_balloon_survival_fi_complexity_easy,instance_00001,Normalized Utility Player 2,92.6444833625219
254,hot_air_balloon,Qwen3.6-35B-A3B-FP8-without-reasoning,air_balloon_survival_fi_complexity_easy,instance_00001,Harmonic Mean Score,92.6444833625219
255,hot_air_balloon,Qwen3.6-35B-A3B-FP8-without-reasoning,air_balloon_survival_fi_complexity_easy,instance_00001,Main Score,92.6444833625219
256,hot_air_balloon,Qwen3.6-35B-A3B-FP8-without-reasoning,air_balloon_survival_fi_complexity_easy,instance_00000,Request Count,4.0
257,hot_air_balloon,Qwen3.6-35B-A3B-FP8-without-reasoning,air_balloon_survival_fi_complexity_easy,instance_00000,Parsed Request Count,4.0
258,hot_air_balloon,Qwen3.6-35B-A3B-FP8-without-reasoning,air_balloon_survival_fi_complexity_easy,instance_00000,Violated Request Count,0.0
259,hot_air_balloon,Qwen3.6-35B-A3B-FP8-without-reasoning,air_balloon_survival_fi_complexity_easy,instance_00000,Request Success Ratio,1.0
260,hot_air_balloon,Qwen3.6-35B-A3B-FP8-without-reasoning,air_balloon_survival_fi_complexity_easy,instance_00000,Aborted,0.0
261,hot_air_balloon,Qwen3.6-35B-A3B-FP8-without-reasoning,air_balloon_survival_fi_complexity_easy,instance_00000,Lose,1.0
262,hot_air_balloon,Qwen3.6-35B-A3B-FP8-without-reasoning,air_balloon_survival_fi_complexity_easy,instance_00000,Success,0.0
263,hot_air_balloon,Qwen3.6-35B-A3B-FP8-without-reasoning,air_balloon_survival_fi_complexity_easy,instance_00000,Violations Player 1,0.0
264,hot_air_balloon,Qwen3.6-35B-A3B-FP8-without-reasoning,air_balloon_survival_fi_complexity_easy,instance_00000,Violations Player 2,0.0
265,hot_air_balloon,Qwen3.6-35B-A3B-FP8-without-reasoning,air_balloon_survival_fi_complexity_easy,instance_00000,Total Violations,0.0
266,hot_air_balloon,Qwen3.6-35B-A3B-FP8-without-reasoning,air_balloon_survival_fi_complexity_easy,instance_00000,Normalized Utility Player 1,
267,hot_air_balloon,Qwen3.6-35B-A3B-FP8-without-reasoning,air_balloon_survival_fi_complexity_easy,instance_00000,Normalized Utility Player 2,
268,hot_air_balloon,Qwen3.6-35B-A3B-FP8-without-reasoning,air_balloon_survival_fi_complexity_easy,instance_00000,Harmonic Mean Score,
269,hot_air_balloon,Qwen3.6-35B-A3B-FP8-without-reasoning,air_balloon_survival_fi_complexity_easy,instance_00000,Main Score,0.0
270,hot_air_balloon,Qwen3.6-35B-A3B-FP8-without-reasoning,air_balloon_survival_fi_complexity_hard,instance_00002,Request Count,4.0
271,hot_air_balloon,Qwen3.6-35B-A3B-FP8-without-reasoning,air_balloon_survival_fi_complexity_hard,instance_00002,Parsed Request Count,4.0
272,hot_air_balloon,Qwen3.6-35B-A3B-FP8-without-reasoning,air_balloon_survival_fi_complexity_hard,instance_00002,Violated Request Count,0.0
273,hot_air_balloon,Qwen3.6-35B-A3B-FP8-without-reasoning,air_balloon_survival_fi_complexity_hard,instance_00002,Request Success Ratio,1.0
274,hot_air_balloon,Qwen3.6-35B-A3B-FP8-without-reasoning,air_balloon_survival_fi_complexity_hard,instance_00002,Aborted,0.0
275,hot_air_balloon,Qwen3.6-35B-A3B-FP8-without-reasoning,air_balloon_survival_fi_complexity_hard,instance_00002,Lose,1.0
276,hot_air_balloon,Qwen3.6-35B-A3B-FP8-without-reasoning,air_balloon_survival_fi_complexity_hard,instance_00002,Success,0.0
277,hot_air_balloon,Qwen3.6-35B-A3B-FP8-without-reasoning,air_balloon_survival_fi_complexity_hard,instance_00002,Violations Player 1,0.0
278,hot_air_balloon,Qwen3.6-35B-A3B-FP8-without-reasoning,air_balloon_survival_fi_complexity_hard,instance_00002,Violations Player 2,0.0
279,hot_air_balloon,Qwen3.6-35B-A3B-FP8-without-reasoning,air_balloon_survival_fi_complexity_hard,instance_00002,Total Violations,0.0
280,hot_air_balloon,Qwen3.6-35B-A3B-FP8-without-reasoning,air_balloon_survival_fi_complexity_hard,instance_00002,Normalized Utility Player 1,
281,hot_air_balloon,Qwen3.6-35B-A3B-FP8-without-reasoning,air_balloon_survival_fi_complexity_hard,instance_00002,Normalized Utility Player 2,
282,hot_air_balloon,Qwen3.6-35B-A3B-FP8-without-reasoning,air_balloon_survival_fi_complexity_hard,instance_00002,Harmonic Mean Score,
283,hot_air_balloon,Qwen3.6-35B-A3B-FP8-without-reasoning,air_balloon_survival_fi_complexity_hard,instance_00002,Main Score,0.0
284,hot_air_balloon,Qwen3.6-35B-A3B-FP8-without-reasoning,air_balloon_survival_fi_complexity_hard,instance_00003,Request Count,4.0
285,hot_air_balloon,Qwen3.6-35B-A3B-FP8-without-reasoning,air_balloon_survival_fi_complexity_hard,instance_00003,Parsed Request Count,4.0
286,hot_air_balloon,Qwen3.6-35B-A3B-FP8-without-reasoning,air_balloon_survival_fi_complexity_hard,instance_00003,Violated Request Count,0.0
287,hot_air_balloon,Qwen3.6-35B-A3B-FP8-without-reasoning,air_balloon_survival_fi_complexity_hard,instance_00003,Request Success Ratio,1.0
288,hot_air_balloon,Qwen3.6-35B-A3B-FP8-without-reasoning,air_balloon_survival_fi_complexity_hard,instance_00003,Aborted,0.0
289,hot_air_balloon,Qwen3.6-35B-A3B-FP8-without-reasoning,air_balloon_survival_fi_complexity_hard,instance_00003,Lose,1.0
290,hot_air_balloon,Qwen3.6-35B-A3B-FP8-without-reasoning,air_balloon_survival_fi_complexity_hard,instance_00003,Success,0.0
291,hot_air_balloon,Qwen3.6-35B-A3B-FP8-without-reasoning,air_balloon_survival_fi_complexity_hard,instance_00003,Violations Player 1,0.0
292,hot_air_balloon,Qwen3.6-35B-A3B-FP8-without-reasoning,air_balloon_survival_fi_complexity_hard,instance_00003,Violations Player 2,0.0
293,hot_air_balloon,Qwen3.6-35B-A3B-FP8-without-reasoning,air_balloon_survival_fi_complexity_hard,instance_00003,Total Violations,0.0
294,hot_air_balloon,Qwen3.6-35B-A3B-FP8-without-reasoning,air_balloon_survival_fi_complexity_hard,instance_00003,Normalized Utility Player 1,
295,hot_air_balloon,Qwen3.6-35B-A3B-FP8-without-reasoning,air_balloon_survival_fi_complexity_hard,instance_00003,Normalized Utility Player 2,
296,hot_air_balloon,Qwen3.6-35B-A3B-FP8-without-reasoning,air_balloon_survival_fi_complexity_hard,instance_00003,Harmonic Mean Score,
297,hot_air_balloon,Qwen3.6-35B-A3B-FP8-without-reasoning,air_balloon_survival_fi_complexity_hard,instance_00003,Main Score,0.0
298,hot_air_balloon,Qwen3.6-35B-A3B-FP8-without-reasoning,air_balloon_survival_fi_complexity_hard,instance_00004,Request Count,21.0
299,hot_air_balloon,Qwen3.6-35B-A3B-FP8-without-reasoning,air_balloon_survival_fi_complexity_hard,instance_00004,Parsed Request Count,21.0
300,hot_air_balloon,Qwen3.6-35B-A3B-FP8-without-reasoning,air_balloon_survival_fi_complexity_hard,instance_00004,Violated Request Count,0.0
301,hot_air_balloon,Qwen3.6-35B-A3B-FP8-without-reasoning,air_balloon_survival_fi_complexity_hard,instance_00004,Request Success Ratio,1.0
302,hot_air_balloon,Qwen3.6-35B-A3B-FP8-without-reasoning,air_balloon_survival_fi_complexity_hard,instance_00004,Aborted,0.0
303,hot_air_balloon,Qwen3.6-35B-A3B-FP8-without-reasoning,air_balloon_survival_fi_complexity_hard,instance_00004,Lose,1.0
304,hot_air_balloon,Qwen3.6-35B-A3B-FP8-without-reasoning,air_balloon_survival_fi_complexity_hard,instance_00004,Success,0.0
305,hot_air_balloon,Qwen3.6-35B-A3B-FP8-without-reasoning,air_balloon_survival_fi_complexity_hard,instance_00004,Violations Player 1,0.0
306,hot_air_balloon,Qwen3.6-35B-A3B-FP8-without-reasoning,air_balloon_survival_fi_complexity_hard,instance_00004,Violations Player 2,0.0
307,hot_air_balloon,Qwen3.6-35B-A3B-FP8-without-reasoning,air_balloon_survival_fi_complexity_hard,instance_00004,Total Violations,0.0
308,hot_air_balloon,Qwen3.6-35B-A3B-FP8-without-reasoning,air_balloon_survival_fi_complexity_hard,instance_00004,Normalized Utility Player 1,
309,hot_air_balloon,Qwen3.6-35B-A3B-FP8-without-reasoning,air_balloon_survival_fi_complexity_hard,instance_00004,Normalized Utility Player 2,
310,hot_air_balloon,Qwen3.6-35B-A3B-FP8-without-reasoning,air_balloon_survival_fi_complexity_hard,instance_00004,Harmonic Mean Score,
311,hot_air_balloon,Qwen3.6-35B-A3B-FP8-without-reasoning,air_balloon_survival_fi_complexity_hard,instance_00004,Main Score,0.0
312,hot_air_balloon,Qwen3.6-35B-A3B-FP8-without-reasoning,air_balloon_survival_fi_complexity_hard,instance_00001,Request Count,7.0
313,hot_air_balloon,Qwen3.6-35B-A3B-FP8-without-reasoning,air_balloon_survival_fi_complexity_hard,instance_00001,Parsed Request Count,7.0
314,hot_air_balloon,Qwen3.6-35B-A3B-FP8-without-reasoning,air_balloon_survival_fi_complexity_hard,instance_00001,Violated Request Count,0.0
315,hot_air_balloon,Qwen3.6-35B-A3B-FP8-without-reasoning,air_balloon_survival_fi_complexity_hard,instance_00001,Request Success Ratio,1.0
316,hot_air_balloon,Qwen3.6-35B-A3B-FP8-without-reasoning,air_balloon_survival_fi_complexity_hard,instance_00001,Aborted,0.0
317,hot_air_balloon,Qwen3.6-35B-A3B-FP8-without-reasoning,air_balloon_survival_fi_complexity_hard,instance_00001,Lose,0.0
318,hot_air_balloon,Qwen3.6-35B-A3B-FP8-without-reasoning,air_balloon_survival_fi_complexity_hard,instance_00001,Success,1.0
319,hot_air_balloon,Qwen3.6-35B-A3B-FP8-without-reasoning,air_balloon_survival_fi_complexity_hard,instance_00001,Violations Player 1,0.0
320,hot_air_balloon,Qwen3.6-35B-A3B-FP8-without-reasoning,air_balloon_survival_fi_complexity_hard,instance_00001,Violations Player 2,0.0
321,hot_air_balloon,Qwen3.6-35B-A3B-FP8-without-reasoning,air_balloon_survival_fi_complexity_hard,instance_00001,Total Violations,0.0
322,hot_air_balloon,Qwen3.6-35B-A3B-FP8-without-reasoning,air_balloon_survival_fi_complexity_hard,instance_00001,Normalized Utility Player 1,0.0
323,hot_air_balloon,Qwen3.6-35B-A3B-FP8-without-reasoning,air_balloon_survival_fi_complexity_hard,instance_00001,Normalized Utility Player 2,0.0
324,hot_air_balloon,Qwen3.6-35B-A3B-FP8-without-reasoning,air_balloon_survival_fi_complexity_hard,instance_00001,Harmonic Mean Score,0.0
325,hot_air_balloon,Qwen3.6-35B-A3B-FP8-without-reasoning,air_balloon_survival_fi_complexity_hard,instance_00001,Main Score,0.0
326,hot_air_balloon,Qwen3.6-35B-A3B-FP8-without-reasoning,air_balloon_survival_fi_complexity_hard,instance_00000,Request Count,21.0
327,hot_air_balloon,Qwen3.6-35B-A3B-FP8-without-reasoning,air_balloon_survival_fi_complexity_hard,instance_00000,Parsed Request Count,21.0
328,hot_air_balloon,Qwen3.6-35B-A3B-FP8-without-reasoning,air_balloon_survival_fi_complexity_hard,instance_00000,Violated Request Count,0.0
329,hot_air_balloon,Qwen3.6-35B-A3B-FP8-without-reasoning,air_balloon_survival_fi_complexity_hard,instance_00000,Request Success Ratio,1.0
330,hot_air_balloon,Qwen3.6-35B-A3B-FP8-without-reasoning,air_balloon_survival_fi_complexity_hard,instance_00000,Aborted,0.0
331,hot_air_balloon,Qwen3.6-35B-A3B-FP8-without-reasoning,air_balloon_survival_fi_complexity_hard,instance_00000,Lose,1.0
332,hot_air_balloon,Qwen3.6-35B-A3B-FP8-without-reasoning,air_balloon_survival_fi_complexity_hard,instance_00000,Success,0.0
333,hot_air_balloon,Qwen3.6-35B-A3B-FP8-without-reasoning,air_balloon_survival_fi_complexity_hard,instance_00000,Violations Player 1,0.0
334,hot_air_balloon,Qwen3.6-35B-A3B-FP8-without-reasoning,air_balloon_survival_fi_complexity_hard,instance_00000,Violations Player 2,0.0
335,hot_air_balloon,Qwen3.6-35B-A3B-FP8-without-reasoning,air_balloon_survival_fi_complexity_hard,instance_00000,Total Violations,0.0
336,hot_air_balloon,Qwen3.6-35B-A3B-FP8-without-reasoning,air_balloon_survival_fi_complexity_hard,instance_00000,Normalized Utility Player 1,
337,hot_air_balloon,Qwen3.6-35B-A3B-FP8-without-reasoning,air_balloon_survival_fi_complexity_hard,instance_00000,Normalized Utility Player 2,
338,hot_air_balloon,Qwen3.6-35B-A3B-FP8-without-reasoning,air_balloon_survival_fi_complexity_hard,instance_00000,Harmonic Mean Score,
339,hot_air_balloon,Qwen3.6-35B-A3B-FP8-without-reasoning,air_balloon_survival_fi_complexity_hard,instance_00000,Main Score,0.0
340,hot_air_balloon,Qwen3.6-35B-A3B-FP8-without-reasoning,air_balloon_survival_fi_negotiation_easy,instance_00002,Request Count,5.0
341,hot_air_balloon,Qwen3.6-35B-A3B-FP8-without-reasoning,air_balloon_survival_fi_negotiation_easy,instance_00002,Parsed Request Count,5.0
342,hot_air_balloon,Qwen3.6-35B-A3B-FP8-without-reasoning,air_balloon_survival_fi_negotiation_easy,instance_00002,Violated Request Count,0.0
343,hot_air_balloon,Qwen3.6-35B-A3B-FP8-without-reasoning,air_balloon_survival_fi_negotiation_easy,instance_00002,Request Success Ratio,1.0
344,hot_air_balloon,Qwen3.6-35B-A3B-FP8-without-reasoning,air_balloon_survival_fi_negotiation_easy,instance_00002,Aborted,0.0
345,hot_air_balloon,Qwen3.6-35B-A3B-FP8-without-reasoning,air_balloon_survival_fi_negotiation_easy,instance_00002,Lose,1.0
346,hot_air_balloon,Qwen3.6-35B-A3B-FP8-without-reasoning,air_balloon_survival_fi_negotiation_easy,instance_00002,Success,0.0
347,hot_air_balloon,Qwen3.6-35B-A3B-FP8-without-reasoning,air_balloon_survival_fi_negotiation_easy,instance_00002,Violations Player 1,0.0
348,hot_air_balloon,Qwen3.6-35B-A3B-FP8-without-reasoning,air_balloon_survival_fi_negotiation_easy,instance_00002,Violations Player 2,0.0
349,hot_air_balloon,Qwen3.6-35B-A3B-FP8-without-reasoning,air_balloon_survival_fi_negotiation_easy,instance_00002,Total Violations,0.0
350,hot_air_balloon,Qwen3.6-35B-A3B-FP8-without-reasoning,air_balloon_survival_fi_negotiation_easy,instance_00002,Normalized Utility Player 1,
351,hot_air_balloon,Qwen3.6-35B-A3B-FP8-without-reasoning,air_balloon_survival_fi_negotiation_easy,instance_00002,Normalized Utility Player 2,
352,hot_air_balloon,Qwen3.6-35B-A3B-FP8-without-reasoning,air_balloon_survival_fi_negotiation_easy,instance_00002,Harmonic Mean Score,
353,hot_air_balloon,Qwen3.6-35B-A3B-FP8-without-reasoning,air_balloon_survival_fi_negotiation_easy,instance_00002,Main Score,0.0
354,hot_air_balloon,Qwen3.6-35B-A3B-FP8-without-reasoning,air_balloon_survival_fi_negotiation_easy,instance_00003,Request Count,4.0
355,hot_air_balloon,Qwen3.6-35B-A3B-FP8-without-reasoning,air_balloon_survival_fi_negotiation_easy,instance_00003,Parsed Request Count,4.0
356,hot_air_balloon,Qwen3.6-35B-A3B-FP8-without-reasoning,air_balloon_survival_fi_negotiation_easy,instance_00003,Violated Request Count,0.0
357,hot_air_balloon,Qwen3.6-35B-A3B-FP8-without-reasoning,air_balloon_survival_fi_negotiation_easy,instance_00003,Request Success Ratio,1.0
358,hot_air_balloon,Qwen3.6-35B-A3B-FP8-without-reasoning,air_balloon_survival_fi_negotiation_easy,instance_00003,Aborted,0.0
359,hot_air_balloon,Qwen3.6-35B-A3B-FP8-without-reasoning,air_balloon_survival_fi_negotiation_easy,instance_00003,Lose,1.0
360,hot_air_balloon,Qwen3.6-35B-A3B-FP8-without-reasoning,air_balloon_survival_fi_negotiation_easy,instance_00003,Success,0.0
361,hot_air_balloon,Qwen3.6-35B-A3B-FP8-without-reasoning,air_balloon_survival_fi_negotiation_easy,instance_00003,Violations Player 1,0.0
362,hot_air_balloon,Qwen3.6-35B-A3B-FP8-without-reasoning,air_balloon_survival_fi_negotiation_easy,instance_00003,Violations Player 2,0.0
363,hot_air_balloon,Qwen3.6-35B-A3B-FP8-without-reasoning,air_balloon_survival_fi_negotiation_easy,instance_00003,Total Violations,0.0
364,hot_air_balloon,Qwen3.6-35B-A3B-FP8-without-reasoning,air_balloon_survival_fi_negotiation_easy,instance_00003,Normalized Utility Player 1,
365,hot_air_balloon,Qwen3.6-35B-A3B-FP8-without-reasoning,air_balloon_survival_fi_negotiation_easy,instance_00003,Normalized Utility Player 2,
366,hot_air_balloon,Qwen3.6-35B-A3B-FP8-without-reasoning,air_balloon_survival_fi_negotiation_easy,instance_00003,Harmonic Mean Score,
367,hot_air_balloon,Qwen3.6-35B-A3B-FP8-without-reasoning,air_balloon_survival_fi_negotiation_easy,instance_00003,Main Score,0.0
368,hot_air_balloon,Qwen3.6-35B-A3B-FP8-without-reasoning,air_balloon_survival_fi_negotiation_easy,instance_00004,Request Count,7.0
369,hot_air_balloon,Qwen3.6-35B-A3B-FP8-without-reasoning,air_balloon_survival_fi_negotiation_easy,instance_00004,Parsed Request Count,7.0
370,hot_air_balloon,Qwen3.6-35B-A3B-FP8-without-reasoning,air_balloon_survival_fi_negotiation_easy,instance_00004,Violated Request Count,0.0
371,hot_air_balloon,Qwen3.6-35B-A3B-FP8-without-reasoning,air_balloon_survival_fi_negotiation_easy,instance_00004,Request Success Ratio,1.0
372,hot_air_balloon,Qwen3.6-35B-A3B-FP8-without-reasoning,air_balloon_survival_fi_negotiation_easy,instance_00004,Aborted,0.0
373,hot_air_balloon,Qwen3.6-35B-A3B-FP8-without-reasoning,air_balloon_survival_fi_negotiation_easy,instance_00004,Lose,0.0
374,hot_air_balloon,Qwen3.6-35B-A3B-FP8-without-reasoning,air_balloon_survival_fi_negotiation_easy,instance_00004,Success,1.0
375,hot_air_balloon,Qwen3.6-35B-A3B-FP8-without-reasoning,air_balloon_survival_fi_negotiation_easy,instance_00004,Violations Player 1,0.0
376,hot_air_balloon,Qwen3.6-35B-A3B-FP8-without-reasoning,air_balloon_survival_fi_negotiation_easy,instance_00004,Violations Player 2,0.0
377,hot_air_balloon,Qwen3.6-35B-A3B-FP8-without-reasoning,air_balloon_survival_fi_negotiation_easy,instance_00004,Total Violations,0.0
378,hot_air_balloon,Qwen3.6-35B-A3B-FP8-without-reasoning,air_balloon_survival_fi_negotiation_easy,instance_00004,Normalized Utility Player 1,100.0
379,hot_air_balloon,Qwen3.6-35B-A3B-FP8-without-reasoning,air_balloon_survival_fi_negotiation_easy,instance_00004,Normalized Utility Player 2,100.0
380,hot_air_balloon,Qwen3.6-35B-A3B-FP8-without-reasoning,air_balloon_survival_fi_negotiation_easy,instance_00004,Harmonic Mean Score,100.0
381,hot_air_balloon,Qwen3.6-35B-A3B-FP8-without-reasoning,air_balloon_survival_fi_negotiation_easy,instance_00004,Main Score,100.0
382,hot_air_balloon,Qwen3.6-35B-A3B-FP8-without-reasoning,air_balloon_survival_fi_negotiation_easy,instance_00001,Request Count,4.0
383,hot_air_balloon,Qwen3.6-35B-A3B-FP8-without-reasoning,air_balloon_survival_fi_negotiation_easy,instance_00001,Parsed Request Count,4.0
384,hot_air_balloon,Qwen3.6-35B-A3B-FP8-without-reasoning,air_balloon_survival_fi_negotiation_easy,instance_00001,Violated Request Count,0.0
385,hot_air_balloon,Qwen3.6-35B-A3B-FP8-without-reasoning,air_balloon_survival_fi_negotiation_easy,instance_00001,Request Success Ratio,1.0
386,hot_air_balloon,Qwen3.6-35B-A3B-FP8-without-reasoning,air_balloon_survival_fi_negotiation_easy,instance_00001,Aborted,0.0
387,hot_air_balloon,Qwen3.6-35B-A3B-FP8-without-reasoning,air_balloon_survival_fi_negotiation_easy,instance_00001,Lose,0.0
388,hot_air_balloon,Qwen3.6-35B-A3B-FP8-without-reasoning,air_balloon_survival_fi_negotiation_easy,instance_00001,Success,1.0
389,hot_air_balloon,Qwen3.6-35B-A3B-FP8-without-reasoning,air_balloon_survival_fi_negotiation_easy,instance_00001,Violations Player 1,0.0
390,hot_air_balloon,Qwen3.6-35B-A3B-FP8-without-reasoning,air_balloon_survival_fi_negotiation_easy,instance_00001,Violations Player 2,0.0
391,hot_air_balloon,Qwen3.6-35B-A3B-FP8-without-reasoning,air_balloon_survival_fi_negotiation_easy,instance_00001,Total Violations,0.0
392,hot_air_balloon,Qwen3.6-35B-A3B-FP8-without-reasoning,air_balloon_survival_fi_negotiation_easy,instance_00001,Normalized Utility Player 1,99.4615514050143
393,hot_air_balloon,Qwen3.6-35B-A3B-FP8-without-reasoning,air_balloon_survival_fi_negotiation_easy,instance_00001,Normalized Utility Player 2,99.4615514050143
394,hot_air_balloon,Qwen3.6-35B-A3B-FP8-without-reasoning,air_balloon_survival_fi_negotiation_easy,instance_00001,Harmonic Mean Score,99.4615514050143
395,hot_air_balloon,Qwen3.6-35B-A3B-FP8-without-reasoning,air_balloon_survival_fi_negotiation_easy,instance_00001,Main Score,99.4615514050143
396,hot_air_balloon,Qwen3.6-35B-A3B-FP8-without-reasoning,air_balloon_survival_fi_negotiation_easy,instance_00000,Request Count,7.0
397,hot_air_balloon,Qwen3.6-35B-A3B-FP8-without-reasoning,air_balloon_survival_fi_negotiation_easy,instance_00000,Parsed Request Count,7.0
398,hot_air_balloon,Qwen3.6-35B-A3B-FP8-without-reasoning,air_balloon_survival_fi_negotiation_easy,instance_00000,Violated Request Count,0.0
399,hot_air_balloon,Qwen3.6-35B-A3B-FP8-without-reasoning,air_balloon_survival_fi_negotiation_easy,instance_00000,Request Success Ratio,1.0
400,hot_air_balloon,Qwen3.6-35B-A3B-FP8-without-reasoning,air_balloon_survival_fi_negotiation_easy,instance_00000,Aborted,0.0
401,hot_air_balloon,Qwen3.6-35B-A3B-FP8-without-reasoning,air_balloon_survival_fi_negotiation_easy,instance_00000,Lose,0.0
402,hot_air_balloon,Qwen3.6-35B-A3B-FP8-without-reasoning,air_balloon_survival_fi_negotiation_easy,instance_00000,Success,1.0
403,hot_air_balloon,Qwen3.6-35B-A3B-FP8-without-reasoning,air_balloon_survival_fi_negotiation_easy,instance_00000,Violations Player 1,0.0
404,hot_air_balloon,Qwen3.6-35B-A3B-FP8-without-reasoning,air_balloon_survival_fi_negotiation_easy,instance_00000,Violations Player 2,0.0
405,hot_air_balloon,Qwen3.6-35B-A3B-FP8-without-reasoning,air_balloon_survival_fi_negotiation_easy,instance_00000,Total Violations,0.0
406,hot_air_balloon,Qwen3.6-35B-A3B-FP8-without-reasoning,air_balloon_survival_fi_negotiation_easy,instance_00000,Normalized Utility Player 1,73.07120436147365
407,hot_air_balloon,Qwen3.6-35B-A3B-FP8-without-reasoning,air_balloon_survival_fi_negotiation_easy,instance_00000,Normalized Utility Player 2,73.07120436147365
408,hot_air_balloon,Qwen3.6-35B-A3B-FP8-without-reasoning,air_balloon_survival_fi_negotiation_easy,instance_00000,Harmonic Mean Score,73.07120436147365
409,hot_air_balloon,Qwen3.6-35B-A3B-FP8-without-reasoning,air_balloon_survival_fi_negotiation_easy,instance_00000,Main Score,73.07120436147365
410,clean_up,Qwen3.6-35B-A3B-FP8-without-reasoning,0_easy_3obj_fi,instance_00002,Request Count,17.0
411,clean_up,Qwen3.6-35B-A3B-FP8-without-reasoning,0_easy_3obj_fi,instance_00002,Parsed Request Count,16.0
412,clean_up,Qwen3.6-35B-A3B-FP8-without-reasoning,0_easy_3obj_fi,instance_00002,Violated Request Count,1.0
413,clean_up,Qwen3.6-35B-A3B-FP8-without-reasoning,0_easy_3obj_fi,instance_00002,Request Success Ratio,0.9411764705882353
414,clean_up,Qwen3.6-35B-A3B-FP8-without-reasoning,0_easy_3obj_fi,instance_00002,Aborted,0.0
415,clean_up,Qwen3.6-35B-A3B-FP8-without-reasoning,0_easy_3obj_fi,instance_00002,Lose,0.0
416,clean_up,Qwen3.6-35B-A3B-FP8-without-reasoning,0_easy_3obj_fi,instance_00002,Success,1.0
417,clean_up,Qwen3.6-35B-A3B-FP8-without-reasoning,0_easy_3obj_fi,instance_00002,Distance Score,0.5027650061720232
418,clean_up,Qwen3.6-35B-A3B-FP8-without-reasoning,0_easy_3obj_fi,instance_00002,Coverage Score,0.125
419,clean_up,Qwen3.6-35B-A3B-FP8-without-reasoning,0_easy_3obj_fi,instance_00002,Penalty Score,0.7
420,clean_up,Qwen3.6-35B-A3B-FP8-without-reasoning,0_easy_3obj_fi,instance_00002,Moves,"[['Player 2', 'C']]"
421,clean_up,Qwen3.6-35B-A3B-FP8-without-reasoning,0_easy_3obj_fi,instance_00002,Init States,"{'state_1': [{'id': 'C', 'coord': [2, 3]}, {'id': 'L', 'coord': [5, 1]}, {'id': 'P', 'coord': [1, 2]}], 'state_2': [{'id': 'C', 'coord': [5, 1]}, {'id': 'L', 'coord': [1, 2]}, {'id': 'P', 'coord': [1, 3]}]}"
422,clean_up,Qwen3.6-35B-A3B-FP8-without-reasoning,0_easy_3obj_fi,instance_00002,End States,"{'state_1': [{'id': 'C', 'coord': [2, 3]}, {'id': 'L', 'coord': [5, 1]}, {'id': 'P', 'coord': [1, 2]}], 'state_2': [{'id': 'C', 'coord': [2, 3]}, {'id': 'L', 'coord': [1, 2]}, {'id': 'P', 'coord': [1, 3]}]}"
423,clean_up,Qwen3.6-35B-A3B-FP8-without-reasoning,0_easy_3obj_fi,instance_00002,Shifts,0
424,clean_up,Qwen3.6-35B-A3B-FP8-without-reasoning,0_easy_3obj_fi,instance_00002,Max Shifts,4
425,clean_up,Qwen3.6-35B-A3B-FP8-without-reasoning,0_easy_3obj_fi,instance_00002,Min Shifts,2
426,clean_up,Qwen3.6-35B-A3B-FP8-without-reasoning,0_easy_3obj_fi,instance_00002,End Distance Sum,5.123105625617661
427,clean_up,Qwen3.6-35B-A3B-FP8-without-reasoning,0_easy_3obj_fi,instance_00002,Init Distance Sum,8.72865690108165
428,clean_up,Qwen3.6-35B-A3B-FP8-without-reasoning,0_easy_3obj_fi,instance_00002,Expected Distance Sum,12.570787221094177
429,clean_up,Qwen3.6-35B-A3B-FP8-without-reasoning,0_easy_3obj_fi,instance_00002,Penalties,6
430,clean_up,Qwen3.6-35B-A3B-FP8-without-reasoning,0_easy_3obj_fi,instance_00002,Max Penalties,8
431,clean_up,Qwen3.6-35B-A3B-FP8-without-reasoning,0_easy_3obj_fi,instance_00002,Rounds,5
432,clean_up,Qwen3.6-35B-A3B-FP8-without-reasoning,0_easy_3obj_fi,instance_00002,Max Rounds,12
433,clean_up,Qwen3.6-35B-A3B-FP8-without-reasoning,0_easy_3obj_fi,instance_00002,Object Count,3
434,clean_up,Qwen3.6-35B-A3B-FP8-without-reasoning,0_easy_3obj_fi,instance_00002,Valid Moves,1
435,clean_up,Qwen3.6-35B-A3B-FP8-without-reasoning,0_easy_3obj_fi,instance_00002,Invalid Moves,5
436,clean_up,Qwen3.6-35B-A3B-FP8-without-reasoning,0_easy_3obj_fi,instance_00002,Parse Errors,2
437,clean_up,Qwen3.6-35B-A3B-FP8-without-reasoning,0_easy_3obj_fi,instance_00002,Main Score,35.193550432041626
438,clean_up,Qwen3.6-35B-A3B-FP8-without-reasoning,0_easy_3obj_fi,instance_00003,Request Count,7
439,clean_up,Qwen3.6-35B-A3B-FP8-without-reasoning,0_easy_3obj_fi,instance_00003,Parsed Request Count,6
440,clean_up,Qwen3.6-35B-A3B-FP8-without-reasoning,0_easy_3obj_fi,instance_00003,Violated Request Count,1
441,clean_up,Qwen3.6-35B-A3B-FP8-without-reasoning,0_easy_3obj_fi,instance_00003,Request Success Ratio,0.8571428571428571
442,clean_up,Qwen3.6-35B-A3B-FP8-without-reasoning,0_easy_3obj_fi,instance_00003,Aborted,0
443,clean_up,Qwen3.6-35B-A3B-FP8-without-reasoning,0_easy_3obj_fi,instance_00003,Lose,0
444,clean_up,Qwen3.6-35B-A3B-FP8-without-reasoning,0_easy_3obj_fi,instance_00003,Success,1
445,clean_up,Qwen3.6-35B-A3B-FP8-without-reasoning,0_easy_3obj_fi,instance_00003,Distance Score,0.0909013848978828
446,clean_up,Qwen3.6-35B-A3B-FP8-without-reasoning,0_easy_3obj_fi,instance_00003,Coverage Score,0.0625
447,clean_up,Qwen3.6-35B-A3B-FP8-without-reasoning,0_easy_3obj_fi,instance_00003,Penalty Score,0.9666666666666667
448,clean_up,Qwen3.6-35B-A3B-FP8-without-reasoning,0_easy_3obj_fi,instance_00003,Moves,[]
449,clean_up,Qwen3.6-35B-A3B-FP8-without-reasoning,0_easy_3obj_fi,instance_00003,Init States,"{'state_1': [{'id': 'C', 'coord': [3, 2]}, {'id': 'L', 'coord': [1, 4]}, {'id': 'P', 'coord': [6, 1]}], 'state_2': [{'id': 'C', 'coord': [7, 3]}, {'id': 'L', 'coord': [1, 1]}, {'id': 'P', 'coord': [3, 2]}]}"
450,clean_up,Qwen3.6-35B-A3B-FP8-without-reasoning,0_easy_3obj_fi,instance_00003,End States,"{'state_1': [{'id': 'C', 'coord': [3, 2]}, {'id': 'L', 'coord': [1, 4]}, {'id': 'P', 'coord': [6, 1]}], 'state_2': [{'id': 'C', 'coord': [7, 3]}, {'id': 'L', 'coord': [1, 1]}, {'id': 'P', 'coord': [3, 2]}]}"
451,clean_up,Qwen3.6-35B-A3B-FP8-without-reasoning,0_easy_3obj_fi,instance_00003,Shifts,0
452,clean_up,Qwen3.6-35B-A3B-FP8-without-reasoning,0_easy_3obj_fi,instance_00003,Max Shifts,4
453,clean_up,Qwen3.6-35B-A3B-FP8-without-reasoning,0_easy_3obj_fi,instance_00003,Min Shifts,2
454,clean_up,Qwen3.6-35B-A3B-FP8-without-reasoning,0_easy_3obj_fi,instance_00003,End Distance Sum,10.28538328578604
455,clean_up,Qwen3.6-35B-A3B-FP8-without-reasoning,0_easy_3obj_fi,instance_00003,Init Distance Sum,10.28538328578604
456,clean_up,Qwen3.6-35B-A3B-FP8-without-reasoning,0_easy_3obj_fi,instance_00003,Expected Distance Sum,12.570787221094177
457,clean_up,Qwen3.6-35B-A3B-FP8-without-reasoning,0_easy_3obj_fi,instance_00003,Penalties,1
458,clean_up,Qwen3.6-35B-A3B-FP8-without-reasoning,0_easy_3obj_fi,instance_00003,Max Penalties,8
459,clean_up,Qwen3.6-35B-A3B-FP8-without-reasoning,0_easy_3obj_fi,instance_00003,Rounds,3
460,clean_up,Qwen3.6-35B-A3B-FP8-without-reasoning,0_easy_3obj_fi,instance_00003,Max Rounds,12
461,clean_up,Qwen3.6-35B-A3B-FP8-without-reasoning,0_easy_3obj_fi,instance_00003,Object Count,3
462,clean_up,Qwen3.6-35B-A3B-FP8-without-reasoning,0_easy_3obj_fi,instance_00003,Valid Moves,0
463,clean_up,Qwen3.6-35B-A3B-FP8-without-reasoning,0_easy_3obj_fi,instance_00003,Invalid Moves,0
464,clean_up,Qwen3.6-35B-A3B-FP8-without-reasoning,0_easy_3obj_fi,instance_00003,Parse Errors,2
465,clean_up,Qwen3.6-35B-A3B-FP8-without-reasoning,0_easy_3obj_fi,instance_00003,Main Score,8.787133873462004
466,clean_up,Qwen3.6-35B-A3B-FP8-without-reasoning,0_easy_3obj_fi,instance_00004,Request Count,23
467,clean_up,Qwen3.6-35B-A3B-FP8-without-reasoning,0_easy_3obj_fi,instance_00004,Parsed Request Count,21
468,clean_up,Qwen3.6-35B-A3B-FP8-without-reasoning,0_easy_3obj_fi,instance_00004,Violated Request Count,2
469,clean_up,Qwen3.6-35B-A3B-FP8-without-reasoning,0_easy_3obj_fi,instance_00004,Request Success Ratio,0.9130434782608695
470,clean_up,Qwen3.6-35B-A3B-FP8-without-reasoning,0_easy_3obj_fi,instance_00004,Aborted,0
471,clean_up,Qwen3.6-35B-A3B-FP8-without-reasoning,0_easy_3obj_fi,instance_00004,Lose,0
472,clean_up,Qwen3.6-35B-A3B-FP8-without-reasoning,0_easy_3obj_fi,instance_00004,Success,1
473,clean_up,Qwen3.6-35B-A3B-FP8-without-reasoning,0_easy_3obj_fi,instance_00004,Distance Score,0.10800562965896832
474,clean_up,Qwen3.6-35B-A3B-FP8-without-reasoning,0_easy_3obj_fi,instance_00004,Coverage Score,0.25
475,clean_up,Qwen3.6-35B-A3B-FP8-without-reasoning,0_easy_3obj_fi,instance_00004,Penalty Score,0.5
476,clean_up,Qwen3.6-35B-A3B-FP8-without-reasoning,0_easy_3obj_fi,instance_00004,Moves,"[['Player 2', 'P'], ['Player 1', 'L']]"
477,clean_up,Qwen3.6-35B-A3B-FP8-without-reasoning,0_easy_3obj_fi,instance_00004,Init States,"{'state_1': [{'id': 'C', 'coord': [7, 5]}, {'id': 'L', 'coord': [7, 1]}, {'id': 'P', 'coord': [1, 7]}], 'state_2': [{'id': 'C', 'coord': [4, 7]}, {'id': 'L', 'coord': [6, 2]}, {'id': 'P', 'coord': [5, 2]}]}"
478,clean_up,Qwen3.6-35B-A3B-FP8-without-reasoning,0_easy_3obj_fi,instance_00004,End States,"{'state_1': [{'id': 'C', 'coord': [7, 5]}, {'id': 'L', 'coord': [4, 4]}, {'id': 'P', 'coord': [1, 7]}], 'state_2': [{'id': 'C', 'coord': [4, 7]}, {'id': 'L', 'coord': [6, 2]}, {'id': 'P', 'coord': [4, 4]}]}"
479,clean_up,Qwen3.6-35B-A3B-FP8-without-reasoning,0_easy_3obj_fi,instance_00004,Shifts,1
480,clean_up,Qwen3.6-35B-A3B-FP8-without-reasoning,0_easy_3obj_fi,instance_00004,Max Shifts,4
481,clean_up,Qwen3.6-35B-A3B-FP8-without-reasoning,0_easy_3obj_fi,instance_00004,Min Shifts,2
482,clean_up,Qwen3.6-35B-A3B-FP8-without-reasoning,0_easy_3obj_fi,instance_00004,End Distance Sum,10.676619087329463
483,clean_up,Qwen3.6-35B-A3B-FP8-without-reasoning,0_easy_3obj_fi,instance_00004,Init Distance Sum,11.422889075269932
484,clean_up,Qwen3.6-35B-A3B-FP8-without-reasoning,0_easy_3obj_fi,instance_00004,Expected Distance Sum,12.570787221094177
485,clean_up,Qwen3.6-35B-A3B-FP8-without-reasoning,0_easy_3obj_fi,instance_00004,Penalties,8
486,clean_up,Qwen3.6-35B-A3B-FP8-without-reasoning,0_easy_3obj_fi,instance_00004,Max Penalties,8
487,clean_up,Qwen3.6-35B-A3B-FP8-without-reasoning,0_easy_3obj_fi,instance_00004,Rounds,7
488,clean_up,Qwen3.6-35B-A3B-FP8-without-reasoning,0_easy_3obj_fi,instance_00004,Max Rounds,12
489,clean_up,Qwen3.6-35B-A3B-FP8-without-reasoning,0_easy_3obj_fi,instance_00004,Object Count,3
490,clean_up,Qwen3.6-35B-A3B-FP8-without-reasoning,0_easy_3obj_fi,instance_00004,Valid Moves,2
491,clean_up,Qwen3.6-35B-A3B-FP8-without-reasoning,0_easy_3obj_fi,instance_00004,Invalid Moves,6
492,clean_up,Qwen3.6-35B-A3B-FP8-without-reasoning,0_easy_3obj_fi,instance_00004,Parse Errors,4
493,clean_up,Qwen3.6-35B-A3B-FP8-without-reasoning,0_easy_3obj_fi,instance_00004,Main Score,5.400281482948416
494,clean_up,Qwen3.6-35B-A3B-FP8-without-reasoning,0_easy_3obj_fi,instance_00001,Request Count,20
495,clean_up,Qwen3.6-35B-A3B-FP8-without-reasoning,0_easy_3obj_fi,instance_00001,Parsed Request Count,19
496,clean_up,Qwen3.6-35B-A3B-FP8-without-reasoning,0_easy_3obj_fi,instance_00001,Violated Request Count,1
497,clean_up,Qwen3.6-35B-A3B-FP8-without-reasoning,0_easy_3obj_fi,instance_00001,Request Success Ratio,0.95
498,clean_up,Qwen3.6-35B-A3B-FP8-without-reasoning,0_easy_3obj_fi,instance_00001,Aborted,0
499,clean_up,Qwen3.6-35B-A3B-FP8-without-reasoning,0_easy_3obj_fi,instance_00001,Lose,0
500,clean_up,Qwen3.6-35B-A3B-FP8-without-reasoning,0_easy_3obj_fi,instance_00001,Success,1
501,clean_up,Qwen3.6-35B-A3B-FP8-without-reasoning,0_easy_3obj_fi,instance_00001,Distance Score,0.8786226910418975
502,clean_up,Qwen3.6-35B-A3B-FP8-without-reasoning,0_easy_3obj_fi,instance_00001,Consistency Score,0.0
503,clean_up,Qwen3.6-35B-A3B-FP8-without-reasoning,0_easy_3obj_fi,instance_00001,Coverage Score,1.0
504,clean_up,Qwen3.6-35B-A3B-FP8-without-reasoning,0_easy_3obj_fi,instance_00001,Penalty Score,0.7727272727272727
505,clean_up,Qwen3.6-35B-A3B-FP8-without-reasoning,0_easy_3obj_fi,instance_00001,Moves,"[['Player 1', 'C'], ['Player 2', 'P'], ['Player 1', 'L'], ['Player 2', 'C'], ['Player 1', 'P'], ['Player 2', 'L']]"
506,clean_up,Qwen3.6-35B-A3B-FP8-without-reasoning,0_easy_3obj_fi,instance_00001,Init States,"{'state_1': [{'id': 'C', 'coord': [2, 2]}, {'id': 'L', 'coord': [5, 5]}, {'id': 'P', 'coord': [7, 7]}], 'state_2': [{'id': 'C', 'coord': [3, 2]}, {'id': 'L', 'coord': [1, 7]}, {'id': 'P', 'coord': [2, 5]}]}"
507,clean_up,Qwen3.6-35B-A3B-FP8-without-reasoning,0_easy_3obj_fi,instance_00001,End States,"{'state_1': [{'id': 'C', 'coord': [1, 1]}, {'id': 'L', 'coord': [3, 3]}, {'id': 'P', 'coord': [5, 5]}], 'state_2': [{'id': 'C', 'coord': [2, 2]}, {'id': 'L', 'coord': [3, 3]}, {'id': 'P', 'coord': [5, 5]}]}"
508,clean_up,Qwen3.6-35B-A3B-FP8-without-reasoning,0_easy_3obj_fi,instance_00001,Shifts,5
509,clean_up,Qwen3.6-35B-A3B-FP8-without-reasoning,0_easy_3obj_fi,instance_00001,Max Shifts,4
510,clean_up,Qwen3.6-35B-A3B-FP8-without-reasoning,0_easy_3obj_fi,instance_00001,Min Shifts,2
511,clean_up,Qwen3.6-35B-A3B-FP8-without-reasoning,0_easy_3obj_fi,instance_00001,End Distance Sum,1.4142135623730951
512,clean_up,Qwen3.6-35B-A3B-FP8-without-reasoning,0_easy_3obj_fi,instance_00001,Init Distance Sum,10.857300762134084
513,clean_up,Qwen3.6-35B-A3B-FP8-without-reasoning,0_easy_3obj_fi,instance_00001,Expected Distance Sum,12.570787221094177
514,clean_up,Qwen3.6-35B-A3B-FP8-without-reasoning,0_easy_3obj_fi,instance_00001,Penalties,5
515,clean_up,Qwen3.6-35B-A3B-FP8-without-reasoning,0_easy_3obj_fi,instance_00001,Max Penalties,8
516,clean_up,Qwen3.6-35B-A3B-FP8-without-reasoning,0_easy_3obj_fi,instance_00001,Rounds,7
517,clean_up,Qwen3.6-35B-A3B-FP8-without-reasoning,0_easy_3obj_fi,instance_00001,Max Rounds,12
518,clean_up,Qwen3.6-35B-A3B-FP8-without-reasoning,0_easy_3obj_fi,instance_00001,Object Count,3
519,clean_up,Qwen3.6-35B-A3B-FP8-without-reasoning,0_easy_3obj_fi,instance_00001,Valid Moves,6
520,clean_up,Qwen3.6-35B-A3B-FP8-without-reasoning,0_easy_3obj_fi,instance_00001,Invalid Moves,4
521,clean_up,Qwen3.6-35B-A3B-FP8-without-reasoning,0_easy_3obj_fi,instance_00001,Parse Errors,2
522,clean_up,Qwen3.6-35B-A3B-FP8-without-reasoning,0_easy_3obj_fi,instance_00001,Main Score,67.89357158051025
523,clean_up,Qwen3.6-35B-A3B-FP8-without-reasoning,0_easy_3obj_fi,instance_00000,Request Count,25
524,clean_up,Qwen3.6-35B-A3B-FP8-without-reasoning,0_easy_3obj_fi,instance_00000,Parsed Request Count,24
525,clean_up,Qwen3.6-35B-A3B-FP8-without-reasoning,0_easy_3obj_fi,instance_00000,Violated Request Count,1
526,clean_up,Qwen3.6-35B-A3B-FP8-without-reasoning,0_easy_3obj_fi,instance_00000,Request Success Ratio,0.96
527,clean_up,Qwen3.6-35B-A3B-FP8-without-reasoning,0_easy_3obj_fi,instance_00000,Aborted,0
528,clean_up,Qwen3.6-35B-A3B-FP8-without-reasoning,0_easy_3obj_fi,instance_00000,Lose,1
529,clean_up,Qwen3.6-35B-A3B-FP8-without-reasoning,0_easy_3obj_fi,instance_00000,Success,1
530,clean_up,Qwen3.6-35B-A3B-FP8-without-reasoning,0_easy_3obj_fi,instance_00000,Distance Score,0
531,clean_up,Qwen3.6-35B-A3B-FP8-without-reasoning,0_easy_3obj_fi,instance_00000,Coverage Score,0.0625
532,clean_up,Qwen3.6-35B-A3B-FP8-without-reasoning,0_easy_3obj_fi,instance_00000,Penalty Score,0.9666666666666667
533,clean_up,Qwen3.6-35B-A3B-FP8-without-reasoning,0_easy_3obj_fi,instance_00000,Moves,[]
534,clean_up,Qwen3.6-35B-A3B-FP8-without-reasoning,0_easy_3obj_fi,instance_00000,Init States,"{'state_1': [{'id': 'C', 'coord': [2, 6]}, {'id': 'L', 'coord': [2, 5]}, {'id': 'P', 'coord': [7, 3]}], 'state_2': [{'id': 'C', 'coord': [4, 1]}, {'id': 'L', 'coord': [7, 7]}, {'id': 'P', 'coord': [4, 7]}]}"
535,clean_up,Qwen3.6-35B-A3B-FP8-without-reasoning,0_easy_3obj_fi,instance_00000,End States,"{'state_1': [{'id': 'C', 'coord': [2, 6]}, {'id': 'L', 'coord': [2, 5]}, {'id': 'P', 'coord': [7, 3]}], 'state_2': [{'id': 'C', 'coord': [4, 1]}, {'id': 'L', 'coord': [7, 7]}, {'id': 'P', 'coord': [4, 7]}]}"
536,clean_up,Qwen3.6-35B-A3B-FP8-without-reasoning,0_easy_3obj_fi,instance_00000,Shifts,0
537,clean_up,Qwen3.6-35B-A3B-FP8-without-reasoning,0_easy_3obj_fi,instance_00000,Max Shifts,4
538,clean_up,Qwen3.6-35B-A3B-FP8-without-reasoning,0_easy_3obj_fi,instance_00000,Min Shifts,2
539,clean_up,Qwen3.6-35B-A3B-FP8-without-reasoning,0_easy_3obj_fi,instance_00000,End Distance Sum,15.770329614269007
540,clean_up,Qwen3.6-35B-A3B-FP8-without-reasoning,0_easy_3obj_fi,instance_00000,Init Distance Sum,15.770329614269007
541,clean_up,Qwen3.6-35B-A3B-FP8-without-reasoning,0_easy_3obj_fi,instance_00000,Expected Distance Sum,12.570787221094177
542,clean_up,Qwen3.6-35B-A3B-FP8-without-reasoning,0_easy_3obj_fi,instance_00000,Penalties,1
543,clean_up,Qwen3.6-35B-A3B-FP8-without-reasoning,0_easy_3obj_fi,instance_00000,Max Penalties,8
544,clean_up,Qwen3.6-35B-A3B-FP8-without-reasoning,0_easy_3obj_fi,instance_00000,Rounds,12
545,clean_up,Qwen3.6-35B-A3B-FP8-without-reasoning,0_easy_3obj_fi,instance_00000,Max Rounds,12
546,clean_up,Qwen3.6-35B-A3B-FP8-without-reasoning,0_easy_3obj_fi,instance_00000,Object Count,3
547,clean_up,Qwen3.6-35B-A3B-FP8-without-reasoning,0_easy_3obj_fi,instance_00000,Valid Moves,0
548,clean_up,Qwen3.6-35B-A3B-FP8-without-reasoning,0_easy_3obj_fi,instance_00000,Invalid Moves,0
549,clean_up,Qwen3.6-35B-A3B-FP8-without-reasoning,0_easy_3obj_fi,instance_00000,Parse Errors,2
550,clean_up,Qwen3.6-35B-A3B-FP8-without-reasoning,0_easy_3obj_fi,instance_00000,Main Score,0.0
551,clean_up,Qwen3.6-35B-A3B-FP8-without-reasoning,0_easy_7obj_fi,instance_00002,Request Count,37
552,clean_up,Qwen3.6-35B-A3B-FP8-without-reasoning,0_easy_7obj_fi,instance_00002,Parsed Request Count,36
553,clean_up,Qwen3.6-35B-A3B-FP8-without-reasoning,0_easy_7obj_fi,instance_00002,Violated Request Count,1
554,clean_up,Qwen3.6-35B-A3B-FP8-without-reasoning,0_easy_7obj_fi,instance_00002,Request Success Ratio,0.972972972972973
555,clean_up,Qwen3.6-35B-A3B-FP8-without-reasoning,0_easy_7obj_fi,instance_00002,Aborted,0
556,clean_up,Qwen3.6-35B-A3B-FP8-without-reasoning,0_easy_7obj_fi,instance_00002,Lose,0
557,clean_up,Qwen3.6-35B-A3B-FP8-without-reasoning,0_easy_7obj_fi,instance_00002,Success,1
558,clean_up,Qwen3.6-35B-A3B-FP8-without-reasoning,0_easy_7obj_fi,instance_00002,Distance Score,0.3594249737241811
559,clean_up,Qwen3.6-35B-A3B-FP8-without-reasoning,0_easy_7obj_fi,instance_00002,Consistency Score,0.0
560,clean_up,Qwen3.6-35B-A3B-FP8-without-reasoning,0_easy_7obj_fi,instance_00002,Coverage Score,1.0
561,clean_up,Qwen3.6-35B-A3B-FP8-without-reasoning,0_easy_7obj_fi,instance_00002,Penalty Score,0.3571428571428572
562,clean_up,Qwen3.6-35B-A3B-FP8-without-reasoning,0_easy_7obj_fi,instance_00002,Moves,"[['Player 2', 'P'], ['Player 1', 'T'], ['Player 2', 'S'], ['Player 1', 'A'], ['Player 2', 'M'], ['Player 1', 'D'], ['Player 2', 'A'], ['Player 1', 'O'], ['Player 2', 'D'], ['Player 1', 'P'], ['Player 2', 'O'], ['Player 1', 'S'], ['Player 2', 'T'], ['Player 1', 'M']]"
563,clean_up,Qwen3.6-35B-A3B-FP8-without-reasoning,0_easy_7obj_fi,instance_00002,Init States,"{'state_1': [{'id': 'P', 'coord': [2, 5]}, {'id': 'O', 'coord': [4, 4]}, {'id': 'T', 'coord': [2, 1]}, {'id': 'S', 'coord': [2, 6]}, {'id': 'D', 'coord': [7, 2]}, {'id': 'A', 'coord': [1, 2]}, {'id': 'M', 'coord': [4, 6]}], 'state_2': [{'id': 'P', 'coord': [3, 1]}, {'id': 'O', 'coord': [7, 1]}, {'id': 'T', 'coord': [7, 6]}, {'id': 'S', 'coord': [1, 2]}, {'id': 'D', 'coord': [5, 3]}, {'id': 'A', 'coord': [5, 1]}, {'id': 'M', 'coord': [5, 2]}]}"
564,clean_up,Qwen3.6-35B-A3B-FP8-without-reasoning,0_easy_7obj_fi,instance_00002,End States,"{'state_1': [{'id': 'P', 'coord': [1, 5]}, {'id': 'O', 'coord': [5, 4]}, {'id': 'T', 'coord': [3, 1]}, {'id': 'S', 'coord': [1, 6]}, {'id': 'D', 'coord': [7, 1]}, {'id': 'A', 'coord': [1, 3]}, {'id': 'M', 'coord': [5, 6]}], 'state_2': [{'id': 'P', 'coord': [1, 3]}, {'id': 'O', 'coord': [6, 1]}, {'id': 'T', 'coord': [2, 1]}, {'id': 'S', 'coord': [1, 5]}, {'id': 'D', 'coord': [5, 4]}, {'id': 'A', 'coord': [5, 2]}, {'id': 'M', 'coord': [4, 2]}]}"
565,clean_up,Qwen3.6-35B-A3B-FP8-without-reasoning,0_easy_7obj_fi,instance_00002,Shifts,13
566,clean_up,Qwen3.6-35B-A3B-FP8-without-reasoning,0_easy_7obj_fi,instance_00002,Max Shifts,12
567,clean_up,Qwen3.6-35B-A3B-FP8-without-reasoning,0_easy_7obj_fi,instance_00002,Min Shifts,6
568,clean_up,Qwen3.6-35B-A3B-FP8-without-reasoning,0_easy_7obj_fi,instance_00002,End Distance Sum,19.014040186867692
569,clean_up,Qwen3.6-35B-A3B-FP8-without-reasoning,0_easy_7obj_fi,instance_00002,Init Distance Sum,30.042198978955195
570,clean_up,Qwen3.6-35B-A3B-FP8-without-reasoning,0_easy_7obj_fi,instance_00002,Expected Distance Sum,29.331836849219748
571,clean_up,Qwen3.6-35B-A3B-FP8-without-reasoning,0_easy_7obj_fi,instance_00002,Penalties,18
572,clean_up,Qwen3.6-35B-A3B-FP8-without-reasoning,0_easy_7obj_fi,instance_00002,Max Penalties,16
573,clean_up,Qwen3.6-35B-A3B-FP8-without-reasoning,0_easy_7obj_fi,instance_00002,Rounds,9
574,clean_up,Qwen3.6-35B-A3B-FP8-without-reasoning,0_easy_7obj_fi,instance_00002,Max Rounds,28
575,clean_up,Qwen3.6-35B-A3B-FP8-without-reasoning,0_easy_7obj_fi,instance_00002,Object Count,7
576,clean_up,Qwen3.6-35B-A3B-FP8-without-reasoning,0_easy_7obj_fi,instance_00002,Valid Moves,14
577,clean_up,Qwen3.6-35B-A3B-FP8-without-reasoning,0_easy_7obj_fi,instance_00002,Invalid Moves,17
578,clean_up,Qwen3.6-35B-A3B-FP8-without-reasoning,0_easy_7obj_fi,instance_00002,Parse Errors,2
579,clean_up,Qwen3.6-35B-A3B-FP8-without-reasoning,0_easy_7obj_fi,instance_00002,Main Score,12.836606204435041
580,clean_up,Qwen3.6-35B-A3B-FP8-without-reasoning,0_easy_7obj_fi,instance_00003,Request Count,37
581,clean_up,Qwen3.6-35B-A3B-FP8-without-reasoning,0_easy_7obj_fi,instance_00003,Parsed Request Count,31
582,clean_up,Qwen3.6-35B-A3B-FP8-without-reasoning,0_easy_7obj_fi,instance_00003,Violated Request Count,6
583,clean_up,Qwen3.6-35B-A3B-FP8-without-reasoning,0_easy_7obj_fi,instance_00003,Request Success Ratio,0.8378378378378378
584,clean_up,Qwen3.6-35B-A3B-FP8-without-reasoning,0_easy_7obj_fi,instance_00003,Aborted,0
585,clean_up,Qwen3.6-35B-A3B-FP8-without-reasoning,0_easy_7obj_fi,instance_00003,Lose,0
586,clean_up,Qwen3.6-35B-A3B-FP8-without-reasoning,0_easy_7obj_fi,instance_00003,Success,1
587,clean_up,Qwen3.6-35B-A3B-FP8-without-reasoning,0_easy_7obj_fi,instance_00003,Distance Score,0.6928549266535469
588,clean_up,Qwen3.6-35B-A3B-FP8-without-reasoning,0_easy_7obj_fi,instance_00003,Consistency Score,1.0
589,clean_up,Qwen3.6-35B-A3B-FP8-without-reasoning,0_easy_7obj_fi,instance_00003,Coverage Score,0.125
590,clean_up,Qwen3.6-35B-A3B-FP8-without-reasoning,0_easy_7obj_fi,instance_00003,Penalty Score,0.8043478260869565
591,clean_up,Qwen3.6-35B-A3B-FP8-without-reasoning,0_easy_7obj_fi,instance_00003,Moves,"[['Player 2', 'D'], ['Player 2', 'P'], ['Player 2', 'T'], ['Player 2', 'M'], ['Player 2', 'A'], ['Player 2', 'S'], ['Player 2', 'O']]"
592,clean_up,Qwen3.6-35B-A3B-FP8-without-reasoning,0_easy_7obj_fi,instance_00003,Init States,"{'state_1': [{'id': 'P', 'coord': [3, 1]}, {'id': 'O', 'coord': [7, 5]}, {'id': 'T', 'coord': [1, 1]}, {'id': 'S', 'coord': [2, 7]}, {'id': 'D', 'coord': [4, 1]}, {'id': 'A', 'coord': [1, 2]}, {'id': 'M', 'coord': [4, 2]}], 'state_2': [{'id': 'P', 'coord': [4, 1]}, {'id': 'O', 'coord': [7, 7]}, {'id': 'T', 'coord': [3, 4]}, {'id': 'S', 'coord': [6, 7]}, {'id': 'D', 'coord': [1, 1]}, {'id': 'A', 'coord': [1, 6]}, {'id': 'M', 'coord': [6, 4]}]}"
593,clean_up,Qwen3.6-35B-A3B-FP8-without-reasoning,0_easy_7obj_fi,instance_00003,End States,"{'state_1': [{'id': 'P', 'coord': [3, 1]}, {'id': 'O', 'coord': [7, 5]}, {'id': 'T', 'coord': [1, 1]}, {'id': 'S', 'coord': [2, 7]}, {'id': 'D', 'coord': [4, 1]}, {'id': 'A', 'coord': [1, 2]}, {'id': 'M', 'coord': [4, 2]}], 'state_2': [{'id': 'P', 'coord': [2, 1]}, {'id': 'O', 'coord': [6, 5]}, {'id': 'T', 'coord': [1, 1]}, {'id': 'S', 'coord': [3, 4]}, {'id': 'D', 'coord': [2, 2]}, {'id': 'A', 'coord': [1, 2]}, {'id': 'M', 'coord': [4, 2]}]}"
594,clean_up,Qwen3.6-35B-A3B-FP8-without-reasoning,0_easy_7obj_fi,instance_00003,Shifts,6
595,clean_up,Qwen3.6-35B-A3B-FP8-without-reasoning,0_easy_7obj_fi,instance_00003,Max Shifts,12
596,clean_up,Qwen3.6-35B-A3B-FP8-without-reasoning,0_easy_7obj_fi,instance_00003,Min Shifts,6
597,clean_up,Qwen3.6-35B-A3B-FP8-without-reasoning,0_easy_7obj_fi,instance_00003,End Distance Sum,7.39834563766817
598,clean_up,Qwen3.6-35B-A3B-FP8-without-reasoning,0_easy_7obj_fi,instance_00003,Init Distance Sum,20.43397840021018
599,clean_up,Qwen3.6-35B-A3B-FP8-without-reasoning,0_easy_7obj_fi,instance_00003,Expected Distance Sum,29.331836849219748
600,clean_up,Qwen3.6-35B-A3B-FP8-without-reasoning,0_easy_7obj_fi,instance_00003,Penalties,9
601,clean_up,Qwen3.6-35B-A3B-FP8-without-reasoning,0_easy_7obj_fi,instance_00003,Max Penalties,16
602,clean_up,Qwen3.6-35B-A3B-FP8-without-reasoning,0_easy_7obj_fi,instance_00003,Rounds,14
603,clean_up,Qwen3.6-35B-A3B-FP8-without-reasoning,0_easy_7obj_fi,instance_00003,Max Rounds,28
604,clean_up,Qwen3.6-35B-A3B-FP8-without-reasoning,0_easy_7obj_fi,instance_00003,Object Count,7
605,clean_up,Qwen3.6-35B-A3B-FP8-without-reasoning,0_easy_7obj_fi,instance_00003,Valid Moves,7
606,clean_up,Qwen3.6-35B-A3B-FP8-without-reasoning,0_easy_7obj_fi,instance_00003,Invalid Moves,3
607,clean_up,Qwen3.6-35B-A3B-FP8-without-reasoning,0_easy_7obj_fi,instance_00003,Parse Errors,12
608,clean_up,Qwen3.6-35B-A3B-FP8-without-reasoning,0_easy_7obj_fi,instance_00003,Main Score,55.72963540474182
609,clean_up,Qwen3.6-35B-A3B-FP8-without-reasoning,0_easy_7obj_fi,instance_00004,Request Count,32
610,clean_up,Qwen3.6-35B-A3B-FP8-without-reasoning,0_easy_7obj_fi,instance_00004,Parsed Request Count,30
611,clean_up,Qwen3.6-35B-A3B-FP8-without-reasoning,0_easy_7obj_fi,instance_00004,Violated Request Count,2
612,clean_up,Qwen3.6-35B-A3B-FP8-without-reasoning,0_easy_7obj_fi,instance_00004,Request Success Ratio,0.9375
613,clean_up,Qwen3.6-35B-A3B-FP8-without-reasoning,0_easy_7obj_fi,instance_00004,Aborted,0
614,clean_up,Qwen3.6-35B-A3B-FP8-without-reasoning,0_easy_7obj_fi,instance_00004,Lose,0
615,clean_up,Qwen3.6-35B-A3B-FP8-without-reasoning,0_easy_7obj_fi,instance_00004,Success,1
616,clean_up,Qwen3.6-35B-A3B-FP8-without-reasoning,0_easy_7obj_fi,instance_00004,Distance Score,0.4989352197102699
617,clean_up,Qwen3.6-35B-A3B-FP8-without-reasoning,0_easy_7obj_fi,instance_00004,Consistency Score,1.0
618,clean_up,Qwen3.6-35B-A3B-FP8-without-reasoning,0_easy_7obj_fi,instance_00004,Coverage Score,0.46875
619,clean_up,Qwen3.6-35B-A3B-FP8-without-reasoning,0_easy_7obj_fi,instance_00004,Penalty Score,0.5
620,clean_up,Qwen3.6-35B-A3B-FP8-without-reasoning,0_easy_7obj_fi,instance_00004,Moves,"[['Player 2', 'M'], ['Player 1', 'A'], ['Player 2', 'A'], ['Player 1', 'D'], ['Player 2', 'D'], ['Player 1', 'M'], ['Player 2', 'T'], ['Player 1', 'O'], ['Player 2', 'P']]"
621,clean_up,Qwen3.6-35B-A3B-FP8-without-reasoning,0_easy_7obj_fi,instance_00004,Init States,"{'state_1': [{'id': 'P', 'coord': [4, 7]}, {'id': 'O', 'coord': [6, 1]}, {'id': 'T', 'coord': [7, 4]}, {'id': 'S', 'coord': [3, 1]}, {'id': 'D', 'coord': [5, 2]}, {'id': 'A', 'coord': [1, 2]}, {'id': 'M', 'coord': [7, 3]}], 'state_2': [{'id': 'P', 'coord': [7, 1]}, {'id': 'O', 'coord': [7, 5]}, {'id': 'T', 'coord': [5, 2]}, {'id': 'S', 'coord': [4, 6]}, {'id': 'D', 'coord': [4, 2]}, {'id': 'A', 'coord': [4, 1]}, {'id': 'M', 'coord': [1, 1]}]}"
622,clean_up,Qwen3.6-35B-A3B-FP8-without-reasoning,0_easy_7obj_fi,instance_00004,End States,"{'state_1': [{'id': 'P', 'coord': [4, 7]}, {'id': 'O', 'coord': [4, 4]}, {'id': 'T', 'coord': [7, 4]}, {'id': 'S', 'coord': [3, 1]}, {'id': 'D', 'coord': [3, 2]}, {'id': 'A', 'coord': [1, 1]}, {'id': 'M', 'coord': [3, 3]}], 'state_2': [{'id': 'P', 'coord': [5, 6]}, {'id': 'O', 'coord': [7, 5]}, {'id': 'T', 'coord': [7, 7]}, {'id': 'S', 'coord': [4, 6]}, {'id': 'D', 'coord': [1, 2]}, {'id': 'A', 'coord': [1, 1]}, {'id': 'M', 'coord': [3, 3]}]}"
623,clean_up,Qwen3.6-35B-A3B-FP8-without-reasoning,0_easy_7obj_fi,instance_00004,Shifts,6
624,clean_up,Qwen3.6-35B-A3B-FP8-without-reasoning,0_easy_7obj_fi,instance_00004,Max Shifts,12
625,clean_up,Qwen3.6-35B-A3B-FP8-without-reasoning,0_easy_7obj_fi,instance_00004,Min Shifts,6
626,clean_up,Qwen3.6-35B-A3B-FP8-without-reasoning,0_easy_7obj_fi,instance_00004,End Distance Sum,14.67551073613426
627,clean_up,Qwen3.6-35B-A3B-FP8-without-reasoning,0_easy_7obj_fi,instance_00004,Init Distance Sum,29.245589176961143
628,clean_up,Qwen3.6-35B-A3B-FP8-without-reasoning,0_easy_7obj_fi,instance_00004,Expected Distance Sum,29.331836849219748
629,clean_up,Qwen3.6-35B-A3B-FP8-without-reasoning,0_easy_7obj_fi,instance_00004,Penalties,16
630,clean_up,Qwen3.6-35B-A3B-FP8-without-reasoning,0_easy_7obj_fi,instance_00004,Max Penalties,16
631,clean_up,Qwen3.6-35B-A3B-FP8-without-reasoning,0_easy_7obj_fi,instance_00004,Rounds,8
632,clean_up,Qwen3.6-35B-A3B-FP8-without-reasoning,0_easy_7obj_fi,instance_00004,Max Rounds,28
633,clean_up,Qwen3.6-35B-A3B-FP8-without-reasoning,0_easy_7obj_fi,instance_00004,Object Count,7
634,clean_up,Qwen3.6-35B-A3B-FP8-without-reasoning,0_easy_7obj_fi,instance_00004,Valid Moves,9
635,clean_up,Qwen3.6-35B-A3B-FP8-without-reasoning,0_easy_7obj_fi,instance_00004,Invalid Moves,14
636,clean_up,Qwen3.6-35B-A3B-FP8-without-reasoning,0_easy_7obj_fi,instance_00004,Parse Errors,4
637,clean_up,Qwen3.6-35B-A3B-FP8-without-reasoning,0_easy_7obj_fi,instance_00004,Main Score,24.946760985513492
638,clean_up,Qwen3.6-35B-A3B-FP8-without-reasoning,0_easy_7obj_fi,instance_00001,Request Count,32
639,clean_up,Qwen3.6-35B-A3B-FP8-without-reasoning,0_easy_7obj_fi,instance_00001,Parsed Request Count,31
640,clean_up,Qwen3.6-35B-A3B-FP8-without-reasoning,0_easy_7obj_fi,instance_00001,Violated Request Count,1
641,clean_up,Qwen3.6-35B-A3B-FP8-without-reasoning,0_easy_7obj_fi,instance_00001,Request Success Ratio,0.96875
642,clean_up,Qwen3.6-35B-A3B-FP8-without-reasoning,0_easy_7obj_fi,instance_00001,Aborted,0
643,clean_up,Qwen3.6-35B-A3B-FP8-without-reasoning,0_easy_7obj_fi,instance_00001,Lose,0
644,clean_up,Qwen3.6-35B-A3B-FP8-without-reasoning,0_easy_7obj_fi,instance_00001,Success,1
645,clean_up,Qwen3.6-35B-A3B-FP8-without-reasoning,0_easy_7obj_fi,instance_00001,Distance Score,1.0
646,clean_up,Qwen3.6-35B-A3B-FP8-without-reasoning,0_easy_7obj_fi,instance_00001,Consistency Score,1.0
647,clean_up,Qwen3.6-35B-A3B-FP8-without-reasoning,0_easy_7obj_fi,instance_00001,Coverage Score,1.0
648,clean_up,Qwen3.6-35B-A3B-FP8-without-reasoning,0_easy_7obj_fi,instance_00001,Penalty Score,0.6578947368421053
649,clean_up,Qwen3.6-35B-A3B-FP8-without-reasoning,0_easy_7obj_fi,instance_00001,Moves,"[['Player 2', 'P'], ['Player 1', 'P'], ['Player 2', 'O'], ['Player 1', 'O'], ['Player 2', 'T'], ['Player 1', 'T'], ['Player 2', 'S'], ['Player 1', 'S'], ['Player 2', 'D'], ['Player 1', 'D'], ['Player 2', 'A'], ['Player 1', 'A'], ['Player 2', 'M'], ['Player 1', 'M']]"
650,clean_up,Qwen3.6-35B-A3B-FP8-without-reasoning,0_easy_7obj_fi,instance_00001,Init States,"{'state_1': [{'id': 'P', 'coord': [1, 2]}, {'id': 'O', 'coord': [1, 5]}, {'id': 'T', 'coord': [6, 1]}, {'id': 'S', 'coord': [7, 4]}, {'id': 'D', 'coord': [4, 3]}, {'id': 'A', 'coord': [3, 3]}, {'id': 'M', 'coord': [2, 7]}], 'state_2': [{'id': 'P', 'coord': [5, 7]}, {'id': 'O', 'coord': [5, 2]}, {'id': 'T', 'coord': [3, 7]}, {'id': 'S', 'coord': [6, 1]}, {'id': 'D', 'coord': [1, 7]}, {'id': 'A', 'coord': [3, 4]}, {'id': 'M', 'coord': [4, 3]}]}"
651,clean_up,Qwen3.6-35B-A3B-FP8-without-reasoning,0_easy_7obj_fi,instance_00001,End States,"{'state_1': [{'id': 'P', 'coord': [1, 1]}, {'id': 'O', 'coord': [1, 2]}, {'id': 'T', 'coord': [1, 3]}, {'id': 'S', 'coord': [1, 4]}, {'id': 'D', 'coord': [1, 5]}, {'id': 'A', 'coord': [7, 6]}, {'id': 'M', 'coord': [1, 7]}], 'state_2': [{'id': 'P', 'coord': [1, 1]}, {'id': 'O', 'coord': [1, 2]}, {'id': 'T', 'coord': [1, 3]}, {'id': 'S', 'coord': [1, 4]}, {'id': 'D', 'coord': [1, 5]}, {'id': 'A', 'coord': [7, 6]}, {'id': 'M', 'coord': [1, 7]}]}"
652,clean_up,Qwen3.6-35B-A3B-FP8-without-reasoning,0_easy_7obj_fi,instance_00001,Shifts,6
653,clean_up,Qwen3.6-35B-A3B-FP8-without-reasoning,0_easy_7obj_fi,instance_00001,Max Shifts,12
654,clean_up,Qwen3.6-35B-A3B-FP8-without-reasoning,0_easy_7obj_fi,instance_00001,Min Shifts,6
655,clean_up,Qwen3.6-35B-A3B-FP8-without-reasoning,0_easy_7obj_fi,instance_00001,End Distance Sum,0.0
656,clean_up,Qwen3.6-35B-A3B-FP8-without-reasoning,0_easy_7obj_fi,instance_00001,Init Distance Sum,31.745741785100176
657,clean_up,Qwen3.6-35B-A3B-FP8-without-reasoning,0_easy_7obj_fi,instance_00001,Expected Distance Sum,29.331836849219748
658,clean_up,Qwen3.6-35B-A3B-FP8-without-reasoning,0_easy_7obj_fi,instance_00001,Penalties,13
659,clean_up,Qwen3.6-35B-A3B-FP8-without-reasoning,0_easy_7obj_fi,instance_00001,Max Penalties,16
660,clean_up,Qwen3.6-35B-A3B-FP8-without-reasoning,0_easy_7obj_fi,instance_00001,Rounds,9
661,clean_up,Qwen3.6-35B-A3B-FP8-without-reasoning,0_easy_7obj_fi,instance_00001,Max Rounds,28
662,clean_up,Qwen3.6-35B-A3B-FP8-without-reasoning,0_easy_7obj_fi,instance_00001,Object Count,7
663,clean_up,Qwen3.6-35B-A3B-FP8-without-reasoning,0_easy_7obj_fi,instance_00001,Valid Moves,14
664,clean_up,Qwen3.6-35B-A3B-FP8-without-reasoning,0_easy_7obj_fi,instance_00001,Invalid Moves,12
665,clean_up,Qwen3.6-35B-A3B-FP8-without-reasoning,0_easy_7obj_fi,instance_00001,Parse Errors,2
666,clean_up,Qwen3.6-35B-A3B-FP8-without-reasoning,0_easy_7obj_fi,instance_00001,Main Score,65.78947368421053
667,clean_up,Qwen3.6-35B-A3B-FP8-without-reasoning,0_easy_7obj_fi,instance_00000,Request Count,52
668,clean_up,Qwen3.6-35B-A3B-FP8-without-reasoning,0_easy_7obj_fi,instance_00000,Parsed Request Count,49
669,clean_up,Qwen3.6-35B-A3B-FP8-without-reasoning,0_easy_7obj_fi,instance_00000,Violated Request Count,3
670,clean_up,Qwen3.6-35B-A3B-FP8-without-reasoning,0_easy_7obj_fi,instance_00000,Request Success Ratio,0.9423076923076923
671,clean_up,Qwen3.6-35B-A3B-FP8-without-reasoning,0_easy_7obj_fi,instance_00000,Aborted,0
672,clean_up,Qwen3.6-35B-A3B-FP8-without-reasoning,0_easy_7obj_fi,instance_00000,Lose,0
673,clean_up,Qwen3.6-35B-A3B-FP8-without-reasoning,0_easy_7obj_fi,instance_00000,Success,1
674,clean_up,Qwen3.6-35B-A3B-FP8-without-reasoning,0_easy_7obj_fi,instance_00000,Distance Score,0.7017328187394201
675,clean_up,Qwen3.6-35B-A3B-FP8-without-reasoning,0_easy_7obj_fi,instance_00000,Consistency Score,0.0
676,clean_up,Qwen3.6-35B-A3B-FP8-without-reasoning,0_easy_7obj_fi,instance_00000,Coverage Score,0.546875
677,clean_up,Qwen3.6-35B-A3B-FP8-without-reasoning,0_easy_7obj_fi,instance_00000,Penalty Score,0.3571428571428572
678,clean_up,Qwen3.6-35B-A3B-FP8-without-reasoning,0_easy_7obj_fi,instance_00000,Moves,"[['Player 2', 'A'], ['Player 1', 'D'], ['Player 1', 'M'], ['Player 2', 'A'], ['Player 1', 'O'], ['Player 2', 'S'], ['Player 1', 'P'], ['Player 2', 'M'], ['Player 1', 'A'], ['Player 2', 'O'], ['Player 1', 'S'], ['Player 2', 'O'], ['Player 1', 'A'], ['Player 2', 'O']]"
679,clean_up,Qwen3.6-35B-A3B-FP8-without-reasoning,0_easy_7obj_fi,instance_00000,Init States,"{'state_1': [{'id': 'P', 'coord': [4, 5]}, {'id': 'O', 'coord': [7, 4]}, {'id': 'T', 'coord': [5, 1]}, {'id': 'S', 'coord': [1, 7]}, {'id': 'D', 'coord': [4, 1]}, {'id': 'A', 'coord': [7, 7]}, {'id': 'M', 'coord': [1, 5]}], 'state_2': [{'id': 'P', 'coord': [2, 6]}, {'id': 'O', 'coord': [3, 7]}, {'id': 'T', 'coord': [4, 1]}, {'id': 'S', 'coord': [7, 4]}, {'id': 'D', 'coord': [5, 7]}, {'id': 'A', 'coord': [1, 3]}, {'id': 'M', 'coord': [3, 3]}]}"
680,clean_up,Qwen3.6-35B-A3B-FP8-without-reasoning,0_easy_7obj_fi,instance_00000,End States,"{'state_1': [{'id': 'P', 'coord': [2, 6]}, {'id': 'O', 'coord': [3, 7]}, {'id': 'T', 'coord': [5, 1]}, {'id': 'S', 'coord': [2, 7]}, {'id': 'D', 'coord': [5, 7]}, {'id': 'A', 'coord': [7, 7]}, {'id': 'M', 'coord': [3, 5]}], 'state_2': [{'id': 'P', 'coord': [2, 6]}, {'id': 'O', 'coord': [6, 3]}, {'id': 'T', 'coord': [4, 1]}, {'id': 'S', 'coord': [1, 7]}, {'id': 'D', 'coord': [5, 7]}, {'id': 'A', 'coord': [7, 7]}, {'id': 'M', 'coord': [1, 5]}]}"
681,clean_up,Qwen3.6-35B-A3B-FP8-without-reasoning,0_easy_7obj_fi,instance_00000,Shifts,13
682,clean_up,Qwen3.6-35B-A3B-FP8-without-reasoning,0_easy_7obj_fi,instance_00000,Max Shifts,12
683,clean_up,Qwen3.6-35B-A3B-FP8-without-reasoning,0_easy_7obj_fi,instance_00000,Min Shifts,6
684,clean_up,Qwen3.6-35B-A3B-FP8-without-reasoning,0_easy_7obj_fi,instance_00000,End Distance Sum,9.0
685,clean_up,Qwen3.6-35B-A3B-FP8-without-reasoning,0_easy_7obj_fi,instance_00000,Init Distance Sum,31.06656411597155
686,clean_up,Qwen3.6-35B-A3B-FP8-without-reasoning,0_easy_7obj_fi,instance_00000,Expected Distance Sum,29.331836849219748
687,clean_up,Qwen3.6-35B-A3B-FP8-without-reasoning,0_easy_7obj_fi,instance_00000,Penalties,18
688,clean_up,Qwen3.6-35B-A3B-FP8-without-reasoning,0_easy_7obj_fi,instance_00000,Max Penalties,16
689,clean_up,Qwen3.6-35B-A3B-FP8-without-reasoning,0_easy_7obj_fi,instance_00000,Rounds,17
690,clean_up,Qwen3.6-35B-A3B-FP8-without-reasoning,0_easy_7obj_fi,instance_00000,Max Rounds,28
691,clean_up,Qwen3.6-35B-A3B-FP8-without-reasoning,0_easy_7obj_fi,instance_00000,Object Count,7
692,clean_up,Qwen3.6-35B-A3B-FP8-without-reasoning,0_easy_7obj_fi,instance_00000,Valid Moves,14
693,clean_up,Qwen3.6-35B-A3B-FP8-without-reasoning,0_easy_7obj_fi,instance_00000,Invalid Moves,15
694,clean_up,Qwen3.6-35B-A3B-FP8-without-reasoning,0_easy_7obj_fi,instance_00000,Parse Errors,6
695,clean_up,Qwen3.6-35B-A3B-FP8-without-reasoning,0_easy_7obj_fi,instance_00000,Main Score,25.061886383550718
696,clean_up,Qwen3.6-35B-A3B-FP8-without-reasoning,0_easy_5obj_fi,instance_00002,Request Count,24
697,clean_up,Qwen3.6-35B-A3B-FP8-without-reasoning,0_easy_5obj_fi,instance_00002,Parsed Request Count,24
698,clean_up,Qwen3.6-35B-A3B-FP8-without-reasoning,0_easy_5obj_fi,instance_00002,Violated Request Count,0
699,clean_up,Qwen3.6-35B-A3B-FP8-without-reasoning,0_easy_5obj_fi,instance_00002,Request Success Ratio,1.0
700,clean_up,Qwen3.6-35B-A3B-FP8-without-reasoning,0_easy_5obj_fi,instance_00002,Aborted,0
701,clean_up,Qwen3.6-35B-A3B-FP8-without-reasoning,0_easy_5obj_fi,instance_00002,Lose,0
702,clean_up,Qwen3.6-35B-A3B-FP8-without-reasoning,0_easy_5obj_fi,instance_00002,Success,1
703,clean_up,Qwen3.6-35B-A3B-FP8-without-reasoning,0_easy_5obj_fi,instance_00002,Distance Score,0.8383898799726273
704,clean_up,Qwen3.6-35B-A3B-FP8-without-reasoning,0_easy_5obj_fi,instance_00002,Consistency Score,1.0
705,clean_up,Qwen3.6-35B-A3B-FP8-without-reasoning,0_easy_5obj_fi,instance_00002,Coverage Score,1.0
706,clean_up,Qwen3.6-35B-A3B-FP8-without-reasoning,0_easy_5obj_fi,instance_00002,Penalty Score,0.7
707,clean_up,Qwen3.6-35B-A3B-FP8-without-reasoning,0_easy_5obj_fi,instance_00002,Moves,"[['Player 2', 'T'], ['Player 1', 'T'], ['Player 2', 'W'], ['Player 1', 'W'], ['Player 2', 'C'], ['Player 1', 'C'], ['Player 2', 'H'], ['Player 1', 'H'], ['Player 2', 'I'], ['Player 1', 'I']]"
708,clean_up,Qwen3.6-35B-A3B-FP8-without-reasoning,0_easy_5obj_fi,instance_00002,Init States,"{'state_1': [{'id': 'W', 'coord': [3, 3]}, {'id': 'I', 'coord': [4, 6]}, {'id': 'T', 'coord': [2, 3]}, {'id': 'C', 'coord': [1, 5]}, {'id': 'H', 'coord': [7, 4]}], 'state_2': [{'id': 'W', 'coord': [2, 6]}, {'id': 'I', 'coord': [1, 5]}, {'id': 'T', 'coord': [5, 1]}, {'id': 'C', 'coord': [7, 6]}, {'id': 'H', 'coord': [6, 1]}]}"
709,clean_up,Qwen3.6-35B-A3B-FP8-without-reasoning,0_easy_5obj_fi,instance_00002,End States,"{'state_1': [{'id': 'W', 'coord': [1, 2]}, {'id': 'I', 'coord': [1, 5]}, {'id': 'T', 'coord': [1, 1]}, {'id': 'C', 'coord': [1, 3]}, {'id': 'H', 'coord': [2, 5]}], 'state_2': [{'id': 'W', 'coord': [1, 2]}, {'id': 'I', 'coord': [2, 5]}, {'id': 'T', 'coord': [1, 1]}, {'id': 'C', 'coord': [1, 3]}, {'id': 'H', 'coord': [4, 4]}]}"
710,clean_up,Qwen3.6-35B-A3B-FP8-without-reasoning,0_easy_5obj_fi,instance_00002,Shifts,4
711,clean_up,Qwen3.6-35B-A3B-FP8-without-reasoning,0_easy_5obj_fi,instance_00002,Max Shifts,8
712,clean_up,Qwen3.6-35B-A3B-FP8-without-reasoning,0_easy_5obj_fi,instance_00002,Min Shifts,4
713,clean_up,Qwen3.6-35B-A3B-FP8-without-reasoning,0_easy_5obj_fi,instance_00002,End Distance Sum,3.23606797749979
714,clean_up,Qwen3.6-35B-A3B-FP8-without-reasoning,0_easy_5obj_fi,instance_00002,Init Distance Sum,19.175146786267344
715,clean_up,Qwen3.6-35B-A3B-FP8-without-reasoning,0_easy_5obj_fi,instance_00002,Expected Distance Sum,20.95131203515696
716,clean_up,Qwen3.6-35B-A3B-FP8-without-reasoning,0_easy_5obj_fi,instance_00002,Penalties,9
717,clean_up,Qwen3.6-35B-A3B-FP8-without-reasoning,0_easy_5obj_fi,instance_00002,Max Penalties,12
718,clean_up,Qwen3.6-35B-A3B-FP8-without-reasoning,0_easy_5obj_fi,instance_00002,Rounds,7
719,clean_up,Qwen3.6-35B-A3B-FP8-without-reasoning,0_easy_5obj_fi,instance_00002,Max Rounds,20
720,clean_up,Qwen3.6-35B-A3B-FP8-without-reasoning,0_easy_5obj_fi,instance_00002,Object Count,5
721,clean_up,Qwen3.6-35B-A3B-FP8-without-reasoning,0_easy_5obj_fi,instance_00002,Valid Moves,10
722,clean_up,Qwen3.6-35B-A3B-FP8-without-reasoning,0_easy_5obj_fi,instance_00002,Invalid Moves,9
723,clean_up,Qwen3.6-35B-A3B-FP8-without-reasoning,0_easy_5obj_fi,instance_00002,Parse Errors,0
724,clean_up,Qwen3.6-35B-A3B-FP8-without-reasoning,0_easy_5obj_fi,instance_00002,Main Score,58.6872915980839
725,clean_up,Qwen3.6-35B-A3B-FP8-without-reasoning,0_easy_5obj_fi,instance_00003,Request Count,35
726,clean_up,Qwen3.6-35B-A3B-FP8-without-reasoning,0_easy_5obj_fi,instance_00003,Parsed Request Count,33
727,clean_up,Qwen3.6-35B-A3B-FP8-without-reasoning,0_easy_5obj_fi,instance_00003,Violated Request Count,2
728,clean_up,Qwen3.6-35B-A3B-FP8-without-reasoning,0_easy_5obj_fi,instance_00003,Request Success Ratio,0.9428571428571428
729,clean_up,Qwen3.6-35B-A3B-FP8-without-reasoning,0_easy_5obj_fi,instance_00003,Aborted,0
730,clean_up,Qwen3.6-35B-A3B-FP8-without-reasoning,0_easy_5obj_fi,instance_00003,Lose,0
731,clean_up,Qwen3.6-35B-A3B-FP8-without-reasoning,0_easy_5obj_fi,instance_00003,Success,1
732,clean_up,Qwen3.6-35B-A3B-FP8-without-reasoning,0_easy_5obj_fi,instance_00003,Distance Score,0.8201978969503898
733,clean_up,Qwen3.6-35B-A3B-FP8-without-reasoning,0_easy_5obj_fi,instance_00003,Consistency Score,-0.19999999999999996
734,clean_up,Qwen3.6-35B-A3B-FP8-without-reasoning,0_easy_5obj_fi,instance_00003,Coverage Score,0.8333333333333334
735,clean_up,Qwen3.6-35B-A3B-FP8-without-reasoning,0_easy_5obj_fi,instance_00003,Penalty Score,0.7
736,clean_up,Qwen3.6-35B-A3B-FP8-without-reasoning,0_easy_5obj_fi,instance_00003,Moves,"[['Player 2', 'H'], ['Player 1', 'C'], ['Player 2', 'W'], ['Player 1', 'T'], ['Player 2', 'T'], ['Player 1', 'I'], ['Player 2', 'I'], ['Player 1', 'W'], ['Player 2', 'C'], ['Player 2', 'T'], ['Player 2', 'I'], ['Player 1', 'T'], ['Player 2', 'T'], ['Player 1', 'I']]"
737,clean_up,Qwen3.6-35B-A3B-FP8-without-reasoning,0_easy_5obj_fi,instance_00003,Init States,"{'state_1': [{'id': 'W', 'coord': [2, 2]}, {'id': 'I', 'coord': [6, 4]}, {'id': 'T', 'coord': [1, 4]}, {'id': 'C', 'coord': [2, 3]}, {'id': 'H', 'coord': [1, 1]}], 'state_2': [{'id': 'W', 'coord': [1, 4]}, {'id': 'I', 'coord': [1, 7]}, {'id': 'T', 'coord': [4, 1]}, {'id': 'C', 'coord': [7, 7]}, {'id': 'H', 'coord': [1, 6]}]}"
738,clean_up,Qwen3.6-35B-A3B-FP8-without-reasoning,0_easy_5obj_fi,instance_00003,End States,"{'state_1': [{'id': 'W', 'coord': [1, 2]}, {'id': 'I', 'coord': [2, 2]}, {'id': 'T', 'coord': [2, 1]}, {'id': 'C', 'coord': [1, 3]}, {'id': 'H', 'coord': [1, 1]}], 'state_2': [{'id': 'W', 'coord': [1, 2]}, {'id': 'I', 'coord': [2, 2]}, {'id': 'T', 'coord': [2, 1]}, {'id': 'C', 'coord': [1, 7]}, {'id': 'H', 'coord': [1, 1]}]}"
739,clean_up,Qwen3.6-35B-A3B-FP8-without-reasoning,0_easy_5obj_fi,instance_00003,Shifts,10
740,clean_up,Qwen3.6-35B-A3B-FP8-without-reasoning,0_easy_5obj_fi,instance_00003,Max Shifts,8
741,clean_up,Qwen3.6-35B-A3B-FP8-without-reasoning,0_easy_5obj_fi,instance_00003,Min Shifts,4
742,clean_up,Qwen3.6-35B-A3B-FP8-without-reasoning,0_easy_5obj_fi,instance_00003,End Distance Sum,4.0
743,clean_up,Qwen3.6-35B-A3B-FP8-without-reasoning,0_easy_5obj_fi,instance_00003,Init Distance Sum,23.712784796897225
744,clean_up,Qwen3.6-35B-A3B-FP8-without-reasoning,0_easy_5obj_fi,instance_00003,Expected Distance Sum,20.95131203515696
745,clean_up,Qwen3.6-35B-A3B-FP8-without-reasoning,0_easy_5obj_fi,instance_00003,Penalties,9
746,clean_up,Qwen3.6-35B-A3B-FP8-without-reasoning,0_easy_5obj_fi,instance_00003,Max Penalties,12
747,clean_up,Qwen3.6-35B-A3B-FP8-without-reasoning,0_easy_5obj_fi,instance_00003,Rounds,13
748,clean_up,Qwen3.6-35B-A3B-FP8-without-reasoning,0_easy_5obj_fi,instance_00003,Max Rounds,20
749,clean_up,Qwen3.6-35B-A3B-FP8-without-reasoning,0_easy_5obj_fi,instance_00003,Object Count,5
750,clean_up,Qwen3.6-35B-A3B-FP8-without-reasoning,0_easy_5obj_fi,instance_00003,Valid Moves,14
751,clean_up,Qwen3.6-35B-A3B-FP8-without-reasoning,0_easy_5obj_fi,instance_00003,Invalid Moves,7
752,clean_up,Qwen3.6-35B-A3B-FP8-without-reasoning,0_easy_5obj_fi,instance_00003,Parse Errors,4
753,clean_up,Qwen3.6-35B-A3B-FP8-without-reasoning,0_easy_5obj_fi,instance_00003,Main Score,57.413852786527286
754,clean_up,Qwen3.6-35B-A3B-FP8-without-reasoning,0_easy_5obj_fi,instance_00004,Request Count,11
755,clean_up,Qwen3.6-35B-A3B-FP8-without-reasoning,0_easy_5obj_fi,instance_00004,Parsed Request Count,9
756,clean_up,Qwen3.6-35B-A3B-FP8-without-reasoning,0_easy_5obj_fi,instance_00004,Violated Request Count,2
757,clean_up,Qwen3.6-35B-A3B-FP8-without-reasoning,0_easy_5obj_fi,instance_00004,Request Success Ratio,0.8181818181818182
758,clean_up,Qwen3.6-35B-A3B-FP8-without-reasoning,0_easy_5obj_fi,instance_00004,Aborted,0
759,clean_up,Qwen3.6-35B-A3B-FP8-without-reasoning,0_easy_5obj_fi,instance_00004,Lose,1
760,clean_up,Qwen3.6-35B-A3B-FP8-without-reasoning,0_easy_5obj_fi,instance_00004,Success,1
761,clean_up,Qwen3.6-35B-A3B-FP8-without-reasoning,0_easy_5obj_fi,instance_00004,Distance Score,0
762,clean_up,Qwen3.6-35B-A3B-FP8-without-reasoning,0_easy_5obj_fi,instance_00004,Coverage Score,0.08333333333333333
763,clean_up,Qwen3.6-35B-A3B-FP8-without-reasoning,0_easy_5obj_fi,instance_00004,Penalty Score,0.9545454545454545
764,clean_up,Qwen3.6-35B-A3B-FP8-without-reasoning,0_easy_5obj_fi,instance_00004,Moves,"[['Player 1', 'W'], ['Player 1', 'I']]"
765,clean_up,Qwen3.6-35B-A3B-FP8-without-reasoning,0_easy_5obj_fi,instance_00004,Init States,"{'state_1': [{'id': 'W', 'coord': [4, 4]}, {'id': 'I', 'coord': [3, 2]}, {'id': 'T', 'coord': [7, 7]}, {'id': 'C', 'coord': [1, 3]}, {'id': 'H', 'coord': [1, 4]}], 'state_2': [{'id': 'W', 'coord': [1, 7]}, {'id': 'I', 'coord': [1, 3]}, {'id': 'T', 'coord': [5, 4]}, {'id': 'C', 'coord': [5, 3]}, {'id': 'H', 'coord': [6, 2]}]}"
766,clean_up,Qwen3.6-35B-A3B-FP8-without-reasoning,0_easy_5obj_fi,instance_00004,End States,"{'state_1': [{'id': 'W', 'coord': [7, 1]}, {'id': 'I', 'coord': [3, 1]}, {'id': 'T', 'coord': [7, 7]}, {'id': 'C', 'coord': [1, 3]}, {'id': 'H', 'coord': [1, 4]}], 'state_2': [{'id': 'W', 'coord': [1, 7]}, {'id': 'I', 'coord': [1, 3]}, {'id': 'T', 'coord': [5, 4]}, {'id': 'C', 'coord': [5, 3]}, {'id': 'H', 'coord': [6, 2]}]}"
767,clean_up,Qwen3.6-35B-A3B-FP8-without-reasoning,0_easy_5obj_fi,instance_00004,Shifts,1
768,clean_up,Qwen3.6-35B-A3B-FP8-without-reasoning,0_easy_5obj_fi,instance_00004,Max Shifts,8
769,clean_up,Qwen3.6-35B-A3B-FP8-without-reasoning,0_easy_5obj_fi,instance_00004,Min Shifts,4
770,clean_up,Qwen3.6-35B-A3B-FP8-without-reasoning,0_easy_5obj_fi,instance_00004,End Distance Sum,24.304424581583252
771,clean_up,Qwen3.6-35B-A3B-FP8-without-reasoning,0_easy_5obj_fi,instance_00004,Init Distance Sum,19.469424747217566
772,clean_up,Qwen3.6-35B-A3B-FP8-without-reasoning,0_easy_5obj_fi,instance_00004,Expected Distance Sum,20.95131203515696
773,clean_up,Qwen3.6-35B-A3B-FP8-without-reasoning,0_easy_5obj_fi,instance_00004,Penalties,2
774,clean_up,Qwen3.6-35B-A3B-FP8-without-reasoning,0_easy_5obj_fi,instance_00004,Max Penalties,12
775,clean_up,Qwen3.6-35B-A3B-FP8-without-reasoning,0_easy_5obj_fi,instance_00004,Rounds,4
776,clean_up,Qwen3.6-35B-A3B-FP8-without-reasoning,0_easy_5obj_fi,instance_00004,Max Rounds,20
777,clean_up,Qwen3.6-35B-A3B-FP8-without-reasoning,0_easy_5obj_fi,instance_00004,Object Count,5
778,clean_up,Qwen3.6-35B-A3B-FP8-without-reasoning,0_easy_5obj_fi,instance_00004,Valid Moves,2
779,clean_up,Qwen3.6-35B-A3B-FP8-without-reasoning,0_easy_5obj_fi,instance_00004,Invalid Moves,0
780,clean_up,Qwen3.6-35B-A3B-FP8-without-reasoning,0_easy_5obj_fi,instance_00004,Parse Errors,4
781,clean_up,Qwen3.6-35B-A3B-FP8-without-reasoning,0_easy_5obj_fi,instance_00004,Main Score,0.0
782,clean_up,Qwen3.6-35B-A3B-FP8-without-reasoning,0_easy_5obj_fi,instance_00001,Request Count,25
783,clean_up,Qwen3.6-35B-A3B-FP8-without-reasoning,0_easy_5obj_fi,instance_00001,Parsed Request Count,24
784,clean_up,Qwen3.6-35B-A3B-FP8-without-reasoning,0_easy_5obj_fi,instance_00001,Violated Request Count,1
785,clean_up,Qwen3.6-35B-A3B-FP8-without-reasoning,0_easy_5obj_fi,instance_00001,Request Success Ratio,0.96
786,clean_up,Qwen3.6-35B-A3B-FP8-without-reasoning,0_easy_5obj_fi,instance_00001,Aborted,0
787,clean_up,Qwen3.6-35B-A3B-FP8-without-reasoning,0_easy_5obj_fi,instance_00001,Lose,0
788,clean_up,Qwen3.6-35B-A3B-FP8-without-reasoning,0_easy_5obj_fi,instance_00001,Success,1
789,clean_up,Qwen3.6-35B-A3B-FP8-without-reasoning,0_easy_5obj_fi,instance_00001,Distance Score,0.6764020991013229
790,clean_up,Qwen3.6-35B-A3B-FP8-without-reasoning,0_easy_5obj_fi,instance_00001,Coverage Score,0.5555555555555556
791,clean_up,Qwen3.6-35B-A3B-FP8-without-reasoning,0_easy_5obj_fi,instance_00001,Penalty Score,0.5
792,clean_up,Qwen3.6-35B-A3B-FP8-without-reasoning,0_easy_5obj_fi,instance_00001,Moves,"[['Player 1', 'W'], ['Player 2', 'W'], ['Player 1', 'C'], ['Player 2', 'C'], ['Player 1', 'H'], ['Player 2', 'H'], ['Player 1', 'I']]"
793,clean_up,Qwen3.6-35B-A3B-FP8-without-reasoning,0_easy_5obj_fi,instance_00001,Init States,"{'state_1': [{'id': 'W', 'coord': [3, 2]}, {'id': 'I', 'coord': [3, 5]}, {'id': 'T', 'coord': [3, 7]}, {'id': 'C', 'coord': [2, 3]}, {'id': 'H', 'coord': [4, 2]}], 'state_2': [{'id': 'W', 'coord': [2, 3]}, {'id': 'I', 'coord': [5, 5]}, {'id': 'T', 'coord': [1, 5]}, {'id': 'C', 'coord': [3, 3]}, {'id': 'H', 'coord': [3, 2]}]}"
794,clean_up,Qwen3.6-35B-A3B-FP8-without-reasoning,0_easy_5obj_fi,instance_00001,End States,"{'state_1': [{'id': 'W', 'coord': [4, 1]}, {'id': 'I', 'coord': [5, 5]}, {'id': 'T', 'coord': [3, 7]}, {'id': 'C', 'coord': [4, 3]}, {'id': 'H', 'coord': [5, 3]}], 'state_2': [{'id': 'W', 'coord': [4, 2]}, {'id': 'I', 'coord': [5, 5]}, {'id': 'T', 'coord': [1, 5]}, {'id': 'C', 'coord': [4, 3]}, {'id': 'H', 'coord': [5, 3]}]}"
795,clean_up,Qwen3.6-35B-A3B-FP8-without-reasoning,0_easy_5obj_fi,instance_00001,Shifts,3
796,clean_up,Qwen3.6-35B-A3B-FP8-without-reasoning,0_easy_5obj_fi,instance_00001,Max Shifts,8
797,clean_up,Qwen3.6-35B-A3B-FP8-without-reasoning,0_easy_5obj_fi,instance_00001,Min Shifts,4
798,clean_up,Qwen3.6-35B-A3B-FP8-without-reasoning,0_easy_5obj_fi,instance_00001,End Distance Sum,3.8284271247461903
799,clean_up,Qwen3.6-35B-A3B-FP8-without-reasoning,0_easy_5obj_fi,instance_00001,Init Distance Sum,8.242640687119286
800,clean_up,Qwen3.6-35B-A3B-FP8-without-reasoning,0_easy_5obj_fi,instance_00001,Expected Distance Sum,20.95131203515696
801,clean_up,Qwen3.6-35B-A3B-FP8-without-reasoning,0_easy_5obj_fi,instance_00001,Penalties,12
802,clean_up,Qwen3.6-35B-A3B-FP8-without-reasoning,0_easy_5obj_fi,instance_00001,Max Penalties,12
803,clean_up,Qwen3.6-35B-A3B-FP8-without-reasoning,0_easy_5obj_fi,instance_00001,Rounds,6
804,clean_up,Qwen3.6-35B-A3B-FP8-without-reasoning,0_easy_5obj_fi,instance_00001,Max Rounds,20
805,clean_up,Qwen3.6-35B-A3B-FP8-without-reasoning,0_easy_5obj_fi,instance_00001,Object Count,5
806,clean_up,Qwen3.6-35B-A3B-FP8-without-reasoning,0_easy_5obj_fi,instance_00001,Valid Moves,7
807,clean_up,Qwen3.6-35B-A3B-FP8-without-reasoning,0_easy_5obj_fi,instance_00001,Invalid Moves,11
808,clean_up,Qwen3.6-35B-A3B-FP8-without-reasoning,0_easy_5obj_fi,instance_00001,Parse Errors,2
809,clean_up,Qwen3.6-35B-A3B-FP8-without-reasoning,0_easy_5obj_fi,instance_00001,Main Score,33.82010495506614
810,clean_up,Qwen3.6-35B-A3B-FP8-without-reasoning,0_easy_5obj_fi,instance_00000,Request Count,31
811,clean_up,Qwen3.6-35B-A3B-FP8-without-reasoning,0_easy_5obj_fi,instance_00000,Parsed Request Count,29
812,clean_up,Qwen3.6-35B-A3B-FP8-without-reasoning,0_easy_5obj_fi,instance_00000,Violated Request Count,2
813,clean_up,Qwen3.6-35B-A3B-FP8-without-reasoning,0_easy_5obj_fi,instance_00000,Request Success Ratio,0.9354838709677419
814,clean_up,Qwen3.6-35B-A3B-FP8-without-reasoning,0_easy_5obj_fi,instance_00000,Aborted,0
815,clean_up,Qwen3.6-35B-A3B-FP8-without-reasoning,0_easy_5obj_fi,instance_00000,Lose,0
816,clean_up,Qwen3.6-35B-A3B-FP8-without-reasoning,0_easy_5obj_fi,instance_00000,Success,1
817,clean_up,Qwen3.6-35B-A3B-FP8-without-reasoning,0_easy_5obj_fi,instance_00000,Distance Score,0.8988289385571603
818,clean_up,Qwen3.6-35B-A3B-FP8-without-reasoning,0_easy_5obj_fi,instance_00000,Consistency Score,1.0
819,clean_up,Qwen3.6-35B-A3B-FP8-without-reasoning,0_easy_5obj_fi,instance_00000,Coverage Score,1.0
820,clean_up,Qwen3.6-35B-A3B-FP8-without-reasoning,0_easy_5obj_fi,instance_00000,Penalty Score,0.5769230769230771
821,clean_up,Qwen3.6-35B-A3B-FP8-without-reasoning,0_easy_5obj_fi,instance_00000,Moves,"[['Player 1', 'W'], ['Player 2', 'W'], ['Player 1', 'I'], ['Player 2', 'I'], ['Player 2', 'T'], ['Player 1', 'T'], ['Player 2', 'C'], ['Player 1', 'C'], ['Player 2', 'H'], ['Player 1', 'H']]"
822,clean_up,Qwen3.6-35B-A3B-FP8-without-reasoning,0_easy_5obj_fi,instance_00000,Init States,"{'state_1': [{'id': 'W', 'coord': [2, 7]}, {'id': 'I', 'coord': [6, 5]}, {'id': 'T', 'coord': [5, 7]}, {'id': 'C', 'coord': [1, 6]}, {'id': 'H', 'coord': [6, 4]}], 'state_2': [{'id': 'W', 'coord': [5, 7]}, {'id': 'I', 'coord': [4, 6]}, {'id': 'T', 'coord': [7, 4]}, {'id': 'C', 'coord': [7, 3]}, {'id': 'H', 'coord': [7, 1]}]}"
823,clean_up,Qwen3.6-35B-A3B-FP8-without-reasoning,0_easy_5obj_fi,instance_00000,End States,"{'state_1': [{'id': 'W', 'coord': [1, 1]}, {'id': 'I', 'coord': [3, 1]}, {'id': 'T', 'coord': [3, 3]}, {'id': 'C', 'coord': [4, 5]}, {'id': 'H', 'coord': [5, 5]}], 'state_2': [{'id': 'W', 'coord': [1, 1]}, {'id': 'I', 'coord': [3, 1]}, {'id': 'T', 'coord': [3, 3]}, {'id': 'C', 'coord': [4, 3]}, {'id': 'H', 'coord': [5, 5]}]}"
824,clean_up,Qwen3.6-35B-A3B-FP8-without-reasoning,0_easy_5obj_fi,instance_00000,Shifts,4
825,clean_up,Qwen3.6-35B-A3B-FP8-without-reasoning,0_easy_5obj_fi,instance_00000,Max Shifts,8
826,clean_up,Qwen3.6-35B-A3B-FP8-without-reasoning,0_easy_5obj_fi,instance_00000,Min Shifts,4
827,clean_up,Qwen3.6-35B-A3B-FP8-without-reasoning,0_easy_5obj_fi,instance_00000,End Distance Sum,2.0
828,clean_up,Qwen3.6-35B-A3B-FP8-without-reasoning,0_easy_5obj_fi,instance_00000,Init Distance Sum,18.71210084563153
829,clean_up,Qwen3.6-35B-A3B-FP8-without-reasoning,0_easy_5obj_fi,instance_00000,Expected Distance Sum,20.95131203515696
830,clean_up,Qwen3.6-35B-A3B-FP8-without-reasoning,0_easy_5obj_fi,instance_00000,Penalties,11
831,clean_up,Qwen3.6-35B-A3B-FP8-without-reasoning,0_easy_5obj_fi,instance_00000,Max Penalties,12
832,clean_up,Qwen3.6-35B-A3B-FP8-without-reasoning,0_easy_5obj_fi,instance_00000,Rounds,10
833,clean_up,Qwen3.6-35B-A3B-FP8-without-reasoning,0_easy_5obj_fi,instance_00000,Max Rounds,20
834,clean_up,Qwen3.6-35B-A3B-FP8-without-reasoning,0_easy_5obj_fi,instance_00000,Object Count,5
835,clean_up,Qwen3.6-35B-A3B-FP8-without-reasoning,0_easy_5obj_fi,instance_00000,Valid Moves,10
836,clean_up,Qwen3.6-35B-A3B-FP8-without-reasoning,0_easy_5obj_fi,instance_00000,Invalid Moves,9
837,clean_up,Qwen3.6-35B-A3B-FP8-without-reasoning,0_easy_5obj_fi,instance_00000,Parse Errors,4
838,clean_up,Qwen3.6-35B-A3B-FP8-without-reasoning,0_easy_5obj_fi,instance_00000,Main Score,51.85551568599003
839,clean_up,Qwen3.6-35B-A3B-FP8-without-reasoning,1_medium_3obj_fi,instance_00002,Request Count,17
840,clean_up,Qwen3.6-35B-A3B-FP8-without-reasoning,1_medium_3obj_fi,instance_00002,Parsed Request Count,17
841,clean_up,Qwen3.6-35B-A3B-FP8-without-reasoning,1_medium_3obj_fi,instance_00002,Violated Request Count,0
842,clean_up,Qwen3.6-35B-A3B-FP8-without-reasoning,1_medium_3obj_fi,instance_00002,Request Success Ratio,1.0
843,clean_up,Qwen3.6-35B-A3B-FP8-without-reasoning,1_medium_3obj_fi,instance_00002,Aborted,0
844,clean_up,Qwen3.6-35B-A3B-FP8-without-reasoning,1_medium_3obj_fi,instance_00002,Lose,0
845,clean_up,Qwen3.6-35B-A3B-FP8-without-reasoning,1_medium_3obj_fi,instance_00002,Success,1
846,clean_up,Qwen3.6-35B-A3B-FP8-without-reasoning,1_medium_3obj_fi,instance_00002,Distance Score,0.059185819655709626
847,clean_up,Qwen3.6-35B-A3B-FP8-without-reasoning,1_medium_3obj_fi,instance_00002,Consistency Score,1.0
848,clean_up,Qwen3.6-35B-A3B-FP8-without-reasoning,1_medium_3obj_fi,instance_00002,Coverage Score,0.5625
849,clean_up,Qwen3.6-35B-A3B-FP8-without-reasoning,1_medium_3obj_fi,instance_00002,Penalty Score,0.5
850,clean_up,Qwen3.6-35B-A3B-FP8-without-reasoning,1_medium_3obj_fi,instance_00002,Moves,"[['Player 2', 'C'], ['Player 1', 'C'], ['Player 2', 'L'], ['Player 1', 'P']]"
851,clean_up,Qwen3.6-35B-A3B-FP8-without-reasoning,1_medium_3obj_fi,instance_00002,Init States,"{'state_1': [{'id': 'C', 'coord': [5, 1]}, {'id': 'L', 'coord': [4, 7]}, {'id': 'P', 'coord': [7, 3]}], 'state_2': [{'id': 'C', 'coord': [1, 4]}, {'id': 'L', 'coord': [7, 3]}, {'id': 'P', 'coord': [7, 4]}]}"
852,clean_up,Qwen3.6-35B-A3B-FP8-without-reasoning,1_medium_3obj_fi,instance_00002,End States,"{'state_1': [{'id': 'C', 'coord': [1, 1]}, {'id': 'L', 'coord': [4, 7]}, {'id': 'P', 'coord': [3, 1]}], 'state_2': [{'id': 'C', 'coord': [1, 1]}, {'id': 'L', 'coord': [3, 1]}, {'id': 'P', 'coord': [7, 4]}]}"
853,clean_up,Qwen3.6-35B-A3B-FP8-without-reasoning,1_medium_3obj_fi,instance_00002,Shifts,2
854,clean_up,Qwen3.6-35B-A3B-FP8-without-reasoning,1_medium_3obj_fi,instance_00002,Max Shifts,4
855,clean_up,Qwen3.6-35B-A3B-FP8-without-reasoning,1_medium_3obj_fi,instance_00002,Min Shifts,2
856,clean_up,Qwen3.6-35B-A3B-FP8-without-reasoning,1_medium_3obj_fi,instance_00002,End Distance Sum,11.082762530298218
857,clean_up,Qwen3.6-35B-A3B-FP8-without-reasoning,1_medium_3obj_fi,instance_00002,Init Distance Sum,11.0
858,clean_up,Qwen3.6-35B-A3B-FP8-without-reasoning,1_medium_3obj_fi,instance_00002,Expected Distance Sum,12.570787221094177
859,clean_up,Qwen3.6-35B-A3B-FP8-without-reasoning,1_medium_3obj_fi,instance_00002,Penalties,8
860,clean_up,Qwen3.6-35B-A3B-FP8-without-reasoning,1_medium_3obj_fi,instance_00002,Max Penalties,8
861,clean_up,Qwen3.6-35B-A3B-FP8-without-reasoning,1_medium_3obj_fi,instance_00002,Rounds,4
862,clean_up,Qwen3.6-35B-A3B-FP8-without-reasoning,1_medium_3obj_fi,instance_00002,Max Rounds,12
863,clean_up,Qwen3.6-35B-A3B-FP8-without-reasoning,1_medium_3obj_fi,instance_00002,Object Count,3
864,clean_up,Qwen3.6-35B-A3B-FP8-without-reasoning,1_medium_3obj_fi,instance_00002,Valid Moves,4
865,clean_up,Qwen3.6-35B-A3B-FP8-without-reasoning,1_medium_3obj_fi,instance_00002,Invalid Moves,8
866,clean_up,Qwen3.6-35B-A3B-FP8-without-reasoning,1_medium_3obj_fi,instance_00002,Parse Errors,0
867,clean_up,Qwen3.6-35B-A3B-FP8-without-reasoning,1_medium_3obj_fi,instance_00002,Main Score,2.959290982785481
868,clean_up,Qwen3.6-35B-A3B-FP8-without-reasoning,1_medium_3obj_fi,instance_00003,Request Count,18
869,clean_up,Qwen3.6-35B-A3B-FP8-without-reasoning,1_medium_3obj_fi,instance_00003,Parsed Request Count,17
870,clean_up,Qwen3.6-35B-A3B-FP8-without-reasoning,1_medium_3obj_fi,instance_00003,Violated Request Count,1
871,clean_up,Qwen3.6-35B-A3B-FP8-without-reasoning,1_medium_3obj_fi,instance_00003,Request Success Ratio,0.9444444444444444
872,clean_up,Qwen3.6-35B-A3B-FP8-without-reasoning,1_medium_3obj_fi,instance_00003,Aborted,0
873,clean_up,Qwen3.6-35B-A3B-FP8-without-reasoning,1_medium_3obj_fi,instance_00003,Lose,0
874,clean_up,Qwen3.6-35B-A3B-FP8-without-reasoning,1_medium_3obj_fi,instance_00003,Success,1
875,clean_up,Qwen3.6-35B-A3B-FP8-without-reasoning,1_medium_3obj_fi,instance_00003,Distance Score,1.0
876,clean_up,Qwen3.6-35B-A3B-FP8-without-reasoning,1_medium_3obj_fi,instance_00003,Consistency Score,1.0
877,clean_up,Qwen3.6-35B-A3B-FP8-without-reasoning,1_medium_3obj_fi,instance_00003,Coverage Score,1.0
878,clean_up,Qwen3.6-35B-A3B-FP8-without-reasoning,1_medium_3obj_fi,instance_00003,Penalty Score,0.7727272727272727
879,clean_up,Qwen3.6-35B-A3B-FP8-without-reasoning,1_medium_3obj_fi,instance_00003,Moves,"[['Player 2', 'C'], ['Player 1', 'C'], ['Player 2', 'P'], ['Player 1', 'P'], ['Player 2', 'L'], ['Player 1', 'L']]"
880,clean_up,Qwen3.6-35B-A3B-FP8-without-reasoning,1_medium_3obj_fi,instance_00003,Init States,"{'state_1': [{'id': 'C', 'coord': [6, 1]}, {'id': 'L', 'coord': [1, 4]}, {'id': 'P', 'coord': [6, 2]}], 'state_2': [{'id': 'C', 'coord': [7, 4]}, {'id': 'L', 'coord': [7, 3]}, {'id': 'P', 'coord': [7, 7]}]}"
881,clean_up,Qwen3.6-35B-A3B-FP8-without-reasoning,1_medium_3obj_fi,instance_00003,End States,"{'state_1': [{'id': 'C', 'coord': [1, 1]}, {'id': 'L', 'coord': [4, 1]}, {'id': 'P', 'coord': [3, 1]}], 'state_2': [{'id': 'C', 'coord': [1, 1]}, {'id': 'L', 'coord': [4, 1]}, {'id': 'P', 'coord': [3, 1]}]}"
882,clean_up,Qwen3.6-35B-A3B-FP8-without-reasoning,1_medium_3obj_fi,instance_00003,Shifts,2
883,clean_up,Qwen3.6-35B-A3B-FP8-without-reasoning,1_medium_3obj_fi,instance_00003,Max Shifts,4
884,clean_up,Qwen3.6-35B-A3B-FP8-without-reasoning,1_medium_3obj_fi,instance_00003,Min Shifts,2
885,clean_up,Qwen3.6-35B-A3B-FP8-without-reasoning,1_medium_3obj_fi,instance_00003,End Distance Sum,0.0
886,clean_up,Qwen3.6-35B-A3B-FP8-without-reasoning,1_medium_3obj_fi,instance_00003,Init Distance Sum,14.344059704059383
887,clean_up,Qwen3.6-35B-A3B-FP8-without-reasoning,1_medium_3obj_fi,instance_00003,Expected Distance Sum,12.570787221094177
888,clean_up,Qwen3.6-35B-A3B-FP8-without-reasoning,1_medium_3obj_fi,instance_00003,Penalties,5
889,clean_up,Qwen3.6-35B-A3B-FP8-without-reasoning,1_medium_3obj_fi,instance_00003,Max Penalties,8
890,clean_up,Qwen3.6-35B-A3B-FP8-without-reasoning,1_medium_3obj_fi,instance_00003,Rounds,6
891,clean_up,Qwen3.6-35B-A3B-FP8-without-reasoning,1_medium_3obj_fi,instance_00003,Max Rounds,12
892,clean_up,Qwen3.6-35B-A3B-FP8-without-reasoning,1_medium_3obj_fi,instance_00003,Object Count,3
893,clean_up,Qwen3.6-35B-A3B-FP8-without-reasoning,1_medium_3obj_fi,instance_00003,Valid Moves,6
894,clean_up,Qwen3.6-35B-A3B-FP8-without-reasoning,1_medium_3obj_fi,instance_00003,Invalid Moves,4
895,clean_up,Qwen3.6-35B-A3B-FP8-without-reasoning,1_medium_3obj_fi,instance_00003,Parse Errors,2
896,clean_up,Qwen3.6-35B-A3B-FP8-without-reasoning,1_medium_3obj_fi,instance_00003,Main Score,77.27272727272727
897,clean_up,Qwen3.6-35B-A3B-FP8-without-reasoning,1_medium_3obj_fi,instance_00004,Request Count,15
898,clean_up,Qwen3.6-35B-A3B-FP8-without-reasoning,1_medium_3obj_fi,instance_00004,Parsed Request Count,15
899,clean_up,Qwen3.6-35B-A3B-FP8-without-reasoning,1_medium_3obj_fi,instance_00004,Violated Request Count,0
900,clean_up,Qwen3.6-35B-A3B-FP8-without-reasoning,1_medium_3obj_fi,instance_00004,Request Success Ratio,1.0
901,clean_up,Qwen3.6-35B-A3B-FP8-without-reasoning,1_medium_3obj_fi,instance_00004,Aborted,0
902,clean_up,Qwen3.6-35B-A3B-FP8-without-reasoning,1_medium_3obj_fi,instance_00004,Lose,0
903,clean_up,Qwen3.6-35B-A3B-FP8-without-reasoning,1_medium_3obj_fi,instance_00004,Success,1
904,clean_up,Qwen3.6-35B-A3B-FP8-without-reasoning,1_medium_3obj_fi,instance_00004,Distance Score,1.0
905,clean_up,Qwen3.6-35B-A3B-FP8-without-reasoning,1_medium_3obj_fi,instance_00004,Consistency Score,1.0
906,clean_up,Qwen3.6-35B-A3B-FP8-without-reasoning,1_medium_3obj_fi,instance_00004,Coverage Score,1.0
907,clean_up,Qwen3.6-35B-A3B-FP8-without-reasoning,1_medium_3obj_fi,instance_00004,Penalty Score,0.8333333333333334
908,clean_up,Qwen3.6-35B-A3B-FP8-without-reasoning,1_medium_3obj_fi,instance_00004,Moves,"[['Player 2', 'C'], ['Player 1', 'C'], ['Player 2', 'L'], ['Player 1', 'L'], ['Player 2', 'P'], ['Player 1', 'P']]"
909,clean_up,Qwen3.6-35B-A3B-FP8-without-reasoning,1_medium_3obj_fi,instance_00004,Init States,"{'state_1': [{'id': 'C', 'coord': [3, 4]}, {'id': 'L', 'coord': [2, 6]}, {'id': 'P', 'coord': [6, 7]}], 'state_2': [{'id': 'C', 'coord': [7, 4]}, {'id': 'L', 'coord': [3, 3]}, {'id': 'P', 'coord': [1, 5]}]}"
910,clean_up,Qwen3.6-35B-A3B-FP8-without-reasoning,1_medium_3obj_fi,instance_00004,End States,"{'state_1': [{'id': 'C', 'coord': [1, 1]}, {'id': 'L', 'coord': [3, 2]}, {'id': 'P', 'coord': [1, 3]}], 'state_2': [{'id': 'C', 'coord': [1, 1]}, {'id': 'L', 'coord': [3, 2]}, {'id': 'P', 'coord': [1, 3]}]}"
911,clean_up,Qwen3.6-35B-A3B-FP8-without-reasoning,1_medium_3obj_fi,instance_00004,Shifts,2
912,clean_up,Qwen3.6-35B-A3B-FP8-without-reasoning,1_medium_3obj_fi,instance_00004,Max Shifts,4
913,clean_up,Qwen3.6-35B-A3B-FP8-without-reasoning,1_medium_3obj_fi,instance_00004,Min Shifts,2
914,clean_up,Qwen3.6-35B-A3B-FP8-without-reasoning,1_medium_3obj_fi,instance_00004,End Distance Sum,0.0
915,clean_up,Qwen3.6-35B-A3B-FP8-without-reasoning,1_medium_3obj_fi,instance_00004,Init Distance Sum,12.547442467302883
916,clean_up,Qwen3.6-35B-A3B-FP8-without-reasoning,1_medium_3obj_fi,instance_00004,Expected Distance Sum,12.570787221094177
917,clean_up,Qwen3.6-35B-A3B-FP8-without-reasoning,1_medium_3obj_fi,instance_00004,Penalties,4
918,clean_up,Qwen3.6-35B-A3B-FP8-without-reasoning,1_medium_3obj_fi,instance_00004,Max Penalties,8
919,clean_up,Qwen3.6-35B-A3B-FP8-without-reasoning,1_medium_3obj_fi,instance_00004,Rounds,5
920,clean_up,Qwen3.6-35B-A3B-FP8-without-reasoning,1_medium_3obj_fi,instance_00004,Max Rounds,12
921,clean_up,Qwen3.6-35B-A3B-FP8-without-reasoning,1_medium_3obj_fi,instance_00004,Object Count,3
922,clean_up,Qwen3.6-35B-A3B-FP8-without-reasoning,1_medium_3obj_fi,instance_00004,Valid Moves,6
923,clean_up,Qwen3.6-35B-A3B-FP8-without-reasoning,1_medium_3obj_fi,instance_00004,Invalid Moves,4
924,clean_up,Qwen3.6-35B-A3B-FP8-without-reasoning,1_medium_3obj_fi,instance_00004,Parse Errors,0
925,clean_up,Qwen3.6-35B-A3B-FP8-without-reasoning,1_medium_3obj_fi,instance_00004,Main Score,83.33333333333334
926,clean_up,Qwen3.6-35B-A3B-FP8-without-reasoning,1_medium_3obj_fi,instance_00001,Request Count,15
927,clean_up,Qwen3.6-35B-A3B-FP8-without-reasoning,1_medium_3obj_fi,instance_00001,Parsed Request Count,14
928,clean_up,Qwen3.6-35B-A3B-FP8-without-reasoning,1_medium_3obj_fi,instance_00001,Violated Request Count,1
929,clean_up,Qwen3.6-35B-A3B-FP8-without-reasoning,1_medium_3obj_fi,instance_00001,Request Success Ratio,0.9333333333333333
930,clean_up,Qwen3.6-35B-A3B-FP8-without-reasoning,1_medium_3obj_fi,instance_00001,Aborted,0
931,clean_up,Qwen3.6-35B-A3B-FP8-without-reasoning,1_medium_3obj_fi,instance_00001,Lose,0
932,clean_up,Qwen3.6-35B-A3B-FP8-without-reasoning,1_medium_3obj_fi,instance_00001,Success,1
933,clean_up,Qwen3.6-35B-A3B-FP8-without-reasoning,1_medium_3obj_fi,instance_00001,Distance Score,0.7722233254170352
934,clean_up,Qwen3.6-35B-A3B-FP8-without-reasoning,1_medium_3obj_fi,instance_00001,Consistency Score,0.33333333333333337
935,clean_up,Qwen3.6-35B-A3B-FP8-without-reasoning,1_medium_3obj_fi,instance_00001,Coverage Score,0.75
936,clean_up,Qwen3.6-35B-A3B-FP8-without-reasoning,1_medium_3obj_fi,instance_00001,Penalty Score,0.8333333333333334
937,clean_up,Qwen3.6-35B-A3B-FP8-without-reasoning,1_medium_3obj_fi,instance_00001,Moves,"[['Player 2', 'P'], ['Player 1', 'L'], ['Player 2', 'C'], ['Player 2', 'L'], ['Player 1', 'C']]"
938,clean_up,Qwen3.6-35B-A3B-FP8-without-reasoning,1_medium_3obj_fi,instance_00001,Init States,"{'state_1': [{'id': 'C', 'coord': [3, 5]}, {'id': 'L', 'coord': [1, 3]}, {'id': 'P', 'coord': [7, 4]}], 'state_2': [{'id': 'C', 'coord': [7, 5]}, {'id': 'L', 'coord': [5, 3]}, {'id': 'P', 'coord': [2, 1]}]}"
939,clean_up,Qwen3.6-35B-A3B-FP8-without-reasoning,1_medium_3obj_fi,instance_00001,End States,"{'state_1': [{'id': 'C', 'coord': [4, 5]}, {'id': 'L', 'coord': [2, 3]}, {'id': 'P', 'coord': [7, 4]}], 'state_2': [{'id': 'C', 'coord': [3, 5]}, {'id': 'L', 'coord': [1, 3]}, {'id': 'P', 'coord': [6, 4]}]}"
940,clean_up,Qwen3.6-35B-A3B-FP8-without-reasoning,1_medium_3obj_fi,instance_00001,Shifts,4
941,clean_up,Qwen3.6-35B-A3B-FP8-without-reasoning,1_medium_3obj_fi,instance_00001,Max Shifts,4
942,clean_up,Qwen3.6-35B-A3B-FP8-without-reasoning,1_medium_3obj_fi,instance_00001,Min Shifts,2
943,clean_up,Qwen3.6-35B-A3B-FP8-without-reasoning,1_medium_3obj_fi,instance_00001,End Distance Sum,3.0
944,clean_up,Qwen3.6-35B-A3B-FP8-without-reasoning,1_medium_3obj_fi,instance_00001,Init Distance Sum,13.8309518948453
945,clean_up,Qwen3.6-35B-A3B-FP8-without-reasoning,1_medium_3obj_fi,instance_00001,Expected Distance Sum,12.570787221094177
946,clean_up,Qwen3.6-35B-A3B-FP8-without-reasoning,1_medium_3obj_fi,instance_00001,Penalties,4
947,clean_up,Qwen3.6-35B-A3B-FP8-without-reasoning,1_medium_3obj_fi,instance_00001,Max Penalties,8
948,clean_up,Qwen3.6-35B-A3B-FP8-without-reasoning,1_medium_3obj_fi,instance_00001,Rounds,5
949,clean_up,Qwen3.6-35B-A3B-FP8-without-reasoning,1_medium_3obj_fi,instance_00001,Max Rounds,12
950,clean_up,Qwen3.6-35B-A3B-FP8-without-reasoning,1_medium_3obj_fi,instance_00001,Object Count,3
951,clean_up,Qwen3.6-35B-A3B-FP8-without-reasoning,1_medium_3obj_fi,instance_00001,Valid Moves,5
952,clean_up,Qwen3.6-35B-A3B-FP8-without-reasoning,1_medium_3obj_fi,instance_00001,Invalid Moves,3
953,clean_up,Qwen3.6-35B-A3B-FP8-without-reasoning,1_medium_3obj_fi,instance_00001,Parse Errors,2
954,clean_up,Qwen3.6-35B-A3B-FP8-without-reasoning,1_medium_3obj_fi,instance_00001,Main Score,64.35194378475295
955,clean_up,Qwen3.6-35B-A3B-FP8-without-reasoning,1_medium_3obj_fi,instance_00000,Request Count,12
956,clean_up,Qwen3.6-35B-A3B-FP8-without-reasoning,1_medium_3obj_fi,instance_00000,Parsed Request Count,11
957,clean_up,Qwen3.6-35B-A3B-FP8-without-reasoning,1_medium_3obj_fi,instance_00000,Violated Request Count,1
958,clean_up,Qwen3.6-35B-A3B-FP8-without-reasoning,1_medium_3obj_fi,instance_00000,Request Success Ratio,0.9166666666666666
959,clean_up,Qwen3.6-35B-A3B-FP8-without-reasoning,1_medium_3obj_fi,instance_00000,Aborted,0
960,clean_up,Qwen3.6-35B-A3B-FP8-without-reasoning,1_medium_3obj_fi,instance_00000,Lose,0
961,clean_up,Qwen3.6-35B-A3B-FP8-without-reasoning,1_medium_3obj_fi,instance_00000,Success,1
962,clean_up,Qwen3.6-35B-A3B-FP8-without-reasoning,1_medium_3obj_fi,instance_00000,Distance Score,1.0
963,clean_up,Qwen3.6-35B-A3B-FP8-without-reasoning,1_medium_3obj_fi,instance_00000,Consistency Score,0.6666666666666667
964,clean_up,Qwen3.6-35B-A3B-FP8-without-reasoning,1_medium_3obj_fi,instance_00000,Coverage Score,1.0
965,clean_up,Qwen3.6-35B-A3B-FP8-without-reasoning,1_medium_3obj_fi,instance_00000,Penalty Score,0.9666666666666667
966,clean_up,Qwen3.6-35B-A3B-FP8-without-reasoning,1_medium_3obj_fi,instance_00000,Moves,"[['Player 2', 'P'], ['Player 1', 'L'], ['Player 2', 'L'], ['Player 1', 'C'], ['Player 2', 'C'], ['Player 1', 'P']]"
967,clean_up,Qwen3.6-35B-A3B-FP8-without-reasoning,1_medium_3obj_fi,instance_00000,Init States,"{'state_1': [{'id': 'C', 'coord': [2, 1]}, {'id': 'L', 'coord': [3, 2]}, {'id': 'P', 'coord': [4, 3]}], 'state_2': [{'id': 'C', 'coord': [3, 2]}, {'id': 'L', 'coord': [1, 7]}, {'id': 'P', 'coord': [3, 1]}]}"
968,clean_up,Qwen3.6-35B-A3B-FP8-without-reasoning,1_medium_3obj_fi,instance_00000,End States,"{'state_1': [{'id': 'C', 'coord': [1, 1]}, {'id': 'L', 'coord': [1, 2]}, {'id': 'P', 'coord': [1, 3]}], 'state_2': [{'id': 'C', 'coord': [1, 1]}, {'id': 'L', 'coord': [1, 2]}, {'id': 'P', 'coord': [1, 3]}]}"
969,clean_up,Qwen3.6-35B-A3B-FP8-without-reasoning,1_medium_3obj_fi,instance_00000,Shifts,3
970,clean_up,Qwen3.6-35B-A3B-FP8-without-reasoning,1_medium_3obj_fi,instance_00000,Max Shifts,4
971,clean_up,Qwen3.6-35B-A3B-FP8-without-reasoning,1_medium_3obj_fi,instance_00000,Min Shifts,2
972,clean_up,Qwen3.6-35B-A3B-FP8-without-reasoning,1_medium_3obj_fi,instance_00000,End Distance Sum,0.0
973,clean_up,Qwen3.6-35B-A3B-FP8-without-reasoning,1_medium_3obj_fi,instance_00000,Init Distance Sum,9.035446347007388
974,clean_up,Qwen3.6-35B-A3B-FP8-without-reasoning,1_medium_3obj_fi,instance_00000,Expected Distance Sum,12.570787221094177
975,clean_up,Qwen3.6-35B-A3B-FP8-without-reasoning,1_medium_3obj_fi,instance_00000,Penalties,1
976,clean_up,Qwen3.6-35B-A3B-FP8-without-reasoning,1_medium_3obj_fi,instance_00000,Max Penalties,8
977,clean_up,Qwen3.6-35B-A3B-FP8-without-reasoning,1_medium_3obj_fi,instance_00000,Rounds,5
978,clean_up,Qwen3.6-35B-A3B-FP8-without-reasoning,1_medium_3obj_fi,instance_00000,Max Rounds,12
979,clean_up,Qwen3.6-35B-A3B-FP8-without-reasoning,1_medium_3obj_fi,instance_00000,Object Count,3
980,clean_up,Qwen3.6-35B-A3B-FP8-without-reasoning,1_medium_3obj_fi,instance_00000,Valid Moves,6
981,clean_up,Qwen3.6-35B-A3B-FP8-without-reasoning,1_medium_3obj_fi,instance_00000,Invalid Moves,0
982,clean_up,Qwen3.6-35B-A3B-FP8-without-reasoning,1_medium_3obj_fi,instance_00000,Parse Errors,2
983,clean_up,Qwen3.6-35B-A3B-FP8-without-reasoning,1_medium_3obj_fi,instance_00000,Main Score,96.66666666666667
984,clean_up,Qwen3.6-35B-A3B-FP8-without-reasoning,1_medium_7obj_fi,instance_00002,Request Count,31
985,clean_up,Qwen3.6-35B-A3B-FP8-without-reasoning,1_medium_7obj_fi,instance_00002,Parsed Request Count,29
986,clean_up,Qwen3.6-35B-A3B-FP8-without-reasoning,1_medium_7obj_fi,instance_00002,Violated Request Count,2
987,clean_up,Qwen3.6-35B-A3B-FP8-without-reasoning,1_medium_7obj_fi,instance_00002,Request Success Ratio,0.9354838709677419
988,clean_up,Qwen3.6-35B-A3B-FP8-without-reasoning,1_medium_7obj_fi,instance_00002,Aborted,0
989,clean_up,Qwen3.6-35B-A3B-FP8-without-reasoning,1_medium_7obj_fi,instance_00002,Lose,1
990,clean_up,Qwen3.6-35B-A3B-FP8-without-reasoning,1_medium_7obj_fi,instance_00002,Success,1
991,clean_up,Qwen3.6-35B-A3B-FP8-without-reasoning,1_medium_7obj_fi,instance_00002,Distance Score,0
992,clean_up,Qwen3.6-35B-A3B-FP8-without-reasoning,1_medium_7obj_fi,instance_00002,Consistency Score,0.7142857142857143
993,clean_up,Qwen3.6-35B-A3B-FP8-without-reasoning,1_medium_7obj_fi,instance_00002,Coverage Score,0.46875
994,clean_up,Qwen3.6-35B-A3B-FP8-without-reasoning,1_medium_7obj_fi,instance_00002,Penalty Score,0.43333333333333335
995,clean_up,Qwen3.6-35B-A3B-FP8-without-reasoning,1_medium_7obj_fi,instance_00002,Moves,"[['Player 2', 'T'], ['Player 1', 'M'], ['Player 2', 'S'], ['Player 1', 'D'], ['Player 2', 'O'], ['Player 1', 'S'], ['Player 2', 'D'], ['Player 1', 'A'], ['Player 2', 'M']]"
996,clean_up,Qwen3.6-35B-A3B-FP8-without-reasoning,1_medium_7obj_fi,instance_00002,Init States,"{'state_1': [{'id': 'P', 'coord': [1, 7]}, {'id': 'O', 'coord': [4, 7]}, {'id': 'T', 'coord': [3, 7]}, {'id': 'S', 'coord': [1, 4]}, {'id': 'D', 'coord': [6, 1]}, {'id': 'A', 'coord': [3, 6]}, {'id': 'M', 'coord': [5, 1]}], 'state_2': [{'id': 'P', 'coord': [6, 5]}, {'id': 'O', 'coord': [7, 1]}, {'id': 'T', 'coord': [1, 1]}, {'id': 'S', 'coord': [6, 1]}, {'id': 'D', 'coord': [5, 3]}, {'id': 'A', 'coord': [4, 6]}, {'id': 'M', 'coord': [2, 4]}]}"
997,clean_up,Qwen3.6-35B-A3B-FP8-without-reasoning,1_medium_7obj_fi,instance_00002,End States,"{'state_1': [{'id': 'P', 'coord': [1, 7]}, {'id': 'O', 'coord': [4, 7]}, {'id': 'T', 'coord': [3, 7]}, {'id': 'S', 'coord': [6, 1]}, {'id': 'D', 'coord': [5, 1]}, {'id': 'A', 'coord': [1, 1]}, {'id': 'M', 'coord': [3, 1]}], 'state_2': [{'id': 'P', 'coord': [6, 5]}, {'id': 'O', 'coord': [5, 1]}, {'id': 'T', 'coord': [3, 1]}, {'id': 'S', 'coord': [1, 1]}, {'id': 'D', 'coord': [6, 1]}, {'id': 'A', 'coord': [4, 6]}, {'id': 'M', 'coord': [7, 1]}]}"
998,clean_up,Qwen3.6-35B-A3B-FP8-without-reasoning,1_medium_7obj_fi,instance_00002,Shifts,8
999,clean_up,Qwen3.6-35B-A3B-FP8-without-reasoning,1_medium_7obj_fi,instance_00002,Max Shifts,12
1000,clean_up,Qwen3.6-35B-A3B-FP8-without-reasoning,1_medium_7obj_fi,instance_00002,Min Shifts,6
1001,clean_up,Qwen3.6-35B-A3B-FP8-without-reasoning,1_medium_7obj_fi,instance_00002,End Distance Sum,33.298879232278026
1002,clean_up,Qwen3.6-35B-A3B-FP8-without-reasoning,1_medium_7obj_fi,instance_00002,Init Distance Sum,31.72758461943501
1003,clean_up,Qwen3.6-35B-A3B-FP8-without-reasoning,1_medium_7obj_fi,instance_00002,Expected Distance Sum,29.331836849219748
1004,clean_up,Qwen3.6-35B-A3B-FP8-without-reasoning,1_medium_7obj_fi,instance_00002,Penalties,17
1005,clean_up,Qwen3.6-35B-A3B-FP8-without-reasoning,1_medium_7obj_fi,instance_00002,Max Penalties,16
1006,clean_up,Qwen3.6-35B-A3B-FP8-without-reasoning,1_medium_7obj_fi,instance_00002,Rounds,7
1007,clean_up,Qwen3.6-35B-A3B-FP8-without-reasoning,1_medium_7obj_fi,instance_00002,Max Rounds,28
1008,clean_up,Qwen3.6-35B-A3B-FP8-without-reasoning,1_medium_7obj_fi,instance_00002,Object Count,7
1009,clean_up,Qwen3.6-35B-A3B-FP8-without-reasoning,1_medium_7obj_fi,instance_00002,Valid Moves,9
1010,clean_up,Qwen3.6-35B-A3B-FP8-without-reasoning,1_medium_7obj_fi,instance_00002,Invalid Moves,15
1011,clean_up,Qwen3.6-35B-A3B-FP8-without-reasoning,1_medium_7obj_fi,instance_00002,Parse Errors,4
1012,clean_up,Qwen3.6-35B-A3B-FP8-without-reasoning,1_medium_7obj_fi,instance_00002,Main Score,0.0
1013,clean_up,Qwen3.6-35B-A3B-FP8-without-reasoning,1_medium_7obj_fi,instance_00003,Request Count,42
1014,clean_up,Qwen3.6-35B-A3B-FP8-without-reasoning,1_medium_7obj_fi,instance_00003,Parsed Request Count,41
1015,clean_up,Qwen3.6-35B-A3B-FP8-without-reasoning,1_medium_7obj_fi,instance_00003,Violated Request Count,1
1016,clean_up,Qwen3.6-35B-A3B-FP8-without-reasoning,1_medium_7obj_fi,instance_00003,Request Success Ratio,0.9761904761904762
1017,clean_up,Qwen3.6-35B-A3B-FP8-without-reasoning,1_medium_7obj_fi,instance_00003,Aborted,0
1018,clean_up,Qwen3.6-35B-A3B-FP8-without-reasoning,1_medium_7obj_fi,instance_00003,Lose,0
1019,clean_up,Qwen3.6-35B-A3B-FP8-without-reasoning,1_medium_7obj_fi,instance_00003,Success,1
1020,clean_up,Qwen3.6-35B-A3B-FP8-without-reasoning,1_medium_7obj_fi,instance_00003,Distance Score,0.8701754330985824
1021,clean_up,Qwen3.6-35B-A3B-FP8-without-reasoning,1_medium_7obj_fi,instance_00003,Consistency Score,0.5714285714285714
1022,clean_up,Qwen3.6-35B-A3B-FP8-without-reasoning,1_medium_7obj_fi,instance_00003,Coverage Score,0.375
1023,clean_up,Qwen3.6-35B-A3B-FP8-without-reasoning,1_medium_7obj_fi,instance_00003,Penalty Score,0.26923076923076916
1024,clean_up,Qwen3.6-35B-A3B-FP8-without-reasoning,1_medium_7obj_fi,instance_00003,Moves,"[['Player 2', 'P'], ['Player 2', 'A'], ['Player 2', 'S'], ['Player 1', 'A'], ['Player 2', 'T'], ['Player 2', 'D'], ['Player 2', 'M'], ['Player 1', 'T'], ['Player 2', 'O'], ['Player 2', 'A'], ['Player 2', 'A']]"
1025,clean_up,Qwen3.6-35B-A3B-FP8-without-reasoning,1_medium_7obj_fi,instance_00003,Init States,"{'state_1': [{'id': 'P', 'coord': [1, 7]}, {'id': 'O', 'coord': [1, 3]}, {'id': 'T', 'coord': [4, 2]}, {'id': 'S', 'coord': [3, 5]}, {'id': 'D', 'coord': [4, 7]}, {'id': 'A', 'coord': [4, 1]}, {'id': 'M', 'coord': [5, 7]}], 'state_2': [{'id': 'P', 'coord': [1, 1]}, {'id': 'O', 'coord': [7, 5]}, {'id': 'T', 'coord': [2, 5]}, {'id': 'S', 'coord': [3, 1]}, {'id': 'D', 'coord': [5, 1]}, {'id': 'A', 'coord': [6, 3]}, {'id': 'M', 'coord': [3, 4]}]}"
1026,clean_up,Qwen3.6-35B-A3B-FP8-without-reasoning,1_medium_7obj_fi,instance_00003,End States,"{'state_1': [{'id': 'P', 'coord': [1, 7]}, {'id': 'O', 'coord': [1, 3]}, {'id': 'T', 'coord': [2, 5]}, {'id': 'S', 'coord': [3, 5]}, {'id': 'D', 'coord': [4, 7]}, {'id': 'A', 'coord': [2, 4]}, {'id': 'M', 'coord': [5, 7]}], 'state_2': [{'id': 'P', 'coord': [1, 7]}, {'id': 'O', 'coord': [1, 3]}, {'id': 'T', 'coord': [2, 4]}, {'id': 'S', 'coord': [3, 5]}, {'id': 'D', 'coord': [3, 7]}, {'id': 'A', 'coord': [2, 5]}, {'id': 'M', 'coord': [4, 7]}]}"
1027,clean_up,Qwen3.6-35B-A3B-FP8-without-reasoning,1_medium_7obj_fi,instance_00003,Shifts,9
1028,clean_up,Qwen3.6-35B-A3B-FP8-without-reasoning,1_medium_7obj_fi,instance_00003,Max Shifts,12
1029,clean_up,Qwen3.6-35B-A3B-FP8-without-reasoning,1_medium_7obj_fi,instance_00003,Min Shifts,6
1030,clean_up,Qwen3.6-35B-A3B-FP8-without-reasoning,1_medium_7obj_fi,instance_00003,End Distance Sum,4.0
1031,clean_up,Qwen3.6-35B-A3B-FP8-without-reasoning,1_medium_7obj_fi,instance_00003,Init Distance Sum,32.44684752630915
1032,clean_up,Qwen3.6-35B-A3B-FP8-without-reasoning,1_medium_7obj_fi,instance_00003,Expected Distance Sum,29.331836849219748
1033,clean_up,Qwen3.6-35B-A3B-FP8-without-reasoning,1_medium_7obj_fi,instance_00003,Penalties,19
1034,clean_up,Qwen3.6-35B-A3B-FP8-without-reasoning,1_medium_7obj_fi,instance_00003,Max Penalties,16
1035,clean_up,Qwen3.6-35B-A3B-FP8-without-reasoning,1_medium_7obj_fi,instance_00003,Rounds,11
1036,clean_up,Qwen3.6-35B-A3B-FP8-without-reasoning,1_medium_7obj_fi,instance_00003,Max Rounds,28
1037,clean_up,Qwen3.6-35B-A3B-FP8-without-reasoning,1_medium_7obj_fi,instance_00003,Object Count,7
1038,clean_up,Qwen3.6-35B-A3B-FP8-without-reasoning,1_medium_7obj_fi,instance_00003,Valid Moves,11
1039,clean_up,Qwen3.6-35B-A3B-FP8-without-reasoning,1_medium_7obj_fi,instance_00003,Invalid Moves,18
1040,clean_up,Qwen3.6-35B-A3B-FP8-without-reasoning,1_medium_7obj_fi,instance_00003,Parse Errors,2
1041,clean_up,Qwen3.6-35B-A3B-FP8-without-reasoning,1_medium_7obj_fi,instance_00003,Main Score,23.427800121884903
1042,clean_up,Qwen3.6-35B-A3B-FP8-without-reasoning,1_medium_7obj_fi,instance_00004,Request Count,43
1043,clean_up,Qwen3.6-35B-A3B-FP8-without-reasoning,1_medium_7obj_fi,instance_00004,Parsed Request Count,43
1044,clean_up,Qwen3.6-35B-A3B-FP8-without-reasoning,1_medium_7obj_fi,instance_00004,Violated Request Count,0
1045,clean_up,Qwen3.6-35B-A3B-FP8-without-reasoning,1_medium_7obj_fi,instance_00004,Request Success Ratio,1.0
1046,clean_up,Qwen3.6-35B-A3B-FP8-without-reasoning,1_medium_7obj_fi,instance_00004,Aborted,0
1047,clean_up,Qwen3.6-35B-A3B-FP8-without-reasoning,1_medium_7obj_fi,instance_00004,Lose,0
1048,clean_up,Qwen3.6-35B-A3B-FP8-without-reasoning,1_medium_7obj_fi,instance_00004,Success,1
1049,clean_up,Qwen3.6-35B-A3B-FP8-without-reasoning,1_medium_7obj_fi,instance_00004,Distance Score,0.3301410938402619
1050,clean_up,Qwen3.6-35B-A3B-FP8-without-reasoning,1_medium_7obj_fi,instance_00004,Consistency Score,1.0
1051,clean_up,Qwen3.6-35B-A3B-FP8-without-reasoning,1_medium_7obj_fi,instance_00004,Coverage Score,1.0
1052,clean_up,Qwen3.6-35B-A3B-FP8-without-reasoning,1_medium_7obj_fi,instance_00004,Penalty Score,-0.5
1053,clean_up,Qwen3.6-35B-A3B-FP8-without-reasoning,1_medium_7obj_fi,instance_00004,Moves,"[['Player 2', 'S'], ['Player 1', 'S'], ['Player 2', 'T'], ['Player 1', 'T'], ['Player 2', 'D'], ['Player 1', 'D'], ['Player 2', 'O'], ['Player 1', 'O'], ['Player 2', 'A'], ['Player 1', 'A'], ['Player 2', 'P'], ['Player 1', 'P'], ['Player 2', 'M'], ['Player 1', 'M']]"
1054,clean_up,Qwen3.6-35B-A3B-FP8-without-reasoning,1_medium_7obj_fi,instance_00004,Init States,"{'state_1': [{'id': 'P', 'coord': [3, 5]}, {'id': 'O', 'coord': [6, 4]}, {'id': 'T', 'coord': [3, 3]}, {'id': 'S', 'coord': [7, 2]}, {'id': 'D', 'coord': [4, 3]}, {'id': 'A', 'coord': [7, 5]}, {'id': 'M', 'coord': [4, 5]}], 'state_2': [{'id': 'P', 'coord': [1, 6]}, {'id': 'O', 'coord': [4, 1]}, {'id': 'T', 'coord': [6, 1]}, {'id': 'S', 'coord': [2, 5]}, {'id': 'D', 'coord': [4, 4]}, {'id': 'A', 'coord': [3, 5]}, {'id': 'M', 'coord': [2, 6]}]}"
1055,clean_up,Qwen3.6-35B-A3B-FP8-without-reasoning,1_medium_7obj_fi,instance_00004,End States,"{'state_1': [{'id': 'P', 'coord': [3, 1]}, {'id': 'O', 'coord': [6, 2]}, {'id': 'T', 'coord': [3, 2]}, {'id': 'S', 'coord': [3, 4]}, {'id': 'D', 'coord': [4, 2]}, {'id': 'A', 'coord': [7, 2]}, {'id': 'M', 'coord': [4, 1]}], 'state_2': [{'id': 'P', 'coord': [3, 5]}, {'id': 'O', 'coord': [4, 4]}, {'id': 'T', 'coord': [3, 4]}, {'id': 'S', 'coord': [3, 3]}, {'id': 'D', 'coord': [4, 3]}, {'id': 'A', 'coord': [6, 4]}, {'id': 'M', 'coord': [4, 5]}]}"
1056,clean_up,Qwen3.6-35B-A3B-FP8-without-reasoning,1_medium_7obj_fi,instance_00004,Shifts,6
1057,clean_up,Qwen3.6-35B-A3B-FP8-without-reasoning,1_medium_7obj_fi,instance_00004,Max Shifts,12
1058,clean_up,Qwen3.6-35B-A3B-FP8-without-reasoning,1_medium_7obj_fi,instance_00004,Min Shifts,6
1059,clean_up,Qwen3.6-35B-A3B-FP8-without-reasoning,1_medium_7obj_fi,instance_00004,End Distance Sum,17.064495102245978
1060,clean_up,Qwen3.6-35B-A3B-FP8-without-reasoning,1_medium_7obj_fi,instance_00004,Init Distance Sum,22.514190400772858
1061,clean_up,Qwen3.6-35B-A3B-FP8-without-reasoning,1_medium_7obj_fi,instance_00004,Expected Distance Sum,29.331836849219748
1062,clean_up,Qwen3.6-35B-A3B-FP8-without-reasoning,1_medium_7obj_fi,instance_00004,Penalties,24
1063,clean_up,Qwen3.6-35B-A3B-FP8-without-reasoning,1_medium_7obj_fi,instance_00004,Max Penalties,16
1064,clean_up,Qwen3.6-35B-A3B-FP8-without-reasoning,1_medium_7obj_fi,instance_00004,Rounds,9
1065,clean_up,Qwen3.6-35B-A3B-FP8-without-reasoning,1_medium_7obj_fi,instance_00004,Max Rounds,28
1066,clean_up,Qwen3.6-35B-A3B-FP8-without-reasoning,1_medium_7obj_fi,instance_00004,Object Count,7
1067,clean_up,Qwen3.6-35B-A3B-FP8-without-reasoning,1_medium_7obj_fi,instance_00004,Valid Moves,14
1068,clean_up,Qwen3.6-35B-A3B-FP8-without-reasoning,1_medium_7obj_fi,instance_00004,Invalid Moves,24
1069,clean_up,Qwen3.6-35B-A3B-FP8-without-reasoning,1_medium_7obj_fi,instance_00004,Parse Errors,0
1070,clean_up,Qwen3.6-35B-A3B-FP8-without-reasoning,1_medium_7obj_fi,instance_00004,Main Score,-16.507054692013096
1071,clean_up,Qwen3.6-35B-A3B-FP8-without-reasoning,1_medium_7obj_fi,instance_00001,Request Count,42
1072,clean_up,Qwen3.6-35B-A3B-FP8-without-reasoning,1_medium_7obj_fi,instance_00001,Parsed Request Count,38
1073,clean_up,Qwen3.6-35B-A3B-FP8-without-reasoning,1_medium_7obj_fi,instance_00001,Violated Request Count,4
1074,clean_up,Qwen3.6-35B-A3B-FP8-without-reasoning,1_medium_7obj_fi,instance_00001,Request Success Ratio,0.9047619047619048
1075,clean_up,Qwen3.6-35B-A3B-FP8-without-reasoning,1_medium_7obj_fi,instance_00001,Aborted,0
1076,clean_up,Qwen3.6-35B-A3B-FP8-without-reasoning,1_medium_7obj_fi,instance_00001,Lose,0
1077,clean_up,Qwen3.6-35B-A3B-FP8-without-reasoning,1_medium_7obj_fi,instance_00001,Success,1
1078,clean_up,Qwen3.6-35B-A3B-FP8-without-reasoning,1_medium_7obj_fi,instance_00001,Distance Score,0.5123584963812771
1079,clean_up,Qwen3.6-35B-A3B-FP8-without-reasoning,1_medium_7obj_fi,instance_00001,Consistency Score,0.2857142857142857
1080,clean_up,Qwen3.6-35B-A3B-FP8-without-reasoning,1_medium_7obj_fi,instance_00001,Coverage Score,0.875
1081,clean_up,Qwen3.6-35B-A3B-FP8-without-reasoning,1_medium_7obj_fi,instance_00001,Penalty Score,0.7727272727272727
1082,clean_up,Qwen3.6-35B-A3B-FP8-without-reasoning,1_medium_7obj_fi,instance_00001,Moves,"[['Player 2', 'P'], ['Player 1', 'P'], ['Player 2', 'M'], ['Player 1', 'M'], ['Player 1', 'D'], ['Player 2', 'S'], ['Player 1', 'P'], ['Player 1', 'M'], ['Player 2', 'O'], ['Player 1', 'S'], ['Player 1', 'O'], ['Player 2', 'A'], ['Player 1', 'A'], ['Player 1', 'T'], ['Player 2', 'D']]"
1083,clean_up,Qwen3.6-35B-A3B-FP8-without-reasoning,1_medium_7obj_fi,instance_00001,Init States,"{'state_1': [{'id': 'P', 'coord': [2, 1]}, {'id': 'O', 'coord': [7, 3]}, {'id': 'T', 'coord': [1, 7]}, {'id': 'S', 'coord': [5, 3]}, {'id': 'D', 'coord': [1, 5]}, {'id': 'A', 'coord': [5, 4]}, {'id': 'M', 'coord': [5, 1]}], 'state_2': [{'id': 'P', 'coord': [7, 3]}, {'id': 'O', 'coord': [7, 4]}, {'id': 'T', 'coord': [7, 1]}, {'id': 'S', 'coord': [5, 3]}, {'id': 'D', 'coord': [1, 5]}, {'id': 'A', 'coord': [4, 7]}, {'id': 'M', 'coord': [6, 4]}]}"
1084,clean_up,Qwen3.6-35B-A3B-FP8-without-reasoning,1_medium_7obj_fi,instance_00001,End States,"{'state_1': [{'id': 'P', 'coord': [1, 5]}, {'id': 'O', 'coord': [4, 5]}, {'id': 'T', 'coord': [7, 5]}, {'id': 'S', 'coord': [3, 5]}, {'id': 'D', 'coord': [6, 5]}, {'id': 'A', 'coord': [5, 5]}, {'id': 'M', 'coord': [2, 5]}], 'state_2': [{'id': 'P', 'coord': [1, 1]}, {'id': 'O', 'coord': [4, 5]}, {'id': 'T', 'coord': [7, 1]}, {'id': 'S', 'coord': [3, 5]}, {'id': 'D', 'coord': [6, 5]}, {'id': 'A', 'coord': [5, 5]}, {'id': 'M', 'coord': [2, 1]}]}"
1085,clean_up,Qwen3.6-35B-A3B-FP8-without-reasoning,1_medium_7obj_fi,instance_00001,Shifts,11
1086,clean_up,Qwen3.6-35B-A3B-FP8-without-reasoning,1_medium_7obj_fi,instance_00001,Max Shifts,12
1087,clean_up,Qwen3.6-35B-A3B-FP8-without-reasoning,1_medium_7obj_fi,instance_00001,Min Shifts,6
1088,clean_up,Qwen3.6-35B-A3B-FP8-without-reasoning,1_medium_7obj_fi,instance_00001,End Distance Sum,12.0
1089,clean_up,Qwen3.6-35B-A3B-FP8-without-reasoning,1_medium_7obj_fi,instance_00001,Init Distance Sum,21.19500150170983
1090,clean_up,Qwen3.6-35B-A3B-FP8-without-reasoning,1_medium_7obj_fi,instance_00001,Expected Distance Sum,29.331836849219748
1091,clean_up,Qwen3.6-35B-A3B-FP8-without-reasoning,1_medium_7obj_fi,instance_00001,Penalties,10
1092,clean_up,Qwen3.6-35B-A3B-FP8-without-reasoning,1_medium_7obj_fi,instance_00001,Max Penalties,16
1093,clean_up,Qwen3.6-35B-A3B-FP8-without-reasoning,1_medium_7obj_fi,instance_00001,Rounds,16
1094,clean_up,Qwen3.6-35B-A3B-FP8-without-reasoning,1_medium_7obj_fi,instance_00001,Max Rounds,28
1095,clean_up,Qwen3.6-35B-A3B-FP8-without-reasoning,1_medium_7obj_fi,instance_00001,Object Count,7
1096,clean_up,Qwen3.6-35B-A3B-FP8-without-reasoning,1_medium_7obj_fi,instance_00001,Valid Moves,15
1097,clean_up,Qwen3.6-35B-A3B-FP8-without-reasoning,1_medium_7obj_fi,instance_00001,Invalid Moves,6
1098,clean_up,Qwen3.6-35B-A3B-FP8-without-reasoning,1_medium_7obj_fi,instance_00001,Parse Errors,8
1099,clean_up,Qwen3.6-35B-A3B-FP8-without-reasoning,1_medium_7obj_fi,instance_00001,Main Score,39.591338356735044
1100,clean_up,Qwen3.6-35B-A3B-FP8-without-reasoning,1_medium_7obj_fi,instance_00000,Request Count,32
1101,clean_up,Qwen3.6-35B-A3B-FP8-without-reasoning,1_medium_7obj_fi,instance_00000,Parsed Request Count,30
1102,clean_up,Qwen3.6-35B-A3B-FP8-without-reasoning,1_medium_7obj_fi,instance_00000,Violated Request Count,2
1103,clean_up,Qwen3.6-35B-A3B-FP8-without-reasoning,1_medium_7obj_fi,instance_00000,Request Success Ratio,0.9375
1104,clean_up,Qwen3.6-35B-A3B-FP8-without-reasoning,1_medium_7obj_fi,instance_00000,Aborted,0
1105,clean_up,Qwen3.6-35B-A3B-FP8-without-reasoning,1_medium_7obj_fi,instance_00000,Lose,0
1106,clean_up,Qwen3.6-35B-A3B-FP8-without-reasoning,1_medium_7obj_fi,instance_00000,Success,1
1107,clean_up,Qwen3.6-35B-A3B-FP8-without-reasoning,1_medium_7obj_fi,instance_00000,Distance Score,0.49548432203590154
1108,clean_up,Qwen3.6-35B-A3B-FP8-without-reasoning,1_medium_7obj_fi,instance_00000,Coverage Score,0.765625
1109,clean_up,Qwen3.6-35B-A3B-FP8-without-reasoning,1_medium_7obj_fi,instance_00000,Penalty Score,0.5
1110,clean_up,Qwen3.6-35B-A3B-FP8-without-reasoning,1_medium_7obj_fi,instance_00000,Moves,"[['Player 1', 'P'], ['Player 2', 'P'], ['Player 1', 'O'], ['Player 2', 'O'], ['Player 1', 'T'], ['Player 2', 'T'], ['Player 1', 'S'], ['Player 2', 'S'], ['Player 1', 'A'], ['Player 2', 'A'], ['Player 1', 'D'], ['Player 2', 'D']]"
1111,clean_up,Qwen3.6-35B-A3B-FP8-without-reasoning,1_medium_7obj_fi,instance_00000,Init States,"{'state_1': [{'id': 'P', 'coord': [6, 1]}, {'id': 'O', 'coord': [4, 1]}, {'id': 'T', 'coord': [3, 2]}, {'id': 'S', 'coord': [1, 4]}, {'id': 'D', 'coord': [6, 7]}, {'id': 'A', 'coord': [4, 5]}, {'id': 'M', 'coord': [7, 1]}], 'state_2': [{'id': 'P', 'coord': [1, 2]}, {'id': 'O', 'coord': [6, 1]}, {'id': 'T', 'coord': [6, 3]}, {'id': 'S', 'coord': [2, 3]}, {'id': 'D', 'coord': [7, 6]}, {'id': 'A', 'coord': [1, 5]}, {'id': 'M', 'coord': [3, 2]}]}"
1112,clean_up,Qwen3.6-35B-A3B-FP8-without-reasoning,1_medium_7obj_fi,instance_00000,End States,"{'state_1': [{'id': 'P', 'coord': [1, 1]}, {'id': 'O', 'coord': [1, 2]}, {'id': 'T', 'coord': [1, 3]}, {'id': 'S', 'coord': [1, 5]}, {'id': 'D', 'coord': [2, 7]}, {'id': 'A', 'coord': [1, 7]}, {'id': 'M', 'coord': [7, 1]}], 'state_2': [{'id': 'P', 'coord': [1, 1]}, {'id': 'O', 'coord': [1, 2]}, {'id': 'T', 'coord': [1, 3]}, {'id': 'S', 'coord': [1, 4]}, {'id': 'D', 'coord': [6, 6]}, {'id': 'A', 'coord': [3, 5]}, {'id': 'M', 'coord': [3, 2]}]}"
1113,clean_up,Qwen3.6-35B-A3B-FP8-without-reasoning,1_medium_7obj_fi,instance_00000,Shifts,5
1114,clean_up,Qwen3.6-35B-A3B-FP8-without-reasoning,1_medium_7obj_fi,instance_00000,Max Shifts,12
1115,clean_up,Qwen3.6-35B-A3B-FP8-without-reasoning,1_medium_7obj_fi,instance_00000,Min Shifts,6
1116,clean_up,Qwen3.6-35B-A3B-FP8-without-reasoning,1_medium_7obj_fi,instance_00000,End Distance Sum,12.074638375981511
1117,clean_up,Qwen3.6-35B-A3B-FP8-without-reasoning,1_medium_7obj_fi,instance_00000,Init Distance Sum,20.212829924125018
1118,clean_up,Qwen3.6-35B-A3B-FP8-without-reasoning,1_medium_7obj_fi,instance_00000,Expected Distance Sum,29.331836849219748
1119,clean_up,Qwen3.6-35B-A3B-FP8-without-reasoning,1_medium_7obj_fi,instance_00000,Penalties,16
1120,clean_up,Qwen3.6-35B-A3B-FP8-without-reasoning,1_medium_7obj_fi,instance_00000,Max Penalties,16
1121,clean_up,Qwen3.6-35B-A3B-FP8-without-reasoning,1_medium_7obj_fi,instance_00000,Rounds,8
1122,clean_up,Qwen3.6-35B-A3B-FP8-without-reasoning,1_medium_7obj_fi,instance_00000,Max Rounds,28
1123,clean_up,Qwen3.6-35B-A3B-FP8-without-reasoning,1_medium_7obj_fi,instance_00000,Object Count,7
1124,clean_up,Qwen3.6-35B-A3B-FP8-without-reasoning,1_medium_7obj_fi,instance_00000,Valid Moves,12
1125,clean_up,Qwen3.6-35B-A3B-FP8-without-reasoning,1_medium_7obj_fi,instance_00000,Invalid Moves,14
1126,clean_up,Qwen3.6-35B-A3B-FP8-without-reasoning,1_medium_7obj_fi,instance_00000,Parse Errors,4
1127,clean_up,Qwen3.6-35B-A3B-FP8-without-reasoning,1_medium_7obj_fi,instance_00000,Main Score,24.774216101795076
1128,clean_up,Qwen3.6-35B-A3B-FP8-without-reasoning,1_medium_5obj_fi,instance_00002,Request Count,23
1129,clean_up,Qwen3.6-35B-A3B-FP8-without-reasoning,1_medium_5obj_fi,instance_00002,Parsed Request Count,23
1130,clean_up,Qwen3.6-35B-A3B-FP8-without-reasoning,1_medium_5obj_fi,instance_00002,Violated Request Count,0
1131,clean_up,Qwen3.6-35B-A3B-FP8-without-reasoning,1_medium_5obj_fi,instance_00002,Request Success Ratio,1.0
1132,clean_up,Qwen3.6-35B-A3B-FP8-without-reasoning,1_medium_5obj_fi,instance_00002,Aborted,0
1133,clean_up,Qwen3.6-35B-A3B-FP8-without-reasoning,1_medium_5obj_fi,instance_00002,Lose,0
1134,clean_up,Qwen3.6-35B-A3B-FP8-without-reasoning,1_medium_5obj_fi,instance_00002,Success,1
1135,clean_up,Qwen3.6-35B-A3B-FP8-without-reasoning,1_medium_5obj_fi,instance_00002,Distance Score,0.7331464458451891
1136,clean_up,Qwen3.6-35B-A3B-FP8-without-reasoning,1_medium_5obj_fi,instance_00002,Consistency Score,1.0
1137,clean_up,Qwen3.6-35B-A3B-FP8-without-reasoning,1_medium_5obj_fi,instance_00002,Coverage Score,1.0
1138,clean_up,Qwen3.6-35B-A3B-FP8-without-reasoning,1_medium_5obj_fi,instance_00002,Penalty Score,0.7500000000000001
1139,clean_up,Qwen3.6-35B-A3B-FP8-without-reasoning,1_medium_5obj_fi,instance_00002,Moves,"[['Player 2', 'W'], ['Player 1', 'W'], ['Player 2', 'I'], ['Player 1', 'I'], ['Player 2', 'T'], ['Player 1', 'T'], ['Player 2', 'C'], ['Player 1', 'C'], ['Player 2', 'H'], ['Player 1', 'H']]"
1140,clean_up,Qwen3.6-35B-A3B-FP8-without-reasoning,1_medium_5obj_fi,instance_00002,Init States,"{'state_1': [{'id': 'W', 'coord': [7, 5]}, {'id': 'I', 'coord': [1, 7]}, {'id': 'T', 'coord': [7, 3]}, {'id': 'C', 'coord': [4, 7]}, {'id': 'H', 'coord': [2, 4]}], 'state_2': [{'id': 'W', 'coord': [4, 6]}, {'id': 'I', 'coord': [4, 7]}, {'id': 'T', 'coord': [6, 5]}, {'id': 'C', 'coord': [3, 4]}, {'id': 'H', 'coord': [7, 6]}]}"
1141,clean_up,Qwen3.6-35B-A3B-FP8-without-reasoning,1_medium_5obj_fi,instance_00002,End States,"{'state_1': [{'id': 'W', 'coord': [1, 1]}, {'id': 'I', 'coord': [2, 3]}, {'id': 'T', 'coord': [1, 3]}, {'id': 'C', 'coord': [1, 4]}, {'id': 'H', 'coord': [1, 5]}], 'state_2': [{'id': 'W', 'coord': [1, 1]}, {'id': 'I', 'coord': [1, 3]}, {'id': 'T', 'coord': [1, 4]}, {'id': 'C', 'coord': [1, 5]}, {'id': 'H', 'coord': [1, 7]}]}"
1142,clean_up,Qwen3.6-35B-A3B-FP8-without-reasoning,1_medium_5obj_fi,instance_00002,Shifts,4
1143,clean_up,Qwen3.6-35B-A3B-FP8-without-reasoning,1_medium_5obj_fi,instance_00002,Max Shifts,8
1144,clean_up,Qwen3.6-35B-A3B-FP8-without-reasoning,1_medium_5obj_fi,instance_00002,Min Shifts,4
1145,clean_up,Qwen3.6-35B-A3B-FP8-without-reasoning,1_medium_5obj_fi,instance_00002,End Distance Sum,5.0
1146,clean_up,Qwen3.6-35B-A3B-FP8-without-reasoning,1_medium_5obj_fi,instance_00002,Init Distance Sum,16.945788104971054
1147,clean_up,Qwen3.6-35B-A3B-FP8-without-reasoning,1_medium_5obj_fi,instance_00002,Expected Distance Sum,20.95131203515696
1148,clean_up,Qwen3.6-35B-A3B-FP8-without-reasoning,1_medium_5obj_fi,instance_00002,Penalties,8
1149,clean_up,Qwen3.6-35B-A3B-FP8-without-reasoning,1_medium_5obj_fi,instance_00002,Max Penalties,12
1150,clean_up,Qwen3.6-35B-A3B-FP8-without-reasoning,1_medium_5obj_fi,instance_00002,Rounds,7
1151,clean_up,Qwen3.6-35B-A3B-FP8-without-reasoning,1_medium_5obj_fi,instance_00002,Max Rounds,20
1152,clean_up,Qwen3.6-35B-A3B-FP8-without-reasoning,1_medium_5obj_fi,instance_00002,Object Count,5
1153,clean_up,Qwen3.6-35B-A3B-FP8-without-reasoning,1_medium_5obj_fi,instance_00002,Valid Moves,10
1154,clean_up,Qwen3.6-35B-A3B-FP8-without-reasoning,1_medium_5obj_fi,instance_00002,Invalid Moves,8
1155,clean_up,Qwen3.6-35B-A3B-FP8-without-reasoning,1_medium_5obj_fi,instance_00002,Parse Errors,0
1156,clean_up,Qwen3.6-35B-A3B-FP8-without-reasoning,1_medium_5obj_fi,instance_00002,Main Score,54.985983438389184
1157,clean_up,Qwen3.6-35B-A3B-FP8-without-reasoning,1_medium_5obj_fi,instance_00003,Request Count,31
1158,clean_up,Qwen3.6-35B-A3B-FP8-without-reasoning,1_medium_5obj_fi,instance_00003,Parsed Request Count,25
1159,clean_up,Qwen3.6-35B-A3B-FP8-without-reasoning,1_medium_5obj_fi,instance_00003,Violated Request Count,6
1160,clean_up,Qwen3.6-35B-A3B-FP8-without-reasoning,1_medium_5obj_fi,instance_00003,Request Success Ratio,0.8064516129032258
1161,clean_up,Qwen3.6-35B-A3B-FP8-without-reasoning,1_medium_5obj_fi,instance_00003,Aborted,0
1162,clean_up,Qwen3.6-35B-A3B-FP8-without-reasoning,1_medium_5obj_fi,instance_00003,Lose,0
1163,clean_up,Qwen3.6-35B-A3B-FP8-without-reasoning,1_medium_5obj_fi,instance_00003,Success,1
1164,clean_up,Qwen3.6-35B-A3B-FP8-without-reasoning,1_medium_5obj_fi,instance_00003,Distance Score,0.6997464684754882
1165,clean_up,Qwen3.6-35B-A3B-FP8-without-reasoning,1_medium_5obj_fi,instance_00003,Consistency Score,0.8
1166,clean_up,Qwen3.6-35B-A3B-FP8-without-reasoning,1_medium_5obj_fi,instance_00003,Coverage Score,0.6666666666666666
1167,clean_up,Qwen3.6-35B-A3B-FP8-without-reasoning,1_medium_5obj_fi,instance_00003,Penalty Score,0.7
1168,clean_up,Qwen3.6-35B-A3B-FP8-without-reasoning,1_medium_5obj_fi,instance_00003,Moves,"[['Player 1', 'H'], ['Player 1', 'I'], ['Player 1', 'T'], ['Player 2', 'H'], ['Player 1', 'C'], ['Player 2', 'C'], ['Player 1', 'W'], ['Player 2', 'W']]"
1169,clean_up,Qwen3.6-35B-A3B-FP8-without-reasoning,1_medium_5obj_fi,instance_00003,Init States,"{'state_1': [{'id': 'W', 'coord': [3, 7]}, {'id': 'I', 'coord': [7, 1]}, {'id': 'T', 'coord': [6, 1]}, {'id': 'C', 'coord': [1, 5]}, {'id': 'H', 'coord': [1, 1]}], 'state_2': [{'id': 'W', 'coord': [7, 7]}, {'id': 'I', 'coord': [3, 4]}, {'id': 'T', 'coord': [1, 4]}, {'id': 'C', 'coord': [5, 5]}, {'id': 'H', 'coord': [6, 2]}]}"
1170,clean_up,Qwen3.6-35B-A3B-FP8-without-reasoning,1_medium_5obj_fi,instance_00003,End States,"{'state_1': [{'id': 'W', 'coord': [6, 3]}, {'id': 'I', 'coord': [4, 2]}, {'id': 'T', 'coord': [5, 2]}, {'id': 'C', 'coord': [5, 3]}, {'id': 'H', 'coord': [3, 2]}], 'state_2': [{'id': 'W', 'coord': [6, 3]}, {'id': 'I', 'coord': [3, 4]}, {'id': 'T', 'coord': [1, 4]}, {'id': 'C', 'coord': [5, 3]}, {'id': 'H', 'coord': [3, 2]}]}"
1171,clean_up,Qwen3.6-35B-A3B-FP8-without-reasoning,1_medium_5obj_fi,instance_00003,Shifts,5
1172,clean_up,Qwen3.6-35B-A3B-FP8-without-reasoning,1_medium_5obj_fi,instance_00003,Max Shifts,8
1173,clean_up,Qwen3.6-35B-A3B-FP8-without-reasoning,1_medium_5obj_fi,instance_00003,Min Shifts,4
1174,clean_up,Qwen3.6-35B-A3B-FP8-without-reasoning,1_medium_5obj_fi,instance_00003,End Distance Sum,6.708203932499369
1175,clean_up,Qwen3.6-35B-A3B-FP8-without-reasoning,1_medium_5obj_fi,instance_00003,Init Distance Sum,23.929971408438085
1176,clean_up,Qwen3.6-35B-A3B-FP8-without-reasoning,1_medium_5obj_fi,instance_00003,Expected Distance Sum,20.95131203515696
1177,clean_up,Qwen3.6-35B-A3B-FP8-without-reasoning,1_medium_5obj_fi,instance_00003,Penalties,9
1178,clean_up,Qwen3.6-35B-A3B-FP8-without-reasoning,1_medium_5obj_fi,instance_00003,Max Penalties,12
1179,clean_up,Qwen3.6-35B-A3B-FP8-without-reasoning,1_medium_5obj_fi,instance_00003,Rounds,11
1180,clean_up,Qwen3.6-35B-A3B-FP8-without-reasoning,1_medium_5obj_fi,instance_00003,Max Rounds,20
1181,clean_up,Qwen3.6-35B-A3B-FP8-without-reasoning,1_medium_5obj_fi,instance_00003,Object Count,5
1182,clean_up,Qwen3.6-35B-A3B-FP8-without-reasoning,1_medium_5obj_fi,instance_00003,Valid Moves,8
1183,clean_up,Qwen3.6-35B-A3B-FP8-without-reasoning,1_medium_5obj_fi,instance_00003,Invalid Moves,3
1184,clean_up,Qwen3.6-35B-A3B-FP8-without-reasoning,1_medium_5obj_fi,instance_00003,Parse Errors,12
1185,clean_up,Qwen3.6-35B-A3B-FP8-without-reasoning,1_medium_5obj_fi,instance_00003,Main Score,48.98225279328417
1186,clean_up,Qwen3.6-35B-A3B-FP8-without-reasoning,1_medium_5obj_fi,instance_00004,Request Count,35
1187,clean_up,Qwen3.6-35B-A3B-FP8-without-reasoning,1_medium_5obj_fi,instance_00004,Parsed Request Count,33
1188,clean_up,Qwen3.6-35B-A3B-FP8-without-reasoning,1_medium_5obj_fi,instance_00004,Violated Request Count,2
1189,clean_up,Qwen3.6-35B-A3B-FP8-without-reasoning,1_medium_5obj_fi,instance_00004,Request Success Ratio,0.9428571428571428
1190,clean_up,Qwen3.6-35B-A3B-FP8-without-reasoning,1_medium_5obj_fi,instance_00004,Aborted,0
1191,clean_up,Qwen3.6-35B-A3B-FP8-without-reasoning,1_medium_5obj_fi,instance_00004,Lose,0
1192,clean_up,Qwen3.6-35B-A3B-FP8-without-reasoning,1_medium_5obj_fi,instance_00004,Success,1
1193,clean_up,Qwen3.6-35B-A3B-FP8-without-reasoning,1_medium_5obj_fi,instance_00004,Distance Score,0.831031042276108
1194,clean_up,Qwen3.6-35B-A3B-FP8-without-reasoning,1_medium_5obj_fi,instance_00004,Coverage Score,0.3333333333333333
1195,clean_up,Qwen3.6-35B-A3B-FP8-without-reasoning,1_medium_5obj_fi,instance_00004,Penalty Score,0.5
1196,clean_up,Qwen3.6-35B-A3B-FP8-without-reasoning,1_medium_5obj_fi,instance_00004,Moves,"[['Player 2', 'C'], ['Player 1', 'H'], ['Player 2', 'H'], ['Player 1', 'C'], ['Player 2', 'I']]"
1197,clean_up,Qwen3.6-35B-A3B-FP8-without-reasoning,1_medium_5obj_fi,instance_00004,Init States,"{'state_1': [{'id': 'W', 'coord': [3, 3]}, {'id': 'I', 'coord': [1, 3]}, {'id': 'T', 'coord': [3, 2]}, {'id': 'C', 'coord': [6, 1]}, {'id': 'H', 'coord': [1, 1]}], 'state_2': [{'id': 'W', 'coord': [1, 6]}, {'id': 'I', 'coord': [7, 1]}, {'id': 'T', 'coord': [3, 2]}, {'id': 'C', 'coord': [6, 5]}, {'id': 'H', 'coord': [6, 7]}]}"
1198,clean_up,Qwen3.6-35B-A3B-FP8-without-reasoning,1_medium_5obj_fi,instance_00004,End States,"{'state_1': [{'id': 'W', 'coord': [3, 3]}, {'id': 'I', 'coord': [1, 3]}, {'id': 'T', 'coord': [3, 2]}, {'id': 'C', 'coord': [1, 1]}, {'id': 'H', 'coord': [1, 5]}], 'state_2': [{'id': 'W', 'coord': [1, 6]}, {'id': 'I', 'coord': [1, 3]}, {'id': 'T', 'coord': [3, 2]}, {'id': 'C', 'coord': [1, 1]}, {'id': 'H', 'coord': [1, 5]}]}"
1199,clean_up,Qwen3.6-35B-A3B-FP8-without-reasoning,1_medium_5obj_fi,instance_00004,Shifts,3
1200,clean_up,Qwen3.6-35B-A3B-FP8-without-reasoning,1_medium_5obj_fi,instance_00004,Max Shifts,8
1201,clean_up,Qwen3.6-35B-A3B-FP8-without-reasoning,1_medium_5obj_fi,instance_00004,Min Shifts,4
1202,clean_up,Qwen3.6-35B-A3B-FP8-without-reasoning,1_medium_5obj_fi,instance_00004,End Distance Sum,3.605551275463989
1203,clean_up,Qwen3.6-35B-A3B-FP8-without-reasoning,1_medium_5obj_fi,instance_00004,Init Distance Sum,21.7403562717074
1204,clean_up,Qwen3.6-35B-A3B-FP8-without-reasoning,1_medium_5obj_fi,instance_00004,Expected Distance Sum,20.95131203515696
1205,clean_up,Qwen3.6-35B-A3B-FP8-without-reasoning,1_medium_5obj_fi,instance_00004,Penalties,12
1206,clean_up,Qwen3.6-35B-A3B-FP8-without-reasoning,1_medium_5obj_fi,instance_00004,Max Penalties,12
1207,clean_up,Qwen3.6-35B-A3B-FP8-without-reasoning,1_medium_5obj_fi,instance_00004,Rounds,11
1208,clean_up,Qwen3.6-35B-A3B-FP8-without-reasoning,1_medium_5obj_fi,instance_00004,Max Rounds,20
1209,clean_up,Qwen3.6-35B-A3B-FP8-without-reasoning,1_medium_5obj_fi,instance_00004,Object Count,5
1210,clean_up,Qwen3.6-35B-A3B-FP8-without-reasoning,1_medium_5obj_fi,instance_00004,Valid Moves,5
1211,clean_up,Qwen3.6-35B-A3B-FP8-without-reasoning,1_medium_5obj_fi,instance_00004,Invalid Moves,10
1212,clean_up,Qwen3.6-35B-A3B-FP8-without-reasoning,1_medium_5obj_fi,instance_00004,Parse Errors,4
1213,clean_up,Qwen3.6-35B-A3B-FP8-without-reasoning,1_medium_5obj_fi,instance_00004,Main Score,41.5515521138054
1214,clean_up,Qwen3.6-35B-A3B-FP8-without-reasoning,1_medium_5obj_fi,instance_00001,Request Count,24
1215,clean_up,Qwen3.6-35B-A3B-FP8-without-reasoning,1_medium_5obj_fi,instance_00001,Parsed Request Count,23
1216,clean_up,Qwen3.6-35B-A3B-FP8-without-reasoning,1_medium_5obj_fi,instance_00001,Violated Request Count,1
1217,clean_up,Qwen3.6-35B-A3B-FP8-without-reasoning,1_medium_5obj_fi,instance_00001,Request Success Ratio,0.9583333333333334
1218,clean_up,Qwen3.6-35B-A3B-FP8-without-reasoning,1_medium_5obj_fi,instance_00001,Aborted,0
1219,clean_up,Qwen3.6-35B-A3B-FP8-without-reasoning,1_medium_5obj_fi,instance_00001,Lose,0
1220,clean_up,Qwen3.6-35B-A3B-FP8-without-reasoning,1_medium_5obj_fi,instance_00001,Success,1
1221,clean_up,Qwen3.6-35B-A3B-FP8-without-reasoning,1_medium_5obj_fi,instance_00001,Distance Score,0.49264201043778966
1222,clean_up,Qwen3.6-35B-A3B-FP8-without-reasoning,1_medium_5obj_fi,instance_00001,Consistency Score,0.6
1223,clean_up,Qwen3.6-35B-A3B-FP8-without-reasoning,1_medium_5obj_fi,instance_00001,Coverage Score,0.8333333333333334
1224,clean_up,Qwen3.6-35B-A3B-FP8-without-reasoning,1_medium_5obj_fi,instance_00001,Penalty Score,0.6428571428571428
1225,clean_up,Qwen3.6-35B-A3B-FP8-without-reasoning,1_medium_5obj_fi,instance_00001,Moves,"[['Player 1', 'T'], ['Player 1', 'W'], ['Player 2', 'W'], ['Player 1', 'I'], ['Player 2', 'I'], ['Player 1', 'H'], ['Player 2', 'T'], ['Player 1', 'C'], ['Player 2', 'H']]"
1226,clean_up,Qwen3.6-35B-A3B-FP8-without-reasoning,1_medium_5obj_fi,instance_00001,Init States,"{'state_1': [{'id': 'W', 'coord': [1, 3]}, {'id': 'I', 'coord': [2, 3]}, {'id': 'T', 'coord': [4, 1]}, {'id': 'C', 'coord': [7, 5]}, {'id': 'H', 'coord': [4, 5]}], 'state_2': [{'id': 'W', 'coord': [4, 1]}, {'id': 'I', 'coord': [7, 1]}, {'id': 'T', 'coord': [4, 4]}, {'id': 'C', 'coord': [1, 7]}, {'id': 'H', 'coord': [1, 5]}]}"
1227,clean_up,Qwen3.6-35B-A3B-FP8-without-reasoning,1_medium_5obj_fi,instance_00001,End States,"{'state_1': [{'id': 'W', 'coord': [1, 1]}, {'id': 'I', 'coord': [2, 1]}, {'id': 'T', 'coord': [5, 1]}, {'id': 'C', 'coord': [7, 1]}, {'id': 'H', 'coord': [4, 1]}], 'state_2': [{'id': 'W', 'coord': [1, 1]}, {'id': 'I', 'coord': [2, 1]}, {'id': 'T', 'coord': [4, 3]}, {'id': 'C', 'coord': [1, 7]}, {'id': 'H', 'coord': [4, 1]}]}"
1228,clean_up,Qwen3.6-35B-A3B-FP8-without-reasoning,1_medium_5obj_fi,instance_00001,Shifts,6
1229,clean_up,Qwen3.6-35B-A3B-FP8-without-reasoning,1_medium_5obj_fi,instance_00001,Max Shifts,8
1230,clean_up,Qwen3.6-35B-A3B-FP8-without-reasoning,1_medium_5obj_fi,instance_00001,Min Shifts,4
1231,clean_up,Qwen3.6-35B-A3B-FP8-without-reasoning,1_medium_5obj_fi,instance_00001,End Distance Sum,10.72134935173836
1232,clean_up,Qwen3.6-35B-A3B-FP8-without-reasoning,1_medium_5obj_fi,instance_00001,Init Distance Sum,21.315271402935252
1233,clean_up,Qwen3.6-35B-A3B-FP8-without-reasoning,1_medium_5obj_fi,instance_00001,Expected Distance Sum,20.95131203515696
1234,clean_up,Qwen3.6-35B-A3B-FP8-without-reasoning,1_medium_5obj_fi,instance_00001,Penalties,10
1235,clean_up,Qwen3.6-35B-A3B-FP8-without-reasoning,1_medium_5obj_fi,instance_00001,Max Penalties,12
1236,clean_up,Qwen3.6-35B-A3B-FP8-without-reasoning,1_medium_5obj_fi,instance_00001,Rounds,7
1237,clean_up,Qwen3.6-35B-A3B-FP8-without-reasoning,1_medium_5obj_fi,instance_00001,Max Rounds,20
1238,clean_up,Qwen3.6-35B-A3B-FP8-without-reasoning,1_medium_5obj_fi,instance_00001,Object Count,5
1239,clean_up,Qwen3.6-35B-A3B-FP8-without-reasoning,1_medium_5obj_fi,instance_00001,Valid Moves,9
1240,clean_up,Qwen3.6-35B-A3B-FP8-without-reasoning,1_medium_5obj_fi,instance_00001,Invalid Moves,9
1241,clean_up,Qwen3.6-35B-A3B-FP8-without-reasoning,1_medium_5obj_fi,instance_00001,Parse Errors,2
1242,clean_up,Qwen3.6-35B-A3B-FP8-without-reasoning,1_medium_5obj_fi,instance_00001,Main Score,31.669843528143616
1243,clean_up,Qwen3.6-35B-A3B-FP8-without-reasoning,1_medium_5obj_fi,instance_00000,Request Count,26
1244,clean_up,Qwen3.6-35B-A3B-FP8-without-reasoning,1_medium_5obj_fi,instance_00000,Parsed Request Count,24
1245,clean_up,Qwen3.6-35B-A3B-FP8-without-reasoning,1_medium_5obj_fi,instance_00000,Violated Request Count,2
1246,clean_up,Qwen3.6-35B-A3B-FP8-without-reasoning,1_medium_5obj_fi,instance_00000,Request Success Ratio,0.9230769230769231
1247,clean_up,Qwen3.6-35B-A3B-FP8-without-reasoning,1_medium_5obj_fi,instance_00000,Aborted,0
1248,clean_up,Qwen3.6-35B-A3B-FP8-without-reasoning,1_medium_5obj_fi,instance_00000,Lose,0
1249,clean_up,Qwen3.6-35B-A3B-FP8-without-reasoning,1_medium_5obj_fi,instance_00000,Success,1
1250,clean_up,Qwen3.6-35B-A3B-FP8-without-reasoning,1_medium_5obj_fi,instance_00000,Distance Score,0.7144727162850946
1251,clean_up,Qwen3.6-35B-A3B-FP8-without-reasoning,1_medium_5obj_fi,instance_00000,Consistency Score,0.8
1252,clean_up,Qwen3.6-35B-A3B-FP8-without-reasoning,1_medium_5obj_fi,instance_00000,Coverage Score,0.8333333333333334
1253,clean_up,Qwen3.6-35B-A3B-FP8-without-reasoning,1_medium_5obj_fi,instance_00000,Penalty Score,0.5
1254,clean_up,Qwen3.6-35B-A3B-FP8-without-reasoning,1_medium_5obj_fi,instance_00000,Moves,"[['Player 2', 'W'], ['Player 1', 'I'], ['Player 2', 'I'], ['Player 1', 'T'], ['Player 2', 'T'], ['Player 1', 'W'], ['Player 2', 'H'], ['Player 1', 'H'], ['Player 2', 'C']]"
1255,clean_up,Qwen3.6-35B-A3B-FP8-without-reasoning,1_medium_5obj_fi,instance_00000,Init States,"{'state_1': [{'id': 'W', 'coord': [4, 1]}, {'id': 'I', 'coord': [2, 1]}, {'id': 'T', 'coord': [3, 1]}, {'id': 'C', 'coord': [1, 7]}, {'id': 'H', 'coord': [3, 5]}], 'state_2': [{'id': 'W', 'coord': [3, 5]}, {'id': 'I', 'coord': [2, 7]}, {'id': 'T', 'coord': [7, 1]}, {'id': 'C', 'coord': [4, 3]}, {'id': 'H', 'coord': [6, 1]}]}"
1256,clean_up,Qwen3.6-35B-A3B-FP8-without-reasoning,1_medium_5obj_fi,instance_00000,End States,"{'state_1': [{'id': 'W', 'coord': [3, 1]}, {'id': 'I', 'coord': [1, 1]}, {'id': 'T', 'coord': [2, 1]}, {'id': 'C', 'coord': [1, 7]}, {'id': 'H', 'coord': [4, 1]}], 'state_2': [{'id': 'W', 'coord': [3, 1]}, {'id': 'I', 'coord': [1, 1]}, {'id': 'T', 'coord': [2, 1]}, {'id': 'C', 'coord': [6, 3]}, {'id': 'H', 'coord': [4, 1]}]}"
1257,clean_up,Qwen3.6-35B-A3B-FP8-without-reasoning,1_medium_5obj_fi,instance_00000,Shifts,5
1258,clean_up,Qwen3.6-35B-A3B-FP8-without-reasoning,1_medium_5obj_fi,instance_00000,Max Shifts,8
1259,clean_up,Qwen3.6-35B-A3B-FP8-without-reasoning,1_medium_5obj_fi,instance_00000,Min Shifts,4
1260,clean_up,Qwen3.6-35B-A3B-FP8-without-reasoning,1_medium_5obj_fi,instance_00000,End Distance Sum,6.4031242374328485
1261,clean_up,Qwen3.6-35B-A3B-FP8-without-reasoning,1_medium_5obj_fi,instance_00000,Init Distance Sum,24.12310562561766
1262,clean_up,Qwen3.6-35B-A3B-FP8-without-reasoning,1_medium_5obj_fi,instance_00000,Expected Distance Sum,20.95131203515696
1263,clean_up,Qwen3.6-35B-A3B-FP8-without-reasoning,1_medium_5obj_fi,instance_00000,Penalties,12
1264,clean_up,Qwen3.6-35B-A3B-FP8-without-reasoning,1_medium_5obj_fi,instance_00000,Max Penalties,12
1265,clean_up,Qwen3.6-35B-A3B-FP8-without-reasoning,1_medium_5obj_fi,instance_00000,Rounds,7
1266,clean_up,Qwen3.6-35B-A3B-FP8-without-reasoning,1_medium_5obj_fi,instance_00000,Max Rounds,20
1267,clean_up,Qwen3.6-35B-A3B-FP8-without-reasoning,1_medium_5obj_fi,instance_00000,Object Count,5
1268,clean_up,Qwen3.6-35B-A3B-FP8-without-reasoning,1_medium_5obj_fi,instance_00000,Valid Moves,9
1269,clean_up,Qwen3.6-35B-A3B-FP8-without-reasoning,1_medium_5obj_fi,instance_00000,Invalid Moves,10
1270,clean_up,Qwen3.6-35B-A3B-FP8-without-reasoning,1_medium_5obj_fi,instance_00000,Parse Errors,4
1271,clean_up,Qwen3.6-35B-A3B-FP8-without-reasoning,1_medium_5obj_fi,instance_00000,Main Score,35.72363581425473
1272,clean_up,Qwen3.6-35B-A3B-FP8-without-reasoning,2_hard_3obj_fi,instance_00002,Request Count,17
1273,clean_up,Qwen3.6-35B-A3B-FP8-without-reasoning,2_hard_3obj_fi,instance_00002,Parsed Request Count,13
1274,clean_up,Qwen3.6-35B-A3B-FP8-without-reasoning,2_hard_3obj_fi,instance_00002,Violated Request Count,4
1275,clean_up,Qwen3.6-35B-A3B-FP8-without-reasoning,2_hard_3obj_fi,instance_00002,Request Success Ratio,0.7647058823529411
1276,clean_up,Qwen3.6-35B-A3B-FP8-without-reasoning,2_hard_3obj_fi,instance_00002,Aborted,0
1277,clean_up,Qwen3.6-35B-A3B-FP8-without-reasoning,2_hard_3obj_fi,instance_00002,Lose,0
1278,clean_up,Qwen3.6-35B-A3B-FP8-without-reasoning,2_hard_3obj_fi,instance_00002,Success,1
1279,clean_up,Qwen3.6-35B-A3B-FP8-without-reasoning,2_hard_3obj_fi,instance_00002,Distance Score,0.8087065328178746
1280,clean_up,Qwen3.6-35B-A3B-FP8-without-reasoning,2_hard_3obj_fi,instance_00002,Consistency Score,1.0
1281,clean_up,Qwen3.6-35B-A3B-FP8-without-reasoning,2_hard_3obj_fi,instance_00002,Coverage Score,0.5
1282,clean_up,Qwen3.6-35B-A3B-FP8-without-reasoning,2_hard_3obj_fi,instance_00002,Penalty Score,0.8333333333333334
1283,clean_up,Qwen3.6-35B-A3B-FP8-without-reasoning,2_hard_3obj_fi,instance_00002,Moves,"[['Player 1', 'L'], ['Player 1', 'C'], ['Player 2', 'P'], ['Player 1', 'P']]"
1284,clean_up,Qwen3.6-35B-A3B-FP8-without-reasoning,2_hard_3obj_fi,instance_00002,Init States,"{'state_1': [{'id': 'C', 'coord': [7, 5]}, {'id': 'L', 'coord': [4, 3]}, {'id': 'P', 'coord': [7, 6]}], 'state_2': [{'id': 'C', 'coord': [2, 3]}, {'id': 'L', 'coord': [1, 2]}, {'id': 'P', 'coord': [3, 7]}]}"
1285,clean_up,Qwen3.6-35B-A3B-FP8-without-reasoning,2_hard_3obj_fi,instance_00002,End States,"{'state_1': [{'id': 'C', 'coord': [1, 2]}, {'id': 'L', 'coord': [1, 1]}, {'id': 'P', 'coord': [1, 3]}], 'state_2': [{'id': 'C', 'coord': [2, 3]}, {'id': 'L', 'coord': [1, 2]}, {'id': 'P', 'coord': [1, 3]}]}"
1286,clean_up,Qwen3.6-35B-A3B-FP8-without-reasoning,2_hard_3obj_fi,instance_00002,Shifts,2
1287,clean_up,Qwen3.6-35B-A3B-FP8-without-reasoning,2_hard_3obj_fi,instance_00002,Max Shifts,4
1288,clean_up,Qwen3.6-35B-A3B-FP8-without-reasoning,2_hard_3obj_fi,instance_00002,Min Shifts,2
1289,clean_up,Qwen3.6-35B-A3B-FP8-without-reasoning,2_hard_3obj_fi,instance_00002,End Distance Sum,2.414213562373095
1290,clean_up,Qwen3.6-35B-A3B-FP8-without-reasoning,2_hard_3obj_fi,instance_00002,Init Distance Sum,12.670548092920544
1291,clean_up,Qwen3.6-35B-A3B-FP8-without-reasoning,2_hard_3obj_fi,instance_00002,Expected Distance Sum,12.570787221094177
1292,clean_up,Qwen3.6-35B-A3B-FP8-without-reasoning,2_hard_3obj_fi,instance_00002,Penalties,4
1293,clean_up,Qwen3.6-35B-A3B-FP8-without-reasoning,2_hard_3obj_fi,instance_00002,Max Penalties,8
1294,clean_up,Qwen3.6-35B-A3B-FP8-without-reasoning,2_hard_3obj_fi,instance_00002,Rounds,6
1295,clean_up,Qwen3.6-35B-A3B-FP8-without-reasoning,2_hard_3obj_fi,instance_00002,Max Rounds,12
1296,clean_up,Qwen3.6-35B-A3B-FP8-without-reasoning,2_hard_3obj_fi,instance_00002,Object Count,3
1297,clean_up,Qwen3.6-35B-A3B-FP8-without-reasoning,2_hard_3obj_fi,instance_00002,Valid Moves,4
1298,clean_up,Qwen3.6-35B-A3B-FP8-without-reasoning,2_hard_3obj_fi,instance_00002,Invalid Moves,0
1299,clean_up,Qwen3.6-35B-A3B-FP8-without-reasoning,2_hard_3obj_fi,instance_00002,Parse Errors,8
1300,clean_up,Qwen3.6-35B-A3B-FP8-without-reasoning,2_hard_3obj_fi,instance_00002,Main Score,67.39221106815623
1301,clean_up,Qwen3.6-35B-A3B-FP8-without-reasoning,2_hard_3obj_fi,instance_00003,Request Count,26
1302,clean_up,Qwen3.6-35B-A3B-FP8-without-reasoning,2_hard_3obj_fi,instance_00003,Parsed Request Count,26
1303,clean_up,Qwen3.6-35B-A3B-FP8-without-reasoning,2_hard_3obj_fi,instance_00003,Violated Request Count,0
1304,clean_up,Qwen3.6-35B-A3B-FP8-without-reasoning,2_hard_3obj_fi,instance_00003,Request Success Ratio,1.0
1305,clean_up,Qwen3.6-35B-A3B-FP8-without-reasoning,2_hard_3obj_fi,instance_00003,Aborted,0
1306,clean_up,Qwen3.6-35B-A3B-FP8-without-reasoning,2_hard_3obj_fi,instance_00003,Lose,0
1307,clean_up,Qwen3.6-35B-A3B-FP8-without-reasoning,2_hard_3obj_fi,instance_00003,Success,1
1308,clean_up,Qwen3.6-35B-A3B-FP8-without-reasoning,2_hard_3obj_fi,instance_00003,Distance Score,0.697083212733046
1309,clean_up,Qwen3.6-35B-A3B-FP8-without-reasoning,2_hard_3obj_fi,instance_00003,Consistency Score,1.0
1310,clean_up,Qwen3.6-35B-A3B-FP8-without-reasoning,2_hard_3obj_fi,instance_00003,Coverage Score,1.0
1311,clean_up,Qwen3.6-35B-A3B-FP8-without-reasoning,2_hard_3obj_fi,instance_00003,Penalty Score,-6.5
1312,clean_up,Qwen3.6-35B-A3B-FP8-without-reasoning,2_hard_3obj_fi,instance_00003,Moves,"[['Player 2', 'L'], ['Player 1', 'L'], ['Player 2', 'C'], ['Player 1', 'C'], ['Player 2', 'P'], ['Player 1', 'P']]"
1313,clean_up,Qwen3.6-35B-A3B-FP8-without-reasoning,2_hard_3obj_fi,instance_00003,Init States,"{'state_1': [{'id': 'C', 'coord': [1, 2]}, {'id': 'L', 'coord': [1, 1]}, {'id': 'P', 'coord': [7, 7]}], 'state_2': [{'id': 'C', 'coord': [5, 5]}, {'id': 'L', 'coord': [6, 2]}, {'id': 'P', 'coord': [3, 3]}]}"
1314,clean_up,Qwen3.6-35B-A3B-FP8-without-reasoning,2_hard_3obj_fi,instance_00003,End States,"{'state_1': [{'id': 'C', 'coord': [3, 3]}, {'id': 'L', 'coord': [3, 1]}, {'id': 'P', 'coord': [1, 4]}], 'state_2': [{'id': 'C', 'coord': [1, 2]}, {'id': 'L', 'coord': [1, 1]}, {'id': 'P', 'coord': [1, 4]}]}"
1315,clean_up,Qwen3.6-35B-A3B-FP8-without-reasoning,2_hard_3obj_fi,instance_00003,Shifts,2
1316,clean_up,Qwen3.6-35B-A3B-FP8-without-reasoning,2_hard_3obj_fi,instance_00003,Max Shifts,4
1317,clean_up,Qwen3.6-35B-A3B-FP8-without-reasoning,2_hard_3obj_fi,instance_00003,Min Shifts,2
1318,clean_up,Qwen3.6-35B-A3B-FP8-without-reasoning,2_hard_3obj_fi,instance_00003,End Distance Sum,4.23606797749979
1319,clean_up,Qwen3.6-35B-A3B-FP8-without-reasoning,2_hard_3obj_fi,instance_00003,Init Distance Sum,15.755873763085166
1320,clean_up,Qwen3.6-35B-A3B-FP8-without-reasoning,2_hard_3obj_fi,instance_00003,Expected Distance Sum,12.570787221094177
1321,clean_up,Qwen3.6-35B-A3B-FP8-without-reasoning,2_hard_3obj_fi,instance_00003,Penalties,15
1322,clean_up,Qwen3.6-35B-A3B-FP8-without-reasoning,2_hard_3obj_fi,instance_00003,Max Penalties,8
1323,clean_up,Qwen3.6-35B-A3B-FP8-without-reasoning,2_hard_3obj_fi,instance_00003,Rounds,5
1324,clean_up,Qwen3.6-35B-A3B-FP8-without-reasoning,2_hard_3obj_fi,instance_00003,Max Rounds,12
1325,clean_up,Qwen3.6-35B-A3B-FP8-without-reasoning,2_hard_3obj_fi,instance_00003,Object Count,3
1326,clean_up,Qwen3.6-35B-A3B-FP8-without-reasoning,2_hard_3obj_fi,instance_00003,Valid Moves,6
1327,clean_up,Qwen3.6-35B-A3B-FP8-without-reasoning,2_hard_3obj_fi,instance_00003,Invalid Moves,15
1328,clean_up,Qwen3.6-35B-A3B-FP8-without-reasoning,2_hard_3obj_fi,instance_00003,Parse Errors,0
1329,clean_up,Qwen3.6-35B-A3B-FP8-without-reasoning,2_hard_3obj_fi,instance_00003,Main Score,-453.1040882764799
1330,clean_up,Qwen3.6-35B-A3B-FP8-without-reasoning,2_hard_3obj_fi,instance_00004,Request Count,15
1331,clean_up,Qwen3.6-35B-A3B-FP8-without-reasoning,2_hard_3obj_fi,instance_00004,Parsed Request Count,15
1332,clean_up,Qwen3.6-35B-A3B-FP8-without-reasoning,2_hard_3obj_fi,instance_00004,Violated Request Count,0
1333,clean_up,Qwen3.6-35B-A3B-FP8-without-reasoning,2_hard_3obj_fi,instance_00004,Request Success Ratio,1.0
1334,clean_up,Qwen3.6-35B-A3B-FP8-without-reasoning,2_hard_3obj_fi,instance_00004,Aborted,0
1335,clean_up,Qwen3.6-35B-A3B-FP8-without-reasoning,2_hard_3obj_fi,instance_00004,Lose,0
1336,clean_up,Qwen3.6-35B-A3B-FP8-without-reasoning,2_hard_3obj_fi,instance_00004,Success,1
1337,clean_up,Qwen3.6-35B-A3B-FP8-without-reasoning,2_hard_3obj_fi,instance_00004,Distance Score,0.514578404182412
1338,clean_up,Qwen3.6-35B-A3B-FP8-without-reasoning,2_hard_3obj_fi,instance_00004,Coverage Score,0.5625
1339,clean_up,Qwen3.6-35B-A3B-FP8-without-reasoning,2_hard_3obj_fi,instance_00004,Penalty Score,0.9285714285714286
1340,clean_up,Qwen3.6-35B-A3B-FP8-without-reasoning,2_hard_3obj_fi,instance_00004,Moves,"[['Player 2', 'P'], ['Player 1', 'P'], ['Player 2', 'C'], ['Player 1', 'C']]"
1341,clean_up,Qwen3.6-35B-A3B-FP8-without-reasoning,2_hard_3obj_fi,instance_00004,Init States,"{'state_1': [{'id': 'C', 'coord': [4, 7]}, {'id': 'L', 'coord': [7, 6]}, {'id': 'P', 'coord': [6, 3]}], 'state_2': [{'id': 'C', 'coord': [7, 7]}, {'id': 'L', 'coord': [2, 2]}, {'id': 'P', 'coord': [2, 1]}]}"
1342,clean_up,Qwen3.6-35B-A3B-FP8-without-reasoning,2_hard_3obj_fi,instance_00004,End States,"{'state_1': [{'id': 'C', 'coord': [3, 3]}, {'id': 'L', 'coord': [7, 6]}, {'id': 'P', 'coord': [1, 1]}], 'state_2': [{'id': 'C', 'coord': [3, 3]}, {'id': 'L', 'coord': [2, 2]}, {'id': 'P', 'coord': [1, 1]}]}"
1343,clean_up,Qwen3.6-35B-A3B-FP8-without-reasoning,2_hard_3obj_fi,instance_00004,Shifts,1
1344,clean_up,Qwen3.6-35B-A3B-FP8-without-reasoning,2_hard_3obj_fi,instance_00004,Max Shifts,4
1345,clean_up,Qwen3.6-35B-A3B-FP8-without-reasoning,2_hard_3obj_fi,instance_00004,Min Shifts,2
1346,clean_up,Qwen3.6-35B-A3B-FP8-without-reasoning,2_hard_3obj_fi,instance_00004,End Distance Sum,6.4031242374328485
1347,clean_up,Qwen3.6-35B-A3B-FP8-without-reasoning,2_hard_3obj_fi,instance_00004,Init Distance Sum,13.875260192432428
1348,clean_up,Qwen3.6-35B-A3B-FP8-without-reasoning,2_hard_3obj_fi,instance_00004,Expected Distance Sum,12.570787221094177
1349,clean_up,Qwen3.6-35B-A3B-FP8-without-reasoning,2_hard_3obj_fi,instance_00004,Penalties,2
1350,clean_up,Qwen3.6-35B-A3B-FP8-without-reasoning,2_hard_3obj_fi,instance_00004,Max Penalties,8
1351,clean_up,Qwen3.6-35B-A3B-FP8-without-reasoning,2_hard_3obj_fi,instance_00004,Rounds,6
1352,clean_up,Qwen3.6-35B-A3B-FP8-without-reasoning,2_hard_3obj_fi,instance_00004,Max Rounds,12
1353,clean_up,Qwen3.6-35B-A3B-FP8-without-reasoning,2_hard_3obj_fi,instance_00004,Object Count,3
1354,clean_up,Qwen3.6-35B-A3B-FP8-without-reasoning,2_hard_3obj_fi,instance_00004,Valid Moves,4
1355,clean_up,Qwen3.6-35B-A3B-FP8-without-reasoning,2_hard_3obj_fi,instance_00004,Invalid Moves,2
1356,clean_up,Qwen3.6-35B-A3B-FP8-without-reasoning,2_hard_3obj_fi,instance_00004,Parse Errors,0
1357,clean_up,Qwen3.6-35B-A3B-FP8-without-reasoning,2_hard_3obj_fi,instance_00004,Main Score,47.78228038836683
1358,clean_up,Qwen3.6-35B-A3B-FP8-without-reasoning,2_hard_3obj_fi,instance_00001,Request Count,12
1359,clean_up,Qwen3.6-35B-A3B-FP8-without-reasoning,2_hard_3obj_fi,instance_00001,Parsed Request Count,12
1360,clean_up,Qwen3.6-35B-A3B-FP8-without-reasoning,2_hard_3obj_fi,instance_00001,Violated Request Count,0
1361,clean_up,Qwen3.6-35B-A3B-FP8-without-reasoning,2_hard_3obj_fi,instance_00001,Request Success Ratio,1.0
1362,clean_up,Qwen3.6-35B-A3B-FP8-without-reasoning,2_hard_3obj_fi,instance_00001,Aborted,0
1363,clean_up,Qwen3.6-35B-A3B-FP8-without-reasoning,2_hard_3obj_fi,instance_00001,Lose,0
1364,clean_up,Qwen3.6-35B-A3B-FP8-without-reasoning,2_hard_3obj_fi,instance_00001,Success,1
1365,clean_up,Qwen3.6-35B-A3B-FP8-without-reasoning,2_hard_3obj_fi,instance_00001,Distance Score,1.0
1366,clean_up,Qwen3.6-35B-A3B-FP8-without-reasoning,2_hard_3obj_fi,instance_00001,Consistency Score,0.6666666666666667
1367,clean_up,Qwen3.6-35B-A3B-FP8-without-reasoning,2_hard_3obj_fi,instance_00001,Coverage Score,1.0
1368,clean_up,Qwen3.6-35B-A3B-FP8-without-reasoning,2_hard_3obj_fi,instance_00001,Penalty Score,1.0
1369,clean_up,Qwen3.6-35B-A3B-FP8-without-reasoning,2_hard_3obj_fi,instance_00001,Moves,"[['Player 1', 'C'], ['Player 2', 'C'], ['Player 1', 'P'], ['Player 2', 'L'], ['Player 1', 'L'], ['Player 2', 'P']]"
1370,clean_up,Qwen3.6-35B-A3B-FP8-without-reasoning,2_hard_3obj_fi,instance_00001,Init States,"{'state_1': [{'id': 'C', 'coord': [4, 3]}, {'id': 'L', 'coord': [7, 7]}, {'id': 'P', 'coord': [2, 2]}], 'state_2': [{'id': 'C', 'coord': [1, 5]}, {'id': 'L', 'coord': [3, 2]}, {'id': 'P', 'coord': [1, 7]}]}"
1371,clean_up,Qwen3.6-35B-A3B-FP8-without-reasoning,2_hard_3obj_fi,instance_00001,End States,"{'state_1': [{'id': 'C', 'coord': [1, 1]}, {'id': 'L', 'coord': [1, 2]}, {'id': 'P', 'coord': [1, 3]}], 'state_2': [{'id': 'C', 'coord': [1, 1]}, {'id': 'L', 'coord': [1, 2]}, {'id': 'P', 'coord': [1, 3]}]}"
1372,clean_up,Qwen3.6-35B-A3B-FP8-without-reasoning,2_hard_3obj_fi,instance_00001,Shifts,3
1373,clean_up,Qwen3.6-35B-A3B-FP8-without-reasoning,2_hard_3obj_fi,instance_00001,Max Shifts,4
1374,clean_up,Qwen3.6-35B-A3B-FP8-without-reasoning,2_hard_3obj_fi,instance_00001,Min Shifts,2
1375,clean_up,Qwen3.6-35B-A3B-FP8-without-reasoning,2_hard_3obj_fi,instance_00001,End Distance Sum,0.0
1376,clean_up,Qwen3.6-35B-A3B-FP8-without-reasoning,2_hard_3obj_fi,instance_00001,Init Distance Sum,15.107695026489623
1377,clean_up,Qwen3.6-35B-A3B-FP8-without-reasoning,2_hard_3obj_fi,instance_00001,Expected Distance Sum,12.570787221094177
1378,clean_up,Qwen3.6-35B-A3B-FP8-without-reasoning,2_hard_3obj_fi,instance_00001,Penalties,0
1379,clean_up,Qwen3.6-35B-A3B-FP8-without-reasoning,2_hard_3obj_fi,instance_00001,Max Penalties,8
1380,clean_up,Qwen3.6-35B-A3B-FP8-without-reasoning,2_hard_3obj_fi,instance_00001,Rounds,6
1381,clean_up,Qwen3.6-35B-A3B-FP8-without-reasoning,2_hard_3obj_fi,instance_00001,Max Rounds,12
1382,clean_up,Qwen3.6-35B-A3B-FP8-without-reasoning,2_hard_3obj_fi,instance_00001,Object Count,3
1383,clean_up,Qwen3.6-35B-A3B-FP8-without-reasoning,2_hard_3obj_fi,instance_00001,Valid Moves,6
1384,clean_up,Qwen3.6-35B-A3B-FP8-without-reasoning,2_hard_3obj_fi,instance_00001,Invalid Moves,0
1385,clean_up,Qwen3.6-35B-A3B-FP8-without-reasoning,2_hard_3obj_fi,instance_00001,Parse Errors,0
1386,clean_up,Qwen3.6-35B-A3B-FP8-without-reasoning,2_hard_3obj_fi,instance_00001,Main Score,100.0
1387,clean_up,Qwen3.6-35B-A3B-FP8-without-reasoning,2_hard_3obj_fi,instance_00000,Request Count,12
1388,clean_up,Qwen3.6-35B-A3B-FP8-without-reasoning,2_hard_3obj_fi,instance_00000,Parsed Request Count,11
1389,clean_up,Qwen3.6-35B-A3B-FP8-without-reasoning,2_hard_3obj_fi,instance_00000,Violated Request Count,1
1390,clean_up,Qwen3.6-35B-A3B-FP8-without-reasoning,2_hard_3obj_fi,instance_00000,Request Success Ratio,0.9166666666666666
1391,clean_up,Qwen3.6-35B-A3B-FP8-without-reasoning,2_hard_3obj_fi,instance_00000,Aborted,0
1392,clean_up,Qwen3.6-35B-A3B-FP8-without-reasoning,2_hard_3obj_fi,instance_00000,Lose,0
1393,clean_up,Qwen3.6-35B-A3B-FP8-without-reasoning,2_hard_3obj_fi,instance_00000,Success,1
1394,clean_up,Qwen3.6-35B-A3B-FP8-without-reasoning,2_hard_3obj_fi,instance_00000,Distance Score,1.0
1395,clean_up,Qwen3.6-35B-A3B-FP8-without-reasoning,2_hard_3obj_fi,instance_00000,Coverage Score,0.5625
1396,clean_up,Qwen3.6-35B-A3B-FP8-without-reasoning,2_hard_3obj_fi,instance_00000,Penalty Score,0.9666666666666667
1397,clean_up,Qwen3.6-35B-A3B-FP8-without-reasoning,2_hard_3obj_fi,instance_00000,Moves,"[['Player 1', 'C'], ['Player 2', 'C'], ['Player 1', 'L'], ['Player 2', 'L']]"
1398,clean_up,Qwen3.6-35B-A3B-FP8-without-reasoning,2_hard_3obj_fi,instance_00000,Init States,"{'state_1': [{'id': 'C', 'coord': [4, 1]}, {'id': 'L', 'coord': [5, 2]}, {'id': 'P', 'coord': [3, 5]}], 'state_2': [{'id': 'C', 'coord': [7, 1]}, {'id': 'L', 'coord': [4, 1]}, {'id': 'P', 'coord': [3, 5]}]}"
1399,clean_up,Qwen3.6-35B-A3B-FP8-without-reasoning,2_hard_3obj_fi,instance_00000,End States,"{'state_1': [{'id': 'C', 'coord': [1, 1]}, {'id': 'L', 'coord': [2, 1]}, {'id': 'P', 'coord': [3, 5]}], 'state_2': [{'id': 'C', 'coord': [1, 1]}, {'id': 'L', 'coord': [2, 1]}, {'id': 'P', 'coord': [3, 5]}]}"
1400,clean_up,Qwen3.6-35B-A3B-FP8-without-reasoning,2_hard_3obj_fi,instance_00000,Shifts,1
1401,clean_up,Qwen3.6-35B-A3B-FP8-without-reasoning,2_hard_3obj_fi,instance_00000,Max Shifts,4
1402,clean_up,Qwen3.6-35B-A3B-FP8-without-reasoning,2_hard_3obj_fi,instance_00000,Min Shifts,2
1403,clean_up,Qwen3.6-35B-A3B-FP8-without-reasoning,2_hard_3obj_fi,instance_00000,End Distance Sum,0.0
1404,clean_up,Qwen3.6-35B-A3B-FP8-without-reasoning,2_hard_3obj_fi,instance_00000,Init Distance Sum,4.414213562373095
1405,clean_up,Qwen3.6-35B-A3B-FP8-without-reasoning,2_hard_3obj_fi,instance_00000,Expected Distance Sum,12.570787221094177
1406,clean_up,Qwen3.6-35B-A3B-FP8-without-reasoning,2_hard_3obj_fi,instance_00000,Penalties,1
1407,clean_up,Qwen3.6-35B-A3B-FP8-without-reasoning,2_hard_3obj_fi,instance_00000,Max Penalties,8
1408,clean_up,Qwen3.6-35B-A3B-FP8-without-reasoning,2_hard_3obj_fi,instance_00000,Rounds,5
1409,clean_up,Qwen3.6-35B-A3B-FP8-without-reasoning,2_hard_3obj_fi,instance_00000,Max Rounds,12
1410,clean_up,Qwen3.6-35B-A3B-FP8-without-reasoning,2_hard_3obj_fi,instance_00000,Object Count,3
1411,clean_up,Qwen3.6-35B-A3B-FP8-without-reasoning,2_hard_3obj_fi,instance_00000,Valid Moves,4
1412,clean_up,Qwen3.6-35B-A3B-FP8-without-reasoning,2_hard_3obj_fi,instance_00000,Invalid Moves,0
1413,clean_up,Qwen3.6-35B-A3B-FP8-without-reasoning,2_hard_3obj_fi,instance_00000,Parse Errors,2
1414,clean_up,Qwen3.6-35B-A3B-FP8-without-reasoning,2_hard_3obj_fi,instance_00000,Main Score,96.66666666666667
1415,clean_up,Qwen3.6-35B-A3B-FP8-without-reasoning,2_hard_5obj_fi,instance_00002,Request Count,21
1416,clean_up,Qwen3.6-35B-A3B-FP8-without-reasoning,2_hard_5obj_fi,instance_00002,Parsed Request Count,21
1417,clean_up,Qwen3.6-35B-A3B-FP8-without-reasoning,2_hard_5obj_fi,instance_00002,Violated Request Count,0
1418,clean_up,Qwen3.6-35B-A3B-FP8-without-reasoning,2_hard_5obj_fi,instance_00002,Request Success Ratio,1.0
1419,clean_up,Qwen3.6-35B-A3B-FP8-without-reasoning,2_hard_5obj_fi,instance_00002,Aborted,0
1420,clean_up,Qwen3.6-35B-A3B-FP8-without-reasoning,2_hard_5obj_fi,instance_00002,Lose,0
1421,clean_up,Qwen3.6-35B-A3B-FP8-without-reasoning,2_hard_5obj_fi,instance_00002,Success,1
1422,clean_up,Qwen3.6-35B-A3B-FP8-without-reasoning,2_hard_5obj_fi,instance_00002,Distance Score,0.7115739383469959
1423,clean_up,Qwen3.6-35B-A3B-FP8-without-reasoning,2_hard_5obj_fi,instance_00002,Consistency Score,1.0
1424,clean_up,Qwen3.6-35B-A3B-FP8-without-reasoning,2_hard_5obj_fi,instance_00002,Coverage Score,1.0
1425,clean_up,Qwen3.6-35B-A3B-FP8-without-reasoning,2_hard_5obj_fi,instance_00002,Penalty Score,0.8684210526315789
1426,clean_up,Qwen3.6-35B-A3B-FP8-without-reasoning,2_hard_5obj_fi,instance_00002,Moves,"[['Player 1', 'W'], ['Player 2', 'W'], ['Player 1', 'I'], ['Player 2', 'I'], ['Player 1', 'H'], ['Player 2', 'H'], ['Player 1', 'C'], ['Player 2', 'C'], ['Player 1', 'T'], ['Player 2', 'T']]"
1427,clean_up,Qwen3.6-35B-A3B-FP8-without-reasoning,2_hard_5obj_fi,instance_00002,Init States,"{'state_1': [{'id': 'W', 'coord': [1, 2]}, {'id': 'I', 'coord': [1, 5]}, {'id': 'T', 'coord': [5, 7]}, {'id': 'C', 'coord': [3, 7]}, {'id': 'H', 'coord': [3, 5]}], 'state_2': [{'id': 'W', 'coord': [3, 5]}, {'id': 'I', 'coord': [5, 4]}, {'id': 'T', 'coord': [4, 5]}, {'id': 'C', 'coord': [3, 7]}, {'id': 'H', 'coord': [7, 1]}]}"
1428,clean_up,Qwen3.6-35B-A3B-FP8-without-reasoning,2_hard_5obj_fi,instance_00002,End States,"{'state_1': [{'id': 'W', 'coord': [1, 1]}, {'id': 'I', 'coord': [1, 2]}, {'id': 'T', 'coord': [1, 7]}, {'id': 'C', 'coord': [1, 5]}, {'id': 'H', 'coord': [1, 3]}], 'state_2': [{'id': 'W', 'coord': [1, 1]}, {'id': 'I', 'coord': [1, 2]}, {'id': 'T', 'coord': [1, 5]}, {'id': 'C', 'coord': [4, 4]}, {'id': 'H', 'coord': [1, 3]}]}"
1429,clean_up,Qwen3.6-35B-A3B-FP8-without-reasoning,2_hard_5obj_fi,instance_00002,Shifts,4
1430,clean_up,Qwen3.6-35B-A3B-FP8-without-reasoning,2_hard_5obj_fi,instance_00002,Max Shifts,8
1431,clean_up,Qwen3.6-35B-A3B-FP8-without-reasoning,2_hard_5obj_fi,instance_00002,Min Shifts,4
1432,clean_up,Qwen3.6-35B-A3B-FP8-without-reasoning,2_hard_5obj_fi,instance_00002,End Distance Sum,5.16227766016838
1433,clean_up,Qwen3.6-35B-A3B-FP8-without-reasoning,2_hard_5obj_fi,instance_00002,Init Distance Sum,15.621579128073819
1434,clean_up,Qwen3.6-35B-A3B-FP8-without-reasoning,2_hard_5obj_fi,instance_00002,Expected Distance Sum,20.95131203515696
1435,clean_up,Qwen3.6-35B-A3B-FP8-without-reasoning,2_hard_5obj_fi,instance_00002,Penalties,5
1436,clean_up,Qwen3.6-35B-A3B-FP8-without-reasoning,2_hard_5obj_fi,instance_00002,Max Penalties,12
1437,clean_up,Qwen3.6-35B-A3B-FP8-without-reasoning,2_hard_5obj_fi,instance_00002,Rounds,8
1438,clean_up,Qwen3.6-35B-A3B-FP8-without-reasoning,2_hard_5obj_fi,instance_00002,Max Rounds,20
1439,clean_up,Qwen3.6-35B-A3B-FP8-without-reasoning,2_hard_5obj_fi,instance_00002,Object Count,5
1440,clean_up,Qwen3.6-35B-A3B-FP8-without-reasoning,2_hard_5obj_fi,instance_00002,Valid Moves,10
1441,clean_up,Qwen3.6-35B-A3B-FP8-without-reasoning,2_hard_5obj_fi,instance_00002,Invalid Moves,5
1442,clean_up,Qwen3.6-35B-A3B-FP8-without-reasoning,2_hard_5obj_fi,instance_00002,Parse Errors,0
1443,clean_up,Qwen3.6-35B-A3B-FP8-without-reasoning,2_hard_5obj_fi,instance_00002,Main Score,61.79457885644963
1444,clean_up,Qwen3.6-35B-A3B-FP8-without-reasoning,2_hard_5obj_fi,instance_00003,Request Count,37
1445,clean_up,Qwen3.6-35B-A3B-FP8-without-reasoning,2_hard_5obj_fi,instance_00003,Parsed Request Count,36
1446,clean_up,Qwen3.6-35B-A3B-FP8-without-reasoning,2_hard_5obj_fi,instance_00003,Violated Request Count,1
1447,clean_up,Qwen3.6-35B-A3B-FP8-without-reasoning,2_hard_5obj_fi,instance_00003,Request Success Ratio,0.972972972972973
1448,clean_up,Qwen3.6-35B-A3B-FP8-without-reasoning,2_hard_5obj_fi,instance_00003,Aborted,0
1449,clean_up,Qwen3.6-35B-A3B-FP8-without-reasoning,2_hard_5obj_fi,instance_00003,Lose,0
1450,clean_up,Qwen3.6-35B-A3B-FP8-without-reasoning,2_hard_5obj_fi,instance_00003,Success,1
1451,clean_up,Qwen3.6-35B-A3B-FP8-without-reasoning,2_hard_5obj_fi,instance_00003,Distance Score,0.9598668204368705
1452,clean_up,Qwen3.6-35B-A3B-FP8-without-reasoning,2_hard_5obj_fi,instance_00003,Consistency Score,-0.19999999999999996
1453,clean_up,Qwen3.6-35B-A3B-FP8-without-reasoning,2_hard_5obj_fi,instance_00003,Coverage Score,1.0
1454,clean_up,Qwen3.6-35B-A3B-FP8-without-reasoning,2_hard_5obj_fi,instance_00003,Penalty Score,0.6428571428571428
1455,clean_up,Qwen3.6-35B-A3B-FP8-without-reasoning,2_hard_5obj_fi,instance_00003,Moves,"[['Player 1', 'C'], ['Player 2', 'H'], ['Player 2', 'W'], ['Player 1', 'W'], ['Player 2', 'I'], ['Player 2', 'C'], ['Player 1', 'I'], ['Player 2', 'T'], ['Player 1', 'T'], ['Player 2', 'W'], ['Player 2', 'I'], ['Player 1', 'H'], ['Player 2', 'T']]"
1456,clean_up,Qwen3.6-35B-A3B-FP8-without-reasoning,2_hard_5obj_fi,instance_00003,Init States,"{'state_1': [{'id': 'W', 'coord': [5, 2]}, {'id': 'I', 'coord': [7, 1]}, {'id': 'T', 'coord': [6, 1]}, {'id': 'C', 'coord': [1, 1]}, {'id': 'H', 'coord': [4, 6]}], 'state_2': [{'id': 'W', 'coord': [3, 7]}, {'id': 'I', 'coord': [4, 7]}, {'id': 'T', 'coord': [1, 7]}, {'id': 'C', 'coord': [5, 4]}, {'id': 'H', 'coord': [1, 1]}]}"
1457,clean_up,Qwen3.6-35B-A3B-FP8-without-reasoning,2_hard_5obj_fi,instance_00003,End States,"{'state_1': [{'id': 'W', 'coord': [6, 2]}, {'id': 'I', 'coord': [5, 1]}, {'id': 'T', 'coord': [7, 1]}, {'id': 'C', 'coord': [1, 2]}, {'id': 'H', 'coord': [3, 6]}], 'state_2': [{'id': 'W', 'coord': [6, 2]}, {'id': 'I', 'coord': [5, 1]}, {'id': 'T', 'coord': [7, 2]}, {'id': 'C', 'coord': [1, 2]}, {'id': 'H', 'coord': [3, 6]}]}"
1458,clean_up,Qwen3.6-35B-A3B-FP8-without-reasoning,2_hard_5obj_fi,instance_00003,Shifts,10
1459,clean_up,Qwen3.6-35B-A3B-FP8-without-reasoning,2_hard_5obj_fi,instance_00003,Max Shifts,8
1460,clean_up,Qwen3.6-35B-A3B-FP8-without-reasoning,2_hard_5obj_fi,instance_00003,Min Shifts,4
1461,clean_up,Qwen3.6-35B-A3B-FP8-without-reasoning,2_hard_5obj_fi,instance_00003,End Distance Sum,1.0
1462,clean_up,Qwen3.6-35B-A3B-FP8-without-reasoning,2_hard_5obj_fi,instance_00003,Init Distance Sum,30.734570310385827
1463,clean_up,Qwen3.6-35B-A3B-FP8-without-reasoning,2_hard_5obj_fi,instance_00003,Expected Distance Sum,20.95131203515696
1464,clean_up,Qwen3.6-35B-A3B-FP8-without-reasoning,2_hard_5obj_fi,instance_00003,Penalties,10
1465,clean_up,Qwen3.6-35B-A3B-FP8-without-reasoning,2_hard_5obj_fi,instance_00003,Max Penalties,12
1466,clean_up,Qwen3.6-35B-A3B-FP8-without-reasoning,2_hard_5obj_fi,instance_00003,Rounds,13
1467,clean_up,Qwen3.6-35B-A3B-FP8-without-reasoning,2_hard_5obj_fi,instance_00003,Max Rounds,20
1468,clean_up,Qwen3.6-35B-A3B-FP8-without-reasoning,2_hard_5obj_fi,instance_00003,Object Count,5
1469,clean_up,Qwen3.6-35B-A3B-FP8-without-reasoning,2_hard_5obj_fi,instance_00003,Valid Moves,13
1470,clean_up,Qwen3.6-35B-A3B-FP8-without-reasoning,2_hard_5obj_fi,instance_00003,Invalid Moves,9
1471,clean_up,Qwen3.6-35B-A3B-FP8-without-reasoning,2_hard_5obj_fi,instance_00003,Parse Errors,2
1472,clean_up,Qwen3.6-35B-A3B-FP8-without-reasoning,2_hard_5obj_fi,instance_00003,Main Score,61.705724170941664
1473,clean_up,Qwen3.6-35B-A3B-FP8-without-reasoning,2_hard_5obj_fi,instance_00004,Request Count,15
1474,clean_up,Qwen3.6-35B-A3B-FP8-without-reasoning,2_hard_5obj_fi,instance_00004,Parsed Request Count,13
1475,clean_up,Qwen3.6-35B-A3B-FP8-without-reasoning,2_hard_5obj_fi,instance_00004,Violated Request Count,2
1476,clean_up,Qwen3.6-35B-A3B-FP8-without-reasoning,2_hard_5obj_fi,instance_00004,Request Success Ratio,0.8666666666666667
1477,clean_up,Qwen3.6-35B-A3B-FP8-without-reasoning,2_hard_5obj_fi,instance_00004,Aborted,0
1478,clean_up,Qwen3.6-35B-A3B-FP8-without-reasoning,2_hard_5obj_fi,instance_00004,Lose,0
1479,clean_up,Qwen3.6-35B-A3B-FP8-without-reasoning,2_hard_5obj_fi,instance_00004,Success,1
1480,clean_up,Qwen3.6-35B-A3B-FP8-without-reasoning,2_hard_5obj_fi,instance_00004,Distance Score,0.13315827510427114
1481,clean_up,Qwen3.6-35B-A3B-FP8-without-reasoning,2_hard_5obj_fi,instance_00004,Coverage Score,0.027777777777777776
1482,clean_up,Qwen3.6-35B-A3B-FP8-without-reasoning,2_hard_5obj_fi,instance_00004,Penalty Score,0.9545454545454545
1483,clean_up,Qwen3.6-35B-A3B-FP8-without-reasoning,2_hard_5obj_fi,instance_00004,Moves,[]
1484,clean_up,Qwen3.6-35B-A3B-FP8-without-reasoning,2_hard_5obj_fi,instance_00004,Init States,"{'state_1': [{'id': 'W', 'coord': [4, 3]}, {'id': 'I', 'coord': [1, 6]}, {'id': 'T', 'coord': [7, 6]}, {'id': 'C', 'coord': [2, 2]}, {'id': 'H', 'coord': [5, 5]}], 'state_2': [{'id': 'W', 'coord': [2, 7]}, {'id': 'I', 'coord': [1, 6]}, {'id': 'T', 'coord': [2, 1]}, {'id': 'C', 'coord': [1, 2]}, {'id': 'H', 'coord': [3, 3]}]}"
1485,clean_up,Qwen3.6-35B-A3B-FP8-without-reasoning,2_hard_5obj_fi,instance_00004,End States,"{'state_1': [{'id': 'W', 'coord': [4, 3]}, {'id': 'I', 'coord': [1, 6]}, {'id': 'T', 'coord': [7, 6]}, {'id': 'C', 'coord': [2, 2]}, {'id': 'H', 'coord': [5, 5]}], 'state_2': [{'id': 'W', 'coord': [2, 7]}, {'id': 'I', 'coord': [1, 6]}, {'id': 'T', 'coord': [2, 1]}, {'id': 'C', 'coord': [1, 2]}, {'id': 'H', 'coord': [3, 3]}]}"
1486,clean_up,Qwen3.6-35B-A3B-FP8-without-reasoning,2_hard_5obj_fi,instance_00004,Shifts,0
1487,clean_up,Qwen3.6-35B-A3B-FP8-without-reasoning,2_hard_5obj_fi,instance_00004,Max Shifts,8
1488,clean_up,Qwen3.6-35B-A3B-FP8-without-reasoning,2_hard_5obj_fi,instance_00004,Min Shifts,4
1489,clean_up,Qwen3.6-35B-A3B-FP8-without-reasoning,2_hard_5obj_fi,instance_00004,End Distance Sum,15.371630891611245
1490,clean_up,Qwen3.6-35B-A3B-FP8-without-reasoning,2_hard_5obj_fi,instance_00004,Init Distance Sum,15.371630891611245
1491,clean_up,Qwen3.6-35B-A3B-FP8-without-reasoning,2_hard_5obj_fi,instance_00004,Expected Distance Sum,20.95131203515696
1492,clean_up,Qwen3.6-35B-A3B-FP8-without-reasoning,2_hard_5obj_fi,instance_00004,Penalties,2
1493,clean_up,Qwen3.6-35B-A3B-FP8-without-reasoning,2_hard_5obj_fi,instance_00004,Max Penalties,12
1494,clean_up,Qwen3.6-35B-A3B-FP8-without-reasoning,2_hard_5obj_fi,instance_00004,Rounds,6
1495,clean_up,Qwen3.6-35B-A3B-FP8-without-reasoning,2_hard_5obj_fi,instance_00004,Max Rounds,20
1496,clean_up,Qwen3.6-35B-A3B-FP8-without-reasoning,2_hard_5obj_fi,instance_00004,Object Count,5
1497,clean_up,Qwen3.6-35B-A3B-FP8-without-reasoning,2_hard_5obj_fi,instance_00004,Valid Moves,0
1498,clean_up,Qwen3.6-35B-A3B-FP8-without-reasoning,2_hard_5obj_fi,instance_00004,Invalid Moves,0
1499,clean_up,Qwen3.6-35B-A3B-FP8-without-reasoning,2_hard_5obj_fi,instance_00004,Parse Errors,4
1500,clean_up,Qwen3.6-35B-A3B-FP8-without-reasoning,2_hard_5obj_fi,instance_00004,Main Score,12.710562623589517
1501,clean_up,Qwen3.6-35B-A3B-FP8-without-reasoning,2_hard_5obj_fi,instance_00001,Request Count,41
1502,clean_up,Qwen3.6-35B-A3B-FP8-without-reasoning,2_hard_5obj_fi,instance_00001,Parsed Request Count,38
1503,clean_up,Qwen3.6-35B-A3B-FP8-without-reasoning,2_hard_5obj_fi,instance_00001,Violated Request Count,3
1504,clean_up,Qwen3.6-35B-A3B-FP8-without-reasoning,2_hard_5obj_fi,instance_00001,Request Success Ratio,0.926829268292683
1505,clean_up,Qwen3.6-35B-A3B-FP8-without-reasoning,2_hard_5obj_fi,instance_00001,Aborted,1
1506,clean_up,Qwen3.6-35B-A3B-FP8-without-reasoning,2_hard_5obj_fi,instance_00001,Lose,0
1507,clean_up,Qwen3.6-35B-A3B-FP8-without-reasoning,2_hard_5obj_fi,instance_00001,Success,0
1508,clean_up,Qwen3.6-35B-A3B-FP8-without-reasoning,2_hard_5obj_fi,instance_00001,Distance Score,0.5599407019342292
1509,clean_up,Qwen3.6-35B-A3B-FP8-without-reasoning,2_hard_5obj_fi,instance_00001,Consistency Score,0.4
1510,clean_up,Qwen3.6-35B-A3B-FP8-without-reasoning,2_hard_5obj_fi,instance_00001,Coverage Score,0.6666666666666666
1511,clean_up,Qwen3.6-35B-A3B-FP8-without-reasoning,2_hard_5obj_fi,instance_00001,Penalty Score,-0.5
1512,clean_up,Qwen3.6-35B-A3B-FP8-without-reasoning,2_hard_5obj_fi,instance_00001,Moves,"[['Player 2', 'W'], ['Player 1', 'W'], ['Player 2', 'I'], ['Player 1', 'I'], ['Player 2', 'T'], ['Player 2', 'C'], ['Player 1', 'I'], ['Player 2', 'H'], ['Player 1', 'T'], ['Player 2', 'W']]"
1513,clean_up,Qwen3.6-35B-A3B-FP8-without-reasoning,2_hard_5obj_fi,instance_00001,Init States,"{'state_1': [{'id': 'W', 'coord': [5, 1]}, {'id': 'I', 'coord': [3, 1]}, {'id': 'T', 'coord': [4, 3]}, {'id': 'C', 'coord': [5, 3]}, {'id': 'H', 'coord': [5, 7]}], 'state_2': [{'id': 'W', 'coord': [2, 2]}, {'id': 'I', 'coord': [7, 5]}, {'id': 'T', 'coord': [1, 3]}, {'id': 'C', 'coord': [7, 2]}, {'id': 'H', 'coord': [5, 5]}]}"
1514,clean_up,Qwen3.6-35B-A3B-FP8-without-reasoning,2_hard_5obj_fi,instance_00001,End States,"{'state_1': [{'id': 'W', 'coord': [7, 1]}, {'id': 'I', 'coord': [3, 4]}, {'id': 'T', 'coord': [3, 3]}, {'id': 'C', 'coord': [5, 3]}, {'id': 'H', 'coord': [5, 7]}], 'state_2': [{'id': 'W', 'coord': [7, 4]}, {'id': 'I', 'coord': [3, 1]}, {'id': 'T', 'coord': [3, 3]}, {'id': 'C', 'coord': [5, 3]}, {'id': 'H', 'coord': [3, 7]}]}"
1515,clean_up,Qwen3.6-35B-A3B-FP8-without-reasoning,2_hard_5obj_fi,instance_00001,Shifts,7
1516,clean_up,Qwen3.6-35B-A3B-FP8-without-reasoning,2_hard_5obj_fi,instance_00001,Max Shifts,8
1517,clean_up,Qwen3.6-35B-A3B-FP8-without-reasoning,2_hard_5obj_fi,instance_00001,Min Shifts,4
1518,clean_up,Qwen3.6-35B-A3B-FP8-without-reasoning,2_hard_5obj_fi,instance_00001,End Distance Sum,8.0
1519,clean_up,Qwen3.6-35B-A3B-FP8-without-reasoning,2_hard_5obj_fi,instance_00001,Init Distance Sum,16.055199887160548
1520,clean_up,Qwen3.6-35B-A3B-FP8-without-reasoning,2_hard_5obj_fi,instance_00001,Expected Distance Sum,20.95131203515696
1521,clean_up,Qwen3.6-35B-A3B-FP8-without-reasoning,2_hard_5obj_fi,instance_00001,Penalties,18
1522,clean_up,Qwen3.6-35B-A3B-FP8-without-reasoning,2_hard_5obj_fi,instance_00001,Max Penalties,12
1523,clean_up,Qwen3.6-35B-A3B-FP8-without-reasoning,2_hard_5obj_fi,instance_00001,Rounds,11
1524,clean_up,Qwen3.6-35B-A3B-FP8-without-reasoning,2_hard_5obj_fi,instance_00001,Max Rounds,20
1525,clean_up,Qwen3.6-35B-A3B-FP8-without-reasoning,2_hard_5obj_fi,instance_00001,Object Count,5
1526,clean_up,Qwen3.6-35B-A3B-FP8-without-reasoning,2_hard_5obj_fi,instance_00001,Valid Moves,10
1527,clean_up,Qwen3.6-35B-A3B-FP8-without-reasoning,2_hard_5obj_fi,instance_00001,Invalid Moves,15
1528,clean_up,Qwen3.6-35B-A3B-FP8-without-reasoning,2_hard_5obj_fi,instance_00001,Parse Errors,6
1529,clean_up,Qwen3.6-35B-A3B-FP8-without-reasoning,2_hard_5obj_fi,instance_00001,Main Score,
1530,clean_up,Qwen3.6-35B-A3B-FP8-without-reasoning,2_hard_5obj_fi,instance_00000,Request Count,53
1531,clean_up,Qwen3.6-35B-A3B-FP8-without-reasoning,2_hard_5obj_fi,instance_00000,Parsed Request Count,50
1532,clean_up,Qwen3.6-35B-A3B-FP8-without-reasoning,2_hard_5obj_fi,instance_00000,Violated Request Count,3
1533,clean_up,Qwen3.6-35B-A3B-FP8-without-reasoning,2_hard_5obj_fi,instance_00000,Request Success Ratio,0.9433962264150944
1534,clean_up,Qwen3.6-35B-A3B-FP8-without-reasoning,2_hard_5obj_fi,instance_00000,Aborted,1
1535,clean_up,Qwen3.6-35B-A3B-FP8-without-reasoning,2_hard_5obj_fi,instance_00000,Lose,0
1536,clean_up,Qwen3.6-35B-A3B-FP8-without-reasoning,2_hard_5obj_fi,instance_00000,Success,0
1537,clean_up,Qwen3.6-35B-A3B-FP8-without-reasoning,2_hard_5obj_fi,instance_00000,Distance Score,0.48067631863275406
1538,clean_up,Qwen3.6-35B-A3B-FP8-without-reasoning,2_hard_5obj_fi,instance_00000,Consistency Score,0.0
1539,clean_up,Qwen3.6-35B-A3B-FP8-without-reasoning,2_hard_5obj_fi,instance_00000,Coverage Score,1.0
1540,clean_up,Qwen3.6-35B-A3B-FP8-without-reasoning,2_hard_5obj_fi,instance_00000,Penalty Score,2.5
1541,clean_up,Qwen3.6-35B-A3B-FP8-without-reasoning,2_hard_5obj_fi,instance_00000,Moves,"[['Player 1', 'H'], ['Player 2', 'H'], ['Player 1', 'W'], ['Player 2', 'W'], ['Player 1', 'I'], ['Player 2', 'H'], ['Player 1', 'W'], ['Player 2', 'I'], ['Player 1', 'C'], ['Player 2', 'T'], ['Player 1', 'T'], ['Player 2', 'C'], ['Player 1', 'I']]"
1542,clean_up,Qwen3.6-35B-A3B-FP8-without-reasoning,2_hard_5obj_fi,instance_00000,Init States,"{'state_1': [{'id': 'W', 'coord': [3, 6]}, {'id': 'I', 'coord': [2, 3]}, {'id': 'T', 'coord': [3, 7]}, {'id': 'C', 'coord': [1, 3]}, {'id': 'H', 'coord': [7, 1]}], 'state_2': [{'id': 'W', 'coord': [2, 1]}, {'id': 'I', 'coord': [1, 7]}, {'id': 'T', 'coord': [5, 7]}, {'id': 'C', 'coord': [3, 6]}, {'id': 'H', 'coord': [5, 2]}]}"
1543,clean_up,Qwen3.6-35B-A3B-FP8-without-reasoning,2_hard_5obj_fi,instance_00000,End States,"{'state_1': [{'id': 'W', 'coord': [4, 1]}, {'id': 'I', 'coord': [4, 2]}, {'id': 'T', 'coord': [4, 4]}, {'id': 'C', 'coord': [4, 5]}, {'id': 'H', 'coord': [1, 1]}], 'state_2': [{'id': 'W', 'coord': [4, 1]}, {'id': 'I', 'coord': [4, 5]}, {'id': 'T', 'coord': [4, 4]}, {'id': 'C', 'coord': [1, 7]}, {'id': 'H', 'coord': [4, 2]}]}"
1544,clean_up,Qwen3.6-35B-A3B-FP8-without-reasoning,2_hard_5obj_fi,instance_00000,Shifts,9
1545,clean_up,Qwen3.6-35B-A3B-FP8-without-reasoning,2_hard_5obj_fi,instance_00000,Max Shifts,8
1546,clean_up,Qwen3.6-35B-A3B-FP8-without-reasoning,2_hard_5obj_fi,instance_00000,Min Shifts,4
1547,clean_up,Qwen3.6-35B-A3B-FP8-without-reasoning,2_hard_5obj_fi,instance_00000,End Distance Sum,9.76782893563237
1548,clean_up,Qwen3.6-35B-A3B-FP8-without-reasoning,2_hard_5obj_fi,instance_00000,Init Distance Sum,17.063744392174222
1549,clean_up,Qwen3.6-35B-A3B-FP8-without-reasoning,2_hard_5obj_fi,instance_00000,Expected Distance Sum,20.95131203515696
1550,clean_up,Qwen3.6-35B-A3B-FP8-without-reasoning,2_hard_5obj_fi,instance_00000,Penalties,36
1551,clean_up,Qwen3.6-35B-A3B-FP8-without-reasoning,2_hard_5obj_fi,instance_00000,Max Penalties,12
1552,clean_up,Qwen3.6-35B-A3B-FP8-without-reasoning,2_hard_5obj_fi,instance_00000,Rounds,8
1553,clean_up,Qwen3.6-35B-A3B-FP8-without-reasoning,2_hard_5obj_fi,instance_00000,Max Rounds,20
1554,clean_up,Qwen3.6-35B-A3B-FP8-without-reasoning,2_hard_5obj_fi,instance_00000,Object Count,5
1555,clean_up,Qwen3.6-35B-A3B-FP8-without-reasoning,2_hard_5obj_fi,instance_00000,Valid Moves,13
1556,clean_up,Qwen3.6-35B-A3B-FP8-without-reasoning,2_hard_5obj_fi,instance_00000,Invalid Moves,33
1557,clean_up,Qwen3.6-35B-A3B-FP8-without-reasoning,2_hard_5obj_fi,instance_00000,Parse Errors,6
1558,clean_up,Qwen3.6-35B-A3B-FP8-without-reasoning,2_hard_5obj_fi,instance_00000,Main Score,
1559,clean_up,Qwen3.6-35B-A3B-FP8-without-reasoning,2_hard_7obj_fi,instance_00002,Request Count,37
1560,clean_up,Qwen3.6-35B-A3B-FP8-without-reasoning,2_hard_7obj_fi,instance_00002,Parsed Request Count,34
1561,clean_up,Qwen3.6-35B-A3B-FP8-without-reasoning,2_hard_7obj_fi,instance_00002,Violated Request Count,3
1562,clean_up,Qwen3.6-35B-A3B-FP8-without-reasoning,2_hard_7obj_fi,instance_00002,Request Success Ratio,0.918918918918919
1563,clean_up,Qwen3.6-35B-A3B-FP8-without-reasoning,2_hard_7obj_fi,instance_00002,Aborted,0
1564,clean_up,Qwen3.6-35B-A3B-FP8-without-reasoning,2_hard_7obj_fi,instance_00002,Lose,0
1565,clean_up,Qwen3.6-35B-A3B-FP8-without-reasoning,2_hard_7obj_fi,instance_00002,Success,1
1566,clean_up,Qwen3.6-35B-A3B-FP8-without-reasoning,2_hard_7obj_fi,instance_00002,Distance Score,0.3749917391531925
1567,clean_up,Qwen3.6-35B-A3B-FP8-without-reasoning,2_hard_7obj_fi,instance_00002,Coverage Score,0.328125
1568,clean_up,Qwen3.6-35B-A3B-FP8-without-reasoning,2_hard_7obj_fi,instance_00002,Penalty Score,0.5
1569,clean_up,Qwen3.6-35B-A3B-FP8-without-reasoning,2_hard_7obj_fi,instance_00002,Moves,"[['Player 1', 'P'], ['Player 2', 'P'], ['Player 2', 'O'], ['Player 1', 'O'], ['Player 2', 'D'], ['Player 2', 'T'], ['Player 2', 'S'], ['Player 2', 'A']]"
1570,clean_up,Qwen3.6-35B-A3B-FP8-without-reasoning,2_hard_7obj_fi,instance_00002,Init States,"{'state_1': [{'id': 'P', 'coord': [4, 4]}, {'id': 'O', 'coord': [4, 3]}, {'id': 'T', 'coord': [4, 1]}, {'id': 'S', 'coord': [3, 7]}, {'id': 'D', 'coord': [4, 5]}, {'id': 'A', 'coord': [3, 5]}, {'id': 'M', 'coord': [7, 6]}], 'state_2': [{'id': 'P', 'coord': [2, 3]}, {'id': 'O', 'coord': [3, 1]}, {'id': 'T', 'coord': [7, 7]}, {'id': 'S', 'coord': [7, 6]}, {'id': 'D', 'coord': [5, 3]}, {'id': 'A', 'coord': [7, 5]}, {'id': 'M', 'coord': [1, 7]}]}"
1571,clean_up,Qwen3.6-35B-A3B-FP8-without-reasoning,2_hard_7obj_fi,instance_00002,End States,"{'state_1': [{'id': 'P', 'coord': [1, 1]}, {'id': 'O', 'coord': [2, 3]}, {'id': 'T', 'coord': [4, 1]}, {'id': 'S', 'coord': [3, 7]}, {'id': 'D', 'coord': [4, 5]}, {'id': 'A', 'coord': [3, 5]}, {'id': 'M', 'coord': [7, 6]}], 'state_2': [{'id': 'P', 'coord': [1, 1]}, {'id': 'O', 'coord': [1, 2]}, {'id': 'T', 'coord': [4, 3]}, {'id': 'S', 'coord': [4, 4]}, {'id': 'D', 'coord': [5, 5]}, {'id': 'A', 'coord': [7, 6]}, {'id': 'M', 'coord': [1, 7]}]}"
1572,clean_up,Qwen3.6-35B-A3B-FP8-without-reasoning,2_hard_7obj_fi,instance_00002,Shifts,5
1573,clean_up,Qwen3.6-35B-A3B-FP8-without-reasoning,2_hard_7obj_fi,instance_00002,Max Shifts,12
1574,clean_up,Qwen3.6-35B-A3B-FP8-without-reasoning,2_hard_7obj_fi,instance_00002,Min Shifts,6
1575,clean_up,Qwen3.6-35B-A3B-FP8-without-reasoning,2_hard_7obj_fi,instance_00002,End Distance Sum,17.782359378457354
1576,clean_up,Qwen3.6-35B-A3B-FP8-without-reasoning,2_hard_7obj_fi,instance_00002,Init Distance Sum,27.62227602091462
1577,clean_up,Qwen3.6-35B-A3B-FP8-without-reasoning,2_hard_7obj_fi,instance_00002,Expected Distance Sum,29.331836849219748
1578,clean_up,Qwen3.6-35B-A3B-FP8-without-reasoning,2_hard_7obj_fi,instance_00002,Penalties,16
1579,clean_up,Qwen3.6-35B-A3B-FP8-without-reasoning,2_hard_7obj_fi,instance_00002,Max Penalties,16
1580,clean_up,Qwen3.6-35B-A3B-FP8-without-reasoning,2_hard_7obj_fi,instance_00002,Rounds,10
1581,clean_up,Qwen3.6-35B-A3B-FP8-without-reasoning,2_hard_7obj_fi,instance_00002,Max Rounds,28
1582,clean_up,Qwen3.6-35B-A3B-FP8-without-reasoning,2_hard_7obj_fi,instance_00002,Object Count,7
1583,clean_up,Qwen3.6-35B-A3B-FP8-without-reasoning,2_hard_7obj_fi,instance_00002,Valid Moves,8
1584,clean_up,Qwen3.6-35B-A3B-FP8-without-reasoning,2_hard_7obj_fi,instance_00002,Invalid Moves,13
1585,clean_up,Qwen3.6-35B-A3B-FP8-without-reasoning,2_hard_7obj_fi,instance_00002,Parse Errors,6
1586,clean_up,Qwen3.6-35B-A3B-FP8-without-reasoning,2_hard_7obj_fi,instance_00002,Main Score,18.749586957659623
1587,clean_up,Qwen3.6-35B-A3B-FP8-without-reasoning,2_hard_7obj_fi,instance_00003,Request Count,37
1588,clean_up,Qwen3.6-35B-A3B-FP8-without-reasoning,2_hard_7obj_fi,instance_00003,Parsed Request Count,35
1589,clean_up,Qwen3.6-35B-A3B-FP8-without-reasoning,2_hard_7obj_fi,instance_00003,Violated Request Count,2
1590,clean_up,Qwen3.6-35B-A3B-FP8-without-reasoning,2_hard_7obj_fi,instance_00003,Request Success Ratio,0.9459459459459459
1591,clean_up,Qwen3.6-35B-A3B-FP8-without-reasoning,2_hard_7obj_fi,instance_00003,Aborted,0
1592,clean_up,Qwen3.6-35B-A3B-FP8-without-reasoning,2_hard_7obj_fi,instance_00003,Lose,0
1593,clean_up,Qwen3.6-35B-A3B-FP8-without-reasoning,2_hard_7obj_fi,instance_00003,Success,1
1594,clean_up,Qwen3.6-35B-A3B-FP8-without-reasoning,2_hard_7obj_fi,instance_00003,Distance Score,0.11313624148324408
1595,clean_up,Qwen3.6-35B-A3B-FP8-without-reasoning,2_hard_7obj_fi,instance_00003,Consistency Score,0.8571428571428572
1596,clean_up,Qwen3.6-35B-A3B-FP8-without-reasoning,2_hard_7obj_fi,instance_00003,Coverage Score,0.375
1597,clean_up,Qwen3.6-35B-A3B-FP8-without-reasoning,2_hard_7obj_fi,instance_00003,Penalty Score,0.26923076923076916
1598,clean_up,Qwen3.6-35B-A3B-FP8-without-reasoning,2_hard_7obj_fi,instance_00003,Moves,"[['Player 1', 'S'], ['Player 1', 'T'], ['Player 1', 'D'], ['Player 2', 'D'], ['Player 1', 'M'], ['Player 1', 'O'], ['Player 2', 'P'], ['Player 1', 'A'], ['Player 1', 'P']]"
1599,clean_up,Qwen3.6-35B-A3B-FP8-without-reasoning,2_hard_7obj_fi,instance_00003,Init States,"{'state_1': [{'id': 'P', 'coord': [5, 5]}, {'id': 'O', 'coord': [5, 4]}, {'id': 'T', 'coord': [5, 2]}, {'id': 'S', 'coord': [1, 2]}, {'id': 'D', 'coord': [7, 2]}, {'id': 'A', 'coord': [7, 4]}, {'id': 'M', 'coord': [3, 4]}], 'state_2': [{'id': 'P', 'coord': [6, 1]}, {'id': 'O', 'coord': [7, 1]}, {'id': 'T', 'coord': [1, 6]}, {'id': 'S', 'coord': [7, 7]}, {'id': 'D', 'coord': [5, 5]}, {'id': 'A', 'coord': [7, 4]}, {'id': 'M', 'coord': [1, 7]}]}"
1600,clean_up,Qwen3.6-35B-A3B-FP8-without-reasoning,2_hard_7obj_fi,instance_00003,End States,"{'state_1': [{'id': 'P', 'coord': [7, 5]}, {'id': 'O', 'coord': [5, 2]}, {'id': 'T', 'coord': [5, 1]}, {'id': 'S', 'coord': [1, 1]}, {'id': 'D', 'coord': [6, 2]}, {'id': 'A', 'coord': [7, 2]}, {'id': 'M', 'coord': [3, 3]}], 'state_2': [{'id': 'P', 'coord': [5, 5]}, {'id': 'O', 'coord': [7, 1]}, {'id': 'T', 'coord': [1, 6]}, {'id': 'S', 'coord': [7, 7]}, {'id': 'D', 'coord': [6, 2]}, {'id': 'A', 'coord': [7, 4]}, {'id': 'M', 'coord': [1, 7]}]}"
1601,clean_up,Qwen3.6-35B-A3B-FP8-without-reasoning,2_hard_7obj_fi,instance_00003,Shifts,7
1602,clean_up,Qwen3.6-35B-A3B-FP8-without-reasoning,2_hard_7obj_fi,instance_00003,Max Shifts,12
1603,clean_up,Qwen3.6-35B-A3B-FP8-without-reasoning,2_hard_7obj_fi,instance_00003,Min Shifts,6
1604,clean_up,Qwen3.6-35B-A3B-FP8-without-reasoning,2_hard_7obj_fi,instance_00003,End Distance Sum,25.59660954417079
1605,clean_up,Qwen3.6-35B-A3B-FP8-without-reasoning,2_hard_7obj_fi,instance_00003,Init Distance Sum,28.40686337740866
1606,clean_up,Qwen3.6-35B-A3B-FP8-without-reasoning,2_hard_7obj_fi,instance_00003,Expected Distance Sum,29.331836849219748
1607,clean_up,Qwen3.6-35B-A3B-FP8-without-reasoning,2_hard_7obj_fi,instance_00003,Penalties,19
1608,clean_up,Qwen3.6-35B-A3B-FP8-without-reasoning,2_hard_7obj_fi,instance_00003,Max Penalties,16
1609,clean_up,Qwen3.6-35B-A3B-FP8-without-reasoning,2_hard_7obj_fi,instance_00003,Rounds,9
1610,clean_up,Qwen3.6-35B-A3B-FP8-without-reasoning,2_hard_7obj_fi,instance_00003,Max Rounds,28
1611,clean_up,Qwen3.6-35B-A3B-FP8-without-reasoning,2_hard_7obj_fi,instance_00003,Object Count,7
1612,clean_up,Qwen3.6-35B-A3B-FP8-without-reasoning,2_hard_7obj_fi,instance_00003,Valid Moves,9
1613,clean_up,Qwen3.6-35B-A3B-FP8-without-reasoning,2_hard_7obj_fi,instance_00003,Invalid Moves,17
1614,clean_up,Qwen3.6-35B-A3B-FP8-without-reasoning,2_hard_7obj_fi,instance_00003,Parse Errors,4
1615,clean_up,Qwen3.6-35B-A3B-FP8-without-reasoning,2_hard_7obj_fi,instance_00003,Main Score,3.0459757322411862
1616,clean_up,Qwen3.6-35B-A3B-FP8-without-reasoning,2_hard_7obj_fi,instance_00004,Request Count,34
1617,clean_up,Qwen3.6-35B-A3B-FP8-without-reasoning,2_hard_7obj_fi,instance_00004,Parsed Request Count,29
1618,clean_up,Qwen3.6-35B-A3B-FP8-without-reasoning,2_hard_7obj_fi,instance_00004,Violated Request Count,5
1619,clean_up,Qwen3.6-35B-A3B-FP8-without-reasoning,2_hard_7obj_fi,instance_00004,Request Success Ratio,0.8529411764705882
1620,clean_up,Qwen3.6-35B-A3B-FP8-without-reasoning,2_hard_7obj_fi,instance_00004,Aborted,0
1621,clean_up,Qwen3.6-35B-A3B-FP8-without-reasoning,2_hard_7obj_fi,instance_00004,Lose,0
1622,clean_up,Qwen3.6-35B-A3B-FP8-without-reasoning,2_hard_7obj_fi,instance_00004,Success,1
1623,clean_up,Qwen3.6-35B-A3B-FP8-without-reasoning,2_hard_7obj_fi,instance_00004,Distance Score,0.8549141795871769
1624,clean_up,Qwen3.6-35B-A3B-FP8-without-reasoning,2_hard_7obj_fi,instance_00004,Consistency Score,1.0
1625,clean_up,Qwen3.6-35B-A3B-FP8-without-reasoning,2_hard_7obj_fi,instance_00004,Coverage Score,0.125
1626,clean_up,Qwen3.6-35B-A3B-FP8-without-reasoning,2_hard_7obj_fi,instance_00004,Penalty Score,0.5588235294117647
1627,clean_up,Qwen3.6-35B-A3B-FP8-without-reasoning,2_hard_7obj_fi,instance_00004,Moves,"[['Player 1', 'A'], ['Player 1', 'P'], ['Player 1', 'T'], ['Player 1', 'O'], ['Player 1', 'M'], ['Player 1', 'D'], ['Player 1', 'S']]"
1628,clean_up,Qwen3.6-35B-A3B-FP8-without-reasoning,2_hard_7obj_fi,instance_00004,Init States,"{'state_1': [{'id': 'P', 'coord': [1, 3]}, {'id': 'O', 'coord': [4, 3]}, {'id': 'T', 'coord': [4, 1]}, {'id': 'S', 'coord': [2, 1]}, {'id': 'D', 'coord': [1, 4]}, {'id': 'A', 'coord': [6, 1]}, {'id': 'M', 'coord': [6, 3]}], 'state_2': [{'id': 'P', 'coord': [1, 2]}, {'id': 'O', 'coord': [1, 6]}, {'id': 'T', 'coord': [1, 4]}, {'id': 'S', 'coord': [7, 7]}, {'id': 'D', 'coord': [2, 7]}, {'id': 'A', 'coord': [1, 1]}, {'id': 'M', 'coord': [3, 5]}]}"
1629,clean_up,Qwen3.6-35B-A3B-FP8-without-reasoning,2_hard_7obj_fi,instance_00004,End States,"{'state_1': [{'id': 'P', 'coord': [1, 2]}, {'id': 'O', 'coord': [1, 6]}, {'id': 'T', 'coord': [3, 5]}, {'id': 'S', 'coord': [7, 7]}, {'id': 'D', 'coord': [2, 7]}, {'id': 'A', 'coord': [1, 1]}, {'id': 'M', 'coord': [5, 5]}], 'state_2': [{'id': 'P', 'coord': [1, 2]}, {'id': 'O', 'coord': [1, 6]}, {'id': 'T', 'coord': [1, 4]}, {'id': 'S', 'coord': [7, 7]}, {'id': 'D', 'coord': [2, 7]}, {'id': 'A', 'coord': [1, 1]}, {'id': 'M', 'coord': [3, 5]}]}"
1630,clean_up,Qwen3.6-35B-A3B-FP8-without-reasoning,2_hard_7obj_fi,instance_00004,Shifts,6
1631,clean_up,Qwen3.6-35B-A3B-FP8-without-reasoning,2_hard_7obj_fi,instance_00004,Max Shifts,12
1632,clean_up,Qwen3.6-35B-A3B-FP8-without-reasoning,2_hard_7obj_fi,instance_00004,Min Shifts,6
1633,clean_up,Qwen3.6-35B-A3B-FP8-without-reasoning,2_hard_7obj_fi,instance_00004,End Distance Sum,4.23606797749979
1634,clean_up,Qwen3.6-35B-A3B-FP8-without-reasoning,2_hard_7obj_fi,instance_00004,Init Distance Sum,29.063359985777588
1635,clean_up,Qwen3.6-35B-A3B-FP8-without-reasoning,2_hard_7obj_fi,instance_00004,Expected Distance Sum,29.331836849219748
1636,clean_up,Qwen3.6-35B-A3B-FP8-without-reasoning,2_hard_7obj_fi,instance_00004,Penalties,15
1637,clean_up,Qwen3.6-35B-A3B-FP8-without-reasoning,2_hard_7obj_fi,instance_00004,Max Penalties,16
1638,clean_up,Qwen3.6-35B-A3B-FP8-without-reasoning,2_hard_7obj_fi,instance_00004,Rounds,9
1639,clean_up,Qwen3.6-35B-A3B-FP8-without-reasoning,2_hard_7obj_fi,instance_00004,Max Rounds,28
1640,clean_up,Qwen3.6-35B-A3B-FP8-without-reasoning,2_hard_7obj_fi,instance_00004,Object Count,7
1641,clean_up,Qwen3.6-35B-A3B-FP8-without-reasoning,2_hard_7obj_fi,instance_00004,Valid Moves,7
1642,clean_up,Qwen3.6-35B-A3B-FP8-without-reasoning,2_hard_7obj_fi,instance_00004,Invalid Moves,10
1643,clean_up,Qwen3.6-35B-A3B-FP8-without-reasoning,2_hard_7obj_fi,instance_00004,Parse Errors,10
1644,clean_up,Qwen3.6-35B-A3B-FP8-without-reasoning,2_hard_7obj_fi,instance_00004,Main Score,47.774615918106946
1645,clean_up,Qwen3.6-35B-A3B-FP8-without-reasoning,2_hard_7obj_fi,instance_00001,Request Count,40
1646,clean_up,Qwen3.6-35B-A3B-FP8-without-reasoning,2_hard_7obj_fi,instance_00001,Parsed Request Count,39
1647,clean_up,Qwen3.6-35B-A3B-FP8-without-reasoning,2_hard_7obj_fi,instance_00001,Violated Request Count,1
1648,clean_up,Qwen3.6-35B-A3B-FP8-without-reasoning,2_hard_7obj_fi,instance_00001,Request Success Ratio,0.975
1649,clean_up,Qwen3.6-35B-A3B-FP8-without-reasoning,2_hard_7obj_fi,instance_00001,Aborted,0
1650,clean_up,Qwen3.6-35B-A3B-FP8-without-reasoning,2_hard_7obj_fi,instance_00001,Lose,0
1651,clean_up,Qwen3.6-35B-A3B-FP8-without-reasoning,2_hard_7obj_fi,instance_00001,Success,1
1652,clean_up,Qwen3.6-35B-A3B-FP8-without-reasoning,2_hard_7obj_fi,instance_00001,Distance Score,0.2226330524314457
1653,clean_up,Qwen3.6-35B-A3B-FP8-without-reasoning,2_hard_7obj_fi,instance_00001,Consistency Score,0.1428571428571429
1654,clean_up,Qwen3.6-35B-A3B-FP8-without-reasoning,2_hard_7obj_fi,instance_00001,Coverage Score,0.625
1655,clean_up,Qwen3.6-35B-A3B-FP8-without-reasoning,2_hard_7obj_fi,instance_00001,Penalty Score,0.3571428571428572
1656,clean_up,Qwen3.6-35B-A3B-FP8-without-reasoning,2_hard_7obj_fi,instance_00001,Moves,"[['Player 1', 'P'], ['Player 1', 'O'], ['Player 2', 'T'], ['Player 1', 'M'], ['Player 1', 'A'], ['Player 2', 'M'], ['Player 1', 'S'], ['Player 1', 'D'], ['Player 2', 'A'], ['Player 1', 'T'], ['Player 1', 'M'], ['Player 2', 'S'], ['Player 1', 'D']]"
1657,clean_up,Qwen3.6-35B-A3B-FP8-without-reasoning,2_hard_7obj_fi,instance_00001,Init States,"{'state_1': [{'id': 'P', 'coord': [1, 3]}, {'id': 'O', 'coord': [4, 3]}, {'id': 'T', 'coord': [5, 1]}, {'id': 'S', 'coord': [7, 2]}, {'id': 'D', 'coord': [3, 5]}, {'id': 'A', 'coord': [3, 2]}, {'id': 'M', 'coord': [3, 1]}], 'state_2': [{'id': 'P', 'coord': [4, 3]}, {'id': 'O', 'coord': [7, 4]}, {'id': 'T', 'coord': [1, 2]}, {'id': 'S', 'coord': [2, 3]}, {'id': 'D', 'coord': [3, 4]}, {'id': 'A', 'coord': [1, 3]}, {'id': 'M', 'coord': [3, 2]}]}"
1658,clean_up,Qwen3.6-35B-A3B-FP8-without-reasoning,2_hard_7obj_fi,instance_00001,End States,"{'state_1': [{'id': 'P', 'coord': [1, 1]}, {'id': 'O', 'coord': [2, 1]}, {'id': 'T', 'coord': [4, 3]}, {'id': 'S', 'coord': [2, 2]}, {'id': 'D', 'coord': [1, 5]}, {'id': 'A', 'coord': [1, 2]}, {'id': 'M', 'coord': [3, 1]}], 'state_2': [{'id': 'P', 'coord': [4, 3]}, {'id': 'O', 'coord': [7, 4]}, {'id': 'T', 'coord': [1, 1]}, {'id': 'S', 'coord': [1, 2]}, {'id': 'D', 'coord': [3, 4]}, {'id': 'A', 'coord': [3, 2]}, {'id': 'M', 'coord': [3, 1]}]}"
1659,clean_up,Qwen3.6-35B-A3B-FP8-without-reasoning,2_hard_7obj_fi,instance_00001,Shifts,12
1660,clean_up,Qwen3.6-35B-A3B-FP8-without-reasoning,2_hard_7obj_fi,instance_00001,Max Shifts,12
1661,clean_up,Qwen3.6-35B-A3B-FP8-without-reasoning,2_hard_7obj_fi,instance_00001,Min Shifts,6
1662,clean_up,Qwen3.6-35B-A3B-FP8-without-reasoning,2_hard_7obj_fi,instance_00001,End Distance Sum,18.278122423273068
1663,clean_up,Qwen3.6-35B-A3B-FP8-without-reasoning,2_hard_7obj_fi,instance_00001,Init Distance Sum,19.620470776878616
1664,clean_up,Qwen3.6-35B-A3B-FP8-without-reasoning,2_hard_7obj_fi,instance_00001,Expected Distance Sum,29.331836849219748
1665,clean_up,Qwen3.6-35B-A3B-FP8-without-reasoning,2_hard_7obj_fi,instance_00001,Penalties,18
1666,clean_up,Qwen3.6-35B-A3B-FP8-without-reasoning,2_hard_7obj_fi,instance_00001,Max Penalties,16
1667,clean_up,Qwen3.6-35B-A3B-FP8-without-reasoning,2_hard_7obj_fi,instance_00001,Rounds,11
1668,clean_up,Qwen3.6-35B-A3B-FP8-without-reasoning,2_hard_7obj_fi,instance_00001,Max Rounds,28
1669,clean_up,Qwen3.6-35B-A3B-FP8-without-reasoning,2_hard_7obj_fi,instance_00001,Object Count,7
1670,clean_up,Qwen3.6-35B-A3B-FP8-without-reasoning,2_hard_7obj_fi,instance_00001,Valid Moves,13
1671,clean_up,Qwen3.6-35B-A3B-FP8-without-reasoning,2_hard_7obj_fi,instance_00001,Invalid Moves,17
1672,clean_up,Qwen3.6-35B-A3B-FP8-without-reasoning,2_hard_7obj_fi,instance_00001,Parse Errors,2
1673,clean_up,Qwen3.6-35B-A3B-FP8-without-reasoning,2_hard_7obj_fi,instance_00001,Main Score,7.9511804439802045
1674,clean_up,Qwen3.6-35B-A3B-FP8-without-reasoning,2_hard_7obj_fi,instance_00000,Request Count,66
1675,clean_up,Qwen3.6-35B-A3B-FP8-without-reasoning,2_hard_7obj_fi,instance_00000,Parsed Request Count,63
1676,clean_up,Qwen3.6-35B-A3B-FP8-without-reasoning,2_hard_7obj_fi,instance_00000,Violated Request Count,3
1677,clean_up,Qwen3.6-35B-A3B-FP8-without-reasoning,2_hard_7obj_fi,instance_00000,Request Success Ratio,0.9545454545454546
1678,clean_up,Qwen3.6-35B-A3B-FP8-without-reasoning,2_hard_7obj_fi,instance_00000,Aborted,0
1679,clean_up,Qwen3.6-35B-A3B-FP8-without-reasoning,2_hard_7obj_fi,instance_00000,Lose,0
1680,clean_up,Qwen3.6-35B-A3B-FP8-without-reasoning,2_hard_7obj_fi,instance_00000,Success,1
1681,clean_up,Qwen3.6-35B-A3B-FP8-without-reasoning,2_hard_7obj_fi,instance_00000,Distance Score,0.08498758830481629
1682,clean_up,Qwen3.6-35B-A3B-FP8-without-reasoning,2_hard_7obj_fi,instance_00000,Consistency Score,0.7142857142857143
1683,clean_up,Qwen3.6-35B-A3B-FP8-without-reasoning,2_hard_7obj_fi,instance_00000,Coverage Score,0.4375
1684,clean_up,Qwen3.6-35B-A3B-FP8-without-reasoning,2_hard_7obj_fi,instance_00000,Penalty Score,0.5
1685,clean_up,Qwen3.6-35B-A3B-FP8-without-reasoning,2_hard_7obj_fi,instance_00000,Moves,"[['Player 1', 'O'], ['Player 2', 'T'], ['Player 2', 'D'], ['Player 1', 'A'], ['Player 2', 'A'], ['Player 1', 'A'], ['Player 2', 'O'], ['Player 1', 'P'], ['Player 1', 'P'], ['Player 1', 'O'], ['Player 2', 'P'], ['Player 2', 'M']]"
1686,clean_up,Qwen3.6-35B-A3B-FP8-without-reasoning,2_hard_7obj_fi,instance_00000,Init States,"{'state_1': [{'id': 'P', 'coord': [1, 5]}, {'id': 'O', 'coord': [3, 5]}, {'id': 'T', 'coord': [7, 3]}, {'id': 'S', 'coord': [7, 5]}, {'id': 'D', 'coord': [4, 5]}, {'id': 'A', 'coord': [7, 1]}, {'id': 'M', 'coord': [4, 4]}], 'state_2': [{'id': 'P', 'coord': [2, 5]}, {'id': 'O', 'coord': [1, 5]}, {'id': 'T', 'coord': [1, 1]}, {'id': 'S', 'coord': [7, 5]}, {'id': 'D', 'coord': [4, 1]}, {'id': 'A', 'coord': [7, 1]}, {'id': 'M', 'coord': [5, 7]}]}"
1687,clean_up,Qwen3.6-35B-A3B-FP8-without-reasoning,2_hard_7obj_fi,instance_00000,End States,"{'state_1': [{'id': 'P', 'coord': [1, 5]}, {'id': 'O', 'coord': [2, 5]}, {'id': 'T', 'coord': [7, 3]}, {'id': 'S', 'coord': [7, 5]}, {'id': 'D', 'coord': [4, 5]}, {'id': 'A', 'coord': [5, 5]}, {'id': 'M', 'coord': [4, 4]}], 'state_2': [{'id': 'P', 'coord': [1, 3]}, {'id': 'O', 'coord': [4, 1]}, {'id': 'T', 'coord': [2, 1]}, {'id': 'S', 'coord': [7, 5]}, {'id': 'D', 'coord': [5, 1]}, {'id': 'A', 'coord': [6, 1]}, {'id': 'M', 'coord': [7, 7]}]}"
1688,clean_up,Qwen3.6-35B-A3B-FP8-without-reasoning,2_hard_7obj_fi,instance_00000,Shifts,8
1689,clean_up,Qwen3.6-35B-A3B-FP8-without-reasoning,2_hard_7obj_fi,instance_00000,Max Shifts,12
1690,clean_up,Qwen3.6-35B-A3B-FP8-without-reasoning,2_hard_7obj_fi,instance_00000,Min Shifts,6
1691,clean_up,Qwen3.6-35B-A3B-FP8-without-reasoning,2_hard_7obj_fi,instance_00000,End Distance Sum,24.34615270048869
1692,clean_up,Qwen3.6-35B-A3B-FP8-without-reasoning,2_hard_7obj_fi,instance_00000,Init Distance Sum,16.486832980505138
1693,clean_up,Qwen3.6-35B-A3B-FP8-without-reasoning,2_hard_7obj_fi,instance_00000,Expected Distance Sum,29.331836849219748
1694,clean_up,Qwen3.6-35B-A3B-FP8-without-reasoning,2_hard_7obj_fi,instance_00000,Penalties,16
1695,clean_up,Qwen3.6-35B-A3B-FP8-without-reasoning,2_hard_7obj_fi,instance_00000,Max Penalties,16
1696,clean_up,Qwen3.6-35B-A3B-FP8-without-reasoning,2_hard_7obj_fi,instance_00000,Rounds,25
1697,clean_up,Qwen3.6-35B-A3B-FP8-without-reasoning,2_hard_7obj_fi,instance_00000,Max Rounds,28
1698,clean_up,Qwen3.6-35B-A3B-FP8-without-reasoning,2_hard_7obj_fi,instance_00000,Object Count,7
1699,clean_up,Qwen3.6-35B-A3B-FP8-without-reasoning,2_hard_7obj_fi,instance_00000,Valid Moves,12
1700,clean_up,Qwen3.6-35B-A3B-FP8-without-reasoning,2_hard_7obj_fi,instance_00000,Invalid Moves,13
1701,clean_up,Qwen3.6-35B-A3B-FP8-without-reasoning,2_hard_7obj_fi,instance_00000,Parse Errors,6
1702,clean_up,Qwen3.6-35B-A3B-FP8-without-reasoning,2_hard_7obj_fi,instance_00000,Main Score,4.249379415240814
1703,referencegame,Qwen3.6-35B-A3B-FP8-without-reasoning,number_grids,instance_00005,Generated Expression Length,302
1704,referencegame,Qwen3.6-35B-A3B-FP8-without-reasoning,number_grids,instance_00005,Generated Expression Number of Tokens,46
1705,referencegame,Qwen3.6-35B-A3B-FP8-without-reasoning,number_grids,instance_00005,Aborted at Player 1,0
1706,referencegame,Qwen3.6-35B-A3B-FP8-without-reasoning,number_grids,instance_00005,Aborted at Player 2,0
1707,referencegame,Qwen3.6-35B-A3B-FP8-without-reasoning,number_grids,instance_00005,Request Count,2
1708,referencegame,Qwen3.6-35B-A3B-FP8-without-reasoning,number_grids,instance_00005,Parsed Request Count,2
1709,referencegame,Qwen3.6-35B-A3B-FP8-without-reasoning,number_grids,instance_00005,Violated Request Count,0
1710,referencegame,Qwen3.6-35B-A3B-FP8-without-reasoning,number_grids,instance_00005,Aborted,0
1711,referencegame,Qwen3.6-35B-A3B-FP8-without-reasoning,number_grids,instance_00005,Success,1
1712,referencegame,Qwen3.6-35B-A3B-FP8-without-reasoning,number_grids,instance_00005,Lose,0
1713,referencegame,Qwen3.6-35B-A3B-FP8-without-reasoning,number_grids,instance_00005,Main Score,100
1714,referencegame,Qwen3.6-35B-A3B-FP8-without-reasoning,number_grids,instance_00005,Request Success Ratio,1.0
1715,referencegame,Qwen3.6-35B-A3B-FP8-without-reasoning,number_grids,instance_00002,Generated Expression Length,185
1716,referencegame,Qwen3.6-35B-A3B-FP8-without-reasoning,number_grids,instance_00002,Generated Expression Number of Tokens,27
1717,referencegame,Qwen3.6-35B-A3B-FP8-without-reasoning,number_grids,instance_00002,Aborted at Player 1,0
1718,referencegame,Qwen3.6-35B-A3B-FP8-without-reasoning,number_grids,instance_00002,Aborted at Player 2,0
1719,referencegame,Qwen3.6-35B-A3B-FP8-without-reasoning,number_grids,instance_00002,Request Count,2
1720,referencegame,Qwen3.6-35B-A3B-FP8-without-reasoning,number_grids,instance_00002,Parsed Request Count,2
1721,referencegame,Qwen3.6-35B-A3B-FP8-without-reasoning,number_grids,instance_00002,Violated Request Count,0
1722,referencegame,Qwen3.6-35B-A3B-FP8-without-reasoning,number_grids,instance_00002,Aborted,0
1723,referencegame,Qwen3.6-35B-A3B-FP8-without-reasoning,number_grids,instance_00002,Success,1
1724,referencegame,Qwen3.6-35B-A3B-FP8-without-reasoning,number_grids,instance_00002,Lose,0
1725,referencegame,Qwen3.6-35B-A3B-FP8-without-reasoning,number_grids,instance_00002,Main Score,100
1726,referencegame,Qwen3.6-35B-A3B-FP8-without-reasoning,number_grids,instance_00002,Request Success Ratio,1.0
1727,referencegame,Qwen3.6-35B-A3B-FP8-without-reasoning,number_grids,instance_00003,Generated Expression Length,177
1728,referencegame,Qwen3.6-35B-A3B-FP8-without-reasoning,number_grids,instance_00003,Generated Expression Number of Tokens,22
1729,referencegame,Qwen3.6-35B-A3B-FP8-without-reasoning,number_grids,instance_00003,Aborted at Player 1,0
1730,referencegame,Qwen3.6-35B-A3B-FP8-without-reasoning,number_grids,instance_00003,Aborted at Player 2,0
1731,referencegame,Qwen3.6-35B-A3B-FP8-without-reasoning,number_grids,instance_00003,Request Count,2
1732,referencegame,Qwen3.6-35B-A3B-FP8-without-reasoning,number_grids,instance_00003,Parsed Request Count,2
1733,referencegame,Qwen3.6-35B-A3B-FP8-without-reasoning,number_grids,instance_00003,Violated Request Count,0
1734,referencegame,Qwen3.6-35B-A3B-FP8-without-reasoning,number_grids,instance_00003,Aborted,0
1735,referencegame,Qwen3.6-35B-A3B-FP8-without-reasoning,number_grids,instance_00003,Success,1
1736,referencegame,Qwen3.6-35B-A3B-FP8-without-reasoning,number_grids,instance_00003,Lose,0
1737,referencegame,Qwen3.6-35B-A3B-FP8-without-reasoning,number_grids,instance_00003,Main Score,100
1738,referencegame,Qwen3.6-35B-A3B-FP8-without-reasoning,number_grids,instance_00003,Request Success Ratio,1.0
1739,referencegame,Qwen3.6-35B-A3B-FP8-without-reasoning,number_grids,instance_00004,Generated Expression Length,152
1740,referencegame,Qwen3.6-35B-A3B-FP8-without-reasoning,number_grids,instance_00004,Generated Expression Number of Tokens,18
1741,referencegame,Qwen3.6-35B-A3B-FP8-without-reasoning,number_grids,instance_00004,Aborted at Player 1,0
1742,referencegame,Qwen3.6-35B-A3B-FP8-without-reasoning,number_grids,instance_00004,Aborted at Player 2,0
1743,referencegame,Qwen3.6-35B-A3B-FP8-without-reasoning,number_grids,instance_00004,Request Count,2
1744,referencegame,Qwen3.6-35B-A3B-FP8-without-reasoning,number_grids,instance_00004,Parsed Request Count,2
1745,referencegame,Qwen3.6-35B-A3B-FP8-without-reasoning,number_grids,instance_00004,Violated Request Count,0
1746,referencegame,Qwen3.6-35B-A3B-FP8-without-reasoning,number_grids,instance_00004,Aborted,0
1747,referencegame,Qwen3.6-35B-A3B-FP8-without-reasoning,number_grids,instance_00004,Success,1
1748,referencegame,Qwen3.6-35B-A3B-FP8-without-reasoning,number_grids,instance_00004,Lose,0
1749,referencegame,Qwen3.6-35B-A3B-FP8-without-reasoning,number_grids,instance_00004,Main Score,100
1750,referencegame,Qwen3.6-35B-A3B-FP8-without-reasoning,number_grids,instance_00004,Request Success Ratio,1.0
1751,referencegame,Qwen3.6-35B-A3B-FP8-without-reasoning,number_grids,instance_00001,Generated Expression Length,184
1752,referencegame,Qwen3.6-35B-A3B-FP8-without-reasoning,number_grids,instance_00001,Generated Expression Number of Tokens,25
1753,referencegame,Qwen3.6-35B-A3B-FP8-without-reasoning,number_grids,instance_00001,Aborted at Player 1,0
1754,referencegame,Qwen3.6-35B-A3B-FP8-without-reasoning,number_grids,instance_00001,Aborted at Player 2,0
1755,referencegame,Qwen3.6-35B-A3B-FP8-without-reasoning,number_grids,instance_00001,Request Count,2
1756,referencegame,Qwen3.6-35B-A3B-FP8-without-reasoning,number_grids,instance_00001,Parsed Request Count,2
1757,referencegame,Qwen3.6-35B-A3B-FP8-without-reasoning,number_grids,instance_00001,Violated Request Count,0
1758,referencegame,Qwen3.6-35B-A3B-FP8-without-reasoning,number_grids,instance_00001,Aborted,0
1759,referencegame,Qwen3.6-35B-A3B-FP8-without-reasoning,number_grids,instance_00001,Success,1
1760,referencegame,Qwen3.6-35B-A3B-FP8-without-reasoning,number_grids,instance_00001,Lose,0
1761,referencegame,Qwen3.6-35B-A3B-FP8-without-reasoning,number_grids,instance_00001,Main Score,100
1762,referencegame,Qwen3.6-35B-A3B-FP8-without-reasoning,number_grids,instance_00001,Request Success Ratio,1.0
1763,referencegame,Qwen3.6-35B-A3B-FP8-without-reasoning,number_grids,instance_00000,Generated Expression Length,367
1764,referencegame,Qwen3.6-35B-A3B-FP8-without-reasoning,number_grids,instance_00000,Generated Expression Number of Tokens,59
1765,referencegame,Qwen3.6-35B-A3B-FP8-without-reasoning,number_grids,instance_00000,Aborted at Player 1,0
1766,referencegame,Qwen3.6-35B-A3B-FP8-without-reasoning,number_grids,instance_00000,Aborted at Player 2,0
1767,referencegame,Qwen3.6-35B-A3B-FP8-without-reasoning,number_grids,instance_00000,Request Count,2
1768,referencegame,Qwen3.6-35B-A3B-FP8-without-reasoning,number_grids,instance_00000,Parsed Request Count,2
1769,referencegame,Qwen3.6-35B-A3B-FP8-without-reasoning,number_grids,instance_00000,Violated Request Count,0
1770,referencegame,Qwen3.6-35B-A3B-FP8-without-reasoning,number_grids,instance_00000,Aborted,0
1771,referencegame,Qwen3.6-35B-A3B-FP8-without-reasoning,number_grids,instance_00000,Success,1
1772,referencegame,Qwen3.6-35B-A3B-FP8-without-reasoning,number_grids,instance_00000,Lose,0
1773,referencegame,Qwen3.6-35B-A3B-FP8-without-reasoning,number_grids,instance_00000,Main Score,100
1774,referencegame,Qwen3.6-35B-A3B-FP8-without-reasoning,number_grids,instance_00000,Request Success Ratio,1.0
1775,referencegame,Qwen3.6-35B-A3B-FP8-without-reasoning,line_grids_columns,instance_00005,Generated Expression Length,172
1776,referencegame,Qwen3.6-35B-A3B-FP8-without-reasoning,line_grids_columns,instance_00005,Generated Expression Number of Tokens,26
1777,referencegame,Qwen3.6-35B-A3B-FP8-without-reasoning,line_grids_columns,instance_00005,Aborted at Player 1,0
1778,referencegame,Qwen3.6-35B-A3B-FP8-without-reasoning,line_grids_columns,instance_00005,Aborted at Player 2,0
1779,referencegame,Qwen3.6-35B-A3B-FP8-without-reasoning,line_grids_columns,instance_00005,Request Count,2
1780,referencegame,Qwen3.6-35B-A3B-FP8-without-reasoning,line_grids_columns,instance_00005,Parsed Request Count,2
1781,referencegame,Qwen3.6-35B-A3B-FP8-without-reasoning,line_grids_columns,instance_00005,Violated Request Count,0
1782,referencegame,Qwen3.6-35B-A3B-FP8-without-reasoning,line_grids_columns,instance_00005,Aborted,0
1783,referencegame,Qwen3.6-35B-A3B-FP8-without-reasoning,line_grids_columns,instance_00005,Success,1
1784,referencegame,Qwen3.6-35B-A3B-FP8-without-reasoning,line_grids_columns,instance_00005,Lose,0
1785,referencegame,Qwen3.6-35B-A3B-FP8-without-reasoning,line_grids_columns,instance_00005,Main Score,100
1786,referencegame,Qwen3.6-35B-A3B-FP8-without-reasoning,line_grids_columns,instance_00005,Request Success Ratio,1.0
1787,referencegame,Qwen3.6-35B-A3B-FP8-without-reasoning,line_grids_columns,instance_00002,Generated Expression Length,105
1788,referencegame,Qwen3.6-35B-A3B-FP8-without-reasoning,line_grids_columns,instance_00002,Generated Expression Number of Tokens,15
1789,referencegame,Qwen3.6-35B-A3B-FP8-without-reasoning,line_grids_columns,instance_00002,Aborted at Player 1,0
1790,referencegame,Qwen3.6-35B-A3B-FP8-without-reasoning,line_grids_columns,instance_00002,Aborted at Player 2,0
1791,referencegame,Qwen3.6-35B-A3B-FP8-without-reasoning,line_grids_columns,instance_00002,Request Count,2
1792,referencegame,Qwen3.6-35B-A3B-FP8-without-reasoning,line_grids_columns,instance_00002,Parsed Request Count,2
1793,referencegame,Qwen3.6-35B-A3B-FP8-without-reasoning,line_grids_columns,instance_00002,Violated Request Count,0
1794,referencegame,Qwen3.6-35B-A3B-FP8-without-reasoning,line_grids_columns,instance_00002,Aborted,0
1795,referencegame,Qwen3.6-35B-A3B-FP8-without-reasoning,line_grids_columns,instance_00002,Success,1
1796,referencegame,Qwen3.6-35B-A3B-FP8-without-reasoning,line_grids_columns,instance_00002,Lose,0
1797,referencegame,Qwen3.6-35B-A3B-FP8-without-reasoning,line_grids_columns,instance_00002,Main Score,100
1798,referencegame,Qwen3.6-35B-A3B-FP8-without-reasoning,line_grids_columns,instance_00002,Request Success Ratio,1.0
1799,referencegame,Qwen3.6-35B-A3B-FP8-without-reasoning,line_grids_columns,instance_00003,Generated Expression Length,113
1800,referencegame,Qwen3.6-35B-A3B-FP8-without-reasoning,line_grids_columns,instance_00003,Generated Expression Number of Tokens,13
1801,referencegame,Qwen3.6-35B-A3B-FP8-without-reasoning,line_grids_columns,instance_00003,Aborted at Player 1,0
1802,referencegame,Qwen3.6-35B-A3B-FP8-without-reasoning,line_grids_columns,instance_00003,Aborted at Player 2,0
1803,referencegame,Qwen3.6-35B-A3B-FP8-without-reasoning,line_grids_columns,instance_00003,Request Count,2
1804,referencegame,Qwen3.6-35B-A3B-FP8-without-reasoning,line_grids_columns,instance_00003,Parsed Request Count,2
1805,referencegame,Qwen3.6-35B-A3B-FP8-without-reasoning,line_grids_columns,instance_00003,Violated Request Count,0
1806,referencegame,Qwen3.6-35B-A3B-FP8-without-reasoning,line_grids_columns,instance_00003,Aborted,0
1807,referencegame,Qwen3.6-35B-A3B-FP8-without-reasoning,line_grids_columns,instance_00003,Success,1
1808,referencegame,Qwen3.6-35B-A3B-FP8-without-reasoning,line_grids_columns,instance_00003,Lose,0
1809,referencegame,Qwen3.6-35B-A3B-FP8-without-reasoning,line_grids_columns,instance_00003,Main Score,100
1810,referencegame,Qwen3.6-35B-A3B-FP8-without-reasoning,line_grids_columns,instance_00003,Request Success Ratio,1.0
1811,referencegame,Qwen3.6-35B-A3B-FP8-without-reasoning,line_grids_columns,instance_00004,Generated Expression Length,122
1812,referencegame,Qwen3.6-35B-A3B-FP8-without-reasoning,line_grids_columns,instance_00004,Generated Expression Number of Tokens,13
1813,referencegame,Qwen3.6-35B-A3B-FP8-without-reasoning,line_grids_columns,instance_00004,Aborted at Player 1,0
1814,referencegame,Qwen3.6-35B-A3B-FP8-without-reasoning,line_grids_columns,instance_00004,Aborted at Player 2,0
1815,referencegame,Qwen3.6-35B-A3B-FP8-without-reasoning,line_grids_columns,instance_00004,Request Count,2
1816,referencegame,Qwen3.6-35B-A3B-FP8-without-reasoning,line_grids_columns,instance_00004,Parsed Request Count,2
1817,referencegame,Qwen3.6-35B-A3B-FP8-without-reasoning,line_grids_columns,instance_00004,Violated Request Count,0
1818,referencegame,Qwen3.6-35B-A3B-FP8-without-reasoning,line_grids_columns,instance_00004,Aborted,0
1819,referencegame,Qwen3.6-35B-A3B-FP8-without-reasoning,line_grids_columns,instance_00004,Success,1
1820,referencegame,Qwen3.6-35B-A3B-FP8-without-reasoning,line_grids_columns,instance_00004,Lose,0
1821,referencegame,Qwen3.6-35B-A3B-FP8-without-reasoning,line_grids_columns,instance_00004,Main Score,100
1822,referencegame,Qwen3.6-35B-A3B-FP8-without-reasoning,line_grids_columns,instance_00004,Request Success Ratio,1.0
1823,referencegame,Qwen3.6-35B-A3B-FP8-without-reasoning,line_grids_columns,instance_00001,Generated Expression Length,179
1824,referencegame,Qwen3.6-35B-A3B-FP8-without-reasoning,line_grids_columns,instance_00001,Generated Expression Number of Tokens,19
1825,referencegame,Qwen3.6-35B-A3B-FP8-without-reasoning,line_grids_columns,instance_00001,Aborted at Player 1,0
1826,referencegame,Qwen3.6-35B-A3B-FP8-without-reasoning,line_grids_columns,instance_00001,Aborted at Player 2,0
1827,referencegame,Qwen3.6-35B-A3B-FP8-without-reasoning,line_grids_columns,instance_00001,Request Count,2
1828,referencegame,Qwen3.6-35B-A3B-FP8-without-reasoning,line_grids_columns,instance_00001,Parsed Request Count,2
1829,referencegame,Qwen3.6-35B-A3B-FP8-without-reasoning,line_grids_columns,instance_00001,Violated Request Count,0
1830,referencegame,Qwen3.6-35B-A3B-FP8-without-reasoning,line_grids_columns,instance_00001,Aborted,0
1831,referencegame,Qwen3.6-35B-A3B-FP8-without-reasoning,line_grids_columns,instance_00001,Success,1
1832,referencegame,Qwen3.6-35B-A3B-FP8-without-reasoning,line_grids_columns,instance_00001,Lose,0
1833,referencegame,Qwen3.6-35B-A3B-FP8-without-reasoning,line_grids_columns,instance_00001,Main Score,100
1834,referencegame,Qwen3.6-35B-A3B-FP8-without-reasoning,line_grids_columns,instance_00001,Request Success Ratio,1.0
1835,referencegame,Qwen3.6-35B-A3B-FP8-without-reasoning,line_grids_columns,instance_00000,Generated Expression Length,132
1836,referencegame,Qwen3.6-35B-A3B-FP8-without-reasoning,line_grids_columns,instance_00000,Generated Expression Number of Tokens,15
1837,referencegame,Qwen3.6-35B-A3B-FP8-without-reasoning,line_grids_columns,instance_00000,Aborted at Player 1,0
1838,referencegame,Qwen3.6-35B-A3B-FP8-without-reasoning,line_grids_columns,instance_00000,Aborted at Player 2,0
1839,referencegame,Qwen3.6-35B-A3B-FP8-without-reasoning,line_grids_columns,instance_00000,Request Count,2
1840,referencegame,Qwen3.6-35B-A3B-FP8-without-reasoning,line_grids_columns,instance_00000,Parsed Request Count,2
1841,referencegame,Qwen3.6-35B-A3B-FP8-without-reasoning,line_grids_columns,instance_00000,Violated Request Count,0
1842,referencegame,Qwen3.6-35B-A3B-FP8-without-reasoning,line_grids_columns,instance_00000,Aborted,0
1843,referencegame,Qwen3.6-35B-A3B-FP8-without-reasoning,line_grids_columns,instance_00000,Success,1
1844,referencegame,Qwen3.6-35B-A3B-FP8-without-reasoning,line_grids_columns,instance_00000,Lose,0
1845,referencegame,Qwen3.6-35B-A3B-FP8-without-reasoning,line_grids_columns,instance_00000,Main Score,100
1846,referencegame,Qwen3.6-35B-A3B-FP8-without-reasoning,line_grids_columns,instance_00000,Request Success Ratio,1.0
1847,referencegame,Qwen3.6-35B-A3B-FP8-without-reasoning,line_grids_rows,instance_00005,Generated Expression Length,165
1848,referencegame,Qwen3.6-35B-A3B-FP8-without-reasoning,line_grids_rows,instance_00005,Generated Expression Number of Tokens,18
1849,referencegame,Qwen3.6-35B-A3B-FP8-without-reasoning,line_grids_rows,instance_00005,Aborted at Player 1,0
1850,referencegame,Qwen3.6-35B-A3B-FP8-without-reasoning,line_grids_rows,instance_00005,Aborted at Player 2,0
1851,referencegame,Qwen3.6-35B-A3B-FP8-without-reasoning,line_grids_rows,instance_00005,Request Count,2
1852,referencegame,Qwen3.6-35B-A3B-FP8-without-reasoning,line_grids_rows,instance_00005,Parsed Request Count,2
1853,referencegame,Qwen3.6-35B-A3B-FP8-without-reasoning,line_grids_rows,instance_00005,Violated Request Count,0
1854,referencegame,Qwen3.6-35B-A3B-FP8-without-reasoning,line_grids_rows,instance_00005,Aborted,0
1855,referencegame,Qwen3.6-35B-A3B-FP8-without-reasoning,line_grids_rows,instance_00005,Success,1
1856,referencegame,Qwen3.6-35B-A3B-FP8-without-reasoning,line_grids_rows,instance_00005,Lose,0
1857,referencegame,Qwen3.6-35B-A3B-FP8-without-reasoning,line_grids_rows,instance_00005,Main Score,100
1858,referencegame,Qwen3.6-35B-A3B-FP8-without-reasoning,line_grids_rows,instance_00005,Request Success Ratio,1.0
1859,referencegame,Qwen3.6-35B-A3B-FP8-without-reasoning,line_grids_rows,instance_00002,Generated Expression Length,144
1860,referencegame,Qwen3.6-35B-A3B-FP8-without-reasoning,line_grids_rows,instance_00002,Generated Expression Number of Tokens,21
1861,referencegame,Qwen3.6-35B-A3B-FP8-without-reasoning,line_grids_rows,instance_00002,Aborted at Player 1,0
1862,referencegame,Qwen3.6-35B-A3B-FP8-without-reasoning,line_grids_rows,instance_00002,Aborted at Player 2,0
1863,referencegame,Qwen3.6-35B-A3B-FP8-without-reasoning,line_grids_rows,instance_00002,Request Count,2
1864,referencegame,Qwen3.6-35B-A3B-FP8-without-reasoning,line_grids_rows,instance_00002,Parsed Request Count,2
1865,referencegame,Qwen3.6-35B-A3B-FP8-without-reasoning,line_grids_rows,instance_00002,Violated Request Count,0
1866,referencegame,Qwen3.6-35B-A3B-FP8-without-reasoning,line_grids_rows,instance_00002,Aborted,0
1867,referencegame,Qwen3.6-35B-A3B-FP8-without-reasoning,line_grids_rows,instance_00002,Success,1
1868,referencegame,Qwen3.6-35B-A3B-FP8-without-reasoning,line_grids_rows,instance_00002,Lose,0
1869,referencegame,Qwen3.6-35B-A3B-FP8-without-reasoning,line_grids_rows,instance_00002,Main Score,100
1870,referencegame,Qwen3.6-35B-A3B-FP8-without-reasoning,line_grids_rows,instance_00002,Request Success Ratio,1.0
1871,referencegame,Qwen3.6-35B-A3B-FP8-without-reasoning,line_grids_rows,instance_00003,Generated Expression Length,112
1872,referencegame,Qwen3.6-35B-A3B-FP8-without-reasoning,line_grids_rows,instance_00003,Generated Expression Number of Tokens,15
1873,referencegame,Qwen3.6-35B-A3B-FP8-without-reasoning,line_grids_rows,instance_00003,Aborted at Player 1,0
1874,referencegame,Qwen3.6-35B-A3B-FP8-without-reasoning,line_grids_rows,instance_00003,Aborted at Player 2,0
1875,referencegame,Qwen3.6-35B-A3B-FP8-without-reasoning,line_grids_rows,instance_00003,Request Count,2
1876,referencegame,Qwen3.6-35B-A3B-FP8-without-reasoning,line_grids_rows,instance_00003,Parsed Request Count,2
1877,referencegame,Qwen3.6-35B-A3B-FP8-without-reasoning,line_grids_rows,instance_00003,Violated Request Count,0
1878,referencegame,Qwen3.6-35B-A3B-FP8-without-reasoning,line_grids_rows,instance_00003,Aborted,0
1879,referencegame,Qwen3.6-35B-A3B-FP8-without-reasoning,line_grids_rows,instance_00003,Success,1
1880,referencegame,Qwen3.6-35B-A3B-FP8-without-reasoning,line_grids_rows,instance_00003,Lose,0
1881,referencegame,Qwen3.6-35B-A3B-FP8-without-reasoning,line_grids_rows,instance_00003,Main Score,100
1882,referencegame,Qwen3.6-35B-A3B-FP8-without-reasoning,line_grids_rows,instance_00003,Request Success Ratio,1.0
1883,referencegame,Qwen3.6-35B-A3B-FP8-without-reasoning,line_grids_rows,instance_00004,Generated Expression Length,124
1884,referencegame,Qwen3.6-35B-A3B-FP8-without-reasoning,line_grids_rows,instance_00004,Generated Expression Number of Tokens,21
1885,referencegame,Qwen3.6-35B-A3B-FP8-without-reasoning,line_grids_rows,instance_00004,Aborted at Player 1,0
1886,referencegame,Qwen3.6-35B-A3B-FP8-without-reasoning,line_grids_rows,instance_00004,Aborted at Player 2,0
1887,referencegame,Qwen3.6-35B-A3B-FP8-without-reasoning,line_grids_rows,instance_00004,Request Count,2
1888,referencegame,Qwen3.6-35B-A3B-FP8-without-reasoning,line_grids_rows,instance_00004,Parsed Request Count,2
1889,referencegame,Qwen3.6-35B-A3B-FP8-without-reasoning,line_grids_rows,instance_00004,Violated Request Count,0
1890,referencegame,Qwen3.6-35B-A3B-FP8-without-reasoning,line_grids_rows,instance_00004,Aborted,0
1891,referencegame,Qwen3.6-35B-A3B-FP8-without-reasoning,line_grids_rows,instance_00004,Success,1
1892,referencegame,Qwen3.6-35B-A3B-FP8-without-reasoning,line_grids_rows,instance_00004,Lose,0
1893,referencegame,Qwen3.6-35B-A3B-FP8-without-reasoning,line_grids_rows,instance_00004,Main Score,100
1894,referencegame,Qwen3.6-35B-A3B-FP8-without-reasoning,line_grids_rows,instance_00004,Request Success Ratio,1.0
1895,referencegame,Qwen3.6-35B-A3B-FP8-without-reasoning,line_grids_rows,instance_00001,Generated Expression Length,105
1896,referencegame,Qwen3.6-35B-A3B-FP8-without-reasoning,line_grids_rows,instance_00001,Generated Expression Number of Tokens,13
1897,referencegame,Qwen3.6-35B-A3B-FP8-without-reasoning,line_grids_rows,instance_00001,Aborted at Player 1,0
1898,referencegame,Qwen3.6-35B-A3B-FP8-without-reasoning,line_grids_rows,instance_00001,Aborted at Player 2,0
1899,referencegame,Qwen3.6-35B-A3B-FP8-without-reasoning,line_grids_rows,instance_00001,Request Count,2
1900,referencegame,Qwen3.6-35B-A3B-FP8-without-reasoning,line_grids_rows,instance_00001,Parsed Request Count,2
1901,referencegame,Qwen3.6-35B-A3B-FP8-without-reasoning,line_grids_rows,instance_00001,Violated Request Count,0
1902,referencegame,Qwen3.6-35B-A3B-FP8-without-reasoning,line_grids_rows,instance_00001,Aborted,0
1903,referencegame,Qwen3.6-35B-A3B-FP8-without-reasoning,line_grids_rows,instance_00001,Success,1
1904,referencegame,Qwen3.6-35B-A3B-FP8-without-reasoning,line_grids_rows,instance_00001,Lose,0
1905,referencegame,Qwen3.6-35B-A3B-FP8-without-reasoning,line_grids_rows,instance_00001,Main Score,100
1906,referencegame,Qwen3.6-35B-A3B-FP8-without-reasoning,line_grids_rows,instance_00001,Request Success Ratio,1.0
1907,referencegame,Qwen3.6-35B-A3B-FP8-without-reasoning,line_grids_rows,instance_00000,Generated Expression Length,250
1908,referencegame,Qwen3.6-35B-A3B-FP8-without-reasoning,line_grids_rows,instance_00000,Generated Expression Number of Tokens,32
1909,referencegame,Qwen3.6-35B-A3B-FP8-without-reasoning,line_grids_rows,instance_00000,Aborted at Player 1,0
1910,referencegame,Qwen3.6-35B-A3B-FP8-without-reasoning,line_grids_rows,instance_00000,Aborted at Player 2,0
1911,referencegame,Qwen3.6-35B-A3B-FP8-without-reasoning,line_grids_rows,instance_00000,Request Count,2
1912,referencegame,Qwen3.6-35B-A3B-FP8-without-reasoning,line_grids_rows,instance_00000,Parsed Request Count,2
1913,referencegame,Qwen3.6-35B-A3B-FP8-without-reasoning,line_grids_rows,instance_00000,Violated Request Count,0
1914,referencegame,Qwen3.6-35B-A3B-FP8-without-reasoning,line_grids_rows,instance_00000,Aborted,0
1915,referencegame,Qwen3.6-35B-A3B-FP8-without-reasoning,line_grids_rows,instance_00000,Success,1
1916,referencegame,Qwen3.6-35B-A3B-FP8-without-reasoning,line_grids_rows,instance_00000,Lose,0
1917,referencegame,Qwen3.6-35B-A3B-FP8-without-reasoning,line_grids_rows,instance_00000,Main Score,100
1918,referencegame,Qwen3.6-35B-A3B-FP8-without-reasoning,line_grids_rows,instance_00000,Request Success Ratio,1.0
1919,referencegame,Qwen3.6-35B-A3B-FP8-without-reasoning,random_grids,instance_00005,Generated Expression Length,380
1920,referencegame,Qwen3.6-35B-A3B-FP8-without-reasoning,random_grids,instance_00005,Generated Expression Number of Tokens,43
1921,referencegame,Qwen3.6-35B-A3B-FP8-without-reasoning,random_grids,instance_00005,Aborted at Player 1,0
1922,referencegame,Qwen3.6-35B-A3B-FP8-without-reasoning,random_grids,instance_00005,Aborted at Player 2,0
1923,referencegame,Qwen3.6-35B-A3B-FP8-without-reasoning,random_grids,instance_00005,Request Count,2
1924,referencegame,Qwen3.6-35B-A3B-FP8-without-reasoning,random_grids,instance_00005,Parsed Request Count,2
1925,referencegame,Qwen3.6-35B-A3B-FP8-without-reasoning,random_grids,instance_00005,Violated Request Count,0
1926,referencegame,Qwen3.6-35B-A3B-FP8-without-reasoning,random_grids,instance_00005,Aborted,0
1927,referencegame,Qwen3.6-35B-A3B-FP8-without-reasoning,random_grids,instance_00005,Success,1
1928,referencegame,Qwen3.6-35B-A3B-FP8-without-reasoning,random_grids,instance_00005,Lose,0
1929,referencegame,Qwen3.6-35B-A3B-FP8-without-reasoning,random_grids,instance_00005,Main Score,100
1930,referencegame,Qwen3.6-35B-A3B-FP8-without-reasoning,random_grids,instance_00005,Request Success Ratio,1.0
1931,referencegame,Qwen3.6-35B-A3B-FP8-without-reasoning,random_grids,instance_00002,Generated Expression Length,196
1932,referencegame,Qwen3.6-35B-A3B-FP8-without-reasoning,random_grids,instance_00002,Generated Expression Number of Tokens,24
1933,referencegame,Qwen3.6-35B-A3B-FP8-without-reasoning,random_grids,instance_00002,Aborted at Player 1,0
1934,referencegame,Qwen3.6-35B-A3B-FP8-without-reasoning,random_grids,instance_00002,Aborted at Player 2,0
1935,referencegame,Qwen3.6-35B-A3B-FP8-without-reasoning,random_grids,instance_00002,Request Count,2
1936,referencegame,Qwen3.6-35B-A3B-FP8-without-reasoning,random_grids,instance_00002,Parsed Request Count,2
1937,referencegame,Qwen3.6-35B-A3B-FP8-without-reasoning,random_grids,instance_00002,Violated Request Count,0
1938,referencegame,Qwen3.6-35B-A3B-FP8-without-reasoning,random_grids,instance_00002,Aborted,0
1939,referencegame,Qwen3.6-35B-A3B-FP8-without-reasoning,random_grids,instance_00002,Success,1
1940,referencegame,Qwen3.6-35B-A3B-FP8-without-reasoning,random_grids,instance_00002,Lose,0
1941,referencegame,Qwen3.6-35B-A3B-FP8-without-reasoning,random_grids,instance_00002,Main Score,100
1942,referencegame,Qwen3.6-35B-A3B-FP8-without-reasoning,random_grids,instance_00002,Request Success Ratio,1.0
1943,referencegame,Qwen3.6-35B-A3B-FP8-without-reasoning,random_grids,instance_00003,Generated Expression Length,291
1944,referencegame,Qwen3.6-35B-A3B-FP8-without-reasoning,random_grids,instance_00003,Generated Expression Number of Tokens,40
1945,referencegame,Qwen3.6-35B-A3B-FP8-without-reasoning,random_grids,instance_00003,Aborted at Player 1,0
1946,referencegame,Qwen3.6-35B-A3B-FP8-without-reasoning,random_grids,instance_00003,Aborted at Player 2,0
1947,referencegame,Qwen3.6-35B-A3B-FP8-without-reasoning,random_grids,instance_00003,Request Count,2
1948,referencegame,Qwen3.6-35B-A3B-FP8-without-reasoning,random_grids,instance_00003,Parsed Request Count,2
1949,referencegame,Qwen3.6-35B-A3B-FP8-without-reasoning,random_grids,instance_00003,Violated Request Count,0
1950,referencegame,Qwen3.6-35B-A3B-FP8-without-reasoning,random_grids,instance_00003,Aborted,0
1951,referencegame,Qwen3.6-35B-A3B-FP8-without-reasoning,random_grids,instance_00003,Success,1
1952,referencegame,Qwen3.6-35B-A3B-FP8-without-reasoning,random_grids,instance_00003,Lose,0
1953,referencegame,Qwen3.6-35B-A3B-FP8-without-reasoning,random_grids,instance_00003,Main Score,100
1954,referencegame,Qwen3.6-35B-A3B-FP8-without-reasoning,random_grids,instance_00003,Request Success Ratio,1.0
1955,referencegame,Qwen3.6-35B-A3B-FP8-without-reasoning,random_grids,instance_00004,Generated Expression Length,324
1956,referencegame,Qwen3.6-35B-A3B-FP8-without-reasoning,random_grids,instance_00004,Generated Expression Number of Tokens,37
1957,referencegame,Qwen3.6-35B-A3B-FP8-without-reasoning,random_grids,instance_00004,Aborted at Player 1,0
1958,referencegame,Qwen3.6-35B-A3B-FP8-without-reasoning,random_grids,instance_00004,Aborted at Player 2,0
1959,referencegame,Qwen3.6-35B-A3B-FP8-without-reasoning,random_grids,instance_00004,Request Count,2
1960,referencegame,Qwen3.6-35B-A3B-FP8-without-reasoning,random_grids,instance_00004,Parsed Request Count,2
1961,referencegame,Qwen3.6-35B-A3B-FP8-without-reasoning,random_grids,instance_00004,Violated Request Count,0
1962,referencegame,Qwen3.6-35B-A3B-FP8-without-reasoning,random_grids,instance_00004,Aborted,0
1963,referencegame,Qwen3.6-35B-A3B-FP8-without-reasoning,random_grids,instance_00004,Success,0
1964,referencegame,Qwen3.6-35B-A3B-FP8-without-reasoning,random_grids,instance_00004,Lose,1
1965,referencegame,Qwen3.6-35B-A3B-FP8-without-reasoning,random_grids,instance_00004,Main Score,0
1966,referencegame,Qwen3.6-35B-A3B-FP8-without-reasoning,random_grids,instance_00004,Request Success Ratio,1.0
1967,referencegame,Qwen3.6-35B-A3B-FP8-without-reasoning,random_grids,instance_00001,Generated Expression Length,324
1968,referencegame,Qwen3.6-35B-A3B-FP8-without-reasoning,random_grids,instance_00001,Generated Expression Number of Tokens,39
1969,referencegame,Qwen3.6-35B-A3B-FP8-without-reasoning,random_grids,instance_00001,Aborted at Player 1,0
1970,referencegame,Qwen3.6-35B-A3B-FP8-without-reasoning,random_grids,instance_00001,Aborted at Player 2,0
1971,referencegame,Qwen3.6-35B-A3B-FP8-without-reasoning,random_grids,instance_00001,Request Count,2
1972,referencegame,Qwen3.6-35B-A3B-FP8-without-reasoning,random_grids,instance_00001,Parsed Request Count,2
1973,referencegame,Qwen3.6-35B-A3B-FP8-without-reasoning,random_grids,instance_00001,Violated Request Count,0
1974,referencegame,Qwen3.6-35B-A3B-FP8-without-reasoning,random_grids,instance_00001,Aborted,0
1975,referencegame,Qwen3.6-35B-A3B-FP8-without-reasoning,random_grids,instance_00001,Success,1
1976,referencegame,Qwen3.6-35B-A3B-FP8-without-reasoning,random_grids,instance_00001,Lose,0
1977,referencegame,Qwen3.6-35B-A3B-FP8-without-reasoning,random_grids,instance_00001,Main Score,100
1978,referencegame,Qwen3.6-35B-A3B-FP8-without-reasoning,random_grids,instance_00001,Request Success Ratio,1.0
1979,referencegame,Qwen3.6-35B-A3B-FP8-without-reasoning,random_grids,instance_00000,Generated Expression Length,229
1980,referencegame,Qwen3.6-35B-A3B-FP8-without-reasoning,random_grids,instance_00000,Generated Expression Number of Tokens,26
1981,referencegame,Qwen3.6-35B-A3B-FP8-without-reasoning,random_grids,instance_00000,Aborted at Player 1,0
1982,referencegame,Qwen3.6-35B-A3B-FP8-without-reasoning,random_grids,instance_00000,Aborted at Player 2,0
1983,referencegame,Qwen3.6-35B-A3B-FP8-without-reasoning,random_grids,instance_00000,Request Count,2
1984,referencegame,Qwen3.6-35B-A3B-FP8-without-reasoning,random_grids,instance_00000,Parsed Request Count,2
1985,referencegame,Qwen3.6-35B-A3B-FP8-without-reasoning,random_grids,instance_00000,Violated Request Count,0
1986,referencegame,Qwen3.6-35B-A3B-FP8-without-reasoning,random_grids,instance_00000,Aborted,0
1987,referencegame,Qwen3.6-35B-A3B-FP8-without-reasoning,random_grids,instance_00000,Success,1
1988,referencegame,Qwen3.6-35B-A3B-FP8-without-reasoning,random_grids,instance_00000,Lose,0
1989,referencegame,Qwen3.6-35B-A3B-FP8-without-reasoning,random_grids,instance_00000,Main Score,100
1990,referencegame,Qwen3.6-35B-A3B-FP8-without-reasoning,random_grids,instance_00000,Request Success Ratio,1.0
1991,referencegame,Qwen3.6-35B-A3B-FP8-without-reasoning,letter_grids,instance_00005,Generated Expression Length,104
1992,referencegame,Qwen3.6-35B-A3B-FP8-without-reasoning,letter_grids,instance_00005,Generated Expression Number of Tokens,13
1993,referencegame,Qwen3.6-35B-A3B-FP8-without-reasoning,letter_grids,instance_00005,Aborted at Player 1,0
1994,referencegame,Qwen3.6-35B-A3B-FP8-without-reasoning,letter_grids,instance_00005,Aborted at Player 2,0
1995,referencegame,Qwen3.6-35B-A3B-FP8-without-reasoning,letter_grids,instance_00005,Request Count,2
1996,referencegame,Qwen3.6-35B-A3B-FP8-without-reasoning,letter_grids,instance_00005,Parsed Request Count,2
1997,referencegame,Qwen3.6-35B-A3B-FP8-without-reasoning,letter_grids,instance_00005,Violated Request Count,0
1998,referencegame,Qwen3.6-35B-A3B-FP8-without-reasoning,letter_grids,instance_00005,Aborted,0
1999,referencegame,Qwen3.6-35B-A3B-FP8-without-reasoning,letter_grids,instance_00005,Success,1
2000,referencegame,Qwen3.6-35B-A3B-FP8-without-reasoning,letter_grids,instance_00005,Lose,0
2001,referencegame,Qwen3.6-35B-A3B-FP8-without-reasoning,letter_grids,instance_00005,Main Score,100
2002,referencegame,Qwen3.6-35B-A3B-FP8-without-reasoning,letter_grids,instance_00005,Request Success Ratio,1.0
2003,referencegame,Qwen3.6-35B-A3B-FP8-without-reasoning,letter_grids,instance_00002,Generated Expression Length,248
2004,referencegame,Qwen3.6-35B-A3B-FP8-without-reasoning,letter_grids,instance_00002,Generated Expression Number of Tokens,38
2005,referencegame,Qwen3.6-35B-A3B-FP8-without-reasoning,letter_grids,instance_00002,Aborted at Player 1,0
2006,referencegame,Qwen3.6-35B-A3B-FP8-without-reasoning,letter_grids,instance_00002,Aborted at Player 2,0
2007,referencegame,Qwen3.6-35B-A3B-FP8-without-reasoning,letter_grids,instance_00002,Request Count,2
2008,referencegame,Qwen3.6-35B-A3B-FP8-without-reasoning,letter_grids,instance_00002,Parsed Request Count,2
2009,referencegame,Qwen3.6-35B-A3B-FP8-without-reasoning,letter_grids,instance_00002,Violated Request Count,0
2010,referencegame,Qwen3.6-35B-A3B-FP8-without-reasoning,letter_grids,instance_00002,Aborted,0
2011,referencegame,Qwen3.6-35B-A3B-FP8-without-reasoning,letter_grids,instance_00002,Success,1
2012,referencegame,Qwen3.6-35B-A3B-FP8-without-reasoning,letter_grids,instance_00002,Lose,0
2013,referencegame,Qwen3.6-35B-A3B-FP8-without-reasoning,letter_grids,instance_00002,Main Score,100
2014,referencegame,Qwen3.6-35B-A3B-FP8-without-reasoning,letter_grids,instance_00002,Request Success Ratio,1.0
2015,referencegame,Qwen3.6-35B-A3B-FP8-without-reasoning,letter_grids,instance_00003,Generated Expression Length,144
2016,referencegame,Qwen3.6-35B-A3B-FP8-without-reasoning,letter_grids,instance_00003,Generated Expression Number of Tokens,20
2017,referencegame,Qwen3.6-35B-A3B-FP8-without-reasoning,letter_grids,instance_00003,Aborted at Player 1,0
2018,referencegame,Qwen3.6-35B-A3B-FP8-without-reasoning,letter_grids,instance_00003,Aborted at Player 2,0
2019,referencegame,Qwen3.6-35B-A3B-FP8-without-reasoning,letter_grids,instance_00003,Request Count,2
2020,referencegame,Qwen3.6-35B-A3B-FP8-without-reasoning,letter_grids,instance_00003,Parsed Request Count,2
2021,referencegame,Qwen3.6-35B-A3B-FP8-without-reasoning,letter_grids,instance_00003,Violated Request Count,0
2022,referencegame,Qwen3.6-35B-A3B-FP8-without-reasoning,letter_grids,instance_00003,Aborted,0
2023,referencegame,Qwen3.6-35B-A3B-FP8-without-reasoning,letter_grids,instance_00003,Success,0
2024,referencegame,Qwen3.6-35B-A3B-FP8-without-reasoning,letter_grids,instance_00003,Lose,1
2025,referencegame,Qwen3.6-35B-A3B-FP8-without-reasoning,letter_grids,instance_00003,Main Score,0
2026,referencegame,Qwen3.6-35B-A3B-FP8-without-reasoning,letter_grids,instance_00003,Request Success Ratio,1.0
2027,referencegame,Qwen3.6-35B-A3B-FP8-without-reasoning,letter_grids,instance_00004,Generated Expression Length,133
2028,referencegame,Qwen3.6-35B-A3B-FP8-without-reasoning,letter_grids,instance_00004,Generated Expression Number of Tokens,15
2029,referencegame,Qwen3.6-35B-A3B-FP8-without-reasoning,letter_grids,instance_00004,Aborted at Player 1,0
2030,referencegame,Qwen3.6-35B-A3B-FP8-without-reasoning,letter_grids,instance_00004,Aborted at Player 2,0
2031,referencegame,Qwen3.6-35B-A3B-FP8-without-reasoning,letter_grids,instance_00004,Request Count,2
2032,referencegame,Qwen3.6-35B-A3B-FP8-without-reasoning,letter_grids,instance_00004,Parsed Request Count,2
2033,referencegame,Qwen3.6-35B-A3B-FP8-without-reasoning,letter_grids,instance_00004,Violated Request Count,0
2034,referencegame,Qwen3.6-35B-A3B-FP8-without-reasoning,letter_grids,instance_00004,Aborted,0
2035,referencegame,Qwen3.6-35B-A3B-FP8-without-reasoning,letter_grids,instance_00004,Success,1
2036,referencegame,Qwen3.6-35B-A3B-FP8-without-reasoning,letter_grids,instance_00004,Lose,0
2037,referencegame,Qwen3.6-35B-A3B-FP8-without-reasoning,letter_grids,instance_00004,Main Score,100
2038,referencegame,Qwen3.6-35B-A3B-FP8-without-reasoning,letter_grids,instance_00004,Request Success Ratio,1.0
2039,referencegame,Qwen3.6-35B-A3B-FP8-without-reasoning,letter_grids,instance_00001,Generated Expression Length,152
2040,referencegame,Qwen3.6-35B-A3B-FP8-without-reasoning,letter_grids,instance_00001,Generated Expression Number of Tokens,20
2041,referencegame,Qwen3.6-35B-A3B-FP8-without-reasoning,letter_grids,instance_00001,Aborted at Player 1,0
2042,referencegame,Qwen3.6-35B-A3B-FP8-without-reasoning,letter_grids,instance_00001,Aborted at Player 2,0
2043,referencegame,Qwen3.6-35B-A3B-FP8-without-reasoning,letter_grids,instance_00001,Request Count,2
2044,referencegame,Qwen3.6-35B-A3B-FP8-without-reasoning,letter_grids,instance_00001,Parsed Request Count,2
2045,referencegame,Qwen3.6-35B-A3B-FP8-without-reasoning,letter_grids,instance_00001,Violated Request Count,0
2046,referencegame,Qwen3.6-35B-A3B-FP8-without-reasoning,letter_grids,instance_00001,Aborted,0
2047,referencegame,Qwen3.6-35B-A3B-FP8-without-reasoning,letter_grids,instance_00001,Success,1
2048,referencegame,Qwen3.6-35B-A3B-FP8-without-reasoning,letter_grids,instance_00001,Lose,0
2049,referencegame,Qwen3.6-35B-A3B-FP8-without-reasoning,letter_grids,instance_00001,Main Score,100
2050,referencegame,Qwen3.6-35B-A3B-FP8-without-reasoning,letter_grids,instance_00001,Request Success Ratio,1.0
2051,referencegame,Qwen3.6-35B-A3B-FP8-without-reasoning,letter_grids,instance_00000,Generated Expression Length,250
2052,referencegame,Qwen3.6-35B-A3B-FP8-without-reasoning,letter_grids,instance_00000,Generated Expression Number of Tokens,33
2053,referencegame,Qwen3.6-35B-A3B-FP8-without-reasoning,letter_grids,instance_00000,Aborted at Player 1,0
2054,referencegame,Qwen3.6-35B-A3B-FP8-without-reasoning,letter_grids,instance_00000,Aborted at Player 2,0
2055,referencegame,Qwen3.6-35B-A3B-FP8-without-reasoning,letter_grids,instance_00000,Request Count,2
2056,referencegame,Qwen3.6-35B-A3B-FP8-without-reasoning,letter_grids,instance_00000,Parsed Request Count,2
2057,referencegame,Qwen3.6-35B-A3B-FP8-without-reasoning,letter_grids,instance_00000,Violated Request Count,0
2058,referencegame,Qwen3.6-35B-A3B-FP8-without-reasoning,letter_grids,instance_00000,Aborted,0
2059,referencegame,Qwen3.6-35B-A3B-FP8-without-reasoning,letter_grids,instance_00000,Success,1
2060,referencegame,Qwen3.6-35B-A3B-FP8-without-reasoning,letter_grids,instance_00000,Lose,0
2061,referencegame,Qwen3.6-35B-A3B-FP8-without-reasoning,letter_grids,instance_00000,Main Score,100
2062,referencegame,Qwen3.6-35B-A3B-FP8-without-reasoning,letter_grids,instance_00000,Request Success Ratio,1.0
2063,wordle,Qwen3.6-35B-A3B-FP8-without-reasoning,high_frequency_words_no_clue_no_critic,instance_00005,Aborted,1
2064,wordle,Qwen3.6-35B-A3B-FP8-without-reasoning,high_frequency_words_no_clue_no_critic,instance_00005,Lose,0
2065,wordle,Qwen3.6-35B-A3B-FP8-without-reasoning,high_frequency_words_no_clue_no_critic,instance_00005,Success,0
2066,wordle,Qwen3.6-35B-A3B-FP8-without-reasoning,high_frequency_words_no_clue_no_critic,instance_00005,Request Count,1
2067,wordle,Qwen3.6-35B-A3B-FP8-without-reasoning,high_frequency_words_no_clue_no_critic,instance_00005,Parsed Request Count,0
2068,wordle,Qwen3.6-35B-A3B-FP8-without-reasoning,high_frequency_words_no_clue_no_critic,instance_00005,Violated Request Count,1
2069,wordle,Qwen3.6-35B-A3B-FP8-without-reasoning,high_frequency_words_no_clue_no_critic,instance_00005,Request Success Ratio,0.0
2070,wordle,Qwen3.6-35B-A3B-FP8-without-reasoning,high_frequency_words_no_clue_no_critic,instance_00005,Main Score,
2071,wordle,Qwen3.6-35B-A3B-FP8-without-reasoning,high_frequency_words_no_clue_no_critic,instance_00005,Guess Repetitions,
2072,wordle,Qwen3.6-35B-A3B-FP8-without-reasoning,high_frequency_words_no_clue_no_critic,instance_00002,Aborted,1
2073,wordle,Qwen3.6-35B-A3B-FP8-without-reasoning,high_frequency_words_no_clue_no_critic,instance_00002,Lose,0
2074,wordle,Qwen3.6-35B-A3B-FP8-without-reasoning,high_frequency_words_no_clue_no_critic,instance_00002,Success,0
2075,wordle,Qwen3.6-35B-A3B-FP8-without-reasoning,high_frequency_words_no_clue_no_critic,instance_00002,Request Count,1
2076,wordle,Qwen3.6-35B-A3B-FP8-without-reasoning,high_frequency_words_no_clue_no_critic,instance_00002,Parsed Request Count,0
2077,wordle,Qwen3.6-35B-A3B-FP8-without-reasoning,high_frequency_words_no_clue_no_critic,instance_00002,Violated Request Count,1
2078,wordle,Qwen3.6-35B-A3B-FP8-without-reasoning,high_frequency_words_no_clue_no_critic,instance_00002,Request Success Ratio,0.0
2079,wordle,Qwen3.6-35B-A3B-FP8-without-reasoning,high_frequency_words_no_clue_no_critic,instance_00002,Main Score,
2080,wordle,Qwen3.6-35B-A3B-FP8-without-reasoning,high_frequency_words_no_clue_no_critic,instance_00002,Guess Repetitions,
2081,wordle,Qwen3.6-35B-A3B-FP8-without-reasoning,high_frequency_words_no_clue_no_critic,instance_00003,Aborted,1
2082,wordle,Qwen3.6-35B-A3B-FP8-without-reasoning,high_frequency_words_no_clue_no_critic,instance_00003,Lose,0
2083,wordle,Qwen3.6-35B-A3B-FP8-without-reasoning,high_frequency_words_no_clue_no_critic,instance_00003,Success,0
2084,wordle,Qwen3.6-35B-A3B-FP8-without-reasoning,high_frequency_words_no_clue_no_critic,instance_00003,Request Count,2
2085,wordle,Qwen3.6-35B-A3B-FP8-without-reasoning,high_frequency_words_no_clue_no_critic,instance_00003,Parsed Request Count,1
2086,wordle,Qwen3.6-35B-A3B-FP8-without-reasoning,high_frequency_words_no_clue_no_critic,instance_00003,Violated Request Count,1
2087,wordle,Qwen3.6-35B-A3B-FP8-without-reasoning,high_frequency_words_no_clue_no_critic,instance_00003,Request Success Ratio,0.5
2088,wordle,Qwen3.6-35B-A3B-FP8-without-reasoning,high_frequency_words_no_clue_no_critic,instance_00003,Main Score,
2089,wordle,Qwen3.6-35B-A3B-FP8-without-reasoning,high_frequency_words_no_clue_no_critic,instance_00003,Guess Repetitions,
2090,wordle,Qwen3.6-35B-A3B-FP8-without-reasoning,high_frequency_words_no_clue_no_critic,instance_00004,Aborted,1
2091,wordle,Qwen3.6-35B-A3B-FP8-without-reasoning,high_frequency_words_no_clue_no_critic,instance_00004,Lose,0
2092,wordle,Qwen3.6-35B-A3B-FP8-without-reasoning,high_frequency_words_no_clue_no_critic,instance_00004,Success,0
2093,wordle,Qwen3.6-35B-A3B-FP8-without-reasoning,high_frequency_words_no_clue_no_critic,instance_00004,Request Count,1
2094,wordle,Qwen3.6-35B-A3B-FP8-without-reasoning,high_frequency_words_no_clue_no_critic,instance_00004,Parsed Request Count,0
2095,wordle,Qwen3.6-35B-A3B-FP8-without-reasoning,high_frequency_words_no_clue_no_critic,instance_00004,Violated Request Count,1
2096,wordle,Qwen3.6-35B-A3B-FP8-without-reasoning,high_frequency_words_no_clue_no_critic,instance_00004,Request Success Ratio,0.0
2097,wordle,Qwen3.6-35B-A3B-FP8-without-reasoning,high_frequency_words_no_clue_no_critic,instance_00004,Main Score,
2098,wordle,Qwen3.6-35B-A3B-FP8-without-reasoning,high_frequency_words_no_clue_no_critic,instance_00004,Guess Repetitions,
2099,wordle,Qwen3.6-35B-A3B-FP8-without-reasoning,high_frequency_words_no_clue_no_critic,instance_00010,Aborted,1
2100,wordle,Qwen3.6-35B-A3B-FP8-without-reasoning,high_frequency_words_no_clue_no_critic,instance_00010,Lose,0
2101,wordle,Qwen3.6-35B-A3B-FP8-without-reasoning,high_frequency_words_no_clue_no_critic,instance_00010,Success,0
2102,wordle,Qwen3.6-35B-A3B-FP8-without-reasoning,high_frequency_words_no_clue_no_critic,instance_00010,Request Count,1
2103,wordle,Qwen3.6-35B-A3B-FP8-without-reasoning,high_frequency_words_no_clue_no_critic,instance_00010,Parsed Request Count,0
2104,wordle,Qwen3.6-35B-A3B-FP8-without-reasoning,high_frequency_words_no_clue_no_critic,instance_00010,Violated Request Count,1
2105,wordle,Qwen3.6-35B-A3B-FP8-without-reasoning,high_frequency_words_no_clue_no_critic,instance_00010,Request Success Ratio,0.0
2106,wordle,Qwen3.6-35B-A3B-FP8-without-reasoning,high_frequency_words_no_clue_no_critic,instance_00010,Main Score,
2107,wordle,Qwen3.6-35B-A3B-FP8-without-reasoning,high_frequency_words_no_clue_no_critic,instance_00010,Guess Repetitions,
2108,wordle,Qwen3.6-35B-A3B-FP8-without-reasoning,high_frequency_words_no_clue_no_critic,instance_00008,Aborted,1
2109,wordle,Qwen3.6-35B-A3B-FP8-without-reasoning,high_frequency_words_no_clue_no_critic,instance_00008,Lose,0
2110,wordle,Qwen3.6-35B-A3B-FP8-without-reasoning,high_frequency_words_no_clue_no_critic,instance_00008,Success,0
2111,wordle,Qwen3.6-35B-A3B-FP8-without-reasoning,high_frequency_words_no_clue_no_critic,instance_00008,Request Count,1
2112,wordle,Qwen3.6-35B-A3B-FP8-without-reasoning,high_frequency_words_no_clue_no_critic,instance_00008,Parsed Request Count,0
2113,wordle,Qwen3.6-35B-A3B-FP8-without-reasoning,high_frequency_words_no_clue_no_critic,instance_00008,Violated Request Count,1
2114,wordle,Qwen3.6-35B-A3B-FP8-without-reasoning,high_frequency_words_no_clue_no_critic,instance_00008,Request Success Ratio,0.0
2115,wordle,Qwen3.6-35B-A3B-FP8-without-reasoning,high_frequency_words_no_clue_no_critic,instance_00008,Main Score,
2116,wordle,Qwen3.6-35B-A3B-FP8-without-reasoning,high_frequency_words_no_clue_no_critic,instance_00008,Guess Repetitions,
2117,wordle,Qwen3.6-35B-A3B-FP8-without-reasoning,high_frequency_words_no_clue_no_critic,instance_00001,Aborted,1
2118,wordle,Qwen3.6-35B-A3B-FP8-without-reasoning,high_frequency_words_no_clue_no_critic,instance_00001,Lose,0
2119,wordle,Qwen3.6-35B-A3B-FP8-without-reasoning,high_frequency_words_no_clue_no_critic,instance_00001,Success,0
2120,wordle,Qwen3.6-35B-A3B-FP8-without-reasoning,high_frequency_words_no_clue_no_critic,instance_00001,Request Count,1
2121,wordle,Qwen3.6-35B-A3B-FP8-without-reasoning,high_frequency_words_no_clue_no_critic,instance_00001,Parsed Request Count,0
2122,wordle,Qwen3.6-35B-A3B-FP8-without-reasoning,high_frequency_words_no_clue_no_critic,instance_00001,Violated Request Count,1
2123,wordle,Qwen3.6-35B-A3B-FP8-without-reasoning,high_frequency_words_no_clue_no_critic,instance_00001,Request Success Ratio,0.0
2124,wordle,Qwen3.6-35B-A3B-FP8-without-reasoning,high_frequency_words_no_clue_no_critic,instance_00001,Main Score,
2125,wordle,Qwen3.6-35B-A3B-FP8-without-reasoning,high_frequency_words_no_clue_no_critic,instance_00001,Guess Repetitions,
2126,wordle,Qwen3.6-35B-A3B-FP8-without-reasoning,high_frequency_words_no_clue_no_critic,instance_00006,Aborted,1
2127,wordle,Qwen3.6-35B-A3B-FP8-without-reasoning,high_frequency_words_no_clue_no_critic,instance_00006,Lose,0
2128,wordle,Qwen3.6-35B-A3B-FP8-without-reasoning,high_frequency_words_no_clue_no_critic,instance_00006,Success,0
2129,wordle,Qwen3.6-35B-A3B-FP8-without-reasoning,high_frequency_words_no_clue_no_critic,instance_00006,Request Count,1
2130,wordle,Qwen3.6-35B-A3B-FP8-without-reasoning,high_frequency_words_no_clue_no_critic,instance_00006,Parsed Request Count,0
2131,wordle,Qwen3.6-35B-A3B-FP8-without-reasoning,high_frequency_words_no_clue_no_critic,instance_00006,Violated Request Count,1
2132,wordle,Qwen3.6-35B-A3B-FP8-without-reasoning,high_frequency_words_no_clue_no_critic,instance_00006,Request Success Ratio,0.0
2133,wordle,Qwen3.6-35B-A3B-FP8-without-reasoning,high_frequency_words_no_clue_no_critic,instance_00006,Main Score,
2134,wordle,Qwen3.6-35B-A3B-FP8-without-reasoning,high_frequency_words_no_clue_no_critic,instance_00006,Guess Repetitions,
2135,wordle,Qwen3.6-35B-A3B-FP8-without-reasoning,high_frequency_words_no_clue_no_critic,instance_00007,Aborted,1
2136,wordle,Qwen3.6-35B-A3B-FP8-without-reasoning,high_frequency_words_no_clue_no_critic,instance_00007,Lose,0
2137,wordle,Qwen3.6-35B-A3B-FP8-without-reasoning,high_frequency_words_no_clue_no_critic,instance_00007,Success,0
2138,wordle,Qwen3.6-35B-A3B-FP8-without-reasoning,high_frequency_words_no_clue_no_critic,instance_00007,Request Count,1
2139,wordle,Qwen3.6-35B-A3B-FP8-without-reasoning,high_frequency_words_no_clue_no_critic,instance_00007,Parsed Request Count,0
2140,wordle,Qwen3.6-35B-A3B-FP8-without-reasoning,high_frequency_words_no_clue_no_critic,instance_00007,Violated Request Count,1
2141,wordle,Qwen3.6-35B-A3B-FP8-without-reasoning,high_frequency_words_no_clue_no_critic,instance_00007,Request Success Ratio,0.0
2142,wordle,Qwen3.6-35B-A3B-FP8-without-reasoning,high_frequency_words_no_clue_no_critic,instance_00007,Main Score,
2143,wordle,Qwen3.6-35B-A3B-FP8-without-reasoning,high_frequency_words_no_clue_no_critic,instance_00007,Guess Repetitions,
2144,wordle,Qwen3.6-35B-A3B-FP8-without-reasoning,high_frequency_words_no_clue_no_critic,instance_00009,Aborted,1
2145,wordle,Qwen3.6-35B-A3B-FP8-without-reasoning,high_frequency_words_no_clue_no_critic,instance_00009,Lose,0
2146,wordle,Qwen3.6-35B-A3B-FP8-without-reasoning,high_frequency_words_no_clue_no_critic,instance_00009,Success,0
2147,wordle,Qwen3.6-35B-A3B-FP8-without-reasoning,high_frequency_words_no_clue_no_critic,instance_00009,Request Count,1
2148,wordle,Qwen3.6-35B-A3B-FP8-without-reasoning,high_frequency_words_no_clue_no_critic,instance_00009,Parsed Request Count,0
2149,wordle,Qwen3.6-35B-A3B-FP8-without-reasoning,high_frequency_words_no_clue_no_critic,instance_00009,Violated Request Count,1
2150,wordle,Qwen3.6-35B-A3B-FP8-without-reasoning,high_frequency_words_no_clue_no_critic,instance_00009,Request Success Ratio,0.0
2151,wordle,Qwen3.6-35B-A3B-FP8-without-reasoning,high_frequency_words_no_clue_no_critic,instance_00009,Main Score,
2152,wordle,Qwen3.6-35B-A3B-FP8-without-reasoning,high_frequency_words_no_clue_no_critic,instance_00009,Guess Repetitions,
2153,wordle,Qwen3.6-35B-A3B-FP8-without-reasoning,medium_frequency_words_no_clue_no_critic,instance_00005,Aborted,1
2154,wordle,Qwen3.6-35B-A3B-FP8-without-reasoning,medium_frequency_words_no_clue_no_critic,instance_00005,Lose,0
2155,wordle,Qwen3.6-35B-A3B-FP8-without-reasoning,medium_frequency_words_no_clue_no_critic,instance_00005,Success,0
2156,wordle,Qwen3.6-35B-A3B-FP8-without-reasoning,medium_frequency_words_no_clue_no_critic,instance_00005,Request Count,1
2157,wordle,Qwen3.6-35B-A3B-FP8-without-reasoning,medium_frequency_words_no_clue_no_critic,instance_00005,Parsed Request Count,0
2158,wordle,Qwen3.6-35B-A3B-FP8-without-reasoning,medium_frequency_words_no_clue_no_critic,instance_00005,Violated Request Count,1
2159,wordle,Qwen3.6-35B-A3B-FP8-without-reasoning,medium_frequency_words_no_clue_no_critic,instance_00005,Request Success Ratio,0.0
2160,wordle,Qwen3.6-35B-A3B-FP8-without-reasoning,medium_frequency_words_no_clue_no_critic,instance_00005,Main Score,
2161,wordle,Qwen3.6-35B-A3B-FP8-without-reasoning,medium_frequency_words_no_clue_no_critic,instance_00005,Guess Repetitions,
2162,wordle,Qwen3.6-35B-A3B-FP8-without-reasoning,medium_frequency_words_no_clue_no_critic,instance_00002,Aborted,1
2163,wordle,Qwen3.6-35B-A3B-FP8-without-reasoning,medium_frequency_words_no_clue_no_critic,instance_00002,Lose,0
2164,wordle,Qwen3.6-35B-A3B-FP8-without-reasoning,medium_frequency_words_no_clue_no_critic,instance_00002,Success,0
2165,wordle,Qwen3.6-35B-A3B-FP8-without-reasoning,medium_frequency_words_no_clue_no_critic,instance_00002,Request Count,1
2166,wordle,Qwen3.6-35B-A3B-FP8-without-reasoning,medium_frequency_words_no_clue_no_critic,instance_00002,Parsed Request Count,0
2167,wordle,Qwen3.6-35B-A3B-FP8-without-reasoning,medium_frequency_words_no_clue_no_critic,instance_00002,Violated Request Count,1
2168,wordle,Qwen3.6-35B-A3B-FP8-without-reasoning,medium_frequency_words_no_clue_no_critic,instance_00002,Request Success Ratio,0.0
2169,wordle,Qwen3.6-35B-A3B-FP8-without-reasoning,medium_frequency_words_no_clue_no_critic,instance_00002,Main Score,
2170,wordle,Qwen3.6-35B-A3B-FP8-without-reasoning,medium_frequency_words_no_clue_no_critic,instance_00002,Guess Repetitions,
2171,wordle,Qwen3.6-35B-A3B-FP8-without-reasoning,medium_frequency_words_no_clue_no_critic,instance_00003,Aborted,1
2172,wordle,Qwen3.6-35B-A3B-FP8-without-reasoning,medium_frequency_words_no_clue_no_critic,instance_00003,Lose,0
2173,wordle,Qwen3.6-35B-A3B-FP8-without-reasoning,medium_frequency_words_no_clue_no_critic,instance_00003,Success,0
2174,wordle,Qwen3.6-35B-A3B-FP8-without-reasoning,medium_frequency_words_no_clue_no_critic,instance_00003,Request Count,1
2175,wordle,Qwen3.6-35B-A3B-FP8-without-reasoning,medium_frequency_words_no_clue_no_critic,instance_00003,Parsed Request Count,0
2176,wordle,Qwen3.6-35B-A3B-FP8-without-reasoning,medium_frequency_words_no_clue_no_critic,instance_00003,Violated Request Count,1
2177,wordle,Qwen3.6-35B-A3B-FP8-without-reasoning,medium_frequency_words_no_clue_no_critic,instance_00003,Request Success Ratio,0.0
2178,wordle,Qwen3.6-35B-A3B-FP8-without-reasoning,medium_frequency_words_no_clue_no_critic,instance_00003,Main Score,
2179,wordle,Qwen3.6-35B-A3B-FP8-without-reasoning,medium_frequency_words_no_clue_no_critic,instance_00003,Guess Repetitions,
2180,wordle,Qwen3.6-35B-A3B-FP8-without-reasoning,medium_frequency_words_no_clue_no_critic,instance_00004,Aborted,1
2181,wordle,Qwen3.6-35B-A3B-FP8-without-reasoning,medium_frequency_words_no_clue_no_critic,instance_00004,Lose,0
2182,wordle,Qwen3.6-35B-A3B-FP8-without-reasoning,medium_frequency_words_no_clue_no_critic,instance_00004,Success,0
2183,wordle,Qwen3.6-35B-A3B-FP8-without-reasoning,medium_frequency_words_no_clue_no_critic,instance_00004,Request Count,1
2184,wordle,Qwen3.6-35B-A3B-FP8-without-reasoning,medium_frequency_words_no_clue_no_critic,instance_00004,Parsed Request Count,0
2185,wordle,Qwen3.6-35B-A3B-FP8-without-reasoning,medium_frequency_words_no_clue_no_critic,instance_00004,Violated Request Count,1
2186,wordle,Qwen3.6-35B-A3B-FP8-without-reasoning,medium_frequency_words_no_clue_no_critic,instance_00004,Request Success Ratio,0.0
2187,wordle,Qwen3.6-35B-A3B-FP8-without-reasoning,medium_frequency_words_no_clue_no_critic,instance_00004,Main Score,
2188,wordle,Qwen3.6-35B-A3B-FP8-without-reasoning,medium_frequency_words_no_clue_no_critic,instance_00004,Guess Repetitions,
2189,wordle,Qwen3.6-35B-A3B-FP8-without-reasoning,medium_frequency_words_no_clue_no_critic,instance_00010,Aborted,1
2190,wordle,Qwen3.6-35B-A3B-FP8-without-reasoning,medium_frequency_words_no_clue_no_critic,instance_00010,Lose,0
2191,wordle,Qwen3.6-35B-A3B-FP8-without-reasoning,medium_frequency_words_no_clue_no_critic,instance_00010,Success,0
2192,wordle,Qwen3.6-35B-A3B-FP8-without-reasoning,medium_frequency_words_no_clue_no_critic,instance_00010,Request Count,1
2193,wordle,Qwen3.6-35B-A3B-FP8-without-reasoning,medium_frequency_words_no_clue_no_critic,instance_00010,Parsed Request Count,0
2194,wordle,Qwen3.6-35B-A3B-FP8-without-reasoning,medium_frequency_words_no_clue_no_critic,instance_00010,Violated Request Count,1
2195,wordle,Qwen3.6-35B-A3B-FP8-without-reasoning,medium_frequency_words_no_clue_no_critic,instance_00010,Request Success Ratio,0.0
2196,wordle,Qwen3.6-35B-A3B-FP8-without-reasoning,medium_frequency_words_no_clue_no_critic,instance_00010,Main Score,
2197,wordle,Qwen3.6-35B-A3B-FP8-without-reasoning,medium_frequency_words_no_clue_no_critic,instance_00010,Guess Repetitions,
2198,wordle,Qwen3.6-35B-A3B-FP8-without-reasoning,medium_frequency_words_no_clue_no_critic,instance_00008,Aborted,1
2199,wordle,Qwen3.6-35B-A3B-FP8-without-reasoning,medium_frequency_words_no_clue_no_critic,instance_00008,Lose,0
2200,wordle,Qwen3.6-35B-A3B-FP8-without-reasoning,medium_frequency_words_no_clue_no_critic,instance_00008,Success,0
2201,wordle,Qwen3.6-35B-A3B-FP8-without-reasoning,medium_frequency_words_no_clue_no_critic,instance_00008,Request Count,1
2202,wordle,Qwen3.6-35B-A3B-FP8-without-reasoning,medium_frequency_words_no_clue_no_critic,instance_00008,Parsed Request Count,0
2203,wordle,Qwen3.6-35B-A3B-FP8-without-reasoning,medium_frequency_words_no_clue_no_critic,instance_00008,Violated Request Count,1
2204,wordle,Qwen3.6-35B-A3B-FP8-without-reasoning,medium_frequency_words_no_clue_no_critic,instance_00008,Request Success Ratio,0.0
2205,wordle,Qwen3.6-35B-A3B-FP8-without-reasoning,medium_frequency_words_no_clue_no_critic,instance_00008,Main Score,
2206,wordle,Qwen3.6-35B-A3B-FP8-without-reasoning,medium_frequency_words_no_clue_no_critic,instance_00008,Guess Repetitions,
2207,wordle,Qwen3.6-35B-A3B-FP8-without-reasoning,medium_frequency_words_no_clue_no_critic,instance_00001,Aborted,1
2208,wordle,Qwen3.6-35B-A3B-FP8-without-reasoning,medium_frequency_words_no_clue_no_critic,instance_00001,Lose,0
2209,wordle,Qwen3.6-35B-A3B-FP8-without-reasoning,medium_frequency_words_no_clue_no_critic,instance_00001,Success,0
2210,wordle,Qwen3.6-35B-A3B-FP8-without-reasoning,medium_frequency_words_no_clue_no_critic,instance_00001,Request Count,1
2211,wordle,Qwen3.6-35B-A3B-FP8-without-reasoning,medium_frequency_words_no_clue_no_critic,instance_00001,Parsed Request Count,0
2212,wordle,Qwen3.6-35B-A3B-FP8-without-reasoning,medium_frequency_words_no_clue_no_critic,instance_00001,Violated Request Count,1
2213,wordle,Qwen3.6-35B-A3B-FP8-without-reasoning,medium_frequency_words_no_clue_no_critic,instance_00001,Request Success Ratio,0.0
2214,wordle,Qwen3.6-35B-A3B-FP8-without-reasoning,medium_frequency_words_no_clue_no_critic,instance_00001,Main Score,
2215,wordle,Qwen3.6-35B-A3B-FP8-without-reasoning,medium_frequency_words_no_clue_no_critic,instance_00001,Guess Repetitions,
2216,wordle,Qwen3.6-35B-A3B-FP8-without-reasoning,medium_frequency_words_no_clue_no_critic,instance_00006,Aborted,1
2217,wordle,Qwen3.6-35B-A3B-FP8-without-reasoning,medium_frequency_words_no_clue_no_critic,instance_00006,Lose,0
2218,wordle,Qwen3.6-35B-A3B-FP8-without-reasoning,medium_frequency_words_no_clue_no_critic,instance_00006,Success,0
2219,wordle,Qwen3.6-35B-A3B-FP8-without-reasoning,medium_frequency_words_no_clue_no_critic,instance_00006,Request Count,1
2220,wordle,Qwen3.6-35B-A3B-FP8-without-reasoning,medium_frequency_words_no_clue_no_critic,instance_00006,Parsed Request Count,0
2221,wordle,Qwen3.6-35B-A3B-FP8-without-reasoning,medium_frequency_words_no_clue_no_critic,instance_00006,Violated Request Count,1
2222,wordle,Qwen3.6-35B-A3B-FP8-without-reasoning,medium_frequency_words_no_clue_no_critic,instance_00006,Request Success Ratio,0.0
2223,wordle,Qwen3.6-35B-A3B-FP8-without-reasoning,medium_frequency_words_no_clue_no_critic,instance_00006,Main Score,
2224,wordle,Qwen3.6-35B-A3B-FP8-without-reasoning,medium_frequency_words_no_clue_no_critic,instance_00006,Guess Repetitions,
2225,wordle,Qwen3.6-35B-A3B-FP8-without-reasoning,medium_frequency_words_no_clue_no_critic,instance_00007,Aborted,1
2226,wordle,Qwen3.6-35B-A3B-FP8-without-reasoning,medium_frequency_words_no_clue_no_critic,instance_00007,Lose,0
2227,wordle,Qwen3.6-35B-A3B-FP8-without-reasoning,medium_frequency_words_no_clue_no_critic,instance_00007,Success,0
2228,wordle,Qwen3.6-35B-A3B-FP8-without-reasoning,medium_frequency_words_no_clue_no_critic,instance_00007,Request Count,3
2229,wordle,Qwen3.6-35B-A3B-FP8-without-reasoning,medium_frequency_words_no_clue_no_critic,instance_00007,Parsed Request Count,2
2230,wordle,Qwen3.6-35B-A3B-FP8-without-reasoning,medium_frequency_words_no_clue_no_critic,instance_00007,Violated Request Count,1
2231,wordle,Qwen3.6-35B-A3B-FP8-without-reasoning,medium_frequency_words_no_clue_no_critic,instance_00007,Request Success Ratio,0.6666666666666666
2232,wordle,Qwen3.6-35B-A3B-FP8-without-reasoning,medium_frequency_words_no_clue_no_critic,instance_00007,Main Score,
2233,wordle,Qwen3.6-35B-A3B-FP8-without-reasoning,medium_frequency_words_no_clue_no_critic,instance_00007,Guess Repetitions,
2234,wordle,Qwen3.6-35B-A3B-FP8-without-reasoning,medium_frequency_words_no_clue_no_critic,instance_00009,Aborted,1
2235,wordle,Qwen3.6-35B-A3B-FP8-without-reasoning,medium_frequency_words_no_clue_no_critic,instance_00009,Lose,0
2236,wordle,Qwen3.6-35B-A3B-FP8-without-reasoning,medium_frequency_words_no_clue_no_critic,instance_00009,Success,0
2237,wordle,Qwen3.6-35B-A3B-FP8-without-reasoning,medium_frequency_words_no_clue_no_critic,instance_00009,Request Count,3
2238,wordle,Qwen3.6-35B-A3B-FP8-without-reasoning,medium_frequency_words_no_clue_no_critic,instance_00009,Parsed Request Count,2
2239,wordle,Qwen3.6-35B-A3B-FP8-without-reasoning,medium_frequency_words_no_clue_no_critic,instance_00009,Violated Request Count,1
2240,wordle,Qwen3.6-35B-A3B-FP8-without-reasoning,medium_frequency_words_no_clue_no_critic,instance_00009,Request Success Ratio,0.6666666666666666
2241,wordle,Qwen3.6-35B-A3B-FP8-without-reasoning,medium_frequency_words_no_clue_no_critic,instance_00009,Main Score,
2242,wordle,Qwen3.6-35B-A3B-FP8-without-reasoning,medium_frequency_words_no_clue_no_critic,instance_00009,Guess Repetitions,
2243,privateshared,Qwen3.6-35B-A3B-FP8-without-reasoning,restaurant,instance_00002,Accuracy,
2244,privateshared,Qwen3.6-35B-A3B-FP8-without-reasoning,restaurant,instance_00002,Kappa,
2245,privateshared,Qwen3.6-35B-A3B-FP8-without-reasoning,restaurant,instance_00002,Truncated Kappa,
2246,privateshared,Qwen3.6-35B-A3B-FP8-without-reasoning,restaurant,instance_00002,Slot-Filling-Accuracy,
2247,privateshared,Qwen3.6-35B-A3B-FP8-without-reasoning,restaurant,instance_00002,Main Score,
2248,privateshared,Qwen3.6-35B-A3B-FP8-without-reasoning,restaurant,instance_00002,Aborted,1
2249,privateshared,Qwen3.6-35B-A3B-FP8-without-reasoning,restaurant,instance_00002,Lose,0
2250,privateshared,Qwen3.6-35B-A3B-FP8-without-reasoning,restaurant,instance_00002,Success,0
2251,privateshared,Qwen3.6-35B-A3B-FP8-without-reasoning,restaurant,instance_00002,Request Count,5
2252,privateshared,Qwen3.6-35B-A3B-FP8-without-reasoning,restaurant,instance_00002,Parsed Request Count,0
2253,privateshared,Qwen3.6-35B-A3B-FP8-without-reasoning,restaurant,instance_00002,Violated Request Count,5
2254,privateshared,Qwen3.6-35B-A3B-FP8-without-reasoning,restaurant,instance_00002,Request Success Ratio,0.0
2255,privateshared,Qwen3.6-35B-A3B-FP8-without-reasoning,restaurant,instance_00003,Accuracy,
2256,privateshared,Qwen3.6-35B-A3B-FP8-without-reasoning,restaurant,instance_00003,Kappa,
2257,privateshared,Qwen3.6-35B-A3B-FP8-without-reasoning,restaurant,instance_00003,Truncated Kappa,
2258,privateshared,Qwen3.6-35B-A3B-FP8-without-reasoning,restaurant,instance_00003,Slot-Filling-Accuracy,
2259,privateshared,Qwen3.6-35B-A3B-FP8-without-reasoning,restaurant,instance_00003,Main Score,
2260,privateshared,Qwen3.6-35B-A3B-FP8-without-reasoning,restaurant,instance_00003,Aborted,1
2261,privateshared,Qwen3.6-35B-A3B-FP8-without-reasoning,restaurant,instance_00003,Lose,0
2262,privateshared,Qwen3.6-35B-A3B-FP8-without-reasoning,restaurant,instance_00003,Success,0
2263,privateshared,Qwen3.6-35B-A3B-FP8-without-reasoning,restaurant,instance_00003,Request Count,17
2264,privateshared,Qwen3.6-35B-A3B-FP8-without-reasoning,restaurant,instance_00003,Parsed Request Count,6
2265,privateshared,Qwen3.6-35B-A3B-FP8-without-reasoning,restaurant,instance_00003,Violated Request Count,11
2266,privateshared,Qwen3.6-35B-A3B-FP8-without-reasoning,restaurant,instance_00003,Request Success Ratio,0.35294117647058826
2267,privateshared,Qwen3.6-35B-A3B-FP8-without-reasoning,restaurant,instance_00004,Accuracy,
2268,privateshared,Qwen3.6-35B-A3B-FP8-without-reasoning,restaurant,instance_00004,Kappa,
2269,privateshared,Qwen3.6-35B-A3B-FP8-without-reasoning,restaurant,instance_00004,Truncated Kappa,
2270,privateshared,Qwen3.6-35B-A3B-FP8-without-reasoning,restaurant,instance_00004,Slot-Filling-Accuracy,
2271,privateshared,Qwen3.6-35B-A3B-FP8-without-reasoning,restaurant,instance_00004,Main Score,
2272,privateshared,Qwen3.6-35B-A3B-FP8-without-reasoning,restaurant,instance_00004,Aborted,1
2273,privateshared,Qwen3.6-35B-A3B-FP8-without-reasoning,restaurant,instance_00004,Lose,0
2274,privateshared,Qwen3.6-35B-A3B-FP8-without-reasoning,restaurant,instance_00004,Success,0
2275,privateshared,Qwen3.6-35B-A3B-FP8-without-reasoning,restaurant,instance_00004,Request Count,7
2276,privateshared,Qwen3.6-35B-A3B-FP8-without-reasoning,restaurant,instance_00004,Parsed Request Count,1
2277,privateshared,Qwen3.6-35B-A3B-FP8-without-reasoning,restaurant,instance_00004,Violated Request Count,6
2278,privateshared,Qwen3.6-35B-A3B-FP8-without-reasoning,restaurant,instance_00004,Request Success Ratio,0.14285714285714285
2279,privateshared,Qwen3.6-35B-A3B-FP8-without-reasoning,restaurant,instance_00001,Accuracy,
2280,privateshared,Qwen3.6-35B-A3B-FP8-without-reasoning,restaurant,instance_00001,Kappa,
2281,privateshared,Qwen3.6-35B-A3B-FP8-without-reasoning,restaurant,instance_00001,Truncated Kappa,
2282,privateshared,Qwen3.6-35B-A3B-FP8-without-reasoning,restaurant,instance_00001,Slot-Filling-Accuracy,
2283,privateshared,Qwen3.6-35B-A3B-FP8-without-reasoning,restaurant,instance_00001,Main Score,
2284,privateshared,Qwen3.6-35B-A3B-FP8-without-reasoning,restaurant,instance_00001,Aborted,1
2285,privateshared,Qwen3.6-35B-A3B-FP8-without-reasoning,restaurant,instance_00001,Lose,0
2286,privateshared,Qwen3.6-35B-A3B-FP8-without-reasoning,restaurant,instance_00001,Success,0
2287,privateshared,Qwen3.6-35B-A3B-FP8-without-reasoning,restaurant,instance_00001,Request Count,5
2288,privateshared,Qwen3.6-35B-A3B-FP8-without-reasoning,restaurant,instance_00001,Parsed Request Count,0
2289,privateshared,Qwen3.6-35B-A3B-FP8-without-reasoning,restaurant,instance_00001,Violated Request Count,5
2290,privateshared,Qwen3.6-35B-A3B-FP8-without-reasoning,restaurant,instance_00001,Request Success Ratio,0.0
2291,privateshared,Qwen3.6-35B-A3B-FP8-without-reasoning,restaurant,instance_00000,Accuracy,
2292,privateshared,Qwen3.6-35B-A3B-FP8-without-reasoning,restaurant,instance_00000,Kappa,
2293,privateshared,Qwen3.6-35B-A3B-FP8-without-reasoning,restaurant,instance_00000,Truncated Kappa,
2294,privateshared,Qwen3.6-35B-A3B-FP8-without-reasoning,restaurant,instance_00000,Slot-Filling-Accuracy,
2295,privateshared,Qwen3.6-35B-A3B-FP8-without-reasoning,restaurant,instance_00000,Main Score,
2296,privateshared,Qwen3.6-35B-A3B-FP8-without-reasoning,restaurant,instance_00000,Aborted,1
2297,privateshared,Qwen3.6-35B-A3B-FP8-without-reasoning,restaurant,instance_00000,Lose,0
2298,privateshared,Qwen3.6-35B-A3B-FP8-without-reasoning,restaurant,instance_00000,Success,0
2299,privateshared,Qwen3.6-35B-A3B-FP8-without-reasoning,restaurant,instance_00000,Request Count,5
2300,privateshared,Qwen3.6-35B-A3B-FP8-without-reasoning,restaurant,instance_00000,Parsed Request Count,0
2301,privateshared,Qwen3.6-35B-A3B-FP8-without-reasoning,restaurant,instance_00000,Violated Request Count,5
2302,privateshared,Qwen3.6-35B-A3B-FP8-without-reasoning,restaurant,instance_00000,Request Success Ratio,0.0
2303,privateshared,Qwen3.6-35B-A3B-FP8-without-reasoning,travel-booking,instance_00002,Accuracy,
2304,privateshared,Qwen3.6-35B-A3B-FP8-without-reasoning,travel-booking,instance_00002,Kappa,
2305,privateshared,Qwen3.6-35B-A3B-FP8-without-reasoning,travel-booking,instance_00002,Truncated Kappa,
2306,privateshared,Qwen3.6-35B-A3B-FP8-without-reasoning,travel-booking,instance_00002,Slot-Filling-Accuracy,
2307,privateshared,Qwen3.6-35B-A3B-FP8-without-reasoning,travel-booking,instance_00002,Main Score,
2308,privateshared,Qwen3.6-35B-A3B-FP8-without-reasoning,travel-booking,instance_00002,Aborted,1
2309,privateshared,Qwen3.6-35B-A3B-FP8-without-reasoning,travel-booking,instance_00002,Lose,0
2310,privateshared,Qwen3.6-35B-A3B-FP8-without-reasoning,travel-booking,instance_00002,Success,0
2311,privateshared,Qwen3.6-35B-A3B-FP8-without-reasoning,travel-booking,instance_00002,Request Count,11
2312,privateshared,Qwen3.6-35B-A3B-FP8-without-reasoning,travel-booking,instance_00002,Parsed Request Count,6
2313,privateshared,Qwen3.6-35B-A3B-FP8-without-reasoning,travel-booking,instance_00002,Violated Request Count,5
2314,privateshared,Qwen3.6-35B-A3B-FP8-without-reasoning,travel-booking,instance_00002,Request Success Ratio,0.5454545454545454
2315,privateshared,Qwen3.6-35B-A3B-FP8-without-reasoning,travel-booking,instance_00003,Middle-Accuracy,
2316,privateshared,Qwen3.6-35B-A3B-FP8-without-reasoning,travel-booking,instance_00003,Accuracy,
2317,privateshared,Qwen3.6-35B-A3B-FP8-without-reasoning,travel-booking,instance_00003,Kappa,
2318,privateshared,Qwen3.6-35B-A3B-FP8-without-reasoning,travel-booking,instance_00003,Truncated Kappa,
2319,privateshared,Qwen3.6-35B-A3B-FP8-without-reasoning,travel-booking,instance_00003,Slot-Filling-Accuracy,
2320,privateshared,Qwen3.6-35B-A3B-FP8-without-reasoning,travel-booking,instance_00003,Main Score,
2321,privateshared,Qwen3.6-35B-A3B-FP8-without-reasoning,travel-booking,instance_00003,Aborted,1
2322,privateshared,Qwen3.6-35B-A3B-FP8-without-reasoning,travel-booking,instance_00003,Lose,0
2323,privateshared,Qwen3.6-35B-A3B-FP8-without-reasoning,travel-booking,instance_00003,Success,0
2324,privateshared,Qwen3.6-35B-A3B-FP8-without-reasoning,travel-booking,instance_00003,Request Count,39
2325,privateshared,Qwen3.6-35B-A3B-FP8-without-reasoning,travel-booking,instance_00003,Parsed Request Count,27
2326,privateshared,Qwen3.6-35B-A3B-FP8-without-reasoning,travel-booking,instance_00003,Violated Request Count,12
2327,privateshared,Qwen3.6-35B-A3B-FP8-without-reasoning,travel-booking,instance_00003,Request Success Ratio,0.6923076923076923
2328,privateshared,Qwen3.6-35B-A3B-FP8-without-reasoning,travel-booking,instance_00004,Accuracy,
2329,privateshared,Qwen3.6-35B-A3B-FP8-without-reasoning,travel-booking,instance_00004,Kappa,
2330,privateshared,Qwen3.6-35B-A3B-FP8-without-reasoning,travel-booking,instance_00004,Truncated Kappa,
2331,privateshared,Qwen3.6-35B-A3B-FP8-without-reasoning,travel-booking,instance_00004,Slot-Filling-Accuracy,
2332,privateshared,Qwen3.6-35B-A3B-FP8-without-reasoning,travel-booking,instance_00004,Main Score,
2333,privateshared,Qwen3.6-35B-A3B-FP8-without-reasoning,travel-booking,instance_00004,Aborted,1
2334,privateshared,Qwen3.6-35B-A3B-FP8-without-reasoning,travel-booking,instance_00004,Lose,0
2335,privateshared,Qwen3.6-35B-A3B-FP8-without-reasoning,travel-booking,instance_00004,Success,0
2336,privateshared,Qwen3.6-35B-A3B-FP8-without-reasoning,travel-booking,instance_00004,Request Count,19
2337,privateshared,Qwen3.6-35B-A3B-FP8-without-reasoning,travel-booking,instance_00004,Parsed Request Count,14
2338,privateshared,Qwen3.6-35B-A3B-FP8-without-reasoning,travel-booking,instance_00004,Violated Request Count,5
2339,privateshared,Qwen3.6-35B-A3B-FP8-without-reasoning,travel-booking,instance_00004,Request Success Ratio,0.7368421052631579
2340,privateshared,Qwen3.6-35B-A3B-FP8-without-reasoning,travel-booking,instance_00001,Middle-Accuracy,0.2
2341,privateshared,Qwen3.6-35B-A3B-FP8-without-reasoning,travel-booking,instance_00001,Accuracy,0.6
2342,privateshared,Qwen3.6-35B-A3B-FP8-without-reasoning,travel-booking,instance_00001,Kappa,0.19999999999999996
2343,privateshared,Qwen3.6-35B-A3B-FP8-without-reasoning,travel-booking,instance_00001,Truncated Kappa,0.19999999999999996
2344,privateshared,Qwen3.6-35B-A3B-FP8-without-reasoning,travel-booking,instance_00001,Slot-Filling-Accuracy,0.8
2345,privateshared,Qwen3.6-35B-A3B-FP8-without-reasoning,travel-booking,instance_00001,Main Score,31.999999999999996
2346,privateshared,Qwen3.6-35B-A3B-FP8-without-reasoning,travel-booking,instance_00001,Aborted,0
2347,privateshared,Qwen3.6-35B-A3B-FP8-without-reasoning,travel-booking,instance_00001,Lose,1
2348,privateshared,Qwen3.6-35B-A3B-FP8-without-reasoning,travel-booking,instance_00001,Success,0
2349,privateshared,Qwen3.6-35B-A3B-FP8-without-reasoning,travel-booking,instance_00001,Request Count,38
2350,privateshared,Qwen3.6-35B-A3B-FP8-without-reasoning,travel-booking,instance_00001,Parsed Request Count,35
2351,privateshared,Qwen3.6-35B-A3B-FP8-without-reasoning,travel-booking,instance_00001,Violated Request Count,3
2352,privateshared,Qwen3.6-35B-A3B-FP8-without-reasoning,travel-booking,instance_00001,Request Success Ratio,0.9210526315789473
2353,privateshared,Qwen3.6-35B-A3B-FP8-without-reasoning,travel-booking,instance_00000,Accuracy,
2354,privateshared,Qwen3.6-35B-A3B-FP8-without-reasoning,travel-booking,instance_00000,Kappa,
2355,privateshared,Qwen3.6-35B-A3B-FP8-without-reasoning,travel-booking,instance_00000,Truncated Kappa,
2356,privateshared,Qwen3.6-35B-A3B-FP8-without-reasoning,travel-booking,instance_00000,Slot-Filling-Accuracy,
2357,privateshared,Qwen3.6-35B-A3B-FP8-without-reasoning,travel-booking,instance_00000,Main Score,
2358,privateshared,Qwen3.6-35B-A3B-FP8-without-reasoning,travel-booking,instance_00000,Aborted,1
2359,privateshared,Qwen3.6-35B-A3B-FP8-without-reasoning,travel-booking,instance_00000,Lose,0
2360,privateshared,Qwen3.6-35B-A3B-FP8-without-reasoning,travel-booking,instance_00000,Success,0
2361,privateshared,Qwen3.6-35B-A3B-FP8-without-reasoning,travel-booking,instance_00000,Request Count,13
2362,privateshared,Qwen3.6-35B-A3B-FP8-without-reasoning,travel-booking,instance_00000,Parsed Request Count,6
2363,privateshared,Qwen3.6-35B-A3B-FP8-without-reasoning,travel-booking,instance_00000,Violated Request Count,7
2364,privateshared,Qwen3.6-35B-A3B-FP8-without-reasoning,travel-booking,instance_00000,Request Success Ratio,0.46153846153846156
2365,privateshared,Qwen3.6-35B-A3B-FP8-without-reasoning,things-places,instance_00002,Middle-Accuracy,0.6
2366,privateshared,Qwen3.6-35B-A3B-FP8-without-reasoning,things-places,instance_00002,Accuracy,0.8125
2367,privateshared,Qwen3.6-35B-A3B-FP8-without-reasoning,things-places,instance_00002,Kappa,0.625
2368,privateshared,Qwen3.6-35B-A3B-FP8-without-reasoning,things-places,instance_00002,Truncated Kappa,0.625
2369,privateshared,Qwen3.6-35B-A3B-FP8-without-reasoning,things-places,instance_00002,Slot-Filling-Accuracy,1.0
2370,privateshared,Qwen3.6-35B-A3B-FP8-without-reasoning,things-places,instance_00002,Main Score,76.92307692307693
2371,privateshared,Qwen3.6-35B-A3B-FP8-without-reasoning,things-places,instance_00002,Aborted,0
2372,privateshared,Qwen3.6-35B-A3B-FP8-without-reasoning,things-places,instance_00002,Lose,1
2373,privateshared,Qwen3.6-35B-A3B-FP8-without-reasoning,things-places,instance_00002,Success,0
2374,privateshared,Qwen3.6-35B-A3B-FP8-without-reasoning,things-places,instance_00002,Request Count,260
2375,privateshared,Qwen3.6-35B-A3B-FP8-without-reasoning,things-places,instance_00002,Parsed Request Count,255
2376,privateshared,Qwen3.6-35B-A3B-FP8-without-reasoning,things-places,instance_00002,Violated Request Count,5
2377,privateshared,Qwen3.6-35B-A3B-FP8-without-reasoning,things-places,instance_00002,Request Success Ratio,0.9807692307692307
2378,privateshared,Qwen3.6-35B-A3B-FP8-without-reasoning,things-places,instance_00003,Middle-Accuracy,0.5333333333333333
2379,privateshared,Qwen3.6-35B-A3B-FP8-without-reasoning,things-places,instance_00003,Accuracy,0.7
2380,privateshared,Qwen3.6-35B-A3B-FP8-without-reasoning,things-places,instance_00003,Kappa,0.4
2381,privateshared,Qwen3.6-35B-A3B-FP8-without-reasoning,things-places,instance_00003,Truncated Kappa,0.4
2382,privateshared,Qwen3.6-35B-A3B-FP8-without-reasoning,things-places,instance_00003,Slot-Filling-Accuracy,0.9333333333333333
2383,privateshared,Qwen3.6-35B-A3B-FP8-without-reasoning,things-places,instance_00003,Main Score,55.99999999999999
2384,privateshared,Qwen3.6-35B-A3B-FP8-without-reasoning,things-places,instance_00003,Aborted,0
2385,privateshared,Qwen3.6-35B-A3B-FP8-without-reasoning,things-places,instance_00003,Lose,1
2386,privateshared,Qwen3.6-35B-A3B-FP8-without-reasoning,things-places,instance_00003,Success,0
2387,privateshared,Qwen3.6-35B-A3B-FP8-without-reasoning,things-places,instance_00003,Request Count,258
2388,privateshared,Qwen3.6-35B-A3B-FP8-without-reasoning,things-places,instance_00003,Parsed Request Count,255
2389,privateshared,Qwen3.6-35B-A3B-FP8-without-reasoning,things-places,instance_00003,Violated Request Count,3
2390,privateshared,Qwen3.6-35B-A3B-FP8-without-reasoning,things-places,instance_00003,Request Success Ratio,0.9883720930232558
2391,privateshared,Qwen3.6-35B-A3B-FP8-without-reasoning,things-places,instance_00004,Middle-Accuracy,0.7333333333333333
2392,privateshared,Qwen3.6-35B-A3B-FP8-without-reasoning,things-places,instance_00004,Accuracy,0.8
2393,privateshared,Qwen3.6-35B-A3B-FP8-without-reasoning,things-places,instance_00004,Kappa,0.6
2394,privateshared,Qwen3.6-35B-A3B-FP8-without-reasoning,things-places,instance_00004,Truncated Kappa,0.6
2395,privateshared,Qwen3.6-35B-A3B-FP8-without-reasoning,things-places,instance_00004,Slot-Filling-Accuracy,1.0
2396,privateshared,Qwen3.6-35B-A3B-FP8-without-reasoning,things-places,instance_00004,Main Score,74.99999999999999
2397,privateshared,Qwen3.6-35B-A3B-FP8-without-reasoning,things-places,instance_00004,Aborted,0
2398,privateshared,Qwen3.6-35B-A3B-FP8-without-reasoning,things-places,instance_00004,Lose,1
2399,privateshared,Qwen3.6-35B-A3B-FP8-without-reasoning,things-places,instance_00004,Success,0
2400,privateshared,Qwen3.6-35B-A3B-FP8-without-reasoning,things-places,instance_00004,Request Count,259
2401,privateshared,Qwen3.6-35B-A3B-FP8-without-reasoning,things-places,instance_00004,Parsed Request Count,255
2402,privateshared,Qwen3.6-35B-A3B-FP8-without-reasoning,things-places,instance_00004,Violated Request Count,4
2403,privateshared,Qwen3.6-35B-A3B-FP8-without-reasoning,things-places,instance_00004,Request Success Ratio,0.9845559845559846
2404,privateshared,Qwen3.6-35B-A3B-FP8-without-reasoning,things-places,instance_00001,Middle-Accuracy,
2405,privateshared,Qwen3.6-35B-A3B-FP8-without-reasoning,things-places,instance_00001,Accuracy,
2406,privateshared,Qwen3.6-35B-A3B-FP8-without-reasoning,things-places,instance_00001,Kappa,
2407,privateshared,Qwen3.6-35B-A3B-FP8-without-reasoning,things-places,instance_00001,Truncated Kappa,
2408,privateshared,Qwen3.6-35B-A3B-FP8-without-reasoning,things-places,instance_00001,Slot-Filling-Accuracy,
2409,privateshared,Qwen3.6-35B-A3B-FP8-without-reasoning,things-places,instance_00001,Main Score,
2410,privateshared,Qwen3.6-35B-A3B-FP8-without-reasoning,things-places,instance_00001,Aborted,1
2411,privateshared,Qwen3.6-35B-A3B-FP8-without-reasoning,things-places,instance_00001,Lose,0
2412,privateshared,Qwen3.6-35B-A3B-FP8-without-reasoning,things-places,instance_00001,Success,0
2413,privateshared,Qwen3.6-35B-A3B-FP8-without-reasoning,things-places,instance_00001,Request Count,275
2414,privateshared,Qwen3.6-35B-A3B-FP8-without-reasoning,things-places,instance_00001,Parsed Request Count,251
2415,privateshared,Qwen3.6-35B-A3B-FP8-without-reasoning,things-places,instance_00001,Violated Request Count,24
2416,privateshared,Qwen3.6-35B-A3B-FP8-without-reasoning,things-places,instance_00001,Request Success Ratio,0.9127272727272727
2417,privateshared,Qwen3.6-35B-A3B-FP8-without-reasoning,things-places,instance_00000,Middle-Accuracy,1.0
2418,privateshared,Qwen3.6-35B-A3B-FP8-without-reasoning,things-places,instance_00000,Accuracy,0.825
2419,privateshared,Qwen3.6-35B-A3B-FP8-without-reasoning,things-places,instance_00000,Kappa,0.65
2420,privateshared,Qwen3.6-35B-A3B-FP8-without-reasoning,things-places,instance_00000,Truncated Kappa,0.65
2421,privateshared,Qwen3.6-35B-A3B-FP8-without-reasoning,things-places,instance_00000,Slot-Filling-Accuracy,0.9333333333333333
2422,privateshared,Qwen3.6-35B-A3B-FP8-without-reasoning,things-places,instance_00000,Main Score,76.63157894736841
2423,privateshared,Qwen3.6-35B-A3B-FP8-without-reasoning,things-places,instance_00000,Aborted,0
2424,privateshared,Qwen3.6-35B-A3B-FP8-without-reasoning,things-places,instance_00000,Lose,1
2425,privateshared,Qwen3.6-35B-A3B-FP8-without-reasoning,things-places,instance_00000,Success,0
2426,privateshared,Qwen3.6-35B-A3B-FP8-without-reasoning,things-places,instance_00000,Request Count,277
2427,privateshared,Qwen3.6-35B-A3B-FP8-without-reasoning,things-places,instance_00000,Parsed Request Count,255
2428,privateshared,Qwen3.6-35B-A3B-FP8-without-reasoning,things-places,instance_00000,Violated Request Count,22
2429,privateshared,Qwen3.6-35B-A3B-FP8-without-reasoning,things-places,instance_00000,Request Success Ratio,0.9205776173285198
2430,privateshared,Qwen3.6-35B-A3B-FP8-without-reasoning,job-interview,instance_00002,Accuracy,
2431,privateshared,Qwen3.6-35B-A3B-FP8-without-reasoning,job-interview,instance_00002,Kappa,
2432,privateshared,Qwen3.6-35B-A3B-FP8-without-reasoning,job-interview,instance_00002,Truncated Kappa,
2433,privateshared,Qwen3.6-35B-A3B-FP8-without-reasoning,job-interview,instance_00002,Slot-Filling-Accuracy,
2434,privateshared,Qwen3.6-35B-A3B-FP8-without-reasoning,job-interview,instance_00002,Main Score,
2435,privateshared,Qwen3.6-35B-A3B-FP8-without-reasoning,job-interview,instance_00002,Aborted,1
2436,privateshared,Qwen3.6-35B-A3B-FP8-without-reasoning,job-interview,instance_00002,Lose,0
2437,privateshared,Qwen3.6-35B-A3B-FP8-without-reasoning,job-interview,instance_00002,Success,0
2438,privateshared,Qwen3.6-35B-A3B-FP8-without-reasoning,job-interview,instance_00002,Request Count,6
2439,privateshared,Qwen3.6-35B-A3B-FP8-without-reasoning,job-interview,instance_00002,Parsed Request Count,1
2440,privateshared,Qwen3.6-35B-A3B-FP8-without-reasoning,job-interview,instance_00002,Violated Request Count,5
2441,privateshared,Qwen3.6-35B-A3B-FP8-without-reasoning,job-interview,instance_00002,Request Success Ratio,0.16666666666666666
2442,privateshared,Qwen3.6-35B-A3B-FP8-without-reasoning,job-interview,instance_00003,Accuracy,
2443,privateshared,Qwen3.6-35B-A3B-FP8-without-reasoning,job-interview,instance_00003,Kappa,
2444,privateshared,Qwen3.6-35B-A3B-FP8-without-reasoning,job-interview,instance_00003,Truncated Kappa,
2445,privateshared,Qwen3.6-35B-A3B-FP8-without-reasoning,job-interview,instance_00003,Slot-Filling-Accuracy,
2446,privateshared,Qwen3.6-35B-A3B-FP8-without-reasoning,job-interview,instance_00003,Main Score,
2447,privateshared,Qwen3.6-35B-A3B-FP8-without-reasoning,job-interview,instance_00003,Aborted,1
2448,privateshared,Qwen3.6-35B-A3B-FP8-without-reasoning,job-interview,instance_00003,Lose,0
2449,privateshared,Qwen3.6-35B-A3B-FP8-without-reasoning,job-interview,instance_00003,Success,0
2450,privateshared,Qwen3.6-35B-A3B-FP8-without-reasoning,job-interview,instance_00003,Request Count,6
2451,privateshared,Qwen3.6-35B-A3B-FP8-without-reasoning,job-interview,instance_00003,Parsed Request Count,1
2452,privateshared,Qwen3.6-35B-A3B-FP8-without-reasoning,job-interview,instance_00003,Violated Request Count,5
2453,privateshared,Qwen3.6-35B-A3B-FP8-without-reasoning,job-interview,instance_00003,Request Success Ratio,0.16666666666666666
2454,privateshared,Qwen3.6-35B-A3B-FP8-without-reasoning,job-interview,instance_00004,Accuracy,
2455,privateshared,Qwen3.6-35B-A3B-FP8-without-reasoning,job-interview,instance_00004,Kappa,
2456,privateshared,Qwen3.6-35B-A3B-FP8-without-reasoning,job-interview,instance_00004,Truncated Kappa,
2457,privateshared,Qwen3.6-35B-A3B-FP8-without-reasoning,job-interview,instance_00004,Slot-Filling-Accuracy,
2458,privateshared,Qwen3.6-35B-A3B-FP8-without-reasoning,job-interview,instance_00004,Main Score,
2459,privateshared,Qwen3.6-35B-A3B-FP8-without-reasoning,job-interview,instance_00004,Aborted,1
2460,privateshared,Qwen3.6-35B-A3B-FP8-without-reasoning,job-interview,instance_00004,Lose,0
2461,privateshared,Qwen3.6-35B-A3B-FP8-without-reasoning,job-interview,instance_00004,Success,0
2462,privateshared,Qwen3.6-35B-A3B-FP8-without-reasoning,job-interview,instance_00004,Request Count,17
2463,privateshared,Qwen3.6-35B-A3B-FP8-without-reasoning,job-interview,instance_00004,Parsed Request Count,8
2464,privateshared,Qwen3.6-35B-A3B-FP8-without-reasoning,job-interview,instance_00004,Violated Request Count,9
2465,privateshared,Qwen3.6-35B-A3B-FP8-without-reasoning,job-interview,instance_00004,Request Success Ratio,0.47058823529411764
2466,privateshared,Qwen3.6-35B-A3B-FP8-without-reasoning,job-interview,instance_00001,Accuracy,
2467,privateshared,Qwen3.6-35B-A3B-FP8-without-reasoning,job-interview,instance_00001,Kappa,
2468,privateshared,Qwen3.6-35B-A3B-FP8-without-reasoning,job-interview,instance_00001,Truncated Kappa,
2469,privateshared,Qwen3.6-35B-A3B-FP8-without-reasoning,job-interview,instance_00001,Slot-Filling-Accuracy,
2470,privateshared,Qwen3.6-35B-A3B-FP8-without-reasoning,job-interview,instance_00001,Main Score,
2471,privateshared,Qwen3.6-35B-A3B-FP8-without-reasoning,job-interview,instance_00001,Aborted,1
2472,privateshared,Qwen3.6-35B-A3B-FP8-without-reasoning,job-interview,instance_00001,Lose,0
2473,privateshared,Qwen3.6-35B-A3B-FP8-without-reasoning,job-interview,instance_00001,Success,0
2474,privateshared,Qwen3.6-35B-A3B-FP8-without-reasoning,job-interview,instance_00001,Request Count,7
2475,privateshared,Qwen3.6-35B-A3B-FP8-without-reasoning,job-interview,instance_00001,Parsed Request Count,2
2476,privateshared,Qwen3.6-35B-A3B-FP8-without-reasoning,job-interview,instance_00001,Violated Request Count,5
2477,privateshared,Qwen3.6-35B-A3B-FP8-without-reasoning,job-interview,instance_00001,Request Success Ratio,0.2857142857142857
2478,privateshared,Qwen3.6-35B-A3B-FP8-without-reasoning,job-interview,instance_00000,Accuracy,
2479,privateshared,Qwen3.6-35B-A3B-FP8-without-reasoning,job-interview,instance_00000,Kappa,
2480,privateshared,Qwen3.6-35B-A3B-FP8-without-reasoning,job-interview,instance_00000,Truncated Kappa,
2481,privateshared,Qwen3.6-35B-A3B-FP8-without-reasoning,job-interview,instance_00000,Slot-Filling-Accuracy,
2482,privateshared,Qwen3.6-35B-A3B-FP8-without-reasoning,job-interview,instance_00000,Main Score,
2483,privateshared,Qwen3.6-35B-A3B-FP8-without-reasoning,job-interview,instance_00000,Aborted,1
2484,privateshared,Qwen3.6-35B-A3B-FP8-without-reasoning,job-interview,instance_00000,Lose,0
2485,privateshared,Qwen3.6-35B-A3B-FP8-without-reasoning,job-interview,instance_00000,Success,0
2486,privateshared,Qwen3.6-35B-A3B-FP8-without-reasoning,job-interview,instance_00000,Request Count,5
2487,privateshared,Qwen3.6-35B-A3B-FP8-without-reasoning,job-interview,instance_00000,Parsed Request Count,0
2488,privateshared,Qwen3.6-35B-A3B-FP8-without-reasoning,job-interview,instance_00000,Violated Request Count,5
2489,privateshared,Qwen3.6-35B-A3B-FP8-without-reasoning,job-interview,instance_00000,Request Success Ratio,0.0
2490,privateshared,Qwen3.6-35B-A3B-FP8-without-reasoning,letter-number,instance_00002,Middle-Accuracy,0.4
2491,privateshared,Qwen3.6-35B-A3B-FP8-without-reasoning,letter-number,instance_00002,Accuracy,0.6272727272727273
2492,privateshared,Qwen3.6-35B-A3B-FP8-without-reasoning,letter-number,instance_00002,Kappa,0.2545454545454545
2493,privateshared,Qwen3.6-35B-A3B-FP8-without-reasoning,letter-number,instance_00002,Truncated Kappa,0.2545454545454545
2494,privateshared,Qwen3.6-35B-A3B-FP8-without-reasoning,letter-number,instance_00002,Slot-Filling-Accuracy,1.0
2495,privateshared,Qwen3.6-35B-A3B-FP8-without-reasoning,letter-number,instance_00002,Main Score,40.57971014492754
2496,privateshared,Qwen3.6-35B-A3B-FP8-without-reasoning,letter-number,instance_00002,Aborted,0
2497,privateshared,Qwen3.6-35B-A3B-FP8-without-reasoning,letter-number,instance_00002,Lose,1
2498,privateshared,Qwen3.6-35B-A3B-FP8-without-reasoning,letter-number,instance_00002,Success,0
2499,privateshared,Qwen3.6-35B-A3B-FP8-without-reasoning,letter-number,instance_00002,Request Count,184
2500,privateshared,Qwen3.6-35B-A3B-FP8-without-reasoning,letter-number,instance_00002,Parsed Request Count,120
2501,privateshared,Qwen3.6-35B-A3B-FP8-without-reasoning,letter-number,instance_00002,Violated Request Count,64
2502,privateshared,Qwen3.6-35B-A3B-FP8-without-reasoning,letter-number,instance_00002,Request Success Ratio,0.6521739130434783
2503,privateshared,Qwen3.6-35B-A3B-FP8-without-reasoning,letter-number,instance_00003,Middle-Accuracy,0.6
2504,privateshared,Qwen3.6-35B-A3B-FP8-without-reasoning,letter-number,instance_00003,Accuracy,0.7272727272727273
2505,privateshared,Qwen3.6-35B-A3B-FP8-without-reasoning,letter-number,instance_00003,Kappa,0.4545454545454546
2506,privateshared,Qwen3.6-35B-A3B-FP8-without-reasoning,letter-number,instance_00003,Truncated Kappa,0.4545454545454546
2507,privateshared,Qwen3.6-35B-A3B-FP8-without-reasoning,letter-number,instance_00003,Slot-Filling-Accuracy,1.0
2508,privateshared,Qwen3.6-35B-A3B-FP8-without-reasoning,letter-number,instance_00003,Main Score,62.5
2509,privateshared,Qwen3.6-35B-A3B-FP8-without-reasoning,letter-number,instance_00003,Aborted,0
2510,privateshared,Qwen3.6-35B-A3B-FP8-without-reasoning,letter-number,instance_00003,Lose,1
2511,privateshared,Qwen3.6-35B-A3B-FP8-without-reasoning,letter-number,instance_00003,Success,0
2512,privateshared,Qwen3.6-35B-A3B-FP8-without-reasoning,letter-number,instance_00003,Request Count,185
2513,privateshared,Qwen3.6-35B-A3B-FP8-without-reasoning,letter-number,instance_00003,Parsed Request Count,120
2514,privateshared,Qwen3.6-35B-A3B-FP8-without-reasoning,letter-number,instance_00003,Violated Request Count,65
2515,privateshared,Qwen3.6-35B-A3B-FP8-without-reasoning,letter-number,instance_00003,Request Success Ratio,0.6486486486486487
2516,privateshared,Qwen3.6-35B-A3B-FP8-without-reasoning,letter-number,instance_00004,Middle-Accuracy,0.7
2517,privateshared,Qwen3.6-35B-A3B-FP8-without-reasoning,letter-number,instance_00004,Accuracy,0.7090909090909091
2518,privateshared,Qwen3.6-35B-A3B-FP8-without-reasoning,letter-number,instance_00004,Kappa,0.4181818181818182
2519,privateshared,Qwen3.6-35B-A3B-FP8-without-reasoning,letter-number,instance_00004,Truncated Kappa,0.4181818181818182
2520,privateshared,Qwen3.6-35B-A3B-FP8-without-reasoning,letter-number,instance_00004,Slot-Filling-Accuracy,1.0
2521,privateshared,Qwen3.6-35B-A3B-FP8-without-reasoning,letter-number,instance_00004,Main Score,58.97435897435898
2522,privateshared,Qwen3.6-35B-A3B-FP8-without-reasoning,letter-number,instance_00004,Aborted,0
2523,privateshared,Qwen3.6-35B-A3B-FP8-without-reasoning,letter-number,instance_00004,Lose,1
2524,privateshared,Qwen3.6-35B-A3B-FP8-without-reasoning,letter-number,instance_00004,Success,0
2525,privateshared,Qwen3.6-35B-A3B-FP8-without-reasoning,letter-number,instance_00004,Request Count,175
2526,privateshared,Qwen3.6-35B-A3B-FP8-without-reasoning,letter-number,instance_00004,Parsed Request Count,120
2527,privateshared,Qwen3.6-35B-A3B-FP8-without-reasoning,letter-number,instance_00004,Violated Request Count,55
2528,privateshared,Qwen3.6-35B-A3B-FP8-without-reasoning,letter-number,instance_00004,Request Success Ratio,0.6857142857142857
2529,privateshared,Qwen3.6-35B-A3B-FP8-without-reasoning,letter-number,instance_00001,Middle-Accuracy,0.4
2530,privateshared,Qwen3.6-35B-A3B-FP8-without-reasoning,letter-number,instance_00001,Accuracy,0.6454545454545455
2531,privateshared,Qwen3.6-35B-A3B-FP8-without-reasoning,letter-number,instance_00001,Kappa,0.2909090909090909
2532,privateshared,Qwen3.6-35B-A3B-FP8-without-reasoning,letter-number,instance_00001,Truncated Kappa,0.2909090909090909
2533,privateshared,Qwen3.6-35B-A3B-FP8-without-reasoning,letter-number,instance_00001,Slot-Filling-Accuracy,1.0
2534,privateshared,Qwen3.6-35B-A3B-FP8-without-reasoning,letter-number,instance_00001,Main Score,45.070422535211264
2535,privateshared,Qwen3.6-35B-A3B-FP8-without-reasoning,letter-number,instance_00001,Aborted,0
2536,privateshared,Qwen3.6-35B-A3B-FP8-without-reasoning,letter-number,instance_00001,Lose,1
2537,privateshared,Qwen3.6-35B-A3B-FP8-without-reasoning,letter-number,instance_00001,Success,0
2538,privateshared,Qwen3.6-35B-A3B-FP8-without-reasoning,letter-number,instance_00001,Request Count,170
2539,privateshared,Qwen3.6-35B-A3B-FP8-without-reasoning,letter-number,instance_00001,Parsed Request Count,120
2540,privateshared,Qwen3.6-35B-A3B-FP8-without-reasoning,letter-number,instance_00001,Violated Request Count,50
2541,privateshared,Qwen3.6-35B-A3B-FP8-without-reasoning,letter-number,instance_00001,Request Success Ratio,0.7058823529411765
2542,privateshared,Qwen3.6-35B-A3B-FP8-without-reasoning,letter-number,instance_00000,Middle-Accuracy,0.6
2543,privateshared,Qwen3.6-35B-A3B-FP8-without-reasoning,letter-number,instance_00000,Accuracy,0.6818181818181818
2544,privateshared,Qwen3.6-35B-A3B-FP8-without-reasoning,letter-number,instance_00000,Kappa,0.36363636363636365
2545,privateshared,Qwen3.6-35B-A3B-FP8-without-reasoning,letter-number,instance_00000,Truncated Kappa,0.36363636363636365
2546,privateshared,Qwen3.6-35B-A3B-FP8-without-reasoning,letter-number,instance_00000,Slot-Filling-Accuracy,1.0
2547,privateshared,Qwen3.6-35B-A3B-FP8-without-reasoning,letter-number,instance_00000,Main Score,53.333333333333336
2548,privateshared,Qwen3.6-35B-A3B-FP8-without-reasoning,letter-number,instance_00000,Aborted,0
2549,privateshared,Qwen3.6-35B-A3B-FP8-without-reasoning,letter-number,instance_00000,Lose,1
2550,privateshared,Qwen3.6-35B-A3B-FP8-without-reasoning,letter-number,instance_00000,Success,0
2551,privateshared,Qwen3.6-35B-A3B-FP8-without-reasoning,letter-number,instance_00000,Request Count,183
2552,privateshared,Qwen3.6-35B-A3B-FP8-without-reasoning,letter-number,instance_00000,Parsed Request Count,120
2553,privateshared,Qwen3.6-35B-A3B-FP8-without-reasoning,letter-number,instance_00000,Violated Request Count,63
2554,privateshared,Qwen3.6-35B-A3B-FP8-without-reasoning,letter-number,instance_00000,Request Success Ratio,0.6557377049180327
2555,dond,Qwen3.6-35B-A3B-FP8-without-reasoning,semi,instance_00002,Request Count,4
2556,dond,Qwen3.6-35B-A3B-FP8-without-reasoning,semi,instance_00002,Parsed Request Count,3
2557,dond,Qwen3.6-35B-A3B-FP8-without-reasoning,semi,instance_00002,Violated Request Count,1
2558,dond,Qwen3.6-35B-A3B-FP8-without-reasoning,semi,instance_00002,Request Success Ratio,0.75
2559,dond,Qwen3.6-35B-A3B-FP8-without-reasoning,semi,instance_00002,Aborted,1
2560,dond,Qwen3.6-35B-A3B-FP8-without-reasoning,semi,instance_00002,Lose,0
2561,dond,Qwen3.6-35B-A3B-FP8-without-reasoning,semi,instance_00002,Success,0
2562,dond,Qwen3.6-35B-A3B-FP8-without-reasoning,semi,instance_00002,Main Score,
2563,dond,Qwen3.6-35B-A3B-FP8-without-reasoning,semi,instance_00003,Request Count,3
2564,dond,Qwen3.6-35B-A3B-FP8-without-reasoning,semi,instance_00003,Parsed Request Count,3
2565,dond,Qwen3.6-35B-A3B-FP8-without-reasoning,semi,instance_00003,Violated Request Count,0
2566,dond,Qwen3.6-35B-A3B-FP8-without-reasoning,semi,instance_00003,Request Success Ratio,1.0
2567,dond,Qwen3.6-35B-A3B-FP8-without-reasoning,semi,instance_00003,Aborted,1
2568,dond,Qwen3.6-35B-A3B-FP8-without-reasoning,semi,instance_00003,Lose,0
2569,dond,Qwen3.6-35B-A3B-FP8-without-reasoning,semi,instance_00003,Success,0
2570,dond,Qwen3.6-35B-A3B-FP8-without-reasoning,semi,instance_00003,Main Score,
2571,dond,Qwen3.6-35B-A3B-FP8-without-reasoning,semi,instance_00004,Request Count,4
2572,dond,Qwen3.6-35B-A3B-FP8-without-reasoning,semi,instance_00004,Parsed Request Count,3
2573,dond,Qwen3.6-35B-A3B-FP8-without-reasoning,semi,instance_00004,Violated Request Count,1
2574,dond,Qwen3.6-35B-A3B-FP8-without-reasoning,semi,instance_00004,Request Success Ratio,0.75
2575,dond,Qwen3.6-35B-A3B-FP8-without-reasoning,semi,instance_00004,Aborted,1
2576,dond,Qwen3.6-35B-A3B-FP8-without-reasoning,semi,instance_00004,Lose,0
2577,dond,Qwen3.6-35B-A3B-FP8-without-reasoning,semi,instance_00004,Success,0
2578,dond,Qwen3.6-35B-A3B-FP8-without-reasoning,semi,instance_00004,Main Score,
2579,dond,Qwen3.6-35B-A3B-FP8-without-reasoning,semi,instance_00001,Request Count,4
2580,dond,Qwen3.6-35B-A3B-FP8-without-reasoning,semi,instance_00001,Parsed Request Count,3
2581,dond,Qwen3.6-35B-A3B-FP8-without-reasoning,semi,instance_00001,Violated Request Count,1
2582,dond,Qwen3.6-35B-A3B-FP8-without-reasoning,semi,instance_00001,Request Success Ratio,0.75
2583,dond,Qwen3.6-35B-A3B-FP8-without-reasoning,semi,instance_00001,Aborted,1
2584,dond,Qwen3.6-35B-A3B-FP8-without-reasoning,semi,instance_00001,Lose,0
2585,dond,Qwen3.6-35B-A3B-FP8-without-reasoning,semi,instance_00001,Success,0
2586,dond,Qwen3.6-35B-A3B-FP8-without-reasoning,semi,instance_00001,Main Score,
2587,dond,Qwen3.6-35B-A3B-FP8-without-reasoning,semi,instance_00000,Request Count,5
2588,dond,Qwen3.6-35B-A3B-FP8-without-reasoning,semi,instance_00000,Parsed Request Count,5
2589,dond,Qwen3.6-35B-A3B-FP8-without-reasoning,semi,instance_00000,Violated Request Count,0
2590,dond,Qwen3.6-35B-A3B-FP8-without-reasoning,semi,instance_00000,Request Success Ratio,1.0
2591,dond,Qwen3.6-35B-A3B-FP8-without-reasoning,semi,instance_00000,Aborted,0
2592,dond,Qwen3.6-35B-A3B-FP8-without-reasoning,semi,instance_00000,Lose,1
2593,dond,Qwen3.6-35B-A3B-FP8-without-reasoning,semi,instance_00000,Success,0
2594,dond,Qwen3.6-35B-A3B-FP8-without-reasoning,semi,instance_00000,Main Score,0.0
2595,dond,Qwen3.6-35B-A3B-FP8-without-reasoning,semi,instance_00000,Sum of Points,0.0
2596,dond,Qwen3.6-35B-A3B-FP8-without-reasoning,semi,instance_00000,Pareto Optimal,0
2597,dond,Qwen3.6-35B-A3B-FP8-without-reasoning,coop,instance_00002,Request Count,3
2598,dond,Qwen3.6-35B-A3B-FP8-without-reasoning,coop,instance_00002,Parsed Request Count,3
2599,dond,Qwen3.6-35B-A3B-FP8-without-reasoning,coop,instance_00002,Violated Request Count,0
2600,dond,Qwen3.6-35B-A3B-FP8-without-reasoning,coop,instance_00002,Request Success Ratio,1.0
2601,dond,Qwen3.6-35B-A3B-FP8-without-reasoning,coop,instance_00002,Aborted,0
2602,dond,Qwen3.6-35B-A3B-FP8-without-reasoning,coop,instance_00002,Lose,1
2603,dond,Qwen3.6-35B-A3B-FP8-without-reasoning,coop,instance_00002,Success,0
2604,dond,Qwen3.6-35B-A3B-FP8-without-reasoning,coop,instance_00002,Main Score,0.0
2605,dond,Qwen3.6-35B-A3B-FP8-without-reasoning,coop,instance_00002,Sum of Points,0.0
2606,dond,Qwen3.6-35B-A3B-FP8-without-reasoning,coop,instance_00002,Pareto Optimal,0
2607,dond,Qwen3.6-35B-A3B-FP8-without-reasoning,coop,instance_00003,Request Count,4
2608,dond,Qwen3.6-35B-A3B-FP8-without-reasoning,coop,instance_00003,Parsed Request Count,4
2609,dond,Qwen3.6-35B-A3B-FP8-without-reasoning,coop,instance_00003,Violated Request Count,0
2610,dond,Qwen3.6-35B-A3B-FP8-without-reasoning,coop,instance_00003,Request Success Ratio,1.0
2611,dond,Qwen3.6-35B-A3B-FP8-without-reasoning,coop,instance_00003,Aborted,0
2612,dond,Qwen3.6-35B-A3B-FP8-without-reasoning,coop,instance_00003,Lose,1
2613,dond,Qwen3.6-35B-A3B-FP8-without-reasoning,coop,instance_00003,Success,0
2614,dond,Qwen3.6-35B-A3B-FP8-without-reasoning,coop,instance_00003,Main Score,0.0
2615,dond,Qwen3.6-35B-A3B-FP8-without-reasoning,coop,instance_00003,Sum of Points,0.0
2616,dond,Qwen3.6-35B-A3B-FP8-without-reasoning,coop,instance_00003,Pareto Optimal,0
2617,dond,Qwen3.6-35B-A3B-FP8-without-reasoning,coop,instance_00004,Request Count,4
2618,dond,Qwen3.6-35B-A3B-FP8-without-reasoning,coop,instance_00004,Parsed Request Count,3
2619,dond,Qwen3.6-35B-A3B-FP8-without-reasoning,coop,instance_00004,Violated Request Count,1
2620,dond,Qwen3.6-35B-A3B-FP8-without-reasoning,coop,instance_00004,Request Success Ratio,0.75
2621,dond,Qwen3.6-35B-A3B-FP8-without-reasoning,coop,instance_00004,Aborted,1
2622,dond,Qwen3.6-35B-A3B-FP8-without-reasoning,coop,instance_00004,Lose,0
2623,dond,Qwen3.6-35B-A3B-FP8-without-reasoning,coop,instance_00004,Success,0
2624,dond,Qwen3.6-35B-A3B-FP8-without-reasoning,coop,instance_00004,Main Score,
2625,dond,Qwen3.6-35B-A3B-FP8-without-reasoning,coop,instance_00001,Request Count,4
2626,dond,Qwen3.6-35B-A3B-FP8-without-reasoning,coop,instance_00001,Parsed Request Count,3
2627,dond,Qwen3.6-35B-A3B-FP8-without-reasoning,coop,instance_00001,Violated Request Count,1
2628,dond,Qwen3.6-35B-A3B-FP8-without-reasoning,coop,instance_00001,Request Success Ratio,0.75
2629,dond,Qwen3.6-35B-A3B-FP8-without-reasoning,coop,instance_00001,Aborted,1
2630,dond,Qwen3.6-35B-A3B-FP8-without-reasoning,coop,instance_00001,Lose,0
2631,dond,Qwen3.6-35B-A3B-FP8-without-reasoning,coop,instance_00001,Success,0
2632,dond,Qwen3.6-35B-A3B-FP8-without-reasoning,coop,instance_00001,Main Score,
2633,dond,Qwen3.6-35B-A3B-FP8-without-reasoning,coop,instance_00000,Request Count,6
2634,dond,Qwen3.6-35B-A3B-FP8-without-reasoning,coop,instance_00000,Parsed Request Count,6
2635,dond,Qwen3.6-35B-A3B-FP8-without-reasoning,coop,instance_00000,Violated Request Count,0
2636,dond,Qwen3.6-35B-A3B-FP8-without-reasoning,coop,instance_00000,Request Success Ratio,1.0
2637,dond,Qwen3.6-35B-A3B-FP8-without-reasoning,coop,instance_00000,Aborted,0
2638,dond,Qwen3.6-35B-A3B-FP8-without-reasoning,coop,instance_00000,Lose,0
2639,dond,Qwen3.6-35B-A3B-FP8-without-reasoning,coop,instance_00000,Success,1
2640,dond,Qwen3.6-35B-A3B-FP8-without-reasoning,coop,instance_00000,Main Score,100.0
2641,dond,Qwen3.6-35B-A3B-FP8-without-reasoning,coop,instance_00000,Sum of Points,1.0
2642,dond,Qwen3.6-35B-A3B-FP8-without-reasoning,coop,instance_00000,Pareto Optimal,1
2643,guesswhat,Qwen3.6-35B-A3B-FP8-without-reasoning,Level_3,instance_00005,Violated Request Count,0
2644,guesswhat,Qwen3.6-35B-A3B-FP8-without-reasoning,Level_3,instance_00005,Parsed Request Count,5
2645,guesswhat,Qwen3.6-35B-A3B-FP8-without-reasoning,Level_3,instance_00005,Request Count,5
2646,guesswhat,Qwen3.6-35B-A3B-FP8-without-reasoning,Level_3,instance_00005,Request Success Ratio,1.0
2647,guesswhat,Qwen3.6-35B-A3B-FP8-without-reasoning,Level_3,instance_00005,Aborted,0
2648,guesswhat,Qwen3.6-35B-A3B-FP8-without-reasoning,Level_3,instance_00005,Success,0
2649,guesswhat,Qwen3.6-35B-A3B-FP8-without-reasoning,Level_3,instance_00005,Lose,1
2650,guesswhat,Qwen3.6-35B-A3B-FP8-without-reasoning,Level_3,instance_00005,Main Score,0
2651,guesswhat,Qwen3.6-35B-A3B-FP8-without-reasoning,Level_3,instance_00005,Invalid format guesser response,0
2652,guesswhat,Qwen3.6-35B-A3B-FP8-without-reasoning,Level_3,instance_00005,Invalid format answerer response,0
2653,guesswhat,Qwen3.6-35B-A3B-FP8-without-reasoning,Level_3,instance_00005,Invalid content guesser response,0
2654,guesswhat,Qwen3.6-35B-A3B-FP8-without-reasoning,Level_3,instance_00005,Invalid content answerer response,0
2655,guesswhat,Qwen3.6-35B-A3B-FP8-without-reasoning,Level_3,instance_00002,Violated Request Count,0
2656,guesswhat,Qwen3.6-35B-A3B-FP8-without-reasoning,Level_3,instance_00002,Parsed Request Count,6
2657,guesswhat,Qwen3.6-35B-A3B-FP8-without-reasoning,Level_3,instance_00002,Request Count,6
2658,guesswhat,Qwen3.6-35B-A3B-FP8-without-reasoning,Level_3,instance_00002,Request Success Ratio,1.0
2659,guesswhat,Qwen3.6-35B-A3B-FP8-without-reasoning,Level_3,instance_00002,Aborted,0
2660,guesswhat,Qwen3.6-35B-A3B-FP8-without-reasoning,Level_3,instance_00002,Success,1
2661,guesswhat,Qwen3.6-35B-A3B-FP8-without-reasoning,Level_3,instance_00002,Lose,0
2662,guesswhat,Qwen3.6-35B-A3B-FP8-without-reasoning,Level_3,instance_00002,Speed,66.66666666666667
2663,guesswhat,Qwen3.6-35B-A3B-FP8-without-reasoning,Level_3,instance_00002,Main Score,66.66666666666667
2664,guesswhat,Qwen3.6-35B-A3B-FP8-without-reasoning,Level_3,instance_00002,Invalid format guesser response,0
2665,guesswhat,Qwen3.6-35B-A3B-FP8-without-reasoning,Level_3,instance_00002,Invalid format answerer response,0
2666,guesswhat,Qwen3.6-35B-A3B-FP8-without-reasoning,Level_3,instance_00002,Invalid content guesser response,0
2667,guesswhat,Qwen3.6-35B-A3B-FP8-without-reasoning,Level_3,instance_00002,Invalid content answerer response,0
2668,guesswhat,Qwen3.6-35B-A3B-FP8-without-reasoning,Level_3,instance_00003,Violated Request Count,0
2669,guesswhat,Qwen3.6-35B-A3B-FP8-without-reasoning,Level_3,instance_00003,Parsed Request Count,5
2670,guesswhat,Qwen3.6-35B-A3B-FP8-without-reasoning,Level_3,instance_00003,Request Count,5
2671,guesswhat,Qwen3.6-35B-A3B-FP8-without-reasoning,Level_3,instance_00003,Request Success Ratio,1.0
2672,guesswhat,Qwen3.6-35B-A3B-FP8-without-reasoning,Level_3,instance_00003,Aborted,0
2673,guesswhat,Qwen3.6-35B-A3B-FP8-without-reasoning,Level_3,instance_00003,Success,1
2674,guesswhat,Qwen3.6-35B-A3B-FP8-without-reasoning,Level_3,instance_00003,Lose,0
2675,guesswhat,Qwen3.6-35B-A3B-FP8-without-reasoning,Level_3,instance_00003,Speed,100
2676,guesswhat,Qwen3.6-35B-A3B-FP8-without-reasoning,Level_3,instance_00003,Main Score,100
2677,guesswhat,Qwen3.6-35B-A3B-FP8-without-reasoning,Level_3,instance_00003,Invalid format guesser response,0
2678,guesswhat,Qwen3.6-35B-A3B-FP8-without-reasoning,Level_3,instance_00003,Invalid format answerer response,0
2679,guesswhat,Qwen3.6-35B-A3B-FP8-without-reasoning,Level_3,instance_00003,Invalid content guesser response,0
2680,guesswhat,Qwen3.6-35B-A3B-FP8-without-reasoning,Level_3,instance_00003,Invalid content answerer response,0
2681,guesswhat,Qwen3.6-35B-A3B-FP8-without-reasoning,Level_3,instance_00004,Violated Request Count,0
2682,guesswhat,Qwen3.6-35B-A3B-FP8-without-reasoning,Level_3,instance_00004,Parsed Request Count,4
2683,guesswhat,Qwen3.6-35B-A3B-FP8-without-reasoning,Level_3,instance_00004,Request Count,4
2684,guesswhat,Qwen3.6-35B-A3B-FP8-without-reasoning,Level_3,instance_00004,Request Success Ratio,1.0
2685,guesswhat,Qwen3.6-35B-A3B-FP8-without-reasoning,Level_3,instance_00004,Aborted,0
2686,guesswhat,Qwen3.6-35B-A3B-FP8-without-reasoning,Level_3,instance_00004,Success,1
2687,guesswhat,Qwen3.6-35B-A3B-FP8-without-reasoning,Level_3,instance_00004,Lose,0
2688,guesswhat,Qwen3.6-35B-A3B-FP8-without-reasoning,Level_3,instance_00004,Speed,100
2689,guesswhat,Qwen3.6-35B-A3B-FP8-without-reasoning,Level_3,instance_00004,Main Score,100
2690,guesswhat,Qwen3.6-35B-A3B-FP8-without-reasoning,Level_3,instance_00004,Invalid format guesser response,0
2691,guesswhat,Qwen3.6-35B-A3B-FP8-without-reasoning,Level_3,instance_00004,Invalid format answerer response,0
2692,guesswhat,Qwen3.6-35B-A3B-FP8-without-reasoning,Level_3,instance_00004,Invalid content guesser response,0
2693,guesswhat,Qwen3.6-35B-A3B-FP8-without-reasoning,Level_3,instance_00004,Invalid content answerer response,0
2694,guesswhat,Qwen3.6-35B-A3B-FP8-without-reasoning,Level_3,instance_00008,Violated Request Count,0
2695,guesswhat,Qwen3.6-35B-A3B-FP8-without-reasoning,Level_3,instance_00008,Parsed Request Count,4
2696,guesswhat,Qwen3.6-35B-A3B-FP8-without-reasoning,Level_3,instance_00008,Request Count,4
2697,guesswhat,Qwen3.6-35B-A3B-FP8-without-reasoning,Level_3,instance_00008,Request Success Ratio,1.0
2698,guesswhat,Qwen3.6-35B-A3B-FP8-without-reasoning,Level_3,instance_00008,Aborted,0
2699,guesswhat,Qwen3.6-35B-A3B-FP8-without-reasoning,Level_3,instance_00008,Success,1
2700,guesswhat,Qwen3.6-35B-A3B-FP8-without-reasoning,Level_3,instance_00008,Lose,0
2701,guesswhat,Qwen3.6-35B-A3B-FP8-without-reasoning,Level_3,instance_00008,Speed,100
2702,guesswhat,Qwen3.6-35B-A3B-FP8-without-reasoning,Level_3,instance_00008,Main Score,100
2703,guesswhat,Qwen3.6-35B-A3B-FP8-without-reasoning,Level_3,instance_00008,Invalid format guesser response,0
2704,guesswhat,Qwen3.6-35B-A3B-FP8-without-reasoning,Level_3,instance_00008,Invalid format answerer response,0
2705,guesswhat,Qwen3.6-35B-A3B-FP8-without-reasoning,Level_3,instance_00008,Invalid content guesser response,0
2706,guesswhat,Qwen3.6-35B-A3B-FP8-without-reasoning,Level_3,instance_00008,Invalid content answerer response,0
2707,guesswhat,Qwen3.6-35B-A3B-FP8-without-reasoning,Level_3,instance_00001,Violated Request Count,0
2708,guesswhat,Qwen3.6-35B-A3B-FP8-without-reasoning,Level_3,instance_00001,Parsed Request Count,5
2709,guesswhat,Qwen3.6-35B-A3B-FP8-without-reasoning,Level_3,instance_00001,Request Count,5
2710,guesswhat,Qwen3.6-35B-A3B-FP8-without-reasoning,Level_3,instance_00001,Request Success Ratio,1.0
2711,guesswhat,Qwen3.6-35B-A3B-FP8-without-reasoning,Level_3,instance_00001,Aborted,0
2712,guesswhat,Qwen3.6-35B-A3B-FP8-without-reasoning,Level_3,instance_00001,Success,1
2713,guesswhat,Qwen3.6-35B-A3B-FP8-without-reasoning,Level_3,instance_00001,Lose,0
2714,guesswhat,Qwen3.6-35B-A3B-FP8-without-reasoning,Level_3,instance_00001,Speed,100
2715,guesswhat,Qwen3.6-35B-A3B-FP8-without-reasoning,Level_3,instance_00001,Main Score,100
2716,guesswhat,Qwen3.6-35B-A3B-FP8-without-reasoning,Level_3,instance_00001,Invalid format guesser response,0
2717,guesswhat,Qwen3.6-35B-A3B-FP8-without-reasoning,Level_3,instance_00001,Invalid format answerer response,0
2718,guesswhat,Qwen3.6-35B-A3B-FP8-without-reasoning,Level_3,instance_00001,Invalid content guesser response,0
2719,guesswhat,Qwen3.6-35B-A3B-FP8-without-reasoning,Level_3,instance_00001,Invalid content answerer response,0
2720,guesswhat,Qwen3.6-35B-A3B-FP8-without-reasoning,Level_3,instance_00006,Violated Request Count,0
2721,guesswhat,Qwen3.6-35B-A3B-FP8-without-reasoning,Level_3,instance_00006,Parsed Request Count,5
2722,guesswhat,Qwen3.6-35B-A3B-FP8-without-reasoning,Level_3,instance_00006,Request Count,5
2723,guesswhat,Qwen3.6-35B-A3B-FP8-without-reasoning,Level_3,instance_00006,Request Success Ratio,1.0
2724,guesswhat,Qwen3.6-35B-A3B-FP8-without-reasoning,Level_3,instance_00006,Aborted,0
2725,guesswhat,Qwen3.6-35B-A3B-FP8-without-reasoning,Level_3,instance_00006,Success,1
2726,guesswhat,Qwen3.6-35B-A3B-FP8-without-reasoning,Level_3,instance_00006,Lose,0
2727,guesswhat,Qwen3.6-35B-A3B-FP8-without-reasoning,Level_3,instance_00006,Speed,100
2728,guesswhat,Qwen3.6-35B-A3B-FP8-without-reasoning,Level_3,instance_00006,Main Score,100
2729,guesswhat,Qwen3.6-35B-A3B-FP8-without-reasoning,Level_3,instance_00006,Invalid format guesser response,0
2730,guesswhat,Qwen3.6-35B-A3B-FP8-without-reasoning,Level_3,instance_00006,Invalid format answerer response,0
2731,guesswhat,Qwen3.6-35B-A3B-FP8-without-reasoning,Level_3,instance_00006,Invalid content guesser response,0
2732,guesswhat,Qwen3.6-35B-A3B-FP8-without-reasoning,Level_3,instance_00006,Invalid content answerer response,0
2733,guesswhat,Qwen3.6-35B-A3B-FP8-without-reasoning,Level_3,instance_00007,Violated Request Count,0
2734,guesswhat,Qwen3.6-35B-A3B-FP8-without-reasoning,Level_3,instance_00007,Parsed Request Count,4
2735,guesswhat,Qwen3.6-35B-A3B-FP8-without-reasoning,Level_3,instance_00007,Request Count,4
2736,guesswhat,Qwen3.6-35B-A3B-FP8-without-reasoning,Level_3,instance_00007,Request Success Ratio,1.0
2737,guesswhat,Qwen3.6-35B-A3B-FP8-without-reasoning,Level_3,instance_00007,Aborted,0
2738,guesswhat,Qwen3.6-35B-A3B-FP8-without-reasoning,Level_3,instance_00007,Success,1
2739,guesswhat,Qwen3.6-35B-A3B-FP8-without-reasoning,Level_3,instance_00007,Lose,0
2740,guesswhat,Qwen3.6-35B-A3B-FP8-without-reasoning,Level_3,instance_00007,Speed,100
2741,guesswhat,Qwen3.6-35B-A3B-FP8-without-reasoning,Level_3,instance_00007,Main Score,100
2742,guesswhat,Qwen3.6-35B-A3B-FP8-without-reasoning,Level_3,instance_00007,Invalid format guesser response,0
2743,guesswhat,Qwen3.6-35B-A3B-FP8-without-reasoning,Level_3,instance_00007,Invalid format answerer response,0
2744,guesswhat,Qwen3.6-35B-A3B-FP8-without-reasoning,Level_3,instance_00007,Invalid content guesser response,0
2745,guesswhat,Qwen3.6-35B-A3B-FP8-without-reasoning,Level_3,instance_00007,Invalid content answerer response,0
2746,guesswhat,Qwen3.6-35B-A3B-FP8-without-reasoning,Level_3,instance_00000,Violated Request Count,0
2747,guesswhat,Qwen3.6-35B-A3B-FP8-without-reasoning,Level_3,instance_00000,Parsed Request Count,5
2748,guesswhat,Qwen3.6-35B-A3B-FP8-without-reasoning,Level_3,instance_00000,Request Count,5
2749,guesswhat,Qwen3.6-35B-A3B-FP8-without-reasoning,Level_3,instance_00000,Request Success Ratio,1.0
2750,guesswhat,Qwen3.6-35B-A3B-FP8-without-reasoning,Level_3,instance_00000,Aborted,0
2751,guesswhat,Qwen3.6-35B-A3B-FP8-without-reasoning,Level_3,instance_00000,Success,1
2752,guesswhat,Qwen3.6-35B-A3B-FP8-without-reasoning,Level_3,instance_00000,Lose,0
2753,guesswhat,Qwen3.6-35B-A3B-FP8-without-reasoning,Level_3,instance_00000,Speed,100
2754,guesswhat,Qwen3.6-35B-A3B-FP8-without-reasoning,Level_3,instance_00000,Main Score,100
2755,guesswhat,Qwen3.6-35B-A3B-FP8-without-reasoning,Level_3,instance_00000,Invalid format guesser response,0
2756,guesswhat,Qwen3.6-35B-A3B-FP8-without-reasoning,Level_3,instance_00000,Invalid format answerer response,0
2757,guesswhat,Qwen3.6-35B-A3B-FP8-without-reasoning,Level_3,instance_00000,Invalid content guesser response,0
2758,guesswhat,Qwen3.6-35B-A3B-FP8-without-reasoning,Level_3,instance_00000,Invalid content answerer response,0
2759,guesswhat,Qwen3.6-35B-A3B-FP8-without-reasoning,Level_3,instance_00009,Violated Request Count,0
2760,guesswhat,Qwen3.6-35B-A3B-FP8-without-reasoning,Level_3,instance_00009,Parsed Request Count,7
2761,guesswhat,Qwen3.6-35B-A3B-FP8-without-reasoning,Level_3,instance_00009,Request Count,7
2762,guesswhat,Qwen3.6-35B-A3B-FP8-without-reasoning,Level_3,instance_00009,Request Success Ratio,1.0
2763,guesswhat,Qwen3.6-35B-A3B-FP8-without-reasoning,Level_3,instance_00009,Aborted,0
2764,guesswhat,Qwen3.6-35B-A3B-FP8-without-reasoning,Level_3,instance_00009,Success,0
2765,guesswhat,Qwen3.6-35B-A3B-FP8-without-reasoning,Level_3,instance_00009,Lose,1
2766,guesswhat,Qwen3.6-35B-A3B-FP8-without-reasoning,Level_3,instance_00009,Main Score,0
2767,guesswhat,Qwen3.6-35B-A3B-FP8-without-reasoning,Level_3,instance_00009,Invalid format guesser response,0
2768,guesswhat,Qwen3.6-35B-A3B-FP8-without-reasoning,Level_3,instance_00009,Invalid format answerer response,0
2769,guesswhat,Qwen3.6-35B-A3B-FP8-without-reasoning,Level_3,instance_00009,Invalid content guesser response,0
2770,guesswhat,Qwen3.6-35B-A3B-FP8-without-reasoning,Level_3,instance_00009,Invalid content answerer response,0
2771,guesswhat,Qwen3.6-35B-A3B-FP8-without-reasoning,Level_2,instance_00005,Violated Request Count,0
2772,guesswhat,Qwen3.6-35B-A3B-FP8-without-reasoning,Level_2,instance_00005,Parsed Request Count,4
2773,guesswhat,Qwen3.6-35B-A3B-FP8-without-reasoning,Level_2,instance_00005,Request Count,4
2774,guesswhat,Qwen3.6-35B-A3B-FP8-without-reasoning,Level_2,instance_00005,Request Success Ratio,1.0
2775,guesswhat,Qwen3.6-35B-A3B-FP8-without-reasoning,Level_2,instance_00005,Aborted,0
2776,guesswhat,Qwen3.6-35B-A3B-FP8-without-reasoning,Level_2,instance_00005,Success,1
2777,guesswhat,Qwen3.6-35B-A3B-FP8-without-reasoning,Level_2,instance_00005,Lose,0
2778,guesswhat,Qwen3.6-35B-A3B-FP8-without-reasoning,Level_2,instance_00005,Speed,100
2779,guesswhat,Qwen3.6-35B-A3B-FP8-without-reasoning,Level_2,instance_00005,Main Score,100
2780,guesswhat,Qwen3.6-35B-A3B-FP8-without-reasoning,Level_2,instance_00005,Invalid format guesser response,0
2781,guesswhat,Qwen3.6-35B-A3B-FP8-without-reasoning,Level_2,instance_00005,Invalid format answerer response,0
2782,guesswhat,Qwen3.6-35B-A3B-FP8-without-reasoning,Level_2,instance_00005,Invalid content guesser response,0
2783,guesswhat,Qwen3.6-35B-A3B-FP8-without-reasoning,Level_2,instance_00005,Invalid content answerer response,0
2784,guesswhat,Qwen3.6-35B-A3B-FP8-without-reasoning,Level_2,instance_00002,Violated Request Count,0
2785,guesswhat,Qwen3.6-35B-A3B-FP8-without-reasoning,Level_2,instance_00002,Parsed Request Count,4
2786,guesswhat,Qwen3.6-35B-A3B-FP8-without-reasoning,Level_2,instance_00002,Request Count,4
2787,guesswhat,Qwen3.6-35B-A3B-FP8-without-reasoning,Level_2,instance_00002,Request Success Ratio,1.0
2788,guesswhat,Qwen3.6-35B-A3B-FP8-without-reasoning,Level_2,instance_00002,Aborted,0
2789,guesswhat,Qwen3.6-35B-A3B-FP8-without-reasoning,Level_2,instance_00002,Success,1
2790,guesswhat,Qwen3.6-35B-A3B-FP8-without-reasoning,Level_2,instance_00002,Lose,0
2791,guesswhat,Qwen3.6-35B-A3B-FP8-without-reasoning,Level_2,instance_00002,Speed,100
2792,guesswhat,Qwen3.6-35B-A3B-FP8-without-reasoning,Level_2,instance_00002,Main Score,100
2793,guesswhat,Qwen3.6-35B-A3B-FP8-without-reasoning,Level_2,instance_00002,Invalid format guesser response,0
2794,guesswhat,Qwen3.6-35B-A3B-FP8-without-reasoning,Level_2,instance_00002,Invalid format answerer response,0
2795,guesswhat,Qwen3.6-35B-A3B-FP8-without-reasoning,Level_2,instance_00002,Invalid content guesser response,0
2796,guesswhat,Qwen3.6-35B-A3B-FP8-without-reasoning,Level_2,instance_00002,Invalid content answerer response,0
2797,guesswhat,Qwen3.6-35B-A3B-FP8-without-reasoning,Level_2,instance_00003,Violated Request Count,0
2798,guesswhat,Qwen3.6-35B-A3B-FP8-without-reasoning,Level_2,instance_00003,Parsed Request Count,4
2799,guesswhat,Qwen3.6-35B-A3B-FP8-without-reasoning,Level_2,instance_00003,Request Count,4
2800,guesswhat,Qwen3.6-35B-A3B-FP8-without-reasoning,Level_2,instance_00003,Request Success Ratio,1.0
2801,guesswhat,Qwen3.6-35B-A3B-FP8-without-reasoning,Level_2,instance_00003,Aborted,0
2802,guesswhat,Qwen3.6-35B-A3B-FP8-without-reasoning,Level_2,instance_00003,Success,0
2803,guesswhat,Qwen3.6-35B-A3B-FP8-without-reasoning,Level_2,instance_00003,Lose,1
2804,guesswhat,Qwen3.6-35B-A3B-FP8-without-reasoning,Level_2,instance_00003,Main Score,0
2805,guesswhat,Qwen3.6-35B-A3B-FP8-without-reasoning,Level_2,instance_00003,Invalid format guesser response,0
2806,guesswhat,Qwen3.6-35B-A3B-FP8-without-reasoning,Level_2,instance_00003,Invalid format answerer response,0
2807,guesswhat,Qwen3.6-35B-A3B-FP8-without-reasoning,Level_2,instance_00003,Invalid content guesser response,0
2808,guesswhat,Qwen3.6-35B-A3B-FP8-without-reasoning,Level_2,instance_00003,Invalid content answerer response,0
2809,guesswhat,Qwen3.6-35B-A3B-FP8-without-reasoning,Level_2,instance_00004,Violated Request Count,0
2810,guesswhat,Qwen3.6-35B-A3B-FP8-without-reasoning,Level_2,instance_00004,Parsed Request Count,7
2811,guesswhat,Qwen3.6-35B-A3B-FP8-without-reasoning,Level_2,instance_00004,Request Count,7
2812,guesswhat,Qwen3.6-35B-A3B-FP8-without-reasoning,Level_2,instance_00004,Request Success Ratio,1.0
2813,guesswhat,Qwen3.6-35B-A3B-FP8-without-reasoning,Level_2,instance_00004,Aborted,0
2814,guesswhat,Qwen3.6-35B-A3B-FP8-without-reasoning,Level_2,instance_00004,Success,1
2815,guesswhat,Qwen3.6-35B-A3B-FP8-without-reasoning,Level_2,instance_00004,Lose,0
2816,guesswhat,Qwen3.6-35B-A3B-FP8-without-reasoning,Level_2,instance_00004,Speed,33.333333333333336
2817,guesswhat,Qwen3.6-35B-A3B-FP8-without-reasoning,Level_2,instance_00004,Main Score,33.333333333333336
2818,guesswhat,Qwen3.6-35B-A3B-FP8-without-reasoning,Level_2,instance_00004,Invalid format guesser response,0
2819,guesswhat,Qwen3.6-35B-A3B-FP8-without-reasoning,Level_2,instance_00004,Invalid format answerer response,0
2820,guesswhat,Qwen3.6-35B-A3B-FP8-without-reasoning,Level_2,instance_00004,Invalid content guesser response,0
2821,guesswhat,Qwen3.6-35B-A3B-FP8-without-reasoning,Level_2,instance_00004,Invalid content answerer response,0
2822,guesswhat,Qwen3.6-35B-A3B-FP8-without-reasoning,Level_2,instance_00008,Violated Request Count,0
2823,guesswhat,Qwen3.6-35B-A3B-FP8-without-reasoning,Level_2,instance_00008,Parsed Request Count,7
2824,guesswhat,Qwen3.6-35B-A3B-FP8-without-reasoning,Level_2,instance_00008,Request Count,7
2825,guesswhat,Qwen3.6-35B-A3B-FP8-without-reasoning,Level_2,instance_00008,Request Success Ratio,1.0
2826,guesswhat,Qwen3.6-35B-A3B-FP8-without-reasoning,Level_2,instance_00008,Aborted,0
2827,guesswhat,Qwen3.6-35B-A3B-FP8-without-reasoning,Level_2,instance_00008,Success,0
2828,guesswhat,Qwen3.6-35B-A3B-FP8-without-reasoning,Level_2,instance_00008,Lose,1
2829,guesswhat,Qwen3.6-35B-A3B-FP8-without-reasoning,Level_2,instance_00008,Main Score,0
2830,guesswhat,Qwen3.6-35B-A3B-FP8-without-reasoning,Level_2,instance_00008,Invalid format guesser response,0
2831,guesswhat,Qwen3.6-35B-A3B-FP8-without-reasoning,Level_2,instance_00008,Invalid format answerer response,0
2832,guesswhat,Qwen3.6-35B-A3B-FP8-without-reasoning,Level_2,instance_00008,Invalid content guesser response,0
2833,guesswhat,Qwen3.6-35B-A3B-FP8-without-reasoning,Level_2,instance_00008,Invalid content answerer response,0
2834,guesswhat,Qwen3.6-35B-A3B-FP8-without-reasoning,Level_2,instance_00001,Violated Request Count,0
2835,guesswhat,Qwen3.6-35B-A3B-FP8-without-reasoning,Level_2,instance_00001,Parsed Request Count,4
2836,guesswhat,Qwen3.6-35B-A3B-FP8-without-reasoning,Level_2,instance_00001,Request Count,4
2837,guesswhat,Qwen3.6-35B-A3B-FP8-without-reasoning,Level_2,instance_00001,Request Success Ratio,1.0
2838,guesswhat,Qwen3.6-35B-A3B-FP8-without-reasoning,Level_2,instance_00001,Aborted,0
2839,guesswhat,Qwen3.6-35B-A3B-FP8-without-reasoning,Level_2,instance_00001,Success,1
2840,guesswhat,Qwen3.6-35B-A3B-FP8-without-reasoning,Level_2,instance_00001,Lose,0
2841,guesswhat,Qwen3.6-35B-A3B-FP8-without-reasoning,Level_2,instance_00001,Speed,100
2842,guesswhat,Qwen3.6-35B-A3B-FP8-without-reasoning,Level_2,instance_00001,Main Score,100
2843,guesswhat,Qwen3.6-35B-A3B-FP8-without-reasoning,Level_2,instance_00001,Invalid format guesser response,0
2844,guesswhat,Qwen3.6-35B-A3B-FP8-without-reasoning,Level_2,instance_00001,Invalid format answerer response,0
2845,guesswhat,Qwen3.6-35B-A3B-FP8-without-reasoning,Level_2,instance_00001,Invalid content guesser response,0
2846,guesswhat,Qwen3.6-35B-A3B-FP8-without-reasoning,Level_2,instance_00001,Invalid content answerer response,0
2847,guesswhat,Qwen3.6-35B-A3B-FP8-without-reasoning,Level_2,instance_00006,Violated Request Count,0
2848,guesswhat,Qwen3.6-35B-A3B-FP8-without-reasoning,Level_2,instance_00006,Parsed Request Count,6
2849,guesswhat,Qwen3.6-35B-A3B-FP8-without-reasoning,Level_2,instance_00006,Request Count,6
2850,guesswhat,Qwen3.6-35B-A3B-FP8-without-reasoning,Level_2,instance_00006,Request Success Ratio,1.0
2851,guesswhat,Qwen3.6-35B-A3B-FP8-without-reasoning,Level_2,instance_00006,Aborted,0
2852,guesswhat,Qwen3.6-35B-A3B-FP8-without-reasoning,Level_2,instance_00006,Success,1
2853,guesswhat,Qwen3.6-35B-A3B-FP8-without-reasoning,Level_2,instance_00006,Lose,0
2854,guesswhat,Qwen3.6-35B-A3B-FP8-without-reasoning,Level_2,instance_00006,Speed,66.66666666666667
2855,guesswhat,Qwen3.6-35B-A3B-FP8-without-reasoning,Level_2,instance_00006,Main Score,66.66666666666667
2856,guesswhat,Qwen3.6-35B-A3B-FP8-without-reasoning,Level_2,instance_00006,Invalid format guesser response,0
2857,guesswhat,Qwen3.6-35B-A3B-FP8-without-reasoning,Level_2,instance_00006,Invalid format answerer response,0
2858,guesswhat,Qwen3.6-35B-A3B-FP8-without-reasoning,Level_2,instance_00006,Invalid content guesser response,0
2859,guesswhat,Qwen3.6-35B-A3B-FP8-without-reasoning,Level_2,instance_00006,Invalid content answerer response,0
2860,guesswhat,Qwen3.6-35B-A3B-FP8-without-reasoning,Level_2,instance_00007,Violated Request Count,0
2861,guesswhat,Qwen3.6-35B-A3B-FP8-without-reasoning,Level_2,instance_00007,Parsed Request Count,5
2862,guesswhat,Qwen3.6-35B-A3B-FP8-without-reasoning,Level_2,instance_00007,Request Count,5
2863,guesswhat,Qwen3.6-35B-A3B-FP8-without-reasoning,Level_2,instance_00007,Request Success Ratio,1.0
2864,guesswhat,Qwen3.6-35B-A3B-FP8-without-reasoning,Level_2,instance_00007,Aborted,0
2865,guesswhat,Qwen3.6-35B-A3B-FP8-without-reasoning,Level_2,instance_00007,Success,1
2866,guesswhat,Qwen3.6-35B-A3B-FP8-without-reasoning,Level_2,instance_00007,Lose,0
2867,guesswhat,Qwen3.6-35B-A3B-FP8-without-reasoning,Level_2,instance_00007,Speed,100
2868,guesswhat,Qwen3.6-35B-A3B-FP8-without-reasoning,Level_2,instance_00007,Main Score,100
2869,guesswhat,Qwen3.6-35B-A3B-FP8-without-reasoning,Level_2,instance_00007,Invalid format guesser response,0
2870,guesswhat,Qwen3.6-35B-A3B-FP8-without-reasoning,Level_2,instance_00007,Invalid format answerer response,0
2871,guesswhat,Qwen3.6-35B-A3B-FP8-without-reasoning,Level_2,instance_00007,Invalid content guesser response,0
2872,guesswhat,Qwen3.6-35B-A3B-FP8-without-reasoning,Level_2,instance_00007,Invalid content answerer response,0
2873,guesswhat,Qwen3.6-35B-A3B-FP8-without-reasoning,Level_2,instance_00000,Violated Request Count,0
2874,guesswhat,Qwen3.6-35B-A3B-FP8-without-reasoning,Level_2,instance_00000,Parsed Request Count,5
2875,guesswhat,Qwen3.6-35B-A3B-FP8-without-reasoning,Level_2,instance_00000,Request Count,5
2876,guesswhat,Qwen3.6-35B-A3B-FP8-without-reasoning,Level_2,instance_00000,Request Success Ratio,1.0
2877,guesswhat,Qwen3.6-35B-A3B-FP8-without-reasoning,Level_2,instance_00000,Aborted,0
2878,guesswhat,Qwen3.6-35B-A3B-FP8-without-reasoning,Level_2,instance_00000,Success,1
2879,guesswhat,Qwen3.6-35B-A3B-FP8-without-reasoning,Level_2,instance_00000,Lose,0
2880,guesswhat,Qwen3.6-35B-A3B-FP8-without-reasoning,Level_2,instance_00000,Speed,100
2881,guesswhat,Qwen3.6-35B-A3B-FP8-without-reasoning,Level_2,instance_00000,Main Score,100
2882,guesswhat,Qwen3.6-35B-A3B-FP8-without-reasoning,Level_2,instance_00000,Invalid format guesser response,0
2883,guesswhat,Qwen3.6-35B-A3B-FP8-without-reasoning,Level_2,instance_00000,Invalid format answerer response,0
2884,guesswhat,Qwen3.6-35B-A3B-FP8-without-reasoning,Level_2,instance_00000,Invalid content guesser response,0
2885,guesswhat,Qwen3.6-35B-A3B-FP8-without-reasoning,Level_2,instance_00000,Invalid content answerer response,0
2886,guesswhat,Qwen3.6-35B-A3B-FP8-without-reasoning,Level_2,instance_00009,Violated Request Count,0
2887,guesswhat,Qwen3.6-35B-A3B-FP8-without-reasoning,Level_2,instance_00009,Parsed Request Count,6
2888,guesswhat,Qwen3.6-35B-A3B-FP8-without-reasoning,Level_2,instance_00009,Request Count,6
2889,guesswhat,Qwen3.6-35B-A3B-FP8-without-reasoning,Level_2,instance_00009,Request Success Ratio,1.0
2890,guesswhat,Qwen3.6-35B-A3B-FP8-without-reasoning,Level_2,instance_00009,Aborted,0
2891,guesswhat,Qwen3.6-35B-A3B-FP8-without-reasoning,Level_2,instance_00009,Success,1
2892,guesswhat,Qwen3.6-35B-A3B-FP8-without-reasoning,Level_2,instance_00009,Lose,0
2893,guesswhat,Qwen3.6-35B-A3B-FP8-without-reasoning,Level_2,instance_00009,Speed,66.66666666666667
2894,guesswhat,Qwen3.6-35B-A3B-FP8-without-reasoning,Level_2,instance_00009,Main Score,66.66666666666667
2895,guesswhat,Qwen3.6-35B-A3B-FP8-without-reasoning,Level_2,instance_00009,Invalid format guesser response,0
2896,guesswhat,Qwen3.6-35B-A3B-FP8-without-reasoning,Level_2,instance_00009,Invalid format answerer response,0
2897,guesswhat,Qwen3.6-35B-A3B-FP8-without-reasoning,Level_2,instance_00009,Invalid content guesser response,0
2898,guesswhat,Qwen3.6-35B-A3B-FP8-without-reasoning,Level_2,instance_00009,Invalid content answerer response,0
2899,guesswhat,Qwen3.6-35B-A3B-FP8-without-reasoning,Level_1,instance_00005,Violated Request Count,0
2900,guesswhat,Qwen3.6-35B-A3B-FP8-without-reasoning,Level_1,instance_00005,Parsed Request Count,7
2901,guesswhat,Qwen3.6-35B-A3B-FP8-without-reasoning,Level_1,instance_00005,Request Count,7
2902,guesswhat,Qwen3.6-35B-A3B-FP8-without-reasoning,Level_1,instance_00005,Request Success Ratio,1.0
2903,guesswhat,Qwen3.6-35B-A3B-FP8-without-reasoning,Level_1,instance_00005,Aborted,0
2904,guesswhat,Qwen3.6-35B-A3B-FP8-without-reasoning,Level_1,instance_00005,Success,1
2905,guesswhat,Qwen3.6-35B-A3B-FP8-without-reasoning,Level_1,instance_00005,Lose,0
2906,guesswhat,Qwen3.6-35B-A3B-FP8-without-reasoning,Level_1,instance_00005,Speed,33.333333333333336
2907,guesswhat,Qwen3.6-35B-A3B-FP8-without-reasoning,Level_1,instance_00005,Main Score,33.333333333333336
2908,guesswhat,Qwen3.6-35B-A3B-FP8-without-reasoning,Level_1,instance_00005,Invalid format guesser response,0
2909,guesswhat,Qwen3.6-35B-A3B-FP8-without-reasoning,Level_1,instance_00005,Invalid format answerer response,0
2910,guesswhat,Qwen3.6-35B-A3B-FP8-without-reasoning,Level_1,instance_00005,Invalid content guesser response,0
2911,guesswhat,Qwen3.6-35B-A3B-FP8-without-reasoning,Level_1,instance_00005,Invalid content answerer response,0
2912,guesswhat,Qwen3.6-35B-A3B-FP8-without-reasoning,Level_1,instance_00002,Violated Request Count,0
2913,guesswhat,Qwen3.6-35B-A3B-FP8-without-reasoning,Level_1,instance_00002,Parsed Request Count,4
2914,guesswhat,Qwen3.6-35B-A3B-FP8-without-reasoning,Level_1,instance_00002,Request Count,4
2915,guesswhat,Qwen3.6-35B-A3B-FP8-without-reasoning,Level_1,instance_00002,Request Success Ratio,1.0
2916,guesswhat,Qwen3.6-35B-A3B-FP8-without-reasoning,Level_1,instance_00002,Aborted,0
2917,guesswhat,Qwen3.6-35B-A3B-FP8-without-reasoning,Level_1,instance_00002,Success,1
2918,guesswhat,Qwen3.6-35B-A3B-FP8-without-reasoning,Level_1,instance_00002,Lose,0
2919,guesswhat,Qwen3.6-35B-A3B-FP8-without-reasoning,Level_1,instance_00002,Speed,100
2920,guesswhat,Qwen3.6-35B-A3B-FP8-without-reasoning,Level_1,instance_00002,Main Score,100
2921,guesswhat,Qwen3.6-35B-A3B-FP8-without-reasoning,Level_1,instance_00002,Invalid format guesser response,0
2922,guesswhat,Qwen3.6-35B-A3B-FP8-without-reasoning,Level_1,instance_00002,Invalid format answerer response,0
2923,guesswhat,Qwen3.6-35B-A3B-FP8-without-reasoning,Level_1,instance_00002,Invalid content guesser response,0
2924,guesswhat,Qwen3.6-35B-A3B-FP8-without-reasoning,Level_1,instance_00002,Invalid content answerer response,0
2925,guesswhat,Qwen3.6-35B-A3B-FP8-without-reasoning,Level_1,instance_00003,Violated Request Count,0
2926,guesswhat,Qwen3.6-35B-A3B-FP8-without-reasoning,Level_1,instance_00003,Parsed Request Count,7
2927,guesswhat,Qwen3.6-35B-A3B-FP8-without-reasoning,Level_1,instance_00003,Request Count,7
2928,guesswhat,Qwen3.6-35B-A3B-FP8-without-reasoning,Level_1,instance_00003,Request Success Ratio,1.0
2929,guesswhat,Qwen3.6-35B-A3B-FP8-without-reasoning,Level_1,instance_00003,Aborted,0
2930,guesswhat,Qwen3.6-35B-A3B-FP8-without-reasoning,Level_1,instance_00003,Success,1
2931,guesswhat,Qwen3.6-35B-A3B-FP8-without-reasoning,Level_1,instance_00003,Lose,0
2932,guesswhat,Qwen3.6-35B-A3B-FP8-without-reasoning,Level_1,instance_00003,Speed,33.333333333333336
2933,guesswhat,Qwen3.6-35B-A3B-FP8-without-reasoning,Level_1,instance_00003,Main Score,33.333333333333336
2934,guesswhat,Qwen3.6-35B-A3B-FP8-without-reasoning,Level_1,instance_00003,Invalid format guesser response,0
2935,guesswhat,Qwen3.6-35B-A3B-FP8-without-reasoning,Level_1,instance_00003,Invalid format answerer response,0
2936,guesswhat,Qwen3.6-35B-A3B-FP8-without-reasoning,Level_1,instance_00003,Invalid content guesser response,0
2937,guesswhat,Qwen3.6-35B-A3B-FP8-without-reasoning,Level_1,instance_00003,Invalid content answerer response,0
2938,guesswhat,Qwen3.6-35B-A3B-FP8-without-reasoning,Level_1,instance_00004,Violated Request Count,0
2939,guesswhat,Qwen3.6-35B-A3B-FP8-without-reasoning,Level_1,instance_00004,Parsed Request Count,7
2940,guesswhat,Qwen3.6-35B-A3B-FP8-without-reasoning,Level_1,instance_00004,Request Count,7
2941,guesswhat,Qwen3.6-35B-A3B-FP8-without-reasoning,Level_1,instance_00004,Request Success Ratio,1.0
2942,guesswhat,Qwen3.6-35B-A3B-FP8-without-reasoning,Level_1,instance_00004,Aborted,0
2943,guesswhat,Qwen3.6-35B-A3B-FP8-without-reasoning,Level_1,instance_00004,Success,1
2944,guesswhat,Qwen3.6-35B-A3B-FP8-without-reasoning,Level_1,instance_00004,Lose,0
2945,guesswhat,Qwen3.6-35B-A3B-FP8-without-reasoning,Level_1,instance_00004,Speed,33.333333333333336
2946,guesswhat,Qwen3.6-35B-A3B-FP8-without-reasoning,Level_1,instance_00004,Main Score,33.333333333333336
2947,guesswhat,Qwen3.6-35B-A3B-FP8-without-reasoning,Level_1,instance_00004,Invalid format guesser response,0
2948,guesswhat,Qwen3.6-35B-A3B-FP8-without-reasoning,Level_1,instance_00004,Invalid format answerer response,0
2949,guesswhat,Qwen3.6-35B-A3B-FP8-without-reasoning,Level_1,instance_00004,Invalid content guesser response,0
2950,guesswhat,Qwen3.6-35B-A3B-FP8-without-reasoning,Level_1,instance_00004,Invalid content answerer response,0
2951,guesswhat,Qwen3.6-35B-A3B-FP8-without-reasoning,Level_1,instance_00008,Violated Request Count,0
2952,guesswhat,Qwen3.6-35B-A3B-FP8-without-reasoning,Level_1,instance_00008,Parsed Request Count,4
2953,guesswhat,Qwen3.6-35B-A3B-FP8-without-reasoning,Level_1,instance_00008,Request Count,4
2954,guesswhat,Qwen3.6-35B-A3B-FP8-without-reasoning,Level_1,instance_00008,Request Success Ratio,1.0
2955,guesswhat,Qwen3.6-35B-A3B-FP8-without-reasoning,Level_1,instance_00008,Aborted,0
2956,guesswhat,Qwen3.6-35B-A3B-FP8-without-reasoning,Level_1,instance_00008,Success,1
2957,guesswhat,Qwen3.6-35B-A3B-FP8-without-reasoning,Level_1,instance_00008,Lose,0
2958,guesswhat,Qwen3.6-35B-A3B-FP8-without-reasoning,Level_1,instance_00008,Speed,100
2959,guesswhat,Qwen3.6-35B-A3B-FP8-without-reasoning,Level_1,instance_00008,Main Score,100
2960,guesswhat,Qwen3.6-35B-A3B-FP8-without-reasoning,Level_1,instance_00008,Invalid format guesser response,0
2961,guesswhat,Qwen3.6-35B-A3B-FP8-without-reasoning,Level_1,instance_00008,Invalid format answerer response,0
2962,guesswhat,Qwen3.6-35B-A3B-FP8-without-reasoning,Level_1,instance_00008,Invalid content guesser response,0
2963,guesswhat,Qwen3.6-35B-A3B-FP8-without-reasoning,Level_1,instance_00008,Invalid content answerer response,0
2964,guesswhat,Qwen3.6-35B-A3B-FP8-without-reasoning,Level_1,instance_00001,Violated Request Count,0
2965,guesswhat,Qwen3.6-35B-A3B-FP8-without-reasoning,Level_1,instance_00001,Parsed Request Count,7
2966,guesswhat,Qwen3.6-35B-A3B-FP8-without-reasoning,Level_1,instance_00001,Request Count,7
2967,guesswhat,Qwen3.6-35B-A3B-FP8-without-reasoning,Level_1,instance_00001,Request Success Ratio,1.0
2968,guesswhat,Qwen3.6-35B-A3B-FP8-without-reasoning,Level_1,instance_00001,Aborted,0
2969,guesswhat,Qwen3.6-35B-A3B-FP8-without-reasoning,Level_1,instance_00001,Success,0
2970,guesswhat,Qwen3.6-35B-A3B-FP8-without-reasoning,Level_1,instance_00001,Lose,1
2971,guesswhat,Qwen3.6-35B-A3B-FP8-without-reasoning,Level_1,instance_00001,Main Score,0
2972,guesswhat,Qwen3.6-35B-A3B-FP8-without-reasoning,Level_1,instance_00001,Invalid format guesser response,0
2973,guesswhat,Qwen3.6-35B-A3B-FP8-without-reasoning,Level_1,instance_00001,Invalid format answerer response,0
2974,guesswhat,Qwen3.6-35B-A3B-FP8-without-reasoning,Level_1,instance_00001,Invalid content guesser response,0
2975,guesswhat,Qwen3.6-35B-A3B-FP8-without-reasoning,Level_1,instance_00001,Invalid content answerer response,0
2976,guesswhat,Qwen3.6-35B-A3B-FP8-without-reasoning,Level_1,instance_00006,Violated Request Count,0
2977,guesswhat,Qwen3.6-35B-A3B-FP8-without-reasoning,Level_1,instance_00006,Parsed Request Count,6
2978,guesswhat,Qwen3.6-35B-A3B-FP8-without-reasoning,Level_1,instance_00006,Request Count,6
2979,guesswhat,Qwen3.6-35B-A3B-FP8-without-reasoning,Level_1,instance_00006,Request Success Ratio,1.0
2980,guesswhat,Qwen3.6-35B-A3B-FP8-without-reasoning,Level_1,instance_00006,Aborted,0
2981,guesswhat,Qwen3.6-35B-A3B-FP8-without-reasoning,Level_1,instance_00006,Success,1
2982,guesswhat,Qwen3.6-35B-A3B-FP8-without-reasoning,Level_1,instance_00006,Lose,0
2983,guesswhat,Qwen3.6-35B-A3B-FP8-without-reasoning,Level_1,instance_00006,Speed,66.66666666666667
2984,guesswhat,Qwen3.6-35B-A3B-FP8-without-reasoning,Level_1,instance_00006,Main Score,66.66666666666667
2985,guesswhat,Qwen3.6-35B-A3B-FP8-without-reasoning,Level_1,instance_00006,Invalid format guesser response,0
2986,guesswhat,Qwen3.6-35B-A3B-FP8-without-reasoning,Level_1,instance_00006,Invalid format answerer response,0
2987,guesswhat,Qwen3.6-35B-A3B-FP8-without-reasoning,Level_1,instance_00006,Invalid content guesser response,0
2988,guesswhat,Qwen3.6-35B-A3B-FP8-without-reasoning,Level_1,instance_00006,Invalid content answerer response,0
2989,guesswhat,Qwen3.6-35B-A3B-FP8-without-reasoning,Level_1,instance_00007,Violated Request Count,0
2990,guesswhat,Qwen3.6-35B-A3B-FP8-without-reasoning,Level_1,instance_00007,Parsed Request Count,7
2991,guesswhat,Qwen3.6-35B-A3B-FP8-without-reasoning,Level_1,instance_00007,Request Count,7
2992,guesswhat,Qwen3.6-35B-A3B-FP8-without-reasoning,Level_1,instance_00007,Request Success Ratio,1.0
2993,guesswhat,Qwen3.6-35B-A3B-FP8-without-reasoning,Level_1,instance_00007,Aborted,0
2994,guesswhat,Qwen3.6-35B-A3B-FP8-without-reasoning,Level_1,instance_00007,Success,0
2995,guesswhat,Qwen3.6-35B-A3B-FP8-without-reasoning,Level_1,instance_00007,Lose,1
2996,guesswhat,Qwen3.6-35B-A3B-FP8-without-reasoning,Level_1,instance_00007,Main Score,0
2997,guesswhat,Qwen3.6-35B-A3B-FP8-without-reasoning,Level_1,instance_00007,Invalid format guesser response,0
2998,guesswhat,Qwen3.6-35B-A3B-FP8-without-reasoning,Level_1,instance_00007,Invalid format answerer response,0
2999,guesswhat,Qwen3.6-35B-A3B-FP8-without-reasoning,Level_1,instance_00007,Invalid content guesser response,0
3000,guesswhat,Qwen3.6-35B-A3B-FP8-without-reasoning,Level_1,instance_00007,Invalid content answerer response,0
3001,guesswhat,Qwen3.6-35B-A3B-FP8-without-reasoning,Level_1,instance_00000,Violated Request Count,0
3002,guesswhat,Qwen3.6-35B-A3B-FP8-without-reasoning,Level_1,instance_00000,Parsed Request Count,6
3003,guesswhat,Qwen3.6-35B-A3B-FP8-without-reasoning,Level_1,instance_00000,Request Count,6
3004,guesswhat,Qwen3.6-35B-A3B-FP8-without-reasoning,Level_1,instance_00000,Request Success Ratio,1.0
3005,guesswhat,Qwen3.6-35B-A3B-FP8-without-reasoning,Level_1,instance_00000,Aborted,0
3006,guesswhat,Qwen3.6-35B-A3B-FP8-without-reasoning,Level_1,instance_00000,Success,0
3007,guesswhat,Qwen3.6-35B-A3B-FP8-without-reasoning,Level_1,instance_00000,Lose,1
3008,guesswhat,Qwen3.6-35B-A3B-FP8-without-reasoning,Level_1,instance_00000,Main Score,0
3009,guesswhat,Qwen3.6-35B-A3B-FP8-without-reasoning,Level_1,instance_00000,Invalid format guesser response,0
3010,guesswhat,Qwen3.6-35B-A3B-FP8-without-reasoning,Level_1,instance_00000,Invalid format answerer response,0
3011,guesswhat,Qwen3.6-35B-A3B-FP8-without-reasoning,Level_1,instance_00000,Invalid content guesser response,0
3012,guesswhat,Qwen3.6-35B-A3B-FP8-without-reasoning,Level_1,instance_00000,Invalid content answerer response,0
3013,guesswhat,Qwen3.6-35B-A3B-FP8-without-reasoning,Level_1,instance_00009,Violated Request Count,0
3014,guesswhat,Qwen3.6-35B-A3B-FP8-without-reasoning,Level_1,instance_00009,Parsed Request Count,5
3015,guesswhat,Qwen3.6-35B-A3B-FP8-without-reasoning,Level_1,instance_00009,Request Count,5
3016,guesswhat,Qwen3.6-35B-A3B-FP8-without-reasoning,Level_1,instance_00009,Request Success Ratio,1.0
3017,guesswhat,Qwen3.6-35B-A3B-FP8-without-reasoning,Level_1,instance_00009,Aborted,0
3018,guesswhat,Qwen3.6-35B-A3B-FP8-without-reasoning,Level_1,instance_00009,Success,1
3019,guesswhat,Qwen3.6-35B-A3B-FP8-without-reasoning,Level_1,instance_00009,Lose,0
3020,guesswhat,Qwen3.6-35B-A3B-FP8-without-reasoning,Level_1,instance_00009,Speed,100
3021,guesswhat,Qwen3.6-35B-A3B-FP8-without-reasoning,Level_1,instance_00009,Main Score,100
3022,guesswhat,Qwen3.6-35B-A3B-FP8-without-reasoning,Level_1,instance_00009,Invalid format guesser response,0
3023,guesswhat,Qwen3.6-35B-A3B-FP8-without-reasoning,Level_1,instance_00009,Invalid format answerer response,0
3024,guesswhat,Qwen3.6-35B-A3B-FP8-without-reasoning,Level_1,instance_00009,Invalid content guesser response,0
3025,guesswhat,Qwen3.6-35B-A3B-FP8-without-reasoning,Level_1,instance_00009,Invalid content answerer response,0
3026,textmapworld_graphreasoning,Qwen3.6-35B-A3B-FP8-without-reasoning,large,instance_00028,Success,0
3027,textmapworld_graphreasoning,Qwen3.6-35B-A3B-FP8-without-reasoning,large,instance_00028,Aborted,0
3028,textmapworld_graphreasoning,Qwen3.6-35B-A3B-FP8-without-reasoning,large,instance_00028,Lose,1
3029,textmapworld_graphreasoning,Qwen3.6-35B-A3B-FP8-without-reasoning,large,instance_00028,moves,8
3030,textmapworld_graphreasoning,Qwen3.6-35B-A3B-FP8-without-reasoning,large,instance_00028,valid_moves,8
3031,textmapworld_graphreasoning,Qwen3.6-35B-A3B-FP8-without-reasoning,large,instance_00028,invalid_moves,0
3032,textmapworld_graphreasoning,Qwen3.6-35B-A3B-FP8-without-reasoning,large,instance_00028,stopped,1
3033,textmapworld_graphreasoning,Qwen3.6-35B-A3B-FP8-without-reasoning,large,instance_00028,turns_limit,0
3034,textmapworld_graphreasoning,Qwen3.6-35B-A3B-FP8-without-reasoning,large,instance_00028,loops,3
3035,textmapworld_graphreasoning,Qwen3.6-35B-A3B-FP8-without-reasoning,large,instance_00028,number_visited,5
3036,textmapworld_graphreasoning,Qwen3.6-35B-A3B-FP8-without-reasoning,large,instance_00028,seen,6
3037,textmapworld_graphreasoning,Qwen3.6-35B-A3B-FP8-without-reasoning,large,instance_00028,efficiency,75.0
3038,textmapworld_graphreasoning,Qwen3.6-35B-A3B-FP8-without-reasoning,large,instance_00028,exploration,62.5
3039,textmapworld_graphreasoning,Qwen3.6-35B-A3B-FP8-without-reasoning,large,instance_00028,graph_similarity,0
3040,textmapworld_graphreasoning,Qwen3.6-35B-A3B-FP8-without-reasoning,large,instance_00028,Main Score,68.18181818181819
3041,textmapworld_graphreasoning,Qwen3.6-35B-A3B-FP8-without-reasoning,large,instance_00026,Success,0
3042,textmapworld_graphreasoning,Qwen3.6-35B-A3B-FP8-without-reasoning,large,instance_00026,Aborted,0
3043,textmapworld_graphreasoning,Qwen3.6-35B-A3B-FP8-without-reasoning,large,instance_00026,Lose,1
3044,textmapworld_graphreasoning,Qwen3.6-35B-A3B-FP8-without-reasoning,large,instance_00026,moves,6
3045,textmapworld_graphreasoning,Qwen3.6-35B-A3B-FP8-without-reasoning,large,instance_00026,valid_moves,6
3046,textmapworld_graphreasoning,Qwen3.6-35B-A3B-FP8-without-reasoning,large,instance_00026,invalid_moves,0
3047,textmapworld_graphreasoning,Qwen3.6-35B-A3B-FP8-without-reasoning,large,instance_00026,stopped,1
3048,textmapworld_graphreasoning,Qwen3.6-35B-A3B-FP8-without-reasoning,large,instance_00026,turns_limit,0
3049,textmapworld_graphreasoning,Qwen3.6-35B-A3B-FP8-without-reasoning,large,instance_00026,loops,0
3050,textmapworld_graphreasoning,Qwen3.6-35B-A3B-FP8-without-reasoning,large,instance_00026,number_visited,4
3051,textmapworld_graphreasoning,Qwen3.6-35B-A3B-FP8-without-reasoning,large,instance_00026,seen,5
3052,textmapworld_graphreasoning,Qwen3.6-35B-A3B-FP8-without-reasoning,large,instance_00026,efficiency,66.66666666666666
3053,textmapworld_graphreasoning,Qwen3.6-35B-A3B-FP8-without-reasoning,large,instance_00026,exploration,50.0
3054,textmapworld_graphreasoning,Qwen3.6-35B-A3B-FP8-without-reasoning,large,instance_00026,graph_similarity,0
3055,textmapworld_graphreasoning,Qwen3.6-35B-A3B-FP8-without-reasoning,large,instance_00026,Main Score,57.14285714285714
3056,textmapworld_graphreasoning,Qwen3.6-35B-A3B-FP8-without-reasoning,large,instance_00021,Success,0
3057,textmapworld_graphreasoning,Qwen3.6-35B-A3B-FP8-without-reasoning,large,instance_00021,Aborted,0
3058,textmapworld_graphreasoning,Qwen3.6-35B-A3B-FP8-without-reasoning,large,instance_00021,Lose,1
3059,textmapworld_graphreasoning,Qwen3.6-35B-A3B-FP8-without-reasoning,large,instance_00021,moves,8
3060,textmapworld_graphreasoning,Qwen3.6-35B-A3B-FP8-without-reasoning,large,instance_00021,valid_moves,8
3061,textmapworld_graphreasoning,Qwen3.6-35B-A3B-FP8-without-reasoning,large,instance_00021,invalid_moves,0
3062,textmapworld_graphreasoning,Qwen3.6-35B-A3B-FP8-without-reasoning,large,instance_00021,stopped,1
3063,textmapworld_graphreasoning,Qwen3.6-35B-A3B-FP8-without-reasoning,large,instance_00021,turns_limit,0
3064,textmapworld_graphreasoning,Qwen3.6-35B-A3B-FP8-without-reasoning,large,instance_00021,loops,0
3065,textmapworld_graphreasoning,Qwen3.6-35B-A3B-FP8-without-reasoning,large,instance_00021,number_visited,5
3066,textmapworld_graphreasoning,Qwen3.6-35B-A3B-FP8-without-reasoning,large,instance_00021,seen,6
3067,textmapworld_graphreasoning,Qwen3.6-35B-A3B-FP8-without-reasoning,large,instance_00021,efficiency,87.5
3068,textmapworld_graphreasoning,Qwen3.6-35B-A3B-FP8-without-reasoning,large,instance_00021,exploration,62.5
3069,textmapworld_graphreasoning,Qwen3.6-35B-A3B-FP8-without-reasoning,large,instance_00021,graph_similarity,0
3070,textmapworld_graphreasoning,Qwen3.6-35B-A3B-FP8-without-reasoning,large,instance_00021,Main Score,72.91666666666667
3071,textmapworld_graphreasoning,Qwen3.6-35B-A3B-FP8-without-reasoning,large,instance_00020,Aborted,1
3072,textmapworld_graphreasoning,Qwen3.6-35B-A3B-FP8-without-reasoning,large,instance_00020,Success,0
3073,textmapworld_graphreasoning,Qwen3.6-35B-A3B-FP8-without-reasoning,large,instance_00020,Lose,0
3074,textmapworld_graphreasoning,Qwen3.6-35B-A3B-FP8-without-reasoning,large,instance_00020,moves,
3075,textmapworld_graphreasoning,Qwen3.6-35B-A3B-FP8-without-reasoning,large,instance_00020,valid_moves,
3076,textmapworld_graphreasoning,Qwen3.6-35B-A3B-FP8-without-reasoning,large,instance_00020,invalid_moves,
3077,textmapworld_graphreasoning,Qwen3.6-35B-A3B-FP8-without-reasoning,large,instance_00020,stopped,
3078,textmapworld_graphreasoning,Qwen3.6-35B-A3B-FP8-without-reasoning,large,instance_00020,turns_limit,
3079,textmapworld_graphreasoning,Qwen3.6-35B-A3B-FP8-without-reasoning,large,instance_00020,loops,
3080,textmapworld_graphreasoning,Qwen3.6-35B-A3B-FP8-without-reasoning,large,instance_00020,number_visited,
3081,textmapworld_graphreasoning,Qwen3.6-35B-A3B-FP8-without-reasoning,large,instance_00020,seen,
3082,textmapworld_graphreasoning,Qwen3.6-35B-A3B-FP8-without-reasoning,large,instance_00020,efficiency,
3083,textmapworld_graphreasoning,Qwen3.6-35B-A3B-FP8-without-reasoning,large,instance_00020,exploration,
3084,textmapworld_graphreasoning,Qwen3.6-35B-A3B-FP8-without-reasoning,large,instance_00020,graph_similarity,
3085,textmapworld_graphreasoning,Qwen3.6-35B-A3B-FP8-without-reasoning,large,instance_00020,Main Score,
3086,textmapworld_graphreasoning,Qwen3.6-35B-A3B-FP8-without-reasoning,large,instance_00027,Success,0
3087,textmapworld_graphreasoning,Qwen3.6-35B-A3B-FP8-without-reasoning,large,instance_00027,Aborted,0
3088,textmapworld_graphreasoning,Qwen3.6-35B-A3B-FP8-without-reasoning,large,instance_00027,Lose,1
3089,textmapworld_graphreasoning,Qwen3.6-35B-A3B-FP8-without-reasoning,large,instance_00027,moves,10
3090,textmapworld_graphreasoning,Qwen3.6-35B-A3B-FP8-without-reasoning,large,instance_00027,valid_moves,10
3091,textmapworld_graphreasoning,Qwen3.6-35B-A3B-FP8-without-reasoning,large,instance_00027,invalid_moves,0
3092,textmapworld_graphreasoning,Qwen3.6-35B-A3B-FP8-without-reasoning,large,instance_00027,stopped,1
3093,textmapworld_graphreasoning,Qwen3.6-35B-A3B-FP8-without-reasoning,large,instance_00027,turns_limit,0
3094,textmapworld_graphreasoning,Qwen3.6-35B-A3B-FP8-without-reasoning,large,instance_00027,loops,0
3095,textmapworld_graphreasoning,Qwen3.6-35B-A3B-FP8-without-reasoning,large,instance_00027,number_visited,5
3096,textmapworld_graphreasoning,Qwen3.6-35B-A3B-FP8-without-reasoning,large,instance_00027,seen,6
3097,textmapworld_graphreasoning,Qwen3.6-35B-A3B-FP8-without-reasoning,large,instance_00027,efficiency,60.0
3098,textmapworld_graphreasoning,Qwen3.6-35B-A3B-FP8-without-reasoning,large,instance_00027,exploration,62.5
3099,textmapworld_graphreasoning,Qwen3.6-35B-A3B-FP8-without-reasoning,large,instance_00027,graph_similarity,0
3100,textmapworld_graphreasoning,Qwen3.6-35B-A3B-FP8-without-reasoning,large,instance_00027,Main Score,61.224489795918366
3101,textmapworld_graphreasoning,Qwen3.6-35B-A3B-FP8-without-reasoning,large,instance_00029,Success,0
3102,textmapworld_graphreasoning,Qwen3.6-35B-A3B-FP8-without-reasoning,large,instance_00029,Aborted,0
3103,textmapworld_graphreasoning,Qwen3.6-35B-A3B-FP8-without-reasoning,large,instance_00029,Lose,1
3104,textmapworld_graphreasoning,Qwen3.6-35B-A3B-FP8-without-reasoning,large,instance_00029,moves,12
3105,textmapworld_graphreasoning,Qwen3.6-35B-A3B-FP8-without-reasoning,large,instance_00029,valid_moves,12
3106,textmapworld_graphreasoning,Qwen3.6-35B-A3B-FP8-without-reasoning,large,instance_00029,invalid_moves,0
3107,textmapworld_graphreasoning,Qwen3.6-35B-A3B-FP8-without-reasoning,large,instance_00029,stopped,1
3108,textmapworld_graphreasoning,Qwen3.6-35B-A3B-FP8-without-reasoning,large,instance_00029,turns_limit,0
3109,textmapworld_graphreasoning,Qwen3.6-35B-A3B-FP8-without-reasoning,large,instance_00029,loops,0
3110,textmapworld_graphreasoning,Qwen3.6-35B-A3B-FP8-without-reasoning,large,instance_00029,number_visited,4
3111,textmapworld_graphreasoning,Qwen3.6-35B-A3B-FP8-without-reasoning,large,instance_00029,seen,5
3112,textmapworld_graphreasoning,Qwen3.6-35B-A3B-FP8-without-reasoning,large,instance_00029,efficiency,66.66666666666666
3113,textmapworld_graphreasoning,Qwen3.6-35B-A3B-FP8-without-reasoning,large,instance_00029,exploration,50.0
3114,textmapworld_graphreasoning,Qwen3.6-35B-A3B-FP8-without-reasoning,large,instance_00029,graph_similarity,0
3115,textmapworld_graphreasoning,Qwen3.6-35B-A3B-FP8-without-reasoning,large,instance_00029,Main Score,57.14285714285714
3116,textmapworld_graphreasoning,Qwen3.6-35B-A3B-FP8-without-reasoning,large,instance_00022,Success,0
3117,textmapworld_graphreasoning,Qwen3.6-35B-A3B-FP8-without-reasoning,large,instance_00022,Aborted,0
3118,textmapworld_graphreasoning,Qwen3.6-35B-A3B-FP8-without-reasoning,large,instance_00022,Lose,1
3119,textmapworld_graphreasoning,Qwen3.6-35B-A3B-FP8-without-reasoning,large,instance_00022,moves,4
3120,textmapworld_graphreasoning,Qwen3.6-35B-A3B-FP8-without-reasoning,large,instance_00022,valid_moves,4
3121,textmapworld_graphreasoning,Qwen3.6-35B-A3B-FP8-without-reasoning,large,instance_00022,invalid_moves,0
3122,textmapworld_graphreasoning,Qwen3.6-35B-A3B-FP8-without-reasoning,large,instance_00022,stopped,1
3123,textmapworld_graphreasoning,Qwen3.6-35B-A3B-FP8-without-reasoning,large,instance_00022,turns_limit,0
3124,textmapworld_graphreasoning,Qwen3.6-35B-A3B-FP8-without-reasoning,large,instance_00022,loops,0
3125,textmapworld_graphreasoning,Qwen3.6-35B-A3B-FP8-without-reasoning,large,instance_00022,number_visited,3
3126,textmapworld_graphreasoning,Qwen3.6-35B-A3B-FP8-without-reasoning,large,instance_00022,seen,4
3127,textmapworld_graphreasoning,Qwen3.6-35B-A3B-FP8-without-reasoning,large,instance_00022,efficiency,50.0
3128,textmapworld_graphreasoning,Qwen3.6-35B-A3B-FP8-without-reasoning,large,instance_00022,exploration,37.5
3129,textmapworld_graphreasoning,Qwen3.6-35B-A3B-FP8-without-reasoning,large,instance_00022,graph_similarity,0
3130,textmapworld_graphreasoning,Qwen3.6-35B-A3B-FP8-without-reasoning,large,instance_00022,Main Score,42.857142857142854
3131,textmapworld_graphreasoning,Qwen3.6-35B-A3B-FP8-without-reasoning,large,instance_00025,Success,0
3132,textmapworld_graphreasoning,Qwen3.6-35B-A3B-FP8-without-reasoning,large,instance_00025,Aborted,0
3133,textmapworld_graphreasoning,Qwen3.6-35B-A3B-FP8-without-reasoning,large,instance_00025,Lose,1
3134,textmapworld_graphreasoning,Qwen3.6-35B-A3B-FP8-without-reasoning,large,instance_00025,moves,14
3135,textmapworld_graphreasoning,Qwen3.6-35B-A3B-FP8-without-reasoning,large,instance_00025,valid_moves,14
3136,textmapworld_graphreasoning,Qwen3.6-35B-A3B-FP8-without-reasoning,large,instance_00025,invalid_moves,0
3137,textmapworld_graphreasoning,Qwen3.6-35B-A3B-FP8-without-reasoning,large,instance_00025,stopped,1
3138,textmapworld_graphreasoning,Qwen3.6-35B-A3B-FP8-without-reasoning,large,instance_00025,turns_limit,0
3139,textmapworld_graphreasoning,Qwen3.6-35B-A3B-FP8-without-reasoning,large,instance_00025,loops,2
3140,textmapworld_graphreasoning,Qwen3.6-35B-A3B-FP8-without-reasoning,large,instance_00025,number_visited,7
3141,textmapworld_graphreasoning,Qwen3.6-35B-A3B-FP8-without-reasoning,large,instance_00025,seen,8
3142,textmapworld_graphreasoning,Qwen3.6-35B-A3B-FP8-without-reasoning,large,instance_00025,efficiency,71.42857142857143
3143,textmapworld_graphreasoning,Qwen3.6-35B-A3B-FP8-without-reasoning,large,instance_00025,exploration,87.5
3144,textmapworld_graphreasoning,Qwen3.6-35B-A3B-FP8-without-reasoning,large,instance_00025,graph_similarity,0
3145,textmapworld_graphreasoning,Qwen3.6-35B-A3B-FP8-without-reasoning,large,instance_00025,Main Score,78.65168539325842
3146,textmapworld_graphreasoning,Qwen3.6-35B-A3B-FP8-without-reasoning,large,instance_00024,Success,0
3147,textmapworld_graphreasoning,Qwen3.6-35B-A3B-FP8-without-reasoning,large,instance_00024,Aborted,0
3148,textmapworld_graphreasoning,Qwen3.6-35B-A3B-FP8-without-reasoning,large,instance_00024,Lose,1
3149,textmapworld_graphreasoning,Qwen3.6-35B-A3B-FP8-without-reasoning,large,instance_00024,moves,8
3150,textmapworld_graphreasoning,Qwen3.6-35B-A3B-FP8-without-reasoning,large,instance_00024,valid_moves,8
3151,textmapworld_graphreasoning,Qwen3.6-35B-A3B-FP8-without-reasoning,large,instance_00024,invalid_moves,0
3152,textmapworld_graphreasoning,Qwen3.6-35B-A3B-FP8-without-reasoning,large,instance_00024,stopped,1
3153,textmapworld_graphreasoning,Qwen3.6-35B-A3B-FP8-without-reasoning,large,instance_00024,turns_limit,0
3154,textmapworld_graphreasoning,Qwen3.6-35B-A3B-FP8-without-reasoning,large,instance_00024,loops,0
3155,textmapworld_graphreasoning,Qwen3.6-35B-A3B-FP8-without-reasoning,large,instance_00024,number_visited,5
3156,textmapworld_graphreasoning,Qwen3.6-35B-A3B-FP8-without-reasoning,large,instance_00024,seen,7
3157,textmapworld_graphreasoning,Qwen3.6-35B-A3B-FP8-without-reasoning,large,instance_00024,efficiency,50.0
3158,textmapworld_graphreasoning,Qwen3.6-35B-A3B-FP8-without-reasoning,large,instance_00024,exploration,62.5
3159,textmapworld_graphreasoning,Qwen3.6-35B-A3B-FP8-without-reasoning,large,instance_00024,graph_similarity,0
3160,textmapworld_graphreasoning,Qwen3.6-35B-A3B-FP8-without-reasoning,large,instance_00024,Main Score,55.55555555555556
3161,textmapworld_graphreasoning,Qwen3.6-35B-A3B-FP8-without-reasoning,large,instance_00023,Success,0
3162,textmapworld_graphreasoning,Qwen3.6-35B-A3B-FP8-without-reasoning,large,instance_00023,Aborted,0
3163,textmapworld_graphreasoning,Qwen3.6-35B-A3B-FP8-without-reasoning,large,instance_00023,Lose,1
3164,textmapworld_graphreasoning,Qwen3.6-35B-A3B-FP8-without-reasoning,large,instance_00023,moves,4
3165,textmapworld_graphreasoning,Qwen3.6-35B-A3B-FP8-without-reasoning,large,instance_00023,valid_moves,4
3166,textmapworld_graphreasoning,Qwen3.6-35B-A3B-FP8-without-reasoning,large,instance_00023,invalid_moves,0
3167,textmapworld_graphreasoning,Qwen3.6-35B-A3B-FP8-without-reasoning,large,instance_00023,stopped,1
3168,textmapworld_graphreasoning,Qwen3.6-35B-A3B-FP8-without-reasoning,large,instance_00023,turns_limit,0
3169,textmapworld_graphreasoning,Qwen3.6-35B-A3B-FP8-without-reasoning,large,instance_00023,loops,0
3170,textmapworld_graphreasoning,Qwen3.6-35B-A3B-FP8-without-reasoning,large,instance_00023,number_visited,5
3171,textmapworld_graphreasoning,Qwen3.6-35B-A3B-FP8-without-reasoning,large,instance_00023,seen,6
3172,textmapworld_graphreasoning,Qwen3.6-35B-A3B-FP8-without-reasoning,large,instance_00023,efficiency,75.0
3173,textmapworld_graphreasoning,Qwen3.6-35B-A3B-FP8-without-reasoning,large,instance_00023,exploration,62.5
3174,textmapworld_graphreasoning,Qwen3.6-35B-A3B-FP8-without-reasoning,large,instance_00023,graph_similarity,0
3175,textmapworld_graphreasoning,Qwen3.6-35B-A3B-FP8-without-reasoning,large,instance_00023,Main Score,68.18181818181819
3176,textmapworld_graphreasoning,Qwen3.6-35B-A3B-FP8-without-reasoning,medium,instance_00017,Success,0
3177,textmapworld_graphreasoning,Qwen3.6-35B-A3B-FP8-without-reasoning,medium,instance_00017,Aborted,0
3178,textmapworld_graphreasoning,Qwen3.6-35B-A3B-FP8-without-reasoning,medium,instance_00017,Lose,1
3179,textmapworld_graphreasoning,Qwen3.6-35B-A3B-FP8-without-reasoning,medium,instance_00017,moves,10
3180,textmapworld_graphreasoning,Qwen3.6-35B-A3B-FP8-without-reasoning,medium,instance_00017,valid_moves,10
3181,textmapworld_graphreasoning,Qwen3.6-35B-A3B-FP8-without-reasoning,medium,instance_00017,invalid_moves,0
3182,textmapworld_graphreasoning,Qwen3.6-35B-A3B-FP8-without-reasoning,medium,instance_00017,stopped,1
3183,textmapworld_graphreasoning,Qwen3.6-35B-A3B-FP8-without-reasoning,medium,instance_00017,turns_limit,0
3184,textmapworld_graphreasoning,Qwen3.6-35B-A3B-FP8-without-reasoning,medium,instance_00017,loops,1
3185,textmapworld_graphreasoning,Qwen3.6-35B-A3B-FP8-without-reasoning,medium,instance_00017,number_visited,4
3186,textmapworld_graphreasoning,Qwen3.6-35B-A3B-FP8-without-reasoning,medium,instance_00017,seen,5
3187,textmapworld_graphreasoning,Qwen3.6-35B-A3B-FP8-without-reasoning,medium,instance_00017,efficiency,60.0
3188,textmapworld_graphreasoning,Qwen3.6-35B-A3B-FP8-without-reasoning,medium,instance_00017,exploration,66.66666666666666
3189,textmapworld_graphreasoning,Qwen3.6-35B-A3B-FP8-without-reasoning,medium,instance_00017,graph_similarity,0
3190,textmapworld_graphreasoning,Qwen3.6-35B-A3B-FP8-without-reasoning,medium,instance_00017,Main Score,63.1578947368421
3191,textmapworld_graphreasoning,Qwen3.6-35B-A3B-FP8-without-reasoning,medium,instance_00010,Success,0
3192,textmapworld_graphreasoning,Qwen3.6-35B-A3B-FP8-without-reasoning,medium,instance_00010,Aborted,0
3193,textmapworld_graphreasoning,Qwen3.6-35B-A3B-FP8-without-reasoning,medium,instance_00010,Lose,1
3194,textmapworld_graphreasoning,Qwen3.6-35B-A3B-FP8-without-reasoning,medium,instance_00010,moves,6
3195,textmapworld_graphreasoning,Qwen3.6-35B-A3B-FP8-without-reasoning,medium,instance_00010,valid_moves,6
3196,textmapworld_graphreasoning,Qwen3.6-35B-A3B-FP8-without-reasoning,medium,instance_00010,invalid_moves,0
3197,textmapworld_graphreasoning,Qwen3.6-35B-A3B-FP8-without-reasoning,medium,instance_00010,stopped,1
3198,textmapworld_graphreasoning,Qwen3.6-35B-A3B-FP8-without-reasoning,medium,instance_00010,turns_limit,0
3199,textmapworld_graphreasoning,Qwen3.6-35B-A3B-FP8-without-reasoning,medium,instance_00010,loops,0
3200,textmapworld_graphreasoning,Qwen3.6-35B-A3B-FP8-without-reasoning,medium,instance_00010,number_visited,4
3201,textmapworld_graphreasoning,Qwen3.6-35B-A3B-FP8-without-reasoning,medium,instance_00010,seen,5
3202,textmapworld_graphreasoning,Qwen3.6-35B-A3B-FP8-without-reasoning,medium,instance_00010,efficiency,83.33333333333334
3203,textmapworld_graphreasoning,Qwen3.6-35B-A3B-FP8-without-reasoning,medium,instance_00010,exploration,66.66666666666666
3204,textmapworld_graphreasoning,Qwen3.6-35B-A3B-FP8-without-reasoning,medium,instance_00010,graph_similarity,0
3205,textmapworld_graphreasoning,Qwen3.6-35B-A3B-FP8-without-reasoning,medium,instance_00010,Main Score,74.07407407407408
3206,textmapworld_graphreasoning,Qwen3.6-35B-A3B-FP8-without-reasoning,medium,instance_00019,Success,0
3207,textmapworld_graphreasoning,Qwen3.6-35B-A3B-FP8-without-reasoning,medium,instance_00019,Aborted,0
3208,textmapworld_graphreasoning,Qwen3.6-35B-A3B-FP8-without-reasoning,medium,instance_00019,Lose,1
3209,textmapworld_graphreasoning,Qwen3.6-35B-A3B-FP8-without-reasoning,medium,instance_00019,moves,5
3210,textmapworld_graphreasoning,Qwen3.6-35B-A3B-FP8-without-reasoning,medium,instance_00019,valid_moves,5
3211,textmapworld_graphreasoning,Qwen3.6-35B-A3B-FP8-without-reasoning,medium,instance_00019,invalid_moves,0
3212,textmapworld_graphreasoning,Qwen3.6-35B-A3B-FP8-without-reasoning,medium,instance_00019,stopped,1
3213,textmapworld_graphreasoning,Qwen3.6-35B-A3B-FP8-without-reasoning,medium,instance_00019,turns_limit,0
3214,textmapworld_graphreasoning,Qwen3.6-35B-A3B-FP8-without-reasoning,medium,instance_00019,loops,1
3215,textmapworld_graphreasoning,Qwen3.6-35B-A3B-FP8-without-reasoning,medium,instance_00019,number_visited,3
3216,textmapworld_graphreasoning,Qwen3.6-35B-A3B-FP8-without-reasoning,medium,instance_00019,seen,4
3217,textmapworld_graphreasoning,Qwen3.6-35B-A3B-FP8-without-reasoning,medium,instance_00019,efficiency,60.0
3218,textmapworld_graphreasoning,Qwen3.6-35B-A3B-FP8-without-reasoning,medium,instance_00019,exploration,50.0
3219,textmapworld_graphreasoning,Qwen3.6-35B-A3B-FP8-without-reasoning,medium,instance_00019,graph_similarity,0
3220,textmapworld_graphreasoning,Qwen3.6-35B-A3B-FP8-without-reasoning,medium,instance_00019,Main Score,54.54545454545455
3221,textmapworld_graphreasoning,Qwen3.6-35B-A3B-FP8-without-reasoning,medium,instance_00018,Success,0
3222,textmapworld_graphreasoning,Qwen3.6-35B-A3B-FP8-without-reasoning,medium,instance_00018,Aborted,0
3223,textmapworld_graphreasoning,Qwen3.6-35B-A3B-FP8-without-reasoning,medium,instance_00018,Lose,1
3224,textmapworld_graphreasoning,Qwen3.6-35B-A3B-FP8-without-reasoning,medium,instance_00018,moves,8
3225,textmapworld_graphreasoning,Qwen3.6-35B-A3B-FP8-without-reasoning,medium,instance_00018,valid_moves,8
3226,textmapworld_graphreasoning,Qwen3.6-35B-A3B-FP8-without-reasoning,medium,instance_00018,invalid_moves,0
3227,textmapworld_graphreasoning,Qwen3.6-35B-A3B-FP8-without-reasoning,medium,instance_00018,stopped,1
3228,textmapworld_graphreasoning,Qwen3.6-35B-A3B-FP8-without-reasoning,medium,instance_00018,turns_limit,0
3229,textmapworld_graphreasoning,Qwen3.6-35B-A3B-FP8-without-reasoning,medium,instance_00018,loops,2
3230,textmapworld_graphreasoning,Qwen3.6-35B-A3B-FP8-without-reasoning,medium,instance_00018,number_visited,4
3231,textmapworld_graphreasoning,Qwen3.6-35B-A3B-FP8-without-reasoning,medium,instance_00018,seen,5
3232,textmapworld_graphreasoning,Qwen3.6-35B-A3B-FP8-without-reasoning,medium,instance_00018,efficiency,75.0
3233,textmapworld_graphreasoning,Qwen3.6-35B-A3B-FP8-without-reasoning,medium,instance_00018,exploration,66.66666666666666
3234,textmapworld_graphreasoning,Qwen3.6-35B-A3B-FP8-without-reasoning,medium,instance_00018,graph_similarity,0
3235,textmapworld_graphreasoning,Qwen3.6-35B-A3B-FP8-without-reasoning,medium,instance_00018,Main Score,70.58823529411764
3236,textmapworld_graphreasoning,Qwen3.6-35B-A3B-FP8-without-reasoning,medium,instance_00011,Success,1
3237,textmapworld_graphreasoning,Qwen3.6-35B-A3B-FP8-without-reasoning,medium,instance_00011,Aborted,0
3238,textmapworld_graphreasoning,Qwen3.6-35B-A3B-FP8-without-reasoning,medium,instance_00011,Lose,0
3239,textmapworld_graphreasoning,Qwen3.6-35B-A3B-FP8-without-reasoning,medium,instance_00011,moves,8
3240,textmapworld_graphreasoning,Qwen3.6-35B-A3B-FP8-without-reasoning,medium,instance_00011,valid_moves,8
3241,textmapworld_graphreasoning,Qwen3.6-35B-A3B-FP8-without-reasoning,medium,instance_00011,invalid_moves,0
3242,textmapworld_graphreasoning,Qwen3.6-35B-A3B-FP8-without-reasoning,medium,instance_00011,stopped,1
3243,textmapworld_graphreasoning,Qwen3.6-35B-A3B-FP8-without-reasoning,medium,instance_00011,turns_limit,0
3244,textmapworld_graphreasoning,Qwen3.6-35B-A3B-FP8-without-reasoning,medium,instance_00011,loops,0
3245,textmapworld_graphreasoning,Qwen3.6-35B-A3B-FP8-without-reasoning,medium,instance_00011,number_visited,6
3246,textmapworld_graphreasoning,Qwen3.6-35B-A3B-FP8-without-reasoning,medium,instance_00011,seen,6
3247,textmapworld_graphreasoning,Qwen3.6-35B-A3B-FP8-without-reasoning,medium,instance_00011,efficiency,87.5
3248,textmapworld_graphreasoning,Qwen3.6-35B-A3B-FP8-without-reasoning,medium,instance_00011,exploration,100.0
3249,textmapworld_graphreasoning,Qwen3.6-35B-A3B-FP8-without-reasoning,medium,instance_00011,graph_similarity,0
3250,textmapworld_graphreasoning,Qwen3.6-35B-A3B-FP8-without-reasoning,medium,instance_00011,Main Score,93.33333333333333
3251,textmapworld_graphreasoning,Qwen3.6-35B-A3B-FP8-without-reasoning,medium,instance_00016,Success,0
3252,textmapworld_graphreasoning,Qwen3.6-35B-A3B-FP8-without-reasoning,medium,instance_00016,Aborted,0
3253,textmapworld_graphreasoning,Qwen3.6-35B-A3B-FP8-without-reasoning,medium,instance_00016,Lose,1
3254,textmapworld_graphreasoning,Qwen3.6-35B-A3B-FP8-without-reasoning,medium,instance_00016,moves,1
3255,textmapworld_graphreasoning,Qwen3.6-35B-A3B-FP8-without-reasoning,medium,instance_00016,valid_moves,1
3256,textmapworld_graphreasoning,Qwen3.6-35B-A3B-FP8-without-reasoning,medium,instance_00016,invalid_moves,0
3257,textmapworld_graphreasoning,Qwen3.6-35B-A3B-FP8-without-reasoning,medium,instance_00016,stopped,1
3258,textmapworld_graphreasoning,Qwen3.6-35B-A3B-FP8-without-reasoning,medium,instance_00016,turns_limit,0
3259,textmapworld_graphreasoning,Qwen3.6-35B-A3B-FP8-without-reasoning,medium,instance_00016,loops,0
3260,textmapworld_graphreasoning,Qwen3.6-35B-A3B-FP8-without-reasoning,medium,instance_00016,number_visited,2
3261,textmapworld_graphreasoning,Qwen3.6-35B-A3B-FP8-without-reasoning,medium,instance_00016,seen,3
3262,textmapworld_graphreasoning,Qwen3.6-35B-A3B-FP8-without-reasoning,medium,instance_00016,efficiency,100.0
3263,textmapworld_graphreasoning,Qwen3.6-35B-A3B-FP8-without-reasoning,medium,instance_00016,exploration,33.33333333333333
3264,textmapworld_graphreasoning,Qwen3.6-35B-A3B-FP8-without-reasoning,medium,instance_00016,graph_similarity,0
3265,textmapworld_graphreasoning,Qwen3.6-35B-A3B-FP8-without-reasoning,medium,instance_00016,Main Score,50.0
3266,textmapworld_graphreasoning,Qwen3.6-35B-A3B-FP8-without-reasoning,medium,instance_00013,Aborted,1
3267,textmapworld_graphreasoning,Qwen3.6-35B-A3B-FP8-without-reasoning,medium,instance_00013,Success,0
3268,textmapworld_graphreasoning,Qwen3.6-35B-A3B-FP8-without-reasoning,medium,instance_00013,Lose,0
3269,textmapworld_graphreasoning,Qwen3.6-35B-A3B-FP8-without-reasoning,medium,instance_00013,moves,
3270,textmapworld_graphreasoning,Qwen3.6-35B-A3B-FP8-without-reasoning,medium,instance_00013,valid_moves,
3271,textmapworld_graphreasoning,Qwen3.6-35B-A3B-FP8-without-reasoning,medium,instance_00013,invalid_moves,
3272,textmapworld_graphreasoning,Qwen3.6-35B-A3B-FP8-without-reasoning,medium,instance_00013,stopped,
3273,textmapworld_graphreasoning,Qwen3.6-35B-A3B-FP8-without-reasoning,medium,instance_00013,turns_limit,
3274,textmapworld_graphreasoning,Qwen3.6-35B-A3B-FP8-without-reasoning,medium,instance_00013,loops,
3275,textmapworld_graphreasoning,Qwen3.6-35B-A3B-FP8-without-reasoning,medium,instance_00013,number_visited,
3276,textmapworld_graphreasoning,Qwen3.6-35B-A3B-FP8-without-reasoning,medium,instance_00013,seen,
3277,textmapworld_graphreasoning,Qwen3.6-35B-A3B-FP8-without-reasoning,medium,instance_00013,efficiency,
3278,textmapworld_graphreasoning,Qwen3.6-35B-A3B-FP8-without-reasoning,medium,instance_00013,exploration,
3279,textmapworld_graphreasoning,Qwen3.6-35B-A3B-FP8-without-reasoning,medium,instance_00013,graph_similarity,
3280,textmapworld_graphreasoning,Qwen3.6-35B-A3B-FP8-without-reasoning,medium,instance_00013,Main Score,
3281,textmapworld_graphreasoning,Qwen3.6-35B-A3B-FP8-without-reasoning,medium,instance_00014,Success,0
3282,textmapworld_graphreasoning,Qwen3.6-35B-A3B-FP8-without-reasoning,medium,instance_00014,Aborted,0
3283,textmapworld_graphreasoning,Qwen3.6-35B-A3B-FP8-without-reasoning,medium,instance_00014,Lose,1
3284,textmapworld_graphreasoning,Qwen3.6-35B-A3B-FP8-without-reasoning,medium,instance_00014,moves,8
3285,textmapworld_graphreasoning,Qwen3.6-35B-A3B-FP8-without-reasoning,medium,instance_00014,valid_moves,8
3286,textmapworld_graphreasoning,Qwen3.6-35B-A3B-FP8-without-reasoning,medium,instance_00014,invalid_moves,0
3287,textmapworld_graphreasoning,Qwen3.6-35B-A3B-FP8-without-reasoning,medium,instance_00014,stopped,1
3288,textmapworld_graphreasoning,Qwen3.6-35B-A3B-FP8-without-reasoning,medium,instance_00014,turns_limit,0
3289,textmapworld_graphreasoning,Qwen3.6-35B-A3B-FP8-without-reasoning,medium,instance_00014,loops,0
3290,textmapworld_graphreasoning,Qwen3.6-35B-A3B-FP8-without-reasoning,medium,instance_00014,number_visited,5
3291,textmapworld_graphreasoning,Qwen3.6-35B-A3B-FP8-without-reasoning,medium,instance_00014,seen,6
3292,textmapworld_graphreasoning,Qwen3.6-35B-A3B-FP8-without-reasoning,medium,instance_00014,efficiency,62.5
3293,textmapworld_graphreasoning,Qwen3.6-35B-A3B-FP8-without-reasoning,medium,instance_00014,exploration,83.33333333333334
3294,textmapworld_graphreasoning,Qwen3.6-35B-A3B-FP8-without-reasoning,medium,instance_00014,graph_similarity,0
3295,textmapworld_graphreasoning,Qwen3.6-35B-A3B-FP8-without-reasoning,medium,instance_00014,Main Score,71.42857142857143
3296,textmapworld_graphreasoning,Qwen3.6-35B-A3B-FP8-without-reasoning,medium,instance_00015,Success,0
3297,textmapworld_graphreasoning,Qwen3.6-35B-A3B-FP8-without-reasoning,medium,instance_00015,Aborted,0
3298,textmapworld_graphreasoning,Qwen3.6-35B-A3B-FP8-without-reasoning,medium,instance_00015,Lose,1
3299,textmapworld_graphreasoning,Qwen3.6-35B-A3B-FP8-without-reasoning,medium,instance_00015,moves,4
3300,textmapworld_graphreasoning,Qwen3.6-35B-A3B-FP8-without-reasoning,medium,instance_00015,valid_moves,4
3301,textmapworld_graphreasoning,Qwen3.6-35B-A3B-FP8-without-reasoning,medium,instance_00015,invalid_moves,0
3302,textmapworld_graphreasoning,Qwen3.6-35B-A3B-FP8-without-reasoning,medium,instance_00015,stopped,1
3303,textmapworld_graphreasoning,Qwen3.6-35B-A3B-FP8-without-reasoning,medium,instance_00015,turns_limit,0
3304,textmapworld_graphreasoning,Qwen3.6-35B-A3B-FP8-without-reasoning,medium,instance_00015,loops,0
3305,textmapworld_graphreasoning,Qwen3.6-35B-A3B-FP8-without-reasoning,medium,instance_00015,number_visited,3
3306,textmapworld_graphreasoning,Qwen3.6-35B-A3B-FP8-without-reasoning,medium,instance_00015,seen,6
3307,textmapworld_graphreasoning,Qwen3.6-35B-A3B-FP8-without-reasoning,medium,instance_00015,efficiency,25.0
3308,textmapworld_graphreasoning,Qwen3.6-35B-A3B-FP8-without-reasoning,medium,instance_00015,exploration,50.0
3309,textmapworld_graphreasoning,Qwen3.6-35B-A3B-FP8-without-reasoning,medium,instance_00015,graph_similarity,0
3310,textmapworld_graphreasoning,Qwen3.6-35B-A3B-FP8-without-reasoning,medium,instance_00015,Main Score,33.333333333333336
3311,textmapworld_graphreasoning,Qwen3.6-35B-A3B-FP8-without-reasoning,medium,instance_00012,Success,0
3312,textmapworld_graphreasoning,Qwen3.6-35B-A3B-FP8-without-reasoning,medium,instance_00012,Aborted,0
3313,textmapworld_graphreasoning,Qwen3.6-35B-A3B-FP8-without-reasoning,medium,instance_00012,Lose,1
3314,textmapworld_graphreasoning,Qwen3.6-35B-A3B-FP8-without-reasoning,medium,instance_00012,moves,8
3315,textmapworld_graphreasoning,Qwen3.6-35B-A3B-FP8-without-reasoning,medium,instance_00012,valid_moves,8
3316,textmapworld_graphreasoning,Qwen3.6-35B-A3B-FP8-without-reasoning,medium,instance_00012,invalid_moves,0
3317,textmapworld_graphreasoning,Qwen3.6-35B-A3B-FP8-without-reasoning,medium,instance_00012,stopped,1
3318,textmapworld_graphreasoning,Qwen3.6-35B-A3B-FP8-without-reasoning,medium,instance_00012,turns_limit,0
3319,textmapworld_graphreasoning,Qwen3.6-35B-A3B-FP8-without-reasoning,medium,instance_00012,loops,0
3320,textmapworld_graphreasoning,Qwen3.6-35B-A3B-FP8-without-reasoning,medium,instance_00012,number_visited,4
3321,textmapworld_graphreasoning,Qwen3.6-35B-A3B-FP8-without-reasoning,medium,instance_00012,seen,5
3322,textmapworld_graphreasoning,Qwen3.6-35B-A3B-FP8-without-reasoning,medium,instance_00012,efficiency,62.5
3323,textmapworld_graphreasoning,Qwen3.6-35B-A3B-FP8-without-reasoning,medium,instance_00012,exploration,66.66666666666666
3324,textmapworld_graphreasoning,Qwen3.6-35B-A3B-FP8-without-reasoning,medium,instance_00012,graph_similarity,0
3325,textmapworld_graphreasoning,Qwen3.6-35B-A3B-FP8-without-reasoning,medium,instance_00012,Main Score,64.51612903225806
3326,textmapworld_graphreasoning,Qwen3.6-35B-A3B-FP8-without-reasoning,small,instance_00005,Success,0
3327,textmapworld_graphreasoning,Qwen3.6-35B-A3B-FP8-without-reasoning,small,instance_00005,Aborted,0
3328,textmapworld_graphreasoning,Qwen3.6-35B-A3B-FP8-without-reasoning,small,instance_00005,Lose,1
3329,textmapworld_graphreasoning,Qwen3.6-35B-A3B-FP8-without-reasoning,small,instance_00005,moves,6
3330,textmapworld_graphreasoning,Qwen3.6-35B-A3B-FP8-without-reasoning,small,instance_00005,valid_moves,6
3331,textmapworld_graphreasoning,Qwen3.6-35B-A3B-FP8-without-reasoning,small,instance_00005,invalid_moves,0
3332,textmapworld_graphreasoning,Qwen3.6-35B-A3B-FP8-without-reasoning,small,instance_00005,stopped,1
3333,textmapworld_graphreasoning,Qwen3.6-35B-A3B-FP8-without-reasoning,small,instance_00005,turns_limit,0
3334,textmapworld_graphreasoning,Qwen3.6-35B-A3B-FP8-without-reasoning,small,instance_00005,loops,3
3335,textmapworld_graphreasoning,Qwen3.6-35B-A3B-FP8-without-reasoning,small,instance_00005,number_visited,3
3336,textmapworld_graphreasoning,Qwen3.6-35B-A3B-FP8-without-reasoning,small,instance_00005,seen,4
3337,textmapworld_graphreasoning,Qwen3.6-35B-A3B-FP8-without-reasoning,small,instance_00005,efficiency,50.0
3338,textmapworld_graphreasoning,Qwen3.6-35B-A3B-FP8-without-reasoning,small,instance_00005,exploration,75.0
3339,textmapworld_graphreasoning,Qwen3.6-35B-A3B-FP8-without-reasoning,small,instance_00005,graph_similarity,0
3340,textmapworld_graphreasoning,Qwen3.6-35B-A3B-FP8-without-reasoning,small,instance_00005,Main Score,60.0
3341,textmapworld_graphreasoning,Qwen3.6-35B-A3B-FP8-without-reasoning,small,instance_00002,Success,1
3342,textmapworld_graphreasoning,Qwen3.6-35B-A3B-FP8-without-reasoning,small,instance_00002,Aborted,0
3343,textmapworld_graphreasoning,Qwen3.6-35B-A3B-FP8-without-reasoning,small,instance_00002,Lose,0
3344,textmapworld_graphreasoning,Qwen3.6-35B-A3B-FP8-without-reasoning,small,instance_00002,moves,9
3345,textmapworld_graphreasoning,Qwen3.6-35B-A3B-FP8-without-reasoning,small,instance_00002,valid_moves,9
3346,textmapworld_graphreasoning,Qwen3.6-35B-A3B-FP8-without-reasoning,small,instance_00002,invalid_moves,0
3347,textmapworld_graphreasoning,Qwen3.6-35B-A3B-FP8-without-reasoning,small,instance_00002,stopped,1
3348,textmapworld_graphreasoning,Qwen3.6-35B-A3B-FP8-without-reasoning,small,instance_00002,turns_limit,0
3349,textmapworld_graphreasoning,Qwen3.6-35B-A3B-FP8-without-reasoning,small,instance_00002,loops,0
3350,textmapworld_graphreasoning,Qwen3.6-35B-A3B-FP8-without-reasoning,small,instance_00002,number_visited,4
3351,textmapworld_graphreasoning,Qwen3.6-35B-A3B-FP8-without-reasoning,small,instance_00002,seen,4
3352,textmapworld_graphreasoning,Qwen3.6-35B-A3B-FP8-without-reasoning,small,instance_00002,efficiency,44.44444444444444
3353,textmapworld_graphreasoning,Qwen3.6-35B-A3B-FP8-without-reasoning,small,instance_00002,exploration,100.0
3354,textmapworld_graphreasoning,Qwen3.6-35B-A3B-FP8-without-reasoning,small,instance_00002,graph_similarity,0
3355,textmapworld_graphreasoning,Qwen3.6-35B-A3B-FP8-without-reasoning,small,instance_00002,Main Score,61.53846153846153
3356,textmapworld_graphreasoning,Qwen3.6-35B-A3B-FP8-without-reasoning,small,instance_00003,Success,1
3357,textmapworld_graphreasoning,Qwen3.6-35B-A3B-FP8-without-reasoning,small,instance_00003,Aborted,0
3358,textmapworld_graphreasoning,Qwen3.6-35B-A3B-FP8-without-reasoning,small,instance_00003,Lose,0
3359,textmapworld_graphreasoning,Qwen3.6-35B-A3B-FP8-without-reasoning,small,instance_00003,moves,6
3360,textmapworld_graphreasoning,Qwen3.6-35B-A3B-FP8-without-reasoning,small,instance_00003,valid_moves,6
3361,textmapworld_graphreasoning,Qwen3.6-35B-A3B-FP8-without-reasoning,small,instance_00003,invalid_moves,0
3362,textmapworld_graphreasoning,Qwen3.6-35B-A3B-FP8-without-reasoning,small,instance_00003,stopped,1
3363,textmapworld_graphreasoning,Qwen3.6-35B-A3B-FP8-without-reasoning,small,instance_00003,turns_limit,0
3364,textmapworld_graphreasoning,Qwen3.6-35B-A3B-FP8-without-reasoning,small,instance_00003,loops,0
3365,textmapworld_graphreasoning,Qwen3.6-35B-A3B-FP8-without-reasoning,small,instance_00003,number_visited,4
3366,textmapworld_graphreasoning,Qwen3.6-35B-A3B-FP8-without-reasoning,small,instance_00003,seen,4
3367,textmapworld_graphreasoning,Qwen3.6-35B-A3B-FP8-without-reasoning,small,instance_00003,efficiency,66.66666666666666
3368,textmapworld_graphreasoning,Qwen3.6-35B-A3B-FP8-without-reasoning,small,instance_00003,exploration,100.0
3369,textmapworld_graphreasoning,Qwen3.6-35B-A3B-FP8-without-reasoning,small,instance_00003,graph_similarity,0
3370,textmapworld_graphreasoning,Qwen3.6-35B-A3B-FP8-without-reasoning,small,instance_00003,Main Score,80.0
3371,textmapworld_graphreasoning,Qwen3.6-35B-A3B-FP8-without-reasoning,small,instance_00004,Success,1
3372,textmapworld_graphreasoning,Qwen3.6-35B-A3B-FP8-without-reasoning,small,instance_00004,Aborted,0
3373,textmapworld_graphreasoning,Qwen3.6-35B-A3B-FP8-without-reasoning,small,instance_00004,Lose,0
3374,textmapworld_graphreasoning,Qwen3.6-35B-A3B-FP8-without-reasoning,small,instance_00004,moves,5
3375,textmapworld_graphreasoning,Qwen3.6-35B-A3B-FP8-without-reasoning,small,instance_00004,valid_moves,5
3376,textmapworld_graphreasoning,Qwen3.6-35B-A3B-FP8-without-reasoning,small,instance_00004,invalid_moves,0
3377,textmapworld_graphreasoning,Qwen3.6-35B-A3B-FP8-without-reasoning,small,instance_00004,stopped,1
3378,textmapworld_graphreasoning,Qwen3.6-35B-A3B-FP8-without-reasoning,small,instance_00004,turns_limit,0
3379,textmapworld_graphreasoning,Qwen3.6-35B-A3B-FP8-without-reasoning,small,instance_00004,loops,1
3380,textmapworld_graphreasoning,Qwen3.6-35B-A3B-FP8-without-reasoning,small,instance_00004,number_visited,4
3381,textmapworld_graphreasoning,Qwen3.6-35B-A3B-FP8-without-reasoning,small,instance_00004,seen,4
3382,textmapworld_graphreasoning,Qwen3.6-35B-A3B-FP8-without-reasoning,small,instance_00004,efficiency,60.0
3383,textmapworld_graphreasoning,Qwen3.6-35B-A3B-FP8-without-reasoning,small,instance_00004,exploration,100.0
3384,textmapworld_graphreasoning,Qwen3.6-35B-A3B-FP8-without-reasoning,small,instance_00004,graph_similarity,0
3385,textmapworld_graphreasoning,Qwen3.6-35B-A3B-FP8-without-reasoning,small,instance_00004,Main Score,75.0
3386,textmapworld_graphreasoning,Qwen3.6-35B-A3B-FP8-without-reasoning,small,instance_00008,Success,0
3387,textmapworld_graphreasoning,Qwen3.6-35B-A3B-FP8-without-reasoning,small,instance_00008,Aborted,0
3388,textmapworld_graphreasoning,Qwen3.6-35B-A3B-FP8-without-reasoning,small,instance_00008,Lose,1
3389,textmapworld_graphreasoning,Qwen3.6-35B-A3B-FP8-without-reasoning,small,instance_00008,moves,2
3390,textmapworld_graphreasoning,Qwen3.6-35B-A3B-FP8-without-reasoning,small,instance_00008,valid_moves,2
3391,textmapworld_graphreasoning,Qwen3.6-35B-A3B-FP8-without-reasoning,small,instance_00008,invalid_moves,0
3392,textmapworld_graphreasoning,Qwen3.6-35B-A3B-FP8-without-reasoning,small,instance_00008,stopped,1
3393,textmapworld_graphreasoning,Qwen3.6-35B-A3B-FP8-without-reasoning,small,instance_00008,turns_limit,0
3394,textmapworld_graphreasoning,Qwen3.6-35B-A3B-FP8-without-reasoning,small,instance_00008,loops,0
3395,textmapworld_graphreasoning,Qwen3.6-35B-A3B-FP8-without-reasoning,small,instance_00008,number_visited,2
3396,textmapworld_graphreasoning,Qwen3.6-35B-A3B-FP8-without-reasoning,small,instance_00008,seen,3
3397,textmapworld_graphreasoning,Qwen3.6-35B-A3B-FP8-without-reasoning,small,instance_00008,efficiency,50.0
3398,textmapworld_graphreasoning,Qwen3.6-35B-A3B-FP8-without-reasoning,small,instance_00008,exploration,50.0
3399,textmapworld_graphreasoning,Qwen3.6-35B-A3B-FP8-without-reasoning,small,instance_00008,graph_similarity,0
3400,textmapworld_graphreasoning,Qwen3.6-35B-A3B-FP8-without-reasoning,small,instance_00008,Main Score,50.0
3401,textmapworld_graphreasoning,Qwen3.6-35B-A3B-FP8-without-reasoning,small,instance_00001,Success,1
3402,textmapworld_graphreasoning,Qwen3.6-35B-A3B-FP8-without-reasoning,small,instance_00001,Aborted,0
3403,textmapworld_graphreasoning,Qwen3.6-35B-A3B-FP8-without-reasoning,small,instance_00001,Lose,0
3404,textmapworld_graphreasoning,Qwen3.6-35B-A3B-FP8-without-reasoning,small,instance_00001,moves,6
3405,textmapworld_graphreasoning,Qwen3.6-35B-A3B-FP8-without-reasoning,small,instance_00001,valid_moves,6
3406,textmapworld_graphreasoning,Qwen3.6-35B-A3B-FP8-without-reasoning,small,instance_00001,invalid_moves,0
3407,textmapworld_graphreasoning,Qwen3.6-35B-A3B-FP8-without-reasoning,small,instance_00001,stopped,1
3408,textmapworld_graphreasoning,Qwen3.6-35B-A3B-FP8-without-reasoning,small,instance_00001,turns_limit,0
3409,textmapworld_graphreasoning,Qwen3.6-35B-A3B-FP8-without-reasoning,small,instance_00001,loops,0
3410,textmapworld_graphreasoning,Qwen3.6-35B-A3B-FP8-without-reasoning,small,instance_00001,number_visited,4
3411,textmapworld_graphreasoning,Qwen3.6-35B-A3B-FP8-without-reasoning,small,instance_00001,seen,4
3412,textmapworld_graphreasoning,Qwen3.6-35B-A3B-FP8-without-reasoning,small,instance_00001,efficiency,50.0
3413,textmapworld_graphreasoning,Qwen3.6-35B-A3B-FP8-without-reasoning,small,instance_00001,exploration,100.0
3414,textmapworld_graphreasoning,Qwen3.6-35B-A3B-FP8-without-reasoning,small,instance_00001,graph_similarity,0
3415,textmapworld_graphreasoning,Qwen3.6-35B-A3B-FP8-without-reasoning,small,instance_00001,Main Score,66.66666666666667
3416,textmapworld_graphreasoning,Qwen3.6-35B-A3B-FP8-without-reasoning,small,instance_00006,Success,1
3417,textmapworld_graphreasoning,Qwen3.6-35B-A3B-FP8-without-reasoning,small,instance_00006,Aborted,0
3418,textmapworld_graphreasoning,Qwen3.6-35B-A3B-FP8-without-reasoning,small,instance_00006,Lose,0
3419,textmapworld_graphreasoning,Qwen3.6-35B-A3B-FP8-without-reasoning,small,instance_00006,moves,6
3420,textmapworld_graphreasoning,Qwen3.6-35B-A3B-FP8-without-reasoning,small,instance_00006,valid_moves,6
3421,textmapworld_graphreasoning,Qwen3.6-35B-A3B-FP8-without-reasoning,small,instance_00006,invalid_moves,0
3422,textmapworld_graphreasoning,Qwen3.6-35B-A3B-FP8-without-reasoning,small,instance_00006,stopped,1
3423,textmapworld_graphreasoning,Qwen3.6-35B-A3B-FP8-without-reasoning,small,instance_00006,turns_limit,0
3424,textmapworld_graphreasoning,Qwen3.6-35B-A3B-FP8-without-reasoning,small,instance_00006,loops,0
3425,textmapworld_graphreasoning,Qwen3.6-35B-A3B-FP8-without-reasoning,small,instance_00006,number_visited,4
3426,textmapworld_graphreasoning,Qwen3.6-35B-A3B-FP8-without-reasoning,small,instance_00006,seen,4
3427,textmapworld_graphreasoning,Qwen3.6-35B-A3B-FP8-without-reasoning,small,instance_00006,efficiency,50.0
3428,textmapworld_graphreasoning,Qwen3.6-35B-A3B-FP8-without-reasoning,small,instance_00006,exploration,100.0
3429,textmapworld_graphreasoning,Qwen3.6-35B-A3B-FP8-without-reasoning,small,instance_00006,graph_similarity,0
3430,textmapworld_graphreasoning,Qwen3.6-35B-A3B-FP8-without-reasoning,small,instance_00006,Main Score,66.66666666666667
3431,textmapworld_graphreasoning,Qwen3.6-35B-A3B-FP8-without-reasoning,small,instance_00007,Success,1
3432,textmapworld_graphreasoning,Qwen3.6-35B-A3B-FP8-without-reasoning,small,instance_00007,Aborted,0
3433,textmapworld_graphreasoning,Qwen3.6-35B-A3B-FP8-without-reasoning,small,instance_00007,Lose,0
3434,textmapworld_graphreasoning,Qwen3.6-35B-A3B-FP8-without-reasoning,small,instance_00007,moves,6
3435,textmapworld_graphreasoning,Qwen3.6-35B-A3B-FP8-without-reasoning,small,instance_00007,valid_moves,6
3436,textmapworld_graphreasoning,Qwen3.6-35B-A3B-FP8-without-reasoning,small,instance_00007,invalid_moves,0
3437,textmapworld_graphreasoning,Qwen3.6-35B-A3B-FP8-without-reasoning,small,instance_00007,stopped,1
3438,textmapworld_graphreasoning,Qwen3.6-35B-A3B-FP8-without-reasoning,small,instance_00007,turns_limit,0
3439,textmapworld_graphreasoning,Qwen3.6-35B-A3B-FP8-without-reasoning,small,instance_00007,loops,0
3440,textmapworld_graphreasoning,Qwen3.6-35B-A3B-FP8-without-reasoning,small,instance_00007,number_visited,4
3441,textmapworld_graphreasoning,Qwen3.6-35B-A3B-FP8-without-reasoning,small,instance_00007,seen,4
3442,textmapworld_graphreasoning,Qwen3.6-35B-A3B-FP8-without-reasoning,small,instance_00007,efficiency,50.0
3443,textmapworld_graphreasoning,Qwen3.6-35B-A3B-FP8-without-reasoning,small,instance_00007,exploration,100.0
3444,textmapworld_graphreasoning,Qwen3.6-35B-A3B-FP8-without-reasoning,small,instance_00007,graph_similarity,0
3445,textmapworld_graphreasoning,Qwen3.6-35B-A3B-FP8-without-reasoning,small,instance_00007,Main Score,66.66666666666667
3446,textmapworld_graphreasoning,Qwen3.6-35B-A3B-FP8-without-reasoning,small,instance_00000,Success,0
3447,textmapworld_graphreasoning,Qwen3.6-35B-A3B-FP8-without-reasoning,small,instance_00000,Aborted,0
3448,textmapworld_graphreasoning,Qwen3.6-35B-A3B-FP8-without-reasoning,small,instance_00000,Lose,1
3449,textmapworld_graphreasoning,Qwen3.6-35B-A3B-FP8-without-reasoning,small,instance_00000,moves,4
3450,textmapworld_graphreasoning,Qwen3.6-35B-A3B-FP8-without-reasoning,small,instance_00000,valid_moves,4
3451,textmapworld_graphreasoning,Qwen3.6-35B-A3B-FP8-without-reasoning,small,instance_00000,invalid_moves,0
3452,textmapworld_graphreasoning,Qwen3.6-35B-A3B-FP8-without-reasoning,small,instance_00000,stopped,1
3453,textmapworld_graphreasoning,Qwen3.6-35B-A3B-FP8-without-reasoning,small,instance_00000,turns_limit,0
3454,textmapworld_graphreasoning,Qwen3.6-35B-A3B-FP8-without-reasoning,small,instance_00000,loops,0
3455,textmapworld_graphreasoning,Qwen3.6-35B-A3B-FP8-without-reasoning,small,instance_00000,number_visited,3
3456,textmapworld_graphreasoning,Qwen3.6-35B-A3B-FP8-without-reasoning,small,instance_00000,seen,4
3457,textmapworld_graphreasoning,Qwen3.6-35B-A3B-FP8-without-reasoning,small,instance_00000,efficiency,50.0
3458,textmapworld_graphreasoning,Qwen3.6-35B-A3B-FP8-without-reasoning,small,instance_00000,exploration,75.0
3459,textmapworld_graphreasoning,Qwen3.6-35B-A3B-FP8-without-reasoning,small,instance_00000,graph_similarity,0
3460,textmapworld_graphreasoning,Qwen3.6-35B-A3B-FP8-without-reasoning,small,instance_00000,Main Score,60.0
3461,textmapworld_graphreasoning,Qwen3.6-35B-A3B-FP8-without-reasoning,small,instance_00009,Success,1
3462,textmapworld_graphreasoning,Qwen3.6-35B-A3B-FP8-without-reasoning,small,instance_00009,Aborted,0
3463,textmapworld_graphreasoning,Qwen3.6-35B-A3B-FP8-without-reasoning,small,instance_00009,Lose,0
3464,textmapworld_graphreasoning,Qwen3.6-35B-A3B-FP8-without-reasoning,small,instance_00009,moves,6
3465,textmapworld_graphreasoning,Qwen3.6-35B-A3B-FP8-without-reasoning,small,instance_00009,valid_moves,6
3466,textmapworld_graphreasoning,Qwen3.6-35B-A3B-FP8-without-reasoning,small,instance_00009,invalid_moves,0
3467,textmapworld_graphreasoning,Qwen3.6-35B-A3B-FP8-without-reasoning,small,instance_00009,stopped,1
3468,textmapworld_graphreasoning,Qwen3.6-35B-A3B-FP8-without-reasoning,small,instance_00009,turns_limit,0
3469,textmapworld_graphreasoning,Qwen3.6-35B-A3B-FP8-without-reasoning,small,instance_00009,loops,0
3470,textmapworld_graphreasoning,Qwen3.6-35B-A3B-FP8-without-reasoning,small,instance_00009,number_visited,4
3471,textmapworld_graphreasoning,Qwen3.6-35B-A3B-FP8-without-reasoning,small,instance_00009,seen,4
3472,textmapworld_graphreasoning,Qwen3.6-35B-A3B-FP8-without-reasoning,small,instance_00009,efficiency,50.0
3473,textmapworld_graphreasoning,Qwen3.6-35B-A3B-FP8-without-reasoning,small,instance_00009,exploration,100.0
3474,textmapworld_graphreasoning,Qwen3.6-35B-A3B-FP8-without-reasoning,small,instance_00009,graph_similarity,0
3475,textmapworld_graphreasoning,Qwen3.6-35B-A3B-FP8-without-reasoning,small,instance_00009,Main Score,66.66666666666667
3476,textmapworld,Qwen3.6-35B-A3B-FP8-without-reasoning,large_cycle,instance_00044,Success,0
3477,textmapworld,Qwen3.6-35B-A3B-FP8-without-reasoning,large_cycle,instance_00044,Aborted,0
3478,textmapworld,Qwen3.6-35B-A3B-FP8-without-reasoning,large_cycle,instance_00044,Lose,1
3479,textmapworld,Qwen3.6-35B-A3B-FP8-without-reasoning,large_cycle,instance_00044,moves,4
3480,textmapworld,Qwen3.6-35B-A3B-FP8-without-reasoning,large_cycle,instance_00044,valid_moves,4
3481,textmapworld,Qwen3.6-35B-A3B-FP8-without-reasoning,large_cycle,instance_00044,invalid_moves,0
3482,textmapworld,Qwen3.6-35B-A3B-FP8-without-reasoning,large_cycle,instance_00044,stopped,1
3483,textmapworld,Qwen3.6-35B-A3B-FP8-without-reasoning,large_cycle,instance_00044,turns_limit,0
3484,textmapworld,Qwen3.6-35B-A3B-FP8-without-reasoning,large_cycle,instance_00044,loops,0
3485,textmapworld,Qwen3.6-35B-A3B-FP8-without-reasoning,large_cycle,instance_00044,number_visited,4
3486,textmapworld,Qwen3.6-35B-A3B-FP8-without-reasoning,large_cycle,instance_00044,seen,6
3487,textmapworld,Qwen3.6-35B-A3B-FP8-without-reasoning,large_cycle,instance_00044,efficiency,75.0
3488,textmapworld,Qwen3.6-35B-A3B-FP8-without-reasoning,large_cycle,instance_00044,exploration,50.0
3489,textmapworld,Qwen3.6-35B-A3B-FP8-without-reasoning,large_cycle,instance_00044,Main Score,60.0
3490,textmapworld,Qwen3.6-35B-A3B-FP8-without-reasoning,large_cycle,instance_00043,Success,0
3491,textmapworld,Qwen3.6-35B-A3B-FP8-without-reasoning,large_cycle,instance_00043,Aborted,0
3492,textmapworld,Qwen3.6-35B-A3B-FP8-without-reasoning,large_cycle,instance_00043,Lose,1
3493,textmapworld,Qwen3.6-35B-A3B-FP8-without-reasoning,large_cycle,instance_00043,moves,8
3494,textmapworld,Qwen3.6-35B-A3B-FP8-without-reasoning,large_cycle,instance_00043,valid_moves,8
3495,textmapworld,Qwen3.6-35B-A3B-FP8-without-reasoning,large_cycle,instance_00043,invalid_moves,0
3496,textmapworld,Qwen3.6-35B-A3B-FP8-without-reasoning,large_cycle,instance_00043,stopped,1
3497,textmapworld,Qwen3.6-35B-A3B-FP8-without-reasoning,large_cycle,instance_00043,turns_limit,0
3498,textmapworld,Qwen3.6-35B-A3B-FP8-without-reasoning,large_cycle,instance_00043,loops,0
3499,textmapworld,Qwen3.6-35B-A3B-FP8-without-reasoning,large_cycle,instance_00043,number_visited,6
3500,textmapworld,Qwen3.6-35B-A3B-FP8-without-reasoning,large_cycle,instance_00043,seen,8
3501,textmapworld,Qwen3.6-35B-A3B-FP8-without-reasoning,large_cycle,instance_00043,efficiency,62.5
3502,textmapworld,Qwen3.6-35B-A3B-FP8-without-reasoning,large_cycle,instance_00043,exploration,75.0
3503,textmapworld,Qwen3.6-35B-A3B-FP8-without-reasoning,large_cycle,instance_00043,Main Score,68.18181818181819
3504,textmapworld,Qwen3.6-35B-A3B-FP8-without-reasoning,large_cycle,instance_00042,Success,0
3505,textmapworld,Qwen3.6-35B-A3B-FP8-without-reasoning,large_cycle,instance_00042,Aborted,0
3506,textmapworld,Qwen3.6-35B-A3B-FP8-without-reasoning,large_cycle,instance_00042,Lose,1
3507,textmapworld,Qwen3.6-35B-A3B-FP8-without-reasoning,large_cycle,instance_00042,moves,8
3508,textmapworld,Qwen3.6-35B-A3B-FP8-without-reasoning,large_cycle,instance_00042,valid_moves,8
3509,textmapworld,Qwen3.6-35B-A3B-FP8-without-reasoning,large_cycle,instance_00042,invalid_moves,0
3510,textmapworld,Qwen3.6-35B-A3B-FP8-without-reasoning,large_cycle,instance_00042,stopped,1
3511,textmapworld,Qwen3.6-35B-A3B-FP8-without-reasoning,large_cycle,instance_00042,turns_limit,0
3512,textmapworld,Qwen3.6-35B-A3B-FP8-without-reasoning,large_cycle,instance_00042,loops,0
3513,textmapworld,Qwen3.6-35B-A3B-FP8-without-reasoning,large_cycle,instance_00042,number_visited,5
3514,textmapworld,Qwen3.6-35B-A3B-FP8-without-reasoning,large_cycle,instance_00042,seen,7
3515,textmapworld,Qwen3.6-35B-A3B-FP8-without-reasoning,large_cycle,instance_00042,efficiency,37.5
3516,textmapworld,Qwen3.6-35B-A3B-FP8-without-reasoning,large_cycle,instance_00042,exploration,62.5
3517,textmapworld,Qwen3.6-35B-A3B-FP8-without-reasoning,large_cycle,instance_00042,Main Score,46.875
3518,textmapworld,Qwen3.6-35B-A3B-FP8-without-reasoning,large_cycle,instance_00045,Success,0
3519,textmapworld,Qwen3.6-35B-A3B-FP8-without-reasoning,large_cycle,instance_00045,Aborted,0
3520,textmapworld,Qwen3.6-35B-A3B-FP8-without-reasoning,large_cycle,instance_00045,Lose,1
3521,textmapworld,Qwen3.6-35B-A3B-FP8-without-reasoning,large_cycle,instance_00045,moves,1
3522,textmapworld,Qwen3.6-35B-A3B-FP8-without-reasoning,large_cycle,instance_00045,valid_moves,1
3523,textmapworld,Qwen3.6-35B-A3B-FP8-without-reasoning,large_cycle,instance_00045,invalid_moves,0
3524,textmapworld,Qwen3.6-35B-A3B-FP8-without-reasoning,large_cycle,instance_00045,stopped,1
3525,textmapworld,Qwen3.6-35B-A3B-FP8-without-reasoning,large_cycle,instance_00045,turns_limit,0
3526,textmapworld,Qwen3.6-35B-A3B-FP8-without-reasoning,large_cycle,instance_00045,loops,0
3527,textmapworld,Qwen3.6-35B-A3B-FP8-without-reasoning,large_cycle,instance_00045,number_visited,2
3528,textmapworld,Qwen3.6-35B-A3B-FP8-without-reasoning,large_cycle,instance_00045,seen,4
3529,textmapworld,Qwen3.6-35B-A3B-FP8-without-reasoning,large_cycle,instance_00045,efficiency,100.0
3530,textmapworld,Qwen3.6-35B-A3B-FP8-without-reasoning,large_cycle,instance_00045,exploration,25.0
3531,textmapworld,Qwen3.6-35B-A3B-FP8-without-reasoning,large_cycle,instance_00045,Main Score,40.0
3532,textmapworld,Qwen3.6-35B-A3B-FP8-without-reasoning,large_cycle,instance_00049,Success,0
3533,textmapworld,Qwen3.6-35B-A3B-FP8-without-reasoning,large_cycle,instance_00049,Aborted,0
3534,textmapworld,Qwen3.6-35B-A3B-FP8-without-reasoning,large_cycle,instance_00049,Lose,1
3535,textmapworld,Qwen3.6-35B-A3B-FP8-without-reasoning,large_cycle,instance_00049,moves,8
3536,textmapworld,Qwen3.6-35B-A3B-FP8-without-reasoning,large_cycle,instance_00049,valid_moves,8
3537,textmapworld,Qwen3.6-35B-A3B-FP8-without-reasoning,large_cycle,instance_00049,invalid_moves,0
3538,textmapworld,Qwen3.6-35B-A3B-FP8-without-reasoning,large_cycle,instance_00049,stopped,1
3539,textmapworld,Qwen3.6-35B-A3B-FP8-without-reasoning,large_cycle,instance_00049,turns_limit,0
3540,textmapworld,Qwen3.6-35B-A3B-FP8-without-reasoning,large_cycle,instance_00049,loops,0
3541,textmapworld,Qwen3.6-35B-A3B-FP8-without-reasoning,large_cycle,instance_00049,number_visited,6
3542,textmapworld,Qwen3.6-35B-A3B-FP8-without-reasoning,large_cycle,instance_00049,seen,8
3543,textmapworld,Qwen3.6-35B-A3B-FP8-without-reasoning,large_cycle,instance_00049,efficiency,62.5
3544,textmapworld,Qwen3.6-35B-A3B-FP8-without-reasoning,large_cycle,instance_00049,exploration,75.0
3545,textmapworld,Qwen3.6-35B-A3B-FP8-without-reasoning,large_cycle,instance_00049,Main Score,68.18181818181819
3546,textmapworld,Qwen3.6-35B-A3B-FP8-without-reasoning,large_cycle,instance_00040,Success,0
3547,textmapworld,Qwen3.6-35B-A3B-FP8-without-reasoning,large_cycle,instance_00040,Aborted,0
3548,textmapworld,Qwen3.6-35B-A3B-FP8-without-reasoning,large_cycle,instance_00040,Lose,1
3549,textmapworld,Qwen3.6-35B-A3B-FP8-without-reasoning,large_cycle,instance_00040,moves,1
3550,textmapworld,Qwen3.6-35B-A3B-FP8-without-reasoning,large_cycle,instance_00040,valid_moves,1
3551,textmapworld,Qwen3.6-35B-A3B-FP8-without-reasoning,large_cycle,instance_00040,invalid_moves,0
3552,textmapworld,Qwen3.6-35B-A3B-FP8-without-reasoning,large_cycle,instance_00040,stopped,1
3553,textmapworld,Qwen3.6-35B-A3B-FP8-without-reasoning,large_cycle,instance_00040,turns_limit,0
3554,textmapworld,Qwen3.6-35B-A3B-FP8-without-reasoning,large_cycle,instance_00040,loops,0
3555,textmapworld,Qwen3.6-35B-A3B-FP8-without-reasoning,large_cycle,instance_00040,number_visited,2
3556,textmapworld,Qwen3.6-35B-A3B-FP8-without-reasoning,large_cycle,instance_00040,seen,3
3557,textmapworld,Qwen3.6-35B-A3B-FP8-without-reasoning,large_cycle,instance_00040,efficiency,100.0
3558,textmapworld,Qwen3.6-35B-A3B-FP8-without-reasoning,large_cycle,instance_00040,exploration,25.0
3559,textmapworld,Qwen3.6-35B-A3B-FP8-without-reasoning,large_cycle,instance_00040,Main Score,40.0
3560,textmapworld,Qwen3.6-35B-A3B-FP8-without-reasoning,large_cycle,instance_00047,Success,0
3561,textmapworld,Qwen3.6-35B-A3B-FP8-without-reasoning,large_cycle,instance_00047,Aborted,0
3562,textmapworld,Qwen3.6-35B-A3B-FP8-without-reasoning,large_cycle,instance_00047,Lose,1
3563,textmapworld,Qwen3.6-35B-A3B-FP8-without-reasoning,large_cycle,instance_00047,moves,10
3564,textmapworld,Qwen3.6-35B-A3B-FP8-without-reasoning,large_cycle,instance_00047,valid_moves,10
3565,textmapworld,Qwen3.6-35B-A3B-FP8-without-reasoning,large_cycle,instance_00047,invalid_moves,0
3566,textmapworld,Qwen3.6-35B-A3B-FP8-without-reasoning,large_cycle,instance_00047,stopped,1
3567,textmapworld,Qwen3.6-35B-A3B-FP8-without-reasoning,large_cycle,instance_00047,turns_limit,0
3568,textmapworld,Qwen3.6-35B-A3B-FP8-without-reasoning,large_cycle,instance_00047,loops,0
3569,textmapworld,Qwen3.6-35B-A3B-FP8-without-reasoning,large_cycle,instance_00047,number_visited,6
3570,textmapworld,Qwen3.6-35B-A3B-FP8-without-reasoning,large_cycle,instance_00047,seen,8
3571,textmapworld,Qwen3.6-35B-A3B-FP8-without-reasoning,large_cycle,instance_00047,efficiency,60.0
3572,textmapworld,Qwen3.6-35B-A3B-FP8-without-reasoning,large_cycle,instance_00047,exploration,75.0
3573,textmapworld,Qwen3.6-35B-A3B-FP8-without-reasoning,large_cycle,instance_00047,Main Score,66.66666666666667
3574,textmapworld,Qwen3.6-35B-A3B-FP8-without-reasoning,large_cycle,instance_00046,Success,0
3575,textmapworld,Qwen3.6-35B-A3B-FP8-without-reasoning,large_cycle,instance_00046,Aborted,0
3576,textmapworld,Qwen3.6-35B-A3B-FP8-without-reasoning,large_cycle,instance_00046,Lose,1
3577,textmapworld,Qwen3.6-35B-A3B-FP8-without-reasoning,large_cycle,instance_00046,moves,5
3578,textmapworld,Qwen3.6-35B-A3B-FP8-without-reasoning,large_cycle,instance_00046,valid_moves,5
3579,textmapworld,Qwen3.6-35B-A3B-FP8-without-reasoning,large_cycle,instance_00046,invalid_moves,0
3580,textmapworld,Qwen3.6-35B-A3B-FP8-without-reasoning,large_cycle,instance_00046,stopped,1
3581,textmapworld,Qwen3.6-35B-A3B-FP8-without-reasoning,large_cycle,instance_00046,turns_limit,0
3582,textmapworld,Qwen3.6-35B-A3B-FP8-without-reasoning,large_cycle,instance_00046,loops,0
3583,textmapworld,Qwen3.6-35B-A3B-FP8-without-reasoning,large_cycle,instance_00046,number_visited,4
3584,textmapworld,Qwen3.6-35B-A3B-FP8-without-reasoning,large_cycle,instance_00046,seen,7
3585,textmapworld,Qwen3.6-35B-A3B-FP8-without-reasoning,large_cycle,instance_00046,efficiency,80.0
3586,textmapworld,Qwen3.6-35B-A3B-FP8-without-reasoning,large_cycle,instance_00046,exploration,50.0
3587,textmapworld,Qwen3.6-35B-A3B-FP8-without-reasoning,large_cycle,instance_00046,Main Score,61.53846153846154
3588,textmapworld,Qwen3.6-35B-A3B-FP8-without-reasoning,large_cycle,instance_00041,Success,0
3589,textmapworld,Qwen3.6-35B-A3B-FP8-without-reasoning,large_cycle,instance_00041,Aborted,0
3590,textmapworld,Qwen3.6-35B-A3B-FP8-without-reasoning,large_cycle,instance_00041,Lose,1
3591,textmapworld,Qwen3.6-35B-A3B-FP8-without-reasoning,large_cycle,instance_00041,moves,4
3592,textmapworld,Qwen3.6-35B-A3B-FP8-without-reasoning,large_cycle,instance_00041,valid_moves,4
3593,textmapworld,Qwen3.6-35B-A3B-FP8-without-reasoning,large_cycle,instance_00041,invalid_moves,0
3594,textmapworld,Qwen3.6-35B-A3B-FP8-without-reasoning,large_cycle,instance_00041,stopped,1
3595,textmapworld,Qwen3.6-35B-A3B-FP8-without-reasoning,large_cycle,instance_00041,turns_limit,0
3596,textmapworld,Qwen3.6-35B-A3B-FP8-without-reasoning,large_cycle,instance_00041,loops,0
3597,textmapworld,Qwen3.6-35B-A3B-FP8-without-reasoning,large_cycle,instance_00041,number_visited,3
3598,textmapworld,Qwen3.6-35B-A3B-FP8-without-reasoning,large_cycle,instance_00041,seen,4
3599,textmapworld,Qwen3.6-35B-A3B-FP8-without-reasoning,large_cycle,instance_00041,efficiency,50.0
3600,textmapworld,Qwen3.6-35B-A3B-FP8-without-reasoning,large_cycle,instance_00041,exploration,37.5
3601,textmapworld,Qwen3.6-35B-A3B-FP8-without-reasoning,large_cycle,instance_00041,Main Score,42.857142857142854
3602,textmapworld,Qwen3.6-35B-A3B-FP8-without-reasoning,large_cycle,instance_00048,Success,0
3603,textmapworld,Qwen3.6-35B-A3B-FP8-without-reasoning,large_cycle,instance_00048,Aborted,0
3604,textmapworld,Qwen3.6-35B-A3B-FP8-without-reasoning,large_cycle,instance_00048,Lose,1
3605,textmapworld,Qwen3.6-35B-A3B-FP8-without-reasoning,large_cycle,instance_00048,moves,10
3606,textmapworld,Qwen3.6-35B-A3B-FP8-without-reasoning,large_cycle,instance_00048,valid_moves,10
3607,textmapworld,Qwen3.6-35B-A3B-FP8-without-reasoning,large_cycle,instance_00048,invalid_moves,0
3608,textmapworld,Qwen3.6-35B-A3B-FP8-without-reasoning,large_cycle,instance_00048,stopped,1
3609,textmapworld,Qwen3.6-35B-A3B-FP8-without-reasoning,large_cycle,instance_00048,turns_limit,0
3610,textmapworld,Qwen3.6-35B-A3B-FP8-without-reasoning,large_cycle,instance_00048,loops,1
3611,textmapworld,Qwen3.6-35B-A3B-FP8-without-reasoning,large_cycle,instance_00048,number_visited,5
3612,textmapworld,Qwen3.6-35B-A3B-FP8-without-reasoning,large_cycle,instance_00048,seen,7
3613,textmapworld,Qwen3.6-35B-A3B-FP8-without-reasoning,large_cycle,instance_00048,efficiency,40.0
3614,textmapworld,Qwen3.6-35B-A3B-FP8-without-reasoning,large_cycle,instance_00048,exploration,62.5
3615,textmapworld,Qwen3.6-35B-A3B-FP8-without-reasoning,large_cycle,instance_00048,Main Score,48.78048780487805
3616,textmapworld,Qwen3.6-35B-A3B-FP8-without-reasoning,large,instance_00028,Success,0
3617,textmapworld,Qwen3.6-35B-A3B-FP8-without-reasoning,large,instance_00028,Aborted,0
3618,textmapworld,Qwen3.6-35B-A3B-FP8-without-reasoning,large,instance_00028,Lose,1
3619,textmapworld,Qwen3.6-35B-A3B-FP8-without-reasoning,large,instance_00028,moves,5
3620,textmapworld,Qwen3.6-35B-A3B-FP8-without-reasoning,large,instance_00028,valid_moves,5
3621,textmapworld,Qwen3.6-35B-A3B-FP8-without-reasoning,large,instance_00028,invalid_moves,0
3622,textmapworld,Qwen3.6-35B-A3B-FP8-without-reasoning,large,instance_00028,stopped,1
3623,textmapworld,Qwen3.6-35B-A3B-FP8-without-reasoning,large,instance_00028,turns_limit,0
3624,textmapworld,Qwen3.6-35B-A3B-FP8-without-reasoning,large,instance_00028,loops,0
3625,textmapworld,Qwen3.6-35B-A3B-FP8-without-reasoning,large,instance_00028,number_visited,5
3626,textmapworld,Qwen3.6-35B-A3B-FP8-without-reasoning,large,instance_00028,seen,6
3627,textmapworld,Qwen3.6-35B-A3B-FP8-without-reasoning,large,instance_00028,efficiency,80.0
3628,textmapworld,Qwen3.6-35B-A3B-FP8-without-reasoning,large,instance_00028,exploration,62.5
3629,textmapworld,Qwen3.6-35B-A3B-FP8-without-reasoning,large,instance_00028,Main Score,70.17543859649123
3630,textmapworld,Qwen3.6-35B-A3B-FP8-without-reasoning,large,instance_00026,Success,0
3631,textmapworld,Qwen3.6-35B-A3B-FP8-without-reasoning,large,instance_00026,Aborted,0
3632,textmapworld,Qwen3.6-35B-A3B-FP8-without-reasoning,large,instance_00026,Lose,1
3633,textmapworld,Qwen3.6-35B-A3B-FP8-without-reasoning,large,instance_00026,moves,6
3634,textmapworld,Qwen3.6-35B-A3B-FP8-without-reasoning,large,instance_00026,valid_moves,6
3635,textmapworld,Qwen3.6-35B-A3B-FP8-without-reasoning,large,instance_00026,invalid_moves,0
3636,textmapworld,Qwen3.6-35B-A3B-FP8-without-reasoning,large,instance_00026,stopped,1
3637,textmapworld,Qwen3.6-35B-A3B-FP8-without-reasoning,large,instance_00026,turns_limit,0
3638,textmapworld,Qwen3.6-35B-A3B-FP8-without-reasoning,large,instance_00026,loops,0
3639,textmapworld,Qwen3.6-35B-A3B-FP8-without-reasoning,large,instance_00026,number_visited,4
3640,textmapworld,Qwen3.6-35B-A3B-FP8-without-reasoning,large,instance_00026,seen,6
3641,textmapworld,Qwen3.6-35B-A3B-FP8-without-reasoning,large,instance_00026,efficiency,33.33333333333333
3642,textmapworld,Qwen3.6-35B-A3B-FP8-without-reasoning,large,instance_00026,exploration,50.0
3643,textmapworld,Qwen3.6-35B-A3B-FP8-without-reasoning,large,instance_00026,Main Score,40.0
3644,textmapworld,Qwen3.6-35B-A3B-FP8-without-reasoning,large,instance_00021,Success,0
3645,textmapworld,Qwen3.6-35B-A3B-FP8-without-reasoning,large,instance_00021,Aborted,0
3646,textmapworld,Qwen3.6-35B-A3B-FP8-without-reasoning,large,instance_00021,Lose,1
3647,textmapworld,Qwen3.6-35B-A3B-FP8-without-reasoning,large,instance_00021,moves,5
3648,textmapworld,Qwen3.6-35B-A3B-FP8-without-reasoning,large,instance_00021,valid_moves,5
3649,textmapworld,Qwen3.6-35B-A3B-FP8-without-reasoning,large,instance_00021,invalid_moves,0
3650,textmapworld,Qwen3.6-35B-A3B-FP8-without-reasoning,large,instance_00021,stopped,1
3651,textmapworld,Qwen3.6-35B-A3B-FP8-without-reasoning,large,instance_00021,turns_limit,0
3652,textmapworld,Qwen3.6-35B-A3B-FP8-without-reasoning,large,instance_00021,loops,0
3653,textmapworld,Qwen3.6-35B-A3B-FP8-without-reasoning,large,instance_00021,number_visited,5
3654,textmapworld,Qwen3.6-35B-A3B-FP8-without-reasoning,large,instance_00021,seen,6
3655,textmapworld,Qwen3.6-35B-A3B-FP8-without-reasoning,large,instance_00021,efficiency,80.0
3656,textmapworld,Qwen3.6-35B-A3B-FP8-without-reasoning,large,instance_00021,exploration,62.5
3657,textmapworld,Qwen3.6-35B-A3B-FP8-without-reasoning,large,instance_00021,Main Score,70.17543859649123
3658,textmapworld,Qwen3.6-35B-A3B-FP8-without-reasoning,large,instance_00020,Success,0
3659,textmapworld,Qwen3.6-35B-A3B-FP8-without-reasoning,large,instance_00020,Aborted,0
3660,textmapworld,Qwen3.6-35B-A3B-FP8-without-reasoning,large,instance_00020,Lose,1
3661,textmapworld,Qwen3.6-35B-A3B-FP8-without-reasoning,large,instance_00020,moves,3
3662,textmapworld,Qwen3.6-35B-A3B-FP8-without-reasoning,large,instance_00020,valid_moves,3
3663,textmapworld,Qwen3.6-35B-A3B-FP8-without-reasoning,large,instance_00020,invalid_moves,0
3664,textmapworld,Qwen3.6-35B-A3B-FP8-without-reasoning,large,instance_00020,stopped,1
3665,textmapworld,Qwen3.6-35B-A3B-FP8-without-reasoning,large,instance_00020,turns_limit,0
3666,textmapworld,Qwen3.6-35B-A3B-FP8-without-reasoning,large,instance_00020,loops,0
3667,textmapworld,Qwen3.6-35B-A3B-FP8-without-reasoning,large,instance_00020,number_visited,4
3668,textmapworld,Qwen3.6-35B-A3B-FP8-without-reasoning,large,instance_00020,seen,5
3669,textmapworld,Qwen3.6-35B-A3B-FP8-without-reasoning,large,instance_00020,efficiency,100.0
3670,textmapworld,Qwen3.6-35B-A3B-FP8-without-reasoning,large,instance_00020,exploration,50.0
3671,textmapworld,Qwen3.6-35B-A3B-FP8-without-reasoning,large,instance_00020,Main Score,66.66666666666667
3672,textmapworld,Qwen3.6-35B-A3B-FP8-without-reasoning,large,instance_00027,Success,0
3673,textmapworld,Qwen3.6-35B-A3B-FP8-without-reasoning,large,instance_00027,Aborted,0
3674,textmapworld,Qwen3.6-35B-A3B-FP8-without-reasoning,large,instance_00027,Lose,1
3675,textmapworld,Qwen3.6-35B-A3B-FP8-without-reasoning,large,instance_00027,moves,2
3676,textmapworld,Qwen3.6-35B-A3B-FP8-without-reasoning,large,instance_00027,valid_moves,2
3677,textmapworld,Qwen3.6-35B-A3B-FP8-without-reasoning,large,instance_00027,invalid_moves,0
3678,textmapworld,Qwen3.6-35B-A3B-FP8-without-reasoning,large,instance_00027,stopped,1
3679,textmapworld,Qwen3.6-35B-A3B-FP8-without-reasoning,large,instance_00027,turns_limit,0
3680,textmapworld,Qwen3.6-35B-A3B-FP8-without-reasoning,large,instance_00027,loops,0
3681,textmapworld,Qwen3.6-35B-A3B-FP8-without-reasoning,large,instance_00027,number_visited,3
3682,textmapworld,Qwen3.6-35B-A3B-FP8-without-reasoning,large,instance_00027,seen,4
3683,textmapworld,Qwen3.6-35B-A3B-FP8-without-reasoning,large,instance_00027,efficiency,100.0
3684,textmapworld,Qwen3.6-35B-A3B-FP8-without-reasoning,large,instance_00027,exploration,37.5
3685,textmapworld,Qwen3.6-35B-A3B-FP8-without-reasoning,large,instance_00027,Main Score,54.54545454545455
3686,textmapworld,Qwen3.6-35B-A3B-FP8-without-reasoning,large,instance_00029,Success,0
3687,textmapworld,Qwen3.6-35B-A3B-FP8-without-reasoning,large,instance_00029,Aborted,0
3688,textmapworld,Qwen3.6-35B-A3B-FP8-without-reasoning,large,instance_00029,Lose,1
3689,textmapworld,Qwen3.6-35B-A3B-FP8-without-reasoning,large,instance_00029,moves,4
3690,textmapworld,Qwen3.6-35B-A3B-FP8-without-reasoning,large,instance_00029,valid_moves,4
3691,textmapworld,Qwen3.6-35B-A3B-FP8-without-reasoning,large,instance_00029,invalid_moves,0
3692,textmapworld,Qwen3.6-35B-A3B-FP8-without-reasoning,large,instance_00029,stopped,1
3693,textmapworld,Qwen3.6-35B-A3B-FP8-without-reasoning,large,instance_00029,turns_limit,0
3694,textmapworld,Qwen3.6-35B-A3B-FP8-without-reasoning,large,instance_00029,loops,0
3695,textmapworld,Qwen3.6-35B-A3B-FP8-without-reasoning,large,instance_00029,number_visited,3
3696,textmapworld,Qwen3.6-35B-A3B-FP8-without-reasoning,large,instance_00029,seen,4
3697,textmapworld,Qwen3.6-35B-A3B-FP8-without-reasoning,large,instance_00029,efficiency,100.0
3698,textmapworld,Qwen3.6-35B-A3B-FP8-without-reasoning,large,instance_00029,exploration,37.5
3699,textmapworld,Qwen3.6-35B-A3B-FP8-without-reasoning,large,instance_00029,Main Score,54.54545454545455
3700,textmapworld,Qwen3.6-35B-A3B-FP8-without-reasoning,large,instance_00022,Success,0
3701,textmapworld,Qwen3.6-35B-A3B-FP8-without-reasoning,large,instance_00022,Aborted,0
3702,textmapworld,Qwen3.6-35B-A3B-FP8-without-reasoning,large,instance_00022,Lose,1
3703,textmapworld,Qwen3.6-35B-A3B-FP8-without-reasoning,large,instance_00022,moves,4
3704,textmapworld,Qwen3.6-35B-A3B-FP8-without-reasoning,large,instance_00022,valid_moves,4
3705,textmapworld,Qwen3.6-35B-A3B-FP8-without-reasoning,large,instance_00022,invalid_moves,0
3706,textmapworld,Qwen3.6-35B-A3B-FP8-without-reasoning,large,instance_00022,stopped,1
3707,textmapworld,Qwen3.6-35B-A3B-FP8-without-reasoning,large,instance_00022,turns_limit,0
3708,textmapworld,Qwen3.6-35B-A3B-FP8-without-reasoning,large,instance_00022,loops,0
3709,textmapworld,Qwen3.6-35B-A3B-FP8-without-reasoning,large,instance_00022,number_visited,4
3710,textmapworld,Qwen3.6-35B-A3B-FP8-without-reasoning,large,instance_00022,seen,5
3711,textmapworld,Qwen3.6-35B-A3B-FP8-without-reasoning,large,instance_00022,efficiency,75.0
3712,textmapworld,Qwen3.6-35B-A3B-FP8-without-reasoning,large,instance_00022,exploration,50.0
3713,textmapworld,Qwen3.6-35B-A3B-FP8-without-reasoning,large,instance_00022,Main Score,60.0
3714,textmapworld,Qwen3.6-35B-A3B-FP8-without-reasoning,large,instance_00025,Success,0
3715,textmapworld,Qwen3.6-35B-A3B-FP8-without-reasoning,large,instance_00025,Aborted,0
3716,textmapworld,Qwen3.6-35B-A3B-FP8-without-reasoning,large,instance_00025,Lose,1
3717,textmapworld,Qwen3.6-35B-A3B-FP8-without-reasoning,large,instance_00025,moves,6
3718,textmapworld,Qwen3.6-35B-A3B-FP8-without-reasoning,large,instance_00025,valid_moves,6
3719,textmapworld,Qwen3.6-35B-A3B-FP8-without-reasoning,large,instance_00025,invalid_moves,0
3720,textmapworld,Qwen3.6-35B-A3B-FP8-without-reasoning,large,instance_00025,stopped,1
3721,textmapworld,Qwen3.6-35B-A3B-FP8-without-reasoning,large,instance_00025,turns_limit,0
3722,textmapworld,Qwen3.6-35B-A3B-FP8-without-reasoning,large,instance_00025,loops,0
3723,textmapworld,Qwen3.6-35B-A3B-FP8-without-reasoning,large,instance_00025,number_visited,6
3724,textmapworld,Qwen3.6-35B-A3B-FP8-without-reasoning,large,instance_00025,seen,7
3725,textmapworld,Qwen3.6-35B-A3B-FP8-without-reasoning,large,instance_00025,efficiency,66.66666666666666
3726,textmapworld,Qwen3.6-35B-A3B-FP8-without-reasoning,large,instance_00025,exploration,75.0
3727,textmapworld,Qwen3.6-35B-A3B-FP8-without-reasoning,large,instance_00025,Main Score,70.58823529411764
3728,textmapworld,Qwen3.6-35B-A3B-FP8-without-reasoning,large,instance_00024,Success,0
3729,textmapworld,Qwen3.6-35B-A3B-FP8-without-reasoning,large,instance_00024,Aborted,0
3730,textmapworld,Qwen3.6-35B-A3B-FP8-without-reasoning,large,instance_00024,Lose,1
3731,textmapworld,Qwen3.6-35B-A3B-FP8-without-reasoning,large,instance_00024,moves,3
3732,textmapworld,Qwen3.6-35B-A3B-FP8-without-reasoning,large,instance_00024,valid_moves,3
3733,textmapworld,Qwen3.6-35B-A3B-FP8-without-reasoning,large,instance_00024,invalid_moves,0
3734,textmapworld,Qwen3.6-35B-A3B-FP8-without-reasoning,large,instance_00024,stopped,1
3735,textmapworld,Qwen3.6-35B-A3B-FP8-without-reasoning,large,instance_00024,turns_limit,0
3736,textmapworld,Qwen3.6-35B-A3B-FP8-without-reasoning,large,instance_00024,loops,0
3737,textmapworld,Qwen3.6-35B-A3B-FP8-without-reasoning,large,instance_00024,number_visited,4
3738,textmapworld,Qwen3.6-35B-A3B-FP8-without-reasoning,large,instance_00024,seen,6
3739,textmapworld,Qwen3.6-35B-A3B-FP8-without-reasoning,large,instance_00024,efficiency,100.0
3740,textmapworld,Qwen3.6-35B-A3B-FP8-without-reasoning,large,instance_00024,exploration,50.0
3741,textmapworld,Qwen3.6-35B-A3B-FP8-without-reasoning,large,instance_00024,Main Score,66.66666666666667
3742,textmapworld,Qwen3.6-35B-A3B-FP8-without-reasoning,large,instance_00023,Success,0
3743,textmapworld,Qwen3.6-35B-A3B-FP8-without-reasoning,large,instance_00023,Aborted,0
3744,textmapworld,Qwen3.6-35B-A3B-FP8-without-reasoning,large,instance_00023,Lose,1
3745,textmapworld,Qwen3.6-35B-A3B-FP8-without-reasoning,large,instance_00023,moves,10
3746,textmapworld,Qwen3.6-35B-A3B-FP8-without-reasoning,large,instance_00023,valid_moves,10
3747,textmapworld,Qwen3.6-35B-A3B-FP8-without-reasoning,large,instance_00023,invalid_moves,0
3748,textmapworld,Qwen3.6-35B-A3B-FP8-without-reasoning,large,instance_00023,stopped,1
3749,textmapworld,Qwen3.6-35B-A3B-FP8-without-reasoning,large,instance_00023,turns_limit,0
3750,textmapworld,Qwen3.6-35B-A3B-FP8-without-reasoning,large,instance_00023,loops,0
3751,textmapworld,Qwen3.6-35B-A3B-FP8-without-reasoning,large,instance_00023,number_visited,6
3752,textmapworld,Qwen3.6-35B-A3B-FP8-without-reasoning,large,instance_00023,seen,7
3753,textmapworld,Qwen3.6-35B-A3B-FP8-without-reasoning,large,instance_00023,efficiency,80.0
3754,textmapworld,Qwen3.6-35B-A3B-FP8-without-reasoning,large,instance_00023,exploration,75.0
3755,textmapworld,Qwen3.6-35B-A3B-FP8-without-reasoning,large,instance_00023,Main Score,77.41935483870968
3756,textmapworld,Qwen3.6-35B-A3B-FP8-without-reasoning,medium,instance_00017,Success,0
3757,textmapworld,Qwen3.6-35B-A3B-FP8-without-reasoning,medium,instance_00017,Aborted,0
3758,textmapworld,Qwen3.6-35B-A3B-FP8-without-reasoning,medium,instance_00017,Lose,1
3759,textmapworld,Qwen3.6-35B-A3B-FP8-without-reasoning,medium,instance_00017,moves,3
3760,textmapworld,Qwen3.6-35B-A3B-FP8-without-reasoning,medium,instance_00017,valid_moves,3
3761,textmapworld,Qwen3.6-35B-A3B-FP8-without-reasoning,medium,instance_00017,invalid_moves,0
3762,textmapworld,Qwen3.6-35B-A3B-FP8-without-reasoning,medium,instance_00017,stopped,1
3763,textmapworld,Qwen3.6-35B-A3B-FP8-without-reasoning,medium,instance_00017,turns_limit,0
3764,textmapworld,Qwen3.6-35B-A3B-FP8-without-reasoning,medium,instance_00017,loops,0
3765,textmapworld,Qwen3.6-35B-A3B-FP8-without-reasoning,medium,instance_00017,number_visited,3
3766,textmapworld,Qwen3.6-35B-A3B-FP8-without-reasoning,medium,instance_00017,seen,4
3767,textmapworld,Qwen3.6-35B-A3B-FP8-without-reasoning,medium,instance_00017,efficiency,100.0
3768,textmapworld,Qwen3.6-35B-A3B-FP8-without-reasoning,medium,instance_00017,exploration,50.0
3769,textmapworld,Qwen3.6-35B-A3B-FP8-without-reasoning,medium,instance_00017,Main Score,66.66666666666667
3770,textmapworld,Qwen3.6-35B-A3B-FP8-without-reasoning,medium,instance_00010,Success,0
3771,textmapworld,Qwen3.6-35B-A3B-FP8-without-reasoning,medium,instance_00010,Aborted,0
3772,textmapworld,Qwen3.6-35B-A3B-FP8-without-reasoning,medium,instance_00010,Lose,1
3773,textmapworld,Qwen3.6-35B-A3B-FP8-without-reasoning,medium,instance_00010,moves,2
3774,textmapworld,Qwen3.6-35B-A3B-FP8-without-reasoning,medium,instance_00010,valid_moves,2
3775,textmapworld,Qwen3.6-35B-A3B-FP8-without-reasoning,medium,instance_00010,invalid_moves,0
3776,textmapworld,Qwen3.6-35B-A3B-FP8-without-reasoning,medium,instance_00010,stopped,1
3777,textmapworld,Qwen3.6-35B-A3B-FP8-without-reasoning,medium,instance_00010,turns_limit,0
3778,textmapworld,Qwen3.6-35B-A3B-FP8-without-reasoning,medium,instance_00010,loops,0
3779,textmapworld,Qwen3.6-35B-A3B-FP8-without-reasoning,medium,instance_00010,number_visited,3
3780,textmapworld,Qwen3.6-35B-A3B-FP8-without-reasoning,medium,instance_00010,seen,4
3781,textmapworld,Qwen3.6-35B-A3B-FP8-without-reasoning,medium,instance_00010,efficiency,100.0
3782,textmapworld,Qwen3.6-35B-A3B-FP8-without-reasoning,medium,instance_00010,exploration,50.0
3783,textmapworld,Qwen3.6-35B-A3B-FP8-without-reasoning,medium,instance_00010,Main Score,66.66666666666667
3784,textmapworld,Qwen3.6-35B-A3B-FP8-without-reasoning,medium,instance_00019,Success,0
3785,textmapworld,Qwen3.6-35B-A3B-FP8-without-reasoning,medium,instance_00019,Aborted,0
3786,textmapworld,Qwen3.6-35B-A3B-FP8-without-reasoning,medium,instance_00019,Lose,1
3787,textmapworld,Qwen3.6-35B-A3B-FP8-without-reasoning,medium,instance_00019,moves,5
3788,textmapworld,Qwen3.6-35B-A3B-FP8-without-reasoning,medium,instance_00019,valid_moves,5
3789,textmapworld,Qwen3.6-35B-A3B-FP8-without-reasoning,medium,instance_00019,invalid_moves,0
3790,textmapworld,Qwen3.6-35B-A3B-FP8-without-reasoning,medium,instance_00019,stopped,1
3791,textmapworld,Qwen3.6-35B-A3B-FP8-without-reasoning,medium,instance_00019,turns_limit,0
3792,textmapworld,Qwen3.6-35B-A3B-FP8-without-reasoning,medium,instance_00019,loops,0
3793,textmapworld,Qwen3.6-35B-A3B-FP8-without-reasoning,medium,instance_00019,number_visited,5
3794,textmapworld,Qwen3.6-35B-A3B-FP8-without-reasoning,medium,instance_00019,seen,6
3795,textmapworld,Qwen3.6-35B-A3B-FP8-without-reasoning,medium,instance_00019,efficiency,60.0
3796,textmapworld,Qwen3.6-35B-A3B-FP8-without-reasoning,medium,instance_00019,exploration,83.33333333333334
3797,textmapworld,Qwen3.6-35B-A3B-FP8-without-reasoning,medium,instance_00019,Main Score,69.76744186046513
3798,textmapworld,Qwen3.6-35B-A3B-FP8-without-reasoning,medium,instance_00018,Success,0
3799,textmapworld,Qwen3.6-35B-A3B-FP8-without-reasoning,medium,instance_00018,Aborted,0
3800,textmapworld,Qwen3.6-35B-A3B-FP8-without-reasoning,medium,instance_00018,Lose,1
3801,textmapworld,Qwen3.6-35B-A3B-FP8-without-reasoning,medium,instance_00018,moves,4
3802,textmapworld,Qwen3.6-35B-A3B-FP8-without-reasoning,medium,instance_00018,valid_moves,4
3803,textmapworld,Qwen3.6-35B-A3B-FP8-without-reasoning,medium,instance_00018,invalid_moves,0
3804,textmapworld,Qwen3.6-35B-A3B-FP8-without-reasoning,medium,instance_00018,stopped,1
3805,textmapworld,Qwen3.6-35B-A3B-FP8-without-reasoning,medium,instance_00018,turns_limit,0
3806,textmapworld,Qwen3.6-35B-A3B-FP8-without-reasoning,medium,instance_00018,loops,0
3807,textmapworld,Qwen3.6-35B-A3B-FP8-without-reasoning,medium,instance_00018,number_visited,4
3808,textmapworld,Qwen3.6-35B-A3B-FP8-without-reasoning,medium,instance_00018,seen,5
3809,textmapworld,Qwen3.6-35B-A3B-FP8-without-reasoning,medium,instance_00018,efficiency,75.0
3810,textmapworld,Qwen3.6-35B-A3B-FP8-without-reasoning,medium,instance_00018,exploration,66.66666666666666
3811,textmapworld,Qwen3.6-35B-A3B-FP8-without-reasoning,medium,instance_00018,Main Score,70.58823529411764
3812,textmapworld,Qwen3.6-35B-A3B-FP8-without-reasoning,medium,instance_00011,Success,0
3813,textmapworld,Qwen3.6-35B-A3B-FP8-without-reasoning,medium,instance_00011,Aborted,0
3814,textmapworld,Qwen3.6-35B-A3B-FP8-without-reasoning,medium,instance_00011,Lose,1
3815,textmapworld,Qwen3.6-35B-A3B-FP8-without-reasoning,medium,instance_00011,moves,3
3816,textmapworld,Qwen3.6-35B-A3B-FP8-without-reasoning,medium,instance_00011,valid_moves,3
3817,textmapworld,Qwen3.6-35B-A3B-FP8-without-reasoning,medium,instance_00011,invalid_moves,0
3818,textmapworld,Qwen3.6-35B-A3B-FP8-without-reasoning,medium,instance_00011,stopped,1
3819,textmapworld,Qwen3.6-35B-A3B-FP8-without-reasoning,medium,instance_00011,turns_limit,0
3820,textmapworld,Qwen3.6-35B-A3B-FP8-without-reasoning,medium,instance_00011,loops,0
3821,textmapworld,Qwen3.6-35B-A3B-FP8-without-reasoning,medium,instance_00011,number_visited,4
3822,textmapworld,Qwen3.6-35B-A3B-FP8-without-reasoning,medium,instance_00011,seen,5
3823,textmapworld,Qwen3.6-35B-A3B-FP8-without-reasoning,medium,instance_00011,efficiency,66.66666666666666
3824,textmapworld,Qwen3.6-35B-A3B-FP8-without-reasoning,medium,instance_00011,exploration,66.66666666666666
3825,textmapworld,Qwen3.6-35B-A3B-FP8-without-reasoning,medium,instance_00011,Main Score,66.66666666666666
3826,textmapworld,Qwen3.6-35B-A3B-FP8-without-reasoning,medium,instance_00016,Success,0
3827,textmapworld,Qwen3.6-35B-A3B-FP8-without-reasoning,medium,instance_00016,Aborted,0
3828,textmapworld,Qwen3.6-35B-A3B-FP8-without-reasoning,medium,instance_00016,Lose,1
3829,textmapworld,Qwen3.6-35B-A3B-FP8-without-reasoning,medium,instance_00016,moves,4
3830,textmapworld,Qwen3.6-35B-A3B-FP8-without-reasoning,medium,instance_00016,valid_moves,4
3831,textmapworld,Qwen3.6-35B-A3B-FP8-without-reasoning,medium,instance_00016,invalid_moves,0
3832,textmapworld,Qwen3.6-35B-A3B-FP8-without-reasoning,medium,instance_00016,stopped,1
3833,textmapworld,Qwen3.6-35B-A3B-FP8-without-reasoning,medium,instance_00016,turns_limit,0
3834,textmapworld,Qwen3.6-35B-A3B-FP8-without-reasoning,medium,instance_00016,loops,0
3835,textmapworld,Qwen3.6-35B-A3B-FP8-without-reasoning,medium,instance_00016,number_visited,3
3836,textmapworld,Qwen3.6-35B-A3B-FP8-without-reasoning,medium,instance_00016,seen,5
3837,textmapworld,Qwen3.6-35B-A3B-FP8-without-reasoning,medium,instance_00016,efficiency,50.0
3838,textmapworld,Qwen3.6-35B-A3B-FP8-without-reasoning,medium,instance_00016,exploration,50.0
3839,textmapworld,Qwen3.6-35B-A3B-FP8-without-reasoning,medium,instance_00016,Main Score,50.0
3840,textmapworld,Qwen3.6-35B-A3B-FP8-without-reasoning,medium,instance_00013,Success,0
3841,textmapworld,Qwen3.6-35B-A3B-FP8-without-reasoning,medium,instance_00013,Aborted,0
3842,textmapworld,Qwen3.6-35B-A3B-FP8-without-reasoning,medium,instance_00013,Lose,1
3843,textmapworld,Qwen3.6-35B-A3B-FP8-without-reasoning,medium,instance_00013,moves,5
3844,textmapworld,Qwen3.6-35B-A3B-FP8-without-reasoning,medium,instance_00013,valid_moves,5
3845,textmapworld,Qwen3.6-35B-A3B-FP8-without-reasoning,medium,instance_00013,invalid_moves,0
3846,textmapworld,Qwen3.6-35B-A3B-FP8-without-reasoning,medium,instance_00013,stopped,1
3847,textmapworld,Qwen3.6-35B-A3B-FP8-without-reasoning,medium,instance_00013,turns_limit,0
3848,textmapworld,Qwen3.6-35B-A3B-FP8-without-reasoning,medium,instance_00013,loops,0
3849,textmapworld,Qwen3.6-35B-A3B-FP8-without-reasoning,medium,instance_00013,number_visited,4
3850,textmapworld,Qwen3.6-35B-A3B-FP8-without-reasoning,medium,instance_00013,seen,5
3851,textmapworld,Qwen3.6-35B-A3B-FP8-without-reasoning,medium,instance_00013,efficiency,80.0
3852,textmapworld,Qwen3.6-35B-A3B-FP8-without-reasoning,medium,instance_00013,exploration,66.66666666666666
3853,textmapworld,Qwen3.6-35B-A3B-FP8-without-reasoning,medium,instance_00013,Main Score,72.72727272727272
3854,textmapworld,Qwen3.6-35B-A3B-FP8-without-reasoning,medium,instance_00014,Success,0
3855,textmapworld,Qwen3.6-35B-A3B-FP8-without-reasoning,medium,instance_00014,Aborted,0
3856,textmapworld,Qwen3.6-35B-A3B-FP8-without-reasoning,medium,instance_00014,Lose,1
3857,textmapworld,Qwen3.6-35B-A3B-FP8-without-reasoning,medium,instance_00014,moves,4
3858,textmapworld,Qwen3.6-35B-A3B-FP8-without-reasoning,medium,instance_00014,valid_moves,4
3859,textmapworld,Qwen3.6-35B-A3B-FP8-without-reasoning,medium,instance_00014,invalid_moves,0
3860,textmapworld,Qwen3.6-35B-A3B-FP8-without-reasoning,medium,instance_00014,stopped,1
3861,textmapworld,Qwen3.6-35B-A3B-FP8-without-reasoning,medium,instance_00014,turns_limit,0
3862,textmapworld,Qwen3.6-35B-A3B-FP8-without-reasoning,medium,instance_00014,loops,0
3863,textmapworld,Qwen3.6-35B-A3B-FP8-without-reasoning,medium,instance_00014,number_visited,3
3864,textmapworld,Qwen3.6-35B-A3B-FP8-without-reasoning,medium,instance_00014,seen,4
3865,textmapworld,Qwen3.6-35B-A3B-FP8-without-reasoning,medium,instance_00014,efficiency,75.0
3866,textmapworld,Qwen3.6-35B-A3B-FP8-without-reasoning,medium,instance_00014,exploration,50.0
3867,textmapworld,Qwen3.6-35B-A3B-FP8-without-reasoning,medium,instance_00014,Main Score,60.0
3868,textmapworld,Qwen3.6-35B-A3B-FP8-without-reasoning,medium,instance_00015,Success,0
3869,textmapworld,Qwen3.6-35B-A3B-FP8-without-reasoning,medium,instance_00015,Aborted,0
3870,textmapworld,Qwen3.6-35B-A3B-FP8-without-reasoning,medium,instance_00015,Lose,1
3871,textmapworld,Qwen3.6-35B-A3B-FP8-without-reasoning,medium,instance_00015,moves,6
3872,textmapworld,Qwen3.6-35B-A3B-FP8-without-reasoning,medium,instance_00015,valid_moves,6
3873,textmapworld,Qwen3.6-35B-A3B-FP8-without-reasoning,medium,instance_00015,invalid_moves,0
3874,textmapworld,Qwen3.6-35B-A3B-FP8-without-reasoning,medium,instance_00015,stopped,1
3875,textmapworld,Qwen3.6-35B-A3B-FP8-without-reasoning,medium,instance_00015,turns_limit,0
3876,textmapworld,Qwen3.6-35B-A3B-FP8-without-reasoning,medium,instance_00015,loops,0
3877,textmapworld,Qwen3.6-35B-A3B-FP8-without-reasoning,medium,instance_00015,number_visited,4
3878,textmapworld,Qwen3.6-35B-A3B-FP8-without-reasoning,medium,instance_00015,seen,6
3879,textmapworld,Qwen3.6-35B-A3B-FP8-without-reasoning,medium,instance_00015,efficiency,50.0
3880,textmapworld,Qwen3.6-35B-A3B-FP8-without-reasoning,medium,instance_00015,exploration,66.66666666666666
3881,textmapworld,Qwen3.6-35B-A3B-FP8-without-reasoning,medium,instance_00015,Main Score,57.14285714285714
3882,textmapworld,Qwen3.6-35B-A3B-FP8-without-reasoning,medium,instance_00012,Success,0
3883,textmapworld,Qwen3.6-35B-A3B-FP8-without-reasoning,medium,instance_00012,Aborted,0
3884,textmapworld,Qwen3.6-35B-A3B-FP8-without-reasoning,medium,instance_00012,Lose,1
3885,textmapworld,Qwen3.6-35B-A3B-FP8-without-reasoning,medium,instance_00012,moves,4
3886,textmapworld,Qwen3.6-35B-A3B-FP8-without-reasoning,medium,instance_00012,valid_moves,4
3887,textmapworld,Qwen3.6-35B-A3B-FP8-without-reasoning,medium,instance_00012,invalid_moves,0
3888,textmapworld,Qwen3.6-35B-A3B-FP8-without-reasoning,medium,instance_00012,stopped,1
3889,textmapworld,Qwen3.6-35B-A3B-FP8-without-reasoning,medium,instance_00012,turns_limit,0
3890,textmapworld,Qwen3.6-35B-A3B-FP8-without-reasoning,medium,instance_00012,loops,0
3891,textmapworld,Qwen3.6-35B-A3B-FP8-without-reasoning,medium,instance_00012,number_visited,4
3892,textmapworld,Qwen3.6-35B-A3B-FP8-without-reasoning,medium,instance_00012,seen,5
3893,textmapworld,Qwen3.6-35B-A3B-FP8-without-reasoning,medium,instance_00012,efficiency,75.0
3894,textmapworld,Qwen3.6-35B-A3B-FP8-without-reasoning,medium,instance_00012,exploration,66.66666666666666
3895,textmapworld,Qwen3.6-35B-A3B-FP8-without-reasoning,medium,instance_00012,Main Score,70.58823529411764
3896,textmapworld,Qwen3.6-35B-A3B-FP8-without-reasoning,small,instance_00005,Success,0
3897,textmapworld,Qwen3.6-35B-A3B-FP8-without-reasoning,small,instance_00005,Aborted,0
3898,textmapworld,Qwen3.6-35B-A3B-FP8-without-reasoning,small,instance_00005,Lose,1
3899,textmapworld,Qwen3.6-35B-A3B-FP8-without-reasoning,small,instance_00005,moves,10
3900,textmapworld,Qwen3.6-35B-A3B-FP8-without-reasoning,small,instance_00005,valid_moves,10
3901,textmapworld,Qwen3.6-35B-A3B-FP8-without-reasoning,small,instance_00005,invalid_moves,0
3902,textmapworld,Qwen3.6-35B-A3B-FP8-without-reasoning,small,instance_00005,stopped,1
3903,textmapworld,Qwen3.6-35B-A3B-FP8-without-reasoning,small,instance_00005,turns_limit,0
3904,textmapworld,Qwen3.6-35B-A3B-FP8-without-reasoning,small,instance_00005,loops,0
3905,textmapworld,Qwen3.6-35B-A3B-FP8-without-reasoning,small,instance_00005,number_visited,3
3906,textmapworld,Qwen3.6-35B-A3B-FP8-without-reasoning,small,instance_00005,seen,4
3907,textmapworld,Qwen3.6-35B-A3B-FP8-without-reasoning,small,instance_00005,efficiency,60.0
3908,textmapworld,Qwen3.6-35B-A3B-FP8-without-reasoning,small,instance_00005,exploration,75.0
3909,textmapworld,Qwen3.6-35B-A3B-FP8-without-reasoning,small,instance_00005,Main Score,66.66666666666667
3910,textmapworld,Qwen3.6-35B-A3B-FP8-without-reasoning,small,instance_00002,Success,0
3911,textmapworld,Qwen3.6-35B-A3B-FP8-without-reasoning,small,instance_00002,Aborted,0
3912,textmapworld,Qwen3.6-35B-A3B-FP8-without-reasoning,small,instance_00002,Lose,1
3913,textmapworld,Qwen3.6-35B-A3B-FP8-without-reasoning,small,instance_00002,moves,1
3914,textmapworld,Qwen3.6-35B-A3B-FP8-without-reasoning,small,instance_00002,valid_moves,1
3915,textmapworld,Qwen3.6-35B-A3B-FP8-without-reasoning,small,instance_00002,invalid_moves,0
3916,textmapworld,Qwen3.6-35B-A3B-FP8-without-reasoning,small,instance_00002,stopped,1
3917,textmapworld,Qwen3.6-35B-A3B-FP8-without-reasoning,small,instance_00002,turns_limit,0
3918,textmapworld,Qwen3.6-35B-A3B-FP8-without-reasoning,small,instance_00002,loops,0
3919,textmapworld,Qwen3.6-35B-A3B-FP8-without-reasoning,small,instance_00002,number_visited,2
3920,textmapworld,Qwen3.6-35B-A3B-FP8-without-reasoning,small,instance_00002,seen,3
3921,textmapworld,Qwen3.6-35B-A3B-FP8-without-reasoning,small,instance_00002,efficiency,100.0
3922,textmapworld,Qwen3.6-35B-A3B-FP8-without-reasoning,small,instance_00002,exploration,50.0
3923,textmapworld,Qwen3.6-35B-A3B-FP8-without-reasoning,small,instance_00002,Main Score,66.66666666666667
3924,textmapworld,Qwen3.6-35B-A3B-FP8-without-reasoning,small,instance_00003,Success,0
3925,textmapworld,Qwen3.6-35B-A3B-FP8-without-reasoning,small,instance_00003,Aborted,0
3926,textmapworld,Qwen3.6-35B-A3B-FP8-without-reasoning,small,instance_00003,Lose,1
3927,textmapworld,Qwen3.6-35B-A3B-FP8-without-reasoning,small,instance_00003,moves,4
3928,textmapworld,Qwen3.6-35B-A3B-FP8-without-reasoning,small,instance_00003,valid_moves,4
3929,textmapworld,Qwen3.6-35B-A3B-FP8-without-reasoning,small,instance_00003,invalid_moves,0
3930,textmapworld,Qwen3.6-35B-A3B-FP8-without-reasoning,small,instance_00003,stopped,1
3931,textmapworld,Qwen3.6-35B-A3B-FP8-without-reasoning,small,instance_00003,turns_limit,0
3932,textmapworld,Qwen3.6-35B-A3B-FP8-without-reasoning,small,instance_00003,loops,0
3933,textmapworld,Qwen3.6-35B-A3B-FP8-without-reasoning,small,instance_00003,number_visited,3
3934,textmapworld,Qwen3.6-35B-A3B-FP8-without-reasoning,small,instance_00003,seen,4
3935,textmapworld,Qwen3.6-35B-A3B-FP8-without-reasoning,small,instance_00003,efficiency,75.0
3936,textmapworld,Qwen3.6-35B-A3B-FP8-without-reasoning,small,instance_00003,exploration,75.0
3937,textmapworld,Qwen3.6-35B-A3B-FP8-without-reasoning,small,instance_00003,Main Score,75.0
3938,textmapworld,Qwen3.6-35B-A3B-FP8-without-reasoning,small,instance_00004,Success,0
3939,textmapworld,Qwen3.6-35B-A3B-FP8-without-reasoning,small,instance_00004,Aborted,0
3940,textmapworld,Qwen3.6-35B-A3B-FP8-without-reasoning,small,instance_00004,Lose,1
3941,textmapworld,Qwen3.6-35B-A3B-FP8-without-reasoning,small,instance_00004,moves,2
3942,textmapworld,Qwen3.6-35B-A3B-FP8-without-reasoning,small,instance_00004,valid_moves,2
3943,textmapworld,Qwen3.6-35B-A3B-FP8-without-reasoning,small,instance_00004,invalid_moves,0
3944,textmapworld,Qwen3.6-35B-A3B-FP8-without-reasoning,small,instance_00004,stopped,1
3945,textmapworld,Qwen3.6-35B-A3B-FP8-without-reasoning,small,instance_00004,turns_limit,0
3946,textmapworld,Qwen3.6-35B-A3B-FP8-without-reasoning,small,instance_00004,loops,0
3947,textmapworld,Qwen3.6-35B-A3B-FP8-without-reasoning,small,instance_00004,number_visited,2
3948,textmapworld,Qwen3.6-35B-A3B-FP8-without-reasoning,small,instance_00004,seen,3
3949,textmapworld,Qwen3.6-35B-A3B-FP8-without-reasoning,small,instance_00004,efficiency,50.0
3950,textmapworld,Qwen3.6-35B-A3B-FP8-without-reasoning,small,instance_00004,exploration,50.0
3951,textmapworld,Qwen3.6-35B-A3B-FP8-without-reasoning,small,instance_00004,Main Score,50.0
3952,textmapworld,Qwen3.6-35B-A3B-FP8-without-reasoning,small,instance_00008,Success,0
3953,textmapworld,Qwen3.6-35B-A3B-FP8-without-reasoning,small,instance_00008,Aborted,0
3954,textmapworld,Qwen3.6-35B-A3B-FP8-without-reasoning,small,instance_00008,Lose,1
3955,textmapworld,Qwen3.6-35B-A3B-FP8-without-reasoning,small,instance_00008,moves,2
3956,textmapworld,Qwen3.6-35B-A3B-FP8-without-reasoning,small,instance_00008,valid_moves,2
3957,textmapworld,Qwen3.6-35B-A3B-FP8-without-reasoning,small,instance_00008,invalid_moves,0
3958,textmapworld,Qwen3.6-35B-A3B-FP8-without-reasoning,small,instance_00008,stopped,1
3959,textmapworld,Qwen3.6-35B-A3B-FP8-without-reasoning,small,instance_00008,turns_limit,0
3960,textmapworld,Qwen3.6-35B-A3B-FP8-without-reasoning,small,instance_00008,loops,0
3961,textmapworld,Qwen3.6-35B-A3B-FP8-without-reasoning,small,instance_00008,number_visited,2
3962,textmapworld,Qwen3.6-35B-A3B-FP8-without-reasoning,small,instance_00008,seen,3
3963,textmapworld,Qwen3.6-35B-A3B-FP8-without-reasoning,small,instance_00008,efficiency,50.0
3964,textmapworld,Qwen3.6-35B-A3B-FP8-without-reasoning,small,instance_00008,exploration,50.0
3965,textmapworld,Qwen3.6-35B-A3B-FP8-without-reasoning,small,instance_00008,Main Score,50.0
3966,textmapworld,Qwen3.6-35B-A3B-FP8-without-reasoning,small,instance_00001,Success,1
3967,textmapworld,Qwen3.6-35B-A3B-FP8-without-reasoning,small,instance_00001,Aborted,0
3968,textmapworld,Qwen3.6-35B-A3B-FP8-without-reasoning,small,instance_00001,Lose,0
3969,textmapworld,Qwen3.6-35B-A3B-FP8-without-reasoning,small,instance_00001,moves,4
3970,textmapworld,Qwen3.6-35B-A3B-FP8-without-reasoning,small,instance_00001,valid_moves,4
3971,textmapworld,Qwen3.6-35B-A3B-FP8-without-reasoning,small,instance_00001,invalid_moves,0
3972,textmapworld,Qwen3.6-35B-A3B-FP8-without-reasoning,small,instance_00001,stopped,1
3973,textmapworld,Qwen3.6-35B-A3B-FP8-without-reasoning,small,instance_00001,turns_limit,0
3974,textmapworld,Qwen3.6-35B-A3B-FP8-without-reasoning,small,instance_00001,loops,0
3975,textmapworld,Qwen3.6-35B-A3B-FP8-without-reasoning,small,instance_00001,number_visited,4
3976,textmapworld,Qwen3.6-35B-A3B-FP8-without-reasoning,small,instance_00001,seen,4
3977,textmapworld,Qwen3.6-35B-A3B-FP8-without-reasoning,small,instance_00001,efficiency,75.0
3978,textmapworld,Qwen3.6-35B-A3B-FP8-without-reasoning,small,instance_00001,exploration,100.0
3979,textmapworld,Qwen3.6-35B-A3B-FP8-without-reasoning,small,instance_00001,Main Score,85.71428571428571
3980,textmapworld,Qwen3.6-35B-A3B-FP8-without-reasoning,small,instance_00006,Success,1
3981,textmapworld,Qwen3.6-35B-A3B-FP8-without-reasoning,small,instance_00006,Aborted,0
3982,textmapworld,Qwen3.6-35B-A3B-FP8-without-reasoning,small,instance_00006,Lose,0
3983,textmapworld,Qwen3.6-35B-A3B-FP8-without-reasoning,small,instance_00006,moves,3
3984,textmapworld,Qwen3.6-35B-A3B-FP8-without-reasoning,small,instance_00006,valid_moves,3
3985,textmapworld,Qwen3.6-35B-A3B-FP8-without-reasoning,small,instance_00006,invalid_moves,0
3986,textmapworld,Qwen3.6-35B-A3B-FP8-without-reasoning,small,instance_00006,stopped,1
3987,textmapworld,Qwen3.6-35B-A3B-FP8-without-reasoning,small,instance_00006,turns_limit,0
3988,textmapworld,Qwen3.6-35B-A3B-FP8-without-reasoning,small,instance_00006,loops,0
3989,textmapworld,Qwen3.6-35B-A3B-FP8-without-reasoning,small,instance_00006,number_visited,4
3990,textmapworld,Qwen3.6-35B-A3B-FP8-without-reasoning,small,instance_00006,seen,4
3991,textmapworld,Qwen3.6-35B-A3B-FP8-without-reasoning,small,instance_00006,efficiency,100.0
3992,textmapworld,Qwen3.6-35B-A3B-FP8-without-reasoning,small,instance_00006,exploration,100.0
3993,textmapworld,Qwen3.6-35B-A3B-FP8-without-reasoning,small,instance_00006,Main Score,100.0
3994,textmapworld,Qwen3.6-35B-A3B-FP8-without-reasoning,small,instance_00007,Success,1
3995,textmapworld,Qwen3.6-35B-A3B-FP8-without-reasoning,small,instance_00007,Aborted,0
3996,textmapworld,Qwen3.6-35B-A3B-FP8-without-reasoning,small,instance_00007,Lose,0
3997,textmapworld,Qwen3.6-35B-A3B-FP8-without-reasoning,small,instance_00007,moves,3
3998,textmapworld,Qwen3.6-35B-A3B-FP8-without-reasoning,small,instance_00007,valid_moves,3
3999,textmapworld,Qwen3.6-35B-A3B-FP8-without-reasoning,small,instance_00007,invalid_moves,0
4000,textmapworld,Qwen3.6-35B-A3B-FP8-without-reasoning,small,instance_00007,stopped,1
4001,textmapworld,Qwen3.6-35B-A3B-FP8-without-reasoning,small,instance_00007,turns_limit,0
4002,textmapworld,Qwen3.6-35B-A3B-FP8-without-reasoning,small,instance_00007,loops,0
4003,textmapworld,Qwen3.6-35B-A3B-FP8-without-reasoning,small,instance_00007,number_visited,4
4004,textmapworld,Qwen3.6-35B-A3B-FP8-without-reasoning,small,instance_00007,seen,4
4005,textmapworld,Qwen3.6-35B-A3B-FP8-without-reasoning,small,instance_00007,efficiency,100.0
4006,textmapworld,Qwen3.6-35B-A3B-FP8-without-reasoning,small,instance_00007,exploration,100.0
4007,textmapworld,Qwen3.6-35B-A3B-FP8-without-reasoning,small,instance_00007,Main Score,100.0
4008,textmapworld,Qwen3.6-35B-A3B-FP8-without-reasoning,small,instance_00000,Success,0
4009,textmapworld,Qwen3.6-35B-A3B-FP8-without-reasoning,small,instance_00000,Aborted,0
4010,textmapworld,Qwen3.6-35B-A3B-FP8-without-reasoning,small,instance_00000,Lose,1
4011,textmapworld,Qwen3.6-35B-A3B-FP8-without-reasoning,small,instance_00000,moves,2
4012,textmapworld,Qwen3.6-35B-A3B-FP8-without-reasoning,small,instance_00000,valid_moves,2
4013,textmapworld,Qwen3.6-35B-A3B-FP8-without-reasoning,small,instance_00000,invalid_moves,0
4014,textmapworld,Qwen3.6-35B-A3B-FP8-without-reasoning,small,instance_00000,stopped,1
4015,textmapworld,Qwen3.6-35B-A3B-FP8-without-reasoning,small,instance_00000,turns_limit,0
4016,textmapworld,Qwen3.6-35B-A3B-FP8-without-reasoning,small,instance_00000,loops,0
4017,textmapworld,Qwen3.6-35B-A3B-FP8-without-reasoning,small,instance_00000,number_visited,2
4018,textmapworld,Qwen3.6-35B-A3B-FP8-without-reasoning,small,instance_00000,seen,3
4019,textmapworld,Qwen3.6-35B-A3B-FP8-without-reasoning,small,instance_00000,efficiency,50.0
4020,textmapworld,Qwen3.6-35B-A3B-FP8-without-reasoning,small,instance_00000,exploration,50.0
4021,textmapworld,Qwen3.6-35B-A3B-FP8-without-reasoning,small,instance_00000,Main Score,50.0
4022,textmapworld,Qwen3.6-35B-A3B-FP8-without-reasoning,small,instance_00009,Success,0
4023,textmapworld,Qwen3.6-35B-A3B-FP8-without-reasoning,small,instance_00009,Aborted,0
4024,textmapworld,Qwen3.6-35B-A3B-FP8-without-reasoning,small,instance_00009,Lose,1
4025,textmapworld,Qwen3.6-35B-A3B-FP8-without-reasoning,small,instance_00009,moves,4
4026,textmapworld,Qwen3.6-35B-A3B-FP8-without-reasoning,small,instance_00009,valid_moves,4
4027,textmapworld,Qwen3.6-35B-A3B-FP8-without-reasoning,small,instance_00009,invalid_moves,0
4028,textmapworld,Qwen3.6-35B-A3B-FP8-without-reasoning,small,instance_00009,stopped,1
4029,textmapworld,Qwen3.6-35B-A3B-FP8-without-reasoning,small,instance_00009,turns_limit,0
4030,textmapworld,Qwen3.6-35B-A3B-FP8-without-reasoning,small,instance_00009,loops,0
4031,textmapworld,Qwen3.6-35B-A3B-FP8-without-reasoning,small,instance_00009,number_visited,3
4032,textmapworld,Qwen3.6-35B-A3B-FP8-without-reasoning,small,instance_00009,seen,4
4033,textmapworld,Qwen3.6-35B-A3B-FP8-without-reasoning,small,instance_00009,efficiency,50.0
4034,textmapworld,Qwen3.6-35B-A3B-FP8-without-reasoning,small,instance_00009,exploration,75.0
4035,textmapworld,Qwen3.6-35B-A3B-FP8-without-reasoning,small,instance_00009,Main Score,60.0
4036,textmapworld,Qwen3.6-35B-A3B-FP8-without-reasoning,medium_cycle,instance_00034,Success,0
4037,textmapworld,Qwen3.6-35B-A3B-FP8-without-reasoning,medium_cycle,instance_00034,Aborted,0
4038,textmapworld,Qwen3.6-35B-A3B-FP8-without-reasoning,medium_cycle,instance_00034,Lose,1
4039,textmapworld,Qwen3.6-35B-A3B-FP8-without-reasoning,medium_cycle,instance_00034,moves,6
4040,textmapworld,Qwen3.6-35B-A3B-FP8-without-reasoning,medium_cycle,instance_00034,valid_moves,6
4041,textmapworld,Qwen3.6-35B-A3B-FP8-without-reasoning,medium_cycle,instance_00034,invalid_moves,0
4042,textmapworld,Qwen3.6-35B-A3B-FP8-without-reasoning,medium_cycle,instance_00034,stopped,1
4043,textmapworld,Qwen3.6-35B-A3B-FP8-without-reasoning,medium_cycle,instance_00034,turns_limit,0
4044,textmapworld,Qwen3.6-35B-A3B-FP8-without-reasoning,medium_cycle,instance_00034,loops,0
4045,textmapworld,Qwen3.6-35B-A3B-FP8-without-reasoning,medium_cycle,instance_00034,number_visited,4
4046,textmapworld,Qwen3.6-35B-A3B-FP8-without-reasoning,medium_cycle,instance_00034,seen,6
4047,textmapworld,Qwen3.6-35B-A3B-FP8-without-reasoning,medium_cycle,instance_00034,efficiency,66.66666666666666
4048,textmapworld,Qwen3.6-35B-A3B-FP8-without-reasoning,medium_cycle,instance_00034,exploration,66.66666666666666
4049,textmapworld,Qwen3.6-35B-A3B-FP8-without-reasoning,medium_cycle,instance_00034,Main Score,66.66666666666666
4050,textmapworld,Qwen3.6-35B-A3B-FP8-without-reasoning,medium_cycle,instance_00033,Success,0
4051,textmapworld,Qwen3.6-35B-A3B-FP8-without-reasoning,medium_cycle,instance_00033,Aborted,0
4052,textmapworld,Qwen3.6-35B-A3B-FP8-without-reasoning,medium_cycle,instance_00033,Lose,1
4053,textmapworld,Qwen3.6-35B-A3B-FP8-without-reasoning,medium_cycle,instance_00033,moves,4
4054,textmapworld,Qwen3.6-35B-A3B-FP8-without-reasoning,medium_cycle,instance_00033,valid_moves,4
4055,textmapworld,Qwen3.6-35B-A3B-FP8-without-reasoning,medium_cycle,instance_00033,invalid_moves,0
4056,textmapworld,Qwen3.6-35B-A3B-FP8-without-reasoning,medium_cycle,instance_00033,stopped,1
4057,textmapworld,Qwen3.6-35B-A3B-FP8-without-reasoning,medium_cycle,instance_00033,turns_limit,0
4058,textmapworld,Qwen3.6-35B-A3B-FP8-without-reasoning,medium_cycle,instance_00033,loops,0
4059,textmapworld,Qwen3.6-35B-A3B-FP8-without-reasoning,medium_cycle,instance_00033,number_visited,4
4060,textmapworld,Qwen3.6-35B-A3B-FP8-without-reasoning,medium_cycle,instance_00033,seen,6
4061,textmapworld,Qwen3.6-35B-A3B-FP8-without-reasoning,medium_cycle,instance_00033,efficiency,75.0
4062,textmapworld,Qwen3.6-35B-A3B-FP8-without-reasoning,medium_cycle,instance_00033,exploration,66.66666666666666
4063,textmapworld,Qwen3.6-35B-A3B-FP8-without-reasoning,medium_cycle,instance_00033,Main Score,70.58823529411764
4064,textmapworld,Qwen3.6-35B-A3B-FP8-without-reasoning,medium_cycle,instance_00032,Success,0
4065,textmapworld,Qwen3.6-35B-A3B-FP8-without-reasoning,medium_cycle,instance_00032,Aborted,0
4066,textmapworld,Qwen3.6-35B-A3B-FP8-without-reasoning,medium_cycle,instance_00032,Lose,1
4067,textmapworld,Qwen3.6-35B-A3B-FP8-without-reasoning,medium_cycle,instance_00032,moves,6
4068,textmapworld,Qwen3.6-35B-A3B-FP8-without-reasoning,medium_cycle,instance_00032,valid_moves,6
4069,textmapworld,Qwen3.6-35B-A3B-FP8-without-reasoning,medium_cycle,instance_00032,invalid_moves,0
4070,textmapworld,Qwen3.6-35B-A3B-FP8-without-reasoning,medium_cycle,instance_00032,stopped,1
4071,textmapworld,Qwen3.6-35B-A3B-FP8-without-reasoning,medium_cycle,instance_00032,turns_limit,0
4072,textmapworld,Qwen3.6-35B-A3B-FP8-without-reasoning,medium_cycle,instance_00032,loops,0
4073,textmapworld,Qwen3.6-35B-A3B-FP8-without-reasoning,medium_cycle,instance_00032,number_visited,4
4074,textmapworld,Qwen3.6-35B-A3B-FP8-without-reasoning,medium_cycle,instance_00032,seen,6
4075,textmapworld,Qwen3.6-35B-A3B-FP8-without-reasoning,medium_cycle,instance_00032,efficiency,83.33333333333334
4076,textmapworld,Qwen3.6-35B-A3B-FP8-without-reasoning,medium_cycle,instance_00032,exploration,66.66666666666666
4077,textmapworld,Qwen3.6-35B-A3B-FP8-without-reasoning,medium_cycle,instance_00032,Main Score,74.07407407407408
4078,textmapworld,Qwen3.6-35B-A3B-FP8-without-reasoning,medium_cycle,instance_00035,Success,0
4079,textmapworld,Qwen3.6-35B-A3B-FP8-without-reasoning,medium_cycle,instance_00035,Aborted,0
4080,textmapworld,Qwen3.6-35B-A3B-FP8-without-reasoning,medium_cycle,instance_00035,Lose,1
4081,textmapworld,Qwen3.6-35B-A3B-FP8-without-reasoning,medium_cycle,instance_00035,moves,6
4082,textmapworld,Qwen3.6-35B-A3B-FP8-without-reasoning,medium_cycle,instance_00035,valid_moves,6
4083,textmapworld,Qwen3.6-35B-A3B-FP8-without-reasoning,medium_cycle,instance_00035,invalid_moves,0
4084,textmapworld,Qwen3.6-35B-A3B-FP8-without-reasoning,medium_cycle,instance_00035,stopped,1
4085,textmapworld,Qwen3.6-35B-A3B-FP8-without-reasoning,medium_cycle,instance_00035,turns_limit,0
4086,textmapworld,Qwen3.6-35B-A3B-FP8-without-reasoning,medium_cycle,instance_00035,loops,0
4087,textmapworld,Qwen3.6-35B-A3B-FP8-without-reasoning,medium_cycle,instance_00035,number_visited,4
4088,textmapworld,Qwen3.6-35B-A3B-FP8-without-reasoning,medium_cycle,instance_00035,seen,5
4089,textmapworld,Qwen3.6-35B-A3B-FP8-without-reasoning,medium_cycle,instance_00035,efficiency,66.66666666666666
4090,textmapworld,Qwen3.6-35B-A3B-FP8-without-reasoning,medium_cycle,instance_00035,exploration,66.66666666666666
4091,textmapworld,Qwen3.6-35B-A3B-FP8-without-reasoning,medium_cycle,instance_00035,Main Score,66.66666666666666
4092,textmapworld,Qwen3.6-35B-A3B-FP8-without-reasoning,medium_cycle,instance_00030,Success,0
4093,textmapworld,Qwen3.6-35B-A3B-FP8-without-reasoning,medium_cycle,instance_00030,Aborted,0
4094,textmapworld,Qwen3.6-35B-A3B-FP8-without-reasoning,medium_cycle,instance_00030,Lose,1
4095,textmapworld,Qwen3.6-35B-A3B-FP8-without-reasoning,medium_cycle,instance_00030,moves,8
4096,textmapworld,Qwen3.6-35B-A3B-FP8-without-reasoning,medium_cycle,instance_00030,valid_moves,8
4097,textmapworld,Qwen3.6-35B-A3B-FP8-without-reasoning,medium_cycle,instance_00030,invalid_moves,0
4098,textmapworld,Qwen3.6-35B-A3B-FP8-without-reasoning,medium_cycle,instance_00030,stopped,1
4099,textmapworld,Qwen3.6-35B-A3B-FP8-without-reasoning,medium_cycle,instance_00030,turns_limit,0
4100,textmapworld,Qwen3.6-35B-A3B-FP8-without-reasoning,medium_cycle,instance_00030,loops,0
4101,textmapworld,Qwen3.6-35B-A3B-FP8-without-reasoning,medium_cycle,instance_00030,number_visited,4
4102,textmapworld,Qwen3.6-35B-A3B-FP8-without-reasoning,medium_cycle,instance_00030,seen,5
4103,textmapworld,Qwen3.6-35B-A3B-FP8-without-reasoning,medium_cycle,instance_00030,efficiency,75.0
4104,textmapworld,Qwen3.6-35B-A3B-FP8-without-reasoning,medium_cycle,instance_00030,exploration,66.66666666666666
4105,textmapworld,Qwen3.6-35B-A3B-FP8-without-reasoning,medium_cycle,instance_00030,Main Score,70.58823529411764
4106,textmapworld,Qwen3.6-35B-A3B-FP8-without-reasoning,medium_cycle,instance_00037,Success,0
4107,textmapworld,Qwen3.6-35B-A3B-FP8-without-reasoning,medium_cycle,instance_00037,Aborted,0
4108,textmapworld,Qwen3.6-35B-A3B-FP8-without-reasoning,medium_cycle,instance_00037,Lose,1
4109,textmapworld,Qwen3.6-35B-A3B-FP8-without-reasoning,medium_cycle,instance_00037,moves,8
4110,textmapworld,Qwen3.6-35B-A3B-FP8-without-reasoning,medium_cycle,instance_00037,valid_moves,8
4111,textmapworld,Qwen3.6-35B-A3B-FP8-without-reasoning,medium_cycle,instance_00037,invalid_moves,0
4112,textmapworld,Qwen3.6-35B-A3B-FP8-without-reasoning,medium_cycle,instance_00037,stopped,1
4113,textmapworld,Qwen3.6-35B-A3B-FP8-without-reasoning,medium_cycle,instance_00037,turns_limit,0
4114,textmapworld,Qwen3.6-35B-A3B-FP8-without-reasoning,medium_cycle,instance_00037,loops,0
4115,textmapworld,Qwen3.6-35B-A3B-FP8-without-reasoning,medium_cycle,instance_00037,number_visited,5
4116,textmapworld,Qwen3.6-35B-A3B-FP8-without-reasoning,medium_cycle,instance_00037,seen,6
4117,textmapworld,Qwen3.6-35B-A3B-FP8-without-reasoning,medium_cycle,instance_00037,efficiency,75.0
4118,textmapworld,Qwen3.6-35B-A3B-FP8-without-reasoning,medium_cycle,instance_00037,exploration,83.33333333333334
4119,textmapworld,Qwen3.6-35B-A3B-FP8-without-reasoning,medium_cycle,instance_00037,Main Score,78.94736842105264
4120,textmapworld,Qwen3.6-35B-A3B-FP8-without-reasoning,medium_cycle,instance_00039,Success,1
4121,textmapworld,Qwen3.6-35B-A3B-FP8-without-reasoning,medium_cycle,instance_00039,Aborted,0
4122,textmapworld,Qwen3.6-35B-A3B-FP8-without-reasoning,medium_cycle,instance_00039,Lose,0
4123,textmapworld,Qwen3.6-35B-A3B-FP8-without-reasoning,medium_cycle,instance_00039,moves,13
4124,textmapworld,Qwen3.6-35B-A3B-FP8-without-reasoning,medium_cycle,instance_00039,valid_moves,13
4125,textmapworld,Qwen3.6-35B-A3B-FP8-without-reasoning,medium_cycle,instance_00039,invalid_moves,0
4126,textmapworld,Qwen3.6-35B-A3B-FP8-without-reasoning,medium_cycle,instance_00039,stopped,1
4127,textmapworld,Qwen3.6-35B-A3B-FP8-without-reasoning,medium_cycle,instance_00039,turns_limit,0
4128,textmapworld,Qwen3.6-35B-A3B-FP8-without-reasoning,medium_cycle,instance_00039,loops,0
4129,textmapworld,Qwen3.6-35B-A3B-FP8-without-reasoning,medium_cycle,instance_00039,number_visited,6
4130,textmapworld,Qwen3.6-35B-A3B-FP8-without-reasoning,medium_cycle,instance_00039,seen,6
4131,textmapworld,Qwen3.6-35B-A3B-FP8-without-reasoning,medium_cycle,instance_00039,efficiency,61.53846153846154
4132,textmapworld,Qwen3.6-35B-A3B-FP8-without-reasoning,medium_cycle,instance_00039,exploration,100.0
4133,textmapworld,Qwen3.6-35B-A3B-FP8-without-reasoning,medium_cycle,instance_00039,Main Score,76.19047619047619
4134,textmapworld,Qwen3.6-35B-A3B-FP8-without-reasoning,medium_cycle,instance_00038,Success,0
4135,textmapworld,Qwen3.6-35B-A3B-FP8-without-reasoning,medium_cycle,instance_00038,Aborted,0
4136,textmapworld,Qwen3.6-35B-A3B-FP8-without-reasoning,medium_cycle,instance_00038,Lose,1
4137,textmapworld,Qwen3.6-35B-A3B-FP8-without-reasoning,medium_cycle,instance_00038,moves,8
4138,textmapworld,Qwen3.6-35B-A3B-FP8-without-reasoning,medium_cycle,instance_00038,valid_moves,8
4139,textmapworld,Qwen3.6-35B-A3B-FP8-without-reasoning,medium_cycle,instance_00038,invalid_moves,0
4140,textmapworld,Qwen3.6-35B-A3B-FP8-without-reasoning,medium_cycle,instance_00038,stopped,1
4141,textmapworld,Qwen3.6-35B-A3B-FP8-without-reasoning,medium_cycle,instance_00038,turns_limit,0
4142,textmapworld,Qwen3.6-35B-A3B-FP8-without-reasoning,medium_cycle,instance_00038,loops,0
4143,textmapworld,Qwen3.6-35B-A3B-FP8-without-reasoning,medium_cycle,instance_00038,number_visited,5
4144,textmapworld,Qwen3.6-35B-A3B-FP8-without-reasoning,medium_cycle,instance_00038,seen,6
4145,textmapworld,Qwen3.6-35B-A3B-FP8-without-reasoning,medium_cycle,instance_00038,efficiency,62.5
4146,textmapworld,Qwen3.6-35B-A3B-FP8-without-reasoning,medium_cycle,instance_00038,exploration,83.33333333333334
4147,textmapworld,Qwen3.6-35B-A3B-FP8-without-reasoning,medium_cycle,instance_00038,Main Score,71.42857142857143
4148,textmapworld,Qwen3.6-35B-A3B-FP8-without-reasoning,medium_cycle,instance_00036,Success,0
4149,textmapworld,Qwen3.6-35B-A3B-FP8-without-reasoning,medium_cycle,instance_00036,Aborted,0
4150,textmapworld,Qwen3.6-35B-A3B-FP8-without-reasoning,medium_cycle,instance_00036,Lose,1
4151,textmapworld,Qwen3.6-35B-A3B-FP8-without-reasoning,medium_cycle,instance_00036,moves,6
4152,textmapworld,Qwen3.6-35B-A3B-FP8-without-reasoning,medium_cycle,instance_00036,valid_moves,6
4153,textmapworld,Qwen3.6-35B-A3B-FP8-without-reasoning,medium_cycle,instance_00036,invalid_moves,0
4154,textmapworld,Qwen3.6-35B-A3B-FP8-without-reasoning,medium_cycle,instance_00036,stopped,1
4155,textmapworld,Qwen3.6-35B-A3B-FP8-without-reasoning,medium_cycle,instance_00036,turns_limit,0
4156,textmapworld,Qwen3.6-35B-A3B-FP8-without-reasoning,medium_cycle,instance_00036,loops,0
4157,textmapworld,Qwen3.6-35B-A3B-FP8-without-reasoning,medium_cycle,instance_00036,number_visited,5
4158,textmapworld,Qwen3.6-35B-A3B-FP8-without-reasoning,medium_cycle,instance_00036,seen,6
4159,textmapworld,Qwen3.6-35B-A3B-FP8-without-reasoning,medium_cycle,instance_00036,efficiency,66.66666666666666
4160,textmapworld,Qwen3.6-35B-A3B-FP8-without-reasoning,medium_cycle,instance_00036,exploration,83.33333333333334
4161,textmapworld,Qwen3.6-35B-A3B-FP8-without-reasoning,medium_cycle,instance_00036,Main Score,74.07407407407408
4162,textmapworld,Qwen3.6-35B-A3B-FP8-without-reasoning,medium_cycle,instance_00031,Success,0
4163,textmapworld,Qwen3.6-35B-A3B-FP8-without-reasoning,medium_cycle,instance_00031,Aborted,0
4164,textmapworld,Qwen3.6-35B-A3B-FP8-without-reasoning,medium_cycle,instance_00031,Lose,1
4165,textmapworld,Qwen3.6-35B-A3B-FP8-without-reasoning,medium_cycle,instance_00031,moves,5
4166,textmapworld,Qwen3.6-35B-A3B-FP8-without-reasoning,medium_cycle,instance_00031,valid_moves,5
4167,textmapworld,Qwen3.6-35B-A3B-FP8-without-reasoning,medium_cycle,instance_00031,invalid_moves,0
4168,textmapworld,Qwen3.6-35B-A3B-FP8-without-reasoning,medium_cycle,instance_00031,stopped,1
4169,textmapworld,Qwen3.6-35B-A3B-FP8-without-reasoning,medium_cycle,instance_00031,turns_limit,0
4170,textmapworld,Qwen3.6-35B-A3B-FP8-without-reasoning,medium_cycle,instance_00031,loops,0
4171,textmapworld,Qwen3.6-35B-A3B-FP8-without-reasoning,medium_cycle,instance_00031,number_visited,5
4172,textmapworld,Qwen3.6-35B-A3B-FP8-without-reasoning,medium_cycle,instance_00031,seen,6
4173,textmapworld,Qwen3.6-35B-A3B-FP8-without-reasoning,medium_cycle,instance_00031,efficiency,80.0
4174,textmapworld,Qwen3.6-35B-A3B-FP8-without-reasoning,medium_cycle,instance_00031,exploration,83.33333333333334
4175,textmapworld,Qwen3.6-35B-A3B-FP8-without-reasoning,medium_cycle,instance_00031,Main Score,81.6326530612245
4176,matchit_ascii,Qwen3.6-35B-A3B-FP8-without-reasoning,similar_grid_1,instance_00002,Violated Request Count,0
4177,matchit_ascii,Qwen3.6-35B-A3B-FP8-without-reasoning,similar_grid_1,instance_00002,Parsed Request Count,16
4178,matchit_ascii,Qwen3.6-35B-A3B-FP8-without-reasoning,similar_grid_1,instance_00002,Request Count,16
4179,matchit_ascii,Qwen3.6-35B-A3B-FP8-without-reasoning,similar_grid_1,instance_00002,Aborted,0
4180,matchit_ascii,Qwen3.6-35B-A3B-FP8-without-reasoning,similar_grid_1,instance_00002,Success,1
4181,matchit_ascii,Qwen3.6-35B-A3B-FP8-without-reasoning,similar_grid_1,instance_00002,Lose,0
4182,matchit_ascii,Qwen3.6-35B-A3B-FP8-without-reasoning,similar_grid_1,instance_00002,Main Score,100
4183,matchit_ascii,Qwen3.6-35B-A3B-FP8-without-reasoning,similar_grid_1,instance_00002,Player Score,100
4184,matchit_ascii,Qwen3.6-35B-A3B-FP8-without-reasoning,similar_grid_1,instance_00003,Violated Request Count,0
4185,matchit_ascii,Qwen3.6-35B-A3B-FP8-without-reasoning,similar_grid_1,instance_00003,Parsed Request Count,16
4186,matchit_ascii,Qwen3.6-35B-A3B-FP8-without-reasoning,similar_grid_1,instance_00003,Request Count,16
4187,matchit_ascii,Qwen3.6-35B-A3B-FP8-without-reasoning,similar_grid_1,instance_00003,Aborted,0
4188,matchit_ascii,Qwen3.6-35B-A3B-FP8-without-reasoning,similar_grid_1,instance_00003,Success,1
4189,matchit_ascii,Qwen3.6-35B-A3B-FP8-without-reasoning,similar_grid_1,instance_00003,Lose,0
4190,matchit_ascii,Qwen3.6-35B-A3B-FP8-without-reasoning,similar_grid_1,instance_00003,Main Score,100
4191,matchit_ascii,Qwen3.6-35B-A3B-FP8-without-reasoning,similar_grid_1,instance_00003,Player Score,100
4192,matchit_ascii,Qwen3.6-35B-A3B-FP8-without-reasoning,similar_grid_1,instance_00004,Violated Request Count,0
4193,matchit_ascii,Qwen3.6-35B-A3B-FP8-without-reasoning,similar_grid_1,instance_00004,Parsed Request Count,16
4194,matchit_ascii,Qwen3.6-35B-A3B-FP8-without-reasoning,similar_grid_1,instance_00004,Request Count,16
4195,matchit_ascii,Qwen3.6-35B-A3B-FP8-without-reasoning,similar_grid_1,instance_00004,Aborted,0
4196,matchit_ascii,Qwen3.6-35B-A3B-FP8-without-reasoning,similar_grid_1,instance_00004,Success,1
4197,matchit_ascii,Qwen3.6-35B-A3B-FP8-without-reasoning,similar_grid_1,instance_00004,Lose,0
4198,matchit_ascii,Qwen3.6-35B-A3B-FP8-without-reasoning,similar_grid_1,instance_00004,Main Score,100
4199,matchit_ascii,Qwen3.6-35B-A3B-FP8-without-reasoning,similar_grid_1,instance_00004,Player Score,100
4200,matchit_ascii,Qwen3.6-35B-A3B-FP8-without-reasoning,similar_grid_1,instance_00001,Violated Request Count,0
4201,matchit_ascii,Qwen3.6-35B-A3B-FP8-without-reasoning,similar_grid_1,instance_00001,Parsed Request Count,16
4202,matchit_ascii,Qwen3.6-35B-A3B-FP8-without-reasoning,similar_grid_1,instance_00001,Request Count,16
4203,matchit_ascii,Qwen3.6-35B-A3B-FP8-without-reasoning,similar_grid_1,instance_00001,Aborted,0
4204,matchit_ascii,Qwen3.6-35B-A3B-FP8-without-reasoning,similar_grid_1,instance_00001,Success,1
4205,matchit_ascii,Qwen3.6-35B-A3B-FP8-without-reasoning,similar_grid_1,instance_00001,Lose,0
4206,matchit_ascii,Qwen3.6-35B-A3B-FP8-without-reasoning,similar_grid_1,instance_00001,Main Score,100
4207,matchit_ascii,Qwen3.6-35B-A3B-FP8-without-reasoning,similar_grid_1,instance_00001,Player Score,100
4208,matchit_ascii,Qwen3.6-35B-A3B-FP8-without-reasoning,similar_grid_1,instance_00000,Violated Request Count,0
4209,matchit_ascii,Qwen3.6-35B-A3B-FP8-without-reasoning,similar_grid_1,instance_00000,Parsed Request Count,16
4210,matchit_ascii,Qwen3.6-35B-A3B-FP8-without-reasoning,similar_grid_1,instance_00000,Request Count,16
4211,matchit_ascii,Qwen3.6-35B-A3B-FP8-without-reasoning,similar_grid_1,instance_00000,Aborted,0
4212,matchit_ascii,Qwen3.6-35B-A3B-FP8-without-reasoning,similar_grid_1,instance_00000,Success,1
4213,matchit_ascii,Qwen3.6-35B-A3B-FP8-without-reasoning,similar_grid_1,instance_00000,Lose,0
4214,matchit_ascii,Qwen3.6-35B-A3B-FP8-without-reasoning,similar_grid_1,instance_00000,Main Score,100
4215,matchit_ascii,Qwen3.6-35B-A3B-FP8-without-reasoning,similar_grid_1,instance_00000,Player Score,100
4216,matchit_ascii,Qwen3.6-35B-A3B-FP8-without-reasoning,same_grid,instance_00002,Violated Request Count,0
4217,matchit_ascii,Qwen3.6-35B-A3B-FP8-without-reasoning,same_grid,instance_00002,Parsed Request Count,16
4218,matchit_ascii,Qwen3.6-35B-A3B-FP8-without-reasoning,same_grid,instance_00002,Request Count,16
4219,matchit_ascii,Qwen3.6-35B-A3B-FP8-without-reasoning,same_grid,instance_00002,Aborted,0
4220,matchit_ascii,Qwen3.6-35B-A3B-FP8-without-reasoning,same_grid,instance_00002,Success,1
4221,matchit_ascii,Qwen3.6-35B-A3B-FP8-without-reasoning,same_grid,instance_00002,Lose,0
4222,matchit_ascii,Qwen3.6-35B-A3B-FP8-without-reasoning,same_grid,instance_00002,Main Score,100
4223,matchit_ascii,Qwen3.6-35B-A3B-FP8-without-reasoning,same_grid,instance_00002,Player Score,100
4224,matchit_ascii,Qwen3.6-35B-A3B-FP8-without-reasoning,same_grid,instance_00003,Violated Request Count,0
4225,matchit_ascii,Qwen3.6-35B-A3B-FP8-without-reasoning,same_grid,instance_00003,Parsed Request Count,16
4226,matchit_ascii,Qwen3.6-35B-A3B-FP8-without-reasoning,same_grid,instance_00003,Request Count,16
4227,matchit_ascii,Qwen3.6-35B-A3B-FP8-without-reasoning,same_grid,instance_00003,Aborted,0
4228,matchit_ascii,Qwen3.6-35B-A3B-FP8-without-reasoning,same_grid,instance_00003,Success,1
4229,matchit_ascii,Qwen3.6-35B-A3B-FP8-without-reasoning,same_grid,instance_00003,Lose,0
4230,matchit_ascii,Qwen3.6-35B-A3B-FP8-without-reasoning,same_grid,instance_00003,Main Score,100
4231,matchit_ascii,Qwen3.6-35B-A3B-FP8-without-reasoning,same_grid,instance_00003,Player Score,100
4232,matchit_ascii,Qwen3.6-35B-A3B-FP8-without-reasoning,same_grid,instance_00004,Violated Request Count,0
4233,matchit_ascii,Qwen3.6-35B-A3B-FP8-without-reasoning,same_grid,instance_00004,Parsed Request Count,16
4234,matchit_ascii,Qwen3.6-35B-A3B-FP8-without-reasoning,same_grid,instance_00004,Request Count,16
4235,matchit_ascii,Qwen3.6-35B-A3B-FP8-without-reasoning,same_grid,instance_00004,Aborted,0
4236,matchit_ascii,Qwen3.6-35B-A3B-FP8-without-reasoning,same_grid,instance_00004,Success,1
4237,matchit_ascii,Qwen3.6-35B-A3B-FP8-without-reasoning,same_grid,instance_00004,Lose,0
4238,matchit_ascii,Qwen3.6-35B-A3B-FP8-without-reasoning,same_grid,instance_00004,Main Score,100
4239,matchit_ascii,Qwen3.6-35B-A3B-FP8-without-reasoning,same_grid,instance_00004,Player Score,100
4240,matchit_ascii,Qwen3.6-35B-A3B-FP8-without-reasoning,same_grid,instance_00001,Violated Request Count,0
4241,matchit_ascii,Qwen3.6-35B-A3B-FP8-without-reasoning,same_grid,instance_00001,Parsed Request Count,16
4242,matchit_ascii,Qwen3.6-35B-A3B-FP8-without-reasoning,same_grid,instance_00001,Request Count,16
4243,matchit_ascii,Qwen3.6-35B-A3B-FP8-without-reasoning,same_grid,instance_00001,Aborted,0
4244,matchit_ascii,Qwen3.6-35B-A3B-FP8-without-reasoning,same_grid,instance_00001,Success,1
4245,matchit_ascii,Qwen3.6-35B-A3B-FP8-without-reasoning,same_grid,instance_00001,Lose,0
4246,matchit_ascii,Qwen3.6-35B-A3B-FP8-without-reasoning,same_grid,instance_00001,Main Score,100
4247,matchit_ascii,Qwen3.6-35B-A3B-FP8-without-reasoning,same_grid,instance_00001,Player Score,100
4248,matchit_ascii,Qwen3.6-35B-A3B-FP8-without-reasoning,same_grid,instance_00000,Violated Request Count,0
4249,matchit_ascii,Qwen3.6-35B-A3B-FP8-without-reasoning,same_grid,instance_00000,Parsed Request Count,16
4250,matchit_ascii,Qwen3.6-35B-A3B-FP8-without-reasoning,same_grid,instance_00000,Request Count,16
4251,matchit_ascii,Qwen3.6-35B-A3B-FP8-without-reasoning,same_grid,instance_00000,Aborted,0
4252,matchit_ascii,Qwen3.6-35B-A3B-FP8-without-reasoning,same_grid,instance_00000,Success,1
4253,matchit_ascii,Qwen3.6-35B-A3B-FP8-without-reasoning,same_grid,instance_00000,Lose,0
4254,matchit_ascii,Qwen3.6-35B-A3B-FP8-without-reasoning,same_grid,instance_00000,Main Score,100
4255,matchit_ascii,Qwen3.6-35B-A3B-FP8-without-reasoning,same_grid,instance_00000,Player Score,100
4256,matchit_ascii,Qwen3.6-35B-A3B-FP8-without-reasoning,similar_grid_2,instance_00002,Violated Request Count,0
4257,matchit_ascii,Qwen3.6-35B-A3B-FP8-without-reasoning,similar_grid_2,instance_00002,Parsed Request Count,16
4258,matchit_ascii,Qwen3.6-35B-A3B-FP8-without-reasoning,similar_grid_2,instance_00002,Request Count,16
4259,matchit_ascii,Qwen3.6-35B-A3B-FP8-without-reasoning,similar_grid_2,instance_00002,Aborted,0
4260,matchit_ascii,Qwen3.6-35B-A3B-FP8-without-reasoning,similar_grid_2,instance_00002,Success,1
4261,matchit_ascii,Qwen3.6-35B-A3B-FP8-without-reasoning,similar_grid_2,instance_00002,Lose,0
4262,matchit_ascii,Qwen3.6-35B-A3B-FP8-without-reasoning,similar_grid_2,instance_00002,Main Score,100
4263,matchit_ascii,Qwen3.6-35B-A3B-FP8-without-reasoning,similar_grid_2,instance_00002,Player Score,100
4264,matchit_ascii,Qwen3.6-35B-A3B-FP8-without-reasoning,similar_grid_2,instance_00003,Violated Request Count,0
4265,matchit_ascii,Qwen3.6-35B-A3B-FP8-without-reasoning,similar_grid_2,instance_00003,Parsed Request Count,16
4266,matchit_ascii,Qwen3.6-35B-A3B-FP8-without-reasoning,similar_grid_2,instance_00003,Request Count,16
4267,matchit_ascii,Qwen3.6-35B-A3B-FP8-without-reasoning,similar_grid_2,instance_00003,Aborted,0
4268,matchit_ascii,Qwen3.6-35B-A3B-FP8-without-reasoning,similar_grid_2,instance_00003,Success,0
4269,matchit_ascii,Qwen3.6-35B-A3B-FP8-without-reasoning,similar_grid_2,instance_00003,Lose,1
4270,matchit_ascii,Qwen3.6-35B-A3B-FP8-without-reasoning,similar_grid_2,instance_00003,Main Score,0
4271,matchit_ascii,Qwen3.6-35B-A3B-FP8-without-reasoning,similar_grid_2,instance_00003,Player Score,50
4272,matchit_ascii,Qwen3.6-35B-A3B-FP8-without-reasoning,similar_grid_2,instance_00004,Violated Request Count,0
4273,matchit_ascii,Qwen3.6-35B-A3B-FP8-without-reasoning,similar_grid_2,instance_00004,Parsed Request Count,16
4274,matchit_ascii,Qwen3.6-35B-A3B-FP8-without-reasoning,similar_grid_2,instance_00004,Request Count,16
4275,matchit_ascii,Qwen3.6-35B-A3B-FP8-without-reasoning,similar_grid_2,instance_00004,Aborted,0
4276,matchit_ascii,Qwen3.6-35B-A3B-FP8-without-reasoning,similar_grid_2,instance_00004,Success,0
4277,matchit_ascii,Qwen3.6-35B-A3B-FP8-without-reasoning,similar_grid_2,instance_00004,Lose,1
4278,matchit_ascii,Qwen3.6-35B-A3B-FP8-without-reasoning,similar_grid_2,instance_00004,Main Score,0
4279,matchit_ascii,Qwen3.6-35B-A3B-FP8-without-reasoning,similar_grid_2,instance_00004,Player Score,0
4280,matchit_ascii,Qwen3.6-35B-A3B-FP8-without-reasoning,similar_grid_2,instance_00001,Violated Request Count,0
4281,matchit_ascii,Qwen3.6-35B-A3B-FP8-without-reasoning,similar_grid_2,instance_00001,Parsed Request Count,16
4282,matchit_ascii,Qwen3.6-35B-A3B-FP8-without-reasoning,similar_grid_2,instance_00001,Request Count,16
4283,matchit_ascii,Qwen3.6-35B-A3B-FP8-without-reasoning,similar_grid_2,instance_00001,Aborted,0
4284,matchit_ascii,Qwen3.6-35B-A3B-FP8-without-reasoning,similar_grid_2,instance_00001,Success,1
4285,matchit_ascii,Qwen3.6-35B-A3B-FP8-without-reasoning,similar_grid_2,instance_00001,Lose,0
4286,matchit_ascii,Qwen3.6-35B-A3B-FP8-without-reasoning,similar_grid_2,instance_00001,Main Score,100
4287,matchit_ascii,Qwen3.6-35B-A3B-FP8-without-reasoning,similar_grid_2,instance_00001,Player Score,100
4288,matchit_ascii,Qwen3.6-35B-A3B-FP8-without-reasoning,similar_grid_2,instance_00000,Violated Request Count,0
4289,matchit_ascii,Qwen3.6-35B-A3B-FP8-without-reasoning,similar_grid_2,instance_00000,Parsed Request Count,16
4290,matchit_ascii,Qwen3.6-35B-A3B-FP8-without-reasoning,similar_grid_2,instance_00000,Request Count,16
4291,matchit_ascii,Qwen3.6-35B-A3B-FP8-without-reasoning,similar_grid_2,instance_00000,Aborted,0
4292,matchit_ascii,Qwen3.6-35B-A3B-FP8-without-reasoning,similar_grid_2,instance_00000,Success,1
4293,matchit_ascii,Qwen3.6-35B-A3B-FP8-without-reasoning,similar_grid_2,instance_00000,Lose,0
4294,matchit_ascii,Qwen3.6-35B-A3B-FP8-without-reasoning,similar_grid_2,instance_00000,Main Score,100
4295,matchit_ascii,Qwen3.6-35B-A3B-FP8-without-reasoning,similar_grid_2,instance_00000,Player Score,100
4296,matchit_ascii,Qwen3.6-35B-A3B-FP8-without-reasoning,different_grid,instance_00002,Violated Request Count,0
4297,matchit_ascii,Qwen3.6-35B-A3B-FP8-without-reasoning,different_grid,instance_00002,Parsed Request Count,16
4298,matchit_ascii,Qwen3.6-35B-A3B-FP8-without-reasoning,different_grid,instance_00002,Request Count,16
4299,matchit_ascii,Qwen3.6-35B-A3B-FP8-without-reasoning,different_grid,instance_00002,Aborted,0
4300,matchit_ascii,Qwen3.6-35B-A3B-FP8-without-reasoning,different_grid,instance_00002,Success,1
4301,matchit_ascii,Qwen3.6-35B-A3B-FP8-without-reasoning,different_grid,instance_00002,Lose,0
4302,matchit_ascii,Qwen3.6-35B-A3B-FP8-without-reasoning,different_grid,instance_00002,Main Score,100
4303,matchit_ascii,Qwen3.6-35B-A3B-FP8-without-reasoning,different_grid,instance_00002,Player Score,100
4304,matchit_ascii,Qwen3.6-35B-A3B-FP8-without-reasoning,different_grid,instance_00003,Violated Request Count,0
4305,matchit_ascii,Qwen3.6-35B-A3B-FP8-without-reasoning,different_grid,instance_00003,Parsed Request Count,16
4306,matchit_ascii,Qwen3.6-35B-A3B-FP8-without-reasoning,different_grid,instance_00003,Request Count,16
4307,matchit_ascii,Qwen3.6-35B-A3B-FP8-without-reasoning,different_grid,instance_00003,Aborted,0
4308,matchit_ascii,Qwen3.6-35B-A3B-FP8-without-reasoning,different_grid,instance_00003,Success,1
4309,matchit_ascii,Qwen3.6-35B-A3B-FP8-without-reasoning,different_grid,instance_00003,Lose,0
4310,matchit_ascii,Qwen3.6-35B-A3B-FP8-without-reasoning,different_grid,instance_00003,Main Score,100
4311,matchit_ascii,Qwen3.6-35B-A3B-FP8-without-reasoning,different_grid,instance_00003,Player Score,100
4312,matchit_ascii,Qwen3.6-35B-A3B-FP8-without-reasoning,different_grid,instance_00004,Violated Request Count,0
4313,matchit_ascii,Qwen3.6-35B-A3B-FP8-without-reasoning,different_grid,instance_00004,Parsed Request Count,16
4314,matchit_ascii,Qwen3.6-35B-A3B-FP8-without-reasoning,different_grid,instance_00004,Request Count,16
4315,matchit_ascii,Qwen3.6-35B-A3B-FP8-without-reasoning,different_grid,instance_00004,Aborted,0
4316,matchit_ascii,Qwen3.6-35B-A3B-FP8-without-reasoning,different_grid,instance_00004,Success,1
4317,matchit_ascii,Qwen3.6-35B-A3B-FP8-without-reasoning,different_grid,instance_00004,Lose,0
4318,matchit_ascii,Qwen3.6-35B-A3B-FP8-without-reasoning,different_grid,instance_00004,Main Score,100
4319,matchit_ascii,Qwen3.6-35B-A3B-FP8-without-reasoning,different_grid,instance_00004,Player Score,100
4320,matchit_ascii,Qwen3.6-35B-A3B-FP8-without-reasoning,different_grid,instance_00001,Violated Request Count,0
4321,matchit_ascii,Qwen3.6-35B-A3B-FP8-without-reasoning,different_grid,instance_00001,Parsed Request Count,16
4322,matchit_ascii,Qwen3.6-35B-A3B-FP8-without-reasoning,different_grid,instance_00001,Request Count,16
4323,matchit_ascii,Qwen3.6-35B-A3B-FP8-without-reasoning,different_grid,instance_00001,Aborted,0
4324,matchit_ascii,Qwen3.6-35B-A3B-FP8-without-reasoning,different_grid,instance_00001,Success,1
4325,matchit_ascii,Qwen3.6-35B-A3B-FP8-without-reasoning,different_grid,instance_00001,Lose,0
4326,matchit_ascii,Qwen3.6-35B-A3B-FP8-without-reasoning,different_grid,instance_00001,Main Score,100
4327,matchit_ascii,Qwen3.6-35B-A3B-FP8-without-reasoning,different_grid,instance_00001,Player Score,100
4328,matchit_ascii,Qwen3.6-35B-A3B-FP8-without-reasoning,different_grid,instance_00000,Violated Request Count,0
4329,matchit_ascii,Qwen3.6-35B-A3B-FP8-without-reasoning,different_grid,instance_00000,Parsed Request Count,16
4330,matchit_ascii,Qwen3.6-35B-A3B-FP8-without-reasoning,different_grid,instance_00000,Request Count,16
4331,matchit_ascii,Qwen3.6-35B-A3B-FP8-without-reasoning,different_grid,instance_00000,Aborted,0
4332,matchit_ascii,Qwen3.6-35B-A3B-FP8-without-reasoning,different_grid,instance_00000,Success,1
4333,matchit_ascii,Qwen3.6-35B-A3B-FP8-without-reasoning,different_grid,instance_00000,Lose,0
4334,matchit_ascii,Qwen3.6-35B-A3B-FP8-without-reasoning,different_grid,instance_00000,Main Score,100
4335,matchit_ascii,Qwen3.6-35B-A3B-FP8-without-reasoning,different_grid,instance_00000,Player Score,100
4336,textmapworld_specificroom,Qwen3.6-35B-A3B-FP8-without-reasoning,close,instance_00017,Aborted,1
4337,textmapworld_specificroom,Qwen3.6-35B-A3B-FP8-without-reasoning,close,instance_00017,Success,0
4338,textmapworld_specificroom,Qwen3.6-35B-A3B-FP8-without-reasoning,close,instance_00017,Lose,0
4339,textmapworld_specificroom,Qwen3.6-35B-A3B-FP8-without-reasoning,close,instance_00017,moves,
4340,textmapworld_specificroom,Qwen3.6-35B-A3B-FP8-without-reasoning,close,instance_00017,valid_moves,
4341,textmapworld_specificroom,Qwen3.6-35B-A3B-FP8-without-reasoning,close,instance_00017,invalid_moves,
4342,textmapworld_specificroom,Qwen3.6-35B-A3B-FP8-without-reasoning,close,instance_00017,stopped,
4343,textmapworld_specificroom,Qwen3.6-35B-A3B-FP8-without-reasoning,close,instance_00017,turns_limit,
4344,textmapworld_specificroom,Qwen3.6-35B-A3B-FP8-without-reasoning,close,instance_00017,loops,
4345,textmapworld_specificroom,Qwen3.6-35B-A3B-FP8-without-reasoning,close,instance_00017,number_visited,
4346,textmapworld_specificroom,Qwen3.6-35B-A3B-FP8-without-reasoning,close,instance_00017,seen,
4347,textmapworld_specificroom,Qwen3.6-35B-A3B-FP8-without-reasoning,close,instance_00017,efficiency,
4348,textmapworld_specificroom,Qwen3.6-35B-A3B-FP8-without-reasoning,close,instance_00017,exploration,
4349,textmapworld_specificroom,Qwen3.6-35B-A3B-FP8-without-reasoning,close,instance_00017,old_benchscore,
4350,textmapworld_specificroom,Qwen3.6-35B-A3B-FP8-without-reasoning,close,instance_00017,Main Score,
4351,textmapworld_specificroom,Qwen3.6-35B-A3B-FP8-without-reasoning,close,instance_00010,Success,1
4352,textmapworld_specificroom,Qwen3.6-35B-A3B-FP8-without-reasoning,close,instance_00010,Aborted,0
4353,textmapworld_specificroom,Qwen3.6-35B-A3B-FP8-without-reasoning,close,instance_00010,Lose,0
4354,textmapworld_specificroom,Qwen3.6-35B-A3B-FP8-without-reasoning,close,instance_00010,moves,1
4355,textmapworld_specificroom,Qwen3.6-35B-A3B-FP8-without-reasoning,close,instance_00010,valid_moves,1
4356,textmapworld_specificroom,Qwen3.6-35B-A3B-FP8-without-reasoning,close,instance_00010,invalid_moves,0
4357,textmapworld_specificroom,Qwen3.6-35B-A3B-FP8-without-reasoning,close,instance_00010,stopped,1
4358,textmapworld_specificroom,Qwen3.6-35B-A3B-FP8-without-reasoning,close,instance_00010,turns_limit,0
4359,textmapworld_specificroom,Qwen3.6-35B-A3B-FP8-without-reasoning,close,instance_00010,loops,0
4360,textmapworld_specificroom,Qwen3.6-35B-A3B-FP8-without-reasoning,close,instance_00010,number_visited,2
4361,textmapworld_specificroom,Qwen3.6-35B-A3B-FP8-without-reasoning,close,instance_00010,seen,3
4362,textmapworld_specificroom,Qwen3.6-35B-A3B-FP8-without-reasoning,close,instance_00010,efficiency,100.0
4363,textmapworld_specificroom,Qwen3.6-35B-A3B-FP8-without-reasoning,close,instance_00010,exploration,25.0
4364,textmapworld_specificroom,Qwen3.6-35B-A3B-FP8-without-reasoning,close,instance_00010,old_benchscore,40.0
4365,textmapworld_specificroom,Qwen3.6-35B-A3B-FP8-without-reasoning,close,instance_00010,Main Score,100
4366,textmapworld_specificroom,Qwen3.6-35B-A3B-FP8-without-reasoning,close,instance_00019,Success,1
4367,textmapworld_specificroom,Qwen3.6-35B-A3B-FP8-without-reasoning,close,instance_00019,Aborted,0
4368,textmapworld_specificroom,Qwen3.6-35B-A3B-FP8-without-reasoning,close,instance_00019,Lose,0
4369,textmapworld_specificroom,Qwen3.6-35B-A3B-FP8-without-reasoning,close,instance_00019,moves,1
4370,textmapworld_specificroom,Qwen3.6-35B-A3B-FP8-without-reasoning,close,instance_00019,valid_moves,1
4371,textmapworld_specificroom,Qwen3.6-35B-A3B-FP8-without-reasoning,close,instance_00019,invalid_moves,0
4372,textmapworld_specificroom,Qwen3.6-35B-A3B-FP8-without-reasoning,close,instance_00019,stopped,1
4373,textmapworld_specificroom,Qwen3.6-35B-A3B-FP8-without-reasoning,close,instance_00019,turns_limit,0
4374,textmapworld_specificroom,Qwen3.6-35B-A3B-FP8-without-reasoning,close,instance_00019,loops,0
4375,textmapworld_specificroom,Qwen3.6-35B-A3B-FP8-without-reasoning,close,instance_00019,number_visited,2
4376,textmapworld_specificroom,Qwen3.6-35B-A3B-FP8-without-reasoning,close,instance_00019,seen,4
4377,textmapworld_specificroom,Qwen3.6-35B-A3B-FP8-without-reasoning,close,instance_00019,efficiency,100.0
4378,textmapworld_specificroom,Qwen3.6-35B-A3B-FP8-without-reasoning,close,instance_00019,exploration,25.0
4379,textmapworld_specificroom,Qwen3.6-35B-A3B-FP8-without-reasoning,close,instance_00019,old_benchscore,40.0
4380,textmapworld_specificroom,Qwen3.6-35B-A3B-FP8-without-reasoning,close,instance_00019,Main Score,100
4381,textmapworld_specificroom,Qwen3.6-35B-A3B-FP8-without-reasoning,close,instance_00018,Success,1
4382,textmapworld_specificroom,Qwen3.6-35B-A3B-FP8-without-reasoning,close,instance_00018,Aborted,0
4383,textmapworld_specificroom,Qwen3.6-35B-A3B-FP8-without-reasoning,close,instance_00018,Lose,0
4384,textmapworld_specificroom,Qwen3.6-35B-A3B-FP8-without-reasoning,close,instance_00018,moves,1
4385,textmapworld_specificroom,Qwen3.6-35B-A3B-FP8-without-reasoning,close,instance_00018,valid_moves,1
4386,textmapworld_specificroom,Qwen3.6-35B-A3B-FP8-without-reasoning,close,instance_00018,invalid_moves,0
4387,textmapworld_specificroom,Qwen3.6-35B-A3B-FP8-without-reasoning,close,instance_00018,stopped,1
4388,textmapworld_specificroom,Qwen3.6-35B-A3B-FP8-without-reasoning,close,instance_00018,turns_limit,0
4389,textmapworld_specificroom,Qwen3.6-35B-A3B-FP8-without-reasoning,close,instance_00018,loops,0
4390,textmapworld_specificroom,Qwen3.6-35B-A3B-FP8-without-reasoning,close,instance_00018,number_visited,2
4391,textmapworld_specificroom,Qwen3.6-35B-A3B-FP8-without-reasoning,close,instance_00018,seen,3
4392,textmapworld_specificroom,Qwen3.6-35B-A3B-FP8-without-reasoning,close,instance_00018,efficiency,100.0
4393,textmapworld_specificroom,Qwen3.6-35B-A3B-FP8-without-reasoning,close,instance_00018,exploration,25.0
4394,textmapworld_specificroom,Qwen3.6-35B-A3B-FP8-without-reasoning,close,instance_00018,old_benchscore,40.0
4395,textmapworld_specificroom,Qwen3.6-35B-A3B-FP8-without-reasoning,close,instance_00018,Main Score,100
4396,textmapworld_specificroom,Qwen3.6-35B-A3B-FP8-without-reasoning,close,instance_00011,Success,1
4397,textmapworld_specificroom,Qwen3.6-35B-A3B-FP8-without-reasoning,close,instance_00011,Aborted,0
4398,textmapworld_specificroom,Qwen3.6-35B-A3B-FP8-without-reasoning,close,instance_00011,Lose,0
4399,textmapworld_specificroom,Qwen3.6-35B-A3B-FP8-without-reasoning,close,instance_00011,moves,1
4400,textmapworld_specificroom,Qwen3.6-35B-A3B-FP8-without-reasoning,close,instance_00011,valid_moves,1
4401,textmapworld_specificroom,Qwen3.6-35B-A3B-FP8-without-reasoning,close,instance_00011,invalid_moves,0
4402,textmapworld_specificroom,Qwen3.6-35B-A3B-FP8-without-reasoning,close,instance_00011,stopped,1
4403,textmapworld_specificroom,Qwen3.6-35B-A3B-FP8-without-reasoning,close,instance_00011,turns_limit,0
4404,textmapworld_specificroom,Qwen3.6-35B-A3B-FP8-without-reasoning,close,instance_00011,loops,0
4405,textmapworld_specificroom,Qwen3.6-35B-A3B-FP8-without-reasoning,close,instance_00011,number_visited,2
4406,textmapworld_specificroom,Qwen3.6-35B-A3B-FP8-without-reasoning,close,instance_00011,seen,4
4407,textmapworld_specificroom,Qwen3.6-35B-A3B-FP8-without-reasoning,close,instance_00011,efficiency,0.0
4408,textmapworld_specificroom,Qwen3.6-35B-A3B-FP8-without-reasoning,close,instance_00011,exploration,25.0
4409,textmapworld_specificroom,Qwen3.6-35B-A3B-FP8-without-reasoning,close,instance_00011,old_benchscore,0.0
4410,textmapworld_specificroom,Qwen3.6-35B-A3B-FP8-without-reasoning,close,instance_00011,Main Score,100
4411,textmapworld_specificroom,Qwen3.6-35B-A3B-FP8-without-reasoning,close,instance_00016,Success,0
4412,textmapworld_specificroom,Qwen3.6-35B-A3B-FP8-without-reasoning,close,instance_00016,Aborted,0
4413,textmapworld_specificroom,Qwen3.6-35B-A3B-FP8-without-reasoning,close,instance_00016,Lose,1
4414,textmapworld_specificroom,Qwen3.6-35B-A3B-FP8-without-reasoning,close,instance_00016,moves,16
4415,textmapworld_specificroom,Qwen3.6-35B-A3B-FP8-without-reasoning,close,instance_00016,valid_moves,16
4416,textmapworld_specificroom,Qwen3.6-35B-A3B-FP8-without-reasoning,close,instance_00016,invalid_moves,0
4417,textmapworld_specificroom,Qwen3.6-35B-A3B-FP8-without-reasoning,close,instance_00016,stopped,1
4418,textmapworld_specificroom,Qwen3.6-35B-A3B-FP8-without-reasoning,close,instance_00016,turns_limit,0
4419,textmapworld_specificroom,Qwen3.6-35B-A3B-FP8-without-reasoning,close,instance_00016,loops,0
4420,textmapworld_specificroom,Qwen3.6-35B-A3B-FP8-without-reasoning,close,instance_00016,number_visited,6
4421,textmapworld_specificroom,Qwen3.6-35B-A3B-FP8-without-reasoning,close,instance_00016,seen,7
4422,textmapworld_specificroom,Qwen3.6-35B-A3B-FP8-without-reasoning,close,instance_00016,efficiency,68.75
4423,textmapworld_specificroom,Qwen3.6-35B-A3B-FP8-without-reasoning,close,instance_00016,exploration,75.0
4424,textmapworld_specificroom,Qwen3.6-35B-A3B-FP8-without-reasoning,close,instance_00016,old_benchscore,71.73913043478261
4425,textmapworld_specificroom,Qwen3.6-35B-A3B-FP8-without-reasoning,close,instance_00016,Main Score,0
4426,textmapworld_specificroom,Qwen3.6-35B-A3B-FP8-without-reasoning,close,instance_00013,Success,1
4427,textmapworld_specificroom,Qwen3.6-35B-A3B-FP8-without-reasoning,close,instance_00013,Aborted,0
4428,textmapworld_specificroom,Qwen3.6-35B-A3B-FP8-without-reasoning,close,instance_00013,Lose,0
4429,textmapworld_specificroom,Qwen3.6-35B-A3B-FP8-without-reasoning,close,instance_00013,moves,4
4430,textmapworld_specificroom,Qwen3.6-35B-A3B-FP8-without-reasoning,close,instance_00013,valid_moves,4
4431,textmapworld_specificroom,Qwen3.6-35B-A3B-FP8-without-reasoning,close,instance_00013,invalid_moves,0
4432,textmapworld_specificroom,Qwen3.6-35B-A3B-FP8-without-reasoning,close,instance_00013,stopped,1
4433,textmapworld_specificroom,Qwen3.6-35B-A3B-FP8-without-reasoning,close,instance_00013,turns_limit,0
4434,textmapworld_specificroom,Qwen3.6-35B-A3B-FP8-without-reasoning,close,instance_00013,loops,0
4435,textmapworld_specificroom,Qwen3.6-35B-A3B-FP8-without-reasoning,close,instance_00013,number_visited,4
4436,textmapworld_specificroom,Qwen3.6-35B-A3B-FP8-without-reasoning,close,instance_00013,seen,5
4437,textmapworld_specificroom,Qwen3.6-35B-A3B-FP8-without-reasoning,close,instance_00013,efficiency,100.0
4438,textmapworld_specificroom,Qwen3.6-35B-A3B-FP8-without-reasoning,close,instance_00013,exploration,50.0
4439,textmapworld_specificroom,Qwen3.6-35B-A3B-FP8-without-reasoning,close,instance_00013,old_benchscore,66.66666666666667
4440,textmapworld_specificroom,Qwen3.6-35B-A3B-FP8-without-reasoning,close,instance_00013,Main Score,100
4441,textmapworld_specificroom,Qwen3.6-35B-A3B-FP8-without-reasoning,close,instance_00014,Success,1
4442,textmapworld_specificroom,Qwen3.6-35B-A3B-FP8-without-reasoning,close,instance_00014,Aborted,0
4443,textmapworld_specificroom,Qwen3.6-35B-A3B-FP8-without-reasoning,close,instance_00014,Lose,0
4444,textmapworld_specificroom,Qwen3.6-35B-A3B-FP8-without-reasoning,close,instance_00014,moves,1
4445,textmapworld_specificroom,Qwen3.6-35B-A3B-FP8-without-reasoning,close,instance_00014,valid_moves,1
4446,textmapworld_specificroom,Qwen3.6-35B-A3B-FP8-without-reasoning,close,instance_00014,invalid_moves,0
4447,textmapworld_specificroom,Qwen3.6-35B-A3B-FP8-without-reasoning,close,instance_00014,stopped,1
4448,textmapworld_specificroom,Qwen3.6-35B-A3B-FP8-without-reasoning,close,instance_00014,turns_limit,0
4449,textmapworld_specificroom,Qwen3.6-35B-A3B-FP8-without-reasoning,close,instance_00014,loops,0
4450,textmapworld_specificroom,Qwen3.6-35B-A3B-FP8-without-reasoning,close,instance_00014,number_visited,2
4451,textmapworld_specificroom,Qwen3.6-35B-A3B-FP8-without-reasoning,close,instance_00014,seen,3
4452,textmapworld_specificroom,Qwen3.6-35B-A3B-FP8-without-reasoning,close,instance_00014,efficiency,100.0
4453,textmapworld_specificroom,Qwen3.6-35B-A3B-FP8-without-reasoning,close,instance_00014,exploration,25.0
4454,textmapworld_specificroom,Qwen3.6-35B-A3B-FP8-without-reasoning,close,instance_00014,old_benchscore,40.0
4455,textmapworld_specificroom,Qwen3.6-35B-A3B-FP8-without-reasoning,close,instance_00014,Main Score,100
4456,textmapworld_specificroom,Qwen3.6-35B-A3B-FP8-without-reasoning,close,instance_00015,Success,1
4457,textmapworld_specificroom,Qwen3.6-35B-A3B-FP8-without-reasoning,close,instance_00015,Aborted,0
4458,textmapworld_specificroom,Qwen3.6-35B-A3B-FP8-without-reasoning,close,instance_00015,Lose,0
4459,textmapworld_specificroom,Qwen3.6-35B-A3B-FP8-without-reasoning,close,instance_00015,moves,1
4460,textmapworld_specificroom,Qwen3.6-35B-A3B-FP8-without-reasoning,close,instance_00015,valid_moves,1
4461,textmapworld_specificroom,Qwen3.6-35B-A3B-FP8-without-reasoning,close,instance_00015,invalid_moves,0
4462,textmapworld_specificroom,Qwen3.6-35B-A3B-FP8-without-reasoning,close,instance_00015,stopped,1
4463,textmapworld_specificroom,Qwen3.6-35B-A3B-FP8-without-reasoning,close,instance_00015,turns_limit,0
4464,textmapworld_specificroom,Qwen3.6-35B-A3B-FP8-without-reasoning,close,instance_00015,loops,0
4465,textmapworld_specificroom,Qwen3.6-35B-A3B-FP8-without-reasoning,close,instance_00015,number_visited,2
4466,textmapworld_specificroom,Qwen3.6-35B-A3B-FP8-without-reasoning,close,instance_00015,seen,4
4467,textmapworld_specificroom,Qwen3.6-35B-A3B-FP8-without-reasoning,close,instance_00015,efficiency,100.0
4468,textmapworld_specificroom,Qwen3.6-35B-A3B-FP8-without-reasoning,close,instance_00015,exploration,25.0
4469,textmapworld_specificroom,Qwen3.6-35B-A3B-FP8-without-reasoning,close,instance_00015,old_benchscore,40.0
4470,textmapworld_specificroom,Qwen3.6-35B-A3B-FP8-without-reasoning,close,instance_00015,Main Score,100
4471,textmapworld_specificroom,Qwen3.6-35B-A3B-FP8-without-reasoning,close,instance_00012,Success,1
4472,textmapworld_specificroom,Qwen3.6-35B-A3B-FP8-without-reasoning,close,instance_00012,Aborted,0
4473,textmapworld_specificroom,Qwen3.6-35B-A3B-FP8-without-reasoning,close,instance_00012,Lose,0
4474,textmapworld_specificroom,Qwen3.6-35B-A3B-FP8-without-reasoning,close,instance_00012,moves,1
4475,textmapworld_specificroom,Qwen3.6-35B-A3B-FP8-without-reasoning,close,instance_00012,valid_moves,1
4476,textmapworld_specificroom,Qwen3.6-35B-A3B-FP8-without-reasoning,close,instance_00012,invalid_moves,0
4477,textmapworld_specificroom,Qwen3.6-35B-A3B-FP8-without-reasoning,close,instance_00012,stopped,1
4478,textmapworld_specificroom,Qwen3.6-35B-A3B-FP8-without-reasoning,close,instance_00012,turns_limit,0
4479,textmapworld_specificroom,Qwen3.6-35B-A3B-FP8-without-reasoning,close,instance_00012,loops,0
4480,textmapworld_specificroom,Qwen3.6-35B-A3B-FP8-without-reasoning,close,instance_00012,number_visited,2
4481,textmapworld_specificroom,Qwen3.6-35B-A3B-FP8-without-reasoning,close,instance_00012,seen,4
4482,textmapworld_specificroom,Qwen3.6-35B-A3B-FP8-without-reasoning,close,instance_00012,efficiency,0.0
4483,textmapworld_specificroom,Qwen3.6-35B-A3B-FP8-without-reasoning,close,instance_00012,exploration,25.0
4484,textmapworld_specificroom,Qwen3.6-35B-A3B-FP8-without-reasoning,close,instance_00012,old_benchscore,0.0
4485,textmapworld_specificroom,Qwen3.6-35B-A3B-FP8-without-reasoning,close,instance_00012,Main Score,100
4486,textmapworld_specificroom,Qwen3.6-35B-A3B-FP8-without-reasoning,far,instance_00028,Aborted,1
4487,textmapworld_specificroom,Qwen3.6-35B-A3B-FP8-without-reasoning,far,instance_00028,Success,0
4488,textmapworld_specificroom,Qwen3.6-35B-A3B-FP8-without-reasoning,far,instance_00028,Lose,0
4489,textmapworld_specificroom,Qwen3.6-35B-A3B-FP8-without-reasoning,far,instance_00028,moves,
4490,textmapworld_specificroom,Qwen3.6-35B-A3B-FP8-without-reasoning,far,instance_00028,valid_moves,
4491,textmapworld_specificroom,Qwen3.6-35B-A3B-FP8-without-reasoning,far,instance_00028,invalid_moves,
4492,textmapworld_specificroom,Qwen3.6-35B-A3B-FP8-without-reasoning,far,instance_00028,stopped,
4493,textmapworld_specificroom,Qwen3.6-35B-A3B-FP8-without-reasoning,far,instance_00028,turns_limit,
4494,textmapworld_specificroom,Qwen3.6-35B-A3B-FP8-without-reasoning,far,instance_00028,loops,
4495,textmapworld_specificroom,Qwen3.6-35B-A3B-FP8-without-reasoning,far,instance_00028,number_visited,
4496,textmapworld_specificroom,Qwen3.6-35B-A3B-FP8-without-reasoning,far,instance_00028,seen,
4497,textmapworld_specificroom,Qwen3.6-35B-A3B-FP8-without-reasoning,far,instance_00028,efficiency,
4498,textmapworld_specificroom,Qwen3.6-35B-A3B-FP8-without-reasoning,far,instance_00028,exploration,
4499,textmapworld_specificroom,Qwen3.6-35B-A3B-FP8-without-reasoning,far,instance_00028,old_benchscore,
4500,textmapworld_specificroom,Qwen3.6-35B-A3B-FP8-without-reasoning,far,instance_00028,Main Score,
4501,textmapworld_specificroom,Qwen3.6-35B-A3B-FP8-without-reasoning,far,instance_00026,Success,1
4502,textmapworld_specificroom,Qwen3.6-35B-A3B-FP8-without-reasoning,far,instance_00026,Aborted,0
4503,textmapworld_specificroom,Qwen3.6-35B-A3B-FP8-without-reasoning,far,instance_00026,Lose,0
4504,textmapworld_specificroom,Qwen3.6-35B-A3B-FP8-without-reasoning,far,instance_00026,moves,5
4505,textmapworld_specificroom,Qwen3.6-35B-A3B-FP8-without-reasoning,far,instance_00026,valid_moves,5
4506,textmapworld_specificroom,Qwen3.6-35B-A3B-FP8-without-reasoning,far,instance_00026,invalid_moves,0
4507,textmapworld_specificroom,Qwen3.6-35B-A3B-FP8-without-reasoning,far,instance_00026,stopped,1
4508,textmapworld_specificroom,Qwen3.6-35B-A3B-FP8-without-reasoning,far,instance_00026,turns_limit,0
4509,textmapworld_specificroom,Qwen3.6-35B-A3B-FP8-without-reasoning,far,instance_00026,loops,1
4510,textmapworld_specificroom,Qwen3.6-35B-A3B-FP8-without-reasoning,far,instance_00026,number_visited,4
4511,textmapworld_specificroom,Qwen3.6-35B-A3B-FP8-without-reasoning,far,instance_00026,seen,6
4512,textmapworld_specificroom,Qwen3.6-35B-A3B-FP8-without-reasoning,far,instance_00026,efficiency,60.0
4513,textmapworld_specificroom,Qwen3.6-35B-A3B-FP8-without-reasoning,far,instance_00026,exploration,50.0
4514,textmapworld_specificroom,Qwen3.6-35B-A3B-FP8-without-reasoning,far,instance_00026,old_benchscore,54.54545454545455
4515,textmapworld_specificroom,Qwen3.6-35B-A3B-FP8-without-reasoning,far,instance_00026,Main Score,100
4516,textmapworld_specificroom,Qwen3.6-35B-A3B-FP8-without-reasoning,far,instance_00021,Success,1
4517,textmapworld_specificroom,Qwen3.6-35B-A3B-FP8-without-reasoning,far,instance_00021,Aborted,0
4518,textmapworld_specificroom,Qwen3.6-35B-A3B-FP8-without-reasoning,far,instance_00021,Lose,0
4519,textmapworld_specificroom,Qwen3.6-35B-A3B-FP8-without-reasoning,far,instance_00021,moves,3
4520,textmapworld_specificroom,Qwen3.6-35B-A3B-FP8-without-reasoning,far,instance_00021,valid_moves,3
4521,textmapworld_specificroom,Qwen3.6-35B-A3B-FP8-without-reasoning,far,instance_00021,invalid_moves,0
4522,textmapworld_specificroom,Qwen3.6-35B-A3B-FP8-without-reasoning,far,instance_00021,stopped,1
4523,textmapworld_specificroom,Qwen3.6-35B-A3B-FP8-without-reasoning,far,instance_00021,turns_limit,0
4524,textmapworld_specificroom,Qwen3.6-35B-A3B-FP8-without-reasoning,far,instance_00021,loops,0
4525,textmapworld_specificroom,Qwen3.6-35B-A3B-FP8-without-reasoning,far,instance_00021,number_visited,4
4526,textmapworld_specificroom,Qwen3.6-35B-A3B-FP8-without-reasoning,far,instance_00021,seen,6
4527,textmapworld_specificroom,Qwen3.6-35B-A3B-FP8-without-reasoning,far,instance_00021,efficiency,0.0
4528,textmapworld_specificroom,Qwen3.6-35B-A3B-FP8-without-reasoning,far,instance_00021,exploration,50.0
4529,textmapworld_specificroom,Qwen3.6-35B-A3B-FP8-without-reasoning,far,instance_00021,old_benchscore,0.0
4530,textmapworld_specificroom,Qwen3.6-35B-A3B-FP8-without-reasoning,far,instance_00021,Main Score,100
4531,textmapworld_specificroom,Qwen3.6-35B-A3B-FP8-without-reasoning,far,instance_00020,Aborted,1
4532,textmapworld_specificroom,Qwen3.6-35B-A3B-FP8-without-reasoning,far,instance_00020,Success,0
4533,textmapworld_specificroom,Qwen3.6-35B-A3B-FP8-without-reasoning,far,instance_00020,Lose,0
4534,textmapworld_specificroom,Qwen3.6-35B-A3B-FP8-without-reasoning,far,instance_00020,moves,
4535,textmapworld_specificroom,Qwen3.6-35B-A3B-FP8-without-reasoning,far,instance_00020,valid_moves,
4536,textmapworld_specificroom,Qwen3.6-35B-A3B-FP8-without-reasoning,far,instance_00020,invalid_moves,
4537,textmapworld_specificroom,Qwen3.6-35B-A3B-FP8-without-reasoning,far,instance_00020,stopped,
4538,textmapworld_specificroom,Qwen3.6-35B-A3B-FP8-without-reasoning,far,instance_00020,turns_limit,
4539,textmapworld_specificroom,Qwen3.6-35B-A3B-FP8-without-reasoning,far,instance_00020,loops,
4540,textmapworld_specificroom,Qwen3.6-35B-A3B-FP8-without-reasoning,far,instance_00020,number_visited,
4541,textmapworld_specificroom,Qwen3.6-35B-A3B-FP8-without-reasoning,far,instance_00020,seen,
4542,textmapworld_specificroom,Qwen3.6-35B-A3B-FP8-without-reasoning,far,instance_00020,efficiency,
4543,textmapworld_specificroom,Qwen3.6-35B-A3B-FP8-without-reasoning,far,instance_00020,exploration,
4544,textmapworld_specificroom,Qwen3.6-35B-A3B-FP8-without-reasoning,far,instance_00020,old_benchscore,
4545,textmapworld_specificroom,Qwen3.6-35B-A3B-FP8-without-reasoning,far,instance_00020,Main Score,
4546,textmapworld_specificroom,Qwen3.6-35B-A3B-FP8-without-reasoning,far,instance_00027,Success,1
4547,textmapworld_specificroom,Qwen3.6-35B-A3B-FP8-without-reasoning,far,instance_00027,Aborted,0
4548,textmapworld_specificroom,Qwen3.6-35B-A3B-FP8-without-reasoning,far,instance_00027,Lose,0
4549,textmapworld_specificroom,Qwen3.6-35B-A3B-FP8-without-reasoning,far,instance_00027,moves,4
4550,textmapworld_specificroom,Qwen3.6-35B-A3B-FP8-without-reasoning,far,instance_00027,valid_moves,4
4551,textmapworld_specificroom,Qwen3.6-35B-A3B-FP8-without-reasoning,far,instance_00027,invalid_moves,0
4552,textmapworld_specificroom,Qwen3.6-35B-A3B-FP8-without-reasoning,far,instance_00027,stopped,1
4553,textmapworld_specificroom,Qwen3.6-35B-A3B-FP8-without-reasoning,far,instance_00027,turns_limit,0
4554,textmapworld_specificroom,Qwen3.6-35B-A3B-FP8-without-reasoning,far,instance_00027,loops,0
4555,textmapworld_specificroom,Qwen3.6-35B-A3B-FP8-without-reasoning,far,instance_00027,number_visited,5
4556,textmapworld_specificroom,Qwen3.6-35B-A3B-FP8-without-reasoning,far,instance_00027,seen,7
4557,textmapworld_specificroom,Qwen3.6-35B-A3B-FP8-without-reasoning,far,instance_00027,efficiency,100.0
4558,textmapworld_specificroom,Qwen3.6-35B-A3B-FP8-without-reasoning,far,instance_00027,exploration,62.5
4559,textmapworld_specificroom,Qwen3.6-35B-A3B-FP8-without-reasoning,far,instance_00027,old_benchscore,76.92307692307692
4560,textmapworld_specificroom,Qwen3.6-35B-A3B-FP8-without-reasoning,far,instance_00027,Main Score,100
4561,textmapworld_specificroom,Qwen3.6-35B-A3B-FP8-without-reasoning,far,instance_00029,Success,1
4562,textmapworld_specificroom,Qwen3.6-35B-A3B-FP8-without-reasoning,far,instance_00029,Aborted,0
4563,textmapworld_specificroom,Qwen3.6-35B-A3B-FP8-without-reasoning,far,instance_00029,Lose,0
4564,textmapworld_specificroom,Qwen3.6-35B-A3B-FP8-without-reasoning,far,instance_00029,moves,4
4565,textmapworld_specificroom,Qwen3.6-35B-A3B-FP8-without-reasoning,far,instance_00029,valid_moves,4
4566,textmapworld_specificroom,Qwen3.6-35B-A3B-FP8-without-reasoning,far,instance_00029,invalid_moves,0
4567,textmapworld_specificroom,Qwen3.6-35B-A3B-FP8-without-reasoning,far,instance_00029,stopped,1
4568,textmapworld_specificroom,Qwen3.6-35B-A3B-FP8-without-reasoning,far,instance_00029,turns_limit,0
4569,textmapworld_specificroom,Qwen3.6-35B-A3B-FP8-without-reasoning,far,instance_00029,loops,0
4570,textmapworld_specificroom,Qwen3.6-35B-A3B-FP8-without-reasoning,far,instance_00029,number_visited,5
4571,textmapworld_specificroom,Qwen3.6-35B-A3B-FP8-without-reasoning,far,instance_00029,seen,7
4572,textmapworld_specificroom,Qwen3.6-35B-A3B-FP8-without-reasoning,far,instance_00029,efficiency,75.0
4573,textmapworld_specificroom,Qwen3.6-35B-A3B-FP8-without-reasoning,far,instance_00029,exploration,62.5
4574,textmapworld_specificroom,Qwen3.6-35B-A3B-FP8-without-reasoning,far,instance_00029,old_benchscore,68.18181818181819
4575,textmapworld_specificroom,Qwen3.6-35B-A3B-FP8-without-reasoning,far,instance_00029,Main Score,100
4576,textmapworld_specificroom,Qwen3.6-35B-A3B-FP8-without-reasoning,far,instance_00022,Success,1
4577,textmapworld_specificroom,Qwen3.6-35B-A3B-FP8-without-reasoning,far,instance_00022,Aborted,0
4578,textmapworld_specificroom,Qwen3.6-35B-A3B-FP8-without-reasoning,far,instance_00022,Lose,0
4579,textmapworld_specificroom,Qwen3.6-35B-A3B-FP8-without-reasoning,far,instance_00022,moves,4
4580,textmapworld_specificroom,Qwen3.6-35B-A3B-FP8-without-reasoning,far,instance_00022,valid_moves,4
4581,textmapworld_specificroom,Qwen3.6-35B-A3B-FP8-without-reasoning,far,instance_00022,invalid_moves,0
4582,textmapworld_specificroom,Qwen3.6-35B-A3B-FP8-without-reasoning,far,instance_00022,stopped,1
4583,textmapworld_specificroom,Qwen3.6-35B-A3B-FP8-without-reasoning,far,instance_00022,turns_limit,0
4584,textmapworld_specificroom,Qwen3.6-35B-A3B-FP8-without-reasoning,far,instance_00022,loops,0
4585,textmapworld_specificroom,Qwen3.6-35B-A3B-FP8-without-reasoning,far,instance_00022,number_visited,5
4586,textmapworld_specificroom,Qwen3.6-35B-A3B-FP8-without-reasoning,far,instance_00022,seen,7
4587,textmapworld_specificroom,Qwen3.6-35B-A3B-FP8-without-reasoning,far,instance_00022,efficiency,50.0
4588,textmapworld_specificroom,Qwen3.6-35B-A3B-FP8-without-reasoning,far,instance_00022,exploration,62.5
4589,textmapworld_specificroom,Qwen3.6-35B-A3B-FP8-without-reasoning,far,instance_00022,old_benchscore,55.55555555555556
4590,textmapworld_specificroom,Qwen3.6-35B-A3B-FP8-without-reasoning,far,instance_00022,Main Score,100
4591,textmapworld_specificroom,Qwen3.6-35B-A3B-FP8-without-reasoning,far,instance_00025,Success,1
4592,textmapworld_specificroom,Qwen3.6-35B-A3B-FP8-without-reasoning,far,instance_00025,Aborted,0
4593,textmapworld_specificroom,Qwen3.6-35B-A3B-FP8-without-reasoning,far,instance_00025,Lose,0
4594,textmapworld_specificroom,Qwen3.6-35B-A3B-FP8-without-reasoning,far,instance_00025,moves,3
4595,textmapworld_specificroom,Qwen3.6-35B-A3B-FP8-without-reasoning,far,instance_00025,valid_moves,3
4596,textmapworld_specificroom,Qwen3.6-35B-A3B-FP8-without-reasoning,far,instance_00025,invalid_moves,0
4597,textmapworld_specificroom,Qwen3.6-35B-A3B-FP8-without-reasoning,far,instance_00025,stopped,1
4598,textmapworld_specificroom,Qwen3.6-35B-A3B-FP8-without-reasoning,far,instance_00025,turns_limit,0
4599,textmapworld_specificroom,Qwen3.6-35B-A3B-FP8-without-reasoning,far,instance_00025,loops,0
4600,textmapworld_specificroom,Qwen3.6-35B-A3B-FP8-without-reasoning,far,instance_00025,number_visited,4
4601,textmapworld_specificroom,Qwen3.6-35B-A3B-FP8-without-reasoning,far,instance_00025,seen,6
4602,textmapworld_specificroom,Qwen3.6-35B-A3B-FP8-without-reasoning,far,instance_00025,efficiency,33.33333333333333
4603,textmapworld_specificroom,Qwen3.6-35B-A3B-FP8-without-reasoning,far,instance_00025,exploration,50.0
4604,textmapworld_specificroom,Qwen3.6-35B-A3B-FP8-without-reasoning,far,instance_00025,old_benchscore,40.0
4605,textmapworld_specificroom,Qwen3.6-35B-A3B-FP8-without-reasoning,far,instance_00025,Main Score,100
4606,textmapworld_specificroom,Qwen3.6-35B-A3B-FP8-without-reasoning,far,instance_00024,Aborted,1
4607,textmapworld_specificroom,Qwen3.6-35B-A3B-FP8-without-reasoning,far,instance_00024,Success,0
4608,textmapworld_specificroom,Qwen3.6-35B-A3B-FP8-without-reasoning,far,instance_00024,Lose,0
4609,textmapworld_specificroom,Qwen3.6-35B-A3B-FP8-without-reasoning,far,instance_00024,moves,
4610,textmapworld_specificroom,Qwen3.6-35B-A3B-FP8-without-reasoning,far,instance_00024,valid_moves,
4611,textmapworld_specificroom,Qwen3.6-35B-A3B-FP8-without-reasoning,far,instance_00024,invalid_moves,
4612,textmapworld_specificroom,Qwen3.6-35B-A3B-FP8-without-reasoning,far,instance_00024,stopped,
4613,textmapworld_specificroom,Qwen3.6-35B-A3B-FP8-without-reasoning,far,instance_00024,turns_limit,
4614,textmapworld_specificroom,Qwen3.6-35B-A3B-FP8-without-reasoning,far,instance_00024,loops,
4615,textmapworld_specificroom,Qwen3.6-35B-A3B-FP8-without-reasoning,far,instance_00024,number_visited,
4616,textmapworld_specificroom,Qwen3.6-35B-A3B-FP8-without-reasoning,far,instance_00024,seen,
4617,textmapworld_specificroom,Qwen3.6-35B-A3B-FP8-without-reasoning,far,instance_00024,efficiency,
4618,textmapworld_specificroom,Qwen3.6-35B-A3B-FP8-without-reasoning,far,instance_00024,exploration,
4619,textmapworld_specificroom,Qwen3.6-35B-A3B-FP8-without-reasoning,far,instance_00024,old_benchscore,
4620,textmapworld_specificroom,Qwen3.6-35B-A3B-FP8-without-reasoning,far,instance_00024,Main Score,
4621,textmapworld_specificroom,Qwen3.6-35B-A3B-FP8-without-reasoning,far,instance_00023,Success,1
4622,textmapworld_specificroom,Qwen3.6-35B-A3B-FP8-without-reasoning,far,instance_00023,Aborted,0
4623,textmapworld_specificroom,Qwen3.6-35B-A3B-FP8-without-reasoning,far,instance_00023,Lose,0
4624,textmapworld_specificroom,Qwen3.6-35B-A3B-FP8-without-reasoning,far,instance_00023,moves,14
4625,textmapworld_specificroom,Qwen3.6-35B-A3B-FP8-without-reasoning,far,instance_00023,valid_moves,14
4626,textmapworld_specificroom,Qwen3.6-35B-A3B-FP8-without-reasoning,far,instance_00023,invalid_moves,0
4627,textmapworld_specificroom,Qwen3.6-35B-A3B-FP8-without-reasoning,far,instance_00023,stopped,1
4628,textmapworld_specificroom,Qwen3.6-35B-A3B-FP8-without-reasoning,far,instance_00023,turns_limit,0
4629,textmapworld_specificroom,Qwen3.6-35B-A3B-FP8-without-reasoning,far,instance_00023,loops,0
4630,textmapworld_specificroom,Qwen3.6-35B-A3B-FP8-without-reasoning,far,instance_00023,number_visited,7
4631,textmapworld_specificroom,Qwen3.6-35B-A3B-FP8-without-reasoning,far,instance_00023,seen,8
4632,textmapworld_specificroom,Qwen3.6-35B-A3B-FP8-without-reasoning,far,instance_00023,efficiency,71.42857142857143
4633,textmapworld_specificroom,Qwen3.6-35B-A3B-FP8-without-reasoning,far,instance_00023,exploration,87.5
4634,textmapworld_specificroom,Qwen3.6-35B-A3B-FP8-without-reasoning,far,instance_00023,old_benchscore,78.65168539325842
4635,textmapworld_specificroom,Qwen3.6-35B-A3B-FP8-without-reasoning,far,instance_00023,Main Score,100
4636,textmapworld_specificroom,Qwen3.6-35B-A3B-FP8-without-reasoning,on,instance_00005,Success,1
4637,textmapworld_specificroom,Qwen3.6-35B-A3B-FP8-without-reasoning,on,instance_00005,Aborted,0
4638,textmapworld_specificroom,Qwen3.6-35B-A3B-FP8-without-reasoning,on,instance_00005,Lose,0
4639,textmapworld_specificroom,Qwen3.6-35B-A3B-FP8-without-reasoning,on,instance_00005,moves,0
4640,textmapworld_specificroom,Qwen3.6-35B-A3B-FP8-without-reasoning,on,instance_00005,valid_moves,0
4641,textmapworld_specificroom,Qwen3.6-35B-A3B-FP8-without-reasoning,on,instance_00005,invalid_moves,0
4642,textmapworld_specificroom,Qwen3.6-35B-A3B-FP8-without-reasoning,on,instance_00005,stopped,1
4643,textmapworld_specificroom,Qwen3.6-35B-A3B-FP8-without-reasoning,on,instance_00005,turns_limit,0
4644,textmapworld_specificroom,Qwen3.6-35B-A3B-FP8-without-reasoning,on,instance_00005,loops,0
4645,textmapworld_specificroom,Qwen3.6-35B-A3B-FP8-without-reasoning,on,instance_00005,number_visited,1
4646,textmapworld_specificroom,Qwen3.6-35B-A3B-FP8-without-reasoning,on,instance_00005,seen,2
4647,textmapworld_specificroom,Qwen3.6-35B-A3B-FP8-without-reasoning,on,instance_00005,efficiency,0
4648,textmapworld_specificroom,Qwen3.6-35B-A3B-FP8-without-reasoning,on,instance_00005,exploration,12.5
4649,textmapworld_specificroom,Qwen3.6-35B-A3B-FP8-without-reasoning,on,instance_00005,old_benchscore,0.0
4650,textmapworld_specificroom,Qwen3.6-35B-A3B-FP8-without-reasoning,on,instance_00005,Main Score,100
4651,textmapworld_specificroom,Qwen3.6-35B-A3B-FP8-without-reasoning,on,instance_00002,Success,1
4652,textmapworld_specificroom,Qwen3.6-35B-A3B-FP8-without-reasoning,on,instance_00002,Aborted,0
4653,textmapworld_specificroom,Qwen3.6-35B-A3B-FP8-without-reasoning,on,instance_00002,Lose,0
4654,textmapworld_specificroom,Qwen3.6-35B-A3B-FP8-without-reasoning,on,instance_00002,moves,4
4655,textmapworld_specificroom,Qwen3.6-35B-A3B-FP8-without-reasoning,on,instance_00002,valid_moves,4
4656,textmapworld_specificroom,Qwen3.6-35B-A3B-FP8-without-reasoning,on,instance_00002,invalid_moves,0
4657,textmapworld_specificroom,Qwen3.6-35B-A3B-FP8-without-reasoning,on,instance_00002,stopped,1
4658,textmapworld_specificroom,Qwen3.6-35B-A3B-FP8-without-reasoning,on,instance_00002,turns_limit,0
4659,textmapworld_specificroom,Qwen3.6-35B-A3B-FP8-without-reasoning,on,instance_00002,loops,0
4660,textmapworld_specificroom,Qwen3.6-35B-A3B-FP8-without-reasoning,on,instance_00002,number_visited,3
4661,textmapworld_specificroom,Qwen3.6-35B-A3B-FP8-without-reasoning,on,instance_00002,seen,5
4662,textmapworld_specificroom,Qwen3.6-35B-A3B-FP8-without-reasoning,on,instance_00002,efficiency,50.0
4663,textmapworld_specificroom,Qwen3.6-35B-A3B-FP8-without-reasoning,on,instance_00002,exploration,37.5
4664,textmapworld_specificroom,Qwen3.6-35B-A3B-FP8-without-reasoning,on,instance_00002,old_benchscore,42.857142857142854
4665,textmapworld_specificroom,Qwen3.6-35B-A3B-FP8-without-reasoning,on,instance_00002,Main Score,100
4666,textmapworld_specificroom,Qwen3.6-35B-A3B-FP8-without-reasoning,on,instance_00003,Success,1
4667,textmapworld_specificroom,Qwen3.6-35B-A3B-FP8-without-reasoning,on,instance_00003,Aborted,0
4668,textmapworld_specificroom,Qwen3.6-35B-A3B-FP8-without-reasoning,on,instance_00003,Lose,0
4669,textmapworld_specificroom,Qwen3.6-35B-A3B-FP8-without-reasoning,on,instance_00003,moves,0
4670,textmapworld_specificroom,Qwen3.6-35B-A3B-FP8-without-reasoning,on,instance_00003,valid_moves,0
4671,textmapworld_specificroom,Qwen3.6-35B-A3B-FP8-without-reasoning,on,instance_00003,invalid_moves,0
4672,textmapworld_specificroom,Qwen3.6-35B-A3B-FP8-without-reasoning,on,instance_00003,stopped,1
4673,textmapworld_specificroom,Qwen3.6-35B-A3B-FP8-without-reasoning,on,instance_00003,turns_limit,0
4674,textmapworld_specificroom,Qwen3.6-35B-A3B-FP8-without-reasoning,on,instance_00003,loops,0
4675,textmapworld_specificroom,Qwen3.6-35B-A3B-FP8-without-reasoning,on,instance_00003,number_visited,1
4676,textmapworld_specificroom,Qwen3.6-35B-A3B-FP8-without-reasoning,on,instance_00003,seen,3
4677,textmapworld_specificroom,Qwen3.6-35B-A3B-FP8-without-reasoning,on,instance_00003,efficiency,0
4678,textmapworld_specificroom,Qwen3.6-35B-A3B-FP8-without-reasoning,on,instance_00003,exploration,12.5
4679,textmapworld_specificroom,Qwen3.6-35B-A3B-FP8-without-reasoning,on,instance_00003,old_benchscore,0.0
4680,textmapworld_specificroom,Qwen3.6-35B-A3B-FP8-without-reasoning,on,instance_00003,Main Score,100
4681,textmapworld_specificroom,Qwen3.6-35B-A3B-FP8-without-reasoning,on,instance_00004,Success,1
4682,textmapworld_specificroom,Qwen3.6-35B-A3B-FP8-without-reasoning,on,instance_00004,Aborted,0
4683,textmapworld_specificroom,Qwen3.6-35B-A3B-FP8-without-reasoning,on,instance_00004,Lose,0
4684,textmapworld_specificroom,Qwen3.6-35B-A3B-FP8-without-reasoning,on,instance_00004,moves,0
4685,textmapworld_specificroom,Qwen3.6-35B-A3B-FP8-without-reasoning,on,instance_00004,valid_moves,0
4686,textmapworld_specificroom,Qwen3.6-35B-A3B-FP8-without-reasoning,on,instance_00004,invalid_moves,0
4687,textmapworld_specificroom,Qwen3.6-35B-A3B-FP8-without-reasoning,on,instance_00004,stopped,1
4688,textmapworld_specificroom,Qwen3.6-35B-A3B-FP8-without-reasoning,on,instance_00004,turns_limit,0
4689,textmapworld_specificroom,Qwen3.6-35B-A3B-FP8-without-reasoning,on,instance_00004,loops,0
4690,textmapworld_specificroom,Qwen3.6-35B-A3B-FP8-without-reasoning,on,instance_00004,number_visited,1
4691,textmapworld_specificroom,Qwen3.6-35B-A3B-FP8-without-reasoning,on,instance_00004,seen,2
4692,textmapworld_specificroom,Qwen3.6-35B-A3B-FP8-without-reasoning,on,instance_00004,efficiency,0
4693,textmapworld_specificroom,Qwen3.6-35B-A3B-FP8-without-reasoning,on,instance_00004,exploration,12.5
4694,textmapworld_specificroom,Qwen3.6-35B-A3B-FP8-without-reasoning,on,instance_00004,old_benchscore,0.0
4695,textmapworld_specificroom,Qwen3.6-35B-A3B-FP8-without-reasoning,on,instance_00004,Main Score,100
4696,textmapworld_specificroom,Qwen3.6-35B-A3B-FP8-without-reasoning,on,instance_00008,Success,1
4697,textmapworld_specificroom,Qwen3.6-35B-A3B-FP8-without-reasoning,on,instance_00008,Aborted,0
4698,textmapworld_specificroom,Qwen3.6-35B-A3B-FP8-without-reasoning,on,instance_00008,Lose,0
4699,textmapworld_specificroom,Qwen3.6-35B-A3B-FP8-without-reasoning,on,instance_00008,moves,0
4700,textmapworld_specificroom,Qwen3.6-35B-A3B-FP8-without-reasoning,on,instance_00008,valid_moves,0
4701,textmapworld_specificroom,Qwen3.6-35B-A3B-FP8-without-reasoning,on,instance_00008,invalid_moves,0
4702,textmapworld_specificroom,Qwen3.6-35B-A3B-FP8-without-reasoning,on,instance_00008,stopped,1
4703,textmapworld_specificroom,Qwen3.6-35B-A3B-FP8-without-reasoning,on,instance_00008,turns_limit,0
4704,textmapworld_specificroom,Qwen3.6-35B-A3B-FP8-without-reasoning,on,instance_00008,loops,0
4705,textmapworld_specificroom,Qwen3.6-35B-A3B-FP8-without-reasoning,on,instance_00008,number_visited,1
4706,textmapworld_specificroom,Qwen3.6-35B-A3B-FP8-without-reasoning,on,instance_00008,seen,2
4707,textmapworld_specificroom,Qwen3.6-35B-A3B-FP8-without-reasoning,on,instance_00008,efficiency,0
4708,textmapworld_specificroom,Qwen3.6-35B-A3B-FP8-without-reasoning,on,instance_00008,exploration,12.5
4709,textmapworld_specificroom,Qwen3.6-35B-A3B-FP8-without-reasoning,on,instance_00008,old_benchscore,0.0
4710,textmapworld_specificroom,Qwen3.6-35B-A3B-FP8-without-reasoning,on,instance_00008,Main Score,100
4711,textmapworld_specificroom,Qwen3.6-35B-A3B-FP8-without-reasoning,on,instance_00001,Success,1
4712,textmapworld_specificroom,Qwen3.6-35B-A3B-FP8-without-reasoning,on,instance_00001,Aborted,0
4713,textmapworld_specificroom,Qwen3.6-35B-A3B-FP8-without-reasoning,on,instance_00001,Lose,0
4714,textmapworld_specificroom,Qwen3.6-35B-A3B-FP8-without-reasoning,on,instance_00001,moves,0
4715,textmapworld_specificroom,Qwen3.6-35B-A3B-FP8-without-reasoning,on,instance_00001,valid_moves,0
4716,textmapworld_specificroom,Qwen3.6-35B-A3B-FP8-without-reasoning,on,instance_00001,invalid_moves,0
4717,textmapworld_specificroom,Qwen3.6-35B-A3B-FP8-without-reasoning,on,instance_00001,stopped,1
4718,textmapworld_specificroom,Qwen3.6-35B-A3B-FP8-without-reasoning,on,instance_00001,turns_limit,0
4719,textmapworld_specificroom,Qwen3.6-35B-A3B-FP8-without-reasoning,on,instance_00001,loops,0
4720,textmapworld_specificroom,Qwen3.6-35B-A3B-FP8-without-reasoning,on,instance_00001,number_visited,1
4721,textmapworld_specificroom,Qwen3.6-35B-A3B-FP8-without-reasoning,on,instance_00001,seen,3
4722,textmapworld_specificroom,Qwen3.6-35B-A3B-FP8-without-reasoning,on,instance_00001,efficiency,0
4723,textmapworld_specificroom,Qwen3.6-35B-A3B-FP8-without-reasoning,on,instance_00001,exploration,12.5
4724,textmapworld_specificroom,Qwen3.6-35B-A3B-FP8-without-reasoning,on,instance_00001,old_benchscore,0.0
4725,textmapworld_specificroom,Qwen3.6-35B-A3B-FP8-without-reasoning,on,instance_00001,Main Score,100
4726,textmapworld_specificroom,Qwen3.6-35B-A3B-FP8-without-reasoning,on,instance_00006,Success,1
4727,textmapworld_specificroom,Qwen3.6-35B-A3B-FP8-without-reasoning,on,instance_00006,Aborted,0
4728,textmapworld_specificroom,Qwen3.6-35B-A3B-FP8-without-reasoning,on,instance_00006,Lose,0
4729,textmapworld_specificroom,Qwen3.6-35B-A3B-FP8-without-reasoning,on,instance_00006,moves,0
4730,textmapworld_specificroom,Qwen3.6-35B-A3B-FP8-without-reasoning,on,instance_00006,valid_moves,0
4731,textmapworld_specificroom,Qwen3.6-35B-A3B-FP8-without-reasoning,on,instance_00006,invalid_moves,0
4732,textmapworld_specificroom,Qwen3.6-35B-A3B-FP8-without-reasoning,on,instance_00006,stopped,1
4733,textmapworld_specificroom,Qwen3.6-35B-A3B-FP8-without-reasoning,on,instance_00006,turns_limit,0
4734,textmapworld_specificroom,Qwen3.6-35B-A3B-FP8-without-reasoning,on,instance_00006,loops,0
4735,textmapworld_specificroom,Qwen3.6-35B-A3B-FP8-without-reasoning,on,instance_00006,number_visited,1
4736,textmapworld_specificroom,Qwen3.6-35B-A3B-FP8-without-reasoning,on,instance_00006,seen,4
4737,textmapworld_specificroom,Qwen3.6-35B-A3B-FP8-without-reasoning,on,instance_00006,efficiency,0
4738,textmapworld_specificroom,Qwen3.6-35B-A3B-FP8-without-reasoning,on,instance_00006,exploration,12.5
4739,textmapworld_specificroom,Qwen3.6-35B-A3B-FP8-without-reasoning,on,instance_00006,old_benchscore,0.0
4740,textmapworld_specificroom,Qwen3.6-35B-A3B-FP8-without-reasoning,on,instance_00006,Main Score,100
4741,textmapworld_specificroom,Qwen3.6-35B-A3B-FP8-without-reasoning,on,instance_00007,Success,1
4742,textmapworld_specificroom,Qwen3.6-35B-A3B-FP8-without-reasoning,on,instance_00007,Aborted,0
4743,textmapworld_specificroom,Qwen3.6-35B-A3B-FP8-without-reasoning,on,instance_00007,Lose,0
4744,textmapworld_specificroom,Qwen3.6-35B-A3B-FP8-without-reasoning,on,instance_00007,moves,0
4745,textmapworld_specificroom,Qwen3.6-35B-A3B-FP8-without-reasoning,on,instance_00007,valid_moves,0
4746,textmapworld_specificroom,Qwen3.6-35B-A3B-FP8-without-reasoning,on,instance_00007,invalid_moves,0
4747,textmapworld_specificroom,Qwen3.6-35B-A3B-FP8-without-reasoning,on,instance_00007,stopped,1
4748,textmapworld_specificroom,Qwen3.6-35B-A3B-FP8-without-reasoning,on,instance_00007,turns_limit,0
4749,textmapworld_specificroom,Qwen3.6-35B-A3B-FP8-without-reasoning,on,instance_00007,loops,0
4750,textmapworld_specificroom,Qwen3.6-35B-A3B-FP8-without-reasoning,on,instance_00007,number_visited,1
4751,textmapworld_specificroom,Qwen3.6-35B-A3B-FP8-without-reasoning,on,instance_00007,seen,3
4752,textmapworld_specificroom,Qwen3.6-35B-A3B-FP8-without-reasoning,on,instance_00007,efficiency,0
4753,textmapworld_specificroom,Qwen3.6-35B-A3B-FP8-without-reasoning,on,instance_00007,exploration,12.5
4754,textmapworld_specificroom,Qwen3.6-35B-A3B-FP8-without-reasoning,on,instance_00007,old_benchscore,0.0
4755,textmapworld_specificroom,Qwen3.6-35B-A3B-FP8-without-reasoning,on,instance_00007,Main Score,100
4756,textmapworld_specificroom,Qwen3.6-35B-A3B-FP8-without-reasoning,on,instance_00000,Success,1
4757,textmapworld_specificroom,Qwen3.6-35B-A3B-FP8-without-reasoning,on,instance_00000,Aborted,0
4758,textmapworld_specificroom,Qwen3.6-35B-A3B-FP8-without-reasoning,on,instance_00000,Lose,0
4759,textmapworld_specificroom,Qwen3.6-35B-A3B-FP8-without-reasoning,on,instance_00000,moves,0
4760,textmapworld_specificroom,Qwen3.6-35B-A3B-FP8-without-reasoning,on,instance_00000,valid_moves,0
4761,textmapworld_specificroom,Qwen3.6-35B-A3B-FP8-without-reasoning,on,instance_00000,invalid_moves,0
4762,textmapworld_specificroom,Qwen3.6-35B-A3B-FP8-without-reasoning,on,instance_00000,stopped,1
4763,textmapworld_specificroom,Qwen3.6-35B-A3B-FP8-without-reasoning,on,instance_00000,turns_limit,0
4764,textmapworld_specificroom,Qwen3.6-35B-A3B-FP8-without-reasoning,on,instance_00000,loops,0
4765,textmapworld_specificroom,Qwen3.6-35B-A3B-FP8-without-reasoning,on,instance_00000,number_visited,1
4766,textmapworld_specificroom,Qwen3.6-35B-A3B-FP8-without-reasoning,on,instance_00000,seen,3
4767,textmapworld_specificroom,Qwen3.6-35B-A3B-FP8-without-reasoning,on,instance_00000,efficiency,0
4768,textmapworld_specificroom,Qwen3.6-35B-A3B-FP8-without-reasoning,on,instance_00000,exploration,12.5
4769,textmapworld_specificroom,Qwen3.6-35B-A3B-FP8-without-reasoning,on,instance_00000,old_benchscore,0.0
4770,textmapworld_specificroom,Qwen3.6-35B-A3B-FP8-without-reasoning,on,instance_00000,Main Score,100
4771,textmapworld_specificroom,Qwen3.6-35B-A3B-FP8-without-reasoning,on,instance_00009,Aborted,1
4772,textmapworld_specificroom,Qwen3.6-35B-A3B-FP8-without-reasoning,on,instance_00009,Success,0
4773,textmapworld_specificroom,Qwen3.6-35B-A3B-FP8-without-reasoning,on,instance_00009,Lose,0
4774,textmapworld_specificroom,Qwen3.6-35B-A3B-FP8-without-reasoning,on,instance_00009,moves,
4775,textmapworld_specificroom,Qwen3.6-35B-A3B-FP8-without-reasoning,on,instance_00009,valid_moves,
4776,textmapworld_specificroom,Qwen3.6-35B-A3B-FP8-without-reasoning,on,instance_00009,invalid_moves,
4777,textmapworld_specificroom,Qwen3.6-35B-A3B-FP8-without-reasoning,on,instance_00009,stopped,
4778,textmapworld_specificroom,Qwen3.6-35B-A3B-FP8-without-reasoning,on,instance_00009,turns_limit,
4779,textmapworld_specificroom,Qwen3.6-35B-A3B-FP8-without-reasoning,on,instance_00009,loops,
4780,textmapworld_specificroom,Qwen3.6-35B-A3B-FP8-without-reasoning,on,instance_00009,number_visited,
4781,textmapworld_specificroom,Qwen3.6-35B-A3B-FP8-without-reasoning,on,instance_00009,seen,
4782,textmapworld_specificroom,Qwen3.6-35B-A3B-FP8-without-reasoning,on,instance_00009,efficiency,
4783,textmapworld_specificroom,Qwen3.6-35B-A3B-FP8-without-reasoning,on,instance_00009,exploration,
4784,textmapworld_specificroom,Qwen3.6-35B-A3B-FP8-without-reasoning,on,instance_00009,old_benchscore,
4785,textmapworld_specificroom,Qwen3.6-35B-A3B-FP8-without-reasoning,on,instance_00009,Main Score,
4786,imagegame,Qwen3.6-35B-A3B-FP8-without-reasoning,random_grids,instance_00005,Precision,0.0
4787,imagegame,Qwen3.6-35B-A3B-FP8-without-reasoning,random_grids,instance_00005,Recall,0.0
4788,imagegame,Qwen3.6-35B-A3B-FP8-without-reasoning,random_grids,instance_00005,F1,0
4789,imagegame,Qwen3.6-35B-A3B-FP8-without-reasoning,random_grids,instance_00005,Main Score,0
4790,imagegame,Qwen3.6-35B-A3B-FP8-without-reasoning,random_grids,instance_00005,Average Changed Cell Count,1.0
4791,imagegame,Qwen3.6-35B-A3B-FP8-without-reasoning,random_grids,instance_00005,Average Generated Instruction Length,54.8
4792,imagegame,Qwen3.6-35B-A3B-FP8-without-reasoning,random_grids,instance_00005,Average Generated Expression Number of Tokens,7.0
4793,imagegame,Qwen3.6-35B-A3B-FP8-without-reasoning,random_grids,instance_00005,Success,0
4794,imagegame,Qwen3.6-35B-A3B-FP8-without-reasoning,random_grids,instance_00005,Lose,1
4795,imagegame,Qwen3.6-35B-A3B-FP8-without-reasoning,random_grids,instance_00005,Aborted,0
4796,imagegame,Qwen3.6-35B-A3B-FP8-without-reasoning,random_grids,instance_00005,Request Count,32
4797,imagegame,Qwen3.6-35B-A3B-FP8-without-reasoning,random_grids,instance_00005,Violated Request Count,0
4798,imagegame,Qwen3.6-35B-A3B-FP8-without-reasoning,random_grids,instance_00005,Parsed Request Count,32
4799,imagegame,Qwen3.6-35B-A3B-FP8-without-reasoning,random_grids,instance_00005,Request Success Ratio,1.0
4800,imagegame,Qwen3.6-35B-A3B-FP8-without-reasoning,random_grids,instance_00002,Precision,0.0
4801,imagegame,Qwen3.6-35B-A3B-FP8-without-reasoning,random_grids,instance_00002,Recall,0.0
4802,imagegame,Qwen3.6-35B-A3B-FP8-without-reasoning,random_grids,instance_00002,F1,0
4803,imagegame,Qwen3.6-35B-A3B-FP8-without-reasoning,random_grids,instance_00002,Main Score,0
4804,imagegame,Qwen3.6-35B-A3B-FP8-without-reasoning,random_grids,instance_00002,Average Changed Cell Count,1.0
4805,imagegame,Qwen3.6-35B-A3B-FP8-without-reasoning,random_grids,instance_00002,Average Generated Instruction Length,56.0
4806,imagegame,Qwen3.6-35B-A3B-FP8-without-reasoning,random_grids,instance_00002,Average Generated Expression Number of Tokens,7.0
4807,imagegame,Qwen3.6-35B-A3B-FP8-without-reasoning,random_grids,instance_00002,Success,0
4808,imagegame,Qwen3.6-35B-A3B-FP8-without-reasoning,random_grids,instance_00002,Lose,1
4809,imagegame,Qwen3.6-35B-A3B-FP8-without-reasoning,random_grids,instance_00002,Aborted,0
4810,imagegame,Qwen3.6-35B-A3B-FP8-without-reasoning,random_grids,instance_00002,Request Count,32
4811,imagegame,Qwen3.6-35B-A3B-FP8-without-reasoning,random_grids,instance_00002,Violated Request Count,0
4812,imagegame,Qwen3.6-35B-A3B-FP8-without-reasoning,random_grids,instance_00002,Parsed Request Count,32
4813,imagegame,Qwen3.6-35B-A3B-FP8-without-reasoning,random_grids,instance_00002,Request Success Ratio,1.0
4814,imagegame,Qwen3.6-35B-A3B-FP8-without-reasoning,random_grids,instance_00003,Precision,0.0
4815,imagegame,Qwen3.6-35B-A3B-FP8-without-reasoning,random_grids,instance_00003,Recall,0.0
4816,imagegame,Qwen3.6-35B-A3B-FP8-without-reasoning,random_grids,instance_00003,F1,0
4817,imagegame,Qwen3.6-35B-A3B-FP8-without-reasoning,random_grids,instance_00003,Main Score,0
4818,imagegame,Qwen3.6-35B-A3B-FP8-without-reasoning,random_grids,instance_00003,Average Changed Cell Count,1.0
4819,imagegame,Qwen3.6-35B-A3B-FP8-without-reasoning,random_grids,instance_00003,Average Generated Instruction Length,58.2
4820,imagegame,Qwen3.6-35B-A3B-FP8-without-reasoning,random_grids,instance_00003,Average Generated Expression Number of Tokens,7.0
4821,imagegame,Qwen3.6-35B-A3B-FP8-without-reasoning,random_grids,instance_00003,Success,0
4822,imagegame,Qwen3.6-35B-A3B-FP8-without-reasoning,random_grids,instance_00003,Lose,1
4823,imagegame,Qwen3.6-35B-A3B-FP8-without-reasoning,random_grids,instance_00003,Aborted,0
4824,imagegame,Qwen3.6-35B-A3B-FP8-without-reasoning,random_grids,instance_00003,Request Count,32
4825,imagegame,Qwen3.6-35B-A3B-FP8-without-reasoning,random_grids,instance_00003,Violated Request Count,0
4826,imagegame,Qwen3.6-35B-A3B-FP8-without-reasoning,random_grids,instance_00003,Parsed Request Count,32
4827,imagegame,Qwen3.6-35B-A3B-FP8-without-reasoning,random_grids,instance_00003,Request Success Ratio,1.0
4828,imagegame,Qwen3.6-35B-A3B-FP8-without-reasoning,random_grids,instance_00004,Precision,0.0
4829,imagegame,Qwen3.6-35B-A3B-FP8-without-reasoning,random_grids,instance_00004,Recall,0.0
4830,imagegame,Qwen3.6-35B-A3B-FP8-without-reasoning,random_grids,instance_00004,F1,0
4831,imagegame,Qwen3.6-35B-A3B-FP8-without-reasoning,random_grids,instance_00004,Main Score,0
4832,imagegame,Qwen3.6-35B-A3B-FP8-without-reasoning,random_grids,instance_00004,Average Changed Cell Count,1.1111
4833,imagegame,Qwen3.6-35B-A3B-FP8-without-reasoning,random_grids,instance_00004,Average Generated Instruction Length,57.0
4834,imagegame,Qwen3.6-35B-A3B-FP8-without-reasoning,random_grids,instance_00004,Average Generated Expression Number of Tokens,7.0
4835,imagegame,Qwen3.6-35B-A3B-FP8-without-reasoning,random_grids,instance_00004,Success,0
4836,imagegame,Qwen3.6-35B-A3B-FP8-without-reasoning,random_grids,instance_00004,Lose,1
4837,imagegame,Qwen3.6-35B-A3B-FP8-without-reasoning,random_grids,instance_00004,Aborted,0
4838,imagegame,Qwen3.6-35B-A3B-FP8-without-reasoning,random_grids,instance_00004,Request Count,56
4839,imagegame,Qwen3.6-35B-A3B-FP8-without-reasoning,random_grids,instance_00004,Violated Request Count,0
4840,imagegame,Qwen3.6-35B-A3B-FP8-without-reasoning,random_grids,instance_00004,Parsed Request Count,56
4841,imagegame,Qwen3.6-35B-A3B-FP8-without-reasoning,random_grids,instance_00004,Request Success Ratio,1.0
4842,imagegame,Qwen3.6-35B-A3B-FP8-without-reasoning,random_grids,instance_00017,Precision,100.0
4843,imagegame,Qwen3.6-35B-A3B-FP8-without-reasoning,random_grids,instance_00017,Recall,80.0
4844,imagegame,Qwen3.6-35B-A3B-FP8-without-reasoning,random_grids,instance_00017,F1,89.0
4845,imagegame,Qwen3.6-35B-A3B-FP8-without-reasoning,random_grids,instance_00017,Main Score,89.0
4846,imagegame,Qwen3.6-35B-A3B-FP8-without-reasoning,random_grids,instance_00017,Average Changed Cell Count,1.0
4847,imagegame,Qwen3.6-35B-A3B-FP8-without-reasoning,random_grids,instance_00017,Average Generated Instruction Length,59.0
4848,imagegame,Qwen3.6-35B-A3B-FP8-without-reasoning,random_grids,instance_00017,Average Generated Expression Number of Tokens,7.0
4849,imagegame,Qwen3.6-35B-A3B-FP8-without-reasoning,random_grids,instance_00017,Success,0
4850,imagegame,Qwen3.6-35B-A3B-FP8-without-reasoning,random_grids,instance_00017,Lose,1
4851,imagegame,Qwen3.6-35B-A3B-FP8-without-reasoning,random_grids,instance_00017,Aborted,0
4852,imagegame,Qwen3.6-35B-A3B-FP8-without-reasoning,random_grids,instance_00017,Request Count,26
4853,imagegame,Qwen3.6-35B-A3B-FP8-without-reasoning,random_grids,instance_00017,Violated Request Count,0
4854,imagegame,Qwen3.6-35B-A3B-FP8-without-reasoning,random_grids,instance_00017,Parsed Request Count,26
4855,imagegame,Qwen3.6-35B-A3B-FP8-without-reasoning,random_grids,instance_00017,Request Success Ratio,1.0
4856,imagegame,Qwen3.6-35B-A3B-FP8-without-reasoning,random_grids,instance_00010,Precision,0.0
4857,imagegame,Qwen3.6-35B-A3B-FP8-without-reasoning,random_grids,instance_00010,Recall,0.0
4858,imagegame,Qwen3.6-35B-A3B-FP8-without-reasoning,random_grids,instance_00010,F1,0
4859,imagegame,Qwen3.6-35B-A3B-FP8-without-reasoning,random_grids,instance_00010,Main Score,0
4860,imagegame,Qwen3.6-35B-A3B-FP8-without-reasoning,random_grids,instance_00010,Average Changed Cell Count,3.0
4861,imagegame,Qwen3.6-35B-A3B-FP8-without-reasoning,random_grids,instance_00010,Average Generated Instruction Length,44.0
4862,imagegame,Qwen3.6-35B-A3B-FP8-without-reasoning,random_grids,instance_00010,Average Generated Expression Number of Tokens,6.0
4863,imagegame,Qwen3.6-35B-A3B-FP8-without-reasoning,random_grids,instance_00010,Success,0
4864,imagegame,Qwen3.6-35B-A3B-FP8-without-reasoning,random_grids,instance_00010,Lose,1
4865,imagegame,Qwen3.6-35B-A3B-FP8-without-reasoning,random_grids,instance_00010,Aborted,0
4866,imagegame,Qwen3.6-35B-A3B-FP8-without-reasoning,random_grids,instance_00010,Request Count,14
4867,imagegame,Qwen3.6-35B-A3B-FP8-without-reasoning,random_grids,instance_00010,Violated Request Count,0
4868,imagegame,Qwen3.6-35B-A3B-FP8-without-reasoning,random_grids,instance_00010,Parsed Request Count,14
4869,imagegame,Qwen3.6-35B-A3B-FP8-without-reasoning,random_grids,instance_00010,Request Success Ratio,1.0
4870,imagegame,Qwen3.6-35B-A3B-FP8-without-reasoning,random_grids,instance_00019,Precision,0.0
4871,imagegame,Qwen3.6-35B-A3B-FP8-without-reasoning,random_grids,instance_00019,Recall,0.0
4872,imagegame,Qwen3.6-35B-A3B-FP8-without-reasoning,random_grids,instance_00019,F1,0
4873,imagegame,Qwen3.6-35B-A3B-FP8-without-reasoning,random_grids,instance_00019,Main Score,0
4874,imagegame,Qwen3.6-35B-A3B-FP8-without-reasoning,random_grids,instance_00019,Average Changed Cell Count,3.0
4875,imagegame,Qwen3.6-35B-A3B-FP8-without-reasoning,random_grids,instance_00019,Average Generated Instruction Length,44.0
4876,imagegame,Qwen3.6-35B-A3B-FP8-without-reasoning,random_grids,instance_00019,Average Generated Expression Number of Tokens,6.0
4877,imagegame,Qwen3.6-35B-A3B-FP8-without-reasoning,random_grids,instance_00019,Success,0
4878,imagegame,Qwen3.6-35B-A3B-FP8-without-reasoning,random_grids,instance_00019,Lose,1
4879,imagegame,Qwen3.6-35B-A3B-FP8-without-reasoning,random_grids,instance_00019,Aborted,0
4880,imagegame,Qwen3.6-35B-A3B-FP8-without-reasoning,random_grids,instance_00019,Request Count,14
4881,imagegame,Qwen3.6-35B-A3B-FP8-without-reasoning,random_grids,instance_00019,Violated Request Count,0
4882,imagegame,Qwen3.6-35B-A3B-FP8-without-reasoning,random_grids,instance_00019,Parsed Request Count,14
4883,imagegame,Qwen3.6-35B-A3B-FP8-without-reasoning,random_grids,instance_00019,Request Success Ratio,1.0
4884,imagegame,Qwen3.6-35B-A3B-FP8-without-reasoning,random_grids,instance_00018,Precision,0.0
4885,imagegame,Qwen3.6-35B-A3B-FP8-without-reasoning,random_grids,instance_00018,Recall,0.0
4886,imagegame,Qwen3.6-35B-A3B-FP8-without-reasoning,random_grids,instance_00018,F1,0
4887,imagegame,Qwen3.6-35B-A3B-FP8-without-reasoning,random_grids,instance_00018,Main Score,0
4888,imagegame,Qwen3.6-35B-A3B-FP8-without-reasoning,random_grids,instance_00018,Average Changed Cell Count,1.0
4889,imagegame,Qwen3.6-35B-A3B-FP8-without-reasoning,random_grids,instance_00018,Average Generated Instruction Length,57.8
4890,imagegame,Qwen3.6-35B-A3B-FP8-without-reasoning,random_grids,instance_00018,Average Generated Expression Number of Tokens,7.0
4891,imagegame,Qwen3.6-35B-A3B-FP8-without-reasoning,random_grids,instance_00018,Success,0
4892,imagegame,Qwen3.6-35B-A3B-FP8-without-reasoning,random_grids,instance_00018,Lose,1
4893,imagegame,Qwen3.6-35B-A3B-FP8-without-reasoning,random_grids,instance_00018,Aborted,0
4894,imagegame,Qwen3.6-35B-A3B-FP8-without-reasoning,random_grids,instance_00018,Request Count,32
4895,imagegame,Qwen3.6-35B-A3B-FP8-without-reasoning,random_grids,instance_00018,Violated Request Count,0
4896,imagegame,Qwen3.6-35B-A3B-FP8-without-reasoning,random_grids,instance_00018,Parsed Request Count,32
4897,imagegame,Qwen3.6-35B-A3B-FP8-without-reasoning,random_grids,instance_00018,Request Success Ratio,1.0
4898,imagegame,Qwen3.6-35B-A3B-FP8-without-reasoning,random_grids,instance_00011,Precision,80.0
4899,imagegame,Qwen3.6-35B-A3B-FP8-without-reasoning,random_grids,instance_00011,Recall,80.0
4900,imagegame,Qwen3.6-35B-A3B-FP8-without-reasoning,random_grids,instance_00011,F1,80.0
4901,imagegame,Qwen3.6-35B-A3B-FP8-without-reasoning,random_grids,instance_00011,Main Score,80.0
4902,imagegame,Qwen3.6-35B-A3B-FP8-without-reasoning,random_grids,instance_00011,Average Changed Cell Count,1.0
4903,imagegame,Qwen3.6-35B-A3B-FP8-without-reasoning,random_grids,instance_00011,Average Generated Instruction Length,57.8
4904,imagegame,Qwen3.6-35B-A3B-FP8-without-reasoning,random_grids,instance_00011,Average Generated Expression Number of Tokens,7.0
4905,imagegame,Qwen3.6-35B-A3B-FP8-without-reasoning,random_grids,instance_00011,Success,0
4906,imagegame,Qwen3.6-35B-A3B-FP8-without-reasoning,random_grids,instance_00011,Lose,1
4907,imagegame,Qwen3.6-35B-A3B-FP8-without-reasoning,random_grids,instance_00011,Aborted,0
4908,imagegame,Qwen3.6-35B-A3B-FP8-without-reasoning,random_grids,instance_00011,Request Count,32
4909,imagegame,Qwen3.6-35B-A3B-FP8-without-reasoning,random_grids,instance_00011,Violated Request Count,0
4910,imagegame,Qwen3.6-35B-A3B-FP8-without-reasoning,random_grids,instance_00011,Parsed Request Count,32
4911,imagegame,Qwen3.6-35B-A3B-FP8-without-reasoning,random_grids,instance_00011,Request Success Ratio,1.0
4912,imagegame,Qwen3.6-35B-A3B-FP8-without-reasoning,random_grids,instance_00016,Precision,100.0
4913,imagegame,Qwen3.6-35B-A3B-FP8-without-reasoning,random_grids,instance_00016,Recall,100.0
4914,imagegame,Qwen3.6-35B-A3B-FP8-without-reasoning,random_grids,instance_00016,F1,100.0
4915,imagegame,Qwen3.6-35B-A3B-FP8-without-reasoning,random_grids,instance_00016,Main Score,100.0
4916,imagegame,Qwen3.6-35B-A3B-FP8-without-reasoning,random_grids,instance_00016,Average Changed Cell Count,1.0
4917,imagegame,Qwen3.6-35B-A3B-FP8-without-reasoning,random_grids,instance_00016,Average Generated Instruction Length,57.3333
4918,imagegame,Qwen3.6-35B-A3B-FP8-without-reasoning,random_grids,instance_00016,Average Generated Expression Number of Tokens,7.0
4919,imagegame,Qwen3.6-35B-A3B-FP8-without-reasoning,random_grids,instance_00016,Success,1
4920,imagegame,Qwen3.6-35B-A3B-FP8-without-reasoning,random_grids,instance_00016,Lose,0
4921,imagegame,Qwen3.6-35B-A3B-FP8-without-reasoning,random_grids,instance_00016,Aborted,0
4922,imagegame,Qwen3.6-35B-A3B-FP8-without-reasoning,random_grids,instance_00016,Request Count,38
4923,imagegame,Qwen3.6-35B-A3B-FP8-without-reasoning,random_grids,instance_00016,Violated Request Count,0
4924,imagegame,Qwen3.6-35B-A3B-FP8-without-reasoning,random_grids,instance_00016,Parsed Request Count,38
4925,imagegame,Qwen3.6-35B-A3B-FP8-without-reasoning,random_grids,instance_00016,Request Success Ratio,1.0
4926,imagegame,Qwen3.6-35B-A3B-FP8-without-reasoning,random_grids,instance_00008,Precision,100.0
4927,imagegame,Qwen3.6-35B-A3B-FP8-without-reasoning,random_grids,instance_00008,Recall,80.0
4928,imagegame,Qwen3.6-35B-A3B-FP8-without-reasoning,random_grids,instance_00008,F1,89.0
4929,imagegame,Qwen3.6-35B-A3B-FP8-without-reasoning,random_grids,instance_00008,Main Score,89.0
4930,imagegame,Qwen3.6-35B-A3B-FP8-without-reasoning,random_grids,instance_00008,Average Changed Cell Count,1.0
4931,imagegame,Qwen3.6-35B-A3B-FP8-without-reasoning,random_grids,instance_00008,Average Generated Instruction Length,59.5
4932,imagegame,Qwen3.6-35B-A3B-FP8-without-reasoning,random_grids,instance_00008,Average Generated Expression Number of Tokens,7.0
4933,imagegame,Qwen3.6-35B-A3B-FP8-without-reasoning,random_grids,instance_00008,Success,0
4934,imagegame,Qwen3.6-35B-A3B-FP8-without-reasoning,random_grids,instance_00008,Lose,1
4935,imagegame,Qwen3.6-35B-A3B-FP8-without-reasoning,random_grids,instance_00008,Aborted,0
4936,imagegame,Qwen3.6-35B-A3B-FP8-without-reasoning,random_grids,instance_00008,Request Count,26
4937,imagegame,Qwen3.6-35B-A3B-FP8-without-reasoning,random_grids,instance_00008,Violated Request Count,0
4938,imagegame,Qwen3.6-35B-A3B-FP8-without-reasoning,random_grids,instance_00008,Parsed Request Count,26
4939,imagegame,Qwen3.6-35B-A3B-FP8-without-reasoning,random_grids,instance_00008,Request Success Ratio,1.0
4940,imagegame,Qwen3.6-35B-A3B-FP8-without-reasoning,random_grids,instance_00001,Precision,100.0
4941,imagegame,Qwen3.6-35B-A3B-FP8-without-reasoning,random_grids,instance_00001,Recall,100.0
4942,imagegame,Qwen3.6-35B-A3B-FP8-without-reasoning,random_grids,instance_00001,F1,100.0
4943,imagegame,Qwen3.6-35B-A3B-FP8-without-reasoning,random_grids,instance_00001,Main Score,100.0
4944,imagegame,Qwen3.6-35B-A3B-FP8-without-reasoning,random_grids,instance_00001,Average Changed Cell Count,1.0
4945,imagegame,Qwen3.6-35B-A3B-FP8-without-reasoning,random_grids,instance_00001,Average Generated Instruction Length,57.5
4946,imagegame,Qwen3.6-35B-A3B-FP8-without-reasoning,random_grids,instance_00001,Average Generated Expression Number of Tokens,7.0
4947,imagegame,Qwen3.6-35B-A3B-FP8-without-reasoning,random_grids,instance_00001,Success,1
4948,imagegame,Qwen3.6-35B-A3B-FP8-without-reasoning,random_grids,instance_00001,Lose,0
4949,imagegame,Qwen3.6-35B-A3B-FP8-without-reasoning,random_grids,instance_00001,Aborted,0
4950,imagegame,Qwen3.6-35B-A3B-FP8-without-reasoning,random_grids,instance_00001,Request Count,38
4951,imagegame,Qwen3.6-35B-A3B-FP8-without-reasoning,random_grids,instance_00001,Violated Request Count,0
4952,imagegame,Qwen3.6-35B-A3B-FP8-without-reasoning,random_grids,instance_00001,Parsed Request Count,38
4953,imagegame,Qwen3.6-35B-A3B-FP8-without-reasoning,random_grids,instance_00001,Request Success Ratio,1.0
4954,imagegame,Qwen3.6-35B-A3B-FP8-without-reasoning,random_grids,instance_00006,Precision,20.0
4955,imagegame,Qwen3.6-35B-A3B-FP8-without-reasoning,random_grids,instance_00006,Recall,20.0
4956,imagegame,Qwen3.6-35B-A3B-FP8-without-reasoning,random_grids,instance_00006,F1,20.0
4957,imagegame,Qwen3.6-35B-A3B-FP8-without-reasoning,random_grids,instance_00006,Main Score,20.0
4958,imagegame,Qwen3.6-35B-A3B-FP8-without-reasoning,random_grids,instance_00006,Average Changed Cell Count,1.0
4959,imagegame,Qwen3.6-35B-A3B-FP8-without-reasoning,random_grids,instance_00006,Average Generated Instruction Length,56.6
4960,imagegame,Qwen3.6-35B-A3B-FP8-without-reasoning,random_grids,instance_00006,Average Generated Expression Number of Tokens,7.0
4961,imagegame,Qwen3.6-35B-A3B-FP8-without-reasoning,random_grids,instance_00006,Success,0
4962,imagegame,Qwen3.6-35B-A3B-FP8-without-reasoning,random_grids,instance_00006,Lose,1
4963,imagegame,Qwen3.6-35B-A3B-FP8-without-reasoning,random_grids,instance_00006,Aborted,0
4964,imagegame,Qwen3.6-35B-A3B-FP8-without-reasoning,random_grids,instance_00006,Request Count,32
4965,imagegame,Qwen3.6-35B-A3B-FP8-without-reasoning,random_grids,instance_00006,Violated Request Count,0
4966,imagegame,Qwen3.6-35B-A3B-FP8-without-reasoning,random_grids,instance_00006,Parsed Request Count,32
4967,imagegame,Qwen3.6-35B-A3B-FP8-without-reasoning,random_grids,instance_00006,Request Success Ratio,1.0
4968,imagegame,Qwen3.6-35B-A3B-FP8-without-reasoning,random_grids,instance_00007,Precision,100.0
4969,imagegame,Qwen3.6-35B-A3B-FP8-without-reasoning,random_grids,instance_00007,Recall,100.0
4970,imagegame,Qwen3.6-35B-A3B-FP8-without-reasoning,random_grids,instance_00007,F1,100.0
4971,imagegame,Qwen3.6-35B-A3B-FP8-without-reasoning,random_grids,instance_00007,Main Score,100.0
4972,imagegame,Qwen3.6-35B-A3B-FP8-without-reasoning,random_grids,instance_00007,Average Changed Cell Count,1.3333
4973,imagegame,Qwen3.6-35B-A3B-FP8-without-reasoning,random_grids,instance_00007,Average Generated Instruction Length,64.0
4974,imagegame,Qwen3.6-35B-A3B-FP8-without-reasoning,random_grids,instance_00007,Average Generated Expression Number of Tokens,7.6667
4975,imagegame,Qwen3.6-35B-A3B-FP8-without-reasoning,random_grids,instance_00007,Success,1
4976,imagegame,Qwen3.6-35B-A3B-FP8-without-reasoning,random_grids,instance_00007,Lose,0
4977,imagegame,Qwen3.6-35B-A3B-FP8-without-reasoning,random_grids,instance_00007,Aborted,0
4978,imagegame,Qwen3.6-35B-A3B-FP8-without-reasoning,random_grids,instance_00007,Request Count,20
4979,imagegame,Qwen3.6-35B-A3B-FP8-without-reasoning,random_grids,instance_00007,Violated Request Count,0
4980,imagegame,Qwen3.6-35B-A3B-FP8-without-reasoning,random_grids,instance_00007,Parsed Request Count,20
4981,imagegame,Qwen3.6-35B-A3B-FP8-without-reasoning,random_grids,instance_00007,Request Success Ratio,1.0
4982,imagegame,Qwen3.6-35B-A3B-FP8-without-reasoning,random_grids,instance_00000,Precision,100.0
4983,imagegame,Qwen3.6-35B-A3B-FP8-without-reasoning,random_grids,instance_00000,Recall,100.0
4984,imagegame,Qwen3.6-35B-A3B-FP8-without-reasoning,random_grids,instance_00000,F1,100.0
4985,imagegame,Qwen3.6-35B-A3B-FP8-without-reasoning,random_grids,instance_00000,Main Score,100.0
4986,imagegame,Qwen3.6-35B-A3B-FP8-without-reasoning,random_grids,instance_00000,Average Changed Cell Count,1.3333
4987,imagegame,Qwen3.6-35B-A3B-FP8-without-reasoning,random_grids,instance_00000,Average Generated Instruction Length,64.0
4988,imagegame,Qwen3.6-35B-A3B-FP8-without-reasoning,random_grids,instance_00000,Average Generated Expression Number of Tokens,7.6667
4989,imagegame,Qwen3.6-35B-A3B-FP8-without-reasoning,random_grids,instance_00000,Success,1
4990,imagegame,Qwen3.6-35B-A3B-FP8-without-reasoning,random_grids,instance_00000,Lose,0
4991,imagegame,Qwen3.6-35B-A3B-FP8-without-reasoning,random_grids,instance_00000,Aborted,0
4992,imagegame,Qwen3.6-35B-A3B-FP8-without-reasoning,random_grids,instance_00000,Request Count,20
4993,imagegame,Qwen3.6-35B-A3B-FP8-without-reasoning,random_grids,instance_00000,Violated Request Count,0
4994,imagegame,Qwen3.6-35B-A3B-FP8-without-reasoning,random_grids,instance_00000,Parsed Request Count,20
4995,imagegame,Qwen3.6-35B-A3B-FP8-without-reasoning,random_grids,instance_00000,Request Success Ratio,1.0
4996,imagegame,Qwen3.6-35B-A3B-FP8-without-reasoning,random_grids,instance_00009,Precision,88.0
4997,imagegame,Qwen3.6-35B-A3B-FP8-without-reasoning,random_grids,instance_00009,Recall,88.0
4998,imagegame,Qwen3.6-35B-A3B-FP8-without-reasoning,random_grids,instance_00009,F1,88.0
4999,imagegame,Qwen3.6-35B-A3B-FP8-without-reasoning,random_grids,instance_00009,Main Score,88.0
5000,imagegame,Qwen3.6-35B-A3B-FP8-without-reasoning,random_grids,instance_00009,Average Changed Cell Count,2.0
5001,imagegame,Qwen3.6-35B-A3B-FP8-without-reasoning,random_grids,instance_00009,Average Generated Instruction Length,70.25
5002,imagegame,Qwen3.6-35B-A3B-FP8-without-reasoning,random_grids,instance_00009,Average Generated Expression Number of Tokens,8.5
5003,imagegame,Qwen3.6-35B-A3B-FP8-without-reasoning,random_grids,instance_00009,Success,0
5004,imagegame,Qwen3.6-35B-A3B-FP8-without-reasoning,random_grids,instance_00009,Lose,1
5005,imagegame,Qwen3.6-35B-A3B-FP8-without-reasoning,random_grids,instance_00009,Aborted,0
5006,imagegame,Qwen3.6-35B-A3B-FP8-without-reasoning,random_grids,instance_00009,Request Count,26
5007,imagegame,Qwen3.6-35B-A3B-FP8-without-reasoning,random_grids,instance_00009,Violated Request Count,0
5008,imagegame,Qwen3.6-35B-A3B-FP8-without-reasoning,random_grids,instance_00009,Parsed Request Count,26
5009,imagegame,Qwen3.6-35B-A3B-FP8-without-reasoning,random_grids,instance_00009,Request Success Ratio,1.0
5010,imagegame,Qwen3.6-35B-A3B-FP8-without-reasoning,random_grids,instance_00013,Precision,0.0
5011,imagegame,Qwen3.6-35B-A3B-FP8-without-reasoning,random_grids,instance_00013,Recall,0.0
5012,imagegame,Qwen3.6-35B-A3B-FP8-without-reasoning,random_grids,instance_00013,F1,0
5013,imagegame,Qwen3.6-35B-A3B-FP8-without-reasoning,random_grids,instance_00013,Main Score,0
5014,imagegame,Qwen3.6-35B-A3B-FP8-without-reasoning,random_grids,instance_00013,Average Changed Cell Count,1.0
5015,imagegame,Qwen3.6-35B-A3B-FP8-without-reasoning,random_grids,instance_00013,Average Generated Instruction Length,56.6
5016,imagegame,Qwen3.6-35B-A3B-FP8-without-reasoning,random_grids,instance_00013,Average Generated Expression Number of Tokens,7.0
5017,imagegame,Qwen3.6-35B-A3B-FP8-without-reasoning,random_grids,instance_00013,Success,0
5018,imagegame,Qwen3.6-35B-A3B-FP8-without-reasoning,random_grids,instance_00013,Lose,1
5019,imagegame,Qwen3.6-35B-A3B-FP8-without-reasoning,random_grids,instance_00013,Aborted,0
5020,imagegame,Qwen3.6-35B-A3B-FP8-without-reasoning,random_grids,instance_00013,Request Count,32
5021,imagegame,Qwen3.6-35B-A3B-FP8-without-reasoning,random_grids,instance_00013,Violated Request Count,0
5022,imagegame,Qwen3.6-35B-A3B-FP8-without-reasoning,random_grids,instance_00013,Parsed Request Count,32
5023,imagegame,Qwen3.6-35B-A3B-FP8-without-reasoning,random_grids,instance_00013,Request Success Ratio,1.0
5024,imagegame,Qwen3.6-35B-A3B-FP8-without-reasoning,random_grids,instance_00014,Precision,0.0
5025,imagegame,Qwen3.6-35B-A3B-FP8-without-reasoning,random_grids,instance_00014,Recall,0.0
5026,imagegame,Qwen3.6-35B-A3B-FP8-without-reasoning,random_grids,instance_00014,F1,0
5027,imagegame,Qwen3.6-35B-A3B-FP8-without-reasoning,random_grids,instance_00014,Main Score,0
5028,imagegame,Qwen3.6-35B-A3B-FP8-without-reasoning,random_grids,instance_00014,Average Changed Cell Count,1.0
5029,imagegame,Qwen3.6-35B-A3B-FP8-without-reasoning,random_grids,instance_00014,Average Generated Instruction Length,56.0
5030,imagegame,Qwen3.6-35B-A3B-FP8-without-reasoning,random_grids,instance_00014,Average Generated Expression Number of Tokens,7.0
5031,imagegame,Qwen3.6-35B-A3B-FP8-without-reasoning,random_grids,instance_00014,Success,0
5032,imagegame,Qwen3.6-35B-A3B-FP8-without-reasoning,random_grids,instance_00014,Lose,1
5033,imagegame,Qwen3.6-35B-A3B-FP8-without-reasoning,random_grids,instance_00014,Aborted,0
5034,imagegame,Qwen3.6-35B-A3B-FP8-without-reasoning,random_grids,instance_00014,Request Count,20
5035,imagegame,Qwen3.6-35B-A3B-FP8-without-reasoning,random_grids,instance_00014,Violated Request Count,0
5036,imagegame,Qwen3.6-35B-A3B-FP8-without-reasoning,random_grids,instance_00014,Parsed Request Count,20
5037,imagegame,Qwen3.6-35B-A3B-FP8-without-reasoning,random_grids,instance_00014,Request Success Ratio,1.0
5038,imagegame,Qwen3.6-35B-A3B-FP8-without-reasoning,random_grids,instance_00015,Precision,67.0
5039,imagegame,Qwen3.6-35B-A3B-FP8-without-reasoning,random_grids,instance_00015,Recall,67.0
5040,imagegame,Qwen3.6-35B-A3B-FP8-without-reasoning,random_grids,instance_00015,F1,67.0
5041,imagegame,Qwen3.6-35B-A3B-FP8-without-reasoning,random_grids,instance_00015,Main Score,67.0
5042,imagegame,Qwen3.6-35B-A3B-FP8-without-reasoning,random_grids,instance_00015,Average Changed Cell Count,2.0
5043,imagegame,Qwen3.6-35B-A3B-FP8-without-reasoning,random_grids,instance_00015,Average Generated Instruction Length,70.0
5044,imagegame,Qwen3.6-35B-A3B-FP8-without-reasoning,random_grids,instance_00015,Average Generated Expression Number of Tokens,8.6667
5045,imagegame,Qwen3.6-35B-A3B-FP8-without-reasoning,random_grids,instance_00015,Success,0
5046,imagegame,Qwen3.6-35B-A3B-FP8-without-reasoning,random_grids,instance_00015,Lose,1
5047,imagegame,Qwen3.6-35B-A3B-FP8-without-reasoning,random_grids,instance_00015,Aborted,0
5048,imagegame,Qwen3.6-35B-A3B-FP8-without-reasoning,random_grids,instance_00015,Request Count,20
5049,imagegame,Qwen3.6-35B-A3B-FP8-without-reasoning,random_grids,instance_00015,Violated Request Count,0
5050,imagegame,Qwen3.6-35B-A3B-FP8-without-reasoning,random_grids,instance_00015,Parsed Request Count,20
5051,imagegame,Qwen3.6-35B-A3B-FP8-without-reasoning,random_grids,instance_00015,Request Success Ratio,1.0
5052,imagegame,Qwen3.6-35B-A3B-FP8-without-reasoning,random_grids,instance_00012,Precision,27.0
5053,imagegame,Qwen3.6-35B-A3B-FP8-without-reasoning,random_grids,instance_00012,Recall,33.0
5054,imagegame,Qwen3.6-35B-A3B-FP8-without-reasoning,random_grids,instance_00012,F1,30.0
5055,imagegame,Qwen3.6-35B-A3B-FP8-without-reasoning,random_grids,instance_00012,Main Score,30.0
5056,imagegame,Qwen3.6-35B-A3B-FP8-without-reasoning,random_grids,instance_00012,Average Changed Cell Count,1.1
5057,imagegame,Qwen3.6-35B-A3B-FP8-without-reasoning,random_grids,instance_00012,Average Generated Instruction Length,57.3
5058,imagegame,Qwen3.6-35B-A3B-FP8-without-reasoning,random_grids,instance_00012,Average Generated Expression Number of Tokens,7.0
5059,imagegame,Qwen3.6-35B-A3B-FP8-without-reasoning,random_grids,instance_00012,Success,0
5060,imagegame,Qwen3.6-35B-A3B-FP8-without-reasoning,random_grids,instance_00012,Lose,1
5061,imagegame,Qwen3.6-35B-A3B-FP8-without-reasoning,random_grids,instance_00012,Aborted,0
5062,imagegame,Qwen3.6-35B-A3B-FP8-without-reasoning,random_grids,instance_00012,Request Count,62
5063,imagegame,Qwen3.6-35B-A3B-FP8-without-reasoning,random_grids,instance_00012,Violated Request Count,0
5064,imagegame,Qwen3.6-35B-A3B-FP8-without-reasoning,random_grids,instance_00012,Parsed Request Count,62
5065,imagegame,Qwen3.6-35B-A3B-FP8-without-reasoning,random_grids,instance_00012,Request Success Ratio,1.0
5066,imagegame,Qwen3.6-35B-A3B-FP8-without-reasoning,compact_grids,instance_00005,Precision,0.0
5067,imagegame,Qwen3.6-35B-A3B-FP8-without-reasoning,compact_grids,instance_00005,Recall,0.0
5068,imagegame,Qwen3.6-35B-A3B-FP8-without-reasoning,compact_grids,instance_00005,F1,0
5069,imagegame,Qwen3.6-35B-A3B-FP8-without-reasoning,compact_grids,instance_00005,Main Score,0
5070,imagegame,Qwen3.6-35B-A3B-FP8-without-reasoning,compact_grids,instance_00005,Average Changed Cell Count,1.0
5071,imagegame,Qwen3.6-35B-A3B-FP8-without-reasoning,compact_grids,instance_00005,Average Generated Instruction Length,56.5
5072,imagegame,Qwen3.6-35B-A3B-FP8-without-reasoning,compact_grids,instance_00005,Average Generated Expression Number of Tokens,7.0
5073,imagegame,Qwen3.6-35B-A3B-FP8-without-reasoning,compact_grids,instance_00005,Success,0
5074,imagegame,Qwen3.6-35B-A3B-FP8-without-reasoning,compact_grids,instance_00005,Lose,1
5075,imagegame,Qwen3.6-35B-A3B-FP8-without-reasoning,compact_grids,instance_00005,Aborted,0
5076,imagegame,Qwen3.6-35B-A3B-FP8-without-reasoning,compact_grids,instance_00005,Request Count,26
5077,imagegame,Qwen3.6-35B-A3B-FP8-without-reasoning,compact_grids,instance_00005,Violated Request Count,0
5078,imagegame,Qwen3.6-35B-A3B-FP8-without-reasoning,compact_grids,instance_00005,Parsed Request Count,26
5079,imagegame,Qwen3.6-35B-A3B-FP8-without-reasoning,compact_grids,instance_00005,Request Success Ratio,1.0
5080,imagegame,Qwen3.6-35B-A3B-FP8-without-reasoning,compact_grids,instance_00002,Precision,0.0
5081,imagegame,Qwen3.6-35B-A3B-FP8-without-reasoning,compact_grids,instance_00002,Recall,0.0
5082,imagegame,Qwen3.6-35B-A3B-FP8-without-reasoning,compact_grids,instance_00002,F1,0
5083,imagegame,Qwen3.6-35B-A3B-FP8-without-reasoning,compact_grids,instance_00002,Main Score,0
5084,imagegame,Qwen3.6-35B-A3B-FP8-without-reasoning,compact_grids,instance_00002,Average Changed Cell Count,1.0
5085,imagegame,Qwen3.6-35B-A3B-FP8-without-reasoning,compact_grids,instance_00002,Average Generated Instruction Length,55.8333
5086,imagegame,Qwen3.6-35B-A3B-FP8-without-reasoning,compact_grids,instance_00002,Average Generated Expression Number of Tokens,7.0
5087,imagegame,Qwen3.6-35B-A3B-FP8-without-reasoning,compact_grids,instance_00002,Success,0
5088,imagegame,Qwen3.6-35B-A3B-FP8-without-reasoning,compact_grids,instance_00002,Lose,1
5089,imagegame,Qwen3.6-35B-A3B-FP8-without-reasoning,compact_grids,instance_00002,Aborted,0
5090,imagegame,Qwen3.6-35B-A3B-FP8-without-reasoning,compact_grids,instance_00002,Request Count,38
5091,imagegame,Qwen3.6-35B-A3B-FP8-without-reasoning,compact_grids,instance_00002,Violated Request Count,0
5092,imagegame,Qwen3.6-35B-A3B-FP8-without-reasoning,compact_grids,instance_00002,Parsed Request Count,38
5093,imagegame,Qwen3.6-35B-A3B-FP8-without-reasoning,compact_grids,instance_00002,Request Success Ratio,1.0
5094,imagegame,Qwen3.6-35B-A3B-FP8-without-reasoning,compact_grids,instance_00003,Precision,0.0
5095,imagegame,Qwen3.6-35B-A3B-FP8-without-reasoning,compact_grids,instance_00003,Recall,0.0
5096,imagegame,Qwen3.6-35B-A3B-FP8-without-reasoning,compact_grids,instance_00003,F1,0
5097,imagegame,Qwen3.6-35B-A3B-FP8-without-reasoning,compact_grids,instance_00003,Main Score,0
5098,imagegame,Qwen3.6-35B-A3B-FP8-without-reasoning,compact_grids,instance_00003,Average Changed Cell Count,1.0
5099,imagegame,Qwen3.6-35B-A3B-FP8-without-reasoning,compact_grids,instance_00003,Average Generated Instruction Length,57.0
5100,imagegame,Qwen3.6-35B-A3B-FP8-without-reasoning,compact_grids,instance_00003,Average Generated Expression Number of Tokens,7.0
5101,imagegame,Qwen3.6-35B-A3B-FP8-without-reasoning,compact_grids,instance_00003,Success,0
5102,imagegame,Qwen3.6-35B-A3B-FP8-without-reasoning,compact_grids,instance_00003,Lose,1
5103,imagegame,Qwen3.6-35B-A3B-FP8-without-reasoning,compact_grids,instance_00003,Aborted,0
5104,imagegame,Qwen3.6-35B-A3B-FP8-without-reasoning,compact_grids,instance_00003,Request Count,38
5105,imagegame,Qwen3.6-35B-A3B-FP8-without-reasoning,compact_grids,instance_00003,Violated Request Count,0
5106,imagegame,Qwen3.6-35B-A3B-FP8-without-reasoning,compact_grids,instance_00003,Parsed Request Count,38
5107,imagegame,Qwen3.6-35B-A3B-FP8-without-reasoning,compact_grids,instance_00003,Request Success Ratio,1.0
5108,imagegame,Qwen3.6-35B-A3B-FP8-without-reasoning,compact_grids,instance_00004,Precision,100.0
5109,imagegame,Qwen3.6-35B-A3B-FP8-without-reasoning,compact_grids,instance_00004,Recall,100.0
5110,imagegame,Qwen3.6-35B-A3B-FP8-without-reasoning,compact_grids,instance_00004,F1,100.0
5111,imagegame,Qwen3.6-35B-A3B-FP8-without-reasoning,compact_grids,instance_00004,Main Score,100.0
5112,imagegame,Qwen3.6-35B-A3B-FP8-without-reasoning,compact_grids,instance_00004,Average Changed Cell Count,4.0
5113,imagegame,Qwen3.6-35B-A3B-FP8-without-reasoning,compact_grids,instance_00004,Average Generated Instruction Length,54.5
5114,imagegame,Qwen3.6-35B-A3B-FP8-without-reasoning,compact_grids,instance_00004,Average Generated Expression Number of Tokens,7.0
5115,imagegame,Qwen3.6-35B-A3B-FP8-without-reasoning,compact_grids,instance_00004,Success,1
5116,imagegame,Qwen3.6-35B-A3B-FP8-without-reasoning,compact_grids,instance_00004,Lose,0
5117,imagegame,Qwen3.6-35B-A3B-FP8-without-reasoning,compact_grids,instance_00004,Aborted,0
5118,imagegame,Qwen3.6-35B-A3B-FP8-without-reasoning,compact_grids,instance_00004,Request Count,26
5119,imagegame,Qwen3.6-35B-A3B-FP8-without-reasoning,compact_grids,instance_00004,Violated Request Count,0
5120,imagegame,Qwen3.6-35B-A3B-FP8-without-reasoning,compact_grids,instance_00004,Parsed Request Count,26
5121,imagegame,Qwen3.6-35B-A3B-FP8-without-reasoning,compact_grids,instance_00004,Request Success Ratio,1.0
5122,imagegame,Qwen3.6-35B-A3B-FP8-without-reasoning,compact_grids,instance_00017,Precision,0
5123,imagegame,Qwen3.6-35B-A3B-FP8-without-reasoning,compact_grids,instance_00017,Recall,0
5124,imagegame,Qwen3.6-35B-A3B-FP8-without-reasoning,compact_grids,instance_00017,F1,0
5125,imagegame,Qwen3.6-35B-A3B-FP8-without-reasoning,compact_grids,instance_00017,Main Score,0
5126,imagegame,Qwen3.6-35B-A3B-FP8-without-reasoning,compact_grids,instance_00017,Average Changed Cell Count,0
5127,imagegame,Qwen3.6-35B-A3B-FP8-without-reasoning,compact_grids,instance_00017,Average Generated Instruction Length,0
5128,imagegame,Qwen3.6-35B-A3B-FP8-without-reasoning,compact_grids,instance_00017,Average Generated Expression Number of Tokens,0
5129,imagegame,Qwen3.6-35B-A3B-FP8-without-reasoning,compact_grids,instance_00017,Success,0
5130,imagegame,Qwen3.6-35B-A3B-FP8-without-reasoning,compact_grids,instance_00017,Lose,1
5131,imagegame,Qwen3.6-35B-A3B-FP8-without-reasoning,compact_grids,instance_00017,Aborted,0
5132,imagegame,Qwen3.6-35B-A3B-FP8-without-reasoning,compact_grids,instance_00017,Request Count,2
5133,imagegame,Qwen3.6-35B-A3B-FP8-without-reasoning,compact_grids,instance_00017,Violated Request Count,0
5134,imagegame,Qwen3.6-35B-A3B-FP8-without-reasoning,compact_grids,instance_00017,Parsed Request Count,2
5135,imagegame,Qwen3.6-35B-A3B-FP8-without-reasoning,compact_grids,instance_00017,Request Success Ratio,1.0
5136,imagegame,Qwen3.6-35B-A3B-FP8-without-reasoning,compact_grids,instance_00010,Precision,92.0
5137,imagegame,Qwen3.6-35B-A3B-FP8-without-reasoning,compact_grids,instance_00010,Recall,92.0
5138,imagegame,Qwen3.6-35B-A3B-FP8-without-reasoning,compact_grids,instance_00010,F1,92.0
5139,imagegame,Qwen3.6-35B-A3B-FP8-without-reasoning,compact_grids,instance_00010,Main Score,92.0
5140,imagegame,Qwen3.6-35B-A3B-FP8-without-reasoning,compact_grids,instance_00010,Average Changed Cell Count,1.0
5141,imagegame,Qwen3.6-35B-A3B-FP8-without-reasoning,compact_grids,instance_00010,Average Generated Instruction Length,58.4167
5142,imagegame,Qwen3.6-35B-A3B-FP8-without-reasoning,compact_grids,instance_00010,Average Generated Expression Number of Tokens,7.0
5143,imagegame,Qwen3.6-35B-A3B-FP8-without-reasoning,compact_grids,instance_00010,Success,0
5144,imagegame,Qwen3.6-35B-A3B-FP8-without-reasoning,compact_grids,instance_00010,Lose,1
5145,imagegame,Qwen3.6-35B-A3B-FP8-without-reasoning,compact_grids,instance_00010,Aborted,0
5146,imagegame,Qwen3.6-35B-A3B-FP8-without-reasoning,compact_grids,instance_00010,Request Count,74
5147,imagegame,Qwen3.6-35B-A3B-FP8-without-reasoning,compact_grids,instance_00010,Violated Request Count,0
5148,imagegame,Qwen3.6-35B-A3B-FP8-without-reasoning,compact_grids,instance_00010,Parsed Request Count,74
5149,imagegame,Qwen3.6-35B-A3B-FP8-without-reasoning,compact_grids,instance_00010,Request Success Ratio,1.0
5150,imagegame,Qwen3.6-35B-A3B-FP8-without-reasoning,compact_grids,instance_00019,Precision,94.0
5151,imagegame,Qwen3.6-35B-A3B-FP8-without-reasoning,compact_grids,instance_00019,Recall,100.0
5152,imagegame,Qwen3.6-35B-A3B-FP8-without-reasoning,compact_grids,instance_00019,F1,97.0
5153,imagegame,Qwen3.6-35B-A3B-FP8-without-reasoning,compact_grids,instance_00019,Main Score,97.0
5154,imagegame,Qwen3.6-35B-A3B-FP8-without-reasoning,compact_grids,instance_00019,Average Changed Cell Count,3.2
5155,imagegame,Qwen3.6-35B-A3B-FP8-without-reasoning,compact_grids,instance_00019,Average Generated Instruction Length,66.6
5156,imagegame,Qwen3.6-35B-A3B-FP8-without-reasoning,compact_grids,instance_00019,Average Generated Expression Number of Tokens,8.6
5157,imagegame,Qwen3.6-35B-A3B-FP8-without-reasoning,compact_grids,instance_00019,Success,0
5158,imagegame,Qwen3.6-35B-A3B-FP8-without-reasoning,compact_grids,instance_00019,Lose,1
5159,imagegame,Qwen3.6-35B-A3B-FP8-without-reasoning,compact_grids,instance_00019,Aborted,0
5160,imagegame,Qwen3.6-35B-A3B-FP8-without-reasoning,compact_grids,instance_00019,Request Count,32
5161,imagegame,Qwen3.6-35B-A3B-FP8-without-reasoning,compact_grids,instance_00019,Violated Request Count,0
5162,imagegame,Qwen3.6-35B-A3B-FP8-without-reasoning,compact_grids,instance_00019,Parsed Request Count,32
5163,imagegame,Qwen3.6-35B-A3B-FP8-without-reasoning,compact_grids,instance_00019,Request Success Ratio,1.0
5164,imagegame,Qwen3.6-35B-A3B-FP8-without-reasoning,compact_grids,instance_00018,Precision,0
5165,imagegame,Qwen3.6-35B-A3B-FP8-without-reasoning,compact_grids,instance_00018,Recall,0
5166,imagegame,Qwen3.6-35B-A3B-FP8-without-reasoning,compact_grids,instance_00018,F1,0
5167,imagegame,Qwen3.6-35B-A3B-FP8-without-reasoning,compact_grids,instance_00018,Main Score,0
5168,imagegame,Qwen3.6-35B-A3B-FP8-without-reasoning,compact_grids,instance_00018,Average Changed Cell Count,0
5169,imagegame,Qwen3.6-35B-A3B-FP8-without-reasoning,compact_grids,instance_00018,Average Generated Instruction Length,0
5170,imagegame,Qwen3.6-35B-A3B-FP8-without-reasoning,compact_grids,instance_00018,Average Generated Expression Number of Tokens,0
5171,imagegame,Qwen3.6-35B-A3B-FP8-without-reasoning,compact_grids,instance_00018,Success,0
5172,imagegame,Qwen3.6-35B-A3B-FP8-without-reasoning,compact_grids,instance_00018,Lose,1
5173,imagegame,Qwen3.6-35B-A3B-FP8-without-reasoning,compact_grids,instance_00018,Aborted,0
5174,imagegame,Qwen3.6-35B-A3B-FP8-without-reasoning,compact_grids,instance_00018,Request Count,2
5175,imagegame,Qwen3.6-35B-A3B-FP8-without-reasoning,compact_grids,instance_00018,Violated Request Count,0
5176,imagegame,Qwen3.6-35B-A3B-FP8-without-reasoning,compact_grids,instance_00018,Parsed Request Count,2
5177,imagegame,Qwen3.6-35B-A3B-FP8-without-reasoning,compact_grids,instance_00018,Request Success Ratio,1.0
5178,imagegame,Qwen3.6-35B-A3B-FP8-without-reasoning,compact_grids,instance_00011,Precision,0.0
5179,imagegame,Qwen3.6-35B-A3B-FP8-without-reasoning,compact_grids,instance_00011,Recall,0.0
5180,imagegame,Qwen3.6-35B-A3B-FP8-without-reasoning,compact_grids,instance_00011,F1,0
5181,imagegame,Qwen3.6-35B-A3B-FP8-without-reasoning,compact_grids,instance_00011,Main Score,0
5182,imagegame,Qwen3.6-35B-A3B-FP8-without-reasoning,compact_grids,instance_00011,Average Changed Cell Count,1.0
5183,imagegame,Qwen3.6-35B-A3B-FP8-without-reasoning,compact_grids,instance_00011,Average Generated Instruction Length,55.0
5184,imagegame,Qwen3.6-35B-A3B-FP8-without-reasoning,compact_grids,instance_00011,Average Generated Expression Number of Tokens,7.0
5185,imagegame,Qwen3.6-35B-A3B-FP8-without-reasoning,compact_grids,instance_00011,Success,0
5186,imagegame,Qwen3.6-35B-A3B-FP8-without-reasoning,compact_grids,instance_00011,Lose,1
5187,imagegame,Qwen3.6-35B-A3B-FP8-without-reasoning,compact_grids,instance_00011,Aborted,0
5188,imagegame,Qwen3.6-35B-A3B-FP8-without-reasoning,compact_grids,instance_00011,Request Count,8
5189,imagegame,Qwen3.6-35B-A3B-FP8-without-reasoning,compact_grids,instance_00011,Violated Request Count,0
5190,imagegame,Qwen3.6-35B-A3B-FP8-without-reasoning,compact_grids,instance_00011,Parsed Request Count,8
5191,imagegame,Qwen3.6-35B-A3B-FP8-without-reasoning,compact_grids,instance_00011,Request Success Ratio,1.0
5192,imagegame,Qwen3.6-35B-A3B-FP8-without-reasoning,compact_grids,instance_00016,Precision,100.0
5193,imagegame,Qwen3.6-35B-A3B-FP8-without-reasoning,compact_grids,instance_00016,Recall,65.0
5194,imagegame,Qwen3.6-35B-A3B-FP8-without-reasoning,compact_grids,instance_00016,F1,79.0
5195,imagegame,Qwen3.6-35B-A3B-FP8-without-reasoning,compact_grids,instance_00016,Main Score,79.0
5196,imagegame,Qwen3.6-35B-A3B-FP8-without-reasoning,compact_grids,instance_00016,Average Changed Cell Count,4.6
5197,imagegame,Qwen3.6-35B-A3B-FP8-without-reasoning,compact_grids,instance_00016,Average Generated Instruction Length,59.0
5198,imagegame,Qwen3.6-35B-A3B-FP8-without-reasoning,compact_grids,instance_00016,Average Generated Expression Number of Tokens,7.4
5199,imagegame,Qwen3.6-35B-A3B-FP8-without-reasoning,compact_grids,instance_00016,Success,0
5200,imagegame,Qwen3.6-35B-A3B-FP8-without-reasoning,compact_grids,instance_00016,Lose,1
5201,imagegame,Qwen3.6-35B-A3B-FP8-without-reasoning,compact_grids,instance_00016,Aborted,0
5202,imagegame,Qwen3.6-35B-A3B-FP8-without-reasoning,compact_grids,instance_00016,Request Count,32
5203,imagegame,Qwen3.6-35B-A3B-FP8-without-reasoning,compact_grids,instance_00016,Violated Request Count,0
5204,imagegame,Qwen3.6-35B-A3B-FP8-without-reasoning,compact_grids,instance_00016,Parsed Request Count,32
5205,imagegame,Qwen3.6-35B-A3B-FP8-without-reasoning,compact_grids,instance_00016,Request Success Ratio,1.0
5206,imagegame,Qwen3.6-35B-A3B-FP8-without-reasoning,compact_grids,instance_00008,Precision,0.0
5207,imagegame,Qwen3.6-35B-A3B-FP8-without-reasoning,compact_grids,instance_00008,Recall,0.0
5208,imagegame,Qwen3.6-35B-A3B-FP8-without-reasoning,compact_grids,instance_00008,F1,0
5209,imagegame,Qwen3.6-35B-A3B-FP8-without-reasoning,compact_grids,instance_00008,Main Score,0
5210,imagegame,Qwen3.6-35B-A3B-FP8-without-reasoning,compact_grids,instance_00008,Average Changed Cell Count,3.0
5211,imagegame,Qwen3.6-35B-A3B-FP8-without-reasoning,compact_grids,instance_00008,Average Generated Instruction Length,44.0
5212,imagegame,Qwen3.6-35B-A3B-FP8-without-reasoning,compact_grids,instance_00008,Average Generated Expression Number of Tokens,6.0
5213,imagegame,Qwen3.6-35B-A3B-FP8-without-reasoning,compact_grids,instance_00008,Success,0
5214,imagegame,Qwen3.6-35B-A3B-FP8-without-reasoning,compact_grids,instance_00008,Lose,1
5215,imagegame,Qwen3.6-35B-A3B-FP8-without-reasoning,compact_grids,instance_00008,Aborted,0
5216,imagegame,Qwen3.6-35B-A3B-FP8-without-reasoning,compact_grids,instance_00008,Request Count,14
5217,imagegame,Qwen3.6-35B-A3B-FP8-without-reasoning,compact_grids,instance_00008,Violated Request Count,0
5218,imagegame,Qwen3.6-35B-A3B-FP8-without-reasoning,compact_grids,instance_00008,Parsed Request Count,14
5219,imagegame,Qwen3.6-35B-A3B-FP8-without-reasoning,compact_grids,instance_00008,Request Success Ratio,1.0
5220,imagegame,Qwen3.6-35B-A3B-FP8-without-reasoning,compact_grids,instance_00001,Precision,0.0
5221,imagegame,Qwen3.6-35B-A3B-FP8-without-reasoning,compact_grids,instance_00001,Recall,0.0
5222,imagegame,Qwen3.6-35B-A3B-FP8-without-reasoning,compact_grids,instance_00001,F1,0
5223,imagegame,Qwen3.6-35B-A3B-FP8-without-reasoning,compact_grids,instance_00001,Main Score,0
5224,imagegame,Qwen3.6-35B-A3B-FP8-without-reasoning,compact_grids,instance_00001,Average Changed Cell Count,1.0
5225,imagegame,Qwen3.6-35B-A3B-FP8-without-reasoning,compact_grids,instance_00001,Average Generated Instruction Length,56.3
5226,imagegame,Qwen3.6-35B-A3B-FP8-without-reasoning,compact_grids,instance_00001,Average Generated Expression Number of Tokens,7.0
5227,imagegame,Qwen3.6-35B-A3B-FP8-without-reasoning,compact_grids,instance_00001,Success,0
5228,imagegame,Qwen3.6-35B-A3B-FP8-without-reasoning,compact_grids,instance_00001,Lose,1
5229,imagegame,Qwen3.6-35B-A3B-FP8-without-reasoning,compact_grids,instance_00001,Aborted,0
5230,imagegame,Qwen3.6-35B-A3B-FP8-without-reasoning,compact_grids,instance_00001,Request Count,62
5231,imagegame,Qwen3.6-35B-A3B-FP8-without-reasoning,compact_grids,instance_00001,Violated Request Count,0
5232,imagegame,Qwen3.6-35B-A3B-FP8-without-reasoning,compact_grids,instance_00001,Parsed Request Count,62
5233,imagegame,Qwen3.6-35B-A3B-FP8-without-reasoning,compact_grids,instance_00001,Request Success Ratio,1.0
5234,imagegame,Qwen3.6-35B-A3B-FP8-without-reasoning,compact_grids,instance_00006,Precision,0.0
5235,imagegame,Qwen3.6-35B-A3B-FP8-without-reasoning,compact_grids,instance_00006,Recall,0.0
5236,imagegame,Qwen3.6-35B-A3B-FP8-without-reasoning,compact_grids,instance_00006,F1,0
5237,imagegame,Qwen3.6-35B-A3B-FP8-without-reasoning,compact_grids,instance_00006,Main Score,0
5238,imagegame,Qwen3.6-35B-A3B-FP8-without-reasoning,compact_grids,instance_00006,Average Changed Cell Count,1.0
5239,imagegame,Qwen3.6-35B-A3B-FP8-without-reasoning,compact_grids,instance_00006,Average Generated Instruction Length,50.75
5240,imagegame,Qwen3.6-35B-A3B-FP8-without-reasoning,compact_grids,instance_00006,Average Generated Expression Number of Tokens,6.5
5241,imagegame,Qwen3.6-35B-A3B-FP8-without-reasoning,compact_grids,instance_00006,Success,0
5242,imagegame,Qwen3.6-35B-A3B-FP8-without-reasoning,compact_grids,instance_00006,Lose,1
5243,imagegame,Qwen3.6-35B-A3B-FP8-without-reasoning,compact_grids,instance_00006,Aborted,0
5244,imagegame,Qwen3.6-35B-A3B-FP8-without-reasoning,compact_grids,instance_00006,Request Count,26
5245,imagegame,Qwen3.6-35B-A3B-FP8-without-reasoning,compact_grids,instance_00006,Violated Request Count,0
5246,imagegame,Qwen3.6-35B-A3B-FP8-without-reasoning,compact_grids,instance_00006,Parsed Request Count,26
5247,imagegame,Qwen3.6-35B-A3B-FP8-without-reasoning,compact_grids,instance_00006,Request Success Ratio,1.0
5248,imagegame,Qwen3.6-35B-A3B-FP8-without-reasoning,compact_grids,instance_00007,Precision,100.0
5249,imagegame,Qwen3.6-35B-A3B-FP8-without-reasoning,compact_grids,instance_00007,Recall,100.0
5250,imagegame,Qwen3.6-35B-A3B-FP8-without-reasoning,compact_grids,instance_00007,F1,100.0
5251,imagegame,Qwen3.6-35B-A3B-FP8-without-reasoning,compact_grids,instance_00007,Main Score,100.0
5252,imagegame,Qwen3.6-35B-A3B-FP8-without-reasoning,compact_grids,instance_00007,Average Changed Cell Count,3.0
5253,imagegame,Qwen3.6-35B-A3B-FP8-without-reasoning,compact_grids,instance_00007,Average Generated Instruction Length,79.4
5254,imagegame,Qwen3.6-35B-A3B-FP8-without-reasoning,compact_grids,instance_00007,Average Generated Expression Number of Tokens,9.4
5255,imagegame,Qwen3.6-35B-A3B-FP8-without-reasoning,compact_grids,instance_00007,Success,1
5256,imagegame,Qwen3.6-35B-A3B-FP8-without-reasoning,compact_grids,instance_00007,Lose,0
5257,imagegame,Qwen3.6-35B-A3B-FP8-without-reasoning,compact_grids,instance_00007,Aborted,0
5258,imagegame,Qwen3.6-35B-A3B-FP8-without-reasoning,compact_grids,instance_00007,Request Count,32
5259,imagegame,Qwen3.6-35B-A3B-FP8-without-reasoning,compact_grids,instance_00007,Violated Request Count,0
5260,imagegame,Qwen3.6-35B-A3B-FP8-without-reasoning,compact_grids,instance_00007,Parsed Request Count,32
5261,imagegame,Qwen3.6-35B-A3B-FP8-without-reasoning,compact_grids,instance_00007,Request Success Ratio,1.0
5262,imagegame,Qwen3.6-35B-A3B-FP8-without-reasoning,compact_grids,instance_00000,Precision,0.0
5263,imagegame,Qwen3.6-35B-A3B-FP8-without-reasoning,compact_grids,instance_00000,Recall,0.0
5264,imagegame,Qwen3.6-35B-A3B-FP8-without-reasoning,compact_grids,instance_00000,F1,0
5265,imagegame,Qwen3.6-35B-A3B-FP8-without-reasoning,compact_grids,instance_00000,Main Score,0
5266,imagegame,Qwen3.6-35B-A3B-FP8-without-reasoning,compact_grids,instance_00000,Average Changed Cell Count,1.0
5267,imagegame,Qwen3.6-35B-A3B-FP8-without-reasoning,compact_grids,instance_00000,Average Generated Instruction Length,57.6
5268,imagegame,Qwen3.6-35B-A3B-FP8-without-reasoning,compact_grids,instance_00000,Average Generated Expression Number of Tokens,7.0
5269,imagegame,Qwen3.6-35B-A3B-FP8-without-reasoning,compact_grids,instance_00000,Success,0
5270,imagegame,Qwen3.6-35B-A3B-FP8-without-reasoning,compact_grids,instance_00000,Lose,1
5271,imagegame,Qwen3.6-35B-A3B-FP8-without-reasoning,compact_grids,instance_00000,Aborted,0
5272,imagegame,Qwen3.6-35B-A3B-FP8-without-reasoning,compact_grids,instance_00000,Request Count,32
5273,imagegame,Qwen3.6-35B-A3B-FP8-without-reasoning,compact_grids,instance_00000,Violated Request Count,0
5274,imagegame,Qwen3.6-35B-A3B-FP8-without-reasoning,compact_grids,instance_00000,Parsed Request Count,32
5275,imagegame,Qwen3.6-35B-A3B-FP8-without-reasoning,compact_grids,instance_00000,Request Success Ratio,1.0
5276,imagegame,Qwen3.6-35B-A3B-FP8-without-reasoning,compact_grids,instance_00009,Precision,0.0
5277,imagegame,Qwen3.6-35B-A3B-FP8-without-reasoning,compact_grids,instance_00009,Recall,0.0
5278,imagegame,Qwen3.6-35B-A3B-FP8-without-reasoning,compact_grids,instance_00009,F1,0
5279,imagegame,Qwen3.6-35B-A3B-FP8-without-reasoning,compact_grids,instance_00009,Main Score,0
5280,imagegame,Qwen3.6-35B-A3B-FP8-without-reasoning,compact_grids,instance_00009,Average Changed Cell Count,1.0
5281,imagegame,Qwen3.6-35B-A3B-FP8-without-reasoning,compact_grids,instance_00009,Average Generated Instruction Length,55.4
5282,imagegame,Qwen3.6-35B-A3B-FP8-without-reasoning,compact_grids,instance_00009,Average Generated Expression Number of Tokens,7.0
5283,imagegame,Qwen3.6-35B-A3B-FP8-without-reasoning,compact_grids,instance_00009,Success,0
5284,imagegame,Qwen3.6-35B-A3B-FP8-without-reasoning,compact_grids,instance_00009,Lose,1
5285,imagegame,Qwen3.6-35B-A3B-FP8-without-reasoning,compact_grids,instance_00009,Aborted,0
5286,imagegame,Qwen3.6-35B-A3B-FP8-without-reasoning,compact_grids,instance_00009,Request Count,32
5287,imagegame,Qwen3.6-35B-A3B-FP8-without-reasoning,compact_grids,instance_00009,Violated Request Count,0
5288,imagegame,Qwen3.6-35B-A3B-FP8-without-reasoning,compact_grids,instance_00009,Parsed Request Count,32
5289,imagegame,Qwen3.6-35B-A3B-FP8-without-reasoning,compact_grids,instance_00009,Request Success Ratio,1.0
5290,imagegame,Qwen3.6-35B-A3B-FP8-without-reasoning,compact_grids,instance_00013,Precision,100.0
5291,imagegame,Qwen3.6-35B-A3B-FP8-without-reasoning,compact_grids,instance_00013,Recall,43.0
5292,imagegame,Qwen3.6-35B-A3B-FP8-without-reasoning,compact_grids,instance_00013,F1,60.0
5293,imagegame,Qwen3.6-35B-A3B-FP8-without-reasoning,compact_grids,instance_00013,Main Score,60.0
5294,imagegame,Qwen3.6-35B-A3B-FP8-without-reasoning,compact_grids,instance_00013,Average Changed Cell Count,9.0
5295,imagegame,Qwen3.6-35B-A3B-FP8-without-reasoning,compact_grids,instance_00013,Average Generated Instruction Length,93.0
5296,imagegame,Qwen3.6-35B-A3B-FP8-without-reasoning,compact_grids,instance_00013,Average Generated Expression Number of Tokens,14.0
5297,imagegame,Qwen3.6-35B-A3B-FP8-without-reasoning,compact_grids,instance_00013,Success,0
5298,imagegame,Qwen3.6-35B-A3B-FP8-without-reasoning,compact_grids,instance_00013,Lose,1
5299,imagegame,Qwen3.6-35B-A3B-FP8-without-reasoning,compact_grids,instance_00013,Aborted,0
5300,imagegame,Qwen3.6-35B-A3B-FP8-without-reasoning,compact_grids,instance_00013,Request Count,8
5301,imagegame,Qwen3.6-35B-A3B-FP8-without-reasoning,compact_grids,instance_00013,Violated Request Count,0
5302,imagegame,Qwen3.6-35B-A3B-FP8-without-reasoning,compact_grids,instance_00013,Parsed Request Count,8
5303,imagegame,Qwen3.6-35B-A3B-FP8-without-reasoning,compact_grids,instance_00013,Request Success Ratio,1.0
5304,imagegame,Qwen3.6-35B-A3B-FP8-without-reasoning,compact_grids,instance_00014,Precision,0.0
5305,imagegame,Qwen3.6-35B-A3B-FP8-without-reasoning,compact_grids,instance_00014,Recall,0.0
5306,imagegame,Qwen3.6-35B-A3B-FP8-without-reasoning,compact_grids,instance_00014,F1,0
5307,imagegame,Qwen3.6-35B-A3B-FP8-without-reasoning,compact_grids,instance_00014,Main Score,0
5308,imagegame,Qwen3.6-35B-A3B-FP8-without-reasoning,compact_grids,instance_00014,Average Changed Cell Count,1.0
5309,imagegame,Qwen3.6-35B-A3B-FP8-without-reasoning,compact_grids,instance_00014,Average Generated Instruction Length,57.6
5310,imagegame,Qwen3.6-35B-A3B-FP8-without-reasoning,compact_grids,instance_00014,Average Generated Expression Number of Tokens,7.0
5311,imagegame,Qwen3.6-35B-A3B-FP8-without-reasoning,compact_grids,instance_00014,Success,0
5312,imagegame,Qwen3.6-35B-A3B-FP8-without-reasoning,compact_grids,instance_00014,Lose,1
5313,imagegame,Qwen3.6-35B-A3B-FP8-without-reasoning,compact_grids,instance_00014,Aborted,0
5314,imagegame,Qwen3.6-35B-A3B-FP8-without-reasoning,compact_grids,instance_00014,Request Count,32
5315,imagegame,Qwen3.6-35B-A3B-FP8-without-reasoning,compact_grids,instance_00014,Violated Request Count,0
5316,imagegame,Qwen3.6-35B-A3B-FP8-without-reasoning,compact_grids,instance_00014,Parsed Request Count,32
5317,imagegame,Qwen3.6-35B-A3B-FP8-without-reasoning,compact_grids,instance_00014,Request Success Ratio,1.0
5318,imagegame,Qwen3.6-35B-A3B-FP8-without-reasoning,compact_grids,instance_00015,Precision,100.0
5319,imagegame,Qwen3.6-35B-A3B-FP8-without-reasoning,compact_grids,instance_00015,Recall,100.0
5320,imagegame,Qwen3.6-35B-A3B-FP8-without-reasoning,compact_grids,instance_00015,F1,100.0
5321,imagegame,Qwen3.6-35B-A3B-FP8-without-reasoning,compact_grids,instance_00015,Main Score,100.0
5322,imagegame,Qwen3.6-35B-A3B-FP8-without-reasoning,compact_grids,instance_00015,Average Changed Cell Count,1.0
5323,imagegame,Qwen3.6-35B-A3B-FP8-without-reasoning,compact_grids,instance_00015,Average Generated Instruction Length,57.7778
5324,imagegame,Qwen3.6-35B-A3B-FP8-without-reasoning,compact_grids,instance_00015,Average Generated Expression Number of Tokens,7.0
5325,imagegame,Qwen3.6-35B-A3B-FP8-without-reasoning,compact_grids,instance_00015,Success,1
5326,imagegame,Qwen3.6-35B-A3B-FP8-without-reasoning,compact_grids,instance_00015,Lose,0
5327,imagegame,Qwen3.6-35B-A3B-FP8-without-reasoning,compact_grids,instance_00015,Aborted,0
5328,imagegame,Qwen3.6-35B-A3B-FP8-without-reasoning,compact_grids,instance_00015,Request Count,56
5329,imagegame,Qwen3.6-35B-A3B-FP8-without-reasoning,compact_grids,instance_00015,Violated Request Count,0
5330,imagegame,Qwen3.6-35B-A3B-FP8-without-reasoning,compact_grids,instance_00015,Parsed Request Count,56
5331,imagegame,Qwen3.6-35B-A3B-FP8-without-reasoning,compact_grids,instance_00015,Request Success Ratio,1.0
5332,imagegame,Qwen3.6-35B-A3B-FP8-without-reasoning,compact_grids,instance_00012,Precision,0
5333,imagegame,Qwen3.6-35B-A3B-FP8-without-reasoning,compact_grids,instance_00012,Recall,0
5334,imagegame,Qwen3.6-35B-A3B-FP8-without-reasoning,compact_grids,instance_00012,F1,0
5335,imagegame,Qwen3.6-35B-A3B-FP8-without-reasoning,compact_grids,instance_00012,Main Score,0
5336,imagegame,Qwen3.6-35B-A3B-FP8-without-reasoning,compact_grids,instance_00012,Average Changed Cell Count,0
5337,imagegame,Qwen3.6-35B-A3B-FP8-without-reasoning,compact_grids,instance_00012,Average Generated Instruction Length,0
5338,imagegame,Qwen3.6-35B-A3B-FP8-without-reasoning,compact_grids,instance_00012,Average Generated Expression Number of Tokens,0
5339,imagegame,Qwen3.6-35B-A3B-FP8-without-reasoning,compact_grids,instance_00012,Success,0
5340,imagegame,Qwen3.6-35B-A3B-FP8-without-reasoning,compact_grids,instance_00012,Lose,1
5341,imagegame,Qwen3.6-35B-A3B-FP8-without-reasoning,compact_grids,instance_00012,Aborted,0
5342,imagegame,Qwen3.6-35B-A3B-FP8-without-reasoning,compact_grids,instance_00012,Request Count,2
5343,imagegame,Qwen3.6-35B-A3B-FP8-without-reasoning,compact_grids,instance_00012,Violated Request Count,0
5344,imagegame,Qwen3.6-35B-A3B-FP8-without-reasoning,compact_grids,instance_00012,Parsed Request Count,2
5345,imagegame,Qwen3.6-35B-A3B-FP8-without-reasoning,compact_grids,instance_00012,Request Success Ratio,1.0
5346,codenames,Qwen3.6-35B-A3B-FP8-without-reasoning,opponent_difficult,instance_00002,experiment variable,Opponent Difficulty
5347,codenames,Qwen3.6-35B-A3B-FP8-without-reasoning,opponent_difficult,instance_00002,experiment name,opponent_difficult
5348,codenames,Qwen3.6-35B-A3B-FP8-without-reasoning,opponent_difficult,instance_00002,Cluegiver strip words,0
5349,codenames,Qwen3.6-35B-A3B-FP8-without-reasoning,opponent_difficult,instance_00002,Guesser strip words,0
5350,codenames,Qwen3.6-35B-A3B-FP8-without-reasoning,opponent_difficult,instance_00002,Average Cluegiver Number of Targets,1.6
5351,codenames,Qwen3.6-35B-A3B-FP8-without-reasoning,opponent_difficult,instance_00002,Average Cluegiver Team Precision,0.8
5352,codenames,Qwen3.6-35B-A3B-FP8-without-reasoning,opponent_difficult,instance_00002,Average Cluegiver Team Recall,0.333
5353,codenames,Qwen3.6-35B-A3B-FP8-without-reasoning,opponent_difficult,instance_00002,Average Cluegiver Team F1,0.467
5354,codenames,Qwen3.6-35B-A3B-FP8-without-reasoning,opponent_difficult,instance_00002,Average Guesser Number of Guesses,1.6
5355,codenames,Qwen3.6-35B-A3B-FP8-without-reasoning,opponent_difficult,instance_00002,Average Guesser Number of Revealed Words,1.6
5356,codenames,Qwen3.6-35B-A3B-FP8-without-reasoning,opponent_difficult,instance_00002,Average Guesser Number of Unrevealed Guesses,0
5357,codenames,Qwen3.6-35B-A3B-FP8-without-reasoning,opponent_difficult,instance_00002,Average Guesser Target Precision,0.8
5358,codenames,Qwen3.6-35B-A3B-FP8-without-reasoning,opponent_difficult,instance_00002,Average Guesser Target Recall,0.8
5359,codenames,Qwen3.6-35B-A3B-FP8-without-reasoning,opponent_difficult,instance_00002,Average Guesser Target F1,0.8
5360,codenames,Qwen3.6-35B-A3B-FP8-without-reasoning,opponent_difficult,instance_00002,Average Guesser Team Precision,0.8
5361,codenames,Qwen3.6-35B-A3B-FP8-without-reasoning,opponent_difficult,instance_00002,Average Guesser Team Recall,0.333
5362,codenames,Qwen3.6-35B-A3B-FP8-without-reasoning,opponent_difficult,instance_00002,Average Guesser Team F1,0.467
5363,codenames,Qwen3.6-35B-A3B-FP8-without-reasoning,opponent_difficult,instance_00002,Aborted,1
5364,codenames,Qwen3.6-35B-A3B-FP8-without-reasoning,opponent_difficult,instance_00002,Lose,0
5365,codenames,Qwen3.6-35B-A3B-FP8-without-reasoning,opponent_difficult,instance_00002,Success,0
5366,codenames,Qwen3.6-35B-A3B-FP8-without-reasoning,opponent_difficult,instance_00002,Game ended through assassin,0
5367,codenames,Qwen3.6-35B-A3B-FP8-without-reasoning,opponent_difficult,instance_00002,Episode Recall,0.889
5368,codenames,Qwen3.6-35B-A3B-FP8-without-reasoning,opponent_difficult,instance_00002,Episode Negative Recall,1.0
5369,codenames,Qwen3.6-35B-A3B-FP8-without-reasoning,opponent_difficult,instance_00002,Number of turns,5
5370,codenames,Qwen3.6-35B-A3B-FP8-without-reasoning,opponent_difficult,instance_00002,Efficiency,0.8
5371,codenames,Qwen3.6-35B-A3B-FP8-without-reasoning,opponent_difficult,instance_00002,Request Count,9
5372,codenames,Qwen3.6-35B-A3B-FP8-without-reasoning,opponent_difficult,instance_00002,Parsed Request Count,8
5373,codenames,Qwen3.6-35B-A3B-FP8-without-reasoning,opponent_difficult,instance_00002,Violated Request Count,1
5374,codenames,Qwen3.6-35B-A3B-FP8-without-reasoning,opponent_difficult,instance_00002,Request Success Ratio,0.889
5375,codenames,Qwen3.6-35B-A3B-FP8-without-reasoning,opponent_difficult,instance_00002,Main Score,
5376,codenames,Qwen3.6-35B-A3B-FP8-without-reasoning,opponent_difficult,instance_00003,experiment variable,Opponent Difficulty
5377,codenames,Qwen3.6-35B-A3B-FP8-without-reasoning,opponent_difficult,instance_00003,experiment name,opponent_difficult
5378,codenames,Qwen3.6-35B-A3B-FP8-without-reasoning,opponent_difficult,instance_00003,Cluegiver strip words,0
5379,codenames,Qwen3.6-35B-A3B-FP8-without-reasoning,opponent_difficult,instance_00003,Guesser strip words,0
5380,codenames,Qwen3.6-35B-A3B-FP8-without-reasoning,opponent_difficult,instance_00003,Average Cluegiver Number of Targets,2.2
5381,codenames,Qwen3.6-35B-A3B-FP8-without-reasoning,opponent_difficult,instance_00003,Average Cluegiver Team Precision,1.0
5382,codenames,Qwen3.6-35B-A3B-FP8-without-reasoning,opponent_difficult,instance_00003,Average Cluegiver Team Recall,0.465
5383,codenames,Qwen3.6-35B-A3B-FP8-without-reasoning,opponent_difficult,instance_00003,Average Cluegiver Team F1,0.607
5384,codenames,Qwen3.6-35B-A3B-FP8-without-reasoning,opponent_difficult,instance_00003,Average Guesser Number of Guesses,1.8
5385,codenames,Qwen3.6-35B-A3B-FP8-without-reasoning,opponent_difficult,instance_00003,Average Guesser Number of Revealed Words,1.6
5386,codenames,Qwen3.6-35B-A3B-FP8-without-reasoning,opponent_difficult,instance_00003,Average Guesser Number of Unrevealed Guesses,0.2
5387,codenames,Qwen3.6-35B-A3B-FP8-without-reasoning,opponent_difficult,instance_00003,Average Guesser Target Precision,0.6
5388,codenames,Qwen3.6-35B-A3B-FP8-without-reasoning,opponent_difficult,instance_00003,Average Guesser Target Recall,0.567
5389,codenames,Qwen3.6-35B-A3B-FP8-without-reasoning,opponent_difficult,instance_00003,Average Guesser Target F1,0.58
5390,codenames,Qwen3.6-35B-A3B-FP8-without-reasoning,opponent_difficult,instance_00003,Average Guesser Team Precision,0.6
5391,codenames,Qwen3.6-35B-A3B-FP8-without-reasoning,opponent_difficult,instance_00003,Average Guesser Team Recall,0.192
5392,codenames,Qwen3.6-35B-A3B-FP8-without-reasoning,opponent_difficult,instance_00003,Average Guesser Team F1,0.285
5393,codenames,Qwen3.6-35B-A3B-FP8-without-reasoning,opponent_difficult,instance_00003,Aborted,0
5394,codenames,Qwen3.6-35B-A3B-FP8-without-reasoning,opponent_difficult,instance_00003,Lose,1
5395,codenames,Qwen3.6-35B-A3B-FP8-without-reasoning,opponent_difficult,instance_00003,Success,0
5396,codenames,Qwen3.6-35B-A3B-FP8-without-reasoning,opponent_difficult,instance_00003,Game ended through assassin,0
5397,codenames,Qwen3.6-35B-A3B-FP8-without-reasoning,opponent_difficult,instance_00003,Episode Recall,0.667
5398,codenames,Qwen3.6-35B-A3B-FP8-without-reasoning,opponent_difficult,instance_00003,Episode Negative Recall,0.875
5399,codenames,Qwen3.6-35B-A3B-FP8-without-reasoning,opponent_difficult,instance_00003,Number of turns,5
5400,codenames,Qwen3.6-35B-A3B-FP8-without-reasoning,opponent_difficult,instance_00003,Efficiency,0.9
5401,codenames,Qwen3.6-35B-A3B-FP8-without-reasoning,opponent_difficult,instance_00003,Request Count,9
5402,codenames,Qwen3.6-35B-A3B-FP8-without-reasoning,opponent_difficult,instance_00003,Parsed Request Count,9
5403,codenames,Qwen3.6-35B-A3B-FP8-without-reasoning,opponent_difficult,instance_00003,Violated Request Count,0
5404,codenames,Qwen3.6-35B-A3B-FP8-without-reasoning,opponent_difficult,instance_00003,Request Success Ratio,1.0
5405,codenames,Qwen3.6-35B-A3B-FP8-without-reasoning,opponent_difficult,instance_00003,Main Score,0
5406,codenames,Qwen3.6-35B-A3B-FP8-without-reasoning,opponent_difficult,instance_00004,experiment variable,Opponent Difficulty
5407,codenames,Qwen3.6-35B-A3B-FP8-without-reasoning,opponent_difficult,instance_00004,experiment name,opponent_difficult
5408,codenames,Qwen3.6-35B-A3B-FP8-without-reasoning,opponent_difficult,instance_00004,Cluegiver strip words,0
5409,codenames,Qwen3.6-35B-A3B-FP8-without-reasoning,opponent_difficult,instance_00004,Guesser strip words,0
5410,codenames,Qwen3.6-35B-A3B-FP8-without-reasoning,opponent_difficult,instance_00004,Average Cluegiver Number of Targets,2.4
5411,codenames,Qwen3.6-35B-A3B-FP8-without-reasoning,opponent_difficult,instance_00004,Average Cluegiver Team Precision,1.0
5412,codenames,Qwen3.6-35B-A3B-FP8-without-reasoning,opponent_difficult,instance_00004,Average Cluegiver Team Recall,0.42
5413,codenames,Qwen3.6-35B-A3B-FP8-without-reasoning,opponent_difficult,instance_00004,Average Cluegiver Team F1,0.574
5414,codenames,Qwen3.6-35B-A3B-FP8-without-reasoning,opponent_difficult,instance_00004,Average Guesser Number of Guesses,2
5415,codenames,Qwen3.6-35B-A3B-FP8-without-reasoning,opponent_difficult,instance_00004,Average Guesser Number of Revealed Words,1.6
5416,codenames,Qwen3.6-35B-A3B-FP8-without-reasoning,opponent_difficult,instance_00004,Average Guesser Number of Unrevealed Guesses,0.4
5417,codenames,Qwen3.6-35B-A3B-FP8-without-reasoning,opponent_difficult,instance_00004,Average Guesser Target Precision,0.333
5418,codenames,Qwen3.6-35B-A3B-FP8-without-reasoning,opponent_difficult,instance_00004,Average Guesser Target Recall,0.267
5419,codenames,Qwen3.6-35B-A3B-FP8-without-reasoning,opponent_difficult,instance_00004,Average Guesser Target F1,0.293
5420,codenames,Qwen3.6-35B-A3B-FP8-without-reasoning,opponent_difficult,instance_00004,Average Guesser Team Precision,0.4
5421,codenames,Qwen3.6-35B-A3B-FP8-without-reasoning,opponent_difficult,instance_00004,Average Guesser Team Recall,0.14
5422,codenames,Qwen3.6-35B-A3B-FP8-without-reasoning,opponent_difficult,instance_00004,Average Guesser Team F1,0.207
5423,codenames,Qwen3.6-35B-A3B-FP8-without-reasoning,opponent_difficult,instance_00004,Aborted,0
5424,codenames,Qwen3.6-35B-A3B-FP8-without-reasoning,opponent_difficult,instance_00004,Lose,1
5425,codenames,Qwen3.6-35B-A3B-FP8-without-reasoning,opponent_difficult,instance_00004,Success,0
5426,codenames,Qwen3.6-35B-A3B-FP8-without-reasoning,opponent_difficult,instance_00004,Game ended through assassin,0
5427,codenames,Qwen3.6-35B-A3B-FP8-without-reasoning,opponent_difficult,instance_00004,Episode Recall,0.556
5428,codenames,Qwen3.6-35B-A3B-FP8-without-reasoning,opponent_difficult,instance_00004,Episode Negative Recall,0.812
5429,codenames,Qwen3.6-35B-A3B-FP8-without-reasoning,opponent_difficult,instance_00004,Number of turns,5
5430,codenames,Qwen3.6-35B-A3B-FP8-without-reasoning,opponent_difficult,instance_00004,Efficiency,1.0
5431,codenames,Qwen3.6-35B-A3B-FP8-without-reasoning,opponent_difficult,instance_00004,Request Count,9
5432,codenames,Qwen3.6-35B-A3B-FP8-without-reasoning,opponent_difficult,instance_00004,Parsed Request Count,9
5433,codenames,Qwen3.6-35B-A3B-FP8-without-reasoning,opponent_difficult,instance_00004,Violated Request Count,0
5434,codenames,Qwen3.6-35B-A3B-FP8-without-reasoning,opponent_difficult,instance_00004,Request Success Ratio,1.0
5435,codenames,Qwen3.6-35B-A3B-FP8-without-reasoning,opponent_difficult,instance_00004,Main Score,0
5436,codenames,Qwen3.6-35B-A3B-FP8-without-reasoning,opponent_difficult,instance_00001,experiment variable,Opponent Difficulty
5437,codenames,Qwen3.6-35B-A3B-FP8-without-reasoning,opponent_difficult,instance_00001,experiment name,opponent_difficult
5438,codenames,Qwen3.6-35B-A3B-FP8-without-reasoning,opponent_difficult,instance_00001,Cluegiver strip words,0
5439,codenames,Qwen3.6-35B-A3B-FP8-without-reasoning,opponent_difficult,instance_00001,Guesser strip words,0
5440,codenames,Qwen3.6-35B-A3B-FP8-without-reasoning,opponent_difficult,instance_00001,Average Cluegiver Number of Targets,2
5441,codenames,Qwen3.6-35B-A3B-FP8-without-reasoning,opponent_difficult,instance_00001,Average Cluegiver Team Precision,1.0
5442,codenames,Qwen3.6-35B-A3B-FP8-without-reasoning,opponent_difficult,instance_00001,Average Cluegiver Team Recall,0.31
5443,codenames,Qwen3.6-35B-A3B-FP8-without-reasoning,opponent_difficult,instance_00001,Average Cluegiver Team F1,0.47
5444,codenames,Qwen3.6-35B-A3B-FP8-without-reasoning,opponent_difficult,instance_00001,Average Guesser Number of Guesses,2
5445,codenames,Qwen3.6-35B-A3B-FP8-without-reasoning,opponent_difficult,instance_00001,Average Guesser Number of Revealed Words,2
5446,codenames,Qwen3.6-35B-A3B-FP8-without-reasoning,opponent_difficult,instance_00001,Average Guesser Number of Unrevealed Guesses,0
5447,codenames,Qwen3.6-35B-A3B-FP8-without-reasoning,opponent_difficult,instance_00001,Average Guesser Target Precision,0.625
5448,codenames,Qwen3.6-35B-A3B-FP8-without-reasoning,opponent_difficult,instance_00001,Average Guesser Target Recall,0.625
5449,codenames,Qwen3.6-35B-A3B-FP8-without-reasoning,opponent_difficult,instance_00001,Average Guesser Target F1,0.625
5450,codenames,Qwen3.6-35B-A3B-FP8-without-reasoning,opponent_difficult,instance_00001,Average Guesser Team Precision,0.625
5451,codenames,Qwen3.6-35B-A3B-FP8-without-reasoning,opponent_difficult,instance_00001,Average Guesser Team Recall,0.183
5452,codenames,Qwen3.6-35B-A3B-FP8-without-reasoning,opponent_difficult,instance_00001,Average Guesser Team F1,0.28
5453,codenames,Qwen3.6-35B-A3B-FP8-without-reasoning,opponent_difficult,instance_00001,Aborted,0
5454,codenames,Qwen3.6-35B-A3B-FP8-without-reasoning,opponent_difficult,instance_00001,Lose,1
5455,codenames,Qwen3.6-35B-A3B-FP8-without-reasoning,opponent_difficult,instance_00001,Success,0
5456,codenames,Qwen3.6-35B-A3B-FP8-without-reasoning,opponent_difficult,instance_00001,Game ended through assassin,0
5457,codenames,Qwen3.6-35B-A3B-FP8-without-reasoning,opponent_difficult,instance_00001,Episode Recall,0.556
5458,codenames,Qwen3.6-35B-A3B-FP8-without-reasoning,opponent_difficult,instance_00001,Episode Negative Recall,0.812
5459,codenames,Qwen3.6-35B-A3B-FP8-without-reasoning,opponent_difficult,instance_00001,Number of turns,5
5460,codenames,Qwen3.6-35B-A3B-FP8-without-reasoning,opponent_difficult,instance_00001,Efficiency,0.8
5461,codenames,Qwen3.6-35B-A3B-FP8-without-reasoning,opponent_difficult,instance_00001,Request Count,8
5462,codenames,Qwen3.6-35B-A3B-FP8-without-reasoning,opponent_difficult,instance_00001,Parsed Request Count,8
5463,codenames,Qwen3.6-35B-A3B-FP8-without-reasoning,opponent_difficult,instance_00001,Violated Request Count,0
5464,codenames,Qwen3.6-35B-A3B-FP8-without-reasoning,opponent_difficult,instance_00001,Request Success Ratio,1.0
5465,codenames,Qwen3.6-35B-A3B-FP8-without-reasoning,opponent_difficult,instance_00001,Main Score,0
5466,codenames,Qwen3.6-35B-A3B-FP8-without-reasoning,opponent_difficult,instance_00000,experiment variable,Opponent Difficulty
5467,codenames,Qwen3.6-35B-A3B-FP8-without-reasoning,opponent_difficult,instance_00000,experiment name,opponent_difficult
5468,codenames,Qwen3.6-35B-A3B-FP8-without-reasoning,opponent_difficult,instance_00000,Cluegiver strip words,0
5469,codenames,Qwen3.6-35B-A3B-FP8-without-reasoning,opponent_difficult,instance_00000,Guesser strip words,0
5470,codenames,Qwen3.6-35B-A3B-FP8-without-reasoning,opponent_difficult,instance_00000,Average Cluegiver Number of Targets,2
5471,codenames,Qwen3.6-35B-A3B-FP8-without-reasoning,opponent_difficult,instance_00000,Average Cluegiver Team Precision,1.0
5472,codenames,Qwen3.6-35B-A3B-FP8-without-reasoning,opponent_difficult,instance_00000,Average Cluegiver Team Recall,0.266
5473,codenames,Qwen3.6-35B-A3B-FP8-without-reasoning,opponent_difficult,instance_00000,Average Cluegiver Team F1,0.407
5474,codenames,Qwen3.6-35B-A3B-FP8-without-reasoning,opponent_difficult,instance_00000,Average Guesser Number of Guesses,1.25
5475,codenames,Qwen3.6-35B-A3B-FP8-without-reasoning,opponent_difficult,instance_00000,Average Guesser Number of Revealed Words,1
5476,codenames,Qwen3.6-35B-A3B-FP8-without-reasoning,opponent_difficult,instance_00000,Average Guesser Number of Unrevealed Guesses,0.25
5477,codenames,Qwen3.6-35B-A3B-FP8-without-reasoning,opponent_difficult,instance_00000,Average Guesser Target Precision,0.375
5478,codenames,Qwen3.6-35B-A3B-FP8-without-reasoning,opponent_difficult,instance_00000,Average Guesser Target Recall,0.375
5479,codenames,Qwen3.6-35B-A3B-FP8-without-reasoning,opponent_difficult,instance_00000,Average Guesser Target F1,0.375
5480,codenames,Qwen3.6-35B-A3B-FP8-without-reasoning,opponent_difficult,instance_00000,Average Guesser Team Precision,0.375
5481,codenames,Qwen3.6-35B-A3B-FP8-without-reasoning,opponent_difficult,instance_00000,Average Guesser Team Recall,0.059
5482,codenames,Qwen3.6-35B-A3B-FP8-without-reasoning,opponent_difficult,instance_00000,Average Guesser Team F1,0.101
5483,codenames,Qwen3.6-35B-A3B-FP8-without-reasoning,opponent_difficult,instance_00000,Aborted,0
5484,codenames,Qwen3.6-35B-A3B-FP8-without-reasoning,opponent_difficult,instance_00000,Lose,1
5485,codenames,Qwen3.6-35B-A3B-FP8-without-reasoning,opponent_difficult,instance_00000,Success,0
5486,codenames,Qwen3.6-35B-A3B-FP8-without-reasoning,opponent_difficult,instance_00000,Game ended through assassin,0
5487,codenames,Qwen3.6-35B-A3B-FP8-without-reasoning,opponent_difficult,instance_00000,Episode Recall,0.222
5488,codenames,Qwen3.6-35B-A3B-FP8-without-reasoning,opponent_difficult,instance_00000,Episode Negative Recall,0.875
5489,codenames,Qwen3.6-35B-A3B-FP8-without-reasoning,opponent_difficult,instance_00000,Number of turns,4
5490,codenames,Qwen3.6-35B-A3B-FP8-without-reasoning,opponent_difficult,instance_00000,Efficiency,0.625
5491,codenames,Qwen3.6-35B-A3B-FP8-without-reasoning,opponent_difficult,instance_00000,Request Count,7
5492,codenames,Qwen3.6-35B-A3B-FP8-without-reasoning,opponent_difficult,instance_00000,Parsed Request Count,7
5493,codenames,Qwen3.6-35B-A3B-FP8-without-reasoning,opponent_difficult,instance_00000,Violated Request Count,0
5494,codenames,Qwen3.6-35B-A3B-FP8-without-reasoning,opponent_difficult,instance_00000,Request Success Ratio,1.0
5495,codenames,Qwen3.6-35B-A3B-FP8-without-reasoning,opponent_difficult,instance_00000,Main Score,0
5496,codenames,Qwen3.6-35B-A3B-FP8-without-reasoning,risk_low,instance_00002,experiment variable,Risk
5497,codenames,Qwen3.6-35B-A3B-FP8-without-reasoning,risk_low,instance_00002,experiment name,risk_low
5498,codenames,Qwen3.6-35B-A3B-FP8-without-reasoning,risk_low,instance_00002,Cluegiver strip words,0
5499,codenames,Qwen3.6-35B-A3B-FP8-without-reasoning,risk_low,instance_00002,Guesser strip words,0
5500,codenames,Qwen3.6-35B-A3B-FP8-without-reasoning,risk_low,instance_00002,Average Cluegiver Number of Targets,2
5501,codenames,Qwen3.6-35B-A3B-FP8-without-reasoning,risk_low,instance_00002,Average Cluegiver Team Precision,1.0
5502,codenames,Qwen3.6-35B-A3B-FP8-without-reasoning,risk_low,instance_00002,Average Cluegiver Team Recall,0.61
5503,codenames,Qwen3.6-35B-A3B-FP8-without-reasoning,risk_low,instance_00002,Average Cluegiver Team F1,0.732
5504,codenames,Qwen3.6-35B-A3B-FP8-without-reasoning,risk_low,instance_00002,Average Guesser Number of Guesses,1.875
5505,codenames,Qwen3.6-35B-A3B-FP8-without-reasoning,risk_low,instance_00002,Average Guesser Number of Revealed Words,1.375
5506,codenames,Qwen3.6-35B-A3B-FP8-without-reasoning,risk_low,instance_00002,Average Guesser Number of Unrevealed Guesses,0.5
5507,codenames,Qwen3.6-35B-A3B-FP8-without-reasoning,risk_low,instance_00002,Average Guesser Target Precision,0.5
5508,codenames,Qwen3.6-35B-A3B-FP8-without-reasoning,risk_low,instance_00002,Average Guesser Target Recall,0.5
5509,codenames,Qwen3.6-35B-A3B-FP8-without-reasoning,risk_low,instance_00002,Average Guesser Target F1,0.5
5510,codenames,Qwen3.6-35B-A3B-FP8-without-reasoning,risk_low,instance_00002,Average Guesser Team Precision,0.5
5511,codenames,Qwen3.6-35B-A3B-FP8-without-reasoning,risk_low,instance_00002,Average Guesser Team Recall,0.21
5512,codenames,Qwen3.6-35B-A3B-FP8-without-reasoning,risk_low,instance_00002,Average Guesser Team F1,0.294
5513,codenames,Qwen3.6-35B-A3B-FP8-without-reasoning,risk_low,instance_00002,Aborted,0
5514,codenames,Qwen3.6-35B-A3B-FP8-without-reasoning,risk_low,instance_00002,Lose,1
5515,codenames,Qwen3.6-35B-A3B-FP8-without-reasoning,risk_low,instance_00002,Success,0
5516,codenames,Qwen3.6-35B-A3B-FP8-without-reasoning,risk_low,instance_00002,Game ended through assassin,0
5517,codenames,Qwen3.6-35B-A3B-FP8-without-reasoning,risk_low,instance_00002,Episode Recall,0.889
5518,codenames,Qwen3.6-35B-A3B-FP8-without-reasoning,risk_low,instance_00002,Episode Negative Recall,0.812
5519,codenames,Qwen3.6-35B-A3B-FP8-without-reasoning,risk_low,instance_00002,Number of turns,8
5520,codenames,Qwen3.6-35B-A3B-FP8-without-reasoning,risk_low,instance_00002,Efficiency,0.938
5521,codenames,Qwen3.6-35B-A3B-FP8-without-reasoning,risk_low,instance_00002,Request Count,15
5522,codenames,Qwen3.6-35B-A3B-FP8-without-reasoning,risk_low,instance_00002,Parsed Request Count,15
5523,codenames,Qwen3.6-35B-A3B-FP8-without-reasoning,risk_low,instance_00002,Violated Request Count,0
5524,codenames,Qwen3.6-35B-A3B-FP8-without-reasoning,risk_low,instance_00002,Request Success Ratio,1.0
5525,codenames,Qwen3.6-35B-A3B-FP8-without-reasoning,risk_low,instance_00002,Main Score,0
5526,codenames,Qwen3.6-35B-A3B-FP8-without-reasoning,risk_low,instance_00003,experiment variable,Risk
5527,codenames,Qwen3.6-35B-A3B-FP8-without-reasoning,risk_low,instance_00003,experiment name,risk_low
5528,codenames,Qwen3.6-35B-A3B-FP8-without-reasoning,risk_low,instance_00003,Cluegiver strip words,0
5529,codenames,Qwen3.6-35B-A3B-FP8-without-reasoning,risk_low,instance_00003,Guesser strip words,0
5530,codenames,Qwen3.6-35B-A3B-FP8-without-reasoning,risk_low,instance_00003,Average Cluegiver Number of Targets,1.875
5531,codenames,Qwen3.6-35B-A3B-FP8-without-reasoning,risk_low,instance_00003,Average Cluegiver Team Precision,1.0
5532,codenames,Qwen3.6-35B-A3B-FP8-without-reasoning,risk_low,instance_00003,Average Cluegiver Team Recall,0.404
5533,codenames,Qwen3.6-35B-A3B-FP8-without-reasoning,risk_low,instance_00003,Average Cluegiver Team F1,0.542
5534,codenames,Qwen3.6-35B-A3B-FP8-without-reasoning,risk_low,instance_00003,Average Guesser Number of Guesses,1.625
5535,codenames,Qwen3.6-35B-A3B-FP8-without-reasoning,risk_low,instance_00003,Average Guesser Number of Revealed Words,1.375
5536,codenames,Qwen3.6-35B-A3B-FP8-without-reasoning,risk_low,instance_00003,Average Guesser Number of Unrevealed Guesses,0.25
5537,codenames,Qwen3.6-35B-A3B-FP8-without-reasoning,risk_low,instance_00003,Average Guesser Target Precision,0.375
5538,codenames,Qwen3.6-35B-A3B-FP8-without-reasoning,risk_low,instance_00003,Average Guesser Target Recall,0.375
5539,codenames,Qwen3.6-35B-A3B-FP8-without-reasoning,risk_low,instance_00003,Average Guesser Target F1,0.375
5540,codenames,Qwen3.6-35B-A3B-FP8-without-reasoning,risk_low,instance_00003,Average Guesser Team Precision,0.5
5541,codenames,Qwen3.6-35B-A3B-FP8-without-reasoning,risk_low,instance_00003,Average Guesser Team Recall,0.16
5542,codenames,Qwen3.6-35B-A3B-FP8-without-reasoning,risk_low,instance_00003,Average Guesser Team F1,0.24
5543,codenames,Qwen3.6-35B-A3B-FP8-without-reasoning,risk_low,instance_00003,Aborted,0
5544,codenames,Qwen3.6-35B-A3B-FP8-without-reasoning,risk_low,instance_00003,Lose,1
5545,codenames,Qwen3.6-35B-A3B-FP8-without-reasoning,risk_low,instance_00003,Success,0
5546,codenames,Qwen3.6-35B-A3B-FP8-without-reasoning,risk_low,instance_00003,Game ended through assassin,0
5547,codenames,Qwen3.6-35B-A3B-FP8-without-reasoning,risk_low,instance_00003,Episode Recall,0.778
5548,codenames,Qwen3.6-35B-A3B-FP8-without-reasoning,risk_low,instance_00003,Episode Negative Recall,0.75
5549,codenames,Qwen3.6-35B-A3B-FP8-without-reasoning,risk_low,instance_00003,Number of turns,8
5550,codenames,Qwen3.6-35B-A3B-FP8-without-reasoning,risk_low,instance_00003,Efficiency,0.812
5551,codenames,Qwen3.6-35B-A3B-FP8-without-reasoning,risk_low,instance_00003,Request Count,15
5552,codenames,Qwen3.6-35B-A3B-FP8-without-reasoning,risk_low,instance_00003,Parsed Request Count,15
5553,codenames,Qwen3.6-35B-A3B-FP8-without-reasoning,risk_low,instance_00003,Violated Request Count,0
5554,codenames,Qwen3.6-35B-A3B-FP8-without-reasoning,risk_low,instance_00003,Request Success Ratio,1.0
5555,codenames,Qwen3.6-35B-A3B-FP8-without-reasoning,risk_low,instance_00003,Main Score,0
5556,codenames,Qwen3.6-35B-A3B-FP8-without-reasoning,risk_low,instance_00004,experiment variable,Risk
5557,codenames,Qwen3.6-35B-A3B-FP8-without-reasoning,risk_low,instance_00004,experiment name,risk_low
5558,codenames,Qwen3.6-35B-A3B-FP8-without-reasoning,risk_low,instance_00004,Cluegiver strip words,0
5559,codenames,Qwen3.6-35B-A3B-FP8-without-reasoning,risk_low,instance_00004,Guesser strip words,0
5560,codenames,Qwen3.6-35B-A3B-FP8-without-reasoning,risk_low,instance_00004,Average Cluegiver Number of Targets,2
5561,codenames,Qwen3.6-35B-A3B-FP8-without-reasoning,risk_low,instance_00004,Average Cluegiver Team Precision,1.0
5562,codenames,Qwen3.6-35B-A3B-FP8-without-reasoning,risk_low,instance_00004,Average Cluegiver Team Recall,0.388
5563,codenames,Qwen3.6-35B-A3B-FP8-without-reasoning,risk_low,instance_00004,Average Cluegiver Team F1,0.556
5564,codenames,Qwen3.6-35B-A3B-FP8-without-reasoning,risk_low,instance_00004,Average Guesser Number of Guesses,1.833
5565,codenames,Qwen3.6-35B-A3B-FP8-without-reasoning,risk_low,instance_00004,Average Guesser Number of Revealed Words,1.833
5566,codenames,Qwen3.6-35B-A3B-FP8-without-reasoning,risk_low,instance_00004,Average Guesser Number of Unrevealed Guesses,0
5567,codenames,Qwen3.6-35B-A3B-FP8-without-reasoning,risk_low,instance_00004,Average Guesser Target Precision,0.389
5568,codenames,Qwen3.6-35B-A3B-FP8-without-reasoning,risk_low,instance_00004,Average Guesser Target Recall,0.389
5569,codenames,Qwen3.6-35B-A3B-FP8-without-reasoning,risk_low,instance_00004,Average Guesser Target F1,0.389
5570,codenames,Qwen3.6-35B-A3B-FP8-without-reasoning,risk_low,instance_00004,Average Guesser Team Precision,0.389
5571,codenames,Qwen3.6-35B-A3B-FP8-without-reasoning,risk_low,instance_00004,Average Guesser Team Recall,0.16
5572,codenames,Qwen3.6-35B-A3B-FP8-without-reasoning,risk_low,instance_00004,Average Guesser Team F1,0.225
5573,codenames,Qwen3.6-35B-A3B-FP8-without-reasoning,risk_low,instance_00004,Aborted,0
5574,codenames,Qwen3.6-35B-A3B-FP8-without-reasoning,risk_low,instance_00004,Lose,1
5575,codenames,Qwen3.6-35B-A3B-FP8-without-reasoning,risk_low,instance_00004,Success,0
5576,codenames,Qwen3.6-35B-A3B-FP8-without-reasoning,risk_low,instance_00004,Game ended through assassin,0
5577,codenames,Qwen3.6-35B-A3B-FP8-without-reasoning,risk_low,instance_00004,Episode Recall,0.667
5578,codenames,Qwen3.6-35B-A3B-FP8-without-reasoning,risk_low,instance_00004,Episode Negative Recall,0.688
5579,codenames,Qwen3.6-35B-A3B-FP8-without-reasoning,risk_low,instance_00004,Number of turns,6
5580,codenames,Qwen3.6-35B-A3B-FP8-without-reasoning,risk_low,instance_00004,Efficiency,0.917
5581,codenames,Qwen3.6-35B-A3B-FP8-without-reasoning,risk_low,instance_00004,Request Count,11
5582,codenames,Qwen3.6-35B-A3B-FP8-without-reasoning,risk_low,instance_00004,Parsed Request Count,11
5583,codenames,Qwen3.6-35B-A3B-FP8-without-reasoning,risk_low,instance_00004,Violated Request Count,0
5584,codenames,Qwen3.6-35B-A3B-FP8-without-reasoning,risk_low,instance_00004,Request Success Ratio,1.0
5585,codenames,Qwen3.6-35B-A3B-FP8-without-reasoning,risk_low,instance_00004,Main Score,0
5586,codenames,Qwen3.6-35B-A3B-FP8-without-reasoning,risk_low,instance_00001,experiment variable,Risk
5587,codenames,Qwen3.6-35B-A3B-FP8-without-reasoning,risk_low,instance_00001,experiment name,risk_low
5588,codenames,Qwen3.6-35B-A3B-FP8-without-reasoning,risk_low,instance_00001,Cluegiver strip words,0
5589,codenames,Qwen3.6-35B-A3B-FP8-without-reasoning,risk_low,instance_00001,Guesser strip words,0
5590,codenames,Qwen3.6-35B-A3B-FP8-without-reasoning,risk_low,instance_00001,Average Cluegiver Number of Targets,2
5591,codenames,Qwen3.6-35B-A3B-FP8-without-reasoning,risk_low,instance_00001,Average Cluegiver Team Precision,0.952
5592,codenames,Qwen3.6-35B-A3B-FP8-without-reasoning,risk_low,instance_00001,Average Cluegiver Team Recall,0.573
5593,codenames,Qwen3.6-35B-A3B-FP8-without-reasoning,risk_low,instance_00001,Average Cluegiver Team F1,0.678
5594,codenames,Qwen3.6-35B-A3B-FP8-without-reasoning,risk_low,instance_00001,Average Guesser Number of Guesses,1.571
5595,codenames,Qwen3.6-35B-A3B-FP8-without-reasoning,risk_low,instance_00001,Average Guesser Number of Revealed Words,1.571
5596,codenames,Qwen3.6-35B-A3B-FP8-without-reasoning,risk_low,instance_00001,Average Guesser Number of Unrevealed Guesses,0
5597,codenames,Qwen3.6-35B-A3B-FP8-without-reasoning,risk_low,instance_00001,Average Guesser Target Precision,0.929
5598,codenames,Qwen3.6-35B-A3B-FP8-without-reasoning,risk_low,instance_00001,Average Guesser Target Recall,0.714
5599,codenames,Qwen3.6-35B-A3B-FP8-without-reasoning,risk_low,instance_00001,Average Guesser Target F1,0.786
5600,codenames,Qwen3.6-35B-A3B-FP8-without-reasoning,risk_low,instance_00001,Average Guesser Team Precision,0.881
5601,codenames,Qwen3.6-35B-A3B-FP8-without-reasoning,risk_low,instance_00001,Average Guesser Team Recall,0.397
5602,codenames,Qwen3.6-35B-A3B-FP8-without-reasoning,risk_low,instance_00001,Average Guesser Team F1,0.512
5603,codenames,Qwen3.6-35B-A3B-FP8-without-reasoning,risk_low,instance_00001,Aborted,0
5604,codenames,Qwen3.6-35B-A3B-FP8-without-reasoning,risk_low,instance_00001,Lose,0
5605,codenames,Qwen3.6-35B-A3B-FP8-without-reasoning,risk_low,instance_00001,Success,1
5606,codenames,Qwen3.6-35B-A3B-FP8-without-reasoning,risk_low,instance_00001,Game ended through assassin,0
5607,codenames,Qwen3.6-35B-A3B-FP8-without-reasoning,risk_low,instance_00001,Episode Recall,1.0
5608,codenames,Qwen3.6-35B-A3B-FP8-without-reasoning,risk_low,instance_00001,Episode Negative Recall,0.875
5609,codenames,Qwen3.6-35B-A3B-FP8-without-reasoning,risk_low,instance_00001,Number of turns,8
5610,codenames,Qwen3.6-35B-A3B-FP8-without-reasoning,risk_low,instance_00001,Efficiency,0.688
5611,codenames,Qwen3.6-35B-A3B-FP8-without-reasoning,risk_low,instance_00001,Request Count,14
5612,codenames,Qwen3.6-35B-A3B-FP8-without-reasoning,risk_low,instance_00001,Parsed Request Count,14
5613,codenames,Qwen3.6-35B-A3B-FP8-without-reasoning,risk_low,instance_00001,Violated Request Count,0
5614,codenames,Qwen3.6-35B-A3B-FP8-without-reasoning,risk_low,instance_00001,Request Success Ratio,1.0
5615,codenames,Qwen3.6-35B-A3B-FP8-without-reasoning,risk_low,instance_00001,Main Score,100
5616,codenames,Qwen3.6-35B-A3B-FP8-without-reasoning,risk_low,instance_00000,experiment variable,Risk
5617,codenames,Qwen3.6-35B-A3B-FP8-without-reasoning,risk_low,instance_00000,experiment name,risk_low
5618,codenames,Qwen3.6-35B-A3B-FP8-without-reasoning,risk_low,instance_00000,Cluegiver strip words,0
5619,codenames,Qwen3.6-35B-A3B-FP8-without-reasoning,risk_low,instance_00000,Guesser strip words,0
5620,codenames,Qwen3.6-35B-A3B-FP8-without-reasoning,risk_low,instance_00000,Average Cluegiver Number of Targets,2.429
5621,codenames,Qwen3.6-35B-A3B-FP8-without-reasoning,risk_low,instance_00000,Average Cluegiver Team Precision,1.0
5622,codenames,Qwen3.6-35B-A3B-FP8-without-reasoning,risk_low,instance_00000,Average Cluegiver Team Recall,0.396
5623,codenames,Qwen3.6-35B-A3B-FP8-without-reasoning,risk_low,instance_00000,Average Cluegiver Team F1,0.554
5624,codenames,Qwen3.6-35B-A3B-FP8-without-reasoning,risk_low,instance_00000,Average Guesser Number of Guesses,2.143
5625,codenames,Qwen3.6-35B-A3B-FP8-without-reasoning,risk_low,instance_00000,Average Guesser Number of Revealed Words,1.571
5626,codenames,Qwen3.6-35B-A3B-FP8-without-reasoning,risk_low,instance_00000,Average Guesser Number of Unrevealed Guesses,0.571
5627,codenames,Qwen3.6-35B-A3B-FP8-without-reasoning,risk_low,instance_00000,Average Guesser Target Precision,0.357
5628,codenames,Qwen3.6-35B-A3B-FP8-without-reasoning,risk_low,instance_00000,Average Guesser Target Recall,0.286
5629,codenames,Qwen3.6-35B-A3B-FP8-without-reasoning,risk_low,instance_00000,Average Guesser Target F1,0.314
5630,codenames,Qwen3.6-35B-A3B-FP8-without-reasoning,risk_low,instance_00000,Average Guesser Team Precision,0.357
5631,codenames,Qwen3.6-35B-A3B-FP8-without-reasoning,risk_low,instance_00000,Average Guesser Team Recall,0.107
5632,codenames,Qwen3.6-35B-A3B-FP8-without-reasoning,risk_low,instance_00000,Average Guesser Team F1,0.163
5633,codenames,Qwen3.6-35B-A3B-FP8-without-reasoning,risk_low,instance_00000,Aborted,0
5634,codenames,Qwen3.6-35B-A3B-FP8-without-reasoning,risk_low,instance_00000,Lose,1
5635,codenames,Qwen3.6-35B-A3B-FP8-without-reasoning,risk_low,instance_00000,Success,0
5636,codenames,Qwen3.6-35B-A3B-FP8-without-reasoning,risk_low,instance_00000,Game ended through assassin,0
5637,codenames,Qwen3.6-35B-A3B-FP8-without-reasoning,risk_low,instance_00000,Episode Recall,0.556
5638,codenames,Qwen3.6-35B-A3B-FP8-without-reasoning,risk_low,instance_00000,Episode Negative Recall,0.625
5639,codenames,Qwen3.6-35B-A3B-FP8-without-reasoning,risk_low,instance_00000,Number of turns,7
5640,codenames,Qwen3.6-35B-A3B-FP8-without-reasoning,risk_low,instance_00000,Efficiency,1
5641,codenames,Qwen3.6-35B-A3B-FP8-without-reasoning,risk_low,instance_00000,Request Count,13
5642,codenames,Qwen3.6-35B-A3B-FP8-without-reasoning,risk_low,instance_00000,Parsed Request Count,13
5643,codenames,Qwen3.6-35B-A3B-FP8-without-reasoning,risk_low,instance_00000,Violated Request Count,0
5644,codenames,Qwen3.6-35B-A3B-FP8-without-reasoning,risk_low,instance_00000,Request Success Ratio,1.0
5645,codenames,Qwen3.6-35B-A3B-FP8-without-reasoning,risk_low,instance_00000,Main Score,0
5646,codenames,Qwen3.6-35B-A3B-FP8-without-reasoning,opponent_none,instance_00002,experiment variable,Opponent Difficulty
5647,codenames,Qwen3.6-35B-A3B-FP8-without-reasoning,opponent_none,instance_00002,experiment name,opponent_none
5648,codenames,Qwen3.6-35B-A3B-FP8-without-reasoning,opponent_none,instance_00002,Cluegiver strip words,0
5649,codenames,Qwen3.6-35B-A3B-FP8-without-reasoning,opponent_none,instance_00002,Guesser strip words,0
5650,codenames,Qwen3.6-35B-A3B-FP8-without-reasoning,opponent_none,instance_00002,Average Cluegiver Number of Targets,1.667
5651,codenames,Qwen3.6-35B-A3B-FP8-without-reasoning,opponent_none,instance_00002,Average Cluegiver Team Precision,1.0
5652,codenames,Qwen3.6-35B-A3B-FP8-without-reasoning,opponent_none,instance_00002,Average Cluegiver Team Recall,0.225
5653,codenames,Qwen3.6-35B-A3B-FP8-without-reasoning,opponent_none,instance_00002,Average Cluegiver Team F1,0.365
5654,codenames,Qwen3.6-35B-A3B-FP8-without-reasoning,opponent_none,instance_00002,Average Guesser Number of Guesses,1.667
5655,codenames,Qwen3.6-35B-A3B-FP8-without-reasoning,opponent_none,instance_00002,Average Guesser Number of Revealed Words,1.667
5656,codenames,Qwen3.6-35B-A3B-FP8-without-reasoning,opponent_none,instance_00002,Average Guesser Number of Unrevealed Guesses,0
5657,codenames,Qwen3.6-35B-A3B-FP8-without-reasoning,opponent_none,instance_00002,Average Guesser Target Precision,0.5
5658,codenames,Qwen3.6-35B-A3B-FP8-without-reasoning,opponent_none,instance_00002,Average Guesser Target Recall,0.5
5659,codenames,Qwen3.6-35B-A3B-FP8-without-reasoning,opponent_none,instance_00002,Average Guesser Target F1,0.5
5660,codenames,Qwen3.6-35B-A3B-FP8-without-reasoning,opponent_none,instance_00002,Average Guesser Team Precision,0.5
5661,codenames,Qwen3.6-35B-A3B-FP8-without-reasoning,opponent_none,instance_00002,Average Guesser Team Recall,0.122
5662,codenames,Qwen3.6-35B-A3B-FP8-without-reasoning,opponent_none,instance_00002,Average Guesser Team F1,0.195
5663,codenames,Qwen3.6-35B-A3B-FP8-without-reasoning,opponent_none,instance_00002,Aborted,0
5664,codenames,Qwen3.6-35B-A3B-FP8-without-reasoning,opponent_none,instance_00002,Lose,1
5665,codenames,Qwen3.6-35B-A3B-FP8-without-reasoning,opponent_none,instance_00002,Success,0
5666,codenames,Qwen3.6-35B-A3B-FP8-without-reasoning,opponent_none,instance_00002,Game ended through assassin,1
5667,codenames,Qwen3.6-35B-A3B-FP8-without-reasoning,opponent_none,instance_00002,Episode Recall,0.333
5668,codenames,Qwen3.6-35B-A3B-FP8-without-reasoning,opponent_none,instance_00002,Episode Negative Recall,0.875
5669,codenames,Qwen3.6-35B-A3B-FP8-without-reasoning,opponent_none,instance_00002,Number of turns,4
5670,codenames,Qwen3.6-35B-A3B-FP8-without-reasoning,opponent_none,instance_00002,Efficiency,0.625
5671,codenames,Qwen3.6-35B-A3B-FP8-without-reasoning,opponent_none,instance_00002,Request Count,6
5672,codenames,Qwen3.6-35B-A3B-FP8-without-reasoning,opponent_none,instance_00002,Parsed Request Count,6
5673,codenames,Qwen3.6-35B-A3B-FP8-without-reasoning,opponent_none,instance_00002,Violated Request Count,0
5674,codenames,Qwen3.6-35B-A3B-FP8-without-reasoning,opponent_none,instance_00002,Request Success Ratio,1.0
5675,codenames,Qwen3.6-35B-A3B-FP8-without-reasoning,opponent_none,instance_00002,Main Score,0
5676,codenames,Qwen3.6-35B-A3B-FP8-without-reasoning,opponent_none,instance_00003,experiment variable,Opponent Difficulty
5677,codenames,Qwen3.6-35B-A3B-FP8-without-reasoning,opponent_none,instance_00003,experiment name,opponent_none
5678,codenames,Qwen3.6-35B-A3B-FP8-without-reasoning,opponent_none,instance_00003,Cluegiver strip words,0
5679,codenames,Qwen3.6-35B-A3B-FP8-without-reasoning,opponent_none,instance_00003,Guesser strip words,0
5680,codenames,Qwen3.6-35B-A3B-FP8-without-reasoning,opponent_none,instance_00003,Average Cluegiver Number of Targets,1.2
5681,codenames,Qwen3.6-35B-A3B-FP8-without-reasoning,opponent_none,instance_00003,Average Cluegiver Team Precision,1.0
5682,codenames,Qwen3.6-35B-A3B-FP8-without-reasoning,opponent_none,instance_00003,Average Cluegiver Team Recall,0.319
5683,codenames,Qwen3.6-35B-A3B-FP8-without-reasoning,opponent_none,instance_00003,Average Cluegiver Team F1,0.442
5684,codenames,Qwen3.6-35B-A3B-FP8-without-reasoning,opponent_none,instance_00003,Average Guesser Number of Guesses,1.1
5685,codenames,Qwen3.6-35B-A3B-FP8-without-reasoning,opponent_none,instance_00003,Average Guesser Number of Revealed Words,1
5686,codenames,Qwen3.6-35B-A3B-FP8-without-reasoning,opponent_none,instance_00003,Average Guesser Number of Unrevealed Guesses,0.1
5687,codenames,Qwen3.6-35B-A3B-FP8-without-reasoning,opponent_none,instance_00003,Average Guesser Target Precision,0.9
5688,codenames,Qwen3.6-35B-A3B-FP8-without-reasoning,opponent_none,instance_00003,Average Guesser Target Recall,0.85
5689,codenames,Qwen3.6-35B-A3B-FP8-without-reasoning,opponent_none,instance_00003,Average Guesser Target F1,0.867
5690,codenames,Qwen3.6-35B-A3B-FP8-without-reasoning,opponent_none,instance_00003,Average Guesser Team Precision,0.9
5691,codenames,Qwen3.6-35B-A3B-FP8-without-reasoning,opponent_none,instance_00003,Average Guesser Team Recall,0.283
5692,codenames,Qwen3.6-35B-A3B-FP8-without-reasoning,opponent_none,instance_00003,Average Guesser Team F1,0.386
5693,codenames,Qwen3.6-35B-A3B-FP8-without-reasoning,opponent_none,instance_00003,Aborted,0
5694,codenames,Qwen3.6-35B-A3B-FP8-without-reasoning,opponent_none,instance_00003,Lose,0
5695,codenames,Qwen3.6-35B-A3B-FP8-without-reasoning,opponent_none,instance_00003,Success,1
5696,codenames,Qwen3.6-35B-A3B-FP8-without-reasoning,opponent_none,instance_00003,Game ended through assassin,0
5697,codenames,Qwen3.6-35B-A3B-FP8-without-reasoning,opponent_none,instance_00003,Episode Recall,1.0
5698,codenames,Qwen3.6-35B-A3B-FP8-without-reasoning,opponent_none,instance_00003,Episode Negative Recall,0.938
5699,codenames,Qwen3.6-35B-A3B-FP8-without-reasoning,opponent_none,instance_00003,Number of turns,11
5700,codenames,Qwen3.6-35B-A3B-FP8-without-reasoning,opponent_none,instance_00003,Efficiency,0.5
5701,codenames,Qwen3.6-35B-A3B-FP8-without-reasoning,opponent_none,instance_00003,Request Count,20
5702,codenames,Qwen3.6-35B-A3B-FP8-without-reasoning,opponent_none,instance_00003,Parsed Request Count,20
5703,codenames,Qwen3.6-35B-A3B-FP8-without-reasoning,opponent_none,instance_00003,Violated Request Count,0
5704,codenames,Qwen3.6-35B-A3B-FP8-without-reasoning,opponent_none,instance_00003,Request Success Ratio,1.0
5705,codenames,Qwen3.6-35B-A3B-FP8-without-reasoning,opponent_none,instance_00003,Main Score,100
5706,codenames,Qwen3.6-35B-A3B-FP8-without-reasoning,opponent_none,instance_00004,experiment variable,Opponent Difficulty
5707,codenames,Qwen3.6-35B-A3B-FP8-without-reasoning,opponent_none,instance_00004,experiment name,opponent_none
5708,codenames,Qwen3.6-35B-A3B-FP8-without-reasoning,opponent_none,instance_00004,Cluegiver strip words,0
5709,codenames,Qwen3.6-35B-A3B-FP8-without-reasoning,opponent_none,instance_00004,Guesser strip words,0
5710,codenames,Qwen3.6-35B-A3B-FP8-without-reasoning,opponent_none,instance_00004,Average Cluegiver Number of Targets,3
5711,codenames,Qwen3.6-35B-A3B-FP8-without-reasoning,opponent_none,instance_00004,Average Cluegiver Team Precision,1.0
5712,codenames,Qwen3.6-35B-A3B-FP8-without-reasoning,opponent_none,instance_00004,Average Cluegiver Team Recall,0.333
5713,codenames,Qwen3.6-35B-A3B-FP8-without-reasoning,opponent_none,instance_00004,Average Cluegiver Team F1,0.5
5714,codenames,Qwen3.6-35B-A3B-FP8-without-reasoning,opponent_none,instance_00004,Average Guesser Number of Guesses,0
5715,codenames,Qwen3.6-35B-A3B-FP8-without-reasoning,opponent_none,instance_00004,Average Guesser Number of Revealed Words,0
5716,codenames,Qwen3.6-35B-A3B-FP8-without-reasoning,opponent_none,instance_00004,Average Guesser Number of Unrevealed Guesses,0
5717,codenames,Qwen3.6-35B-A3B-FP8-without-reasoning,opponent_none,instance_00004,Average Guesser Target Precision,0
5718,codenames,Qwen3.6-35B-A3B-FP8-without-reasoning,opponent_none,instance_00004,Average Guesser Target Recall,0.0
5719,codenames,Qwen3.6-35B-A3B-FP8-without-reasoning,opponent_none,instance_00004,Average Guesser Target F1,0
5720,codenames,Qwen3.6-35B-A3B-FP8-without-reasoning,opponent_none,instance_00004,Average Guesser Team Precision,0
5721,codenames,Qwen3.6-35B-A3B-FP8-without-reasoning,opponent_none,instance_00004,Average Guesser Team Recall,0.0
5722,codenames,Qwen3.6-35B-A3B-FP8-without-reasoning,opponent_none,instance_00004,Average Guesser Team F1,0
5723,codenames,Qwen3.6-35B-A3B-FP8-without-reasoning,opponent_none,instance_00004,Aborted,1
5724,codenames,Qwen3.6-35B-A3B-FP8-without-reasoning,opponent_none,instance_00004,Lose,0
5725,codenames,Qwen3.6-35B-A3B-FP8-without-reasoning,opponent_none,instance_00004,Success,0
5726,codenames,Qwen3.6-35B-A3B-FP8-without-reasoning,opponent_none,instance_00004,Game ended through assassin,0
5727,codenames,Qwen3.6-35B-A3B-FP8-without-reasoning,opponent_none,instance_00004,Episode Recall,0.0
5728,codenames,Qwen3.6-35B-A3B-FP8-without-reasoning,opponent_none,instance_00004,Episode Negative Recall,1.0
5729,codenames,Qwen3.6-35B-A3B-FP8-without-reasoning,opponent_none,instance_00004,Number of turns,2
5730,codenames,Qwen3.6-35B-A3B-FP8-without-reasoning,opponent_none,instance_00004,Efficiency,0.0
5731,codenames,Qwen3.6-35B-A3B-FP8-without-reasoning,opponent_none,instance_00004,Request Count,2
5732,codenames,Qwen3.6-35B-A3B-FP8-without-reasoning,opponent_none,instance_00004,Parsed Request Count,1
5733,codenames,Qwen3.6-35B-A3B-FP8-without-reasoning,opponent_none,instance_00004,Violated Request Count,1
5734,codenames,Qwen3.6-35B-A3B-FP8-without-reasoning,opponent_none,instance_00004,Request Success Ratio,0.5
5735,codenames,Qwen3.6-35B-A3B-FP8-without-reasoning,opponent_none,instance_00004,Main Score,
5736,codenames,Qwen3.6-35B-A3B-FP8-without-reasoning,opponent_none,instance_00001,experiment variable,Opponent Difficulty
5737,codenames,Qwen3.6-35B-A3B-FP8-without-reasoning,opponent_none,instance_00001,experiment name,opponent_none
5738,codenames,Qwen3.6-35B-A3B-FP8-without-reasoning,opponent_none,instance_00001,Cluegiver strip words,0
5739,codenames,Qwen3.6-35B-A3B-FP8-without-reasoning,opponent_none,instance_00001,Guesser strip words,0
5740,codenames,Qwen3.6-35B-A3B-FP8-without-reasoning,opponent_none,instance_00001,Average Cluegiver Number of Targets,2
5741,codenames,Qwen3.6-35B-A3B-FP8-without-reasoning,opponent_none,instance_00001,Average Cluegiver Team Precision,1.0
5742,codenames,Qwen3.6-35B-A3B-FP8-without-reasoning,opponent_none,instance_00001,Average Cluegiver Team Recall,0.422
5743,codenames,Qwen3.6-35B-A3B-FP8-without-reasoning,opponent_none,instance_00001,Average Cluegiver Team F1,0.557
5744,codenames,Qwen3.6-35B-A3B-FP8-without-reasoning,opponent_none,instance_00001,Average Guesser Number of Guesses,2
5745,codenames,Qwen3.6-35B-A3B-FP8-without-reasoning,opponent_none,instance_00001,Average Guesser Number of Revealed Words,1.857
5746,codenames,Qwen3.6-35B-A3B-FP8-without-reasoning,opponent_none,instance_00001,Average Guesser Number of Unrevealed Guesses,0.143
5747,codenames,Qwen3.6-35B-A3B-FP8-without-reasoning,opponent_none,instance_00001,Average Guesser Target Precision,0.571
5748,codenames,Qwen3.6-35B-A3B-FP8-without-reasoning,opponent_none,instance_00001,Average Guesser Target Recall,0.571
5749,codenames,Qwen3.6-35B-A3B-FP8-without-reasoning,opponent_none,instance_00001,Average Guesser Target F1,0.571
5750,codenames,Qwen3.6-35B-A3B-FP8-without-reasoning,opponent_none,instance_00001,Average Guesser Team Precision,0.643
5751,codenames,Qwen3.6-35B-A3B-FP8-without-reasoning,opponent_none,instance_00001,Average Guesser Team Recall,0.318
5752,codenames,Qwen3.6-35B-A3B-FP8-without-reasoning,opponent_none,instance_00001,Average Guesser Team F1,0.398
5753,codenames,Qwen3.6-35B-A3B-FP8-without-reasoning,opponent_none,instance_00001,Aborted,0
5754,codenames,Qwen3.6-35B-A3B-FP8-without-reasoning,opponent_none,instance_00001,Lose,0
5755,codenames,Qwen3.6-35B-A3B-FP8-without-reasoning,opponent_none,instance_00001,Success,1
5756,codenames,Qwen3.6-35B-A3B-FP8-without-reasoning,opponent_none,instance_00001,Game ended through assassin,0
5757,codenames,Qwen3.6-35B-A3B-FP8-without-reasoning,opponent_none,instance_00001,Episode Recall,1.0
5758,codenames,Qwen3.6-35B-A3B-FP8-without-reasoning,opponent_none,instance_00001,Episode Negative Recall,0.75
5759,codenames,Qwen3.6-35B-A3B-FP8-without-reasoning,opponent_none,instance_00001,Number of turns,8
5760,codenames,Qwen3.6-35B-A3B-FP8-without-reasoning,opponent_none,instance_00001,Efficiency,0.875
5761,codenames,Qwen3.6-35B-A3B-FP8-without-reasoning,opponent_none,instance_00001,Request Count,14
5762,codenames,Qwen3.6-35B-A3B-FP8-without-reasoning,opponent_none,instance_00001,Parsed Request Count,14
5763,codenames,Qwen3.6-35B-A3B-FP8-without-reasoning,opponent_none,instance_00001,Violated Request Count,0
5764,codenames,Qwen3.6-35B-A3B-FP8-without-reasoning,opponent_none,instance_00001,Request Success Ratio,1.0
5765,codenames,Qwen3.6-35B-A3B-FP8-without-reasoning,opponent_none,instance_00001,Main Score,100
5766,codenames,Qwen3.6-35B-A3B-FP8-without-reasoning,opponent_none,instance_00000,experiment variable,Opponent Difficulty
5767,codenames,Qwen3.6-35B-A3B-FP8-without-reasoning,opponent_none,instance_00000,experiment name,opponent_none
5768,codenames,Qwen3.6-35B-A3B-FP8-without-reasoning,opponent_none,instance_00000,Cluegiver strip words,0
5769,codenames,Qwen3.6-35B-A3B-FP8-without-reasoning,opponent_none,instance_00000,Guesser strip words,0
5770,codenames,Qwen3.6-35B-A3B-FP8-without-reasoning,opponent_none,instance_00000,Average Cluegiver Number of Targets,1.875
5771,codenames,Qwen3.6-35B-A3B-FP8-without-reasoning,opponent_none,instance_00000,Average Cluegiver Team Precision,0.917
5772,codenames,Qwen3.6-35B-A3B-FP8-without-reasoning,opponent_none,instance_00000,Average Cluegiver Team Recall,0.404
5773,codenames,Qwen3.6-35B-A3B-FP8-without-reasoning,opponent_none,instance_00000,Average Cluegiver Team F1,0.525
5774,codenames,Qwen3.6-35B-A3B-FP8-without-reasoning,opponent_none,instance_00000,Average Guesser Number of Guesses,1.875
5775,codenames,Qwen3.6-35B-A3B-FP8-without-reasoning,opponent_none,instance_00000,Average Guesser Number of Revealed Words,1.625
5776,codenames,Qwen3.6-35B-A3B-FP8-without-reasoning,opponent_none,instance_00000,Average Guesser Number of Unrevealed Guesses,0.25
5777,codenames,Qwen3.6-35B-A3B-FP8-without-reasoning,opponent_none,instance_00000,Average Guesser Target Precision,0.688
5778,codenames,Qwen3.6-35B-A3B-FP8-without-reasoning,opponent_none,instance_00000,Average Guesser Target Recall,0.688
5779,codenames,Qwen3.6-35B-A3B-FP8-without-reasoning,opponent_none,instance_00000,Average Guesser Target F1,0.688
5780,codenames,Qwen3.6-35B-A3B-FP8-without-reasoning,opponent_none,instance_00000,Average Guesser Team Precision,0.688
5781,codenames,Qwen3.6-35B-A3B-FP8-without-reasoning,opponent_none,instance_00000,Average Guesser Team Recall,0.331
5782,codenames,Qwen3.6-35B-A3B-FP8-without-reasoning,opponent_none,instance_00000,Average Guesser Team F1,0.415
5783,codenames,Qwen3.6-35B-A3B-FP8-without-reasoning,opponent_none,instance_00000,Aborted,0
5784,codenames,Qwen3.6-35B-A3B-FP8-without-reasoning,opponent_none,instance_00000,Lose,0
5785,codenames,Qwen3.6-35B-A3B-FP8-without-reasoning,opponent_none,instance_00000,Success,1
5786,codenames,Qwen3.6-35B-A3B-FP8-without-reasoning,opponent_none,instance_00000,Game ended through assassin,0
5787,codenames,Qwen3.6-35B-A3B-FP8-without-reasoning,opponent_none,instance_00000,Episode Recall,1.0
5788,codenames,Qwen3.6-35B-A3B-FP8-without-reasoning,opponent_none,instance_00000,Episode Negative Recall,0.75
5789,codenames,Qwen3.6-35B-A3B-FP8-without-reasoning,opponent_none,instance_00000,Number of turns,9
5790,codenames,Qwen3.6-35B-A3B-FP8-without-reasoning,opponent_none,instance_00000,Efficiency,0.833
5791,codenames,Qwen3.6-35B-A3B-FP8-without-reasoning,opponent_none,instance_00000,Request Count,16
5792,codenames,Qwen3.6-35B-A3B-FP8-without-reasoning,opponent_none,instance_00000,Parsed Request Count,16
5793,codenames,Qwen3.6-35B-A3B-FP8-without-reasoning,opponent_none,instance_00000,Violated Request Count,0
5794,codenames,Qwen3.6-35B-A3B-FP8-without-reasoning,opponent_none,instance_00000,Request Success Ratio,1.0
5795,codenames,Qwen3.6-35B-A3B-FP8-without-reasoning,opponent_none,instance_00000,Main Score,100
5796,codenames,Qwen3.6-35B-A3B-FP8-without-reasoning,risk_high,instance_00002,experiment variable,Risk
5797,codenames,Qwen3.6-35B-A3B-FP8-without-reasoning,risk_high,instance_00002,experiment name,risk_high
5798,codenames,Qwen3.6-35B-A3B-FP8-without-reasoning,risk_high,instance_00002,Cluegiver strip words,1
5799,codenames,Qwen3.6-35B-A3B-FP8-without-reasoning,risk_high,instance_00002,Guesser strip words,1
5800,codenames,Qwen3.6-35B-A3B-FP8-without-reasoning,risk_high,instance_00002,Average Cluegiver Number of Targets,2.5
5801,codenames,Qwen3.6-35B-A3B-FP8-without-reasoning,risk_high,instance_00002,Average Cluegiver Team Precision,1.0
5802,codenames,Qwen3.6-35B-A3B-FP8-without-reasoning,risk_high,instance_00002,Average Cluegiver Team Recall,0.305
5803,codenames,Qwen3.6-35B-A3B-FP8-without-reasoning,risk_high,instance_00002,Average Cluegiver Team F1,0.464
5804,codenames,Qwen3.6-35B-A3B-FP8-without-reasoning,risk_high,instance_00002,Average Guesser Number of Guesses,2
5805,codenames,Qwen3.6-35B-A3B-FP8-without-reasoning,risk_high,instance_00002,Average Guesser Number of Revealed Words,1
5806,codenames,Qwen3.6-35B-A3B-FP8-without-reasoning,risk_high,instance_00002,Average Guesser Number of Unrevealed Guesses,1
5807,codenames,Qwen3.6-35B-A3B-FP8-without-reasoning,risk_high,instance_00002,Average Guesser Target Precision,0.25
5808,codenames,Qwen3.6-35B-A3B-FP8-without-reasoning,risk_high,instance_00002,Average Guesser Target Recall,0.125
5809,codenames,Qwen3.6-35B-A3B-FP8-without-reasoning,risk_high,instance_00002,Average Guesser Target F1,0.167
5810,codenames,Qwen3.6-35B-A3B-FP8-without-reasoning,risk_high,instance_00002,Average Guesser Team Precision,0.25
5811,codenames,Qwen3.6-35B-A3B-FP8-without-reasoning,risk_high,instance_00002,Average Guesser Team Recall,0.028
5812,codenames,Qwen3.6-35B-A3B-FP8-without-reasoning,risk_high,instance_00002,Average Guesser Team F1,0.05
5813,codenames,Qwen3.6-35B-A3B-FP8-without-reasoning,risk_high,instance_00002,Aborted,0
5814,codenames,Qwen3.6-35B-A3B-FP8-without-reasoning,risk_high,instance_00002,Lose,1
5815,codenames,Qwen3.6-35B-A3B-FP8-without-reasoning,risk_high,instance_00002,Success,0
5816,codenames,Qwen3.6-35B-A3B-FP8-without-reasoning,risk_high,instance_00002,Game ended through assassin,1
5817,codenames,Qwen3.6-35B-A3B-FP8-without-reasoning,risk_high,instance_00002,Episode Recall,0.111
5818,codenames,Qwen3.6-35B-A3B-FP8-without-reasoning,risk_high,instance_00002,Episode Negative Recall,0.812
5819,codenames,Qwen3.6-35B-A3B-FP8-without-reasoning,risk_high,instance_00002,Number of turns,5
5820,codenames,Qwen3.6-35B-A3B-FP8-without-reasoning,risk_high,instance_00002,Efficiency,0.8
5821,codenames,Qwen3.6-35B-A3B-FP8-without-reasoning,risk_high,instance_00002,Request Count,8
5822,codenames,Qwen3.6-35B-A3B-FP8-without-reasoning,risk_high,instance_00002,Parsed Request Count,8
5823,codenames,Qwen3.6-35B-A3B-FP8-without-reasoning,risk_high,instance_00002,Violated Request Count,0
5824,codenames,Qwen3.6-35B-A3B-FP8-without-reasoning,risk_high,instance_00002,Request Success Ratio,1.0
5825,codenames,Qwen3.6-35B-A3B-FP8-without-reasoning,risk_high,instance_00002,Main Score,0
5826,codenames,Qwen3.6-35B-A3B-FP8-without-reasoning,risk_high,instance_00003,experiment variable,Risk
5827,codenames,Qwen3.6-35B-A3B-FP8-without-reasoning,risk_high,instance_00003,experiment name,risk_high
5828,codenames,Qwen3.6-35B-A3B-FP8-without-reasoning,risk_high,instance_00003,Cluegiver strip words,0
5829,codenames,Qwen3.6-35B-A3B-FP8-without-reasoning,risk_high,instance_00003,Guesser strip words,0
5830,codenames,Qwen3.6-35B-A3B-FP8-without-reasoning,risk_high,instance_00003,Average Cluegiver Number of Targets,1.875
5831,codenames,Qwen3.6-35B-A3B-FP8-without-reasoning,risk_high,instance_00003,Average Cluegiver Team Precision,1.0
5832,codenames,Qwen3.6-35B-A3B-FP8-without-reasoning,risk_high,instance_00003,Average Cluegiver Team Recall,0.289
5833,codenames,Qwen3.6-35B-A3B-FP8-without-reasoning,risk_high,instance_00003,Average Cluegiver Team F1,0.437
5834,codenames,Qwen3.6-35B-A3B-FP8-without-reasoning,risk_high,instance_00003,Average Guesser Number of Guesses,1.5
5835,codenames,Qwen3.6-35B-A3B-FP8-without-reasoning,risk_high,instance_00003,Average Guesser Number of Revealed Words,1
5836,codenames,Qwen3.6-35B-A3B-FP8-without-reasoning,risk_high,instance_00003,Average Guesser Number of Unrevealed Guesses,0.5
5837,codenames,Qwen3.6-35B-A3B-FP8-without-reasoning,risk_high,instance_00003,Average Guesser Target Precision,0.625
5838,codenames,Qwen3.6-35B-A3B-FP8-without-reasoning,risk_high,instance_00003,Average Guesser Target Recall,0.521
5839,codenames,Qwen3.6-35B-A3B-FP8-without-reasoning,risk_high,instance_00003,Average Guesser Target F1,0.558
5840,codenames,Qwen3.6-35B-A3B-FP8-without-reasoning,risk_high,instance_00003,Average Guesser Team Precision,0.625
5841,codenames,Qwen3.6-35B-A3B-FP8-without-reasoning,risk_high,instance_00003,Average Guesser Team Recall,0.121
5842,codenames,Qwen3.6-35B-A3B-FP8-without-reasoning,risk_high,instance_00003,Average Guesser Team F1,0.2
5843,codenames,Qwen3.6-35B-A3B-FP8-without-reasoning,risk_high,instance_00003,Aborted,0
5844,codenames,Qwen3.6-35B-A3B-FP8-without-reasoning,risk_high,instance_00003,Lose,1
5845,codenames,Qwen3.6-35B-A3B-FP8-without-reasoning,risk_high,instance_00003,Success,0
5846,codenames,Qwen3.6-35B-A3B-FP8-without-reasoning,risk_high,instance_00003,Game ended through assassin,0
5847,codenames,Qwen3.6-35B-A3B-FP8-without-reasoning,risk_high,instance_00003,Episode Recall,0.667
5848,codenames,Qwen3.6-35B-A3B-FP8-without-reasoning,risk_high,instance_00003,Episode Negative Recall,0.875
5849,codenames,Qwen3.6-35B-A3B-FP8-without-reasoning,risk_high,instance_00003,Number of turns,8
5850,codenames,Qwen3.6-35B-A3B-FP8-without-reasoning,risk_high,instance_00003,Efficiency,0.75
5851,codenames,Qwen3.6-35B-A3B-FP8-without-reasoning,risk_high,instance_00003,Request Count,15
5852,codenames,Qwen3.6-35B-A3B-FP8-without-reasoning,risk_high,instance_00003,Parsed Request Count,15
5853,codenames,Qwen3.6-35B-A3B-FP8-without-reasoning,risk_high,instance_00003,Violated Request Count,0
5854,codenames,Qwen3.6-35B-A3B-FP8-without-reasoning,risk_high,instance_00003,Request Success Ratio,1.0
5855,codenames,Qwen3.6-35B-A3B-FP8-without-reasoning,risk_high,instance_00003,Main Score,0
5856,codenames,Qwen3.6-35B-A3B-FP8-without-reasoning,risk_high,instance_00004,experiment variable,Risk
5857,codenames,Qwen3.6-35B-A3B-FP8-without-reasoning,risk_high,instance_00004,experiment name,risk_high
5858,codenames,Qwen3.6-35B-A3B-FP8-without-reasoning,risk_high,instance_00004,Cluegiver strip words,0
5859,codenames,Qwen3.6-35B-A3B-FP8-without-reasoning,risk_high,instance_00004,Guesser strip words,0
5860,codenames,Qwen3.6-35B-A3B-FP8-without-reasoning,risk_high,instance_00004,Average Cluegiver Number of Targets,2.333
5861,codenames,Qwen3.6-35B-A3B-FP8-without-reasoning,risk_high,instance_00004,Average Cluegiver Team Precision,1.0
5862,codenames,Qwen3.6-35B-A3B-FP8-without-reasoning,risk_high,instance_00004,Average Cluegiver Team Recall,0.622
5863,codenames,Qwen3.6-35B-A3B-FP8-without-reasoning,risk_high,instance_00004,Average Cluegiver Team F1,0.734
5864,codenames,Qwen3.6-35B-A3B-FP8-without-reasoning,risk_high,instance_00004,Average Guesser Number of Guesses,2.333
5865,codenames,Qwen3.6-35B-A3B-FP8-without-reasoning,risk_high,instance_00004,Average Guesser Number of Revealed Words,2
5866,codenames,Qwen3.6-35B-A3B-FP8-without-reasoning,risk_high,instance_00004,Average Guesser Number of Unrevealed Guesses,0.333
5867,codenames,Qwen3.6-35B-A3B-FP8-without-reasoning,risk_high,instance_00004,Average Guesser Target Precision,0.583
5868,codenames,Qwen3.6-35B-A3B-FP8-without-reasoning,risk_high,instance_00004,Average Guesser Target Recall,0.555
5869,codenames,Qwen3.6-35B-A3B-FP8-without-reasoning,risk_high,instance_00004,Average Guesser Target F1,0.567
5870,codenames,Qwen3.6-35B-A3B-FP8-without-reasoning,risk_high,instance_00004,Average Guesser Team Precision,0.583
5871,codenames,Qwen3.6-35B-A3B-FP8-without-reasoning,risk_high,instance_00004,Average Guesser Team Recall,0.283
5872,codenames,Qwen3.6-35B-A3B-FP8-without-reasoning,risk_high,instance_00004,Average Guesser Team F1,0.367
5873,codenames,Qwen3.6-35B-A3B-FP8-without-reasoning,risk_high,instance_00004,Aborted,0
5874,codenames,Qwen3.6-35B-A3B-FP8-without-reasoning,risk_high,instance_00004,Lose,1
5875,codenames,Qwen3.6-35B-A3B-FP8-without-reasoning,risk_high,instance_00004,Success,0
5876,codenames,Qwen3.6-35B-A3B-FP8-without-reasoning,risk_high,instance_00004,Game ended through assassin,1
5877,codenames,Qwen3.6-35B-A3B-FP8-without-reasoning,risk_high,instance_00004,Episode Recall,0.889
5878,codenames,Qwen3.6-35B-A3B-FP8-without-reasoning,risk_high,instance_00004,Episode Negative Recall,0.75
5879,codenames,Qwen3.6-35B-A3B-FP8-without-reasoning,risk_high,instance_00004,Number of turns,7
5880,codenames,Qwen3.6-35B-A3B-FP8-without-reasoning,risk_high,instance_00004,Efficiency,1.0
5881,codenames,Qwen3.6-35B-A3B-FP8-without-reasoning,risk_high,instance_00004,Request Count,12
5882,codenames,Qwen3.6-35B-A3B-FP8-without-reasoning,risk_high,instance_00004,Parsed Request Count,12
5883,codenames,Qwen3.6-35B-A3B-FP8-without-reasoning,risk_high,instance_00004,Violated Request Count,0
5884,codenames,Qwen3.6-35B-A3B-FP8-without-reasoning,risk_high,instance_00004,Request Success Ratio,1.0
5885,codenames,Qwen3.6-35B-A3B-FP8-without-reasoning,risk_high,instance_00004,Main Score,0
5886,codenames,Qwen3.6-35B-A3B-FP8-without-reasoning,risk_high,instance_00001,experiment variable,Risk
5887,codenames,Qwen3.6-35B-A3B-FP8-without-reasoning,risk_high,instance_00001,experiment name,risk_high
5888,codenames,Qwen3.6-35B-A3B-FP8-without-reasoning,risk_high,instance_00001,Cluegiver strip words,0
5889,codenames,Qwen3.6-35B-A3B-FP8-without-reasoning,risk_high,instance_00001,Guesser strip words,0
5890,codenames,Qwen3.6-35B-A3B-FP8-without-reasoning,risk_high,instance_00001,Average Cluegiver Number of Targets,1.571
5891,codenames,Qwen3.6-35B-A3B-FP8-without-reasoning,risk_high,instance_00001,Average Cluegiver Team Precision,0.929
5892,codenames,Qwen3.6-35B-A3B-FP8-without-reasoning,risk_high,instance_00001,Average Cluegiver Team Recall,0.316
5893,codenames,Qwen3.6-35B-A3B-FP8-without-reasoning,risk_high,instance_00001,Average Cluegiver Team F1,0.466
5894,codenames,Qwen3.6-35B-A3B-FP8-without-reasoning,risk_high,instance_00001,Average Guesser Number of Guesses,1.429
5895,codenames,Qwen3.6-35B-A3B-FP8-without-reasoning,risk_high,instance_00001,Average Guesser Number of Revealed Words,1.429
5896,codenames,Qwen3.6-35B-A3B-FP8-without-reasoning,risk_high,instance_00001,Average Guesser Number of Unrevealed Guesses,0
5897,codenames,Qwen3.6-35B-A3B-FP8-without-reasoning,risk_high,instance_00001,Average Guesser Target Precision,0.643
5898,codenames,Qwen3.6-35B-A3B-FP8-without-reasoning,risk_high,instance_00001,Average Guesser Target Recall,0.643
5899,codenames,Qwen3.6-35B-A3B-FP8-without-reasoning,risk_high,instance_00001,Average Guesser Target F1,0.643
5900,codenames,Qwen3.6-35B-A3B-FP8-without-reasoning,risk_high,instance_00001,Average Guesser Team Precision,0.571
5901,codenames,Qwen3.6-35B-A3B-FP8-without-reasoning,risk_high,instance_00001,Average Guesser Team Recall,0.181
5902,codenames,Qwen3.6-35B-A3B-FP8-without-reasoning,risk_high,instance_00001,Average Guesser Team F1,0.273
5903,codenames,Qwen3.6-35B-A3B-FP8-without-reasoning,risk_high,instance_00001,Aborted,0
5904,codenames,Qwen3.6-35B-A3B-FP8-without-reasoning,risk_high,instance_00001,Lose,1
5905,codenames,Qwen3.6-35B-A3B-FP8-without-reasoning,risk_high,instance_00001,Success,0
5906,codenames,Qwen3.6-35B-A3B-FP8-without-reasoning,risk_high,instance_00001,Game ended through assassin,0
5907,codenames,Qwen3.6-35B-A3B-FP8-without-reasoning,risk_high,instance_00001,Episode Recall,0.778
5908,codenames,Qwen3.6-35B-A3B-FP8-without-reasoning,risk_high,instance_00001,Episode Negative Recall,0.812
5909,codenames,Qwen3.6-35B-A3B-FP8-without-reasoning,risk_high,instance_00001,Number of turns,7
5910,codenames,Qwen3.6-35B-A3B-FP8-without-reasoning,risk_high,instance_00001,Efficiency,0.714
5911,codenames,Qwen3.6-35B-A3B-FP8-without-reasoning,risk_high,instance_00001,Request Count,13
5912,codenames,Qwen3.6-35B-A3B-FP8-without-reasoning,risk_high,instance_00001,Parsed Request Count,13
5913,codenames,Qwen3.6-35B-A3B-FP8-without-reasoning,risk_high,instance_00001,Violated Request Count,0
5914,codenames,Qwen3.6-35B-A3B-FP8-without-reasoning,risk_high,instance_00001,Request Success Ratio,1.0
5915,codenames,Qwen3.6-35B-A3B-FP8-without-reasoning,risk_high,instance_00001,Main Score,0
5916,codenames,Qwen3.6-35B-A3B-FP8-without-reasoning,risk_high,instance_00000,experiment variable,Risk
5917,codenames,Qwen3.6-35B-A3B-FP8-without-reasoning,risk_high,instance_00000,experiment name,risk_high
5918,codenames,Qwen3.6-35B-A3B-FP8-without-reasoning,risk_high,instance_00000,Cluegiver strip words,0
5919,codenames,Qwen3.6-35B-A3B-FP8-without-reasoning,risk_high,instance_00000,Guesser strip words,0
5920,codenames,Qwen3.6-35B-A3B-FP8-without-reasoning,risk_high,instance_00000,Average Cluegiver Number of Targets,3
5921,codenames,Qwen3.6-35B-A3B-FP8-without-reasoning,risk_high,instance_00000,Average Cluegiver Team Precision,1.0
5922,codenames,Qwen3.6-35B-A3B-FP8-without-reasoning,risk_high,instance_00000,Average Cluegiver Team Recall,0.344
5923,codenames,Qwen3.6-35B-A3B-FP8-without-reasoning,risk_high,instance_00000,Average Cluegiver Team F1,0.511
5924,codenames,Qwen3.6-35B-A3B-FP8-without-reasoning,risk_high,instance_00000,Average Guesser Number of Guesses,3
5925,codenames,Qwen3.6-35B-A3B-FP8-without-reasoning,risk_high,instance_00000,Average Guesser Number of Revealed Words,1.5
5926,codenames,Qwen3.6-35B-A3B-FP8-without-reasoning,risk_high,instance_00000,Average Guesser Number of Unrevealed Guesses,1.5
5927,codenames,Qwen3.6-35B-A3B-FP8-without-reasoning,risk_high,instance_00000,Average Guesser Target Precision,0.25
5928,codenames,Qwen3.6-35B-A3B-FP8-without-reasoning,risk_high,instance_00000,Average Guesser Target Recall,0.167
5929,codenames,Qwen3.6-35B-A3B-FP8-without-reasoning,risk_high,instance_00000,Average Guesser Target F1,0.2
5930,codenames,Qwen3.6-35B-A3B-FP8-without-reasoning,risk_high,instance_00000,Average Guesser Team Precision,0.25
5931,codenames,Qwen3.6-35B-A3B-FP8-without-reasoning,risk_high,instance_00000,Average Guesser Team Recall,0.059
5932,codenames,Qwen3.6-35B-A3B-FP8-without-reasoning,risk_high,instance_00000,Average Guesser Team F1,0.096
5933,codenames,Qwen3.6-35B-A3B-FP8-without-reasoning,risk_high,instance_00000,Aborted,0
5934,codenames,Qwen3.6-35B-A3B-FP8-without-reasoning,risk_high,instance_00000,Lose,1
5935,codenames,Qwen3.6-35B-A3B-FP8-without-reasoning,risk_high,instance_00000,Success,0
5936,codenames,Qwen3.6-35B-A3B-FP8-without-reasoning,risk_high,instance_00000,Game ended through assassin,1
5937,codenames,Qwen3.6-35B-A3B-FP8-without-reasoning,risk_high,instance_00000,Episode Recall,0.222
5938,codenames,Qwen3.6-35B-A3B-FP8-without-reasoning,risk_high,instance_00000,Episode Negative Recall,0.75
5939,codenames,Qwen3.6-35B-A3B-FP8-without-reasoning,risk_high,instance_00000,Number of turns,5
5940,codenames,Qwen3.6-35B-A3B-FP8-without-reasoning,risk_high,instance_00000,Efficiency,1
5941,codenames,Qwen3.6-35B-A3B-FP8-without-reasoning,risk_high,instance_00000,Request Count,8
5942,codenames,Qwen3.6-35B-A3B-FP8-without-reasoning,risk_high,instance_00000,Parsed Request Count,8
5943,codenames,Qwen3.6-35B-A3B-FP8-without-reasoning,risk_high,instance_00000,Violated Request Count,0
5944,codenames,Qwen3.6-35B-A3B-FP8-without-reasoning,risk_high,instance_00000,Request Success Ratio,1.0
5945,codenames,Qwen3.6-35B-A3B-FP8-without-reasoning,risk_high,instance_00000,Main Score,0
5946,codenames,Qwen3.6-35B-A3B-FP8-without-reasoning,opponent_easy,instance_00002,experiment variable,Opponent Difficulty
5947,codenames,Qwen3.6-35B-A3B-FP8-without-reasoning,opponent_easy,instance_00002,experiment name,opponent_easy
5948,codenames,Qwen3.6-35B-A3B-FP8-without-reasoning,opponent_easy,instance_00002,Cluegiver strip words,0
5949,codenames,Qwen3.6-35B-A3B-FP8-without-reasoning,opponent_easy,instance_00002,Guesser strip words,0
5950,codenames,Qwen3.6-35B-A3B-FP8-without-reasoning,opponent_easy,instance_00002,Average Cluegiver Number of Targets,2
5951,codenames,Qwen3.6-35B-A3B-FP8-without-reasoning,opponent_easy,instance_00002,Average Cluegiver Team Precision,0.945
5952,codenames,Qwen3.6-35B-A3B-FP8-without-reasoning,opponent_easy,instance_00002,Average Cluegiver Team Recall,0.35
5953,codenames,Qwen3.6-35B-A3B-FP8-without-reasoning,opponent_easy,instance_00002,Average Cluegiver Team F1,0.494
5954,codenames,Qwen3.6-35B-A3B-FP8-without-reasoning,opponent_easy,instance_00002,Average Guesser Number of Guesses,1.833
5955,codenames,Qwen3.6-35B-A3B-FP8-without-reasoning,opponent_easy,instance_00002,Average Guesser Number of Revealed Words,1.5
5956,codenames,Qwen3.6-35B-A3B-FP8-without-reasoning,opponent_easy,instance_00002,Average Guesser Number of Unrevealed Guesses,0.333
5957,codenames,Qwen3.6-35B-A3B-FP8-without-reasoning,opponent_easy,instance_00002,Average Guesser Target Precision,0.75
5958,codenames,Qwen3.6-35B-A3B-FP8-without-reasoning,opponent_easy,instance_00002,Average Guesser Target Recall,0.639
5959,codenames,Qwen3.6-35B-A3B-FP8-without-reasoning,opponent_easy,instance_00002,Average Guesser Target F1,0.678
5960,codenames,Qwen3.6-35B-A3B-FP8-without-reasoning,opponent_easy,instance_00002,Average Guesser Team Precision,0.695
5961,codenames,Qwen3.6-35B-A3B-FP8-without-reasoning,opponent_easy,instance_00002,Average Guesser Team Recall,0.164
5962,codenames,Qwen3.6-35B-A3B-FP8-without-reasoning,opponent_easy,instance_00002,Average Guesser Team F1,0.262
5963,codenames,Qwen3.6-35B-A3B-FP8-without-reasoning,opponent_easy,instance_00002,Aborted,0
5964,codenames,Qwen3.6-35B-A3B-FP8-without-reasoning,opponent_easy,instance_00002,Lose,1
5965,codenames,Qwen3.6-35B-A3B-FP8-without-reasoning,opponent_easy,instance_00002,Success,0
5966,codenames,Qwen3.6-35B-A3B-FP8-without-reasoning,opponent_easy,instance_00002,Game ended through assassin,0
5967,codenames,Qwen3.6-35B-A3B-FP8-without-reasoning,opponent_easy,instance_00002,Episode Recall,0.667
5968,codenames,Qwen3.6-35B-A3B-FP8-without-reasoning,opponent_easy,instance_00002,Episode Negative Recall,0.812
5969,codenames,Qwen3.6-35B-A3B-FP8-without-reasoning,opponent_easy,instance_00002,Number of turns,7
5970,codenames,Qwen3.6-35B-A3B-FP8-without-reasoning,opponent_easy,instance_00002,Efficiency,0.786
5971,codenames,Qwen3.6-35B-A3B-FP8-without-reasoning,opponent_easy,instance_00002,Request Count,12
5972,codenames,Qwen3.6-35B-A3B-FP8-without-reasoning,opponent_easy,instance_00002,Parsed Request Count,12
5973,codenames,Qwen3.6-35B-A3B-FP8-without-reasoning,opponent_easy,instance_00002,Violated Request Count,0
5974,codenames,Qwen3.6-35B-A3B-FP8-without-reasoning,opponent_easy,instance_00002,Request Success Ratio,1.0
5975,codenames,Qwen3.6-35B-A3B-FP8-without-reasoning,opponent_easy,instance_00002,Main Score,0
5976,codenames,Qwen3.6-35B-A3B-FP8-without-reasoning,opponent_easy,instance_00003,experiment variable,Opponent Difficulty
5977,codenames,Qwen3.6-35B-A3B-FP8-without-reasoning,opponent_easy,instance_00003,experiment name,opponent_easy
5978,codenames,Qwen3.6-35B-A3B-FP8-without-reasoning,opponent_easy,instance_00003,Cluegiver strip words,0
5979,codenames,Qwen3.6-35B-A3B-FP8-without-reasoning,opponent_easy,instance_00003,Guesser strip words,0
5980,codenames,Qwen3.6-35B-A3B-FP8-without-reasoning,opponent_easy,instance_00003,Average Cluegiver Number of Targets,2
5981,codenames,Qwen3.6-35B-A3B-FP8-without-reasoning,opponent_easy,instance_00003,Average Cluegiver Team Precision,0.958
5982,codenames,Qwen3.6-35B-A3B-FP8-without-reasoning,opponent_easy,instance_00003,Average Cluegiver Team Recall,0.54
5983,codenames,Qwen3.6-35B-A3B-FP8-without-reasoning,opponent_easy,instance_00003,Average Cluegiver Team F1,0.651
5984,codenames,Qwen3.6-35B-A3B-FP8-without-reasoning,opponent_easy,instance_00003,Average Guesser Number of Guesses,1.875
5985,codenames,Qwen3.6-35B-A3B-FP8-without-reasoning,opponent_easy,instance_00003,Average Guesser Number of Revealed Words,1.625
5986,codenames,Qwen3.6-35B-A3B-FP8-without-reasoning,opponent_easy,instance_00003,Average Guesser Number of Unrevealed Guesses,0.25
5987,codenames,Qwen3.6-35B-A3B-FP8-without-reasoning,opponent_easy,instance_00003,Average Guesser Target Precision,0.583
5988,codenames,Qwen3.6-35B-A3B-FP8-without-reasoning,opponent_easy,instance_00003,Average Guesser Target Recall,0.5
5989,codenames,Qwen3.6-35B-A3B-FP8-without-reasoning,opponent_easy,instance_00003,Average Guesser Target F1,0.521
5990,codenames,Qwen3.6-35B-A3B-FP8-without-reasoning,opponent_easy,instance_00003,Average Guesser Team Precision,0.458
5991,codenames,Qwen3.6-35B-A3B-FP8-without-reasoning,opponent_easy,instance_00003,Average Guesser Team Recall,0.201
5992,codenames,Qwen3.6-35B-A3B-FP8-without-reasoning,opponent_easy,instance_00003,Average Guesser Team F1,0.272
5993,codenames,Qwen3.6-35B-A3B-FP8-without-reasoning,opponent_easy,instance_00003,Aborted,0
5994,codenames,Qwen3.6-35B-A3B-FP8-without-reasoning,opponent_easy,instance_00003,Lose,1
5995,codenames,Qwen3.6-35B-A3B-FP8-without-reasoning,opponent_easy,instance_00003,Success,0
5996,codenames,Qwen3.6-35B-A3B-FP8-without-reasoning,opponent_easy,instance_00003,Game ended through assassin,0
5997,codenames,Qwen3.6-35B-A3B-FP8-without-reasoning,opponent_easy,instance_00003,Episode Recall,0.889
5998,codenames,Qwen3.6-35B-A3B-FP8-without-reasoning,opponent_easy,instance_00003,Episode Negative Recall,0.688
5999,codenames,Qwen3.6-35B-A3B-FP8-without-reasoning,opponent_easy,instance_00003,Number of turns,8
6000,codenames,Qwen3.6-35B-A3B-FP8-without-reasoning,opponent_easy,instance_00003,Efficiency,0.938
6001,codenames,Qwen3.6-35B-A3B-FP8-without-reasoning,opponent_easy,instance_00003,Request Count,15
6002,codenames,Qwen3.6-35B-A3B-FP8-without-reasoning,opponent_easy,instance_00003,Parsed Request Count,15
6003,codenames,Qwen3.6-35B-A3B-FP8-without-reasoning,opponent_easy,instance_00003,Violated Request Count,0
6004,codenames,Qwen3.6-35B-A3B-FP8-without-reasoning,opponent_easy,instance_00003,Request Success Ratio,1.0
6005,codenames,Qwen3.6-35B-A3B-FP8-without-reasoning,opponent_easy,instance_00003,Main Score,0
6006,codenames,Qwen3.6-35B-A3B-FP8-without-reasoning,opponent_easy,instance_00004,experiment variable,Opponent Difficulty
6007,codenames,Qwen3.6-35B-A3B-FP8-without-reasoning,opponent_easy,instance_00004,experiment name,opponent_easy
6008,codenames,Qwen3.6-35B-A3B-FP8-without-reasoning,opponent_easy,instance_00004,Cluegiver strip words,0
6009,codenames,Qwen3.6-35B-A3B-FP8-without-reasoning,opponent_easy,instance_00004,Guesser strip words,0
6010,codenames,Qwen3.6-35B-A3B-FP8-without-reasoning,opponent_easy,instance_00004,Average Cluegiver Number of Targets,1.333
6011,codenames,Qwen3.6-35B-A3B-FP8-without-reasoning,opponent_easy,instance_00004,Average Cluegiver Team Precision,0.667
6012,codenames,Qwen3.6-35B-A3B-FP8-without-reasoning,opponent_easy,instance_00004,Average Cluegiver Team Recall,0.169
6013,codenames,Qwen3.6-35B-A3B-FP8-without-reasoning,opponent_easy,instance_00004,Average Cluegiver Team F1,0.269
6014,codenames,Qwen3.6-35B-A3B-FP8-without-reasoning,opponent_easy,instance_00004,Average Guesser Number of Guesses,1.333
6015,codenames,Qwen3.6-35B-A3B-FP8-without-reasoning,opponent_easy,instance_00004,Average Guesser Number of Revealed Words,1
6016,codenames,Qwen3.6-35B-A3B-FP8-without-reasoning,opponent_easy,instance_00004,Average Guesser Number of Unrevealed Guesses,0.333
6017,codenames,Qwen3.6-35B-A3B-FP8-without-reasoning,opponent_easy,instance_00004,Average Guesser Target Precision,0.167
6018,codenames,Qwen3.6-35B-A3B-FP8-without-reasoning,opponent_easy,instance_00004,Average Guesser Target Recall,0.167
6019,codenames,Qwen3.6-35B-A3B-FP8-without-reasoning,opponent_easy,instance_00004,Average Guesser Target F1,0.167
6020,codenames,Qwen3.6-35B-A3B-FP8-without-reasoning,opponent_easy,instance_00004,Average Guesser Team Precision,0.333
6021,codenames,Qwen3.6-35B-A3B-FP8-without-reasoning,opponent_easy,instance_00004,Average Guesser Team Recall,0.074
6022,codenames,Qwen3.6-35B-A3B-FP8-without-reasoning,opponent_easy,instance_00004,Average Guesser Team F1,0.121
6023,codenames,Qwen3.6-35B-A3B-FP8-without-reasoning,opponent_easy,instance_00004,Aborted,1
6024,codenames,Qwen3.6-35B-A3B-FP8-without-reasoning,opponent_easy,instance_00004,Lose,0
6025,codenames,Qwen3.6-35B-A3B-FP8-without-reasoning,opponent_easy,instance_00004,Success,0
6026,codenames,Qwen3.6-35B-A3B-FP8-without-reasoning,opponent_easy,instance_00004,Game ended through assassin,0
6027,codenames,Qwen3.6-35B-A3B-FP8-without-reasoning,opponent_easy,instance_00004,Episode Recall,0.222
6028,codenames,Qwen3.6-35B-A3B-FP8-without-reasoning,opponent_easy,instance_00004,Episode Negative Recall,0.938
6029,codenames,Qwen3.6-35B-A3B-FP8-without-reasoning,opponent_easy,instance_00004,Number of turns,3
6030,codenames,Qwen3.6-35B-A3B-FP8-without-reasoning,opponent_easy,instance_00004,Efficiency,0.667
6031,codenames,Qwen3.6-35B-A3B-FP8-without-reasoning,opponent_easy,instance_00004,Request Count,5
6032,codenames,Qwen3.6-35B-A3B-FP8-without-reasoning,opponent_easy,instance_00004,Parsed Request Count,4
6033,codenames,Qwen3.6-35B-A3B-FP8-without-reasoning,opponent_easy,instance_00004,Violated Request Count,1
6034,codenames,Qwen3.6-35B-A3B-FP8-without-reasoning,opponent_easy,instance_00004,Request Success Ratio,0.8
6035,codenames,Qwen3.6-35B-A3B-FP8-without-reasoning,opponent_easy,instance_00004,Main Score,
6036,codenames,Qwen3.6-35B-A3B-FP8-without-reasoning,opponent_easy,instance_00001,experiment variable,Opponent Difficulty
6037,codenames,Qwen3.6-35B-A3B-FP8-without-reasoning,opponent_easy,instance_00001,experiment name,opponent_easy
6038,codenames,Qwen3.6-35B-A3B-FP8-without-reasoning,opponent_easy,instance_00001,Cluegiver strip words,0
6039,codenames,Qwen3.6-35B-A3B-FP8-without-reasoning,opponent_easy,instance_00001,Guesser strip words,0
6040,codenames,Qwen3.6-35B-A3B-FP8-without-reasoning,opponent_easy,instance_00001,Average Cluegiver Number of Targets,3
6041,codenames,Qwen3.6-35B-A3B-FP8-without-reasoning,opponent_easy,instance_00001,Average Cluegiver Team Precision,1.0
6042,codenames,Qwen3.6-35B-A3B-FP8-without-reasoning,opponent_easy,instance_00001,Average Cluegiver Team Recall,0.397
6043,codenames,Qwen3.6-35B-A3B-FP8-without-reasoning,opponent_easy,instance_00001,Average Cluegiver Team F1,0.56
6044,codenames,Qwen3.6-35B-A3B-FP8-without-reasoning,opponent_easy,instance_00001,Average Guesser Number of Guesses,3
6045,codenames,Qwen3.6-35B-A3B-FP8-without-reasoning,opponent_easy,instance_00001,Average Guesser Number of Revealed Words,1.8
6046,codenames,Qwen3.6-35B-A3B-FP8-without-reasoning,opponent_easy,instance_00001,Average Guesser Number of Unrevealed Guesses,1.2
6047,codenames,Qwen3.6-35B-A3B-FP8-without-reasoning,opponent_easy,instance_00001,Average Guesser Target Precision,0.5
6048,codenames,Qwen3.6-35B-A3B-FP8-without-reasoning,opponent_easy,instance_00001,Average Guesser Target Recall,0.44
6049,codenames,Qwen3.6-35B-A3B-FP8-without-reasoning,opponent_easy,instance_00001,Average Guesser Target F1,0.457
6050,codenames,Qwen3.6-35B-A3B-FP8-without-reasoning,opponent_easy,instance_00001,Average Guesser Team Precision,0.5
6051,codenames,Qwen3.6-35B-A3B-FP8-without-reasoning,opponent_easy,instance_00001,Average Guesser Team Recall,0.146
6052,codenames,Qwen3.6-35B-A3B-FP8-without-reasoning,opponent_easy,instance_00001,Average Guesser Team F1,0.224
6053,codenames,Qwen3.6-35B-A3B-FP8-without-reasoning,opponent_easy,instance_00001,Aborted,0
6054,codenames,Qwen3.6-35B-A3B-FP8-without-reasoning,opponent_easy,instance_00001,Lose,1
6055,codenames,Qwen3.6-35B-A3B-FP8-without-reasoning,opponent_easy,instance_00001,Success,0
6056,codenames,Qwen3.6-35B-A3B-FP8-without-reasoning,opponent_easy,instance_00001,Game ended through assassin,1
6057,codenames,Qwen3.6-35B-A3B-FP8-without-reasoning,opponent_easy,instance_00001,Episode Recall,0.556
6058,codenames,Qwen3.6-35B-A3B-FP8-without-reasoning,opponent_easy,instance_00001,Episode Negative Recall,0.75
6059,codenames,Qwen3.6-35B-A3B-FP8-without-reasoning,opponent_easy,instance_00001,Number of turns,6
6060,codenames,Qwen3.6-35B-A3B-FP8-without-reasoning,opponent_easy,instance_00001,Efficiency,1
6061,codenames,Qwen3.6-35B-A3B-FP8-without-reasoning,opponent_easy,instance_00001,Request Count,10
6062,codenames,Qwen3.6-35B-A3B-FP8-without-reasoning,opponent_easy,instance_00001,Parsed Request Count,10
6063,codenames,Qwen3.6-35B-A3B-FP8-without-reasoning,opponent_easy,instance_00001,Violated Request Count,0
6064,codenames,Qwen3.6-35B-A3B-FP8-without-reasoning,opponent_easy,instance_00001,Request Success Ratio,1.0
6065,codenames,Qwen3.6-35B-A3B-FP8-without-reasoning,opponent_easy,instance_00001,Main Score,0
6066,codenames,Qwen3.6-35B-A3B-FP8-without-reasoning,opponent_easy,instance_00000,experiment variable,Opponent Difficulty
6067,codenames,Qwen3.6-35B-A3B-FP8-without-reasoning,opponent_easy,instance_00000,experiment name,opponent_easy
6068,codenames,Qwen3.6-35B-A3B-FP8-without-reasoning,opponent_easy,instance_00000,Cluegiver strip words,0
6069,codenames,Qwen3.6-35B-A3B-FP8-without-reasoning,opponent_easy,instance_00000,Guesser strip words,0
6070,codenames,Qwen3.6-35B-A3B-FP8-without-reasoning,opponent_easy,instance_00000,Average Cluegiver Number of Targets,2.375
6071,codenames,Qwen3.6-35B-A3B-FP8-without-reasoning,opponent_easy,instance_00000,Average Cluegiver Team Precision,1.0
6072,codenames,Qwen3.6-35B-A3B-FP8-without-reasoning,opponent_easy,instance_00000,Average Cluegiver Team Recall,0.529
6073,codenames,Qwen3.6-35B-A3B-FP8-without-reasoning,opponent_easy,instance_00000,Average Cluegiver Team F1,0.647
6074,codenames,Qwen3.6-35B-A3B-FP8-without-reasoning,opponent_easy,instance_00000,Average Guesser Number of Guesses,2.25
6075,codenames,Qwen3.6-35B-A3B-FP8-without-reasoning,opponent_easy,instance_00000,Average Guesser Number of Revealed Words,1.625
6076,codenames,Qwen3.6-35B-A3B-FP8-without-reasoning,opponent_easy,instance_00000,Average Guesser Number of Unrevealed Guesses,0.625
6077,codenames,Qwen3.6-35B-A3B-FP8-without-reasoning,opponent_easy,instance_00000,Average Guesser Target Precision,0.438
6078,codenames,Qwen3.6-35B-A3B-FP8-without-reasoning,opponent_easy,instance_00000,Average Guesser Target Recall,0.438
6079,codenames,Qwen3.6-35B-A3B-FP8-without-reasoning,opponent_easy,instance_00000,Average Guesser Target F1,0.438
6080,codenames,Qwen3.6-35B-A3B-FP8-without-reasoning,opponent_easy,instance_00000,Average Guesser Team Precision,0.438
6081,codenames,Qwen3.6-35B-A3B-FP8-without-reasoning,opponent_easy,instance_00000,Average Guesser Team Recall,0.203
6082,codenames,Qwen3.6-35B-A3B-FP8-without-reasoning,opponent_easy,instance_00000,Average Guesser Team F1,0.26
6083,codenames,Qwen3.6-35B-A3B-FP8-without-reasoning,opponent_easy,instance_00000,Aborted,0
6084,codenames,Qwen3.6-35B-A3B-FP8-without-reasoning,opponent_easy,instance_00000,Lose,1
6085,codenames,Qwen3.6-35B-A3B-FP8-without-reasoning,opponent_easy,instance_00000,Success,0
6086,codenames,Qwen3.6-35B-A3B-FP8-without-reasoning,opponent_easy,instance_00000,Game ended through assassin,0
6087,codenames,Qwen3.6-35B-A3B-FP8-without-reasoning,opponent_easy,instance_00000,Episode Recall,0.889
6088,codenames,Qwen3.6-35B-A3B-FP8-without-reasoning,opponent_easy,instance_00000,Episode Negative Recall,0.688
6089,codenames,Qwen3.6-35B-A3B-FP8-without-reasoning,opponent_easy,instance_00000,Number of turns,8
6090,codenames,Qwen3.6-35B-A3B-FP8-without-reasoning,opponent_easy,instance_00000,Efficiency,1
6091,codenames,Qwen3.6-35B-A3B-FP8-without-reasoning,opponent_easy,instance_00000,Request Count,15
6092,codenames,Qwen3.6-35B-A3B-FP8-without-reasoning,opponent_easy,instance_00000,Parsed Request Count,15
6093,codenames,Qwen3.6-35B-A3B-FP8-without-reasoning,opponent_easy,instance_00000,Violated Request Count,0
6094,codenames,Qwen3.6-35B-A3B-FP8-without-reasoning,opponent_easy,instance_00000,Request Success Ratio,1.0
6095,codenames,Qwen3.6-35B-A3B-FP8-without-reasoning,opponent_easy,instance_00000,Main Score,0
6096,codenames,Qwen3.6-35B-A3B-FP8-without-reasoning,association_difficult,instance_00002,experiment variable,Word Assignments
6097,codenames,Qwen3.6-35B-A3B-FP8-without-reasoning,association_difficult,instance_00002,experiment name,association_difficult
6098,codenames,Qwen3.6-35B-A3B-FP8-without-reasoning,association_difficult,instance_00002,Cluegiver strip words,0
6099,codenames,Qwen3.6-35B-A3B-FP8-without-reasoning,association_difficult,instance_00002,Guesser strip words,0
6100,codenames,Qwen3.6-35B-A3B-FP8-without-reasoning,association_difficult,instance_00002,Average Cluegiver Number of Targets,1.75
6101,codenames,Qwen3.6-35B-A3B-FP8-without-reasoning,association_difficult,instance_00002,Average Cluegiver Team Precision,0.542
6102,codenames,Qwen3.6-35B-A3B-FP8-without-reasoning,association_difficult,instance_00002,Average Cluegiver Team Recall,0.139
6103,codenames,Qwen3.6-35B-A3B-FP8-without-reasoning,association_difficult,instance_00002,Average Cluegiver Team F1,0.22
6104,codenames,Qwen3.6-35B-A3B-FP8-without-reasoning,association_difficult,instance_00002,Average Guesser Number of Guesses,1.75
6105,codenames,Qwen3.6-35B-A3B-FP8-without-reasoning,association_difficult,instance_00002,Average Guesser Number of Revealed Words,0.75
6106,codenames,Qwen3.6-35B-A3B-FP8-without-reasoning,association_difficult,instance_00002,Average Guesser Number of Unrevealed Guesses,1
6107,codenames,Qwen3.6-35B-A3B-FP8-without-reasoning,association_difficult,instance_00002,Average Guesser Target Precision,0.25
6108,codenames,Qwen3.6-35B-A3B-FP8-without-reasoning,association_difficult,instance_00002,Average Guesser Target Recall,0.083
6109,codenames,Qwen3.6-35B-A3B-FP8-without-reasoning,association_difficult,instance_00002,Average Guesser Target F1,0.125
6110,codenames,Qwen3.6-35B-A3B-FP8-without-reasoning,association_difficult,instance_00002,Average Guesser Team Precision,0.0
6111,codenames,Qwen3.6-35B-A3B-FP8-without-reasoning,association_difficult,instance_00002,Average Guesser Team Recall,0.0
6112,codenames,Qwen3.6-35B-A3B-FP8-without-reasoning,association_difficult,instance_00002,Average Guesser Team F1,0
6113,codenames,Qwen3.6-35B-A3B-FP8-without-reasoning,association_difficult,instance_00002,Aborted,1
6114,codenames,Qwen3.6-35B-A3B-FP8-without-reasoning,association_difficult,instance_00002,Lose,0
6115,codenames,Qwen3.6-35B-A3B-FP8-without-reasoning,association_difficult,instance_00002,Success,0
6116,codenames,Qwen3.6-35B-A3B-FP8-without-reasoning,association_difficult,instance_00002,Game ended through assassin,0
6117,codenames,Qwen3.6-35B-A3B-FP8-without-reasoning,association_difficult,instance_00002,Episode Recall,0.0
6118,codenames,Qwen3.6-35B-A3B-FP8-without-reasoning,association_difficult,instance_00002,Episode Negative Recall,0.812
6119,codenames,Qwen3.6-35B-A3B-FP8-without-reasoning,association_difficult,instance_00002,Number of turns,4
6120,codenames,Qwen3.6-35B-A3B-FP8-without-reasoning,association_difficult,instance_00002,Efficiency,0.875
6121,codenames,Qwen3.6-35B-A3B-FP8-without-reasoning,association_difficult,instance_00002,Request Count,7
6122,codenames,Qwen3.6-35B-A3B-FP8-without-reasoning,association_difficult,instance_00002,Parsed Request Count,6
6123,codenames,Qwen3.6-35B-A3B-FP8-without-reasoning,association_difficult,instance_00002,Violated Request Count,1
6124,codenames,Qwen3.6-35B-A3B-FP8-without-reasoning,association_difficult,instance_00002,Request Success Ratio,0.857
6125,codenames,Qwen3.6-35B-A3B-FP8-without-reasoning,association_difficult,instance_00002,Main Score,
6126,codenames,Qwen3.6-35B-A3B-FP8-without-reasoning,association_difficult,instance_00003,experiment variable,Word Assignments
6127,codenames,Qwen3.6-35B-A3B-FP8-without-reasoning,association_difficult,instance_00003,experiment name,association_difficult
6128,codenames,Qwen3.6-35B-A3B-FP8-without-reasoning,association_difficult,instance_00003,Cluegiver strip words,0
6129,codenames,Qwen3.6-35B-A3B-FP8-without-reasoning,association_difficult,instance_00003,Guesser strip words,0
6130,codenames,Qwen3.6-35B-A3B-FP8-without-reasoning,association_difficult,instance_00003,Average Cluegiver Number of Targets,1.5
6131,codenames,Qwen3.6-35B-A3B-FP8-without-reasoning,association_difficult,instance_00003,Average Cluegiver Team Precision,1.0
6132,codenames,Qwen3.6-35B-A3B-FP8-without-reasoning,association_difficult,instance_00003,Average Cluegiver Team Recall,0.224
6133,codenames,Qwen3.6-35B-A3B-FP8-without-reasoning,association_difficult,instance_00003,Average Cluegiver Team F1,0.361
6134,codenames,Qwen3.6-35B-A3B-FP8-without-reasoning,association_difficult,instance_00003,Average Guesser Number of Guesses,1.333
6135,codenames,Qwen3.6-35B-A3B-FP8-without-reasoning,association_difficult,instance_00003,Average Guesser Number of Revealed Words,1.167
6136,codenames,Qwen3.6-35B-A3B-FP8-without-reasoning,association_difficult,instance_00003,Average Guesser Number of Unrevealed Guesses,0.167
6137,codenames,Qwen3.6-35B-A3B-FP8-without-reasoning,association_difficult,instance_00003,Average Guesser Target Precision,0.25
6138,codenames,Qwen3.6-35B-A3B-FP8-without-reasoning,association_difficult,instance_00003,Average Guesser Target Recall,0.25
6139,codenames,Qwen3.6-35B-A3B-FP8-without-reasoning,association_difficult,instance_00003,Average Guesser Target F1,0.25
6140,codenames,Qwen3.6-35B-A3B-FP8-without-reasoning,association_difficult,instance_00003,Average Guesser Team Precision,0.25
6141,codenames,Qwen3.6-35B-A3B-FP8-without-reasoning,association_difficult,instance_00003,Average Guesser Team Recall,0.061
6142,codenames,Qwen3.6-35B-A3B-FP8-without-reasoning,association_difficult,instance_00003,Average Guesser Team F1,0.098
6143,codenames,Qwen3.6-35B-A3B-FP8-without-reasoning,association_difficult,instance_00003,Aborted,0
6144,codenames,Qwen3.6-35B-A3B-FP8-without-reasoning,association_difficult,instance_00003,Lose,1
6145,codenames,Qwen3.6-35B-A3B-FP8-without-reasoning,association_difficult,instance_00003,Success,0
6146,codenames,Qwen3.6-35B-A3B-FP8-without-reasoning,association_difficult,instance_00003,Game ended through assassin,0
6147,codenames,Qwen3.6-35B-A3B-FP8-without-reasoning,association_difficult,instance_00003,Episode Recall,0.333
6148,codenames,Qwen3.6-35B-A3B-FP8-without-reasoning,association_difficult,instance_00003,Episode Negative Recall,0.75
6149,codenames,Qwen3.6-35B-A3B-FP8-without-reasoning,association_difficult,instance_00003,Number of turns,6
6150,codenames,Qwen3.6-35B-A3B-FP8-without-reasoning,association_difficult,instance_00003,Efficiency,0.667
6151,codenames,Qwen3.6-35B-A3B-FP8-without-reasoning,association_difficult,instance_00003,Request Count,11
6152,codenames,Qwen3.6-35B-A3B-FP8-without-reasoning,association_difficult,instance_00003,Parsed Request Count,11
6153,codenames,Qwen3.6-35B-A3B-FP8-without-reasoning,association_difficult,instance_00003,Violated Request Count,0
6154,codenames,Qwen3.6-35B-A3B-FP8-without-reasoning,association_difficult,instance_00003,Request Success Ratio,1.0
6155,codenames,Qwen3.6-35B-A3B-FP8-without-reasoning,association_difficult,instance_00003,Main Score,0
6156,codenames,Qwen3.6-35B-A3B-FP8-without-reasoning,association_difficult,instance_00004,experiment variable,Word Assignments
6157,codenames,Qwen3.6-35B-A3B-FP8-without-reasoning,association_difficult,instance_00004,experiment name,association_difficult
6158,codenames,Qwen3.6-35B-A3B-FP8-without-reasoning,association_difficult,instance_00004,Cluegiver strip words,0
6159,codenames,Qwen3.6-35B-A3B-FP8-without-reasoning,association_difficult,instance_00004,Guesser strip words,0
6160,codenames,Qwen3.6-35B-A3B-FP8-without-reasoning,association_difficult,instance_00004,Average Cluegiver Number of Targets,2
6161,codenames,Qwen3.6-35B-A3B-FP8-without-reasoning,association_difficult,instance_00004,Average Cluegiver Team Precision,0.25
6162,codenames,Qwen3.6-35B-A3B-FP8-without-reasoning,association_difficult,instance_00004,Average Cluegiver Team Recall,0.111
6163,codenames,Qwen3.6-35B-A3B-FP8-without-reasoning,association_difficult,instance_00004,Average Cluegiver Team F1,0.154
6164,codenames,Qwen3.6-35B-A3B-FP8-without-reasoning,association_difficult,instance_00004,Average Guesser Number of Guesses,2
6165,codenames,Qwen3.6-35B-A3B-FP8-without-reasoning,association_difficult,instance_00004,Average Guesser Number of Revealed Words,1.5
6166,codenames,Qwen3.6-35B-A3B-FP8-without-reasoning,association_difficult,instance_00004,Average Guesser Number of Unrevealed Guesses,0.5
6167,codenames,Qwen3.6-35B-A3B-FP8-without-reasoning,association_difficult,instance_00004,Average Guesser Target Precision,0.5
6168,codenames,Qwen3.6-35B-A3B-FP8-without-reasoning,association_difficult,instance_00004,Average Guesser Target Recall,0.375
6169,codenames,Qwen3.6-35B-A3B-FP8-without-reasoning,association_difficult,instance_00004,Average Guesser Target F1,0.428
6170,codenames,Qwen3.6-35B-A3B-FP8-without-reasoning,association_difficult,instance_00004,Average Guesser Team Precision,0.334
6171,codenames,Qwen3.6-35B-A3B-FP8-without-reasoning,association_difficult,instance_00004,Average Guesser Team Recall,0.111
6172,codenames,Qwen3.6-35B-A3B-FP8-without-reasoning,association_difficult,instance_00004,Average Guesser Team F1,0.167
6173,codenames,Qwen3.6-35B-A3B-FP8-without-reasoning,association_difficult,instance_00004,Aborted,1
6174,codenames,Qwen3.6-35B-A3B-FP8-without-reasoning,association_difficult,instance_00004,Lose,0
6175,codenames,Qwen3.6-35B-A3B-FP8-without-reasoning,association_difficult,instance_00004,Success,0
6176,codenames,Qwen3.6-35B-A3B-FP8-without-reasoning,association_difficult,instance_00004,Game ended through assassin,0
6177,codenames,Qwen3.6-35B-A3B-FP8-without-reasoning,association_difficult,instance_00004,Episode Recall,0.222
6178,codenames,Qwen3.6-35B-A3B-FP8-without-reasoning,association_difficult,instance_00004,Episode Negative Recall,0.938
6179,codenames,Qwen3.6-35B-A3B-FP8-without-reasoning,association_difficult,instance_00004,Number of turns,2
6180,codenames,Qwen3.6-35B-A3B-FP8-without-reasoning,association_difficult,instance_00004,Efficiency,1.0
6181,codenames,Qwen3.6-35B-A3B-FP8-without-reasoning,association_difficult,instance_00004,Request Count,3
6182,codenames,Qwen3.6-35B-A3B-FP8-without-reasoning,association_difficult,instance_00004,Parsed Request Count,2
6183,codenames,Qwen3.6-35B-A3B-FP8-without-reasoning,association_difficult,instance_00004,Violated Request Count,1
6184,codenames,Qwen3.6-35B-A3B-FP8-without-reasoning,association_difficult,instance_00004,Request Success Ratio,0.667
6185,codenames,Qwen3.6-35B-A3B-FP8-without-reasoning,association_difficult,instance_00004,Main Score,
6186,codenames,Qwen3.6-35B-A3B-FP8-without-reasoning,association_difficult,instance_00001,experiment variable,Word Assignments
6187,codenames,Qwen3.6-35B-A3B-FP8-without-reasoning,association_difficult,instance_00001,experiment name,association_difficult
6188,codenames,Qwen3.6-35B-A3B-FP8-without-reasoning,association_difficult,instance_00001,Cluegiver strip words,0
6189,codenames,Qwen3.6-35B-A3B-FP8-without-reasoning,association_difficult,instance_00001,Guesser strip words,0
6190,codenames,Qwen3.6-35B-A3B-FP8-without-reasoning,association_difficult,instance_00001,Average Cluegiver Number of Targets,2.5
6191,codenames,Qwen3.6-35B-A3B-FP8-without-reasoning,association_difficult,instance_00001,Average Cluegiver Team Precision,1.0
6192,codenames,Qwen3.6-35B-A3B-FP8-without-reasoning,association_difficult,instance_00001,Average Cluegiver Team Recall,0.365
6193,codenames,Qwen3.6-35B-A3B-FP8-without-reasoning,association_difficult,instance_00001,Average Cluegiver Team F1,0.507
6194,codenames,Qwen3.6-35B-A3B-FP8-without-reasoning,association_difficult,instance_00001,Average Guesser Number of Guesses,2
6195,codenames,Qwen3.6-35B-A3B-FP8-without-reasoning,association_difficult,instance_00001,Average Guesser Number of Revealed Words,1.333
6196,codenames,Qwen3.6-35B-A3B-FP8-without-reasoning,association_difficult,instance_00001,Average Guesser Number of Unrevealed Guesses,0.667
6197,codenames,Qwen3.6-35B-A3B-FP8-without-reasoning,association_difficult,instance_00001,Average Guesser Target Precision,0.417
6198,codenames,Qwen3.6-35B-A3B-FP8-without-reasoning,association_difficult,instance_00001,Average Guesser Target Recall,0.417
6199,codenames,Qwen3.6-35B-A3B-FP8-without-reasoning,association_difficult,instance_00001,Average Guesser Target F1,0.417
6200,codenames,Qwen3.6-35B-A3B-FP8-without-reasoning,association_difficult,instance_00001,Average Guesser Team Precision,0.417
6201,codenames,Qwen3.6-35B-A3B-FP8-without-reasoning,association_difficult,instance_00001,Average Guesser Team Recall,0.111
6202,codenames,Qwen3.6-35B-A3B-FP8-without-reasoning,association_difficult,instance_00001,Average Guesser Team F1,0.167
6203,codenames,Qwen3.6-35B-A3B-FP8-without-reasoning,association_difficult,instance_00001,Aborted,0
6204,codenames,Qwen3.6-35B-A3B-FP8-without-reasoning,association_difficult,instance_00001,Lose,1
6205,codenames,Qwen3.6-35B-A3B-FP8-without-reasoning,association_difficult,instance_00001,Success,0
6206,codenames,Qwen3.6-35B-A3B-FP8-without-reasoning,association_difficult,instance_00001,Game ended through assassin,0
6207,codenames,Qwen3.6-35B-A3B-FP8-without-reasoning,association_difficult,instance_00001,Episode Recall,0.556
6208,codenames,Qwen3.6-35B-A3B-FP8-without-reasoning,association_difficult,instance_00001,Episode Negative Recall,0.812
6209,codenames,Qwen3.6-35B-A3B-FP8-without-reasoning,association_difficult,instance_00001,Number of turns,6
6210,codenames,Qwen3.6-35B-A3B-FP8-without-reasoning,association_difficult,instance_00001,Efficiency,1.0
6211,codenames,Qwen3.6-35B-A3B-FP8-without-reasoning,association_difficult,instance_00001,Request Count,11
6212,codenames,Qwen3.6-35B-A3B-FP8-without-reasoning,association_difficult,instance_00001,Parsed Request Count,11
6213,codenames,Qwen3.6-35B-A3B-FP8-without-reasoning,association_difficult,instance_00001,Violated Request Count,0
6214,codenames,Qwen3.6-35B-A3B-FP8-without-reasoning,association_difficult,instance_00001,Request Success Ratio,1.0
6215,codenames,Qwen3.6-35B-A3B-FP8-without-reasoning,association_difficult,instance_00001,Main Score,0
6216,codenames,Qwen3.6-35B-A3B-FP8-without-reasoning,association_difficult,instance_00000,experiment variable,Word Assignments
6217,codenames,Qwen3.6-35B-A3B-FP8-without-reasoning,association_difficult,instance_00000,experiment name,association_difficult
6218,codenames,Qwen3.6-35B-A3B-FP8-without-reasoning,association_difficult,instance_00000,Cluegiver strip words,0
6219,codenames,Qwen3.6-35B-A3B-FP8-without-reasoning,association_difficult,instance_00000,Guesser strip words,0
6220,codenames,Qwen3.6-35B-A3B-FP8-without-reasoning,association_difficult,instance_00000,Average Cluegiver Number of Targets,1.714
6221,codenames,Qwen3.6-35B-A3B-FP8-without-reasoning,association_difficult,instance_00000,Average Cluegiver Team Precision,1.0
6222,codenames,Qwen3.6-35B-A3B-FP8-without-reasoning,association_difficult,instance_00000,Average Cluegiver Team Recall,0.293
6223,codenames,Qwen3.6-35B-A3B-FP8-without-reasoning,association_difficult,instance_00000,Average Cluegiver Team F1,0.44
6224,codenames,Qwen3.6-35B-A3B-FP8-without-reasoning,association_difficult,instance_00000,Average Guesser Number of Guesses,1.286
6225,codenames,Qwen3.6-35B-A3B-FP8-without-reasoning,association_difficult,instance_00000,Average Guesser Number of Revealed Words,1
6226,codenames,Qwen3.6-35B-A3B-FP8-without-reasoning,association_difficult,instance_00000,Average Guesser Number of Unrevealed Guesses,0.286
6227,codenames,Qwen3.6-35B-A3B-FP8-without-reasoning,association_difficult,instance_00000,Average Guesser Target Precision,0.571
6228,codenames,Qwen3.6-35B-A3B-FP8-without-reasoning,association_difficult,instance_00000,Average Guesser Target Recall,0.5
6229,codenames,Qwen3.6-35B-A3B-FP8-without-reasoning,association_difficult,instance_00000,Average Guesser Target F1,0.524
6230,codenames,Qwen3.6-35B-A3B-FP8-without-reasoning,association_difficult,instance_00000,Average Guesser Team Precision,0.571
6231,codenames,Qwen3.6-35B-A3B-FP8-without-reasoning,association_difficult,instance_00000,Average Guesser Team Recall,0.105
6232,codenames,Qwen3.6-35B-A3B-FP8-without-reasoning,association_difficult,instance_00000,Average Guesser Team F1,0.176
6233,codenames,Qwen3.6-35B-A3B-FP8-without-reasoning,association_difficult,instance_00000,Aborted,0
6234,codenames,Qwen3.6-35B-A3B-FP8-without-reasoning,association_difficult,instance_00000,Lose,1
6235,codenames,Qwen3.6-35B-A3B-FP8-without-reasoning,association_difficult,instance_00000,Success,0
6236,codenames,Qwen3.6-35B-A3B-FP8-without-reasoning,association_difficult,instance_00000,Game ended through assassin,0
6237,codenames,Qwen3.6-35B-A3B-FP8-without-reasoning,association_difficult,instance_00000,Episode Recall,0.556
6238,codenames,Qwen3.6-35B-A3B-FP8-without-reasoning,association_difficult,instance_00000,Episode Negative Recall,0.875
6239,codenames,Qwen3.6-35B-A3B-FP8-without-reasoning,association_difficult,instance_00000,Number of turns,7
6240,codenames,Qwen3.6-35B-A3B-FP8-without-reasoning,association_difficult,instance_00000,Efficiency,0.643
6241,codenames,Qwen3.6-35B-A3B-FP8-without-reasoning,association_difficult,instance_00000,Request Count,13
6242,codenames,Qwen3.6-35B-A3B-FP8-without-reasoning,association_difficult,instance_00000,Parsed Request Count,13
6243,codenames,Qwen3.6-35B-A3B-FP8-without-reasoning,association_difficult,instance_00000,Violated Request Count,0
6244,codenames,Qwen3.6-35B-A3B-FP8-without-reasoning,association_difficult,instance_00000,Request Success Ratio,1.0
6245,codenames,Qwen3.6-35B-A3B-FP8-without-reasoning,association_difficult,instance_00000,Main Score,0
6246,codenames,Qwen3.6-35B-A3B-FP8-without-reasoning,association_easy,instance_00002,experiment variable,Word Assignments
6247,codenames,Qwen3.6-35B-A3B-FP8-without-reasoning,association_easy,instance_00002,experiment name,association_easy
6248,codenames,Qwen3.6-35B-A3B-FP8-without-reasoning,association_easy,instance_00002,Cluegiver strip words,0
6249,codenames,Qwen3.6-35B-A3B-FP8-without-reasoning,association_easy,instance_00002,Guesser strip words,0
6250,codenames,Qwen3.6-35B-A3B-FP8-without-reasoning,association_easy,instance_00002,Average Cluegiver Number of Targets,2.25
6251,codenames,Qwen3.6-35B-A3B-FP8-without-reasoning,association_easy,instance_00002,Average Cluegiver Team Precision,1.0
6252,codenames,Qwen3.6-35B-A3B-FP8-without-reasoning,association_easy,instance_00002,Average Cluegiver Team Recall,0.628
6253,codenames,Qwen3.6-35B-A3B-FP8-without-reasoning,association_easy,instance_00002,Average Cluegiver Team F1,0.746
6254,codenames,Qwen3.6-35B-A3B-FP8-without-reasoning,association_easy,instance_00002,Average Guesser Number of Guesses,2.25
6255,codenames,Qwen3.6-35B-A3B-FP8-without-reasoning,association_easy,instance_00002,Average Guesser Number of Revealed Words,2.25
6256,codenames,Qwen3.6-35B-A3B-FP8-without-reasoning,association_easy,instance_00002,Average Guesser Number of Unrevealed Guesses,0
6257,codenames,Qwen3.6-35B-A3B-FP8-without-reasoning,association_easy,instance_00002,Average Guesser Target Precision,1.0
6258,codenames,Qwen3.6-35B-A3B-FP8-without-reasoning,association_easy,instance_00002,Average Guesser Target Recall,1.0
6259,codenames,Qwen3.6-35B-A3B-FP8-without-reasoning,association_easy,instance_00002,Average Guesser Target F1,1.0
6260,codenames,Qwen3.6-35B-A3B-FP8-without-reasoning,association_easy,instance_00002,Average Guesser Team Precision,1.0
6261,codenames,Qwen3.6-35B-A3B-FP8-without-reasoning,association_easy,instance_00002,Average Guesser Team Recall,0.628
6262,codenames,Qwen3.6-35B-A3B-FP8-without-reasoning,association_easy,instance_00002,Average Guesser Team F1,0.746
6263,codenames,Qwen3.6-35B-A3B-FP8-without-reasoning,association_easy,instance_00002,Aborted,0
6264,codenames,Qwen3.6-35B-A3B-FP8-without-reasoning,association_easy,instance_00002,Lose,0
6265,codenames,Qwen3.6-35B-A3B-FP8-without-reasoning,association_easy,instance_00002,Success,1
6266,codenames,Qwen3.6-35B-A3B-FP8-without-reasoning,association_easy,instance_00002,Game ended through assassin,0
6267,codenames,Qwen3.6-35B-A3B-FP8-without-reasoning,association_easy,instance_00002,Episode Recall,1.0
6268,codenames,Qwen3.6-35B-A3B-FP8-without-reasoning,association_easy,instance_00002,Episode Negative Recall,1.0
6269,codenames,Qwen3.6-35B-A3B-FP8-without-reasoning,association_easy,instance_00002,Number of turns,5
6270,codenames,Qwen3.6-35B-A3B-FP8-without-reasoning,association_easy,instance_00002,Efficiency,0.9
6271,codenames,Qwen3.6-35B-A3B-FP8-without-reasoning,association_easy,instance_00002,Request Count,8
6272,codenames,Qwen3.6-35B-A3B-FP8-without-reasoning,association_easy,instance_00002,Parsed Request Count,8
6273,codenames,Qwen3.6-35B-A3B-FP8-without-reasoning,association_easy,instance_00002,Violated Request Count,0
6274,codenames,Qwen3.6-35B-A3B-FP8-without-reasoning,association_easy,instance_00002,Request Success Ratio,1.0
6275,codenames,Qwen3.6-35B-A3B-FP8-without-reasoning,association_easy,instance_00002,Main Score,100
6276,codenames,Qwen3.6-35B-A3B-FP8-without-reasoning,association_easy,instance_00003,experiment variable,Word Assignments
6277,codenames,Qwen3.6-35B-A3B-FP8-without-reasoning,association_easy,instance_00003,experiment name,association_easy
6278,codenames,Qwen3.6-35B-A3B-FP8-without-reasoning,association_easy,instance_00003,Cluegiver strip words,0
6279,codenames,Qwen3.6-35B-A3B-FP8-without-reasoning,association_easy,instance_00003,Guesser strip words,0
6280,codenames,Qwen3.6-35B-A3B-FP8-without-reasoning,association_easy,instance_00003,Average Cluegiver Number of Targets,2.25
6281,codenames,Qwen3.6-35B-A3B-FP8-without-reasoning,association_easy,instance_00003,Average Cluegiver Team Precision,1.0
6282,codenames,Qwen3.6-35B-A3B-FP8-without-reasoning,association_easy,instance_00003,Average Cluegiver Team Recall,0.628
6283,codenames,Qwen3.6-35B-A3B-FP8-without-reasoning,association_easy,instance_00003,Average Cluegiver Team F1,0.746
6284,codenames,Qwen3.6-35B-A3B-FP8-without-reasoning,association_easy,instance_00003,Average Guesser Number of Guesses,2.25
6285,codenames,Qwen3.6-35B-A3B-FP8-without-reasoning,association_easy,instance_00003,Average Guesser Number of Revealed Words,2.25
6286,codenames,Qwen3.6-35B-A3B-FP8-without-reasoning,association_easy,instance_00003,Average Guesser Number of Unrevealed Guesses,0
6287,codenames,Qwen3.6-35B-A3B-FP8-without-reasoning,association_easy,instance_00003,Average Guesser Target Precision,1.0
6288,codenames,Qwen3.6-35B-A3B-FP8-without-reasoning,association_easy,instance_00003,Average Guesser Target Recall,1.0
6289,codenames,Qwen3.6-35B-A3B-FP8-without-reasoning,association_easy,instance_00003,Average Guesser Target F1,1.0
6290,codenames,Qwen3.6-35B-A3B-FP8-without-reasoning,association_easy,instance_00003,Average Guesser Team Precision,1.0
6291,codenames,Qwen3.6-35B-A3B-FP8-without-reasoning,association_easy,instance_00003,Average Guesser Team Recall,0.628
6292,codenames,Qwen3.6-35B-A3B-FP8-without-reasoning,association_easy,instance_00003,Average Guesser Team F1,0.746
6293,codenames,Qwen3.6-35B-A3B-FP8-without-reasoning,association_easy,instance_00003,Aborted,0
6294,codenames,Qwen3.6-35B-A3B-FP8-without-reasoning,association_easy,instance_00003,Lose,0
6295,codenames,Qwen3.6-35B-A3B-FP8-without-reasoning,association_easy,instance_00003,Success,1
6296,codenames,Qwen3.6-35B-A3B-FP8-without-reasoning,association_easy,instance_00003,Game ended through assassin,0
6297,codenames,Qwen3.6-35B-A3B-FP8-without-reasoning,association_easy,instance_00003,Episode Recall,1.0
6298,codenames,Qwen3.6-35B-A3B-FP8-without-reasoning,association_easy,instance_00003,Episode Negative Recall,1.0
6299,codenames,Qwen3.6-35B-A3B-FP8-without-reasoning,association_easy,instance_00003,Number of turns,5
6300,codenames,Qwen3.6-35B-A3B-FP8-without-reasoning,association_easy,instance_00003,Efficiency,0.9
6301,codenames,Qwen3.6-35B-A3B-FP8-without-reasoning,association_easy,instance_00003,Request Count,8
6302,codenames,Qwen3.6-35B-A3B-FP8-without-reasoning,association_easy,instance_00003,Parsed Request Count,8
6303,codenames,Qwen3.6-35B-A3B-FP8-without-reasoning,association_easy,instance_00003,Violated Request Count,0
6304,codenames,Qwen3.6-35B-A3B-FP8-without-reasoning,association_easy,instance_00003,Request Success Ratio,1.0
6305,codenames,Qwen3.6-35B-A3B-FP8-without-reasoning,association_easy,instance_00003,Main Score,100
6306,codenames,Qwen3.6-35B-A3B-FP8-without-reasoning,association_easy,instance_00004,experiment variable,Word Assignments
6307,codenames,Qwen3.6-35B-A3B-FP8-without-reasoning,association_easy,instance_00004,experiment name,association_easy
6308,codenames,Qwen3.6-35B-A3B-FP8-without-reasoning,association_easy,instance_00004,Cluegiver strip words,0
6309,codenames,Qwen3.6-35B-A3B-FP8-without-reasoning,association_easy,instance_00004,Guesser strip words,0
6310,codenames,Qwen3.6-35B-A3B-FP8-without-reasoning,association_easy,instance_00004,Average Cluegiver Number of Targets,2
6311,codenames,Qwen3.6-35B-A3B-FP8-without-reasoning,association_easy,instance_00004,Average Cluegiver Team Precision,1.0
6312,codenames,Qwen3.6-35B-A3B-FP8-without-reasoning,association_easy,instance_00004,Average Cluegiver Team Recall,0.537
6313,codenames,Qwen3.6-35B-A3B-FP8-without-reasoning,association_easy,instance_00004,Average Cluegiver Team F1,0.663
6314,codenames,Qwen3.6-35B-A3B-FP8-without-reasoning,association_easy,instance_00004,Average Guesser Number of Guesses,2
6315,codenames,Qwen3.6-35B-A3B-FP8-without-reasoning,association_easy,instance_00004,Average Guesser Number of Revealed Words,2
6316,codenames,Qwen3.6-35B-A3B-FP8-without-reasoning,association_easy,instance_00004,Average Guesser Number of Unrevealed Guesses,0
6317,codenames,Qwen3.6-35B-A3B-FP8-without-reasoning,association_easy,instance_00004,Average Guesser Target Precision,0.933
6318,codenames,Qwen3.6-35B-A3B-FP8-without-reasoning,association_easy,instance_00004,Average Guesser Target Recall,0.933
6319,codenames,Qwen3.6-35B-A3B-FP8-without-reasoning,association_easy,instance_00004,Average Guesser Target F1,0.933
6320,codenames,Qwen3.6-35B-A3B-FP8-without-reasoning,association_easy,instance_00004,Average Guesser Team Precision,0.933
6321,codenames,Qwen3.6-35B-A3B-FP8-without-reasoning,association_easy,instance_00004,Average Guesser Team Recall,0.515
6322,codenames,Qwen3.6-35B-A3B-FP8-without-reasoning,association_easy,instance_00004,Average Guesser Team F1,0.63
6323,codenames,Qwen3.6-35B-A3B-FP8-without-reasoning,association_easy,instance_00004,Aborted,0
6324,codenames,Qwen3.6-35B-A3B-FP8-without-reasoning,association_easy,instance_00004,Lose,0
6325,codenames,Qwen3.6-35B-A3B-FP8-without-reasoning,association_easy,instance_00004,Success,1
6326,codenames,Qwen3.6-35B-A3B-FP8-without-reasoning,association_easy,instance_00004,Game ended through assassin,0
6327,codenames,Qwen3.6-35B-A3B-FP8-without-reasoning,association_easy,instance_00004,Episode Recall,1.0
6328,codenames,Qwen3.6-35B-A3B-FP8-without-reasoning,association_easy,instance_00004,Episode Negative Recall,0.938
6329,codenames,Qwen3.6-35B-A3B-FP8-without-reasoning,association_easy,instance_00004,Number of turns,6
6330,codenames,Qwen3.6-35B-A3B-FP8-without-reasoning,association_easy,instance_00004,Efficiency,0.833
6331,codenames,Qwen3.6-35B-A3B-FP8-without-reasoning,association_easy,instance_00004,Request Count,10
6332,codenames,Qwen3.6-35B-A3B-FP8-without-reasoning,association_easy,instance_00004,Parsed Request Count,10
6333,codenames,Qwen3.6-35B-A3B-FP8-without-reasoning,association_easy,instance_00004,Violated Request Count,0
6334,codenames,Qwen3.6-35B-A3B-FP8-without-reasoning,association_easy,instance_00004,Request Success Ratio,1.0
6335,codenames,Qwen3.6-35B-A3B-FP8-without-reasoning,association_easy,instance_00004,Main Score,100
6336,codenames,Qwen3.6-35B-A3B-FP8-without-reasoning,association_easy,instance_00001,experiment variable,Word Assignments
6337,codenames,Qwen3.6-35B-A3B-FP8-without-reasoning,association_easy,instance_00001,experiment name,association_easy
6338,codenames,Qwen3.6-35B-A3B-FP8-without-reasoning,association_easy,instance_00001,Cluegiver strip words,0
6339,codenames,Qwen3.6-35B-A3B-FP8-without-reasoning,association_easy,instance_00001,Guesser strip words,0
6340,codenames,Qwen3.6-35B-A3B-FP8-without-reasoning,association_easy,instance_00001,Average Cluegiver Number of Targets,2.25
6341,codenames,Qwen3.6-35B-A3B-FP8-without-reasoning,association_easy,instance_00001,Average Cluegiver Team Precision,1.0
6342,codenames,Qwen3.6-35B-A3B-FP8-without-reasoning,association_easy,instance_00001,Average Cluegiver Team Recall,0.628
6343,codenames,Qwen3.6-35B-A3B-FP8-without-reasoning,association_easy,instance_00001,Average Cluegiver Team F1,0.746
6344,codenames,Qwen3.6-35B-A3B-FP8-without-reasoning,association_easy,instance_00001,Average Guesser Number of Guesses,2.25
6345,codenames,Qwen3.6-35B-A3B-FP8-without-reasoning,association_easy,instance_00001,Average Guesser Number of Revealed Words,2.25
6346,codenames,Qwen3.6-35B-A3B-FP8-without-reasoning,association_easy,instance_00001,Average Guesser Number of Unrevealed Guesses,0
6347,codenames,Qwen3.6-35B-A3B-FP8-without-reasoning,association_easy,instance_00001,Average Guesser Target Precision,1.0
6348,codenames,Qwen3.6-35B-A3B-FP8-without-reasoning,association_easy,instance_00001,Average Guesser Target Recall,1.0
6349,codenames,Qwen3.6-35B-A3B-FP8-without-reasoning,association_easy,instance_00001,Average Guesser Target F1,1.0
6350,codenames,Qwen3.6-35B-A3B-FP8-without-reasoning,association_easy,instance_00001,Average Guesser Team Precision,1.0
6351,codenames,Qwen3.6-35B-A3B-FP8-without-reasoning,association_easy,instance_00001,Average Guesser Team Recall,0.628
6352,codenames,Qwen3.6-35B-A3B-FP8-without-reasoning,association_easy,instance_00001,Average Guesser Team F1,0.746
6353,codenames,Qwen3.6-35B-A3B-FP8-without-reasoning,association_easy,instance_00001,Aborted,0
6354,codenames,Qwen3.6-35B-A3B-FP8-without-reasoning,association_easy,instance_00001,Lose,0
6355,codenames,Qwen3.6-35B-A3B-FP8-without-reasoning,association_easy,instance_00001,Success,1
6356,codenames,Qwen3.6-35B-A3B-FP8-without-reasoning,association_easy,instance_00001,Game ended through assassin,0
6357,codenames,Qwen3.6-35B-A3B-FP8-without-reasoning,association_easy,instance_00001,Episode Recall,1.0
6358,codenames,Qwen3.6-35B-A3B-FP8-without-reasoning,association_easy,instance_00001,Episode Negative Recall,1.0
6359,codenames,Qwen3.6-35B-A3B-FP8-without-reasoning,association_easy,instance_00001,Number of turns,5
6360,codenames,Qwen3.6-35B-A3B-FP8-without-reasoning,association_easy,instance_00001,Efficiency,0.9
6361,codenames,Qwen3.6-35B-A3B-FP8-without-reasoning,association_easy,instance_00001,Request Count,8
6362,codenames,Qwen3.6-35B-A3B-FP8-without-reasoning,association_easy,instance_00001,Parsed Request Count,8
6363,codenames,Qwen3.6-35B-A3B-FP8-without-reasoning,association_easy,instance_00001,Violated Request Count,0
6364,codenames,Qwen3.6-35B-A3B-FP8-without-reasoning,association_easy,instance_00001,Request Success Ratio,1.0
6365,codenames,Qwen3.6-35B-A3B-FP8-without-reasoning,association_easy,instance_00001,Main Score,100
6366,codenames,Qwen3.6-35B-A3B-FP8-without-reasoning,association_easy,instance_00000,experiment variable,Word Assignments
6367,codenames,Qwen3.6-35B-A3B-FP8-without-reasoning,association_easy,instance_00000,experiment name,association_easy
6368,codenames,Qwen3.6-35B-A3B-FP8-without-reasoning,association_easy,instance_00000,Cluegiver strip words,1
6369,codenames,Qwen3.6-35B-A3B-FP8-without-reasoning,association_easy,instance_00000,Guesser strip words,0
6370,codenames,Qwen3.6-35B-A3B-FP8-without-reasoning,association_easy,instance_00000,Average Cluegiver Number of Targets,1
6371,codenames,Qwen3.6-35B-A3B-FP8-without-reasoning,association_easy,instance_00000,Average Cluegiver Team Precision,0.5
6372,codenames,Qwen3.6-35B-A3B-FP8-without-reasoning,association_easy,instance_00000,Average Cluegiver Team Recall,0.111
6373,codenames,Qwen3.6-35B-A3B-FP8-without-reasoning,association_easy,instance_00000,Average Cluegiver Team F1,0.182
6374,codenames,Qwen3.6-35B-A3B-FP8-without-reasoning,association_easy,instance_00000,Average Guesser Number of Guesses,1
6375,codenames,Qwen3.6-35B-A3B-FP8-without-reasoning,association_easy,instance_00000,Average Guesser Number of Revealed Words,1
6376,codenames,Qwen3.6-35B-A3B-FP8-without-reasoning,association_easy,instance_00000,Average Guesser Number of Unrevealed Guesses,0
6377,codenames,Qwen3.6-35B-A3B-FP8-without-reasoning,association_easy,instance_00000,Average Guesser Target Precision,0.5
6378,codenames,Qwen3.6-35B-A3B-FP8-without-reasoning,association_easy,instance_00000,Average Guesser Target Recall,0.5
6379,codenames,Qwen3.6-35B-A3B-FP8-without-reasoning,association_easy,instance_00000,Average Guesser Target F1,0.5
6380,codenames,Qwen3.6-35B-A3B-FP8-without-reasoning,association_easy,instance_00000,Average Guesser Team Precision,0.5
6381,codenames,Qwen3.6-35B-A3B-FP8-without-reasoning,association_easy,instance_00000,Average Guesser Team Recall,0.111
6382,codenames,Qwen3.6-35B-A3B-FP8-without-reasoning,association_easy,instance_00000,Average Guesser Team F1,0.182
6383,codenames,Qwen3.6-35B-A3B-FP8-without-reasoning,association_easy,instance_00000,Aborted,1
6384,codenames,Qwen3.6-35B-A3B-FP8-without-reasoning,association_easy,instance_00000,Lose,0
6385,codenames,Qwen3.6-35B-A3B-FP8-without-reasoning,association_easy,instance_00000,Success,0
6386,codenames,Qwen3.6-35B-A3B-FP8-without-reasoning,association_easy,instance_00000,Game ended through assassin,0
6387,codenames,Qwen3.6-35B-A3B-FP8-without-reasoning,association_easy,instance_00000,Episode Recall,0.222
6388,codenames,Qwen3.6-35B-A3B-FP8-without-reasoning,association_easy,instance_00000,Episode Negative Recall,1.0
6389,codenames,Qwen3.6-35B-A3B-FP8-without-reasoning,association_easy,instance_00000,Number of turns,2
6390,codenames,Qwen3.6-35B-A3B-FP8-without-reasoning,association_easy,instance_00000,Efficiency,0.5
6391,codenames,Qwen3.6-35B-A3B-FP8-without-reasoning,association_easy,instance_00000,Request Count,3
6392,codenames,Qwen3.6-35B-A3B-FP8-without-reasoning,association_easy,instance_00000,Parsed Request Count,2
6393,codenames,Qwen3.6-35B-A3B-FP8-without-reasoning,association_easy,instance_00000,Violated Request Count,1
6394,codenames,Qwen3.6-35B-A3B-FP8-without-reasoning,association_easy,instance_00000,Request Success Ratio,0.667
6395,codenames,Qwen3.6-35B-A3B-FP8-without-reasoning,association_easy,instance_00000,Main Score,
6396,taboo,Qwen3.6-35B-A3B-FP8-without-reasoning,high_fi,instance_00005,Played,1.0
6397,taboo,Qwen3.6-35B-A3B-FP8-without-reasoning,high_fi,instance_00002,Played,1.0
6398,taboo,Qwen3.6-35B-A3B-FP8-without-reasoning,high_fi,instance_00003,Played,1.0
6399,taboo,Qwen3.6-35B-A3B-FP8-without-reasoning,high_fi,instance_00004,Played,1.0
6400,taboo,Qwen3.6-35B-A3B-FP8-without-reasoning,high_fi,instance_00008,Played,1.0
6401,taboo,Qwen3.6-35B-A3B-FP8-without-reasoning,high_fi,instance_00001,Played,1.0
6402,taboo,Qwen3.6-35B-A3B-FP8-without-reasoning,high_fi,instance_00006,Played,1.0
6403,taboo,Qwen3.6-35B-A3B-FP8-without-reasoning,high_fi,instance_00007,Played,1.0
6404,taboo,Qwen3.6-35B-A3B-FP8-without-reasoning,high_fi,instance_00000,Played,1.0
6405,taboo,Qwen3.6-35B-A3B-FP8-without-reasoning,high_fi,instance_00009,Played,1.0
6406,taboo,Qwen3.6-35B-A3B-FP8-without-reasoning,low_fi,instance_00005,Played,1.0
6407,taboo,Qwen3.6-35B-A3B-FP8-without-reasoning,low_fi,instance_00002,Played,1.0
6408,taboo,Qwen3.6-35B-A3B-FP8-without-reasoning,low_fi,instance_00003,Played,1.0
6409,taboo,Qwen3.6-35B-A3B-FP8-without-reasoning,low_fi,instance_00004,Played,1.0
6410,taboo,Qwen3.6-35B-A3B-FP8-without-reasoning,low_fi,instance_00008,Played,1.0
6411,taboo,Qwen3.6-35B-A3B-FP8-without-reasoning,low_fi,instance_00001,Played,1.0
6412,taboo,Qwen3.6-35B-A3B-FP8-without-reasoning,low_fi,instance_00006,Played,1.0
6413,taboo,Qwen3.6-35B-A3B-FP8-without-reasoning,low_fi,instance_00007,Played,1.0
6414,taboo,Qwen3.6-35B-A3B-FP8-without-reasoning,low_fi,instance_00000,Played,1.0
6415,taboo,Qwen3.6-35B-A3B-FP8-without-reasoning,low_fi,instance_00009,Played,1.0
6416,hot_air_balloon,Qwen3.6-35B-A3B-FP8-without-reasoning,air_balloon_survival_fi_complexity_easy,instance_00002,Played,1.0
6417,hot_air_balloon,Qwen3.6-35B-A3B-FP8-without-reasoning,air_balloon_survival_fi_complexity_easy,instance_00003,Played,1.0
6418,hot_air_balloon,Qwen3.6-35B-A3B-FP8-without-reasoning,air_balloon_survival_fi_complexity_easy,instance_00004,Played,1.0
6419,hot_air_balloon,Qwen3.6-35B-A3B-FP8-without-reasoning,air_balloon_survival_fi_complexity_easy,instance_00001,Played,1.0
6420,hot_air_balloon,Qwen3.6-35B-A3B-FP8-without-reasoning,air_balloon_survival_fi_complexity_easy,instance_00000,Played,1.0
6421,hot_air_balloon,Qwen3.6-35B-A3B-FP8-without-reasoning,air_balloon_survival_fi_complexity_hard,instance_00002,Played,1.0
6422,hot_air_balloon,Qwen3.6-35B-A3B-FP8-without-reasoning,air_balloon_survival_fi_complexity_hard,instance_00003,Played,1.0
6423,hot_air_balloon,Qwen3.6-35B-A3B-FP8-without-reasoning,air_balloon_survival_fi_complexity_hard,instance_00004,Played,1.0
6424,hot_air_balloon,Qwen3.6-35B-A3B-FP8-without-reasoning,air_balloon_survival_fi_complexity_hard,instance_00001,Played,1.0
6425,hot_air_balloon,Qwen3.6-35B-A3B-FP8-without-reasoning,air_balloon_survival_fi_complexity_hard,instance_00000,Played,1.0
6426,hot_air_balloon,Qwen3.6-35B-A3B-FP8-without-reasoning,air_balloon_survival_fi_negotiation_easy,instance_00002,Played,1.0
6427,hot_air_balloon,Qwen3.6-35B-A3B-FP8-without-reasoning,air_balloon_survival_fi_negotiation_easy,instance_00003,Played,1.0
6428,hot_air_balloon,Qwen3.6-35B-A3B-FP8-without-reasoning,air_balloon_survival_fi_negotiation_easy,instance_00004,Played,1.0
6429,hot_air_balloon,Qwen3.6-35B-A3B-FP8-without-reasoning,air_balloon_survival_fi_negotiation_easy,instance_00001,Played,1.0
6430,hot_air_balloon,Qwen3.6-35B-A3B-FP8-without-reasoning,air_balloon_survival_fi_negotiation_easy,instance_00000,Played,1.0
6431,clean_up,Qwen3.6-35B-A3B-FP8-without-reasoning,0_easy_3obj_fi,instance_00002,Played,1.0
6432,clean_up,Qwen3.6-35B-A3B-FP8-without-reasoning,0_easy_3obj_fi,instance_00003,Played,1
6433,clean_up,Qwen3.6-35B-A3B-FP8-without-reasoning,0_easy_3obj_fi,instance_00004,Played,1
6434,clean_up,Qwen3.6-35B-A3B-FP8-without-reasoning,0_easy_3obj_fi,instance_00001,Played,1
6435,clean_up,Qwen3.6-35B-A3B-FP8-without-reasoning,0_easy_3obj_fi,instance_00000,Played,1
6436,clean_up,Qwen3.6-35B-A3B-FP8-without-reasoning,0_easy_7obj_fi,instance_00002,Played,1
6437,clean_up,Qwen3.6-35B-A3B-FP8-without-reasoning,0_easy_7obj_fi,instance_00003,Played,1
6438,clean_up,Qwen3.6-35B-A3B-FP8-without-reasoning,0_easy_7obj_fi,instance_00004,Played,1
6439,clean_up,Qwen3.6-35B-A3B-FP8-without-reasoning,0_easy_7obj_fi,instance_00001,Played,1
6440,clean_up,Qwen3.6-35B-A3B-FP8-without-reasoning,0_easy_7obj_fi,instance_00000,Played,1
6441,clean_up,Qwen3.6-35B-A3B-FP8-without-reasoning,0_easy_5obj_fi,instance_00002,Played,1
6442,clean_up,Qwen3.6-35B-A3B-FP8-without-reasoning,0_easy_5obj_fi,instance_00003,Played,1
6443,clean_up,Qwen3.6-35B-A3B-FP8-without-reasoning,0_easy_5obj_fi,instance_00004,Played,1
6444,clean_up,Qwen3.6-35B-A3B-FP8-without-reasoning,0_easy_5obj_fi,instance_00001,Played,1
6445,clean_up,Qwen3.6-35B-A3B-FP8-without-reasoning,0_easy_5obj_fi,instance_00000,Played,1
6446,clean_up,Qwen3.6-35B-A3B-FP8-without-reasoning,1_medium_3obj_fi,instance_00002,Played,1
6447,clean_up,Qwen3.6-35B-A3B-FP8-without-reasoning,1_medium_3obj_fi,instance_00003,Played,1
6448,clean_up,Qwen3.6-35B-A3B-FP8-without-reasoning,1_medium_3obj_fi,instance_00004,Played,1
6449,clean_up,Qwen3.6-35B-A3B-FP8-without-reasoning,1_medium_3obj_fi,instance_00001,Played,1
6450,clean_up,Qwen3.6-35B-A3B-FP8-without-reasoning,1_medium_3obj_fi,instance_00000,Played,1
6451,clean_up,Qwen3.6-35B-A3B-FP8-without-reasoning,1_medium_7obj_fi,instance_00002,Played,1
6452,clean_up,Qwen3.6-35B-A3B-FP8-without-reasoning,1_medium_7obj_fi,instance_00003,Played,1
6453,clean_up,Qwen3.6-35B-A3B-FP8-without-reasoning,1_medium_7obj_fi,instance_00004,Played,1
6454,clean_up,Qwen3.6-35B-A3B-FP8-without-reasoning,1_medium_7obj_fi,instance_00001,Played,1
6455,clean_up,Qwen3.6-35B-A3B-FP8-without-reasoning,1_medium_7obj_fi,instance_00000,Played,1
6456,clean_up,Qwen3.6-35B-A3B-FP8-without-reasoning,1_medium_5obj_fi,instance_00002,Played,1
6457,clean_up,Qwen3.6-35B-A3B-FP8-without-reasoning,1_medium_5obj_fi,instance_00003,Played,1
6458,clean_up,Qwen3.6-35B-A3B-FP8-without-reasoning,1_medium_5obj_fi,instance_00004,Played,1
6459,clean_up,Qwen3.6-35B-A3B-FP8-without-reasoning,1_medium_5obj_fi,instance_00001,Played,1
6460,clean_up,Qwen3.6-35B-A3B-FP8-without-reasoning,1_medium_5obj_fi,instance_00000,Played,1
6461,clean_up,Qwen3.6-35B-A3B-FP8-without-reasoning,2_hard_3obj_fi,instance_00002,Played,1
6462,clean_up,Qwen3.6-35B-A3B-FP8-without-reasoning,2_hard_3obj_fi,instance_00003,Played,1
6463,clean_up,Qwen3.6-35B-A3B-FP8-without-reasoning,2_hard_3obj_fi,instance_00004,Played,1
6464,clean_up,Qwen3.6-35B-A3B-FP8-without-reasoning,2_hard_3obj_fi,instance_00001,Played,1
6465,clean_up,Qwen3.6-35B-A3B-FP8-without-reasoning,2_hard_3obj_fi,instance_00000,Played,1
6466,clean_up,Qwen3.6-35B-A3B-FP8-without-reasoning,2_hard_5obj_fi,instance_00002,Played,1
6467,clean_up,Qwen3.6-35B-A3B-FP8-without-reasoning,2_hard_5obj_fi,instance_00003,Played,1
6468,clean_up,Qwen3.6-35B-A3B-FP8-without-reasoning,2_hard_5obj_fi,instance_00004,Played,1
6469,clean_up,Qwen3.6-35B-A3B-FP8-without-reasoning,2_hard_5obj_fi,instance_00001,Played,0
6470,clean_up,Qwen3.6-35B-A3B-FP8-without-reasoning,2_hard_5obj_fi,instance_00000,Played,0
6471,clean_up,Qwen3.6-35B-A3B-FP8-without-reasoning,2_hard_7obj_fi,instance_00002,Played,1
6472,clean_up,Qwen3.6-35B-A3B-FP8-without-reasoning,2_hard_7obj_fi,instance_00003,Played,1
6473,clean_up,Qwen3.6-35B-A3B-FP8-without-reasoning,2_hard_7obj_fi,instance_00004,Played,1
6474,clean_up,Qwen3.6-35B-A3B-FP8-without-reasoning,2_hard_7obj_fi,instance_00001,Played,1
6475,clean_up,Qwen3.6-35B-A3B-FP8-without-reasoning,2_hard_7obj_fi,instance_00000,Played,1
6476,referencegame,Qwen3.6-35B-A3B-FP8-without-reasoning,number_grids,instance_00005,Played,1
6477,referencegame,Qwen3.6-35B-A3B-FP8-without-reasoning,number_grids,instance_00002,Played,1
6478,referencegame,Qwen3.6-35B-A3B-FP8-without-reasoning,number_grids,instance_00003,Played,1
6479,referencegame,Qwen3.6-35B-A3B-FP8-without-reasoning,number_grids,instance_00004,Played,1
6480,referencegame,Qwen3.6-35B-A3B-FP8-without-reasoning,number_grids,instance_00001,Played,1
6481,referencegame,Qwen3.6-35B-A3B-FP8-without-reasoning,number_grids,instance_00000,Played,1
6482,referencegame,Qwen3.6-35B-A3B-FP8-without-reasoning,line_grids_columns,instance_00005,Played,1
6483,referencegame,Qwen3.6-35B-A3B-FP8-without-reasoning,line_grids_columns,instance_00002,Played,1
6484,referencegame,Qwen3.6-35B-A3B-FP8-without-reasoning,line_grids_columns,instance_00003,Played,1
6485,referencegame,Qwen3.6-35B-A3B-FP8-without-reasoning,line_grids_columns,instance_00004,Played,1
6486,referencegame,Qwen3.6-35B-A3B-FP8-without-reasoning,line_grids_columns,instance_00001,Played,1
6487,referencegame,Qwen3.6-35B-A3B-FP8-without-reasoning,line_grids_columns,instance_00000,Played,1
6488,referencegame,Qwen3.6-35B-A3B-FP8-without-reasoning,line_grids_rows,instance_00005,Played,1
6489,referencegame,Qwen3.6-35B-A3B-FP8-without-reasoning,line_grids_rows,instance_00002,Played,1
6490,referencegame,Qwen3.6-35B-A3B-FP8-without-reasoning,line_grids_rows,instance_00003,Played,1
6491,referencegame,Qwen3.6-35B-A3B-FP8-without-reasoning,line_grids_rows,instance_00004,Played,1
6492,referencegame,Qwen3.6-35B-A3B-FP8-without-reasoning,line_grids_rows,instance_00001,Played,1
6493,referencegame,Qwen3.6-35B-A3B-FP8-without-reasoning,line_grids_rows,instance_00000,Played,1
6494,referencegame,Qwen3.6-35B-A3B-FP8-without-reasoning,random_grids,instance_00005,Played,1
6495,referencegame,Qwen3.6-35B-A3B-FP8-without-reasoning,random_grids,instance_00002,Played,1
6496,referencegame,Qwen3.6-35B-A3B-FP8-without-reasoning,random_grids,instance_00003,Played,1
6497,referencegame,Qwen3.6-35B-A3B-FP8-without-reasoning,random_grids,instance_00004,Played,1
6498,referencegame,Qwen3.6-35B-A3B-FP8-without-reasoning,random_grids,instance_00001,Played,1
6499,referencegame,Qwen3.6-35B-A3B-FP8-without-reasoning,random_grids,instance_00000,Played,1
6500,referencegame,Qwen3.6-35B-A3B-FP8-without-reasoning,letter_grids,instance_00005,Played,1
6501,referencegame,Qwen3.6-35B-A3B-FP8-without-reasoning,letter_grids,instance_00002,Played,1
6502,referencegame,Qwen3.6-35B-A3B-FP8-without-reasoning,letter_grids,instance_00003,Played,1
6503,referencegame,Qwen3.6-35B-A3B-FP8-without-reasoning,letter_grids,instance_00004,Played,1
6504,referencegame,Qwen3.6-35B-A3B-FP8-without-reasoning,letter_grids,instance_00001,Played,1
6505,referencegame,Qwen3.6-35B-A3B-FP8-without-reasoning,letter_grids,instance_00000,Played,1
6506,wordle,Qwen3.6-35B-A3B-FP8-without-reasoning,high_frequency_words_no_clue_no_critic,instance_00005,Played,0
6507,wordle,Qwen3.6-35B-A3B-FP8-without-reasoning,high_frequency_words_no_clue_no_critic,instance_00002,Played,0
6508,wordle,Qwen3.6-35B-A3B-FP8-without-reasoning,high_frequency_words_no_clue_no_critic,instance_00003,Played,0
6509,wordle,Qwen3.6-35B-A3B-FP8-without-reasoning,high_frequency_words_no_clue_no_critic,instance_00004,Played,0
6510,wordle,Qwen3.6-35B-A3B-FP8-without-reasoning,high_frequency_words_no_clue_no_critic,instance_00010,Played,0
6511,wordle,Qwen3.6-35B-A3B-FP8-without-reasoning,high_frequency_words_no_clue_no_critic,instance_00008,Played,0
6512,wordle,Qwen3.6-35B-A3B-FP8-without-reasoning,high_frequency_words_no_clue_no_critic,instance_00001,Played,0
6513,wordle,Qwen3.6-35B-A3B-FP8-without-reasoning,high_frequency_words_no_clue_no_critic,instance_00006,Played,0
6514,wordle,Qwen3.6-35B-A3B-FP8-without-reasoning,high_frequency_words_no_clue_no_critic,instance_00007,Played,0
6515,wordle,Qwen3.6-35B-A3B-FP8-without-reasoning,high_frequency_words_no_clue_no_critic,instance_00009,Played,0
6516,wordle,Qwen3.6-35B-A3B-FP8-without-reasoning,medium_frequency_words_no_clue_no_critic,instance_00005,Played,0
6517,wordle,Qwen3.6-35B-A3B-FP8-without-reasoning,medium_frequency_words_no_clue_no_critic,instance_00002,Played,0
6518,wordle,Qwen3.6-35B-A3B-FP8-without-reasoning,medium_frequency_words_no_clue_no_critic,instance_00003,Played,0
6519,wordle,Qwen3.6-35B-A3B-FP8-without-reasoning,medium_frequency_words_no_clue_no_critic,instance_00004,Played,0
6520,wordle,Qwen3.6-35B-A3B-FP8-without-reasoning,medium_frequency_words_no_clue_no_critic,instance_00010,Played,0
6521,wordle,Qwen3.6-35B-A3B-FP8-without-reasoning,medium_frequency_words_no_clue_no_critic,instance_00008,Played,0
6522,wordle,Qwen3.6-35B-A3B-FP8-without-reasoning,medium_frequency_words_no_clue_no_critic,instance_00001,Played,0
6523,wordle,Qwen3.6-35B-A3B-FP8-without-reasoning,medium_frequency_words_no_clue_no_critic,instance_00006,Played,0
6524,wordle,Qwen3.6-35B-A3B-FP8-without-reasoning,medium_frequency_words_no_clue_no_critic,instance_00007,Played,0
6525,wordle,Qwen3.6-35B-A3B-FP8-without-reasoning,medium_frequency_words_no_clue_no_critic,instance_00009,Played,0
6526,privateshared,Qwen3.6-35B-A3B-FP8-without-reasoning,restaurant,instance_00002,Played,0
6527,privateshared,Qwen3.6-35B-A3B-FP8-without-reasoning,restaurant,instance_00003,Played,0
6528,privateshared,Qwen3.6-35B-A3B-FP8-without-reasoning,restaurant,instance_00004,Played,0
6529,privateshared,Qwen3.6-35B-A3B-FP8-without-reasoning,restaurant,instance_00001,Played,0
6530,privateshared,Qwen3.6-35B-A3B-FP8-without-reasoning,restaurant,instance_00000,Played,0
6531,privateshared,Qwen3.6-35B-A3B-FP8-without-reasoning,travel-booking,instance_00002,Played,0
6532,privateshared,Qwen3.6-35B-A3B-FP8-without-reasoning,travel-booking,instance_00003,Played,0
6533,privateshared,Qwen3.6-35B-A3B-FP8-without-reasoning,travel-booking,instance_00004,Played,0
6534,privateshared,Qwen3.6-35B-A3B-FP8-without-reasoning,travel-booking,instance_00001,Played,1
6535,privateshared,Qwen3.6-35B-A3B-FP8-without-reasoning,travel-booking,instance_00000,Played,0
6536,privateshared,Qwen3.6-35B-A3B-FP8-without-reasoning,things-places,instance_00002,Played,1
6537,privateshared,Qwen3.6-35B-A3B-FP8-without-reasoning,things-places,instance_00003,Played,1
6538,privateshared,Qwen3.6-35B-A3B-FP8-without-reasoning,things-places,instance_00004,Played,1
6539,privateshared,Qwen3.6-35B-A3B-FP8-without-reasoning,things-places,instance_00001,Played,0
6540,privateshared,Qwen3.6-35B-A3B-FP8-without-reasoning,things-places,instance_00000,Played,1
6541,privateshared,Qwen3.6-35B-A3B-FP8-without-reasoning,job-interview,instance_00002,Played,0
6542,privateshared,Qwen3.6-35B-A3B-FP8-without-reasoning,job-interview,instance_00003,Played,0
6543,privateshared,Qwen3.6-35B-A3B-FP8-without-reasoning,job-interview,instance_00004,Played,0
6544,privateshared,Qwen3.6-35B-A3B-FP8-without-reasoning,job-interview,instance_00001,Played,0
6545,privateshared,Qwen3.6-35B-A3B-FP8-without-reasoning,job-interview,instance_00000,Played,0
6546,privateshared,Qwen3.6-35B-A3B-FP8-without-reasoning,letter-number,instance_00002,Played,1
6547,privateshared,Qwen3.6-35B-A3B-FP8-without-reasoning,letter-number,instance_00003,Played,1
6548,privateshared,Qwen3.6-35B-A3B-FP8-without-reasoning,letter-number,instance_00004,Played,1
6549,privateshared,Qwen3.6-35B-A3B-FP8-without-reasoning,letter-number,instance_00001,Played,1
6550,privateshared,Qwen3.6-35B-A3B-FP8-without-reasoning,letter-number,instance_00000,Played,1
6551,dond,Qwen3.6-35B-A3B-FP8-without-reasoning,semi,instance_00002,Played,0
6552,dond,Qwen3.6-35B-A3B-FP8-without-reasoning,semi,instance_00003,Played,0
6553,dond,Qwen3.6-35B-A3B-FP8-without-reasoning,semi,instance_00004,Played,0
6554,dond,Qwen3.6-35B-A3B-FP8-without-reasoning,semi,instance_00001,Played,0
6555,dond,Qwen3.6-35B-A3B-FP8-without-reasoning,semi,instance_00000,Played,1
6556,dond,Qwen3.6-35B-A3B-FP8-without-reasoning,coop,instance_00002,Played,1
6557,dond,Qwen3.6-35B-A3B-FP8-without-reasoning,coop,instance_00003,Played,1
6558,dond,Qwen3.6-35B-A3B-FP8-without-reasoning,coop,instance_00004,Played,0
6559,dond,Qwen3.6-35B-A3B-FP8-without-reasoning,coop,instance_00001,Played,0
6560,dond,Qwen3.6-35B-A3B-FP8-without-reasoning,coop,instance_00000,Played,1
6561,guesswhat,Qwen3.6-35B-A3B-FP8-without-reasoning,Level_3,instance_00005,Played,1
6562,guesswhat,Qwen3.6-35B-A3B-FP8-without-reasoning,Level_3,instance_00002,Played,1
6563,guesswhat,Qwen3.6-35B-A3B-FP8-without-reasoning,Level_3,instance_00003,Played,1
6564,guesswhat,Qwen3.6-35B-A3B-FP8-without-reasoning,Level_3,instance_00004,Played,1
6565,guesswhat,Qwen3.6-35B-A3B-FP8-without-reasoning,Level_3,instance_00008,Played,1
6566,guesswhat,Qwen3.6-35B-A3B-FP8-without-reasoning,Level_3,instance_00001,Played,1
6567,guesswhat,Qwen3.6-35B-A3B-FP8-without-reasoning,Level_3,instance_00006,Played,1
6568,guesswhat,Qwen3.6-35B-A3B-FP8-without-reasoning,Level_3,instance_00007,Played,1
6569,guesswhat,Qwen3.6-35B-A3B-FP8-without-reasoning,Level_3,instance_00000,Played,1
6570,guesswhat,Qwen3.6-35B-A3B-FP8-without-reasoning,Level_3,instance_00009,Played,1
6571,guesswhat,Qwen3.6-35B-A3B-FP8-without-reasoning,Level_2,instance_00005,Played,1
6572,guesswhat,Qwen3.6-35B-A3B-FP8-without-reasoning,Level_2,instance_00002,Played,1
6573,guesswhat,Qwen3.6-35B-A3B-FP8-without-reasoning,Level_2,instance_00003,Played,1
6574,guesswhat,Qwen3.6-35B-A3B-FP8-without-reasoning,Level_2,instance_00004,Played,1
6575,guesswhat,Qwen3.6-35B-A3B-FP8-without-reasoning,Level_2,instance_00008,Played,1
6576,guesswhat,Qwen3.6-35B-A3B-FP8-without-reasoning,Level_2,instance_00001,Played,1
6577,guesswhat,Qwen3.6-35B-A3B-FP8-without-reasoning,Level_2,instance_00006,Played,1
6578,guesswhat,Qwen3.6-35B-A3B-FP8-without-reasoning,Level_2,instance_00007,Played,1
6579,guesswhat,Qwen3.6-35B-A3B-FP8-without-reasoning,Level_2,instance_00000,Played,1
6580,guesswhat,Qwen3.6-35B-A3B-FP8-without-reasoning,Level_2,instance_00009,Played,1
6581,guesswhat,Qwen3.6-35B-A3B-FP8-without-reasoning,Level_1,instance_00005,Played,1
6582,guesswhat,Qwen3.6-35B-A3B-FP8-without-reasoning,Level_1,instance_00002,Played,1
6583,guesswhat,Qwen3.6-35B-A3B-FP8-without-reasoning,Level_1,instance_00003,Played,1
6584,guesswhat,Qwen3.6-35B-A3B-FP8-without-reasoning,Level_1,instance_00004,Played,1
6585,guesswhat,Qwen3.6-35B-A3B-FP8-without-reasoning,Level_1,instance_00008,Played,1
6586,guesswhat,Qwen3.6-35B-A3B-FP8-without-reasoning,Level_1,instance_00001,Played,1
6587,guesswhat,Qwen3.6-35B-A3B-FP8-without-reasoning,Level_1,instance_00006,Played,1
6588,guesswhat,Qwen3.6-35B-A3B-FP8-without-reasoning,Level_1,instance_00007,Played,1
6589,guesswhat,Qwen3.6-35B-A3B-FP8-without-reasoning,Level_1,instance_00000,Played,1
6590,guesswhat,Qwen3.6-35B-A3B-FP8-without-reasoning,Level_1,instance_00009,Played,1
6591,textmapworld_graphreasoning,Qwen3.6-35B-A3B-FP8-without-reasoning,large,instance_00028,Played,1
6592,textmapworld_graphreasoning,Qwen3.6-35B-A3B-FP8-without-reasoning,large,instance_00026,Played,1
6593,textmapworld_graphreasoning,Qwen3.6-35B-A3B-FP8-without-reasoning,large,instance_00021,Played,1
6594,textmapworld_graphreasoning,Qwen3.6-35B-A3B-FP8-without-reasoning,large,instance_00020,Played,0
6595,textmapworld_graphreasoning,Qwen3.6-35B-A3B-FP8-without-reasoning,large,instance_00027,Played,1
6596,textmapworld_graphreasoning,Qwen3.6-35B-A3B-FP8-without-reasoning,large,instance_00029,Played,1
6597,textmapworld_graphreasoning,Qwen3.6-35B-A3B-FP8-without-reasoning,large,instance_00022,Played,1
6598,textmapworld_graphreasoning,Qwen3.6-35B-A3B-FP8-without-reasoning,large,instance_00025,Played,1
6599,textmapworld_graphreasoning,Qwen3.6-35B-A3B-FP8-without-reasoning,large,instance_00024,Played,1
6600,textmapworld_graphreasoning,Qwen3.6-35B-A3B-FP8-without-reasoning,large,instance_00023,Played,1
6601,textmapworld_graphreasoning,Qwen3.6-35B-A3B-FP8-without-reasoning,medium,instance_00017,Played,1
6602,textmapworld_graphreasoning,Qwen3.6-35B-A3B-FP8-without-reasoning,medium,instance_00010,Played,1
6603,textmapworld_graphreasoning,Qwen3.6-35B-A3B-FP8-without-reasoning,medium,instance_00019,Played,1
6604,textmapworld_graphreasoning,Qwen3.6-35B-A3B-FP8-without-reasoning,medium,instance_00018,Played,1
6605,textmapworld_graphreasoning,Qwen3.6-35B-A3B-FP8-without-reasoning,medium,instance_00011,Played,1
6606,textmapworld_graphreasoning,Qwen3.6-35B-A3B-FP8-without-reasoning,medium,instance_00016,Played,1
6607,textmapworld_graphreasoning,Qwen3.6-35B-A3B-FP8-without-reasoning,medium,instance_00013,Played,0
6608,textmapworld_graphreasoning,Qwen3.6-35B-A3B-FP8-without-reasoning,medium,instance_00014,Played,1
6609,textmapworld_graphreasoning,Qwen3.6-35B-A3B-FP8-without-reasoning,medium,instance_00015,Played,1
6610,textmapworld_graphreasoning,Qwen3.6-35B-A3B-FP8-without-reasoning,medium,instance_00012,Played,1
6611,textmapworld_graphreasoning,Qwen3.6-35B-A3B-FP8-without-reasoning,small,instance_00005,Played,1
6612,textmapworld_graphreasoning,Qwen3.6-35B-A3B-FP8-without-reasoning,small,instance_00002,Played,1
6613,textmapworld_graphreasoning,Qwen3.6-35B-A3B-FP8-without-reasoning,small,instance_00003,Played,1
6614,textmapworld_graphreasoning,Qwen3.6-35B-A3B-FP8-without-reasoning,small,instance_00004,Played,1
6615,textmapworld_graphreasoning,Qwen3.6-35B-A3B-FP8-without-reasoning,small,instance_00008,Played,1
6616,textmapworld_graphreasoning,Qwen3.6-35B-A3B-FP8-without-reasoning,small,instance_00001,Played,1
6617,textmapworld_graphreasoning,Qwen3.6-35B-A3B-FP8-without-reasoning,small,instance_00006,Played,1
6618,textmapworld_graphreasoning,Qwen3.6-35B-A3B-FP8-without-reasoning,small,instance_00007,Played,1
6619,textmapworld_graphreasoning,Qwen3.6-35B-A3B-FP8-without-reasoning,small,instance_00000,Played,1
6620,textmapworld_graphreasoning,Qwen3.6-35B-A3B-FP8-without-reasoning,small,instance_00009,Played,1
6621,textmapworld,Qwen3.6-35B-A3B-FP8-without-reasoning,large_cycle,instance_00044,Played,1
6622,textmapworld,Qwen3.6-35B-A3B-FP8-without-reasoning,large_cycle,instance_00043,Played,1
6623,textmapworld,Qwen3.6-35B-A3B-FP8-without-reasoning,large_cycle,instance_00042,Played,1
6624,textmapworld,Qwen3.6-35B-A3B-FP8-without-reasoning,large_cycle,instance_00045,Played,1
6625,textmapworld,Qwen3.6-35B-A3B-FP8-without-reasoning,large_cycle,instance_00049,Played,1
6626,textmapworld,Qwen3.6-35B-A3B-FP8-without-reasoning,large_cycle,instance_00040,Played,1
6627,textmapworld,Qwen3.6-35B-A3B-FP8-without-reasoning,large_cycle,instance_00047,Played,1
6628,textmapworld,Qwen3.6-35B-A3B-FP8-without-reasoning,large_cycle,instance_00046,Played,1
6629,textmapworld,Qwen3.6-35B-A3B-FP8-without-reasoning,large_cycle,instance_00041,Played,1
6630,textmapworld,Qwen3.6-35B-A3B-FP8-without-reasoning,large_cycle,instance_00048,Played,1
6631,textmapworld,Qwen3.6-35B-A3B-FP8-without-reasoning,large,instance_00028,Played,1
6632,textmapworld,Qwen3.6-35B-A3B-FP8-without-reasoning,large,instance_00026,Played,1
6633,textmapworld,Qwen3.6-35B-A3B-FP8-without-reasoning,large,instance_00021,Played,1
6634,textmapworld,Qwen3.6-35B-A3B-FP8-without-reasoning,large,instance_00020,Played,1
6635,textmapworld,Qwen3.6-35B-A3B-FP8-without-reasoning,large,instance_00027,Played,1
6636,textmapworld,Qwen3.6-35B-A3B-FP8-without-reasoning,large,instance_00029,Played,1
6637,textmapworld,Qwen3.6-35B-A3B-FP8-without-reasoning,large,instance_00022,Played,1
6638,textmapworld,Qwen3.6-35B-A3B-FP8-without-reasoning,large,instance_00025,Played,1
6639,textmapworld,Qwen3.6-35B-A3B-FP8-without-reasoning,large,instance_00024,Played,1
6640,textmapworld,Qwen3.6-35B-A3B-FP8-without-reasoning,large,instance_00023,Played,1
6641,textmapworld,Qwen3.6-35B-A3B-FP8-without-reasoning,medium,instance_00017,Played,1
6642,textmapworld,Qwen3.6-35B-A3B-FP8-without-reasoning,medium,instance_00010,Played,1
6643,textmapworld,Qwen3.6-35B-A3B-FP8-without-reasoning,medium,instance_00019,Played,1
6644,textmapworld,Qwen3.6-35B-A3B-FP8-without-reasoning,medium,instance_00018,Played,1
6645,textmapworld,Qwen3.6-35B-A3B-FP8-without-reasoning,medium,instance_00011,Played,1
6646,textmapworld,Qwen3.6-35B-A3B-FP8-without-reasoning,medium,instance_00016,Played,1
6647,textmapworld,Qwen3.6-35B-A3B-FP8-without-reasoning,medium,instance_00013,Played,1
6648,textmapworld,Qwen3.6-35B-A3B-FP8-without-reasoning,medium,instance_00014,Played,1
6649,textmapworld,Qwen3.6-35B-A3B-FP8-without-reasoning,medium,instance_00015,Played,1
6650,textmapworld,Qwen3.6-35B-A3B-FP8-without-reasoning,medium,instance_00012,Played,1
6651,textmapworld,Qwen3.6-35B-A3B-FP8-without-reasoning,small,instance_00005,Played,1
6652,textmapworld,Qwen3.6-35B-A3B-FP8-without-reasoning,small,instance_00002,Played,1
6653,textmapworld,Qwen3.6-35B-A3B-FP8-without-reasoning,small,instance_00003,Played,1
6654,textmapworld,Qwen3.6-35B-A3B-FP8-without-reasoning,small,instance_00004,Played,1
6655,textmapworld,Qwen3.6-35B-A3B-FP8-without-reasoning,small,instance_00008,Played,1
6656,textmapworld,Qwen3.6-35B-A3B-FP8-without-reasoning,small,instance_00001,Played,1
6657,textmapworld,Qwen3.6-35B-A3B-FP8-without-reasoning,small,instance_00006,Played,1
6658,textmapworld,Qwen3.6-35B-A3B-FP8-without-reasoning,small,instance_00007,Played,1
6659,textmapworld,Qwen3.6-35B-A3B-FP8-without-reasoning,small,instance_00000,Played,1
6660,textmapworld,Qwen3.6-35B-A3B-FP8-without-reasoning,small,instance_00009,Played,1
6661,textmapworld,Qwen3.6-35B-A3B-FP8-without-reasoning,medium_cycle,instance_00034,Played,1
6662,textmapworld,Qwen3.6-35B-A3B-FP8-without-reasoning,medium_cycle,instance_00033,Played,1
6663,textmapworld,Qwen3.6-35B-A3B-FP8-without-reasoning,medium_cycle,instance_00032,Played,1
6664,textmapworld,Qwen3.6-35B-A3B-FP8-without-reasoning,medium_cycle,instance_00035,Played,1
6665,textmapworld,Qwen3.6-35B-A3B-FP8-without-reasoning,medium_cycle,instance_00030,Played,1
6666,textmapworld,Qwen3.6-35B-A3B-FP8-without-reasoning,medium_cycle,instance_00037,Played,1
6667,textmapworld,Qwen3.6-35B-A3B-FP8-without-reasoning,medium_cycle,instance_00039,Played,1
6668,textmapworld,Qwen3.6-35B-A3B-FP8-without-reasoning,medium_cycle,instance_00038,Played,1
6669,textmapworld,Qwen3.6-35B-A3B-FP8-without-reasoning,medium_cycle,instance_00036,Played,1
6670,textmapworld,Qwen3.6-35B-A3B-FP8-without-reasoning,medium_cycle,instance_00031,Played,1
6671,matchit_ascii,Qwen3.6-35B-A3B-FP8-without-reasoning,similar_grid_1,instance_00002,Played,1
6672,matchit_ascii,Qwen3.6-35B-A3B-FP8-without-reasoning,similar_grid_1,instance_00003,Played,1
6673,matchit_ascii,Qwen3.6-35B-A3B-FP8-without-reasoning,similar_grid_1,instance_00004,Played,1
6674,matchit_ascii,Qwen3.6-35B-A3B-FP8-without-reasoning,similar_grid_1,instance_00001,Played,1
6675,matchit_ascii,Qwen3.6-35B-A3B-FP8-without-reasoning,similar_grid_1,instance_00000,Played,1
6676,matchit_ascii,Qwen3.6-35B-A3B-FP8-without-reasoning,same_grid,instance_00002,Played,1
6677,matchit_ascii,Qwen3.6-35B-A3B-FP8-without-reasoning,same_grid,instance_00003,Played,1
6678,matchit_ascii,Qwen3.6-35B-A3B-FP8-without-reasoning,same_grid,instance_00004,Played,1
6679,matchit_ascii,Qwen3.6-35B-A3B-FP8-without-reasoning,same_grid,instance_00001,Played,1
6680,matchit_ascii,Qwen3.6-35B-A3B-FP8-without-reasoning,same_grid,instance_00000,Played,1
6681,matchit_ascii,Qwen3.6-35B-A3B-FP8-without-reasoning,similar_grid_2,instance_00002,Played,1
6682,matchit_ascii,Qwen3.6-35B-A3B-FP8-without-reasoning,similar_grid_2,instance_00003,Played,1
6683,matchit_ascii,Qwen3.6-35B-A3B-FP8-without-reasoning,similar_grid_2,instance_00004,Played,1
6684,matchit_ascii,Qwen3.6-35B-A3B-FP8-without-reasoning,similar_grid_2,instance_00001,Played,1
6685,matchit_ascii,Qwen3.6-35B-A3B-FP8-without-reasoning,similar_grid_2,instance_00000,Played,1
6686,matchit_ascii,Qwen3.6-35B-A3B-FP8-without-reasoning,different_grid,instance_00002,Played,1
6687,matchit_ascii,Qwen3.6-35B-A3B-FP8-without-reasoning,different_grid,instance_00003,Played,1
6688,matchit_ascii,Qwen3.6-35B-A3B-FP8-without-reasoning,different_grid,instance_00004,Played,1
6689,matchit_ascii,Qwen3.6-35B-A3B-FP8-without-reasoning,different_grid,instance_00001,Played,1
6690,matchit_ascii,Qwen3.6-35B-A3B-FP8-without-reasoning,different_grid,instance_00000,Played,1
6691,textmapworld_specificroom,Qwen3.6-35B-A3B-FP8-without-reasoning,close,instance_00017,Played,0
6692,textmapworld_specificroom,Qwen3.6-35B-A3B-FP8-without-reasoning,close,instance_00010,Played,1
6693,textmapworld_specificroom,Qwen3.6-35B-A3B-FP8-without-reasoning,close,instance_00019,Played,1
6694,textmapworld_specificroom,Qwen3.6-35B-A3B-FP8-without-reasoning,close,instance_00018,Played,1
6695,textmapworld_specificroom,Qwen3.6-35B-A3B-FP8-without-reasoning,close,instance_00011,Played,1
6696,textmapworld_specificroom,Qwen3.6-35B-A3B-FP8-without-reasoning,close,instance_00016,Played,1
6697,textmapworld_specificroom,Qwen3.6-35B-A3B-FP8-without-reasoning,close,instance_00013,Played,1
6698,textmapworld_specificroom,Qwen3.6-35B-A3B-FP8-without-reasoning,close,instance_00014,Played,1
6699,textmapworld_specificroom,Qwen3.6-35B-A3B-FP8-without-reasoning,close,instance_00015,Played,1
6700,textmapworld_specificroom,Qwen3.6-35B-A3B-FP8-without-reasoning,close,instance_00012,Played,1
6701,textmapworld_specificroom,Qwen3.6-35B-A3B-FP8-without-reasoning,far,instance_00028,Played,0
6702,textmapworld_specificroom,Qwen3.6-35B-A3B-FP8-without-reasoning,far,instance_00026,Played,1
6703,textmapworld_specificroom,Qwen3.6-35B-A3B-FP8-without-reasoning,far,instance_00021,Played,1
6704,textmapworld_specificroom,Qwen3.6-35B-A3B-FP8-without-reasoning,far,instance_00020,Played,0
6705,textmapworld_specificroom,Qwen3.6-35B-A3B-FP8-without-reasoning,far,instance_00027,Played,1
6706,textmapworld_specificroom,Qwen3.6-35B-A3B-FP8-without-reasoning,far,instance_00029,Played,1
6707,textmapworld_specificroom,Qwen3.6-35B-A3B-FP8-without-reasoning,far,instance_00022,Played,1
6708,textmapworld_specificroom,Qwen3.6-35B-A3B-FP8-without-reasoning,far,instance_00025,Played,1
6709,textmapworld_specificroom,Qwen3.6-35B-A3B-FP8-without-reasoning,far,instance_00024,Played,0
6710,textmapworld_specificroom,Qwen3.6-35B-A3B-FP8-without-reasoning,far,instance_00023,Played,1
6711,textmapworld_specificroom,Qwen3.6-35B-A3B-FP8-without-reasoning,on,instance_00005,Played,1
6712,textmapworld_specificroom,Qwen3.6-35B-A3B-FP8-without-reasoning,on,instance_00002,Played,1
6713,textmapworld_specificroom,Qwen3.6-35B-A3B-FP8-without-reasoning,on,instance_00003,Played,1
6714,textmapworld_specificroom,Qwen3.6-35B-A3B-FP8-without-reasoning,on,instance_00004,Played,1
6715,textmapworld_specificroom,Qwen3.6-35B-A3B-FP8-without-reasoning,on,instance_00008,Played,1
6716,textmapworld_specificroom,Qwen3.6-35B-A3B-FP8-without-reasoning,on,instance_00001,Played,1
6717,textmapworld_specificroom,Qwen3.6-35B-A3B-FP8-without-reasoning,on,instance_00006,Played,1
6718,textmapworld_specificroom,Qwen3.6-35B-A3B-FP8-without-reasoning,on,instance_00007,Played,1
6719,textmapworld_specificroom,Qwen3.6-35B-A3B-FP8-without-reasoning,on,instance_00000,Played,1
6720,textmapworld_specificroom,Qwen3.6-35B-A3B-FP8-without-reasoning,on,instance_00009,Played,0
6721,imagegame,Qwen3.6-35B-A3B-FP8-without-reasoning,random_grids,instance_00005,Played,1
6722,imagegame,Qwen3.6-35B-A3B-FP8-without-reasoning,random_grids,instance_00002,Played,1
6723,imagegame,Qwen3.6-35B-A3B-FP8-without-reasoning,random_grids,instance_00003,Played,1
6724,imagegame,Qwen3.6-35B-A3B-FP8-without-reasoning,random_grids,instance_00004,Played,1
6725,imagegame,Qwen3.6-35B-A3B-FP8-without-reasoning,random_grids,instance_00017,Played,1
6726,imagegame,Qwen3.6-35B-A3B-FP8-without-reasoning,random_grids,instance_00010,Played,1
6727,imagegame,Qwen3.6-35B-A3B-FP8-without-reasoning,random_grids,instance_00019,Played,1
6728,imagegame,Qwen3.6-35B-A3B-FP8-without-reasoning,random_grids,instance_00018,Played,1
6729,imagegame,Qwen3.6-35B-A3B-FP8-without-reasoning,random_grids,instance_00011,Played,1
6730,imagegame,Qwen3.6-35B-A3B-FP8-without-reasoning,random_grids,instance_00016,Played,1
6731,imagegame,Qwen3.6-35B-A3B-FP8-without-reasoning,random_grids,instance_00008,Played,1
6732,imagegame,Qwen3.6-35B-A3B-FP8-without-reasoning,random_grids,instance_00001,Played,1
6733,imagegame,Qwen3.6-35B-A3B-FP8-without-reasoning,random_grids,instance_00006,Played,1
6734,imagegame,Qwen3.6-35B-A3B-FP8-without-reasoning,random_grids,instance_00007,Played,1
6735,imagegame,Qwen3.6-35B-A3B-FP8-without-reasoning,random_grids,instance_00000,Played,1
6736,imagegame,Qwen3.6-35B-A3B-FP8-without-reasoning,random_grids,instance_00009,Played,1
6737,imagegame,Qwen3.6-35B-A3B-FP8-without-reasoning,random_grids,instance_00013,Played,1
6738,imagegame,Qwen3.6-35B-A3B-FP8-without-reasoning,random_grids,instance_00014,Played,1
6739,imagegame,Qwen3.6-35B-A3B-FP8-without-reasoning,random_grids,instance_00015,Played,1
6740,imagegame,Qwen3.6-35B-A3B-FP8-without-reasoning,random_grids,instance_00012,Played,1
6741,imagegame,Qwen3.6-35B-A3B-FP8-without-reasoning,compact_grids,instance_00005,Played,1
6742,imagegame,Qwen3.6-35B-A3B-FP8-without-reasoning,compact_grids,instance_00002,Played,1
6743,imagegame,Qwen3.6-35B-A3B-FP8-without-reasoning,compact_grids,instance_00003,Played,1
6744,imagegame,Qwen3.6-35B-A3B-FP8-without-reasoning,compact_grids,instance_00004,Played,1
6745,imagegame,Qwen3.6-35B-A3B-FP8-without-reasoning,compact_grids,instance_00017,Played,1
6746,imagegame,Qwen3.6-35B-A3B-FP8-without-reasoning,compact_grids,instance_00010,Played,1
6747,imagegame,Qwen3.6-35B-A3B-FP8-without-reasoning,compact_grids,instance_00019,Played,1
6748,imagegame,Qwen3.6-35B-A3B-FP8-without-reasoning,compact_grids,instance_00018,Played,1
6749,imagegame,Qwen3.6-35B-A3B-FP8-without-reasoning,compact_grids,instance_00011,Played,1
6750,imagegame,Qwen3.6-35B-A3B-FP8-without-reasoning,compact_grids,instance_00016,Played,1
6751,imagegame,Qwen3.6-35B-A3B-FP8-without-reasoning,compact_grids,instance_00008,Played,1
6752,imagegame,Qwen3.6-35B-A3B-FP8-without-reasoning,compact_grids,instance_00001,Played,1
6753,imagegame,Qwen3.6-35B-A3B-FP8-without-reasoning,compact_grids,instance_00006,Played,1
6754,imagegame,Qwen3.6-35B-A3B-FP8-without-reasoning,compact_grids,instance_00007,Played,1
6755,imagegame,Qwen3.6-35B-A3B-FP8-without-reasoning,compact_grids,instance_00000,Played,1
6756,imagegame,Qwen3.6-35B-A3B-FP8-without-reasoning,compact_grids,instance_00009,Played,1
6757,imagegame,Qwen3.6-35B-A3B-FP8-without-reasoning,compact_grids,instance_00013,Played,1
6758,imagegame,Qwen3.6-35B-A3B-FP8-without-reasoning,compact_grids,instance_00014,Played,1
6759,imagegame,Qwen3.6-35B-A3B-FP8-without-reasoning,compact_grids,instance_00015,Played,1
6760,imagegame,Qwen3.6-35B-A3B-FP8-without-reasoning,compact_grids,instance_00012,Played,1
6761,codenames,Qwen3.6-35B-A3B-FP8-without-reasoning,opponent_difficult,instance_00002,Played,0
6762,codenames,Qwen3.6-35B-A3B-FP8-without-reasoning,opponent_difficult,instance_00003,Played,1
6763,codenames,Qwen3.6-35B-A3B-FP8-without-reasoning,opponent_difficult,instance_00004,Played,1
6764,codenames,Qwen3.6-35B-A3B-FP8-without-reasoning,opponent_difficult,instance_00001,Played,1
6765,codenames,Qwen3.6-35B-A3B-FP8-without-reasoning,opponent_difficult,instance_00000,Played,1
6766,codenames,Qwen3.6-35B-A3B-FP8-without-reasoning,risk_low,instance_00002,Played,1
6767,codenames,Qwen3.6-35B-A3B-FP8-without-reasoning,risk_low,instance_00003,Played,1
6768,codenames,Qwen3.6-35B-A3B-FP8-without-reasoning,risk_low,instance_00004,Played,1
6769,codenames,Qwen3.6-35B-A3B-FP8-without-reasoning,risk_low,instance_00001,Played,1
6770,codenames,Qwen3.6-35B-A3B-FP8-without-reasoning,risk_low,instance_00000,Played,1
6771,codenames,Qwen3.6-35B-A3B-FP8-without-reasoning,opponent_none,instance_00002,Played,1
6772,codenames,Qwen3.6-35B-A3B-FP8-without-reasoning,opponent_none,instance_00003,Played,1
6773,codenames,Qwen3.6-35B-A3B-FP8-without-reasoning,opponent_none,instance_00004,Played,0
6774,codenames,Qwen3.6-35B-A3B-FP8-without-reasoning,opponent_none,instance_00001,Played,1
6775,codenames,Qwen3.6-35B-A3B-FP8-without-reasoning,opponent_none,instance_00000,Played,1
6776,codenames,Qwen3.6-35B-A3B-FP8-without-reasoning,risk_high,instance_00002,Played,1
6777,codenames,Qwen3.6-35B-A3B-FP8-without-reasoning,risk_high,instance_00003,Played,1
6778,codenames,Qwen3.6-35B-A3B-FP8-without-reasoning,risk_high,instance_00004,Played,1
6779,codenames,Qwen3.6-35B-A3B-FP8-without-reasoning,risk_high,instance_00001,Played,1
6780,codenames,Qwen3.6-35B-A3B-FP8-without-reasoning,risk_high,instance_00000,Played,1
6781,codenames,Qwen3.6-35B-A3B-FP8-without-reasoning,opponent_easy,instance_00002,Played,1
6782,codenames,Qwen3.6-35B-A3B-FP8-without-reasoning,opponent_easy,instance_00003,Played,1
6783,codenames,Qwen3.6-35B-A3B-FP8-without-reasoning,opponent_easy,instance_00004,Played,0
6784,codenames,Qwen3.6-35B-A3B-FP8-without-reasoning,opponent_easy,instance_00001,Played,1
6785,codenames,Qwen3.6-35B-A3B-FP8-without-reasoning,opponent_easy,instance_00000,Played,1
6786,codenames,Qwen3.6-35B-A3B-FP8-without-reasoning,association_difficult,instance_00002,Played,0
6787,codenames,Qwen3.6-35B-A3B-FP8-without-reasoning,association_difficult,instance_00003,Played,1
6788,codenames,Qwen3.6-35B-A3B-FP8-without-reasoning,association_difficult,instance_00004,Played,0
6789,codenames,Qwen3.6-35B-A3B-FP8-without-reasoning,association_difficult,instance_00001,Played,1
6790,codenames,Qwen3.6-35B-A3B-FP8-without-reasoning,association_difficult,instance_00000,Played,1
6791,codenames,Qwen3.6-35B-A3B-FP8-without-reasoning,association_easy,instance_00002,Played,1
6792,codenames,Qwen3.6-35B-A3B-FP8-without-reasoning,association_easy,instance_00003,Played,1
6793,codenames,Qwen3.6-35B-A3B-FP8-without-reasoning,association_easy,instance_00004,Played,1
6794,codenames,Qwen3.6-35B-A3B-FP8-without-reasoning,association_easy,instance_00001,Played,1
6795,codenames,Qwen3.6-35B-A3B-FP8-without-reasoning,association_easy,instance_00000,Played,0
