,game,model,experiment,episode,metric,value
0,taboo,Qwen3.6-35B-A3B-FP8-without-reasoning,low_ro,instance_00005,Violated Request Count,0.0
1,taboo,Qwen3.6-35B-A3B-FP8-without-reasoning,low_ro,instance_00005,Parsed Request Count,1.0
2,taboo,Qwen3.6-35B-A3B-FP8-without-reasoning,low_ro,instance_00005,Request Count,1.0
3,taboo,Qwen3.6-35B-A3B-FP8-without-reasoning,low_ro,instance_00005,Request Success Ratio,1.0
4,taboo,Qwen3.6-35B-A3B-FP8-without-reasoning,low_ro,instance_00005,Aborted,0.0
5,taboo,Qwen3.6-35B-A3B-FP8-without-reasoning,low_ro,instance_00005,Success,1.0
6,taboo,Qwen3.6-35B-A3B-FP8-without-reasoning,low_ro,instance_00005,Lose,0.0
7,taboo,Qwen3.6-35B-A3B-FP8-without-reasoning,low_ro,instance_00005,Main Score,100.0
8,taboo,Qwen3.6-35B-A3B-FP8-without-reasoning,low_ro,instance_00005,Repetition-Guesser,0.0
9,taboo,Qwen3.6-35B-A3B-FP8-without-reasoning,low_ro,instance_00005,Repetition-Describer,0.0
10,taboo,Qwen3.6-35B-A3B-FP8-without-reasoning,low_ro,instance_00002,Violated Request Count,0.0
11,taboo,Qwen3.6-35B-A3B-FP8-without-reasoning,low_ro,instance_00002,Parsed Request Count,1.0
12,taboo,Qwen3.6-35B-A3B-FP8-without-reasoning,low_ro,instance_00002,Request Count,1.0
13,taboo,Qwen3.6-35B-A3B-FP8-without-reasoning,low_ro,instance_00002,Request Success Ratio,1.0
14,taboo,Qwen3.6-35B-A3B-FP8-without-reasoning,low_ro,instance_00002,Aborted,0.0
15,taboo,Qwen3.6-35B-A3B-FP8-without-reasoning,low_ro,instance_00002,Success,0.0
16,taboo,Qwen3.6-35B-A3B-FP8-without-reasoning,low_ro,instance_00002,Lose,1.0
17,taboo,Qwen3.6-35B-A3B-FP8-without-reasoning,low_ro,instance_00002,Main Score,0.0
18,taboo,Qwen3.6-35B-A3B-FP8-without-reasoning,low_ro,instance_00002,Repetition-Guesser,0.0
19,taboo,Qwen3.6-35B-A3B-FP8-without-reasoning,low_ro,instance_00002,Repetition-Describer,0.0
20,taboo,Qwen3.6-35B-A3B-FP8-without-reasoning,low_ro,instance_00003,Violated Request Count,0.0
21,taboo,Qwen3.6-35B-A3B-FP8-without-reasoning,low_ro,instance_00003,Parsed Request Count,1.0
22,taboo,Qwen3.6-35B-A3B-FP8-without-reasoning,low_ro,instance_00003,Request Count,1.0
23,taboo,Qwen3.6-35B-A3B-FP8-without-reasoning,low_ro,instance_00003,Request Success Ratio,1.0
24,taboo,Qwen3.6-35B-A3B-FP8-without-reasoning,low_ro,instance_00003,Aborted,0.0
25,taboo,Qwen3.6-35B-A3B-FP8-without-reasoning,low_ro,instance_00003,Success,1.0
26,taboo,Qwen3.6-35B-A3B-FP8-without-reasoning,low_ro,instance_00003,Lose,0.0
27,taboo,Qwen3.6-35B-A3B-FP8-without-reasoning,low_ro,instance_00003,Main Score,100.0
28,taboo,Qwen3.6-35B-A3B-FP8-without-reasoning,low_ro,instance_00003,Repetition-Guesser,0.0
29,taboo,Qwen3.6-35B-A3B-FP8-without-reasoning,low_ro,instance_00003,Repetition-Describer,0.0
30,taboo,Qwen3.6-35B-A3B-FP8-without-reasoning,low_ro,instance_00004,Violated Request Count,0.0
31,taboo,Qwen3.6-35B-A3B-FP8-without-reasoning,low_ro,instance_00004,Parsed Request Count,1.0
32,taboo,Qwen3.6-35B-A3B-FP8-without-reasoning,low_ro,instance_00004,Request Count,1.0
33,taboo,Qwen3.6-35B-A3B-FP8-without-reasoning,low_ro,instance_00004,Request Success Ratio,1.0
34,taboo,Qwen3.6-35B-A3B-FP8-without-reasoning,low_ro,instance_00004,Aborted,0.0
35,taboo,Qwen3.6-35B-A3B-FP8-without-reasoning,low_ro,instance_00004,Success,1.0
36,taboo,Qwen3.6-35B-A3B-FP8-without-reasoning,low_ro,instance_00004,Lose,0.0
37,taboo,Qwen3.6-35B-A3B-FP8-without-reasoning,low_ro,instance_00004,Main Score,100.0
38,taboo,Qwen3.6-35B-A3B-FP8-without-reasoning,low_ro,instance_00004,Repetition-Guesser,0.0
39,taboo,Qwen3.6-35B-A3B-FP8-without-reasoning,low_ro,instance_00004,Repetition-Describer,0.0
40,taboo,Qwen3.6-35B-A3B-FP8-without-reasoning,low_ro,instance_00008,Violated Request Count,0.0
41,taboo,Qwen3.6-35B-A3B-FP8-without-reasoning,low_ro,instance_00008,Parsed Request Count,2.0
42,taboo,Qwen3.6-35B-A3B-FP8-without-reasoning,low_ro,instance_00008,Request Count,2.0
43,taboo,Qwen3.6-35B-A3B-FP8-without-reasoning,low_ro,instance_00008,Request Success Ratio,1.0
44,taboo,Qwen3.6-35B-A3B-FP8-without-reasoning,low_ro,instance_00008,Aborted,0.0
45,taboo,Qwen3.6-35B-A3B-FP8-without-reasoning,low_ro,instance_00008,Success,0.0
46,taboo,Qwen3.6-35B-A3B-FP8-without-reasoning,low_ro,instance_00008,Lose,1.0
47,taboo,Qwen3.6-35B-A3B-FP8-without-reasoning,low_ro,instance_00008,Main Score,0.0
48,taboo,Qwen3.6-35B-A3B-FP8-without-reasoning,low_ro,instance_00008,Repetition-Guesser,0.0
49,taboo,Qwen3.6-35B-A3B-FP8-without-reasoning,low_ro,instance_00008,Repetition-Describer,0.0
50,taboo,Qwen3.6-35B-A3B-FP8-without-reasoning,low_ro,instance_00001,Violated Request Count,0.0
51,taboo,Qwen3.6-35B-A3B-FP8-without-reasoning,low_ro,instance_00001,Parsed Request Count,1.0
52,taboo,Qwen3.6-35B-A3B-FP8-without-reasoning,low_ro,instance_00001,Request Count,1.0
53,taboo,Qwen3.6-35B-A3B-FP8-without-reasoning,low_ro,instance_00001,Request Success Ratio,1.0
54,taboo,Qwen3.6-35B-A3B-FP8-without-reasoning,low_ro,instance_00001,Aborted,0.0
55,taboo,Qwen3.6-35B-A3B-FP8-without-reasoning,low_ro,instance_00001,Success,1.0
56,taboo,Qwen3.6-35B-A3B-FP8-without-reasoning,low_ro,instance_00001,Lose,0.0
57,taboo,Qwen3.6-35B-A3B-FP8-without-reasoning,low_ro,instance_00001,Main Score,100.0
58,taboo,Qwen3.6-35B-A3B-FP8-without-reasoning,low_ro,instance_00001,Repetition-Guesser,0.0
59,taboo,Qwen3.6-35B-A3B-FP8-without-reasoning,low_ro,instance_00001,Repetition-Describer,0.0
60,taboo,Qwen3.6-35B-A3B-FP8-without-reasoning,low_ro,instance_00006,Violated Request Count,0.0
61,taboo,Qwen3.6-35B-A3B-FP8-without-reasoning,low_ro,instance_00006,Parsed Request Count,3.0
62,taboo,Qwen3.6-35B-A3B-FP8-without-reasoning,low_ro,instance_00006,Request Count,3.0
63,taboo,Qwen3.6-35B-A3B-FP8-without-reasoning,low_ro,instance_00006,Request Success Ratio,1.0
64,taboo,Qwen3.6-35B-A3B-FP8-without-reasoning,low_ro,instance_00006,Aborted,0.0
65,taboo,Qwen3.6-35B-A3B-FP8-without-reasoning,low_ro,instance_00006,Success,1.0
66,taboo,Qwen3.6-35B-A3B-FP8-without-reasoning,low_ro,instance_00006,Lose,0.0
67,taboo,Qwen3.6-35B-A3B-FP8-without-reasoning,low_ro,instance_00006,Main Score,33.333333333333336
68,taboo,Qwen3.6-35B-A3B-FP8-without-reasoning,low_ro,instance_00006,Repetition-Guesser,0.0
69,taboo,Qwen3.6-35B-A3B-FP8-without-reasoning,low_ro,instance_00006,Repetition-Describer,0.0
70,taboo,Qwen3.6-35B-A3B-FP8-without-reasoning,low_ro,instance_00007,Violated Request Count,0.0
71,taboo,Qwen3.6-35B-A3B-FP8-without-reasoning,low_ro,instance_00007,Parsed Request Count,2.0
72,taboo,Qwen3.6-35B-A3B-FP8-without-reasoning,low_ro,instance_00007,Request Count,2.0
73,taboo,Qwen3.6-35B-A3B-FP8-without-reasoning,low_ro,instance_00007,Request Success Ratio,1.0
74,taboo,Qwen3.6-35B-A3B-FP8-without-reasoning,low_ro,instance_00007,Aborted,0.0
75,taboo,Qwen3.6-35B-A3B-FP8-without-reasoning,low_ro,instance_00007,Success,1.0
76,taboo,Qwen3.6-35B-A3B-FP8-without-reasoning,low_ro,instance_00007,Lose,0.0
77,taboo,Qwen3.6-35B-A3B-FP8-without-reasoning,low_ro,instance_00007,Main Score,50.0
78,taboo,Qwen3.6-35B-A3B-FP8-without-reasoning,low_ro,instance_00007,Repetition-Guesser,0.0
79,taboo,Qwen3.6-35B-A3B-FP8-without-reasoning,low_ro,instance_00007,Repetition-Describer,0.0
80,taboo,Qwen3.6-35B-A3B-FP8-without-reasoning,low_ro,instance_00000,Violated Request Count,0.0
81,taboo,Qwen3.6-35B-A3B-FP8-without-reasoning,low_ro,instance_00000,Parsed Request Count,3.0
82,taboo,Qwen3.6-35B-A3B-FP8-without-reasoning,low_ro,instance_00000,Request Count,3.0
83,taboo,Qwen3.6-35B-A3B-FP8-without-reasoning,low_ro,instance_00000,Request Success Ratio,1.0
84,taboo,Qwen3.6-35B-A3B-FP8-without-reasoning,low_ro,instance_00000,Aborted,0.0
85,taboo,Qwen3.6-35B-A3B-FP8-without-reasoning,low_ro,instance_00000,Success,0.0
86,taboo,Qwen3.6-35B-A3B-FP8-without-reasoning,low_ro,instance_00000,Lose,1.0
87,taboo,Qwen3.6-35B-A3B-FP8-without-reasoning,low_ro,instance_00000,Main Score,0.0
88,taboo,Qwen3.6-35B-A3B-FP8-without-reasoning,low_ro,instance_00000,Repetition-Guesser,0.0
89,taboo,Qwen3.6-35B-A3B-FP8-without-reasoning,low_ro,instance_00000,Repetition-Describer,0.0
90,taboo,Qwen3.6-35B-A3B-FP8-without-reasoning,low_ro,instance_00009,Violated Request Count,0.0
91,taboo,Qwen3.6-35B-A3B-FP8-without-reasoning,low_ro,instance_00009,Parsed Request Count,1.0
92,taboo,Qwen3.6-35B-A3B-FP8-without-reasoning,low_ro,instance_00009,Request Count,1.0
93,taboo,Qwen3.6-35B-A3B-FP8-without-reasoning,low_ro,instance_00009,Request Success Ratio,1.0
94,taboo,Qwen3.6-35B-A3B-FP8-without-reasoning,low_ro,instance_00009,Aborted,0.0
95,taboo,Qwen3.6-35B-A3B-FP8-without-reasoning,low_ro,instance_00009,Success,1.0
96,taboo,Qwen3.6-35B-A3B-FP8-without-reasoning,low_ro,instance_00009,Lose,0.0
97,taboo,Qwen3.6-35B-A3B-FP8-without-reasoning,low_ro,instance_00009,Main Score,100.0
98,taboo,Qwen3.6-35B-A3B-FP8-without-reasoning,low_ro,instance_00009,Repetition-Guesser,0.0
99,taboo,Qwen3.6-35B-A3B-FP8-without-reasoning,low_ro,instance_00009,Repetition-Describer,0.0
100,taboo,Qwen3.6-35B-A3B-FP8-without-reasoning,high_ro,instance_00005,Violated Request Count,0.0
101,taboo,Qwen3.6-35B-A3B-FP8-without-reasoning,high_ro,instance_00005,Parsed Request Count,2.0
102,taboo,Qwen3.6-35B-A3B-FP8-without-reasoning,high_ro,instance_00005,Request Count,2.0
103,taboo,Qwen3.6-35B-A3B-FP8-without-reasoning,high_ro,instance_00005,Request Success Ratio,1.0
104,taboo,Qwen3.6-35B-A3B-FP8-without-reasoning,high_ro,instance_00005,Aborted,0.0
105,taboo,Qwen3.6-35B-A3B-FP8-without-reasoning,high_ro,instance_00005,Success,1.0
106,taboo,Qwen3.6-35B-A3B-FP8-without-reasoning,high_ro,instance_00005,Lose,0.0
107,taboo,Qwen3.6-35B-A3B-FP8-without-reasoning,high_ro,instance_00005,Main Score,50.0
108,taboo,Qwen3.6-35B-A3B-FP8-without-reasoning,high_ro,instance_00005,Repetition-Guesser,0.0
109,taboo,Qwen3.6-35B-A3B-FP8-without-reasoning,high_ro,instance_00005,Repetition-Describer,0.0
110,taboo,Qwen3.6-35B-A3B-FP8-without-reasoning,high_ro,instance_00002,Violated Request Count,0.0
111,taboo,Qwen3.6-35B-A3B-FP8-without-reasoning,high_ro,instance_00002,Parsed Request Count,3.0
112,taboo,Qwen3.6-35B-A3B-FP8-without-reasoning,high_ro,instance_00002,Request Count,3.0
113,taboo,Qwen3.6-35B-A3B-FP8-without-reasoning,high_ro,instance_00002,Request Success Ratio,1.0
114,taboo,Qwen3.6-35B-A3B-FP8-without-reasoning,high_ro,instance_00002,Aborted,0.0
115,taboo,Qwen3.6-35B-A3B-FP8-without-reasoning,high_ro,instance_00002,Success,1.0
116,taboo,Qwen3.6-35B-A3B-FP8-without-reasoning,high_ro,instance_00002,Lose,0.0
117,taboo,Qwen3.6-35B-A3B-FP8-without-reasoning,high_ro,instance_00002,Main Score,33.333333333333336
118,taboo,Qwen3.6-35B-A3B-FP8-without-reasoning,high_ro,instance_00002,Repetition-Guesser,0.0
119,taboo,Qwen3.6-35B-A3B-FP8-without-reasoning,high_ro,instance_00002,Repetition-Describer,0.0
120,taboo,Qwen3.6-35B-A3B-FP8-without-reasoning,high_ro,instance_00003,Violated Request Count,0.0
121,taboo,Qwen3.6-35B-A3B-FP8-without-reasoning,high_ro,instance_00003,Parsed Request Count,3.0
122,taboo,Qwen3.6-35B-A3B-FP8-without-reasoning,high_ro,instance_00003,Request Count,3.0
123,taboo,Qwen3.6-35B-A3B-FP8-without-reasoning,high_ro,instance_00003,Request Success Ratio,1.0
124,taboo,Qwen3.6-35B-A3B-FP8-without-reasoning,high_ro,instance_00003,Aborted,0.0
125,taboo,Qwen3.6-35B-A3B-FP8-without-reasoning,high_ro,instance_00003,Success,0.0
126,taboo,Qwen3.6-35B-A3B-FP8-without-reasoning,high_ro,instance_00003,Lose,1.0
127,taboo,Qwen3.6-35B-A3B-FP8-without-reasoning,high_ro,instance_00003,Main Score,0.0
128,taboo,Qwen3.6-35B-A3B-FP8-without-reasoning,high_ro,instance_00003,Repetition-Guesser,0.0
129,taboo,Qwen3.6-35B-A3B-FP8-without-reasoning,high_ro,instance_00003,Repetition-Describer,0.0
130,taboo,Qwen3.6-35B-A3B-FP8-without-reasoning,high_ro,instance_00004,Violated Request Count,0.0
131,taboo,Qwen3.6-35B-A3B-FP8-without-reasoning,high_ro,instance_00004,Parsed Request Count,3.0
132,taboo,Qwen3.6-35B-A3B-FP8-without-reasoning,high_ro,instance_00004,Request Count,3.0
133,taboo,Qwen3.6-35B-A3B-FP8-without-reasoning,high_ro,instance_00004,Request Success Ratio,1.0
134,taboo,Qwen3.6-35B-A3B-FP8-without-reasoning,high_ro,instance_00004,Aborted,0.0
135,taboo,Qwen3.6-35B-A3B-FP8-without-reasoning,high_ro,instance_00004,Success,1.0
136,taboo,Qwen3.6-35B-A3B-FP8-without-reasoning,high_ro,instance_00004,Lose,0.0
137,taboo,Qwen3.6-35B-A3B-FP8-without-reasoning,high_ro,instance_00004,Main Score,33.333333333333336
138,taboo,Qwen3.6-35B-A3B-FP8-without-reasoning,high_ro,instance_00004,Repetition-Guesser,0.0
139,taboo,Qwen3.6-35B-A3B-FP8-without-reasoning,high_ro,instance_00004,Repetition-Describer,0.0
140,taboo,Qwen3.6-35B-A3B-FP8-without-reasoning,high_ro,instance_00008,Violated Request Count,0.0
141,taboo,Qwen3.6-35B-A3B-FP8-without-reasoning,high_ro,instance_00008,Parsed Request Count,1.0
142,taboo,Qwen3.6-35B-A3B-FP8-without-reasoning,high_ro,instance_00008,Request Count,1.0
143,taboo,Qwen3.6-35B-A3B-FP8-without-reasoning,high_ro,instance_00008,Request Success Ratio,1.0
144,taboo,Qwen3.6-35B-A3B-FP8-without-reasoning,high_ro,instance_00008,Aborted,0.0
145,taboo,Qwen3.6-35B-A3B-FP8-without-reasoning,high_ro,instance_00008,Success,1.0
146,taboo,Qwen3.6-35B-A3B-FP8-without-reasoning,high_ro,instance_00008,Lose,0.0
147,taboo,Qwen3.6-35B-A3B-FP8-without-reasoning,high_ro,instance_00008,Main Score,100.0
148,taboo,Qwen3.6-35B-A3B-FP8-without-reasoning,high_ro,instance_00008,Repetition-Guesser,0.0
149,taboo,Qwen3.6-35B-A3B-FP8-without-reasoning,high_ro,instance_00008,Repetition-Describer,0.0
150,taboo,Qwen3.6-35B-A3B-FP8-without-reasoning,high_ro,instance_00001,Violated Request Count,0.0
151,taboo,Qwen3.6-35B-A3B-FP8-without-reasoning,high_ro,instance_00001,Parsed Request Count,3.0
152,taboo,Qwen3.6-35B-A3B-FP8-without-reasoning,high_ro,instance_00001,Request Count,3.0
153,taboo,Qwen3.6-35B-A3B-FP8-without-reasoning,high_ro,instance_00001,Request Success Ratio,1.0
154,taboo,Qwen3.6-35B-A3B-FP8-without-reasoning,high_ro,instance_00001,Aborted,0.0
155,taboo,Qwen3.6-35B-A3B-FP8-without-reasoning,high_ro,instance_00001,Success,0.0
156,taboo,Qwen3.6-35B-A3B-FP8-without-reasoning,high_ro,instance_00001,Lose,1.0
157,taboo,Qwen3.6-35B-A3B-FP8-without-reasoning,high_ro,instance_00001,Main Score,0.0
158,taboo,Qwen3.6-35B-A3B-FP8-without-reasoning,high_ro,instance_00001,Repetition-Guesser,0.0
159,taboo,Qwen3.6-35B-A3B-FP8-without-reasoning,high_ro,instance_00001,Repetition-Describer,0.0
160,taboo,Qwen3.6-35B-A3B-FP8-without-reasoning,high_ro,instance_00006,Violated Request Count,1.0
161,taboo,Qwen3.6-35B-A3B-FP8-without-reasoning,high_ro,instance_00006,Parsed Request Count,1.0
162,taboo,Qwen3.6-35B-A3B-FP8-without-reasoning,high_ro,instance_00006,Request Count,2.0
163,taboo,Qwen3.6-35B-A3B-FP8-without-reasoning,high_ro,instance_00006,Request Success Ratio,0.5
164,taboo,Qwen3.6-35B-A3B-FP8-without-reasoning,high_ro,instance_00006,Aborted,1.0
165,taboo,Qwen3.6-35B-A3B-FP8-without-reasoning,high_ro,instance_00006,Success,0.0
166,taboo,Qwen3.6-35B-A3B-FP8-without-reasoning,high_ro,instance_00006,Lose,0.0
167,taboo,Qwen3.6-35B-A3B-FP8-without-reasoning,high_ro,instance_00006,Main Score,
168,taboo,Qwen3.6-35B-A3B-FP8-without-reasoning,high_ro,instance_00006,Repetition-Guesser,0.0
169,taboo,Qwen3.6-35B-A3B-FP8-without-reasoning,high_ro,instance_00006,Repetition-Describer,0.0
170,taboo,Qwen3.6-35B-A3B-FP8-without-reasoning,high_ro,instance_00007,Violated Request Count,0.0
171,taboo,Qwen3.6-35B-A3B-FP8-without-reasoning,high_ro,instance_00007,Parsed Request Count,1.0
172,taboo,Qwen3.6-35B-A3B-FP8-without-reasoning,high_ro,instance_00007,Request Count,1.0
173,taboo,Qwen3.6-35B-A3B-FP8-without-reasoning,high_ro,instance_00007,Request Success Ratio,1.0
174,taboo,Qwen3.6-35B-A3B-FP8-without-reasoning,high_ro,instance_00007,Aborted,0.0
175,taboo,Qwen3.6-35B-A3B-FP8-without-reasoning,high_ro,instance_00007,Success,1.0
176,taboo,Qwen3.6-35B-A3B-FP8-without-reasoning,high_ro,instance_00007,Lose,0.0
177,taboo,Qwen3.6-35B-A3B-FP8-without-reasoning,high_ro,instance_00007,Main Score,100.0
178,taboo,Qwen3.6-35B-A3B-FP8-without-reasoning,high_ro,instance_00007,Repetition-Guesser,0.0
179,taboo,Qwen3.6-35B-A3B-FP8-without-reasoning,high_ro,instance_00007,Repetition-Describer,0.0
180,taboo,Qwen3.6-35B-A3B-FP8-without-reasoning,high_ro,instance_00000,Violated Request Count,0.0
181,taboo,Qwen3.6-35B-A3B-FP8-without-reasoning,high_ro,instance_00000,Parsed Request Count,1.0
182,taboo,Qwen3.6-35B-A3B-FP8-without-reasoning,high_ro,instance_00000,Request Count,1.0
183,taboo,Qwen3.6-35B-A3B-FP8-without-reasoning,high_ro,instance_00000,Request Success Ratio,1.0
184,taboo,Qwen3.6-35B-A3B-FP8-without-reasoning,high_ro,instance_00000,Aborted,0.0
185,taboo,Qwen3.6-35B-A3B-FP8-without-reasoning,high_ro,instance_00000,Success,1.0
186,taboo,Qwen3.6-35B-A3B-FP8-without-reasoning,high_ro,instance_00000,Lose,0.0
187,taboo,Qwen3.6-35B-A3B-FP8-without-reasoning,high_ro,instance_00000,Main Score,100.0
188,taboo,Qwen3.6-35B-A3B-FP8-without-reasoning,high_ro,instance_00000,Repetition-Guesser,0.0
189,taboo,Qwen3.6-35B-A3B-FP8-without-reasoning,high_ro,instance_00000,Repetition-Describer,0.0
190,taboo,Qwen3.6-35B-A3B-FP8-without-reasoning,high_ro,instance_00009,Violated Request Count,0.0
191,taboo,Qwen3.6-35B-A3B-FP8-without-reasoning,high_ro,instance_00009,Parsed Request Count,2.0
192,taboo,Qwen3.6-35B-A3B-FP8-without-reasoning,high_ro,instance_00009,Request Count,2.0
193,taboo,Qwen3.6-35B-A3B-FP8-without-reasoning,high_ro,instance_00009,Request Success Ratio,1.0
194,taboo,Qwen3.6-35B-A3B-FP8-without-reasoning,high_ro,instance_00009,Aborted,0.0
195,taboo,Qwen3.6-35B-A3B-FP8-without-reasoning,high_ro,instance_00009,Success,1.0
196,taboo,Qwen3.6-35B-A3B-FP8-without-reasoning,high_ro,instance_00009,Lose,0.0
197,taboo,Qwen3.6-35B-A3B-FP8-without-reasoning,high_ro,instance_00009,Main Score,50.0
198,taboo,Qwen3.6-35B-A3B-FP8-without-reasoning,high_ro,instance_00009,Repetition-Guesser,0.0
199,taboo,Qwen3.6-35B-A3B-FP8-without-reasoning,high_ro,instance_00009,Repetition-Describer,0.0
200,hot_air_balloon,Qwen3.6-35B-A3B-FP8-without-reasoning,air_balloon_survival_ro_complexity_hard,instance_00002,Request Count,8.0
201,hot_air_balloon,Qwen3.6-35B-A3B-FP8-without-reasoning,air_balloon_survival_ro_complexity_hard,instance_00002,Parsed Request Count,8.0
202,hot_air_balloon,Qwen3.6-35B-A3B-FP8-without-reasoning,air_balloon_survival_ro_complexity_hard,instance_00002,Violated Request Count,0.0
203,hot_air_balloon,Qwen3.6-35B-A3B-FP8-without-reasoning,air_balloon_survival_ro_complexity_hard,instance_00002,Request Success Ratio,1.0
204,hot_air_balloon,Qwen3.6-35B-A3B-FP8-without-reasoning,air_balloon_survival_ro_complexity_hard,instance_00002,Aborted,0.0
205,hot_air_balloon,Qwen3.6-35B-A3B-FP8-without-reasoning,air_balloon_survival_ro_complexity_hard,instance_00002,Lose,0.0
206,hot_air_balloon,Qwen3.6-35B-A3B-FP8-without-reasoning,air_balloon_survival_ro_complexity_hard,instance_00002,Success,1.0
207,hot_air_balloon,Qwen3.6-35B-A3B-FP8-without-reasoning,air_balloon_survival_ro_complexity_hard,instance_00002,Violations Player 1,0.0
208,hot_air_balloon,Qwen3.6-35B-A3B-FP8-without-reasoning,air_balloon_survival_ro_complexity_hard,instance_00002,Violations Player 2,0.0
209,hot_air_balloon,Qwen3.6-35B-A3B-FP8-without-reasoning,air_balloon_survival_ro_complexity_hard,instance_00002,Total Violations,0.0
210,hot_air_balloon,Qwen3.6-35B-A3B-FP8-without-reasoning,air_balloon_survival_ro_complexity_hard,instance_00002,Normalized Utility Player 1,87.41529525653436
211,hot_air_balloon,Qwen3.6-35B-A3B-FP8-without-reasoning,air_balloon_survival_ro_complexity_hard,instance_00002,Normalized Utility Player 2,87.41529525653436
212,hot_air_balloon,Qwen3.6-35B-A3B-FP8-without-reasoning,air_balloon_survival_ro_complexity_hard,instance_00002,Harmonic Mean Score,87.41529525653436
213,hot_air_balloon,Qwen3.6-35B-A3B-FP8-without-reasoning,air_balloon_survival_ro_complexity_hard,instance_00002,Main Score,87.41529525653436
214,hot_air_balloon,Qwen3.6-35B-A3B-FP8-without-reasoning,air_balloon_survival_ro_complexity_hard,instance_00003,Request Count,6.0
215,hot_air_balloon,Qwen3.6-35B-A3B-FP8-without-reasoning,air_balloon_survival_ro_complexity_hard,instance_00003,Parsed Request Count,6.0
216,hot_air_balloon,Qwen3.6-35B-A3B-FP8-without-reasoning,air_balloon_survival_ro_complexity_hard,instance_00003,Violated Request Count,0.0
217,hot_air_balloon,Qwen3.6-35B-A3B-FP8-without-reasoning,air_balloon_survival_ro_complexity_hard,instance_00003,Request Success Ratio,1.0
218,hot_air_balloon,Qwen3.6-35B-A3B-FP8-without-reasoning,air_balloon_survival_ro_complexity_hard,instance_00003,Aborted,0.0
219,hot_air_balloon,Qwen3.6-35B-A3B-FP8-without-reasoning,air_balloon_survival_ro_complexity_hard,instance_00003,Lose,1.0
220,hot_air_balloon,Qwen3.6-35B-A3B-FP8-without-reasoning,air_balloon_survival_ro_complexity_hard,instance_00003,Success,0.0
221,hot_air_balloon,Qwen3.6-35B-A3B-FP8-without-reasoning,air_balloon_survival_ro_complexity_hard,instance_00003,Violations Player 1,0.0
222,hot_air_balloon,Qwen3.6-35B-A3B-FP8-without-reasoning,air_balloon_survival_ro_complexity_hard,instance_00003,Violations Player 2,0.0
223,hot_air_balloon,Qwen3.6-35B-A3B-FP8-without-reasoning,air_balloon_survival_ro_complexity_hard,instance_00003,Total Violations,0.0
224,hot_air_balloon,Qwen3.6-35B-A3B-FP8-without-reasoning,air_balloon_survival_ro_complexity_hard,instance_00003,Normalized Utility Player 1,
225,hot_air_balloon,Qwen3.6-35B-A3B-FP8-without-reasoning,air_balloon_survival_ro_complexity_hard,instance_00003,Normalized Utility Player 2,
226,hot_air_balloon,Qwen3.6-35B-A3B-FP8-without-reasoning,air_balloon_survival_ro_complexity_hard,instance_00003,Harmonic Mean Score,
227,hot_air_balloon,Qwen3.6-35B-A3B-FP8-without-reasoning,air_balloon_survival_ro_complexity_hard,instance_00003,Main Score,0.0
228,hot_air_balloon,Qwen3.6-35B-A3B-FP8-without-reasoning,air_balloon_survival_ro_complexity_hard,instance_00004,Request Count,13.0
229,hot_air_balloon,Qwen3.6-35B-A3B-FP8-without-reasoning,air_balloon_survival_ro_complexity_hard,instance_00004,Parsed Request Count,12.0
230,hot_air_balloon,Qwen3.6-35B-A3B-FP8-without-reasoning,air_balloon_survival_ro_complexity_hard,instance_00004,Violated Request Count,1.0
231,hot_air_balloon,Qwen3.6-35B-A3B-FP8-without-reasoning,air_balloon_survival_ro_complexity_hard,instance_00004,Request Success Ratio,0.9230769230769231
232,hot_air_balloon,Qwen3.6-35B-A3B-FP8-without-reasoning,air_balloon_survival_ro_complexity_hard,instance_00004,Aborted,1.0
233,hot_air_balloon,Qwen3.6-35B-A3B-FP8-without-reasoning,air_balloon_survival_ro_complexity_hard,instance_00004,Lose,0.0
234,hot_air_balloon,Qwen3.6-35B-A3B-FP8-without-reasoning,air_balloon_survival_ro_complexity_hard,instance_00004,Success,0.0
235,hot_air_balloon,Qwen3.6-35B-A3B-FP8-without-reasoning,air_balloon_survival_ro_complexity_hard,instance_00004,Violations Player 1,0.0
236,hot_air_balloon,Qwen3.6-35B-A3B-FP8-without-reasoning,air_balloon_survival_ro_complexity_hard,instance_00004,Violations Player 2,1.0
237,hot_air_balloon,Qwen3.6-35B-A3B-FP8-without-reasoning,air_balloon_survival_ro_complexity_hard,instance_00004,Total Violations,1.0
238,hot_air_balloon,Qwen3.6-35B-A3B-FP8-without-reasoning,air_balloon_survival_ro_complexity_hard,instance_00004,Normalized Utility Player 1,
239,hot_air_balloon,Qwen3.6-35B-A3B-FP8-without-reasoning,air_balloon_survival_ro_complexity_hard,instance_00004,Normalized Utility Player 2,
240,hot_air_balloon,Qwen3.6-35B-A3B-FP8-without-reasoning,air_balloon_survival_ro_complexity_hard,instance_00004,Harmonic Mean Score,
241,hot_air_balloon,Qwen3.6-35B-A3B-FP8-without-reasoning,air_balloon_survival_ro_complexity_hard,instance_00004,Main Score,
242,hot_air_balloon,Qwen3.6-35B-A3B-FP8-without-reasoning,air_balloon_survival_ro_complexity_hard,instance_00001,Request Count,6.0
243,hot_air_balloon,Qwen3.6-35B-A3B-FP8-without-reasoning,air_balloon_survival_ro_complexity_hard,instance_00001,Parsed Request Count,6.0
244,hot_air_balloon,Qwen3.6-35B-A3B-FP8-without-reasoning,air_balloon_survival_ro_complexity_hard,instance_00001,Violated Request Count,0.0
245,hot_air_balloon,Qwen3.6-35B-A3B-FP8-without-reasoning,air_balloon_survival_ro_complexity_hard,instance_00001,Request Success Ratio,1.0
246,hot_air_balloon,Qwen3.6-35B-A3B-FP8-without-reasoning,air_balloon_survival_ro_complexity_hard,instance_00001,Aborted,0.0
247,hot_air_balloon,Qwen3.6-35B-A3B-FP8-without-reasoning,air_balloon_survival_ro_complexity_hard,instance_00001,Lose,1.0
248,hot_air_balloon,Qwen3.6-35B-A3B-FP8-without-reasoning,air_balloon_survival_ro_complexity_hard,instance_00001,Success,0.0
249,hot_air_balloon,Qwen3.6-35B-A3B-FP8-without-reasoning,air_balloon_survival_ro_complexity_hard,instance_00001,Violations Player 1,0.0
250,hot_air_balloon,Qwen3.6-35B-A3B-FP8-without-reasoning,air_balloon_survival_ro_complexity_hard,instance_00001,Violations Player 2,0.0
251,hot_air_balloon,Qwen3.6-35B-A3B-FP8-without-reasoning,air_balloon_survival_ro_complexity_hard,instance_00001,Total Violations,0.0
252,hot_air_balloon,Qwen3.6-35B-A3B-FP8-without-reasoning,air_balloon_survival_ro_complexity_hard,instance_00001,Normalized Utility Player 1,
253,hot_air_balloon,Qwen3.6-35B-A3B-FP8-without-reasoning,air_balloon_survival_ro_complexity_hard,instance_00001,Normalized Utility Player 2,
254,hot_air_balloon,Qwen3.6-35B-A3B-FP8-without-reasoning,air_balloon_survival_ro_complexity_hard,instance_00001,Harmonic Mean Score,
255,hot_air_balloon,Qwen3.6-35B-A3B-FP8-without-reasoning,air_balloon_survival_ro_complexity_hard,instance_00001,Main Score,0.0
256,hot_air_balloon,Qwen3.6-35B-A3B-FP8-without-reasoning,air_balloon_survival_ro_complexity_hard,instance_00000,Request Count,4.0
257,hot_air_balloon,Qwen3.6-35B-A3B-FP8-without-reasoning,air_balloon_survival_ro_complexity_hard,instance_00000,Parsed Request Count,4.0
258,hot_air_balloon,Qwen3.6-35B-A3B-FP8-without-reasoning,air_balloon_survival_ro_complexity_hard,instance_00000,Violated Request Count,0.0
259,hot_air_balloon,Qwen3.6-35B-A3B-FP8-without-reasoning,air_balloon_survival_ro_complexity_hard,instance_00000,Request Success Ratio,1.0
260,hot_air_balloon,Qwen3.6-35B-A3B-FP8-without-reasoning,air_balloon_survival_ro_complexity_hard,instance_00000,Aborted,0.0
261,hot_air_balloon,Qwen3.6-35B-A3B-FP8-without-reasoning,air_balloon_survival_ro_complexity_hard,instance_00000,Lose,1.0
262,hot_air_balloon,Qwen3.6-35B-A3B-FP8-without-reasoning,air_balloon_survival_ro_complexity_hard,instance_00000,Success,0.0
263,hot_air_balloon,Qwen3.6-35B-A3B-FP8-without-reasoning,air_balloon_survival_ro_complexity_hard,instance_00000,Violations Player 1,0.0
264,hot_air_balloon,Qwen3.6-35B-A3B-FP8-without-reasoning,air_balloon_survival_ro_complexity_hard,instance_00000,Violations Player 2,0.0
265,hot_air_balloon,Qwen3.6-35B-A3B-FP8-without-reasoning,air_balloon_survival_ro_complexity_hard,instance_00000,Total Violations,0.0
266,hot_air_balloon,Qwen3.6-35B-A3B-FP8-without-reasoning,air_balloon_survival_ro_complexity_hard,instance_00000,Normalized Utility Player 1,
267,hot_air_balloon,Qwen3.6-35B-A3B-FP8-without-reasoning,air_balloon_survival_ro_complexity_hard,instance_00000,Normalized Utility Player 2,
268,hot_air_balloon,Qwen3.6-35B-A3B-FP8-without-reasoning,air_balloon_survival_ro_complexity_hard,instance_00000,Harmonic Mean Score,
269,hot_air_balloon,Qwen3.6-35B-A3B-FP8-without-reasoning,air_balloon_survival_ro_complexity_hard,instance_00000,Main Score,0.0
270,hot_air_balloon,Qwen3.6-35B-A3B-FP8-without-reasoning,air_balloon_survival_ro_complexity_easy,instance_00002,Request Count,3.0
271,hot_air_balloon,Qwen3.6-35B-A3B-FP8-without-reasoning,air_balloon_survival_ro_complexity_easy,instance_00002,Parsed Request Count,3.0
272,hot_air_balloon,Qwen3.6-35B-A3B-FP8-without-reasoning,air_balloon_survival_ro_complexity_easy,instance_00002,Violated Request Count,0.0
273,hot_air_balloon,Qwen3.6-35B-A3B-FP8-without-reasoning,air_balloon_survival_ro_complexity_easy,instance_00002,Request Success Ratio,1.0
274,hot_air_balloon,Qwen3.6-35B-A3B-FP8-without-reasoning,air_balloon_survival_ro_complexity_easy,instance_00002,Aborted,0.0
275,hot_air_balloon,Qwen3.6-35B-A3B-FP8-without-reasoning,air_balloon_survival_ro_complexity_easy,instance_00002,Lose,1.0
276,hot_air_balloon,Qwen3.6-35B-A3B-FP8-without-reasoning,air_balloon_survival_ro_complexity_easy,instance_00002,Success,0.0
277,hot_air_balloon,Qwen3.6-35B-A3B-FP8-without-reasoning,air_balloon_survival_ro_complexity_easy,instance_00002,Violations Player 1,0.0
278,hot_air_balloon,Qwen3.6-35B-A3B-FP8-without-reasoning,air_balloon_survival_ro_complexity_easy,instance_00002,Violations Player 2,0.0
279,hot_air_balloon,Qwen3.6-35B-A3B-FP8-without-reasoning,air_balloon_survival_ro_complexity_easy,instance_00002,Total Violations,0.0
280,hot_air_balloon,Qwen3.6-35B-A3B-FP8-without-reasoning,air_balloon_survival_ro_complexity_easy,instance_00002,Normalized Utility Player 1,
281,hot_air_balloon,Qwen3.6-35B-A3B-FP8-without-reasoning,air_balloon_survival_ro_complexity_easy,instance_00002,Normalized Utility Player 2,
282,hot_air_balloon,Qwen3.6-35B-A3B-FP8-without-reasoning,air_balloon_survival_ro_complexity_easy,instance_00002,Harmonic Mean Score,
283,hot_air_balloon,Qwen3.6-35B-A3B-FP8-without-reasoning,air_balloon_survival_ro_complexity_easy,instance_00002,Main Score,0.0
284,hot_air_balloon,Qwen3.6-35B-A3B-FP8-without-reasoning,air_balloon_survival_ro_complexity_easy,instance_00003,Request Count,6.0
285,hot_air_balloon,Qwen3.6-35B-A3B-FP8-without-reasoning,air_balloon_survival_ro_complexity_easy,instance_00003,Parsed Request Count,6.0
286,hot_air_balloon,Qwen3.6-35B-A3B-FP8-without-reasoning,air_balloon_survival_ro_complexity_easy,instance_00003,Violated Request Count,0.0
287,hot_air_balloon,Qwen3.6-35B-A3B-FP8-without-reasoning,air_balloon_survival_ro_complexity_easy,instance_00003,Request Success Ratio,1.0
288,hot_air_balloon,Qwen3.6-35B-A3B-FP8-without-reasoning,air_balloon_survival_ro_complexity_easy,instance_00003,Aborted,0.0
289,hot_air_balloon,Qwen3.6-35B-A3B-FP8-without-reasoning,air_balloon_survival_ro_complexity_easy,instance_00003,Lose,1.0
290,hot_air_balloon,Qwen3.6-35B-A3B-FP8-without-reasoning,air_balloon_survival_ro_complexity_easy,instance_00003,Success,0.0
291,hot_air_balloon,Qwen3.6-35B-A3B-FP8-without-reasoning,air_balloon_survival_ro_complexity_easy,instance_00003,Violations Player 1,0.0
292,hot_air_balloon,Qwen3.6-35B-A3B-FP8-without-reasoning,air_balloon_survival_ro_complexity_easy,instance_00003,Violations Player 2,0.0
293,hot_air_balloon,Qwen3.6-35B-A3B-FP8-without-reasoning,air_balloon_survival_ro_complexity_easy,instance_00003,Total Violations,0.0
294,hot_air_balloon,Qwen3.6-35B-A3B-FP8-without-reasoning,air_balloon_survival_ro_complexity_easy,instance_00003,Normalized Utility Player 1,
295,hot_air_balloon,Qwen3.6-35B-A3B-FP8-without-reasoning,air_balloon_survival_ro_complexity_easy,instance_00003,Normalized Utility Player 2,
296,hot_air_balloon,Qwen3.6-35B-A3B-FP8-without-reasoning,air_balloon_survival_ro_complexity_easy,instance_00003,Harmonic Mean Score,
297,hot_air_balloon,Qwen3.6-35B-A3B-FP8-without-reasoning,air_balloon_survival_ro_complexity_easy,instance_00003,Main Score,0.0
298,hot_air_balloon,Qwen3.6-35B-A3B-FP8-without-reasoning,air_balloon_survival_ro_complexity_easy,instance_00004,Request Count,9.0
299,hot_air_balloon,Qwen3.6-35B-A3B-FP8-without-reasoning,air_balloon_survival_ro_complexity_easy,instance_00004,Parsed Request Count,9.0
300,hot_air_balloon,Qwen3.6-35B-A3B-FP8-without-reasoning,air_balloon_survival_ro_complexity_easy,instance_00004,Violated Request Count,0.0
301,hot_air_balloon,Qwen3.6-35B-A3B-FP8-without-reasoning,air_balloon_survival_ro_complexity_easy,instance_00004,Request Success Ratio,1.0
302,hot_air_balloon,Qwen3.6-35B-A3B-FP8-without-reasoning,air_balloon_survival_ro_complexity_easy,instance_00004,Aborted,0.0
303,hot_air_balloon,Qwen3.6-35B-A3B-FP8-without-reasoning,air_balloon_survival_ro_complexity_easy,instance_00004,Lose,1.0
304,hot_air_balloon,Qwen3.6-35B-A3B-FP8-without-reasoning,air_balloon_survival_ro_complexity_easy,instance_00004,Success,0.0
305,hot_air_balloon,Qwen3.6-35B-A3B-FP8-without-reasoning,air_balloon_survival_ro_complexity_easy,instance_00004,Violations Player 1,0.0
306,hot_air_balloon,Qwen3.6-35B-A3B-FP8-without-reasoning,air_balloon_survival_ro_complexity_easy,instance_00004,Violations Player 2,0.0
307,hot_air_balloon,Qwen3.6-35B-A3B-FP8-without-reasoning,air_balloon_survival_ro_complexity_easy,instance_00004,Total Violations,0.0
308,hot_air_balloon,Qwen3.6-35B-A3B-FP8-without-reasoning,air_balloon_survival_ro_complexity_easy,instance_00004,Normalized Utility Player 1,
309,hot_air_balloon,Qwen3.6-35B-A3B-FP8-without-reasoning,air_balloon_survival_ro_complexity_easy,instance_00004,Normalized Utility Player 2,
310,hot_air_balloon,Qwen3.6-35B-A3B-FP8-without-reasoning,air_balloon_survival_ro_complexity_easy,instance_00004,Harmonic Mean Score,
311,hot_air_balloon,Qwen3.6-35B-A3B-FP8-without-reasoning,air_balloon_survival_ro_complexity_easy,instance_00004,Main Score,0.0
312,hot_air_balloon,Qwen3.6-35B-A3B-FP8-without-reasoning,air_balloon_survival_ro_complexity_easy,instance_00001,Request Count,4.0
313,hot_air_balloon,Qwen3.6-35B-A3B-FP8-without-reasoning,air_balloon_survival_ro_complexity_easy,instance_00001,Parsed Request Count,4.0
314,hot_air_balloon,Qwen3.6-35B-A3B-FP8-without-reasoning,air_balloon_survival_ro_complexity_easy,instance_00001,Violated Request Count,0.0
315,hot_air_balloon,Qwen3.6-35B-A3B-FP8-without-reasoning,air_balloon_survival_ro_complexity_easy,instance_00001,Request Success Ratio,1.0
316,hot_air_balloon,Qwen3.6-35B-A3B-FP8-without-reasoning,air_balloon_survival_ro_complexity_easy,instance_00001,Aborted,0.0
317,hot_air_balloon,Qwen3.6-35B-A3B-FP8-without-reasoning,air_balloon_survival_ro_complexity_easy,instance_00001,Lose,1.0
318,hot_air_balloon,Qwen3.6-35B-A3B-FP8-without-reasoning,air_balloon_survival_ro_complexity_easy,instance_00001,Success,0.0
319,hot_air_balloon,Qwen3.6-35B-A3B-FP8-without-reasoning,air_balloon_survival_ro_complexity_easy,instance_00001,Violations Player 1,0.0
320,hot_air_balloon,Qwen3.6-35B-A3B-FP8-without-reasoning,air_balloon_survival_ro_complexity_easy,instance_00001,Violations Player 2,0.0
321,hot_air_balloon,Qwen3.6-35B-A3B-FP8-without-reasoning,air_balloon_survival_ro_complexity_easy,instance_00001,Total Violations,0.0
322,hot_air_balloon,Qwen3.6-35B-A3B-FP8-without-reasoning,air_balloon_survival_ro_complexity_easy,instance_00001,Normalized Utility Player 1,
323,hot_air_balloon,Qwen3.6-35B-A3B-FP8-without-reasoning,air_balloon_survival_ro_complexity_easy,instance_00001,Normalized Utility Player 2,
324,hot_air_balloon,Qwen3.6-35B-A3B-FP8-without-reasoning,air_balloon_survival_ro_complexity_easy,instance_00001,Harmonic Mean Score,
325,hot_air_balloon,Qwen3.6-35B-A3B-FP8-without-reasoning,air_balloon_survival_ro_complexity_easy,instance_00001,Main Score,0.0
326,hot_air_balloon,Qwen3.6-35B-A3B-FP8-without-reasoning,air_balloon_survival_ro_complexity_easy,instance_00000,Request Count,6.0
327,hot_air_balloon,Qwen3.6-35B-A3B-FP8-without-reasoning,air_balloon_survival_ro_complexity_easy,instance_00000,Parsed Request Count,6.0
328,hot_air_balloon,Qwen3.6-35B-A3B-FP8-without-reasoning,air_balloon_survival_ro_complexity_easy,instance_00000,Violated Request Count,0.0
329,hot_air_balloon,Qwen3.6-35B-A3B-FP8-without-reasoning,air_balloon_survival_ro_complexity_easy,instance_00000,Request Success Ratio,1.0
330,hot_air_balloon,Qwen3.6-35B-A3B-FP8-without-reasoning,air_balloon_survival_ro_complexity_easy,instance_00000,Aborted,0.0
331,hot_air_balloon,Qwen3.6-35B-A3B-FP8-without-reasoning,air_balloon_survival_ro_complexity_easy,instance_00000,Lose,1.0
332,hot_air_balloon,Qwen3.6-35B-A3B-FP8-without-reasoning,air_balloon_survival_ro_complexity_easy,instance_00000,Success,0.0
333,hot_air_balloon,Qwen3.6-35B-A3B-FP8-without-reasoning,air_balloon_survival_ro_complexity_easy,instance_00000,Violations Player 1,0.0
334,hot_air_balloon,Qwen3.6-35B-A3B-FP8-without-reasoning,air_balloon_survival_ro_complexity_easy,instance_00000,Violations Player 2,0.0
335,hot_air_balloon,Qwen3.6-35B-A3B-FP8-without-reasoning,air_balloon_survival_ro_complexity_easy,instance_00000,Total Violations,0.0
336,hot_air_balloon,Qwen3.6-35B-A3B-FP8-without-reasoning,air_balloon_survival_ro_complexity_easy,instance_00000,Normalized Utility Player 1,
337,hot_air_balloon,Qwen3.6-35B-A3B-FP8-without-reasoning,air_balloon_survival_ro_complexity_easy,instance_00000,Normalized Utility Player 2,
338,hot_air_balloon,Qwen3.6-35B-A3B-FP8-without-reasoning,air_balloon_survival_ro_complexity_easy,instance_00000,Harmonic Mean Score,
339,hot_air_balloon,Qwen3.6-35B-A3B-FP8-without-reasoning,air_balloon_survival_ro_complexity_easy,instance_00000,Main Score,0.0
340,hot_air_balloon,Qwen3.6-35B-A3B-FP8-without-reasoning,air_balloon_survival_ro_negotiation_easy,instance_00002,Request Count,15.0
341,hot_air_balloon,Qwen3.6-35B-A3B-FP8-without-reasoning,air_balloon_survival_ro_negotiation_easy,instance_00002,Parsed Request Count,14.0
342,hot_air_balloon,Qwen3.6-35B-A3B-FP8-without-reasoning,air_balloon_survival_ro_negotiation_easy,instance_00002,Violated Request Count,1.0
343,hot_air_balloon,Qwen3.6-35B-A3B-FP8-without-reasoning,air_balloon_survival_ro_negotiation_easy,instance_00002,Request Success Ratio,0.9333333333333333
344,hot_air_balloon,Qwen3.6-35B-A3B-FP8-without-reasoning,air_balloon_survival_ro_negotiation_easy,instance_00002,Aborted,1.0
345,hot_air_balloon,Qwen3.6-35B-A3B-FP8-without-reasoning,air_balloon_survival_ro_negotiation_easy,instance_00002,Lose,0.0
346,hot_air_balloon,Qwen3.6-35B-A3B-FP8-without-reasoning,air_balloon_survival_ro_negotiation_easy,instance_00002,Success,0.0
347,hot_air_balloon,Qwen3.6-35B-A3B-FP8-without-reasoning,air_balloon_survival_ro_negotiation_easy,instance_00002,Violations Player 1,0.0
348,hot_air_balloon,Qwen3.6-35B-A3B-FP8-without-reasoning,air_balloon_survival_ro_negotiation_easy,instance_00002,Violations Player 2,1.0
349,hot_air_balloon,Qwen3.6-35B-A3B-FP8-without-reasoning,air_balloon_survival_ro_negotiation_easy,instance_00002,Total Violations,1.0
350,hot_air_balloon,Qwen3.6-35B-A3B-FP8-without-reasoning,air_balloon_survival_ro_negotiation_easy,instance_00002,Normalized Utility Player 1,
351,hot_air_balloon,Qwen3.6-35B-A3B-FP8-without-reasoning,air_balloon_survival_ro_negotiation_easy,instance_00002,Normalized Utility Player 2,
352,hot_air_balloon,Qwen3.6-35B-A3B-FP8-without-reasoning,air_balloon_survival_ro_negotiation_easy,instance_00002,Harmonic Mean Score,
353,hot_air_balloon,Qwen3.6-35B-A3B-FP8-without-reasoning,air_balloon_survival_ro_negotiation_easy,instance_00002,Main Score,
354,hot_air_balloon,Qwen3.6-35B-A3B-FP8-without-reasoning,air_balloon_survival_ro_negotiation_easy,instance_00003,Request Count,6.0
355,hot_air_balloon,Qwen3.6-35B-A3B-FP8-without-reasoning,air_balloon_survival_ro_negotiation_easy,instance_00003,Parsed Request Count,6.0
356,hot_air_balloon,Qwen3.6-35B-A3B-FP8-without-reasoning,air_balloon_survival_ro_negotiation_easy,instance_00003,Violated Request Count,0.0
357,hot_air_balloon,Qwen3.6-35B-A3B-FP8-without-reasoning,air_balloon_survival_ro_negotiation_easy,instance_00003,Request Success Ratio,1.0
358,hot_air_balloon,Qwen3.6-35B-A3B-FP8-without-reasoning,air_balloon_survival_ro_negotiation_easy,instance_00003,Aborted,0.0
359,hot_air_balloon,Qwen3.6-35B-A3B-FP8-without-reasoning,air_balloon_survival_ro_negotiation_easy,instance_00003,Lose,1.0
360,hot_air_balloon,Qwen3.6-35B-A3B-FP8-without-reasoning,air_balloon_survival_ro_negotiation_easy,instance_00003,Success,0.0
361,hot_air_balloon,Qwen3.6-35B-A3B-FP8-without-reasoning,air_balloon_survival_ro_negotiation_easy,instance_00003,Violations Player 1,0.0
362,hot_air_balloon,Qwen3.6-35B-A3B-FP8-without-reasoning,air_balloon_survival_ro_negotiation_easy,instance_00003,Violations Player 2,0.0
363,hot_air_balloon,Qwen3.6-35B-A3B-FP8-without-reasoning,air_balloon_survival_ro_negotiation_easy,instance_00003,Total Violations,0.0
364,hot_air_balloon,Qwen3.6-35B-A3B-FP8-without-reasoning,air_balloon_survival_ro_negotiation_easy,instance_00003,Normalized Utility Player 1,
365,hot_air_balloon,Qwen3.6-35B-A3B-FP8-without-reasoning,air_balloon_survival_ro_negotiation_easy,instance_00003,Normalized Utility Player 2,
366,hot_air_balloon,Qwen3.6-35B-A3B-FP8-without-reasoning,air_balloon_survival_ro_negotiation_easy,instance_00003,Harmonic Mean Score,
367,hot_air_balloon,Qwen3.6-35B-A3B-FP8-without-reasoning,air_balloon_survival_ro_negotiation_easy,instance_00003,Main Score,0.0
368,hot_air_balloon,Qwen3.6-35B-A3B-FP8-without-reasoning,air_balloon_survival_ro_negotiation_easy,instance_00004,Request Count,3.0
369,hot_air_balloon,Qwen3.6-35B-A3B-FP8-without-reasoning,air_balloon_survival_ro_negotiation_easy,instance_00004,Parsed Request Count,3.0
370,hot_air_balloon,Qwen3.6-35B-A3B-FP8-without-reasoning,air_balloon_survival_ro_negotiation_easy,instance_00004,Violated Request Count,0.0
371,hot_air_balloon,Qwen3.6-35B-A3B-FP8-without-reasoning,air_balloon_survival_ro_negotiation_easy,instance_00004,Request Success Ratio,1.0
372,hot_air_balloon,Qwen3.6-35B-A3B-FP8-without-reasoning,air_balloon_survival_ro_negotiation_easy,instance_00004,Aborted,0.0
373,hot_air_balloon,Qwen3.6-35B-A3B-FP8-without-reasoning,air_balloon_survival_ro_negotiation_easy,instance_00004,Lose,1.0
374,hot_air_balloon,Qwen3.6-35B-A3B-FP8-without-reasoning,air_balloon_survival_ro_negotiation_easy,instance_00004,Success,0.0
375,hot_air_balloon,Qwen3.6-35B-A3B-FP8-without-reasoning,air_balloon_survival_ro_negotiation_easy,instance_00004,Violations Player 1,0.0
376,hot_air_balloon,Qwen3.6-35B-A3B-FP8-without-reasoning,air_balloon_survival_ro_negotiation_easy,instance_00004,Violations Player 2,0.0
377,hot_air_balloon,Qwen3.6-35B-A3B-FP8-without-reasoning,air_balloon_survival_ro_negotiation_easy,instance_00004,Total Violations,0.0
378,hot_air_balloon,Qwen3.6-35B-A3B-FP8-without-reasoning,air_balloon_survival_ro_negotiation_easy,instance_00004,Normalized Utility Player 1,
379,hot_air_balloon,Qwen3.6-35B-A3B-FP8-without-reasoning,air_balloon_survival_ro_negotiation_easy,instance_00004,Normalized Utility Player 2,
380,hot_air_balloon,Qwen3.6-35B-A3B-FP8-without-reasoning,air_balloon_survival_ro_negotiation_easy,instance_00004,Harmonic Mean Score,
381,hot_air_balloon,Qwen3.6-35B-A3B-FP8-without-reasoning,air_balloon_survival_ro_negotiation_easy,instance_00004,Main Score,0.0
382,hot_air_balloon,Qwen3.6-35B-A3B-FP8-without-reasoning,air_balloon_survival_ro_negotiation_easy,instance_00001,Request Count,9.0
383,hot_air_balloon,Qwen3.6-35B-A3B-FP8-without-reasoning,air_balloon_survival_ro_negotiation_easy,instance_00001,Parsed Request Count,9.0
384,hot_air_balloon,Qwen3.6-35B-A3B-FP8-without-reasoning,air_balloon_survival_ro_negotiation_easy,instance_00001,Violated Request Count,0.0
385,hot_air_balloon,Qwen3.6-35B-A3B-FP8-without-reasoning,air_balloon_survival_ro_negotiation_easy,instance_00001,Request Success Ratio,1.0
386,hot_air_balloon,Qwen3.6-35B-A3B-FP8-without-reasoning,air_balloon_survival_ro_negotiation_easy,instance_00001,Aborted,0.0
387,hot_air_balloon,Qwen3.6-35B-A3B-FP8-without-reasoning,air_balloon_survival_ro_negotiation_easy,instance_00001,Lose,0.0
388,hot_air_balloon,Qwen3.6-35B-A3B-FP8-without-reasoning,air_balloon_survival_ro_negotiation_easy,instance_00001,Success,1.0
389,hot_air_balloon,Qwen3.6-35B-A3B-FP8-without-reasoning,air_balloon_survival_ro_negotiation_easy,instance_00001,Violations Player 1,0.0
390,hot_air_balloon,Qwen3.6-35B-A3B-FP8-without-reasoning,air_balloon_survival_ro_negotiation_easy,instance_00001,Violations Player 2,0.0
391,hot_air_balloon,Qwen3.6-35B-A3B-FP8-without-reasoning,air_balloon_survival_ro_negotiation_easy,instance_00001,Total Violations,0.0
392,hot_air_balloon,Qwen3.6-35B-A3B-FP8-without-reasoning,air_balloon_survival_ro_negotiation_easy,instance_00001,Normalized Utility Player 1,82.68551236749117
393,hot_air_balloon,Qwen3.6-35B-A3B-FP8-without-reasoning,air_balloon_survival_ro_negotiation_easy,instance_00001,Normalized Utility Player 2,82.68551236749117
394,hot_air_balloon,Qwen3.6-35B-A3B-FP8-without-reasoning,air_balloon_survival_ro_negotiation_easy,instance_00001,Harmonic Mean Score,82.68551236749117
395,hot_air_balloon,Qwen3.6-35B-A3B-FP8-without-reasoning,air_balloon_survival_ro_negotiation_easy,instance_00001,Main Score,82.68551236749117
396,hot_air_balloon,Qwen3.6-35B-A3B-FP8-without-reasoning,air_balloon_survival_ro_negotiation_easy,instance_00000,Request Count,5.0
397,hot_air_balloon,Qwen3.6-35B-A3B-FP8-without-reasoning,air_balloon_survival_ro_negotiation_easy,instance_00000,Parsed Request Count,5.0
398,hot_air_balloon,Qwen3.6-35B-A3B-FP8-without-reasoning,air_balloon_survival_ro_negotiation_easy,instance_00000,Violated Request Count,0.0
399,hot_air_balloon,Qwen3.6-35B-A3B-FP8-without-reasoning,air_balloon_survival_ro_negotiation_easy,instance_00000,Request Success Ratio,1.0
400,hot_air_balloon,Qwen3.6-35B-A3B-FP8-without-reasoning,air_balloon_survival_ro_negotiation_easy,instance_00000,Aborted,0.0
401,hot_air_balloon,Qwen3.6-35B-A3B-FP8-without-reasoning,air_balloon_survival_ro_negotiation_easy,instance_00000,Lose,1.0
402,hot_air_balloon,Qwen3.6-35B-A3B-FP8-without-reasoning,air_balloon_survival_ro_negotiation_easy,instance_00000,Success,0.0
403,hot_air_balloon,Qwen3.6-35B-A3B-FP8-without-reasoning,air_balloon_survival_ro_negotiation_easy,instance_00000,Violations Player 1,0.0
404,hot_air_balloon,Qwen3.6-35B-A3B-FP8-without-reasoning,air_balloon_survival_ro_negotiation_easy,instance_00000,Violations Player 2,0.0
405,hot_air_balloon,Qwen3.6-35B-A3B-FP8-without-reasoning,air_balloon_survival_ro_negotiation_easy,instance_00000,Total Violations,0.0
406,hot_air_balloon,Qwen3.6-35B-A3B-FP8-without-reasoning,air_balloon_survival_ro_negotiation_easy,instance_00000,Normalized Utility Player 1,
407,hot_air_balloon,Qwen3.6-35B-A3B-FP8-without-reasoning,air_balloon_survival_ro_negotiation_easy,instance_00000,Normalized Utility Player 2,
408,hot_air_balloon,Qwen3.6-35B-A3B-FP8-without-reasoning,air_balloon_survival_ro_negotiation_easy,instance_00000,Harmonic Mean Score,
409,hot_air_balloon,Qwen3.6-35B-A3B-FP8-without-reasoning,air_balloon_survival_ro_negotiation_easy,instance_00000,Main Score,0.0
410,clean_up,Qwen3.6-35B-A3B-FP8-without-reasoning,2_hard_7obj_ro,instance_00002,Request Count,30.0
411,clean_up,Qwen3.6-35B-A3B-FP8-without-reasoning,2_hard_7obj_ro,instance_00002,Parsed Request Count,30.0
412,clean_up,Qwen3.6-35B-A3B-FP8-without-reasoning,2_hard_7obj_ro,instance_00002,Violated Request Count,0.0
413,clean_up,Qwen3.6-35B-A3B-FP8-without-reasoning,2_hard_7obj_ro,instance_00002,Request Success Ratio,1.0
414,clean_up,Qwen3.6-35B-A3B-FP8-without-reasoning,2_hard_7obj_ro,instance_00002,Aborted,0.0
415,clean_up,Qwen3.6-35B-A3B-FP8-without-reasoning,2_hard_7obj_ro,instance_00002,Lose,0.0
416,clean_up,Qwen3.6-35B-A3B-FP8-without-reasoning,2_hard_7obj_ro,instance_00002,Success,1.0
417,clean_up,Qwen3.6-35B-A3B-FP8-without-reasoning,2_hard_7obj_ro,instance_00002,Distance Score,0.5055646452144722
418,clean_up,Qwen3.6-35B-A3B-FP8-without-reasoning,2_hard_7obj_ro,instance_00002,Coverage Score,0.5625
419,clean_up,Qwen3.6-35B-A3B-FP8-without-reasoning,2_hard_7obj_ro,instance_00002,Penalty Score,0.5
420,clean_up,Qwen3.6-35B-A3B-FP8-without-reasoning,2_hard_7obj_ro,instance_00002,Moves,"[['Player 1', 'A'], ['Player 2', 'A'], ['Player 1', 'D'], ['Player 2', 'D'], ['Player 1', 'M'], ['Player 2', 'M'], ['Player 1', 'O'], ['Player 2', 'O'], ['Player 1', 'P'], ['Player 2', 'P']]"
421,clean_up,Qwen3.6-35B-A3B-FP8-without-reasoning,2_hard_7obj_ro,instance_00002,Init States,"{'state_1': [{'id': 'P', 'coord': [4, 4]}, {'id': 'O', 'coord': [4, 3]}, {'id': 'T', 'coord': [4, 1]}, {'id': 'S', 'coord': [3, 7]}, {'id': 'D', 'coord': [4, 5]}, {'id': 'A', 'coord': [3, 5]}, {'id': 'M', 'coord': [7, 6]}], 'state_2': [{'id': 'P', 'coord': [2, 3]}, {'id': 'O', 'coord': [3, 1]}, {'id': 'T', 'coord': [7, 7]}, {'id': 'S', 'coord': [7, 6]}, {'id': 'D', 'coord': [5, 3]}, {'id': 'A', 'coord': [7, 5]}, {'id': 'M', 'coord': [1, 7]}]}"
422,clean_up,Qwen3.6-35B-A3B-FP8-without-reasoning,2_hard_7obj_ro,instance_00002,End States,"{'state_1': [{'id': 'P', 'coord': [1, 2]}, {'id': 'O', 'coord': [7, 1]}, {'id': 'T', 'coord': [4, 1]}, {'id': 'S', 'coord': [3, 7]}, {'id': 'D', 'coord': [3, 1]}, {'id': 'A', 'coord': [1, 1]}, {'id': 'M', 'coord': [6, 1]}], 'state_2': [{'id': 'P', 'coord': [3, 1]}, {'id': 'O', 'coord': [7, 1]}, {'id': 'T', 'coord': [7, 7]}, {'id': 'S', 'coord': [7, 6]}, {'id': 'D', 'coord': [4, 1]}, {'id': 'A', 'coord': [1, 1]}, {'id': 'M', 'coord': [6, 1]}]}"
423,clean_up,Qwen3.6-35B-A3B-FP8-without-reasoning,2_hard_7obj_ro,instance_00002,Shifts,4
424,clean_up,Qwen3.6-35B-A3B-FP8-without-reasoning,2_hard_7obj_ro,instance_00002,Max Shifts,12
425,clean_up,Qwen3.6-35B-A3B-FP8-without-reasoning,2_hard_7obj_ro,instance_00002,Min Shifts,6
426,clean_up,Qwen3.6-35B-A3B-FP8-without-reasoning,2_hard_7obj_ro,instance_00002,End Distance Sum,14.06737753561682
427,clean_up,Qwen3.6-35B-A3B-FP8-without-reasoning,2_hard_7obj_ro,instance_00002,Init Distance Sum,27.62227602091462
428,clean_up,Qwen3.6-35B-A3B-FP8-without-reasoning,2_hard_7obj_ro,instance_00002,Expected Distance Sum,29.331836849219748
429,clean_up,Qwen3.6-35B-A3B-FP8-without-reasoning,2_hard_7obj_ro,instance_00002,Penalties,16
430,clean_up,Qwen3.6-35B-A3B-FP8-without-reasoning,2_hard_7obj_ro,instance_00002,Max Penalties,16
431,clean_up,Qwen3.6-35B-A3B-FP8-without-reasoning,2_hard_7obj_ro,instance_00002,Rounds,7
432,clean_up,Qwen3.6-35B-A3B-FP8-without-reasoning,2_hard_7obj_ro,instance_00002,Max Rounds,28
433,clean_up,Qwen3.6-35B-A3B-FP8-without-reasoning,2_hard_7obj_ro,instance_00002,Object Count,7
434,clean_up,Qwen3.6-35B-A3B-FP8-without-reasoning,2_hard_7obj_ro,instance_00002,Valid Moves,10
435,clean_up,Qwen3.6-35B-A3B-FP8-without-reasoning,2_hard_7obj_ro,instance_00002,Invalid Moves,16
436,clean_up,Qwen3.6-35B-A3B-FP8-without-reasoning,2_hard_7obj_ro,instance_00002,Parse Errors,0
437,clean_up,Qwen3.6-35B-A3B-FP8-without-reasoning,2_hard_7obj_ro,instance_00002,Main Score,25.27823226072361
438,clean_up,Qwen3.6-35B-A3B-FP8-without-reasoning,2_hard_7obj_ro,instance_00003,Request Count,62
439,clean_up,Qwen3.6-35B-A3B-FP8-without-reasoning,2_hard_7obj_ro,instance_00003,Parsed Request Count,54
440,clean_up,Qwen3.6-35B-A3B-FP8-without-reasoning,2_hard_7obj_ro,instance_00003,Violated Request Count,8
441,clean_up,Qwen3.6-35B-A3B-FP8-without-reasoning,2_hard_7obj_ro,instance_00003,Request Success Ratio,0.8709677419354839
442,clean_up,Qwen3.6-35B-A3B-FP8-without-reasoning,2_hard_7obj_ro,instance_00003,Aborted,0
443,clean_up,Qwen3.6-35B-A3B-FP8-without-reasoning,2_hard_7obj_ro,instance_00003,Lose,0
444,clean_up,Qwen3.6-35B-A3B-FP8-without-reasoning,2_hard_7obj_ro,instance_00003,Success,1
445,clean_up,Qwen3.6-35B-A3B-FP8-without-reasoning,2_hard_7obj_ro,instance_00003,Distance Score,0.8750759255765932
446,clean_up,Qwen3.6-35B-A3B-FP8-without-reasoning,2_hard_7obj_ro,instance_00003,Coverage Score,0.65625
447,clean_up,Qwen3.6-35B-A3B-FP8-without-reasoning,2_hard_7obj_ro,instance_00003,Penalty Score,0.5
448,clean_up,Qwen3.6-35B-A3B-FP8-without-reasoning,2_hard_7obj_ro,instance_00003,Moves,"[['Player 1', 'S'], ['Player 1', 'S'], ['Player 2', 'S'], ['Player 1', 'M'], ['Player 2', 'M'], ['Player 1', 'O'], ['Player 2', 'O'], ['Player 2', 'A'], ['Player 1', 'A'], ['Player 1', 'P'], ['Player 1', 'T'], ['Player 2', 'T']]"
449,clean_up,Qwen3.6-35B-A3B-FP8-without-reasoning,2_hard_7obj_ro,instance_00003,Init States,"{'state_1': [{'id': 'P', 'coord': [5, 5]}, {'id': 'O', 'coord': [5, 4]}, {'id': 'T', 'coord': [5, 2]}, {'id': 'S', 'coord': [1, 2]}, {'id': 'D', 'coord': [7, 2]}, {'id': 'A', 'coord': [7, 4]}, {'id': 'M', 'coord': [3, 4]}], 'state_2': [{'id': 'P', 'coord': [6, 1]}, {'id': 'O', 'coord': [7, 1]}, {'id': 'T', 'coord': [1, 6]}, {'id': 'S', 'coord': [7, 7]}, {'id': 'D', 'coord': [5, 5]}, {'id': 'A', 'coord': [7, 4]}, {'id': 'M', 'coord': [1, 7]}]}"
450,clean_up,Qwen3.6-35B-A3B-FP8-without-reasoning,2_hard_7obj_ro,instance_00003,End States,"{'state_1': [{'id': 'P', 'coord': [6, 1]}, {'id': 'O', 'coord': [3, 1]}, {'id': 'T', 'coord': [7, 1]}, {'id': 'S', 'coord': [1, 1]}, {'id': 'D', 'coord': [7, 2]}, {'id': 'A', 'coord': [5, 1]}, {'id': 'M', 'coord': [1, 2]}], 'state_2': [{'id': 'P', 'coord': [6, 1]}, {'id': 'O', 'coord': [3, 1]}, {'id': 'T', 'coord': [7, 1]}, {'id': 'S', 'coord': [1, 1]}, {'id': 'D', 'coord': [5, 5]}, {'id': 'A', 'coord': [5, 1]}, {'id': 'M', 'coord': [1, 2]}]}"
451,clean_up,Qwen3.6-35B-A3B-FP8-without-reasoning,2_hard_7obj_ro,instance_00003,Shifts,5
452,clean_up,Qwen3.6-35B-A3B-FP8-without-reasoning,2_hard_7obj_ro,instance_00003,Max Shifts,12
453,clean_up,Qwen3.6-35B-A3B-FP8-without-reasoning,2_hard_7obj_ro,instance_00003,Min Shifts,6
454,clean_up,Qwen3.6-35B-A3B-FP8-without-reasoning,2_hard_7obj_ro,instance_00003,End Distance Sum,3.605551275463989
455,clean_up,Qwen3.6-35B-A3B-FP8-without-reasoning,2_hard_7obj_ro,instance_00003,Init Distance Sum,28.40686337740866
456,clean_up,Qwen3.6-35B-A3B-FP8-without-reasoning,2_hard_7obj_ro,instance_00003,Expected Distance Sum,29.331836849219748
457,clean_up,Qwen3.6-35B-A3B-FP8-without-reasoning,2_hard_7obj_ro,instance_00003,Penalties,16
458,clean_up,Qwen3.6-35B-A3B-FP8-without-reasoning,2_hard_7obj_ro,instance_00003,Max Penalties,16
459,clean_up,Qwen3.6-35B-A3B-FP8-without-reasoning,2_hard_7obj_ro,instance_00003,Rounds,23
460,clean_up,Qwen3.6-35B-A3B-FP8-without-reasoning,2_hard_7obj_ro,instance_00003,Max Rounds,28
461,clean_up,Qwen3.6-35B-A3B-FP8-without-reasoning,2_hard_7obj_ro,instance_00003,Object Count,7
462,clean_up,Qwen3.6-35B-A3B-FP8-without-reasoning,2_hard_7obj_ro,instance_00003,Valid Moves,12
463,clean_up,Qwen3.6-35B-A3B-FP8-without-reasoning,2_hard_7obj_ro,instance_00003,Invalid Moves,8
464,clean_up,Qwen3.6-35B-A3B-FP8-without-reasoning,2_hard_7obj_ro,instance_00003,Parse Errors,16
465,clean_up,Qwen3.6-35B-A3B-FP8-without-reasoning,2_hard_7obj_ro,instance_00003,Main Score,43.75379627882966
466,clean_up,Qwen3.6-35B-A3B-FP8-without-reasoning,2_hard_7obj_ro,instance_00004,Request Count,17
467,clean_up,Qwen3.6-35B-A3B-FP8-without-reasoning,2_hard_7obj_ro,instance_00004,Parsed Request Count,0
468,clean_up,Qwen3.6-35B-A3B-FP8-without-reasoning,2_hard_7obj_ro,instance_00004,Violated Request Count,17
469,clean_up,Qwen3.6-35B-A3B-FP8-without-reasoning,2_hard_7obj_ro,instance_00004,Request Success Ratio,0.0
470,clean_up,Qwen3.6-35B-A3B-FP8-without-reasoning,2_hard_7obj_ro,instance_00004,Aborted,1
471,clean_up,Qwen3.6-35B-A3B-FP8-without-reasoning,2_hard_7obj_ro,instance_00004,Lose,0
472,clean_up,Qwen3.6-35B-A3B-FP8-without-reasoning,2_hard_7obj_ro,instance_00004,Success,0
473,clean_up,Qwen3.6-35B-A3B-FP8-without-reasoning,2_hard_7obj_ro,instance_00004,Distance Score,0.004576543651566456
474,clean_up,Qwen3.6-35B-A3B-FP8-without-reasoning,2_hard_7obj_ro,instance_00004,Coverage Score,0.015625
475,clean_up,Qwen3.6-35B-A3B-FP8-without-reasoning,2_hard_7obj_ro,instance_00004,Penalty Score,0.43333333333333335
476,clean_up,Qwen3.6-35B-A3B-FP8-without-reasoning,2_hard_7obj_ro,instance_00004,Moves,[]
477,clean_up,Qwen3.6-35B-A3B-FP8-without-reasoning,2_hard_7obj_ro,instance_00004,Init States,"{'state_1': [{'id': 'P', 'coord': [1, 3]}, {'id': 'O', 'coord': [4, 3]}, {'id': 'T', 'coord': [4, 1]}, {'id': 'S', 'coord': [2, 1]}, {'id': 'D', 'coord': [1, 4]}, {'id': 'A', 'coord': [6, 1]}, {'id': 'M', 'coord': [6, 3]}], 'state_2': [{'id': 'P', 'coord': [1, 2]}, {'id': 'O', 'coord': [1, 6]}, {'id': 'T', 'coord': [1, 4]}, {'id': 'S', 'coord': [7, 7]}, {'id': 'D', 'coord': [2, 7]}, {'id': 'A', 'coord': [1, 1]}, {'id': 'M', 'coord': [3, 5]}]}"
478,clean_up,Qwen3.6-35B-A3B-FP8-without-reasoning,2_hard_7obj_ro,instance_00004,End States,"{'state_1': [{'id': 'P', 'coord': [1, 3]}, {'id': 'O', 'coord': [4, 3]}, {'id': 'T', 'coord': [4, 1]}, {'id': 'S', 'coord': [2, 1]}, {'id': 'D', 'coord': [1, 4]}, {'id': 'A', 'coord': [6, 1]}, {'id': 'M', 'coord': [6, 3]}], 'state_2': [{'id': 'P', 'coord': [1, 2]}, {'id': 'O', 'coord': [1, 6]}, {'id': 'T', 'coord': [1, 4]}, {'id': 'S', 'coord': [7, 7]}, {'id': 'D', 'coord': [2, 7]}, {'id': 'A', 'coord': [1, 1]}, {'id': 'M', 'coord': [3, 5]}]}"
479,clean_up,Qwen3.6-35B-A3B-FP8-without-reasoning,2_hard_7obj_ro,instance_00004,Shifts,0
480,clean_up,Qwen3.6-35B-A3B-FP8-without-reasoning,2_hard_7obj_ro,instance_00004,Max Shifts,12
481,clean_up,Qwen3.6-35B-A3B-FP8-without-reasoning,2_hard_7obj_ro,instance_00004,Min Shifts,6
482,clean_up,Qwen3.6-35B-A3B-FP8-without-reasoning,2_hard_7obj_ro,instance_00004,End Distance Sum,29.063359985777588
483,clean_up,Qwen3.6-35B-A3B-FP8-without-reasoning,2_hard_7obj_ro,instance_00004,Init Distance Sum,29.063359985777588
484,clean_up,Qwen3.6-35B-A3B-FP8-without-reasoning,2_hard_7obj_ro,instance_00004,Expected Distance Sum,29.331836849219748
485,clean_up,Qwen3.6-35B-A3B-FP8-without-reasoning,2_hard_7obj_ro,instance_00004,Penalties,17
486,clean_up,Qwen3.6-35B-A3B-FP8-without-reasoning,2_hard_7obj_ro,instance_00004,Max Penalties,16
487,clean_up,Qwen3.6-35B-A3B-FP8-without-reasoning,2_hard_7obj_ro,instance_00004,Rounds,0
488,clean_up,Qwen3.6-35B-A3B-FP8-without-reasoning,2_hard_7obj_ro,instance_00004,Max Rounds,28
489,clean_up,Qwen3.6-35B-A3B-FP8-without-reasoning,2_hard_7obj_ro,instance_00004,Object Count,7
490,clean_up,Qwen3.6-35B-A3B-FP8-without-reasoning,2_hard_7obj_ro,instance_00004,Valid Moves,0
491,clean_up,Qwen3.6-35B-A3B-FP8-without-reasoning,2_hard_7obj_ro,instance_00004,Invalid Moves,0
492,clean_up,Qwen3.6-35B-A3B-FP8-without-reasoning,2_hard_7obj_ro,instance_00004,Parse Errors,34
493,clean_up,Qwen3.6-35B-A3B-FP8-without-reasoning,2_hard_7obj_ro,instance_00004,Main Score,
494,clean_up,Qwen3.6-35B-A3B-FP8-without-reasoning,2_hard_7obj_ro,instance_00001,Request Count,30
495,clean_up,Qwen3.6-35B-A3B-FP8-without-reasoning,2_hard_7obj_ro,instance_00001,Parsed Request Count,28
496,clean_up,Qwen3.6-35B-A3B-FP8-without-reasoning,2_hard_7obj_ro,instance_00001,Violated Request Count,2
497,clean_up,Qwen3.6-35B-A3B-FP8-without-reasoning,2_hard_7obj_ro,instance_00001,Request Success Ratio,0.9333333333333333
498,clean_up,Qwen3.6-35B-A3B-FP8-without-reasoning,2_hard_7obj_ro,instance_00001,Aborted,0
499,clean_up,Qwen3.6-35B-A3B-FP8-without-reasoning,2_hard_7obj_ro,instance_00001,Lose,0
500,clean_up,Qwen3.6-35B-A3B-FP8-without-reasoning,2_hard_7obj_ro,instance_00001,Success,1
501,clean_up,Qwen3.6-35B-A3B-FP8-without-reasoning,2_hard_7obj_ro,instance_00001,Distance Score,0.11324434538741779
502,clean_up,Qwen3.6-35B-A3B-FP8-without-reasoning,2_hard_7obj_ro,instance_00001,Coverage Score,0.125
503,clean_up,Qwen3.6-35B-A3B-FP8-without-reasoning,2_hard_7obj_ro,instance_00001,Penalty Score,0.5
504,clean_up,Qwen3.6-35B-A3B-FP8-without-reasoning,2_hard_7obj_ro,instance_00001,Moves,"[['Player 2', 'M'], ['Player 1', 'M'], ['Player 2', 'A'], ['Player 2', 'S'], ['Player 1', 'M']]"
505,clean_up,Qwen3.6-35B-A3B-FP8-without-reasoning,2_hard_7obj_ro,instance_00001,Init States,"{'state_1': [{'id': 'P', 'coord': [1, 3]}, {'id': 'O', 'coord': [4, 3]}, {'id': 'T', 'coord': [5, 1]}, {'id': 'S', 'coord': [7, 2]}, {'id': 'D', 'coord': [3, 5]}, {'id': 'A', 'coord': [3, 2]}, {'id': 'M', 'coord': [3, 1]}], 'state_2': [{'id': 'P', 'coord': [4, 3]}, {'id': 'O', 'coord': [7, 4]}, {'id': 'T', 'coord': [1, 2]}, {'id': 'S', 'coord': [2, 3]}, {'id': 'D', 'coord': [3, 4]}, {'id': 'A', 'coord': [1, 3]}, {'id': 'M', 'coord': [3, 2]}]}"
506,clean_up,Qwen3.6-35B-A3B-FP8-without-reasoning,2_hard_7obj_ro,instance_00001,End States,"{'state_1': [{'id': 'P', 'coord': [1, 3]}, {'id': 'O', 'coord': [4, 3]}, {'id': 'T', 'coord': [5, 1]}, {'id': 'S', 'coord': [7, 2]}, {'id': 'D', 'coord': [3, 5]}, {'id': 'A', 'coord': [3, 2]}, {'id': 'M', 'coord': [1, 7]}], 'state_2': [{'id': 'P', 'coord': [4, 3]}, {'id': 'O', 'coord': [7, 4]}, {'id': 'T', 'coord': [1, 2]}, {'id': 'S', 'coord': [3, 7]}, {'id': 'D', 'coord': [3, 4]}, {'id': 'A', 'coord': [3, 5]}, {'id': 'M', 'coord': [1, 5]}]}"
507,clean_up,Qwen3.6-35B-A3B-FP8-without-reasoning,2_hard_7obj_ro,instance_00001,Shifts,3
508,clean_up,Qwen3.6-35B-A3B-FP8-without-reasoning,2_hard_7obj_ro,instance_00001,Max Shifts,12
509,clean_up,Qwen3.6-35B-A3B-FP8-without-reasoning,2_hard_7obj_ro,instance_00001,Min Shifts,6
510,clean_up,Qwen3.6-35B-A3B-FP8-without-reasoning,2_hard_7obj_ro,instance_00001,End Distance Sum,22.688507523218888
511,clean_up,Qwen3.6-35B-A3B-FP8-without-reasoning,2_hard_7obj_ro,instance_00001,Init Distance Sum,19.620470776878616
512,clean_up,Qwen3.6-35B-A3B-FP8-without-reasoning,2_hard_7obj_ro,instance_00001,Expected Distance Sum,29.331836849219748
513,clean_up,Qwen3.6-35B-A3B-FP8-without-reasoning,2_hard_7obj_ro,instance_00001,Penalties,16
514,clean_up,Qwen3.6-35B-A3B-FP8-without-reasoning,2_hard_7obj_ro,instance_00001,Max Penalties,16
515,clean_up,Qwen3.6-35B-A3B-FP8-without-reasoning,2_hard_7obj_ro,instance_00001,Rounds,7
516,clean_up,Qwen3.6-35B-A3B-FP8-without-reasoning,2_hard_7obj_ro,instance_00001,Max Rounds,28
517,clean_up,Qwen3.6-35B-A3B-FP8-without-reasoning,2_hard_7obj_ro,instance_00001,Object Count,7
518,clean_up,Qwen3.6-35B-A3B-FP8-without-reasoning,2_hard_7obj_ro,instance_00001,Valid Moves,5
519,clean_up,Qwen3.6-35B-A3B-FP8-without-reasoning,2_hard_7obj_ro,instance_00001,Invalid Moves,14
520,clean_up,Qwen3.6-35B-A3B-FP8-without-reasoning,2_hard_7obj_ro,instance_00001,Parse Errors,4
521,clean_up,Qwen3.6-35B-A3B-FP8-without-reasoning,2_hard_7obj_ro,instance_00001,Main Score,5.662217269370889
522,clean_up,Qwen3.6-35B-A3B-FP8-without-reasoning,2_hard_7obj_ro,instance_00000,Request Count,27
523,clean_up,Qwen3.6-35B-A3B-FP8-without-reasoning,2_hard_7obj_ro,instance_00000,Parsed Request Count,25
524,clean_up,Qwen3.6-35B-A3B-FP8-without-reasoning,2_hard_7obj_ro,instance_00000,Violated Request Count,2
525,clean_up,Qwen3.6-35B-A3B-FP8-without-reasoning,2_hard_7obj_ro,instance_00000,Request Success Ratio,0.9259259259259259
526,clean_up,Qwen3.6-35B-A3B-FP8-without-reasoning,2_hard_7obj_ro,instance_00000,Aborted,0
527,clean_up,Qwen3.6-35B-A3B-FP8-without-reasoning,2_hard_7obj_ro,instance_00000,Lose,0
528,clean_up,Qwen3.6-35B-A3B-FP8-without-reasoning,2_hard_7obj_ro,instance_00000,Success,1
529,clean_up,Qwen3.6-35B-A3B-FP8-without-reasoning,2_hard_7obj_ro,instance_00000,Distance Score,0.13785015749820434
530,clean_up,Qwen3.6-35B-A3B-FP8-without-reasoning,2_hard_7obj_ro,instance_00000,Coverage Score,0.25
531,clean_up,Qwen3.6-35B-A3B-FP8-without-reasoning,2_hard_7obj_ro,instance_00000,Penalty Score,0.5
532,clean_up,Qwen3.6-35B-A3B-FP8-without-reasoning,2_hard_7obj_ro,instance_00000,Moves,"[['Player 2', 'P'], ['Player 1', 'P'], ['Player 2', 'A'], ['Player 1', 'A'], ['Player 2', 'T'], ['Player 1', 'D']]"
533,clean_up,Qwen3.6-35B-A3B-FP8-without-reasoning,2_hard_7obj_ro,instance_00000,Init States,"{'state_1': [{'id': 'P', 'coord': [1, 5]}, {'id': 'O', 'coord': [3, 5]}, {'id': 'T', 'coord': [7, 3]}, {'id': 'S', 'coord': [7, 5]}, {'id': 'D', 'coord': [4, 5]}, {'id': 'A', 'coord': [7, 1]}, {'id': 'M', 'coord': [4, 4]}], 'state_2': [{'id': 'P', 'coord': [2, 5]}, {'id': 'O', 'coord': [1, 5]}, {'id': 'T', 'coord': [1, 1]}, {'id': 'S', 'coord': [7, 5]}, {'id': 'D', 'coord': [4, 1]}, {'id': 'A', 'coord': [7, 1]}, {'id': 'M', 'coord': [5, 7]}]}"
534,clean_up,Qwen3.6-35B-A3B-FP8-without-reasoning,2_hard_7obj_ro,instance_00000,End States,"{'state_1': [{'id': 'P', 'coord': [5, 7]}, {'id': 'O', 'coord': [3, 5]}, {'id': 'T', 'coord': [7, 3]}, {'id': 'S', 'coord': [7, 5]}, {'id': 'D', 'coord': [3, 7]}, {'id': 'A', 'coord': [1, 7]}, {'id': 'M', 'coord': [4, 4]}], 'state_2': [{'id': 'P', 'coord': [1, 7]}, {'id': 'O', 'coord': [1, 5]}, {'id': 'T', 'coord': [7, 7]}, {'id': 'S', 'coord': [7, 5]}, {'id': 'D', 'coord': [4, 1]}, {'id': 'A', 'coord': [3, 7]}, {'id': 'M', 'coord': [5, 7]}]}"
535,clean_up,Qwen3.6-35B-A3B-FP8-without-reasoning,2_hard_7obj_ro,instance_00000,Shifts,3
536,clean_up,Qwen3.6-35B-A3B-FP8-without-reasoning,2_hard_7obj_ro,instance_00000,Max Shifts,12
537,clean_up,Qwen3.6-35B-A3B-FP8-without-reasoning,2_hard_7obj_ro,instance_00000,Min Shifts,6
538,clean_up,Qwen3.6-35B-A3B-FP8-without-reasoning,2_hard_7obj_ro,instance_00000,End Distance Sum,21.245040190466597
539,clean_up,Qwen3.6-35B-A3B-FP8-without-reasoning,2_hard_7obj_ro,instance_00000,Init Distance Sum,16.486832980505138
540,clean_up,Qwen3.6-35B-A3B-FP8-without-reasoning,2_hard_7obj_ro,instance_00000,Expected Distance Sum,29.331836849219748
541,clean_up,Qwen3.6-35B-A3B-FP8-without-reasoning,2_hard_7obj_ro,instance_00000,Penalties,16
542,clean_up,Qwen3.6-35B-A3B-FP8-without-reasoning,2_hard_7obj_ro,instance_00000,Max Penalties,16
543,clean_up,Qwen3.6-35B-A3B-FP8-without-reasoning,2_hard_7obj_ro,instance_00000,Rounds,5
544,clean_up,Qwen3.6-35B-A3B-FP8-without-reasoning,2_hard_7obj_ro,instance_00000,Max Rounds,28
545,clean_up,Qwen3.6-35B-A3B-FP8-without-reasoning,2_hard_7obj_ro,instance_00000,Object Count,7
546,clean_up,Qwen3.6-35B-A3B-FP8-without-reasoning,2_hard_7obj_ro,instance_00000,Valid Moves,6
547,clean_up,Qwen3.6-35B-A3B-FP8-without-reasoning,2_hard_7obj_ro,instance_00000,Invalid Moves,14
548,clean_up,Qwen3.6-35B-A3B-FP8-without-reasoning,2_hard_7obj_ro,instance_00000,Parse Errors,4
549,clean_up,Qwen3.6-35B-A3B-FP8-without-reasoning,2_hard_7obj_ro,instance_00000,Main Score,6.892507874910217
550,clean_up,Qwen3.6-35B-A3B-FP8-without-reasoning,2_hard_5obj_ro,instance_00002,Request Count,27
551,clean_up,Qwen3.6-35B-A3B-FP8-without-reasoning,2_hard_5obj_ro,instance_00002,Parsed Request Count,26
552,clean_up,Qwen3.6-35B-A3B-FP8-without-reasoning,2_hard_5obj_ro,instance_00002,Violated Request Count,1
553,clean_up,Qwen3.6-35B-A3B-FP8-without-reasoning,2_hard_5obj_ro,instance_00002,Request Success Ratio,0.9629629629629629
554,clean_up,Qwen3.6-35B-A3B-FP8-without-reasoning,2_hard_5obj_ro,instance_00002,Aborted,0
555,clean_up,Qwen3.6-35B-A3B-FP8-without-reasoning,2_hard_5obj_ro,instance_00002,Lose,0
556,clean_up,Qwen3.6-35B-A3B-FP8-without-reasoning,2_hard_5obj_ro,instance_00002,Success,1
557,clean_up,Qwen3.6-35B-A3B-FP8-without-reasoning,2_hard_5obj_ro,instance_00002,Distance Score,0.5953401837580573
558,clean_up,Qwen3.6-35B-A3B-FP8-without-reasoning,2_hard_5obj_ro,instance_00002,Consistency Score,0.6
559,clean_up,Qwen3.6-35B-A3B-FP8-without-reasoning,2_hard_5obj_ro,instance_00002,Coverage Score,1.0
560,clean_up,Qwen3.6-35B-A3B-FP8-without-reasoning,2_hard_5obj_ro,instance_00002,Penalty Score,0.7500000000000001
561,clean_up,Qwen3.6-35B-A3B-FP8-without-reasoning,2_hard_5obj_ro,instance_00002,Moves,"[['Player 1', 'W'], ['Player 2', 'W'], ['Player 1', 'I'], ['Player 2', 'I'], ['Player 1', 'H'], ['Player 2', 'T'], ['Player 1', 'C'], ['Player 2', 'C'], ['Player 1', 'T'], ['Player 2', 'H']]"
562,clean_up,Qwen3.6-35B-A3B-FP8-without-reasoning,2_hard_5obj_ro,instance_00002,Init States,"{'state_1': [{'id': 'W', 'coord': [1, 2]}, {'id': 'I', 'coord': [1, 5]}, {'id': 'T', 'coord': [5, 7]}, {'id': 'C', 'coord': [3, 7]}, {'id': 'H', 'coord': [3, 5]}], 'state_2': [{'id': 'W', 'coord': [3, 5]}, {'id': 'I', 'coord': [5, 4]}, {'id': 'T', 'coord': [4, 5]}, {'id': 'C', 'coord': [3, 7]}, {'id': 'H', 'coord': [7, 1]}]}"
563,clean_up,Qwen3.6-35B-A3B-FP8-without-reasoning,2_hard_5obj_ro,instance_00002,End States,"{'state_1': [{'id': 'W', 'coord': [1, 1]}, {'id': 'I', 'coord': [1, 2]}, {'id': 'T', 'coord': [6, 1]}, {'id': 'C', 'coord': [4, 1]}, {'id': 'H', 'coord': [3, 1]}], 'state_2': [{'id': 'W', 'coord': [1, 1]}, {'id': 'I', 'coord': [2, 3]}, {'id': 'T', 'coord': [3, 1]}, {'id': 'C', 'coord': [4, 1]}, {'id': 'H', 'coord': [5, 3]}]}"
564,clean_up,Qwen3.6-35B-A3B-FP8-without-reasoning,2_hard_5obj_ro,instance_00002,Shifts,6
565,clean_up,Qwen3.6-35B-A3B-FP8-without-reasoning,2_hard_5obj_ro,instance_00002,Max Shifts,8
566,clean_up,Qwen3.6-35B-A3B-FP8-without-reasoning,2_hard_5obj_ro,instance_00002,Min Shifts,4
567,clean_up,Qwen3.6-35B-A3B-FP8-without-reasoning,2_hard_5obj_ro,instance_00002,End Distance Sum,7.242640687119286
568,clean_up,Qwen3.6-35B-A3B-FP8-without-reasoning,2_hard_5obj_ro,instance_00002,Init Distance Sum,15.621579128073819
569,clean_up,Qwen3.6-35B-A3B-FP8-without-reasoning,2_hard_5obj_ro,instance_00002,Expected Distance Sum,20.95131203515696
570,clean_up,Qwen3.6-35B-A3B-FP8-without-reasoning,2_hard_5obj_ro,instance_00002,Penalties,8
571,clean_up,Qwen3.6-35B-A3B-FP8-without-reasoning,2_hard_5obj_ro,instance_00002,Max Penalties,12
572,clean_up,Qwen3.6-35B-A3B-FP8-without-reasoning,2_hard_5obj_ro,instance_00002,Rounds,9
573,clean_up,Qwen3.6-35B-A3B-FP8-without-reasoning,2_hard_5obj_ro,instance_00002,Max Rounds,20
574,clean_up,Qwen3.6-35B-A3B-FP8-without-reasoning,2_hard_5obj_ro,instance_00002,Object Count,5
575,clean_up,Qwen3.6-35B-A3B-FP8-without-reasoning,2_hard_5obj_ro,instance_00002,Valid Moves,10
576,clean_up,Qwen3.6-35B-A3B-FP8-without-reasoning,2_hard_5obj_ro,instance_00002,Invalid Moves,7
577,clean_up,Qwen3.6-35B-A3B-FP8-without-reasoning,2_hard_5obj_ro,instance_00002,Parse Errors,2
578,clean_up,Qwen3.6-35B-A3B-FP8-without-reasoning,2_hard_5obj_ro,instance_00002,Main Score,44.65051378185431
579,clean_up,Qwen3.6-35B-A3B-FP8-without-reasoning,2_hard_5obj_ro,instance_00003,Request Count,25
580,clean_up,Qwen3.6-35B-A3B-FP8-without-reasoning,2_hard_5obj_ro,instance_00003,Parsed Request Count,16
581,clean_up,Qwen3.6-35B-A3B-FP8-without-reasoning,2_hard_5obj_ro,instance_00003,Violated Request Count,9
582,clean_up,Qwen3.6-35B-A3B-FP8-without-reasoning,2_hard_5obj_ro,instance_00003,Request Success Ratio,0.64
583,clean_up,Qwen3.6-35B-A3B-FP8-without-reasoning,2_hard_5obj_ro,instance_00003,Aborted,0
584,clean_up,Qwen3.6-35B-A3B-FP8-without-reasoning,2_hard_5obj_ro,instance_00003,Lose,1
585,clean_up,Qwen3.6-35B-A3B-FP8-without-reasoning,2_hard_5obj_ro,instance_00003,Success,1
586,clean_up,Qwen3.6-35B-A3B-FP8-without-reasoning,2_hard_5obj_ro,instance_00003,Distance Score,0
587,clean_up,Qwen3.6-35B-A3B-FP8-without-reasoning,2_hard_5obj_ro,instance_00003,Coverage Score,0.16666666666666666
588,clean_up,Qwen3.6-35B-A3B-FP8-without-reasoning,2_hard_5obj_ro,instance_00003,Penalty Score,0.5
589,clean_up,Qwen3.6-35B-A3B-FP8-without-reasoning,2_hard_5obj_ro,instance_00003,Moves,"[['Player 1', 'W'], ['Player 2', 'C'], ['Player 1', 'H']]"
590,clean_up,Qwen3.6-35B-A3B-FP8-without-reasoning,2_hard_5obj_ro,instance_00003,Init States,"{'state_1': [{'id': 'W', 'coord': [5, 2]}, {'id': 'I', 'coord': [7, 1]}, {'id': 'T', 'coord': [6, 1]}, {'id': 'C', 'coord': [1, 1]}, {'id': 'H', 'coord': [4, 6]}], 'state_2': [{'id': 'W', 'coord': [3, 7]}, {'id': 'I', 'coord': [4, 7]}, {'id': 'T', 'coord': [1, 7]}, {'id': 'C', 'coord': [5, 4]}, {'id': 'H', 'coord': [1, 1]}]}"
591,clean_up,Qwen3.6-35B-A3B-FP8-without-reasoning,2_hard_5obj_ro,instance_00003,End States,"{'state_1': [{'id': 'W', 'coord': [1, 2]}, {'id': 'I', 'coord': [7, 1]}, {'id': 'T', 'coord': [6, 1]}, {'id': 'C', 'coord': [1, 1]}, {'id': 'H', 'coord': [1, 4]}], 'state_2': [{'id': 'W', 'coord': [3, 7]}, {'id': 'I', 'coord': [4, 7]}, {'id': 'T', 'coord': [1, 7]}, {'id': 'C', 'coord': [1, 2]}, {'id': 'H', 'coord': [1, 1]}]}"
592,clean_up,Qwen3.6-35B-A3B-FP8-without-reasoning,2_hard_5obj_ro,instance_00003,Shifts,2
593,clean_up,Qwen3.6-35B-A3B-FP8-without-reasoning,2_hard_5obj_ro,instance_00003,Max Shifts,8
594,clean_up,Qwen3.6-35B-A3B-FP8-without-reasoning,2_hard_5obj_ro,instance_00003,Min Shifts,4
595,clean_up,Qwen3.6-35B-A3B-FP8-without-reasoning,2_hard_5obj_ro,instance_00003,End Distance Sum,23.903618415540528
596,clean_up,Qwen3.6-35B-A3B-FP8-without-reasoning,2_hard_5obj_ro,instance_00003,Init Distance Sum,30.734570310385827
597,clean_up,Qwen3.6-35B-A3B-FP8-without-reasoning,2_hard_5obj_ro,instance_00003,Expected Distance Sum,20.95131203515696
598,clean_up,Qwen3.6-35B-A3B-FP8-without-reasoning,2_hard_5obj_ro,instance_00003,Penalties,12
599,clean_up,Qwen3.6-35B-A3B-FP8-without-reasoning,2_hard_5obj_ro,instance_00003,Max Penalties,12
600,clean_up,Qwen3.6-35B-A3B-FP8-without-reasoning,2_hard_5obj_ro,instance_00003,Rounds,6
601,clean_up,Qwen3.6-35B-A3B-FP8-without-reasoning,2_hard_5obj_ro,instance_00003,Max Rounds,20
602,clean_up,Qwen3.6-35B-A3B-FP8-without-reasoning,2_hard_5obj_ro,instance_00003,Object Count,5
603,clean_up,Qwen3.6-35B-A3B-FP8-without-reasoning,2_hard_5obj_ro,instance_00003,Valid Moves,3
604,clean_up,Qwen3.6-35B-A3B-FP8-without-reasoning,2_hard_5obj_ro,instance_00003,Invalid Moves,3
605,clean_up,Qwen3.6-35B-A3B-FP8-without-reasoning,2_hard_5obj_ro,instance_00003,Parse Errors,18
606,clean_up,Qwen3.6-35B-A3B-FP8-without-reasoning,2_hard_5obj_ro,instance_00003,Main Score,0.0
607,clean_up,Qwen3.6-35B-A3B-FP8-without-reasoning,2_hard_5obj_ro,instance_00004,Request Count,50
608,clean_up,Qwen3.6-35B-A3B-FP8-without-reasoning,2_hard_5obj_ro,instance_00004,Parsed Request Count,49
609,clean_up,Qwen3.6-35B-A3B-FP8-without-reasoning,2_hard_5obj_ro,instance_00004,Violated Request Count,1
610,clean_up,Qwen3.6-35B-A3B-FP8-without-reasoning,2_hard_5obj_ro,instance_00004,Request Success Ratio,0.98
611,clean_up,Qwen3.6-35B-A3B-FP8-without-reasoning,2_hard_5obj_ro,instance_00004,Aborted,0
612,clean_up,Qwen3.6-35B-A3B-FP8-without-reasoning,2_hard_5obj_ro,instance_00004,Lose,0
613,clean_up,Qwen3.6-35B-A3B-FP8-without-reasoning,2_hard_5obj_ro,instance_00004,Success,1
614,clean_up,Qwen3.6-35B-A3B-FP8-without-reasoning,2_hard_5obj_ro,instance_00004,Distance Score,0.415822304221398
615,clean_up,Qwen3.6-35B-A3B-FP8-without-reasoning,2_hard_5obj_ro,instance_00004,Consistency Score,0.6
616,clean_up,Qwen3.6-35B-A3B-FP8-without-reasoning,2_hard_5obj_ro,instance_00004,Coverage Score,0.6944444444444445
617,clean_up,Qwen3.6-35B-A3B-FP8-without-reasoning,2_hard_5obj_ro,instance_00004,Penalty Score,0.5
618,clean_up,Qwen3.6-35B-A3B-FP8-without-reasoning,2_hard_5obj_ro,instance_00004,Moves,"[['Player 1', 'W'], ['Player 2', 'W'], ['Player 1', 'I'], ['Player 2', 'I'], ['Player 2', 'I'], ['Player 1', 'T'], ['Player 2', 'C'], ['Player 2', 'C'], ['Player 1', 'I'], ['Player 2', 'I'], ['Player 2', 'C'], ['Player 1', 'C'], ['Player 2', 'H']]"
619,clean_up,Qwen3.6-35B-A3B-FP8-without-reasoning,2_hard_5obj_ro,instance_00004,Init States,"{'state_1': [{'id': 'W', 'coord': [4, 3]}, {'id': 'I', 'coord': [1, 6]}, {'id': 'T', 'coord': [7, 6]}, {'id': 'C', 'coord': [2, 2]}, {'id': 'H', 'coord': [5, 5]}], 'state_2': [{'id': 'W', 'coord': [2, 7]}, {'id': 'I', 'coord': [1, 6]}, {'id': 'T', 'coord': [2, 1]}, {'id': 'C', 'coord': [1, 2]}, {'id': 'H', 'coord': [3, 3]}]}"
620,clean_up,Qwen3.6-35B-A3B-FP8-without-reasoning,2_hard_5obj_ro,instance_00004,End States,"{'state_1': [{'id': 'W', 'coord': [1, 1]}, {'id': 'I', 'coord': [1, 6]}, {'id': 'T', 'coord': [1, 3]}, {'id': 'C', 'coord': [1, 4]}, {'id': 'H', 'coord': [5, 5]}], 'state_2': [{'id': 'W', 'coord': [1, 1]}, {'id': 'I', 'coord': [1, 2]}, {'id': 'T', 'coord': [2, 1]}, {'id': 'C', 'coord': [1, 4]}, {'id': 'H', 'coord': [1, 6]}]}"
621,clean_up,Qwen3.6-35B-A3B-FP8-without-reasoning,2_hard_5obj_ro,instance_00004,Shifts,6
622,clean_up,Qwen3.6-35B-A3B-FP8-without-reasoning,2_hard_5obj_ro,instance_00004,Max Shifts,8
623,clean_up,Qwen3.6-35B-A3B-FP8-without-reasoning,2_hard_5obj_ro,instance_00004,Min Shifts,4
624,clean_up,Qwen3.6-35B-A3B-FP8-without-reasoning,2_hard_5obj_ro,instance_00004,End Distance Sum,10.359173603117451
625,clean_up,Qwen3.6-35B-A3B-FP8-without-reasoning,2_hard_5obj_ro,instance_00004,Init Distance Sum,15.371630891611245
626,clean_up,Qwen3.6-35B-A3B-FP8-without-reasoning,2_hard_5obj_ro,instance_00004,Expected Distance Sum,20.95131203515696
627,clean_up,Qwen3.6-35B-A3B-FP8-without-reasoning,2_hard_5obj_ro,instance_00004,Penalties,12
628,clean_up,Qwen3.6-35B-A3B-FP8-without-reasoning,2_hard_5obj_ro,instance_00004,Max Penalties,12
629,clean_up,Qwen3.6-35B-A3B-FP8-without-reasoning,2_hard_5obj_ro,instance_00004,Rounds,19
630,clean_up,Qwen3.6-35B-A3B-FP8-without-reasoning,2_hard_5obj_ro,instance_00004,Max Rounds,20
631,clean_up,Qwen3.6-35B-A3B-FP8-without-reasoning,2_hard_5obj_ro,instance_00004,Object Count,5
632,clean_up,Qwen3.6-35B-A3B-FP8-without-reasoning,2_hard_5obj_ro,instance_00004,Valid Moves,13
633,clean_up,Qwen3.6-35B-A3B-FP8-without-reasoning,2_hard_5obj_ro,instance_00004,Invalid Moves,11
634,clean_up,Qwen3.6-35B-A3B-FP8-without-reasoning,2_hard_5obj_ro,instance_00004,Parse Errors,2
635,clean_up,Qwen3.6-35B-A3B-FP8-without-reasoning,2_hard_5obj_ro,instance_00004,Main Score,20.7911152110699
636,clean_up,Qwen3.6-35B-A3B-FP8-without-reasoning,2_hard_5obj_ro,instance_00001,Request Count,25
637,clean_up,Qwen3.6-35B-A3B-FP8-without-reasoning,2_hard_5obj_ro,instance_00001,Parsed Request Count,20
638,clean_up,Qwen3.6-35B-A3B-FP8-without-reasoning,2_hard_5obj_ro,instance_00001,Violated Request Count,5
639,clean_up,Qwen3.6-35B-A3B-FP8-without-reasoning,2_hard_5obj_ro,instance_00001,Request Success Ratio,0.8
640,clean_up,Qwen3.6-35B-A3B-FP8-without-reasoning,2_hard_5obj_ro,instance_00001,Aborted,0
641,clean_up,Qwen3.6-35B-A3B-FP8-without-reasoning,2_hard_5obj_ro,instance_00001,Lose,0
642,clean_up,Qwen3.6-35B-A3B-FP8-without-reasoning,2_hard_5obj_ro,instance_00001,Success,1
643,clean_up,Qwen3.6-35B-A3B-FP8-without-reasoning,2_hard_5obj_ro,instance_00001,Distance Score,0.2285946566945845
644,clean_up,Qwen3.6-35B-A3B-FP8-without-reasoning,2_hard_5obj_ro,instance_00001,Consistency Score,0.19999999999999996
645,clean_up,Qwen3.6-35B-A3B-FP8-without-reasoning,2_hard_5obj_ro,instance_00001,Coverage Score,1.0
646,clean_up,Qwen3.6-35B-A3B-FP8-without-reasoning,2_hard_5obj_ro,instance_00001,Penalty Score,0.6428571428571428
647,clean_up,Qwen3.6-35B-A3B-FP8-without-reasoning,2_hard_5obj_ro,instance_00001,Moves,"[['Player 2', 'C'], ['Player 1', 'I'], ['Player 2', 'H'], ['Player 1', 'W'], ['Player 2', 'I'], ['Player 1', 'T'], ['Player 2', 'T'], ['Player 1', 'C'], ['Player 2', 'W'], ['Player 1', 'H']]"
648,clean_up,Qwen3.6-35B-A3B-FP8-without-reasoning,2_hard_5obj_ro,instance_00001,Init States,"{'state_1': [{'id': 'W', 'coord': [5, 1]}, {'id': 'I', 'coord': [3, 1]}, {'id': 'T', 'coord': [4, 3]}, {'id': 'C', 'coord': [5, 3]}, {'id': 'H', 'coord': [5, 7]}], 'state_2': [{'id': 'W', 'coord': [2, 2]}, {'id': 'I', 'coord': [7, 5]}, {'id': 'T', 'coord': [1, 3]}, {'id': 'C', 'coord': [7, 2]}, {'id': 'H', 'coord': [5, 5]}]}"
649,clean_up,Qwen3.6-35B-A3B-FP8-without-reasoning,2_hard_5obj_ro,instance_00001,End States,"{'state_1': [{'id': 'W', 'coord': [2, 2]}, {'id': 'I', 'coord': [1, 2]}, {'id': 'T', 'coord': [3, 2]}, {'id': 'C', 'coord': [4, 3]}, {'id': 'H', 'coord': [5, 3]}], 'state_2': [{'id': 'W', 'coord': [5, 1]}, {'id': 'I', 'coord': [3, 1]}, {'id': 'T', 'coord': [4, 3]}, {'id': 'C', 'coord': [1, 1]}, {'id': 'H', 'coord': [2, 1]}]}"
650,clean_up,Qwen3.6-35B-A3B-FP8-without-reasoning,2_hard_5obj_ro,instance_00001,Shifts,8
651,clean_up,Qwen3.6-35B-A3B-FP8-without-reasoning,2_hard_5obj_ro,instance_00001,Max Shifts,8
652,clean_up,Qwen3.6-35B-A3B-FP8-without-reasoning,2_hard_5obj_ro,instance_00001,Min Shifts,4
653,clean_up,Qwen3.6-35B-A3B-FP8-without-reasoning,2_hard_5obj_ro,instance_00001,End Distance Sum,14.023661750969243
654,clean_up,Qwen3.6-35B-A3B-FP8-without-reasoning,2_hard_5obj_ro,instance_00001,Init Distance Sum,16.055199887160548
655,clean_up,Qwen3.6-35B-A3B-FP8-without-reasoning,2_hard_5obj_ro,instance_00001,Expected Distance Sum,20.95131203515696
656,clean_up,Qwen3.6-35B-A3B-FP8-without-reasoning,2_hard_5obj_ro,instance_00001,Penalties,10
657,clean_up,Qwen3.6-35B-A3B-FP8-without-reasoning,2_hard_5obj_ro,instance_00001,Max Penalties,12
658,clean_up,Qwen3.6-35B-A3B-FP8-without-reasoning,2_hard_5obj_ro,instance_00001,Rounds,7
659,clean_up,Qwen3.6-35B-A3B-FP8-without-reasoning,2_hard_5obj_ro,instance_00001,Max Rounds,20
660,clean_up,Qwen3.6-35B-A3B-FP8-without-reasoning,2_hard_5obj_ro,instance_00001,Object Count,5
661,clean_up,Qwen3.6-35B-A3B-FP8-without-reasoning,2_hard_5obj_ro,instance_00001,Valid Moves,10
662,clean_up,Qwen3.6-35B-A3B-FP8-without-reasoning,2_hard_5obj_ro,instance_00001,Invalid Moves,5
663,clean_up,Qwen3.6-35B-A3B-FP8-without-reasoning,2_hard_5obj_ro,instance_00001,Parse Errors,10
664,clean_up,Qwen3.6-35B-A3B-FP8-without-reasoning,2_hard_5obj_ro,instance_00001,Main Score,14.695370787509002
665,clean_up,Qwen3.6-35B-A3B-FP8-without-reasoning,2_hard_5obj_ro,instance_00000,Request Count,46
666,clean_up,Qwen3.6-35B-A3B-FP8-without-reasoning,2_hard_5obj_ro,instance_00000,Parsed Request Count,41
667,clean_up,Qwen3.6-35B-A3B-FP8-without-reasoning,2_hard_5obj_ro,instance_00000,Violated Request Count,5
668,clean_up,Qwen3.6-35B-A3B-FP8-without-reasoning,2_hard_5obj_ro,instance_00000,Request Success Ratio,0.8913043478260869
669,clean_up,Qwen3.6-35B-A3B-FP8-without-reasoning,2_hard_5obj_ro,instance_00000,Aborted,0
670,clean_up,Qwen3.6-35B-A3B-FP8-without-reasoning,2_hard_5obj_ro,instance_00000,Lose,0
671,clean_up,Qwen3.6-35B-A3B-FP8-without-reasoning,2_hard_5obj_ro,instance_00000,Success,1
672,clean_up,Qwen3.6-35B-A3B-FP8-without-reasoning,2_hard_5obj_ro,instance_00000,Distance Score,0.8083045706398722
673,clean_up,Qwen3.6-35B-A3B-FP8-without-reasoning,2_hard_5obj_ro,instance_00000,Coverage Score,0.6944444444444445
674,clean_up,Qwen3.6-35B-A3B-FP8-without-reasoning,2_hard_5obj_ro,instance_00000,Penalty Score,0.5
675,clean_up,Qwen3.6-35B-A3B-FP8-without-reasoning,2_hard_5obj_ro,instance_00000,Moves,"[['Player 1', 'W'], ['Player 2', 'W'], ['Player 1', 'I'], ['Player 2', 'I'], ['Player 1', 'T'], ['Player 2', 'T'], ['Player 1', 'H'], ['Player 2', 'H']]"
676,clean_up,Qwen3.6-35B-A3B-FP8-without-reasoning,2_hard_5obj_ro,instance_00000,Init States,"{'state_1': [{'id': 'W', 'coord': [3, 6]}, {'id': 'I', 'coord': [2, 3]}, {'id': 'T', 'coord': [3, 7]}, {'id': 'C', 'coord': [1, 3]}, {'id': 'H', 'coord': [7, 1]}], 'state_2': [{'id': 'W', 'coord': [2, 1]}, {'id': 'I', 'coord': [1, 7]}, {'id': 'T', 'coord': [5, 7]}, {'id': 'C', 'coord': [3, 6]}, {'id': 'H', 'coord': [5, 2]}]}"
677,clean_up,Qwen3.6-35B-A3B-FP8-without-reasoning,2_hard_5obj_ro,instance_00000,End States,"{'state_1': [{'id': 'W', 'coord': [1, 1]}, {'id': 'I', 'coord': [2, 1]}, {'id': 'T', 'coord': [4, 4]}, {'id': 'C', 'coord': [1, 3]}, {'id': 'H', 'coord': [4, 2]}], 'state_2': [{'id': 'W', 'coord': [1, 1]}, {'id': 'I', 'coord': [2, 1]}, {'id': 'T', 'coord': [4, 4]}, {'id': 'C', 'coord': [3, 6]}, {'id': 'H', 'coord': [4, 2]}]}"
678,clean_up,Qwen3.6-35B-A3B-FP8-without-reasoning,2_hard_5obj_ro,instance_00000,Shifts,3
679,clean_up,Qwen3.6-35B-A3B-FP8-without-reasoning,2_hard_5obj_ro,instance_00000,Max Shifts,8
680,clean_up,Qwen3.6-35B-A3B-FP8-without-reasoning,2_hard_5obj_ro,instance_00000,Min Shifts,4
681,clean_up,Qwen3.6-35B-A3B-FP8-without-reasoning,2_hard_5obj_ro,instance_00000,End Distance Sum,3.605551275463989
682,clean_up,Qwen3.6-35B-A3B-FP8-without-reasoning,2_hard_5obj_ro,instance_00000,Init Distance Sum,17.063744392174222
683,clean_up,Qwen3.6-35B-A3B-FP8-without-reasoning,2_hard_5obj_ro,instance_00000,Expected Distance Sum,20.95131203515696
684,clean_up,Qwen3.6-35B-A3B-FP8-without-reasoning,2_hard_5obj_ro,instance_00000,Penalties,12
685,clean_up,Qwen3.6-35B-A3B-FP8-without-reasoning,2_hard_5obj_ro,instance_00000,Max Penalties,12
686,clean_up,Qwen3.6-35B-A3B-FP8-without-reasoning,2_hard_5obj_ro,instance_00000,Rounds,17
687,clean_up,Qwen3.6-35B-A3B-FP8-without-reasoning,2_hard_5obj_ro,instance_00000,Max Rounds,20
688,clean_up,Qwen3.6-35B-A3B-FP8-without-reasoning,2_hard_5obj_ro,instance_00000,Object Count,5
689,clean_up,Qwen3.6-35B-A3B-FP8-without-reasoning,2_hard_5obj_ro,instance_00000,Valid Moves,8
690,clean_up,Qwen3.6-35B-A3B-FP8-without-reasoning,2_hard_5obj_ro,instance_00000,Invalid Moves,7
691,clean_up,Qwen3.6-35B-A3B-FP8-without-reasoning,2_hard_5obj_ro,instance_00000,Parse Errors,10
692,clean_up,Qwen3.6-35B-A3B-FP8-without-reasoning,2_hard_5obj_ro,instance_00000,Main Score,40.415228531993606
693,clean_up,Qwen3.6-35B-A3B-FP8-without-reasoning,2_hard_3obj_ro,instance_00002,Request Count,20
694,clean_up,Qwen3.6-35B-A3B-FP8-without-reasoning,2_hard_3obj_ro,instance_00002,Parsed Request Count,20
695,clean_up,Qwen3.6-35B-A3B-FP8-without-reasoning,2_hard_3obj_ro,instance_00002,Violated Request Count,0
696,clean_up,Qwen3.6-35B-A3B-FP8-without-reasoning,2_hard_3obj_ro,instance_00002,Request Success Ratio,1.0
697,clean_up,Qwen3.6-35B-A3B-FP8-without-reasoning,2_hard_3obj_ro,instance_00002,Aborted,0
698,clean_up,Qwen3.6-35B-A3B-FP8-without-reasoning,2_hard_3obj_ro,instance_00002,Lose,0
699,clean_up,Qwen3.6-35B-A3B-FP8-without-reasoning,2_hard_3obj_ro,instance_00002,Success,1
700,clean_up,Qwen3.6-35B-A3B-FP8-without-reasoning,2_hard_3obj_ro,instance_00002,Distance Score,0.670196316764264
701,clean_up,Qwen3.6-35B-A3B-FP8-without-reasoning,2_hard_3obj_ro,instance_00002,Consistency Score,1.0
702,clean_up,Qwen3.6-35B-A3B-FP8-without-reasoning,2_hard_3obj_ro,instance_00002,Coverage Score,1.0
703,clean_up,Qwen3.6-35B-A3B-FP8-without-reasoning,2_hard_3obj_ro,instance_00002,Penalty Score,0.5
704,clean_up,Qwen3.6-35B-A3B-FP8-without-reasoning,2_hard_3obj_ro,instance_00002,Moves,"[['Player 1', 'C'], ['Player 2', 'C'], ['Player 1', 'L'], ['Player 2', 'L'], ['Player 1', 'P'], ['Player 2', 'P']]"
705,clean_up,Qwen3.6-35B-A3B-FP8-without-reasoning,2_hard_3obj_ro,instance_00002,Init States,"{'state_1': [{'id': 'C', 'coord': [7, 5]}, {'id': 'L', 'coord': [4, 3]}, {'id': 'P', 'coord': [7, 6]}], 'state_2': [{'id': 'C', 'coord': [2, 3]}, {'id': 'L', 'coord': [1, 2]}, {'id': 'P', 'coord': [3, 7]}]}"
706,clean_up,Qwen3.6-35B-A3B-FP8-without-reasoning,2_hard_3obj_ro,instance_00002,End States,"{'state_1': [{'id': 'C', 'coord': [1, 1]}, {'id': 'L', 'coord': [1, 2]}, {'id': 'P', 'coord': [1, 3]}], 'state_2': [{'id': 'C', 'coord': [1, 1]}, {'id': 'L', 'coord': [1, 3]}, {'id': 'P', 'coord': [4, 4]}]}"
707,clean_up,Qwen3.6-35B-A3B-FP8-without-reasoning,2_hard_3obj_ro,instance_00002,Shifts,2
708,clean_up,Qwen3.6-35B-A3B-FP8-without-reasoning,2_hard_3obj_ro,instance_00002,Max Shifts,4
709,clean_up,Qwen3.6-35B-A3B-FP8-without-reasoning,2_hard_3obj_ro,instance_00002,Min Shifts,2
710,clean_up,Qwen3.6-35B-A3B-FP8-without-reasoning,2_hard_3obj_ro,instance_00002,End Distance Sum,4.16227766016838
711,clean_up,Qwen3.6-35B-A3B-FP8-without-reasoning,2_hard_3obj_ro,instance_00002,Init Distance Sum,12.670548092920544
712,clean_up,Qwen3.6-35B-A3B-FP8-without-reasoning,2_hard_3obj_ro,instance_00002,Expected Distance Sum,12.570787221094177
713,clean_up,Qwen3.6-35B-A3B-FP8-without-reasoning,2_hard_3obj_ro,instance_00002,Penalties,8
714,clean_up,Qwen3.6-35B-A3B-FP8-without-reasoning,2_hard_3obj_ro,instance_00002,Max Penalties,8
715,clean_up,Qwen3.6-35B-A3B-FP8-without-reasoning,2_hard_3obj_ro,instance_00002,Rounds,6
716,clean_up,Qwen3.6-35B-A3B-FP8-without-reasoning,2_hard_3obj_ro,instance_00002,Max Rounds,12
717,clean_up,Qwen3.6-35B-A3B-FP8-without-reasoning,2_hard_3obj_ro,instance_00002,Object Count,3
718,clean_up,Qwen3.6-35B-A3B-FP8-without-reasoning,2_hard_3obj_ro,instance_00002,Valid Moves,6
719,clean_up,Qwen3.6-35B-A3B-FP8-without-reasoning,2_hard_3obj_ro,instance_00002,Invalid Moves,8
720,clean_up,Qwen3.6-35B-A3B-FP8-without-reasoning,2_hard_3obj_ro,instance_00002,Parse Errors,0
721,clean_up,Qwen3.6-35B-A3B-FP8-without-reasoning,2_hard_3obj_ro,instance_00002,Main Score,33.5098158382132
722,clean_up,Qwen3.6-35B-A3B-FP8-without-reasoning,2_hard_3obj_ro,instance_00003,Request Count,15
723,clean_up,Qwen3.6-35B-A3B-FP8-without-reasoning,2_hard_3obj_ro,instance_00003,Parsed Request Count,15
724,clean_up,Qwen3.6-35B-A3B-FP8-without-reasoning,2_hard_3obj_ro,instance_00003,Violated Request Count,0
725,clean_up,Qwen3.6-35B-A3B-FP8-without-reasoning,2_hard_3obj_ro,instance_00003,Request Success Ratio,1.0
726,clean_up,Qwen3.6-35B-A3B-FP8-without-reasoning,2_hard_3obj_ro,instance_00003,Aborted,0
727,clean_up,Qwen3.6-35B-A3B-FP8-without-reasoning,2_hard_3obj_ro,instance_00003,Lose,1
728,clean_up,Qwen3.6-35B-A3B-FP8-without-reasoning,2_hard_3obj_ro,instance_00003,Success,1
729,clean_up,Qwen3.6-35B-A3B-FP8-without-reasoning,2_hard_3obj_ro,instance_00003,Distance Score,0
730,clean_up,Qwen3.6-35B-A3B-FP8-without-reasoning,2_hard_3obj_ro,instance_00003,Coverage Score,0.25
731,clean_up,Qwen3.6-35B-A3B-FP8-without-reasoning,2_hard_3obj_ro,instance_00003,Penalty Score,0.5
732,clean_up,Qwen3.6-35B-A3B-FP8-without-reasoning,2_hard_3obj_ro,instance_00003,Moves,"[['Player 2', 'C'], ['Player 1', 'C']]"
733,clean_up,Qwen3.6-35B-A3B-FP8-without-reasoning,2_hard_3obj_ro,instance_00003,Init States,"{'state_1': [{'id': 'C', 'coord': [1, 2]}, {'id': 'L', 'coord': [1, 1]}, {'id': 'P', 'coord': [7, 7]}], 'state_2': [{'id': 'C', 'coord': [5, 5]}, {'id': 'L', 'coord': [6, 2]}, {'id': 'P', 'coord': [3, 3]}]}"
734,clean_up,Qwen3.6-35B-A3B-FP8-without-reasoning,2_hard_3obj_ro,instance_00003,End States,"{'state_1': [{'id': 'C', 'coord': [3, 1]}, {'id': 'L', 'coord': [1, 1]}, {'id': 'P', 'coord': [7, 7]}], 'state_2': [{'id': 'C', 'coord': [1, 1]}, {'id': 'L', 'coord': [6, 2]}, {'id': 'P', 'coord': [3, 3]}]}"
735,clean_up,Qwen3.6-35B-A3B-FP8-without-reasoning,2_hard_3obj_ro,instance_00003,Shifts,0
736,clean_up,Qwen3.6-35B-A3B-FP8-without-reasoning,2_hard_3obj_ro,instance_00003,Max Shifts,4
737,clean_up,Qwen3.6-35B-A3B-FP8-without-reasoning,2_hard_3obj_ro,instance_00003,Min Shifts,2
738,clean_up,Qwen3.6-35B-A3B-FP8-without-reasoning,2_hard_3obj_ro,instance_00003,End Distance Sum,12.755873763085166
739,clean_up,Qwen3.6-35B-A3B-FP8-without-reasoning,2_hard_3obj_ro,instance_00003,Init Distance Sum,15.755873763085166
740,clean_up,Qwen3.6-35B-A3B-FP8-without-reasoning,2_hard_3obj_ro,instance_00003,Expected Distance Sum,12.570787221094177
741,clean_up,Qwen3.6-35B-A3B-FP8-without-reasoning,2_hard_3obj_ro,instance_00003,Penalties,8
742,clean_up,Qwen3.6-35B-A3B-FP8-without-reasoning,2_hard_3obj_ro,instance_00003,Max Penalties,8
743,clean_up,Qwen3.6-35B-A3B-FP8-without-reasoning,2_hard_3obj_ro,instance_00003,Rounds,3
744,clean_up,Qwen3.6-35B-A3B-FP8-without-reasoning,2_hard_3obj_ro,instance_00003,Max Rounds,12
745,clean_up,Qwen3.6-35B-A3B-FP8-without-reasoning,2_hard_3obj_ro,instance_00003,Object Count,3
746,clean_up,Qwen3.6-35B-A3B-FP8-without-reasoning,2_hard_3obj_ro,instance_00003,Valid Moves,2
747,clean_up,Qwen3.6-35B-A3B-FP8-without-reasoning,2_hard_3obj_ro,instance_00003,Invalid Moves,8
748,clean_up,Qwen3.6-35B-A3B-FP8-without-reasoning,2_hard_3obj_ro,instance_00003,Parse Errors,0
749,clean_up,Qwen3.6-35B-A3B-FP8-without-reasoning,2_hard_3obj_ro,instance_00003,Main Score,0.0
750,clean_up,Qwen3.6-35B-A3B-FP8-without-reasoning,2_hard_3obj_ro,instance_00004,Request Count,25
751,clean_up,Qwen3.6-35B-A3B-FP8-without-reasoning,2_hard_3obj_ro,instance_00004,Parsed Request Count,24
752,clean_up,Qwen3.6-35B-A3B-FP8-without-reasoning,2_hard_3obj_ro,instance_00004,Violated Request Count,1
753,clean_up,Qwen3.6-35B-A3B-FP8-without-reasoning,2_hard_3obj_ro,instance_00004,Request Success Ratio,0.96
754,clean_up,Qwen3.6-35B-A3B-FP8-without-reasoning,2_hard_3obj_ro,instance_00004,Aborted,0
755,clean_up,Qwen3.6-35B-A3B-FP8-without-reasoning,2_hard_3obj_ro,instance_00004,Lose,0
756,clean_up,Qwen3.6-35B-A3B-FP8-without-reasoning,2_hard_3obj_ro,instance_00004,Success,1
757,clean_up,Qwen3.6-35B-A3B-FP8-without-reasoning,2_hard_3obj_ro,instance_00004,Distance Score,1.0
758,clean_up,Qwen3.6-35B-A3B-FP8-without-reasoning,2_hard_3obj_ro,instance_00004,Consistency Score,-0.33333333333333326
759,clean_up,Qwen3.6-35B-A3B-FP8-without-reasoning,2_hard_3obj_ro,instance_00004,Coverage Score,1.0
760,clean_up,Qwen3.6-35B-A3B-FP8-without-reasoning,2_hard_3obj_ro,instance_00004,Penalty Score,0.9666666666666667
761,clean_up,Qwen3.6-35B-A3B-FP8-without-reasoning,2_hard_3obj_ro,instance_00004,Moves,"[['Player 1', 'P'], ['Player 1', 'L'], ['Player 2', 'P'], ['Player 1', 'C'], ['Player 2', 'P'], ['Player 2', 'L'], ['Player 2', 'C']]"
762,clean_up,Qwen3.6-35B-A3B-FP8-without-reasoning,2_hard_3obj_ro,instance_00004,Init States,"{'state_1': [{'id': 'C', 'coord': [4, 7]}, {'id': 'L', 'coord': [7, 6]}, {'id': 'P', 'coord': [6, 3]}], 'state_2': [{'id': 'C', 'coord': [7, 7]}, {'id': 'L', 'coord': [2, 2]}, {'id': 'P', 'coord': [2, 1]}]}"
763,clean_up,Qwen3.6-35B-A3B-FP8-without-reasoning,2_hard_3obj_ro,instance_00004,End States,"{'state_1': [{'id': 'C', 'coord': [1, 3]}, {'id': 'L', 'coord': [1, 2]}, {'id': 'P', 'coord': [1, 1]}], 'state_2': [{'id': 'C', 'coord': [1, 3]}, {'id': 'L', 'coord': [1, 2]}, {'id': 'P', 'coord': [1, 1]}]}"
764,clean_up,Qwen3.6-35B-A3B-FP8-without-reasoning,2_hard_3obj_ro,instance_00004,Shifts,6
765,clean_up,Qwen3.6-35B-A3B-FP8-without-reasoning,2_hard_3obj_ro,instance_00004,Max Shifts,4
766,clean_up,Qwen3.6-35B-A3B-FP8-without-reasoning,2_hard_3obj_ro,instance_00004,Min Shifts,2
767,clean_up,Qwen3.6-35B-A3B-FP8-without-reasoning,2_hard_3obj_ro,instance_00004,End Distance Sum,0.0
768,clean_up,Qwen3.6-35B-A3B-FP8-without-reasoning,2_hard_3obj_ro,instance_00004,Init Distance Sum,13.875260192432428
769,clean_up,Qwen3.6-35B-A3B-FP8-without-reasoning,2_hard_3obj_ro,instance_00004,Expected Distance Sum,12.570787221094177
770,clean_up,Qwen3.6-35B-A3B-FP8-without-reasoning,2_hard_3obj_ro,instance_00004,Penalties,1
771,clean_up,Qwen3.6-35B-A3B-FP8-without-reasoning,2_hard_3obj_ro,instance_00004,Max Penalties,8
772,clean_up,Qwen3.6-35B-A3B-FP8-without-reasoning,2_hard_3obj_ro,instance_00004,Rounds,12
773,clean_up,Qwen3.6-35B-A3B-FP8-without-reasoning,2_hard_3obj_ro,instance_00004,Max Rounds,12
774,clean_up,Qwen3.6-35B-A3B-FP8-without-reasoning,2_hard_3obj_ro,instance_00004,Object Count,3
775,clean_up,Qwen3.6-35B-A3B-FP8-without-reasoning,2_hard_3obj_ro,instance_00004,Valid Moves,7
776,clean_up,Qwen3.6-35B-A3B-FP8-without-reasoning,2_hard_3obj_ro,instance_00004,Invalid Moves,0
777,clean_up,Qwen3.6-35B-A3B-FP8-without-reasoning,2_hard_3obj_ro,instance_00004,Parse Errors,2
778,clean_up,Qwen3.6-35B-A3B-FP8-without-reasoning,2_hard_3obj_ro,instance_00004,Main Score,96.66666666666667
779,clean_up,Qwen3.6-35B-A3B-FP8-without-reasoning,2_hard_3obj_ro,instance_00001,Request Count,11
780,clean_up,Qwen3.6-35B-A3B-FP8-without-reasoning,2_hard_3obj_ro,instance_00001,Parsed Request Count,10
781,clean_up,Qwen3.6-35B-A3B-FP8-without-reasoning,2_hard_3obj_ro,instance_00001,Violated Request Count,1
782,clean_up,Qwen3.6-35B-A3B-FP8-without-reasoning,2_hard_3obj_ro,instance_00001,Request Success Ratio,0.9090909090909091
783,clean_up,Qwen3.6-35B-A3B-FP8-without-reasoning,2_hard_3obj_ro,instance_00001,Aborted,0
784,clean_up,Qwen3.6-35B-A3B-FP8-without-reasoning,2_hard_3obj_ro,instance_00001,Lose,0
785,clean_up,Qwen3.6-35B-A3B-FP8-without-reasoning,2_hard_3obj_ro,instance_00001,Success,1
786,clean_up,Qwen3.6-35B-A3B-FP8-without-reasoning,2_hard_3obj_ro,instance_00001,Distance Score,0.5877823523186783
787,clean_up,Qwen3.6-35B-A3B-FP8-without-reasoning,2_hard_3obj_ro,instance_00001,Consistency Score,0.6666666666666667
788,clean_up,Qwen3.6-35B-A3B-FP8-without-reasoning,2_hard_3obj_ro,instance_00001,Coverage Score,1.0
789,clean_up,Qwen3.6-35B-A3B-FP8-without-reasoning,2_hard_3obj_ro,instance_00001,Penalty Score,0.9666666666666667
790,clean_up,Qwen3.6-35B-A3B-FP8-without-reasoning,2_hard_3obj_ro,instance_00001,Moves,"[['Player 1', 'P'], ['Player 2', 'C'], ['Player 1', 'C'], ['Player 2', 'L'], ['Player 1', 'L'], ['Player 2', 'P']]"
791,clean_up,Qwen3.6-35B-A3B-FP8-without-reasoning,2_hard_3obj_ro,instance_00001,Init States,"{'state_1': [{'id': 'C', 'coord': [4, 3]}, {'id': 'L', 'coord': [7, 7]}, {'id': 'P', 'coord': [2, 2]}], 'state_2': [{'id': 'C', 'coord': [1, 5]}, {'id': 'L', 'coord': [3, 2]}, {'id': 'P', 'coord': [1, 7]}]}"
792,clean_up,Qwen3.6-35B-A3B-FP8-without-reasoning,2_hard_3obj_ro,instance_00001,End States,"{'state_1': [{'id': 'C', 'coord': [2, 2]}, {'id': 'L', 'coord': [3, 3]}, {'id': 'P', 'coord': [1, 1]}], 'state_2': [{'id': 'C', 'coord': [1, 1]}, {'id': 'L', 'coord': [2, 2]}, {'id': 'P', 'coord': [3, 3]}]}"
793,clean_up,Qwen3.6-35B-A3B-FP8-without-reasoning,2_hard_3obj_ro,instance_00001,Shifts,3
794,clean_up,Qwen3.6-35B-A3B-FP8-without-reasoning,2_hard_3obj_ro,instance_00001,Max Shifts,4
795,clean_up,Qwen3.6-35B-A3B-FP8-without-reasoning,2_hard_3obj_ro,instance_00001,Min Shifts,2
796,clean_up,Qwen3.6-35B-A3B-FP8-without-reasoning,2_hard_3obj_ro,instance_00001,End Distance Sum,5.656854249492381
797,clean_up,Qwen3.6-35B-A3B-FP8-without-reasoning,2_hard_3obj_ro,instance_00001,Init Distance Sum,15.107695026489623
798,clean_up,Qwen3.6-35B-A3B-FP8-without-reasoning,2_hard_3obj_ro,instance_00001,Expected Distance Sum,12.570787221094177
799,clean_up,Qwen3.6-35B-A3B-FP8-without-reasoning,2_hard_3obj_ro,instance_00001,Penalties,1
800,clean_up,Qwen3.6-35B-A3B-FP8-without-reasoning,2_hard_3obj_ro,instance_00001,Max Penalties,8
801,clean_up,Qwen3.6-35B-A3B-FP8-without-reasoning,2_hard_3obj_ro,instance_00001,Rounds,5
802,clean_up,Qwen3.6-35B-A3B-FP8-without-reasoning,2_hard_3obj_ro,instance_00001,Max Rounds,12
803,clean_up,Qwen3.6-35B-A3B-FP8-without-reasoning,2_hard_3obj_ro,instance_00001,Object Count,3
804,clean_up,Qwen3.6-35B-A3B-FP8-without-reasoning,2_hard_3obj_ro,instance_00001,Valid Moves,6
805,clean_up,Qwen3.6-35B-A3B-FP8-without-reasoning,2_hard_3obj_ro,instance_00001,Invalid Moves,0
806,clean_up,Qwen3.6-35B-A3B-FP8-without-reasoning,2_hard_3obj_ro,instance_00001,Parse Errors,2
807,clean_up,Qwen3.6-35B-A3B-FP8-without-reasoning,2_hard_3obj_ro,instance_00001,Main Score,56.818960724138904
808,clean_up,Qwen3.6-35B-A3B-FP8-without-reasoning,2_hard_3obj_ro,instance_00000,Request Count,17
809,clean_up,Qwen3.6-35B-A3B-FP8-without-reasoning,2_hard_3obj_ro,instance_00000,Parsed Request Count,17
810,clean_up,Qwen3.6-35B-A3B-FP8-without-reasoning,2_hard_3obj_ro,instance_00000,Violated Request Count,0
811,clean_up,Qwen3.6-35B-A3B-FP8-without-reasoning,2_hard_3obj_ro,instance_00000,Request Success Ratio,1.0
812,clean_up,Qwen3.6-35B-A3B-FP8-without-reasoning,2_hard_3obj_ro,instance_00000,Aborted,0
813,clean_up,Qwen3.6-35B-A3B-FP8-without-reasoning,2_hard_3obj_ro,instance_00000,Lose,0
814,clean_up,Qwen3.6-35B-A3B-FP8-without-reasoning,2_hard_3obj_ro,instance_00000,Success,1
815,clean_up,Qwen3.6-35B-A3B-FP8-without-reasoning,2_hard_3obj_ro,instance_00000,Distance Score,1.0
816,clean_up,Qwen3.6-35B-A3B-FP8-without-reasoning,2_hard_3obj_ro,instance_00000,Consistency Score,1.0
817,clean_up,Qwen3.6-35B-A3B-FP8-without-reasoning,2_hard_3obj_ro,instance_00000,Coverage Score,1.0
818,clean_up,Qwen3.6-35B-A3B-FP8-without-reasoning,2_hard_3obj_ro,instance_00000,Penalty Score,0.8333333333333334
819,clean_up,Qwen3.6-35B-A3B-FP8-without-reasoning,2_hard_3obj_ro,instance_00000,Moves,"[['Player 1', 'C'], ['Player 2', 'C'], ['Player 1', 'L'], ['Player 2', 'L'], ['Player 2', 'P'], ['Player 1', 'P']]"
820,clean_up,Qwen3.6-35B-A3B-FP8-without-reasoning,2_hard_3obj_ro,instance_00000,Init States,"{'state_1': [{'id': 'C', 'coord': [4, 1]}, {'id': 'L', 'coord': [5, 2]}, {'id': 'P', 'coord': [3, 5]}], 'state_2': [{'id': 'C', 'coord': [7, 1]}, {'id': 'L', 'coord': [4, 1]}, {'id': 'P', 'coord': [3, 5]}]}"
821,clean_up,Qwen3.6-35B-A3B-FP8-without-reasoning,2_hard_3obj_ro,instance_00000,End States,"{'state_1': [{'id': 'C', 'coord': [1, 1]}, {'id': 'L', 'coord': [2, 1]}, {'id': 'P', 'coord': [1, 3]}], 'state_2': [{'id': 'C', 'coord': [1, 1]}, {'id': 'L', 'coord': [2, 1]}, {'id': 'P', 'coord': [1, 3]}]}"
822,clean_up,Qwen3.6-35B-A3B-FP8-without-reasoning,2_hard_3obj_ro,instance_00000,Shifts,2
823,clean_up,Qwen3.6-35B-A3B-FP8-without-reasoning,2_hard_3obj_ro,instance_00000,Max Shifts,4
824,clean_up,Qwen3.6-35B-A3B-FP8-without-reasoning,2_hard_3obj_ro,instance_00000,Min Shifts,2
825,clean_up,Qwen3.6-35B-A3B-FP8-without-reasoning,2_hard_3obj_ro,instance_00000,End Distance Sum,0.0
826,clean_up,Qwen3.6-35B-A3B-FP8-without-reasoning,2_hard_3obj_ro,instance_00000,Init Distance Sum,4.414213562373095
827,clean_up,Qwen3.6-35B-A3B-FP8-without-reasoning,2_hard_3obj_ro,instance_00000,Expected Distance Sum,12.570787221094177
828,clean_up,Qwen3.6-35B-A3B-FP8-without-reasoning,2_hard_3obj_ro,instance_00000,Penalties,4
829,clean_up,Qwen3.6-35B-A3B-FP8-without-reasoning,2_hard_3obj_ro,instance_00000,Max Penalties,8
830,clean_up,Qwen3.6-35B-A3B-FP8-without-reasoning,2_hard_3obj_ro,instance_00000,Rounds,6
831,clean_up,Qwen3.6-35B-A3B-FP8-without-reasoning,2_hard_3obj_ro,instance_00000,Max Rounds,12
832,clean_up,Qwen3.6-35B-A3B-FP8-without-reasoning,2_hard_3obj_ro,instance_00000,Object Count,3
833,clean_up,Qwen3.6-35B-A3B-FP8-without-reasoning,2_hard_3obj_ro,instance_00000,Valid Moves,6
834,clean_up,Qwen3.6-35B-A3B-FP8-without-reasoning,2_hard_3obj_ro,instance_00000,Invalid Moves,4
835,clean_up,Qwen3.6-35B-A3B-FP8-without-reasoning,2_hard_3obj_ro,instance_00000,Parse Errors,0
836,clean_up,Qwen3.6-35B-A3B-FP8-without-reasoning,2_hard_3obj_ro,instance_00000,Main Score,83.33333333333334
837,clean_up,Qwen3.6-35B-A3B-FP8-without-reasoning,0_easy_5obj_ro,instance_00002,Request Count,17
838,clean_up,Qwen3.6-35B-A3B-FP8-without-reasoning,0_easy_5obj_ro,instance_00002,Parsed Request Count,16
839,clean_up,Qwen3.6-35B-A3B-FP8-without-reasoning,0_easy_5obj_ro,instance_00002,Violated Request Count,1
840,clean_up,Qwen3.6-35B-A3B-FP8-without-reasoning,0_easy_5obj_ro,instance_00002,Request Success Ratio,0.9411764705882353
841,clean_up,Qwen3.6-35B-A3B-FP8-without-reasoning,0_easy_5obj_ro,instance_00002,Aborted,0
842,clean_up,Qwen3.6-35B-A3B-FP8-without-reasoning,0_easy_5obj_ro,instance_00002,Lose,0
843,clean_up,Qwen3.6-35B-A3B-FP8-without-reasoning,0_easy_5obj_ro,instance_00002,Success,1
844,clean_up,Qwen3.6-35B-A3B-FP8-without-reasoning,0_easy_5obj_ro,instance_00002,Distance Score,1.0
845,clean_up,Qwen3.6-35B-A3B-FP8-without-reasoning,0_easy_5obj_ro,instance_00002,Consistency Score,1.0
846,clean_up,Qwen3.6-35B-A3B-FP8-without-reasoning,0_easy_5obj_ro,instance_00002,Coverage Score,1.0
847,clean_up,Qwen3.6-35B-A3B-FP8-without-reasoning,0_easy_5obj_ro,instance_00002,Penalty Score,0.9285714285714286
848,clean_up,Qwen3.6-35B-A3B-FP8-without-reasoning,0_easy_5obj_ro,instance_00002,Moves,"[['Player 1', 'W'], ['Player 2', 'W'], ['Player 1', 'I'], ['Player 2', 'I'], ['Player 1', 'T'], ['Player 2', 'T'], ['Player 1', 'C'], ['Player 2', 'C'], ['Player 1', 'H'], ['Player 2', 'H']]"
849,clean_up,Qwen3.6-35B-A3B-FP8-without-reasoning,0_easy_5obj_ro,instance_00002,Init States,"{'state_1': [{'id': 'W', 'coord': [3, 3]}, {'id': 'I', 'coord': [4, 6]}, {'id': 'T', 'coord': [2, 3]}, {'id': 'C', 'coord': [1, 5]}, {'id': 'H', 'coord': [7, 4]}], 'state_2': [{'id': 'W', 'coord': [2, 6]}, {'id': 'I', 'coord': [1, 5]}, {'id': 'T', 'coord': [5, 1]}, {'id': 'C', 'coord': [7, 6]}, {'id': 'H', 'coord': [6, 1]}]}"
850,clean_up,Qwen3.6-35B-A3B-FP8-without-reasoning,0_easy_5obj_ro,instance_00002,End States,"{'state_1': [{'id': 'W', 'coord': [1, 1]}, {'id': 'I', 'coord': [2, 2]}, {'id': 'T', 'coord': [3, 3]}, {'id': 'C', 'coord': [4, 4]}, {'id': 'H', 'coord': [5, 6]}], 'state_2': [{'id': 'W', 'coord': [1, 1]}, {'id': 'I', 'coord': [2, 2]}, {'id': 'T', 'coord': [3, 3]}, {'id': 'C', 'coord': [4, 4]}, {'id': 'H', 'coord': [5, 6]}]}"
851,clean_up,Qwen3.6-35B-A3B-FP8-without-reasoning,0_easy_5obj_ro,instance_00002,Shifts,4
852,clean_up,Qwen3.6-35B-A3B-FP8-without-reasoning,0_easy_5obj_ro,instance_00002,Max Shifts,8
853,clean_up,Qwen3.6-35B-A3B-FP8-without-reasoning,0_easy_5obj_ro,instance_00002,Min Shifts,4
854,clean_up,Qwen3.6-35B-A3B-FP8-without-reasoning,0_easy_5obj_ro,instance_00002,End Distance Sum,0.0
855,clean_up,Qwen3.6-35B-A3B-FP8-without-reasoning,0_easy_5obj_ro,instance_00002,Init Distance Sum,19.175146786267344
856,clean_up,Qwen3.6-35B-A3B-FP8-without-reasoning,0_easy_5obj_ro,instance_00002,Expected Distance Sum,20.95131203515696
857,clean_up,Qwen3.6-35B-A3B-FP8-without-reasoning,0_easy_5obj_ro,instance_00002,Penalties,3
858,clean_up,Qwen3.6-35B-A3B-FP8-without-reasoning,0_easy_5obj_ro,instance_00002,Max Penalties,12
859,clean_up,Qwen3.6-35B-A3B-FP8-without-reasoning,0_easy_5obj_ro,instance_00002,Rounds,7
860,clean_up,Qwen3.6-35B-A3B-FP8-without-reasoning,0_easy_5obj_ro,instance_00002,Max Rounds,20
861,clean_up,Qwen3.6-35B-A3B-FP8-without-reasoning,0_easy_5obj_ro,instance_00002,Object Count,5
862,clean_up,Qwen3.6-35B-A3B-FP8-without-reasoning,0_easy_5obj_ro,instance_00002,Valid Moves,10
863,clean_up,Qwen3.6-35B-A3B-FP8-without-reasoning,0_easy_5obj_ro,instance_00002,Invalid Moves,2
864,clean_up,Qwen3.6-35B-A3B-FP8-without-reasoning,0_easy_5obj_ro,instance_00002,Parse Errors,2
865,clean_up,Qwen3.6-35B-A3B-FP8-without-reasoning,0_easy_5obj_ro,instance_00002,Main Score,92.85714285714286
866,clean_up,Qwen3.6-35B-A3B-FP8-without-reasoning,0_easy_5obj_ro,instance_00003,Request Count,23
867,clean_up,Qwen3.6-35B-A3B-FP8-without-reasoning,0_easy_5obj_ro,instance_00003,Parsed Request Count,21
868,clean_up,Qwen3.6-35B-A3B-FP8-without-reasoning,0_easy_5obj_ro,instance_00003,Violated Request Count,2
869,clean_up,Qwen3.6-35B-A3B-FP8-without-reasoning,0_easy_5obj_ro,instance_00003,Request Success Ratio,0.9130434782608695
870,clean_up,Qwen3.6-35B-A3B-FP8-without-reasoning,0_easy_5obj_ro,instance_00003,Aborted,0
871,clean_up,Qwen3.6-35B-A3B-FP8-without-reasoning,0_easy_5obj_ro,instance_00003,Lose,0
872,clean_up,Qwen3.6-35B-A3B-FP8-without-reasoning,0_easy_5obj_ro,instance_00003,Success,1
873,clean_up,Qwen3.6-35B-A3B-FP8-without-reasoning,0_easy_5obj_ro,instance_00003,Distance Score,1.0
874,clean_up,Qwen3.6-35B-A3B-FP8-without-reasoning,0_easy_5obj_ro,instance_00003,Consistency Score,0.4
875,clean_up,Qwen3.6-35B-A3B-FP8-without-reasoning,0_easy_5obj_ro,instance_00003,Coverage Score,1.0
876,clean_up,Qwen3.6-35B-A3B-FP8-without-reasoning,0_easy_5obj_ro,instance_00003,Penalty Score,0.9
877,clean_up,Qwen3.6-35B-A3B-FP8-without-reasoning,0_easy_5obj_ro,instance_00003,Moves,"[['Player 2', 'H'], ['Player 1', 'H'], ['Player 2', 'W'], ['Player 1', 'W'], ['Player 2', 'C'], ['Player 1', 'C'], ['Player 2', 'T'], ['Player 1', 'T'], ['Player 2', 'I'], ['Player 1', 'H'], ['Player 2', 'T'], ['Player 1', 'I']]"
878,clean_up,Qwen3.6-35B-A3B-FP8-without-reasoning,0_easy_5obj_ro,instance_00003,Init States,"{'state_1': [{'id': 'W', 'coord': [2, 2]}, {'id': 'I', 'coord': [6, 4]}, {'id': 'T', 'coord': [1, 4]}, {'id': 'C', 'coord': [2, 3]}, {'id': 'H', 'coord': [1, 1]}], 'state_2': [{'id': 'W', 'coord': [1, 4]}, {'id': 'I', 'coord': [1, 7]}, {'id': 'T', 'coord': [4, 1]}, {'id': 'C', 'coord': [7, 7]}, {'id': 'H', 'coord': [1, 6]}]}"
879,clean_up,Qwen3.6-35B-A3B-FP8-without-reasoning,0_easy_5obj_ro,instance_00003,End States,"{'state_1': [{'id': 'W', 'coord': [2, 1]}, {'id': 'I', 'coord': [1, 2]}, {'id': 'T', 'coord': [4, 1]}, {'id': 'C', 'coord': [3, 1]}, {'id': 'H', 'coord': [1, 1]}], 'state_2': [{'id': 'W', 'coord': [2, 1]}, {'id': 'I', 'coord': [1, 2]}, {'id': 'T', 'coord': [4, 1]}, {'id': 'C', 'coord': [3, 1]}, {'id': 'H', 'coord': [1, 1]}]}"
880,clean_up,Qwen3.6-35B-A3B-FP8-without-reasoning,0_easy_5obj_ro,instance_00003,Shifts,7
881,clean_up,Qwen3.6-35B-A3B-FP8-without-reasoning,0_easy_5obj_ro,instance_00003,Max Shifts,8
882,clean_up,Qwen3.6-35B-A3B-FP8-without-reasoning,0_easy_5obj_ro,instance_00003,Min Shifts,4
883,clean_up,Qwen3.6-35B-A3B-FP8-without-reasoning,0_easy_5obj_ro,instance_00003,End Distance Sum,0.0
884,clean_up,Qwen3.6-35B-A3B-FP8-without-reasoning,0_easy_5obj_ro,instance_00003,Init Distance Sum,23.712784796897225
885,clean_up,Qwen3.6-35B-A3B-FP8-without-reasoning,0_easy_5obj_ro,instance_00003,Expected Distance Sum,20.95131203515696
886,clean_up,Qwen3.6-35B-A3B-FP8-without-reasoning,0_easy_5obj_ro,instance_00003,Penalties,4
887,clean_up,Qwen3.6-35B-A3B-FP8-without-reasoning,0_easy_5obj_ro,instance_00003,Max Penalties,12
888,clean_up,Qwen3.6-35B-A3B-FP8-without-reasoning,0_easy_5obj_ro,instance_00003,Rounds,9
889,clean_up,Qwen3.6-35B-A3B-FP8-without-reasoning,0_easy_5obj_ro,instance_00003,Max Rounds,20
890,clean_up,Qwen3.6-35B-A3B-FP8-without-reasoning,0_easy_5obj_ro,instance_00003,Object Count,5
891,clean_up,Qwen3.6-35B-A3B-FP8-without-reasoning,0_easy_5obj_ro,instance_00003,Valid Moves,12
892,clean_up,Qwen3.6-35B-A3B-FP8-without-reasoning,0_easy_5obj_ro,instance_00003,Invalid Moves,2
893,clean_up,Qwen3.6-35B-A3B-FP8-without-reasoning,0_easy_5obj_ro,instance_00003,Parse Errors,4
894,clean_up,Qwen3.6-35B-A3B-FP8-without-reasoning,0_easy_5obj_ro,instance_00003,Main Score,90.0
895,clean_up,Qwen3.6-35B-A3B-FP8-without-reasoning,0_easy_5obj_ro,instance_00004,Request Count,26
896,clean_up,Qwen3.6-35B-A3B-FP8-without-reasoning,0_easy_5obj_ro,instance_00004,Parsed Request Count,25
897,clean_up,Qwen3.6-35B-A3B-FP8-without-reasoning,0_easy_5obj_ro,instance_00004,Violated Request Count,1
898,clean_up,Qwen3.6-35B-A3B-FP8-without-reasoning,0_easy_5obj_ro,instance_00004,Request Success Ratio,0.9615384615384616
899,clean_up,Qwen3.6-35B-A3B-FP8-without-reasoning,0_easy_5obj_ro,instance_00004,Aborted,0
900,clean_up,Qwen3.6-35B-A3B-FP8-without-reasoning,0_easy_5obj_ro,instance_00004,Lose,0
901,clean_up,Qwen3.6-35B-A3B-FP8-without-reasoning,0_easy_5obj_ro,instance_00004,Success,1
902,clean_up,Qwen3.6-35B-A3B-FP8-without-reasoning,0_easy_5obj_ro,instance_00004,Distance Score,0.4359089532453499
903,clean_up,Qwen3.6-35B-A3B-FP8-without-reasoning,0_easy_5obj_ro,instance_00004,Coverage Score,0.6944444444444445
904,clean_up,Qwen3.6-35B-A3B-FP8-without-reasoning,0_easy_5obj_ro,instance_00004,Penalty Score,0.5
905,clean_up,Qwen3.6-35B-A3B-FP8-without-reasoning,0_easy_5obj_ro,instance_00004,Moves,"[['Player 1', 'W'], ['Player 2', 'W'], ['Player 1', 'I'], ['Player 2', 'I'], ['Player 1', 'T'], ['Player 2', 'T'], ['Player 1', 'C'], ['Player 2', 'C']]"
906,clean_up,Qwen3.6-35B-A3B-FP8-without-reasoning,0_easy_5obj_ro,instance_00004,Init States,"{'state_1': [{'id': 'W', 'coord': [4, 4]}, {'id': 'I', 'coord': [3, 2]}, {'id': 'T', 'coord': [7, 7]}, {'id': 'C', 'coord': [1, 3]}, {'id': 'H', 'coord': [1, 4]}], 'state_2': [{'id': 'W', 'coord': [1, 7]}, {'id': 'I', 'coord': [1, 3]}, {'id': 'T', 'coord': [5, 4]}, {'id': 'C', 'coord': [5, 3]}, {'id': 'H', 'coord': [6, 2]}]}"
907,clean_up,Qwen3.6-35B-A3B-FP8-without-reasoning,0_easy_5obj_ro,instance_00004,End States,"{'state_1': [{'id': 'W', 'coord': [1, 1]}, {'id': 'I', 'coord': [1, 2]}, {'id': 'T', 'coord': [1, 6]}, {'id': 'C', 'coord': [1, 7]}, {'id': 'H', 'coord': [1, 4]}], 'state_2': [{'id': 'W', 'coord': [1, 1]}, {'id': 'I', 'coord': [1, 2]}, {'id': 'T', 'coord': [1, 3]}, {'id': 'C', 'coord': [1, 4]}, {'id': 'H', 'coord': [6, 2]}]}"
908,clean_up,Qwen3.6-35B-A3B-FP8-without-reasoning,0_easy_5obj_ro,instance_00004,Shifts,3
909,clean_up,Qwen3.6-35B-A3B-FP8-without-reasoning,0_easy_5obj_ro,instance_00004,Max Shifts,8
910,clean_up,Qwen3.6-35B-A3B-FP8-without-reasoning,0_easy_5obj_ro,instance_00004,Min Shifts,4
911,clean_up,Qwen3.6-35B-A3B-FP8-without-reasoning,0_easy_5obj_ro,instance_00004,End Distance Sum,11.385164807134505
912,clean_up,Qwen3.6-35B-A3B-FP8-without-reasoning,0_easy_5obj_ro,instance_00004,Init Distance Sum,19.469424747217566
913,clean_up,Qwen3.6-35B-A3B-FP8-without-reasoning,0_easy_5obj_ro,instance_00004,Expected Distance Sum,20.95131203515696
914,clean_up,Qwen3.6-35B-A3B-FP8-without-reasoning,0_easy_5obj_ro,instance_00004,Penalties,12
915,clean_up,Qwen3.6-35B-A3B-FP8-without-reasoning,0_easy_5obj_ro,instance_00004,Max Penalties,12
916,clean_up,Qwen3.6-35B-A3B-FP8-without-reasoning,0_easy_5obj_ro,instance_00004,Rounds,7
917,clean_up,Qwen3.6-35B-A3B-FP8-without-reasoning,0_easy_5obj_ro,instance_00004,Max Rounds,20
918,clean_up,Qwen3.6-35B-A3B-FP8-without-reasoning,0_easy_5obj_ro,instance_00004,Object Count,5
919,clean_up,Qwen3.6-35B-A3B-FP8-without-reasoning,0_easy_5obj_ro,instance_00004,Valid Moves,8
920,clean_up,Qwen3.6-35B-A3B-FP8-without-reasoning,0_easy_5obj_ro,instance_00004,Invalid Moves,11
921,clean_up,Qwen3.6-35B-A3B-FP8-without-reasoning,0_easy_5obj_ro,instance_00004,Parse Errors,2
922,clean_up,Qwen3.6-35B-A3B-FP8-without-reasoning,0_easy_5obj_ro,instance_00004,Main Score,21.795447662267495
923,clean_up,Qwen3.6-35B-A3B-FP8-without-reasoning,0_easy_5obj_ro,instance_00001,Request Count,19
924,clean_up,Qwen3.6-35B-A3B-FP8-without-reasoning,0_easy_5obj_ro,instance_00001,Parsed Request Count,18
925,clean_up,Qwen3.6-35B-A3B-FP8-without-reasoning,0_easy_5obj_ro,instance_00001,Violated Request Count,1
926,clean_up,Qwen3.6-35B-A3B-FP8-without-reasoning,0_easy_5obj_ro,instance_00001,Request Success Ratio,0.9473684210526315
927,clean_up,Qwen3.6-35B-A3B-FP8-without-reasoning,0_easy_5obj_ro,instance_00001,Aborted,0
928,clean_up,Qwen3.6-35B-A3B-FP8-without-reasoning,0_easy_5obj_ro,instance_00001,Lose,0
929,clean_up,Qwen3.6-35B-A3B-FP8-without-reasoning,0_easy_5obj_ro,instance_00001,Success,1
930,clean_up,Qwen3.6-35B-A3B-FP8-without-reasoning,0_easy_5obj_ro,instance_00001,Distance Score,1.0
931,clean_up,Qwen3.6-35B-A3B-FP8-without-reasoning,0_easy_5obj_ro,instance_00001,Consistency Score,0.6
932,clean_up,Qwen3.6-35B-A3B-FP8-without-reasoning,0_easy_5obj_ro,instance_00001,Coverage Score,1.0
933,clean_up,Qwen3.6-35B-A3B-FP8-without-reasoning,0_easy_5obj_ro,instance_00001,Penalty Score,0.9782608695652174
934,clean_up,Qwen3.6-35B-A3B-FP8-without-reasoning,0_easy_5obj_ro,instance_00001,Moves,"[['Player 1', 'W'], ['Player 2', 'C'], ['Player 1', 'H'], ['Player 2', 'H'], ['Player 1', 'I'], ['Player 2', 'I'], ['Player 1', 'T'], ['Player 2', 'T'], ['Player 1', 'C'], ['Player 2', 'W']]"
935,clean_up,Qwen3.6-35B-A3B-FP8-without-reasoning,0_easy_5obj_ro,instance_00001,Init States,"{'state_1': [{'id': 'W', 'coord': [3, 2]}, {'id': 'I', 'coord': [3, 5]}, {'id': 'T', 'coord': [3, 7]}, {'id': 'C', 'coord': [2, 3]}, {'id': 'H', 'coord': [4, 2]}], 'state_2': [{'id': 'W', 'coord': [2, 3]}, {'id': 'I', 'coord': [5, 5]}, {'id': 'T', 'coord': [1, 5]}, {'id': 'C', 'coord': [3, 3]}, {'id': 'H', 'coord': [3, 2]}]}"
936,clean_up,Qwen3.6-35B-A3B-FP8-without-reasoning,0_easy_5obj_ro,instance_00001,End States,"{'state_1': [{'id': 'W', 'coord': [5, 1]}, {'id': 'I', 'coord': [3, 1]}, {'id': 'T', 'coord': [4, 1]}, {'id': 'C', 'coord': [1, 1]}, {'id': 'H', 'coord': [2, 1]}], 'state_2': [{'id': 'W', 'coord': [5, 1]}, {'id': 'I', 'coord': [3, 1]}, {'id': 'T', 'coord': [4, 1]}, {'id': 'C', 'coord': [1, 1]}, {'id': 'H', 'coord': [2, 1]}]}"
937,clean_up,Qwen3.6-35B-A3B-FP8-without-reasoning,0_easy_5obj_ro,instance_00001,Shifts,6
938,clean_up,Qwen3.6-35B-A3B-FP8-without-reasoning,0_easy_5obj_ro,instance_00001,Max Shifts,8
939,clean_up,Qwen3.6-35B-A3B-FP8-without-reasoning,0_easy_5obj_ro,instance_00001,Min Shifts,4
940,clean_up,Qwen3.6-35B-A3B-FP8-without-reasoning,0_easy_5obj_ro,instance_00001,End Distance Sum,0.0
941,clean_up,Qwen3.6-35B-A3B-FP8-without-reasoning,0_easy_5obj_ro,instance_00001,Init Distance Sum,8.242640687119286
942,clean_up,Qwen3.6-35B-A3B-FP8-without-reasoning,0_easy_5obj_ro,instance_00001,Expected Distance Sum,20.95131203515696
943,clean_up,Qwen3.6-35B-A3B-FP8-without-reasoning,0_easy_5obj_ro,instance_00001,Penalties,1
944,clean_up,Qwen3.6-35B-A3B-FP8-without-reasoning,0_easy_5obj_ro,instance_00001,Max Penalties,12
945,clean_up,Qwen3.6-35B-A3B-FP8-without-reasoning,0_easy_5obj_ro,instance_00001,Rounds,9
946,clean_up,Qwen3.6-35B-A3B-FP8-without-reasoning,0_easy_5obj_ro,instance_00001,Max Rounds,20
947,clean_up,Qwen3.6-35B-A3B-FP8-without-reasoning,0_easy_5obj_ro,instance_00001,Object Count,5
948,clean_up,Qwen3.6-35B-A3B-FP8-without-reasoning,0_easy_5obj_ro,instance_00001,Valid Moves,10
949,clean_up,Qwen3.6-35B-A3B-FP8-without-reasoning,0_easy_5obj_ro,instance_00001,Invalid Moves,0
950,clean_up,Qwen3.6-35B-A3B-FP8-without-reasoning,0_easy_5obj_ro,instance_00001,Parse Errors,2
951,clean_up,Qwen3.6-35B-A3B-FP8-without-reasoning,0_easy_5obj_ro,instance_00001,Main Score,97.82608695652173
952,clean_up,Qwen3.6-35B-A3B-FP8-without-reasoning,0_easy_5obj_ro,instance_00000,Request Count,36
953,clean_up,Qwen3.6-35B-A3B-FP8-without-reasoning,0_easy_5obj_ro,instance_00000,Parsed Request Count,35
954,clean_up,Qwen3.6-35B-A3B-FP8-without-reasoning,0_easy_5obj_ro,instance_00000,Violated Request Count,1
955,clean_up,Qwen3.6-35B-A3B-FP8-without-reasoning,0_easy_5obj_ro,instance_00000,Request Success Ratio,0.9722222222222222
956,clean_up,Qwen3.6-35B-A3B-FP8-without-reasoning,0_easy_5obj_ro,instance_00000,Aborted,0
957,clean_up,Qwen3.6-35B-A3B-FP8-without-reasoning,0_easy_5obj_ro,instance_00000,Lose,0
958,clean_up,Qwen3.6-35B-A3B-FP8-without-reasoning,0_easy_5obj_ro,instance_00000,Success,1
959,clean_up,Qwen3.6-35B-A3B-FP8-without-reasoning,0_easy_5obj_ro,instance_00000,Distance Score,0.6902594522648192
960,clean_up,Qwen3.6-35B-A3B-FP8-without-reasoning,0_easy_5obj_ro,instance_00000,Consistency Score,0.19999999999999996
961,clean_up,Qwen3.6-35B-A3B-FP8-without-reasoning,0_easy_5obj_ro,instance_00000,Coverage Score,1.0
962,clean_up,Qwen3.6-35B-A3B-FP8-without-reasoning,0_easy_5obj_ro,instance_00000,Penalty Score,0.5769230769230771
963,clean_up,Qwen3.6-35B-A3B-FP8-without-reasoning,0_easy_5obj_ro,instance_00000,Moves,"[['Player 1', 'C'], ['Player 2', 'C'], ['Player 2', 'W'], ['Player 1', 'W'], ['Player 2', 'I'], ['Player 2', 'T'], ['Player 1', 'I'], ['Player 2', 'H'], ['Player 1', 'T'], ['Player 1', 'H'], ['Player 2', 'C'], ['Player 1', 'C']]"
964,clean_up,Qwen3.6-35B-A3B-FP8-without-reasoning,0_easy_5obj_ro,instance_00000,Init States,"{'state_1': [{'id': 'W', 'coord': [2, 7]}, {'id': 'I', 'coord': [6, 5]}, {'id': 'T', 'coord': [5, 7]}, {'id': 'C', 'coord': [1, 6]}, {'id': 'H', 'coord': [6, 4]}], 'state_2': [{'id': 'W', 'coord': [5, 7]}, {'id': 'I', 'coord': [4, 6]}, {'id': 'T', 'coord': [7, 4]}, {'id': 'C', 'coord': [7, 3]}, {'id': 'H', 'coord': [7, 1]}]}"
965,clean_up,Qwen3.6-35B-A3B-FP8-without-reasoning,0_easy_5obj_ro,instance_00000,End States,"{'state_1': [{'id': 'W', 'coord': [7, 2]}, {'id': 'I', 'coord': [7, 3]}, {'id': 'T', 'coord': [7, 4]}, {'id': 'C', 'coord': [7, 1]}, {'id': 'H', 'coord': [7, 5]}], 'state_2': [{'id': 'W', 'coord': [3, 3]}, {'id': 'I', 'coord': [7, 3]}, {'id': 'T', 'coord': [7, 5]}, {'id': 'C', 'coord': [7, 1]}, {'id': 'H', 'coord': [7, 6]}]}"
966,clean_up,Qwen3.6-35B-A3B-FP8-without-reasoning,0_easy_5obj_ro,instance_00000,Shifts,8
967,clean_up,Qwen3.6-35B-A3B-FP8-without-reasoning,0_easy_5obj_ro,instance_00000,Max Shifts,8
968,clean_up,Qwen3.6-35B-A3B-FP8-without-reasoning,0_easy_5obj_ro,instance_00000,Min Shifts,4
969,clean_up,Qwen3.6-35B-A3B-FP8-without-reasoning,0_easy_5obj_ro,instance_00000,End Distance Sum,6.123105625617661
970,clean_up,Qwen3.6-35B-A3B-FP8-without-reasoning,0_easy_5obj_ro,instance_00000,Init Distance Sum,18.71210084563153
971,clean_up,Qwen3.6-35B-A3B-FP8-without-reasoning,0_easy_5obj_ro,instance_00000,Expected Distance Sum,20.95131203515696
972,clean_up,Qwen3.6-35B-A3B-FP8-without-reasoning,0_easy_5obj_ro,instance_00000,Penalties,11
973,clean_up,Qwen3.6-35B-A3B-FP8-without-reasoning,0_easy_5obj_ro,instance_00000,Max Penalties,12
974,clean_up,Qwen3.6-35B-A3B-FP8-without-reasoning,0_easy_5obj_ro,instance_00000,Rounds,12
975,clean_up,Qwen3.6-35B-A3B-FP8-without-reasoning,0_easy_5obj_ro,instance_00000,Max Rounds,20
976,clean_up,Qwen3.6-35B-A3B-FP8-without-reasoning,0_easy_5obj_ro,instance_00000,Object Count,5
977,clean_up,Qwen3.6-35B-A3B-FP8-without-reasoning,0_easy_5obj_ro,instance_00000,Valid Moves,12
978,clean_up,Qwen3.6-35B-A3B-FP8-without-reasoning,0_easy_5obj_ro,instance_00000,Invalid Moves,10
979,clean_up,Qwen3.6-35B-A3B-FP8-without-reasoning,0_easy_5obj_ro,instance_00000,Parse Errors,2
980,clean_up,Qwen3.6-35B-A3B-FP8-without-reasoning,0_easy_5obj_ro,instance_00000,Main Score,39.82266070758574
981,clean_up,Qwen3.6-35B-A3B-FP8-without-reasoning,0_easy_7obj_ro,instance_00002,Request Count,21
982,clean_up,Qwen3.6-35B-A3B-FP8-without-reasoning,0_easy_7obj_ro,instance_00002,Parsed Request Count,21
983,clean_up,Qwen3.6-35B-A3B-FP8-without-reasoning,0_easy_7obj_ro,instance_00002,Violated Request Count,0
984,clean_up,Qwen3.6-35B-A3B-FP8-without-reasoning,0_easy_7obj_ro,instance_00002,Request Success Ratio,1.0
985,clean_up,Qwen3.6-35B-A3B-FP8-without-reasoning,0_easy_7obj_ro,instance_00002,Aborted,0
986,clean_up,Qwen3.6-35B-A3B-FP8-without-reasoning,0_easy_7obj_ro,instance_00002,Lose,0
987,clean_up,Qwen3.6-35B-A3B-FP8-without-reasoning,0_easy_7obj_ro,instance_00002,Success,1
988,clean_up,Qwen3.6-35B-A3B-FP8-without-reasoning,0_easy_7obj_ro,instance_00002,Distance Score,0.5957250410873283
989,clean_up,Qwen3.6-35B-A3B-FP8-without-reasoning,0_easy_7obj_ro,instance_00002,Consistency Score,0.5714285714285714
990,clean_up,Qwen3.6-35B-A3B-FP8-without-reasoning,0_easy_7obj_ro,instance_00002,Coverage Score,1.0
991,clean_up,Qwen3.6-35B-A3B-FP8-without-reasoning,0_easy_7obj_ro,instance_00002,Penalty Score,1.0
992,clean_up,Qwen3.6-35B-A3B-FP8-without-reasoning,0_easy_7obj_ro,instance_00002,Moves,"[['Player 2', 'P'], ['Player 1', 'T'], ['Player 2', 'A'], ['Player 1', 'A'], ['Player 2', 'D'], ['Player 1', 'D'], ['Player 2', 'M'], ['Player 1', 'M'], ['Player 2', 'O'], ['Player 1', 'O'], ['Player 2', 'S'], ['Player 1', 'P'], ['Player 2', 'T'], ['Player 1', 'S']]"
993,clean_up,Qwen3.6-35B-A3B-FP8-without-reasoning,0_easy_7obj_ro,instance_00002,Init States,"{'state_1': [{'id': 'P', 'coord': [2, 5]}, {'id': 'O', 'coord': [4, 4]}, {'id': 'T', 'coord': [2, 1]}, {'id': 'S', 'coord': [2, 6]}, {'id': 'D', 'coord': [7, 2]}, {'id': 'A', 'coord': [1, 2]}, {'id': 'M', 'coord': [4, 6]}], 'state_2': [{'id': 'P', 'coord': [3, 1]}, {'id': 'O', 'coord': [7, 1]}, {'id': 'T', 'coord': [7, 6]}, {'id': 'S', 'coord': [1, 2]}, {'id': 'D', 'coord': [5, 3]}, {'id': 'A', 'coord': [5, 1]}, {'id': 'M', 'coord': [5, 2]}]}"
994,clean_up,Qwen3.6-35B-A3B-FP8-without-reasoning,0_easy_7obj_ro,instance_00002,End States,"{'state_1': [{'id': 'P', 'coord': [6, 1]}, {'id': 'O', 'coord': [5, 1]}, {'id': 'T', 'coord': [1, 1]}, {'id': 'S', 'coord': [7, 1]}, {'id': 'D', 'coord': [3, 1]}, {'id': 'A', 'coord': [2, 1]}, {'id': 'M', 'coord': [4, 1]}], 'state_2': [{'id': 'P', 'coord': [1, 1]}, {'id': 'O', 'coord': [5, 1]}, {'id': 'T', 'coord': [7, 1]}, {'id': 'S', 'coord': [6, 1]}, {'id': 'D', 'coord': [3, 1]}, {'id': 'A', 'coord': [2, 1]}, {'id': 'M', 'coord': [4, 1]}]}"
995,clean_up,Qwen3.6-35B-A3B-FP8-without-reasoning,0_easy_7obj_ro,instance_00002,Shifts,9
996,clean_up,Qwen3.6-35B-A3B-FP8-without-reasoning,0_easy_7obj_ro,instance_00002,Max Shifts,12
997,clean_up,Qwen3.6-35B-A3B-FP8-without-reasoning,0_easy_7obj_ro,instance_00002,Min Shifts,6
998,clean_up,Qwen3.6-35B-A3B-FP8-without-reasoning,0_easy_7obj_ro,instance_00002,End Distance Sum,12.0
999,clean_up,Qwen3.6-35B-A3B-FP8-without-reasoning,0_easy_7obj_ro,instance_00002,Init Distance Sum,30.042198978955195
1000,clean_up,Qwen3.6-35B-A3B-FP8-without-reasoning,0_easy_7obj_ro,instance_00002,Expected Distance Sum,29.331836849219748
1001,clean_up,Qwen3.6-35B-A3B-FP8-without-reasoning,0_easy_7obj_ro,instance_00002,Penalties,0
1002,clean_up,Qwen3.6-35B-A3B-FP8-without-reasoning,0_easy_7obj_ro,instance_00002,Max Penalties,16
1003,clean_up,Qwen3.6-35B-A3B-FP8-without-reasoning,0_easy_7obj_ro,instance_00002,Rounds,10
1004,clean_up,Qwen3.6-35B-A3B-FP8-without-reasoning,0_easy_7obj_ro,instance_00002,Max Rounds,28
1005,clean_up,Qwen3.6-35B-A3B-FP8-without-reasoning,0_easy_7obj_ro,instance_00002,Object Count,7
1006,clean_up,Qwen3.6-35B-A3B-FP8-without-reasoning,0_easy_7obj_ro,instance_00002,Valid Moves,14
1007,clean_up,Qwen3.6-35B-A3B-FP8-without-reasoning,0_easy_7obj_ro,instance_00002,Invalid Moves,0
1008,clean_up,Qwen3.6-35B-A3B-FP8-without-reasoning,0_easy_7obj_ro,instance_00002,Parse Errors,0
1009,clean_up,Qwen3.6-35B-A3B-FP8-without-reasoning,0_easy_7obj_ro,instance_00002,Main Score,59.57250410873283
1010,clean_up,Qwen3.6-35B-A3B-FP8-without-reasoning,0_easy_7obj_ro,instance_00003,Request Count,44
1011,clean_up,Qwen3.6-35B-A3B-FP8-without-reasoning,0_easy_7obj_ro,instance_00003,Parsed Request Count,42
1012,clean_up,Qwen3.6-35B-A3B-FP8-without-reasoning,0_easy_7obj_ro,instance_00003,Violated Request Count,2
1013,clean_up,Qwen3.6-35B-A3B-FP8-without-reasoning,0_easy_7obj_ro,instance_00003,Request Success Ratio,0.9545454545454546
1014,clean_up,Qwen3.6-35B-A3B-FP8-without-reasoning,0_easy_7obj_ro,instance_00003,Aborted,0
1015,clean_up,Qwen3.6-35B-A3B-FP8-without-reasoning,0_easy_7obj_ro,instance_00003,Lose,0
1016,clean_up,Qwen3.6-35B-A3B-FP8-without-reasoning,0_easy_7obj_ro,instance_00003,Success,1
1017,clean_up,Qwen3.6-35B-A3B-FP8-without-reasoning,0_easy_7obj_ro,instance_00003,Distance Score,0.7509077663665955
1018,clean_up,Qwen3.6-35B-A3B-FP8-without-reasoning,0_easy_7obj_ro,instance_00003,Consistency Score,0.8571428571428572
1019,clean_up,Qwen3.6-35B-A3B-FP8-without-reasoning,0_easy_7obj_ro,instance_00003,Coverage Score,0.765625
1020,clean_up,Qwen3.6-35B-A3B-FP8-without-reasoning,0_easy_7obj_ro,instance_00003,Penalty Score,0.5
1021,clean_up,Qwen3.6-35B-A3B-FP8-without-reasoning,0_easy_7obj_ro,instance_00003,Moves,"[['Player 1', 'T'], ['Player 2', 'T'], ['Player 1', 'P'], ['Player 2', 'P'], ['Player 1', 'T'], ['Player 2', 'T'], ['Player 1', 'P'], ['Player 2', 'P'], ['Player 1', 'D'], ['Player 2', 'D'], ['Player 1', 'A'], ['Player 2', 'A'], ['Player 1', 'M'], ['Player 2', 'M'], ['Player 1', 'S'], ['Player 2', 'S']]"
1022,clean_up,Qwen3.6-35B-A3B-FP8-without-reasoning,0_easy_7obj_ro,instance_00003,Init States,"{'state_1': [{'id': 'P', 'coord': [3, 1]}, {'id': 'O', 'coord': [7, 5]}, {'id': 'T', 'coord': [1, 1]}, {'id': 'S', 'coord': [2, 7]}, {'id': 'D', 'coord': [4, 1]}, {'id': 'A', 'coord': [1, 2]}, {'id': 'M', 'coord': [4, 2]}], 'state_2': [{'id': 'P', 'coord': [4, 1]}, {'id': 'O', 'coord': [7, 7]}, {'id': 'T', 'coord': [3, 4]}, {'id': 'S', 'coord': [6, 7]}, {'id': 'D', 'coord': [1, 1]}, {'id': 'A', 'coord': [1, 6]}, {'id': 'M', 'coord': [6, 4]}]}"
1023,clean_up,Qwen3.6-35B-A3B-FP8-without-reasoning,0_easy_7obj_ro,instance_00003,End States,"{'state_1': [{'id': 'P', 'coord': [1, 3]}, {'id': 'O', 'coord': [7, 5]}, {'id': 'T', 'coord': [1, 1]}, {'id': 'S', 'coord': [2, 6]}, {'id': 'D', 'coord': [1, 4]}, {'id': 'A', 'coord': [1, 6]}, {'id': 'M', 'coord': [1, 7]}], 'state_2': [{'id': 'P', 'coord': [1, 3]}, {'id': 'O', 'coord': [7, 7]}, {'id': 'T', 'coord': [1, 2]}, {'id': 'S', 'coord': [2, 7]}, {'id': 'D', 'coord': [1, 4]}, {'id': 'A', 'coord': [1, 7]}, {'id': 'M', 'coord': [1, 6]}]}"
1024,clean_up,Qwen3.6-35B-A3B-FP8-without-reasoning,0_easy_7obj_ro,instance_00003,Shifts,7
1025,clean_up,Qwen3.6-35B-A3B-FP8-without-reasoning,0_easy_7obj_ro,instance_00003,Max Shifts,12
1026,clean_up,Qwen3.6-35B-A3B-FP8-without-reasoning,0_easy_7obj_ro,instance_00003,Min Shifts,6
1027,clean_up,Qwen3.6-35B-A3B-FP8-without-reasoning,0_easy_7obj_ro,instance_00003,End Distance Sum,6.0
1028,clean_up,Qwen3.6-35B-A3B-FP8-without-reasoning,0_easy_7obj_ro,instance_00003,Init Distance Sum,20.43397840021018
1029,clean_up,Qwen3.6-35B-A3B-FP8-without-reasoning,0_easy_7obj_ro,instance_00003,Expected Distance Sum,29.331836849219748
1030,clean_up,Qwen3.6-35B-A3B-FP8-without-reasoning,0_easy_7obj_ro,instance_00003,Penalties,16
1031,clean_up,Qwen3.6-35B-A3B-FP8-without-reasoning,0_easy_7obj_ro,instance_00003,Max Penalties,16
1032,clean_up,Qwen3.6-35B-A3B-FP8-without-reasoning,0_easy_7obj_ro,instance_00003,Rounds,14
1033,clean_up,Qwen3.6-35B-A3B-FP8-without-reasoning,0_easy_7obj_ro,instance_00003,Max Rounds,28
1034,clean_up,Qwen3.6-35B-A3B-FP8-without-reasoning,0_easy_7obj_ro,instance_00003,Object Count,7
1035,clean_up,Qwen3.6-35B-A3B-FP8-without-reasoning,0_easy_7obj_ro,instance_00003,Valid Moves,16
1036,clean_up,Qwen3.6-35B-A3B-FP8-without-reasoning,0_easy_7obj_ro,instance_00003,Invalid Moves,14
1037,clean_up,Qwen3.6-35B-A3B-FP8-without-reasoning,0_easy_7obj_ro,instance_00003,Parse Errors,4
1038,clean_up,Qwen3.6-35B-A3B-FP8-without-reasoning,0_easy_7obj_ro,instance_00003,Main Score,37.54538831832978
1039,clean_up,Qwen3.6-35B-A3B-FP8-without-reasoning,0_easy_7obj_ro,instance_00004,Request Count,32
1040,clean_up,Qwen3.6-35B-A3B-FP8-without-reasoning,0_easy_7obj_ro,instance_00004,Parsed Request Count,32
1041,clean_up,Qwen3.6-35B-A3B-FP8-without-reasoning,0_easy_7obj_ro,instance_00004,Violated Request Count,0
1042,clean_up,Qwen3.6-35B-A3B-FP8-without-reasoning,0_easy_7obj_ro,instance_00004,Request Success Ratio,1.0
1043,clean_up,Qwen3.6-35B-A3B-FP8-without-reasoning,0_easy_7obj_ro,instance_00004,Aborted,0
1044,clean_up,Qwen3.6-35B-A3B-FP8-without-reasoning,0_easy_7obj_ro,instance_00004,Lose,0
1045,clean_up,Qwen3.6-35B-A3B-FP8-without-reasoning,0_easy_7obj_ro,instance_00004,Success,1
1046,clean_up,Qwen3.6-35B-A3B-FP8-without-reasoning,0_easy_7obj_ro,instance_00004,Distance Score,0.675745510677562
1047,clean_up,Qwen3.6-35B-A3B-FP8-without-reasoning,0_easy_7obj_ro,instance_00004,Consistency Score,0.0
1048,clean_up,Qwen3.6-35B-A3B-FP8-without-reasoning,0_easy_7obj_ro,instance_00004,Coverage Score,0.875
1049,clean_up,Qwen3.6-35B-A3B-FP8-without-reasoning,0_easy_7obj_ro,instance_00004,Penalty Score,0.6111111111111112
1050,clean_up,Qwen3.6-35B-A3B-FP8-without-reasoning,0_easy_7obj_ro,instance_00004,Moves,"[['Player 1', 'S'], ['Player 2', 'M'], ['Player 1', 'O'], ['Player 2', 'S'], ['Player 1', 'A'], ['Player 2', 'O'], ['Player 1', 'D'], ['Player 2', 'A'], ['Player 1', 'M'], ['Player 2', 'D'], ['Player 1', 'T'], ['Player 2', 'M'], ['Player 1', 'P'], ['Player 2', 'T']]"
1051,clean_up,Qwen3.6-35B-A3B-FP8-without-reasoning,0_easy_7obj_ro,instance_00004,Init States,"{'state_1': [{'id': 'P', 'coord': [4, 7]}, {'id': 'O', 'coord': [6, 1]}, {'id': 'T', 'coord': [7, 4]}, {'id': 'S', 'coord': [3, 1]}, {'id': 'D', 'coord': [5, 2]}, {'id': 'A', 'coord': [1, 2]}, {'id': 'M', 'coord': [7, 3]}], 'state_2': [{'id': 'P', 'coord': [7, 1]}, {'id': 'O', 'coord': [7, 5]}, {'id': 'T', 'coord': [5, 2]}, {'id': 'S', 'coord': [4, 6]}, {'id': 'D', 'coord': [4, 2]}, {'id': 'A', 'coord': [4, 1]}, {'id': 'M', 'coord': [1, 1]}]}"
1052,clean_up,Qwen3.6-35B-A3B-FP8-without-reasoning,0_easy_7obj_ro,instance_00004,End States,"{'state_1': [{'id': 'P', 'coord': [1, 2]}, {'id': 'O', 'coord': [3, 1]}, {'id': 'T', 'coord': [7, 1]}, {'id': 'S', 'coord': [1, 1]}, {'id': 'D', 'coord': [5, 1]}, {'id': 'A', 'coord': [4, 1]}, {'id': 'M', 'coord': [6, 1]}], 'state_2': [{'id': 'P', 'coord': [7, 1]}, {'id': 'O', 'coord': [3, 1]}, {'id': 'T', 'coord': [7, 2]}, {'id': 'S', 'coord': [1, 1]}, {'id': 'D', 'coord': [4, 1]}, {'id': 'A', 'coord': [3, 2]}, {'id': 'M', 'coord': [6, 1]}]}"
1053,clean_up,Qwen3.6-35B-A3B-FP8-without-reasoning,0_easy_7obj_ro,instance_00004,Shifts,13
1054,clean_up,Qwen3.6-35B-A3B-FP8-without-reasoning,0_easy_7obj_ro,instance_00004,Max Shifts,12
1055,clean_up,Qwen3.6-35B-A3B-FP8-without-reasoning,0_easy_7obj_ro,instance_00004,Min Shifts,6
1056,clean_up,Qwen3.6-35B-A3B-FP8-without-reasoning,0_easy_7obj_ro,instance_00004,End Distance Sum,9.496976092671314
1057,clean_up,Qwen3.6-35B-A3B-FP8-without-reasoning,0_easy_7obj_ro,instance_00004,Init Distance Sum,29.245589176961143
1058,clean_up,Qwen3.6-35B-A3B-FP8-without-reasoning,0_easy_7obj_ro,instance_00004,Expected Distance Sum,29.331836849219748
1059,clean_up,Qwen3.6-35B-A3B-FP8-without-reasoning,0_easy_7obj_ro,instance_00004,Penalties,14
1060,clean_up,Qwen3.6-35B-A3B-FP8-without-reasoning,0_easy_7obj_ro,instance_00004,Max Penalties,16
1061,clean_up,Qwen3.6-35B-A3B-FP8-without-reasoning,0_easy_7obj_ro,instance_00004,Rounds,9
1062,clean_up,Qwen3.6-35B-A3B-FP8-without-reasoning,0_easy_7obj_ro,instance_00004,Max Rounds,28
1063,clean_up,Qwen3.6-35B-A3B-FP8-without-reasoning,0_easy_7obj_ro,instance_00004,Object Count,7
1064,clean_up,Qwen3.6-35B-A3B-FP8-without-reasoning,0_easy_7obj_ro,instance_00004,Valid Moves,14
1065,clean_up,Qwen3.6-35B-A3B-FP8-without-reasoning,0_easy_7obj_ro,instance_00004,Invalid Moves,14
1066,clean_up,Qwen3.6-35B-A3B-FP8-without-reasoning,0_easy_7obj_ro,instance_00004,Parse Errors,0
1067,clean_up,Qwen3.6-35B-A3B-FP8-without-reasoning,0_easy_7obj_ro,instance_00004,Main Score,41.29555898585101
1068,clean_up,Qwen3.6-35B-A3B-FP8-without-reasoning,0_easy_7obj_ro,instance_00001,Request Count,37
1069,clean_up,Qwen3.6-35B-A3B-FP8-without-reasoning,0_easy_7obj_ro,instance_00001,Parsed Request Count,28
1070,clean_up,Qwen3.6-35B-A3B-FP8-without-reasoning,0_easy_7obj_ro,instance_00001,Violated Request Count,9
1071,clean_up,Qwen3.6-35B-A3B-FP8-without-reasoning,0_easy_7obj_ro,instance_00001,Request Success Ratio,0.7567567567567568
1072,clean_up,Qwen3.6-35B-A3B-FP8-without-reasoning,0_easy_7obj_ro,instance_00001,Aborted,0
1073,clean_up,Qwen3.6-35B-A3B-FP8-without-reasoning,0_easy_7obj_ro,instance_00001,Lose,0
1074,clean_up,Qwen3.6-35B-A3B-FP8-without-reasoning,0_easy_7obj_ro,instance_00001,Success,1
1075,clean_up,Qwen3.6-35B-A3B-FP8-without-reasoning,0_easy_7obj_ro,instance_00001,Distance Score,0.8688141278100012
1076,clean_up,Qwen3.6-35B-A3B-FP8-without-reasoning,0_easy_7obj_ro,instance_00001,Consistency Score,1.0
1077,clean_up,Qwen3.6-35B-A3B-FP8-without-reasoning,0_easy_7obj_ro,instance_00001,Coverage Score,0.875
1078,clean_up,Qwen3.6-35B-A3B-FP8-without-reasoning,0_easy_7obj_ro,instance_00001,Penalty Score,0.5
1079,clean_up,Qwen3.6-35B-A3B-FP8-without-reasoning,0_easy_7obj_ro,instance_00001,Moves,"[['Player 2', 'A'], ['Player 1', 'A'], ['Player 2', 'D'], ['Player 1', 'D'], ['Player 2', 'M'], ['Player 1', 'M'], ['Player 2', 'O'], ['Player 1', 'O'], ['Player 2', 'P'], ['Player 1', 'P'], ['Player 2', 'S'], ['Player 1', 'T'], ['Player 2', 'T']]"
1080,clean_up,Qwen3.6-35B-A3B-FP8-without-reasoning,0_easy_7obj_ro,instance_00001,Init States,"{'state_1': [{'id': 'P', 'coord': [1, 2]}, {'id': 'O', 'coord': [1, 5]}, {'id': 'T', 'coord': [6, 1]}, {'id': 'S', 'coord': [7, 4]}, {'id': 'D', 'coord': [4, 3]}, {'id': 'A', 'coord': [3, 3]}, {'id': 'M', 'coord': [2, 7]}], 'state_2': [{'id': 'P', 'coord': [5, 7]}, {'id': 'O', 'coord': [5, 2]}, {'id': 'T', 'coord': [3, 7]}, {'id': 'S', 'coord': [6, 1]}, {'id': 'D', 'coord': [1, 7]}, {'id': 'A', 'coord': [3, 4]}, {'id': 'M', 'coord': [4, 3]}]}"
1081,clean_up,Qwen3.6-35B-A3B-FP8-without-reasoning,0_easy_7obj_ro,instance_00001,End States,"{'state_1': [{'id': 'P', 'coord': [5, 1]}, {'id': 'O', 'coord': [4, 1]}, {'id': 'T', 'coord': [7, 1]}, {'id': 'S', 'coord': [7, 4]}, {'id': 'D', 'coord': [2, 1]}, {'id': 'A', 'coord': [1, 1]}, {'id': 'M', 'coord': [3, 1]}], 'state_2': [{'id': 'P', 'coord': [5, 1]}, {'id': 'O', 'coord': [4, 1]}, {'id': 'T', 'coord': [6, 1]}, {'id': 'S', 'coord': [7, 1]}, {'id': 'D', 'coord': [2, 1]}, {'id': 'A', 'coord': [1, 1]}, {'id': 'M', 'coord': [3, 1]}]}"
1082,clean_up,Qwen3.6-35B-A3B-FP8-without-reasoning,0_easy_7obj_ro,instance_00001,Shifts,6
1083,clean_up,Qwen3.6-35B-A3B-FP8-without-reasoning,0_easy_7obj_ro,instance_00001,Max Shifts,12
1084,clean_up,Qwen3.6-35B-A3B-FP8-without-reasoning,0_easy_7obj_ro,instance_00001,Min Shifts,6
1085,clean_up,Qwen3.6-35B-A3B-FP8-without-reasoning,0_easy_7obj_ro,instance_00001,End Distance Sum,4.0
1086,clean_up,Qwen3.6-35B-A3B-FP8-without-reasoning,0_easy_7obj_ro,instance_00001,Init Distance Sum,31.745741785100176
1087,clean_up,Qwen3.6-35B-A3B-FP8-without-reasoning,0_easy_7obj_ro,instance_00001,Expected Distance Sum,29.331836849219748
1088,clean_up,Qwen3.6-35B-A3B-FP8-without-reasoning,0_easy_7obj_ro,instance_00001,Penalties,16
1089,clean_up,Qwen3.6-35B-A3B-FP8-without-reasoning,0_easy_7obj_ro,instance_00001,Max Penalties,16
1090,clean_up,Qwen3.6-35B-A3B-FP8-without-reasoning,0_easy_7obj_ro,instance_00001,Rounds,10
1091,clean_up,Qwen3.6-35B-A3B-FP8-without-reasoning,0_easy_7obj_ro,instance_00001,Max Rounds,28
1092,clean_up,Qwen3.6-35B-A3B-FP8-without-reasoning,0_easy_7obj_ro,instance_00001,Object Count,7
1093,clean_up,Qwen3.6-35B-A3B-FP8-without-reasoning,0_easy_7obj_ro,instance_00001,Valid Moves,13
1094,clean_up,Qwen3.6-35B-A3B-FP8-without-reasoning,0_easy_7obj_ro,instance_00001,Invalid Moves,7
1095,clean_up,Qwen3.6-35B-A3B-FP8-without-reasoning,0_easy_7obj_ro,instance_00001,Parse Errors,18
1096,clean_up,Qwen3.6-35B-A3B-FP8-without-reasoning,0_easy_7obj_ro,instance_00001,Main Score,43.44070639050006
1097,clean_up,Qwen3.6-35B-A3B-FP8-without-reasoning,0_easy_7obj_ro,instance_00000,Request Count,32
1098,clean_up,Qwen3.6-35B-A3B-FP8-without-reasoning,0_easy_7obj_ro,instance_00000,Parsed Request Count,31
1099,clean_up,Qwen3.6-35B-A3B-FP8-without-reasoning,0_easy_7obj_ro,instance_00000,Violated Request Count,1
1100,clean_up,Qwen3.6-35B-A3B-FP8-without-reasoning,0_easy_7obj_ro,instance_00000,Request Success Ratio,0.96875
1101,clean_up,Qwen3.6-35B-A3B-FP8-without-reasoning,0_easy_7obj_ro,instance_00000,Aborted,0
1102,clean_up,Qwen3.6-35B-A3B-FP8-without-reasoning,0_easy_7obj_ro,instance_00000,Lose,1
1103,clean_up,Qwen3.6-35B-A3B-FP8-without-reasoning,0_easy_7obj_ro,instance_00000,Success,1
1104,clean_up,Qwen3.6-35B-A3B-FP8-without-reasoning,0_easy_7obj_ro,instance_00000,Distance Score,0
1105,clean_up,Qwen3.6-35B-A3B-FP8-without-reasoning,0_easy_7obj_ro,instance_00000,Consistency Score,0.8571428571428572
1106,clean_up,Qwen3.6-35B-A3B-FP8-without-reasoning,0_easy_7obj_ro,instance_00000,Coverage Score,0.46875
1107,clean_up,Qwen3.6-35B-A3B-FP8-without-reasoning,0_easy_7obj_ro,instance_00000,Penalty Score,0.5
1108,clean_up,Qwen3.6-35B-A3B-FP8-without-reasoning,0_easy_7obj_ro,instance_00000,Moves,"[['Player 1', 'P'], ['Player 2', 'A'], ['Player 1', 'O'], ['Player 2', 'M'], ['Player 1', 'D'], ['Player 2', 'T'], ['Player 1', 'T'], ['Player 2', 'S'], ['Player 1', 'M']]"
1109,clean_up,Qwen3.6-35B-A3B-FP8-without-reasoning,0_easy_7obj_ro,instance_00000,Init States,"{'state_1': [{'id': 'P', 'coord': [4, 5]}, {'id': 'O', 'coord': [7, 4]}, {'id': 'T', 'coord': [5, 1]}, {'id': 'S', 'coord': [1, 7]}, {'id': 'D', 'coord': [4, 1]}, {'id': 'A', 'coord': [7, 7]}, {'id': 'M', 'coord': [1, 5]}], 'state_2': [{'id': 'P', 'coord': [2, 6]}, {'id': 'O', 'coord': [3, 7]}, {'id': 'T', 'coord': [4, 1]}, {'id': 'S', 'coord': [7, 4]}, {'id': 'D', 'coord': [5, 7]}, {'id': 'A', 'coord': [1, 3]}, {'id': 'M', 'coord': [3, 3]}]}"
1110,clean_up,Qwen3.6-35B-A3B-FP8-without-reasoning,0_easy_7obj_ro,instance_00000,End States,"{'state_1': [{'id': 'P', 'coord': [1, 1]}, {'id': 'O', 'coord': [3, 3]}, {'id': 'T', 'coord': [6, 6]}, {'id': 'S', 'coord': [1, 7]}, {'id': 'D', 'coord': [5, 5]}, {'id': 'A', 'coord': [7, 7]}, {'id': 'M', 'coord': [3, 1]}], 'state_2': [{'id': 'P', 'coord': [2, 6]}, {'id': 'O', 'coord': [3, 7]}, {'id': 'T', 'coord': [3, 1]}, {'id': 'S', 'coord': [4, 5]}, {'id': 'D', 'coord': [5, 7]}, {'id': 'A', 'coord': [1, 1]}, {'id': 'M', 'coord': [4, 3]}]}"
1111,clean_up,Qwen3.6-35B-A3B-FP8-without-reasoning,0_easy_7obj_ro,instance_00000,Shifts,7
1112,clean_up,Qwen3.6-35B-A3B-FP8-without-reasoning,0_easy_7obj_ro,instance_00000,Max Shifts,12
1113,clean_up,Qwen3.6-35B-A3B-FP8-without-reasoning,0_easy_7obj_ro,instance_00000,Min Shifts,6
1114,clean_up,Qwen3.6-35B-A3B-FP8-without-reasoning,0_easy_7obj_ro,instance_00000,End Distance Sum,31.25687203564043
1115,clean_up,Qwen3.6-35B-A3B-FP8-without-reasoning,0_easy_7obj_ro,instance_00000,Init Distance Sum,31.06656411597155
1116,clean_up,Qwen3.6-35B-A3B-FP8-without-reasoning,0_easy_7obj_ro,instance_00000,Expected Distance Sum,29.331836849219748
1117,clean_up,Qwen3.6-35B-A3B-FP8-without-reasoning,0_easy_7obj_ro,instance_00000,Penalties,16
1118,clean_up,Qwen3.6-35B-A3B-FP8-without-reasoning,0_easy_7obj_ro,instance_00000,Max Penalties,16
1119,clean_up,Qwen3.6-35B-A3B-FP8-without-reasoning,0_easy_7obj_ro,instance_00000,Rounds,8
1120,clean_up,Qwen3.6-35B-A3B-FP8-without-reasoning,0_easy_7obj_ro,instance_00000,Max Rounds,28
1121,clean_up,Qwen3.6-35B-A3B-FP8-without-reasoning,0_easy_7obj_ro,instance_00000,Object Count,7
1122,clean_up,Qwen3.6-35B-A3B-FP8-without-reasoning,0_easy_7obj_ro,instance_00000,Valid Moves,9
1123,clean_up,Qwen3.6-35B-A3B-FP8-without-reasoning,0_easy_7obj_ro,instance_00000,Invalid Moves,15
1124,clean_up,Qwen3.6-35B-A3B-FP8-without-reasoning,0_easy_7obj_ro,instance_00000,Parse Errors,2
1125,clean_up,Qwen3.6-35B-A3B-FP8-without-reasoning,0_easy_7obj_ro,instance_00000,Main Score,0.0
1126,clean_up,Qwen3.6-35B-A3B-FP8-without-reasoning,0_easy_3obj_ro,instance_00002,Request Count,16
1127,clean_up,Qwen3.6-35B-A3B-FP8-without-reasoning,0_easy_3obj_ro,instance_00002,Parsed Request Count,16
1128,clean_up,Qwen3.6-35B-A3B-FP8-without-reasoning,0_easy_3obj_ro,instance_00002,Violated Request Count,0
1129,clean_up,Qwen3.6-35B-A3B-FP8-without-reasoning,0_easy_3obj_ro,instance_00002,Request Success Ratio,1.0
1130,clean_up,Qwen3.6-35B-A3B-FP8-without-reasoning,0_easy_3obj_ro,instance_00002,Aborted,0
1131,clean_up,Qwen3.6-35B-A3B-FP8-without-reasoning,0_easy_3obj_ro,instance_00002,Lose,0
1132,clean_up,Qwen3.6-35B-A3B-FP8-without-reasoning,0_easy_3obj_ro,instance_00002,Success,1
1133,clean_up,Qwen3.6-35B-A3B-FP8-without-reasoning,0_easy_3obj_ro,instance_00002,Distance Score,1.0
1134,clean_up,Qwen3.6-35B-A3B-FP8-without-reasoning,0_easy_3obj_ro,instance_00002,Consistency Score,1.0
1135,clean_up,Qwen3.6-35B-A3B-FP8-without-reasoning,0_easy_3obj_ro,instance_00002,Coverage Score,1.0
1136,clean_up,Qwen3.6-35B-A3B-FP8-without-reasoning,0_easy_3obj_ro,instance_00002,Penalty Score,0.7727272727272727
1137,clean_up,Qwen3.6-35B-A3B-FP8-without-reasoning,0_easy_3obj_ro,instance_00002,Moves,"[['Player 2', 'C'], ['Player 1', 'C'], ['Player 2', 'L'], ['Player 1', 'L'], ['Player 2', 'P'], ['Player 1', 'P']]"
1138,clean_up,Qwen3.6-35B-A3B-FP8-without-reasoning,0_easy_3obj_ro,instance_00002,Init States,"{'state_1': [{'id': 'C', 'coord': [2, 3]}, {'id': 'L', 'coord': [5, 1]}, {'id': 'P', 'coord': [1, 2]}], 'state_2': [{'id': 'C', 'coord': [5, 1]}, {'id': 'L', 'coord': [1, 2]}, {'id': 'P', 'coord': [1, 3]}]}"
1139,clean_up,Qwen3.6-35B-A3B-FP8-without-reasoning,0_easy_3obj_ro,instance_00002,End States,"{'state_1': [{'id': 'C', 'coord': [1, 1]}, {'id': 'L', 'coord': [2, 1]}, {'id': 'P', 'coord': [3, 1]}], 'state_2': [{'id': 'C', 'coord': [1, 1]}, {'id': 'L', 'coord': [2, 1]}, {'id': 'P', 'coord': [3, 1]}]}"
1140,clean_up,Qwen3.6-35B-A3B-FP8-without-reasoning,0_easy_3obj_ro,instance_00002,Shifts,2
1141,clean_up,Qwen3.6-35B-A3B-FP8-without-reasoning,0_easy_3obj_ro,instance_00002,Max Shifts,4
1142,clean_up,Qwen3.6-35B-A3B-FP8-without-reasoning,0_easy_3obj_ro,instance_00002,Min Shifts,2
1143,clean_up,Qwen3.6-35B-A3B-FP8-without-reasoning,0_easy_3obj_ro,instance_00002,End Distance Sum,0.0
1144,clean_up,Qwen3.6-35B-A3B-FP8-without-reasoning,0_easy_3obj_ro,instance_00002,Init Distance Sum,8.72865690108165
1145,clean_up,Qwen3.6-35B-A3B-FP8-without-reasoning,0_easy_3obj_ro,instance_00002,Expected Distance Sum,12.570787221094177
1146,clean_up,Qwen3.6-35B-A3B-FP8-without-reasoning,0_easy_3obj_ro,instance_00002,Penalties,5
1147,clean_up,Qwen3.6-35B-A3B-FP8-without-reasoning,0_easy_3obj_ro,instance_00002,Max Penalties,8
1148,clean_up,Qwen3.6-35B-A3B-FP8-without-reasoning,0_easy_3obj_ro,instance_00002,Rounds,5
1149,clean_up,Qwen3.6-35B-A3B-FP8-without-reasoning,0_easy_3obj_ro,instance_00002,Max Rounds,12
1150,clean_up,Qwen3.6-35B-A3B-FP8-without-reasoning,0_easy_3obj_ro,instance_00002,Object Count,3
1151,clean_up,Qwen3.6-35B-A3B-FP8-without-reasoning,0_easy_3obj_ro,instance_00002,Valid Moves,6
1152,clean_up,Qwen3.6-35B-A3B-FP8-without-reasoning,0_easy_3obj_ro,instance_00002,Invalid Moves,5
1153,clean_up,Qwen3.6-35B-A3B-FP8-without-reasoning,0_easy_3obj_ro,instance_00002,Parse Errors,0
1154,clean_up,Qwen3.6-35B-A3B-FP8-without-reasoning,0_easy_3obj_ro,instance_00002,Main Score,77.27272727272727
1155,clean_up,Qwen3.6-35B-A3B-FP8-without-reasoning,0_easy_3obj_ro,instance_00003,Request Count,22
1156,clean_up,Qwen3.6-35B-A3B-FP8-without-reasoning,0_easy_3obj_ro,instance_00003,Parsed Request Count,21
1157,clean_up,Qwen3.6-35B-A3B-FP8-without-reasoning,0_easy_3obj_ro,instance_00003,Violated Request Count,1
1158,clean_up,Qwen3.6-35B-A3B-FP8-without-reasoning,0_easy_3obj_ro,instance_00003,Request Success Ratio,0.9545454545454546
1159,clean_up,Qwen3.6-35B-A3B-FP8-without-reasoning,0_easy_3obj_ro,instance_00003,Aborted,0
1160,clean_up,Qwen3.6-35B-A3B-FP8-without-reasoning,0_easy_3obj_ro,instance_00003,Lose,0
1161,clean_up,Qwen3.6-35B-A3B-FP8-without-reasoning,0_easy_3obj_ro,instance_00003,Success,1
1162,clean_up,Qwen3.6-35B-A3B-FP8-without-reasoning,0_easy_3obj_ro,instance_00003,Distance Score,1.0
1163,clean_up,Qwen3.6-35B-A3B-FP8-without-reasoning,0_easy_3obj_ro,instance_00003,Consistency Score,0.0
1164,clean_up,Qwen3.6-35B-A3B-FP8-without-reasoning,0_easy_3obj_ro,instance_00003,Coverage Score,1.0
1165,clean_up,Qwen3.6-35B-A3B-FP8-without-reasoning,0_easy_3obj_ro,instance_00003,Penalty Score,0.8846153846153846
1166,clean_up,Qwen3.6-35B-A3B-FP8-without-reasoning,0_easy_3obj_ro,instance_00003,Moves,"[['Player 1', 'C'], ['Player 2', 'C'], ['Player 1', 'L'], ['Player 2', 'L'], ['Player 1', 'P'], ['Player 2', 'P'], ['Player 2', 'C'], ['Player 1', 'C'], ['Player 2', 'L'], ['Player 1', 'L'], ['Player 2', 'P'], ['Player 1', 'P']]"
1167,clean_up,Qwen3.6-35B-A3B-FP8-without-reasoning,0_easy_3obj_ro,instance_00003,Init States,"{'state_1': [{'id': 'C', 'coord': [3, 2]}, {'id': 'L', 'coord': [1, 4]}, {'id': 'P', 'coord': [6, 1]}], 'state_2': [{'id': 'C', 'coord': [7, 3]}, {'id': 'L', 'coord': [1, 1]}, {'id': 'P', 'coord': [3, 2]}]}"
1168,clean_up,Qwen3.6-35B-A3B-FP8-without-reasoning,0_easy_3obj_ro,instance_00003,End States,"{'state_1': [{'id': 'C', 'coord': [1, 2]}, {'id': 'L', 'coord': [2, 2]}, {'id': 'P', 'coord': [3, 2]}], 'state_2': [{'id': 'C', 'coord': [1, 2]}, {'id': 'L', 'coord': [2, 2]}, {'id': 'P', 'coord': [3, 2]}]}"
1169,clean_up,Qwen3.6-35B-A3B-FP8-without-reasoning,0_easy_3obj_ro,instance_00003,Shifts,5
1170,clean_up,Qwen3.6-35B-A3B-FP8-without-reasoning,0_easy_3obj_ro,instance_00003,Max Shifts,4
1171,clean_up,Qwen3.6-35B-A3B-FP8-without-reasoning,0_easy_3obj_ro,instance_00003,Min Shifts,2
1172,clean_up,Qwen3.6-35B-A3B-FP8-without-reasoning,0_easy_3obj_ro,instance_00003,End Distance Sum,0.0
1173,clean_up,Qwen3.6-35B-A3B-FP8-without-reasoning,0_easy_3obj_ro,instance_00003,Init Distance Sum,10.28538328578604
1174,clean_up,Qwen3.6-35B-A3B-FP8-without-reasoning,0_easy_3obj_ro,instance_00003,Expected Distance Sum,12.570787221094177
1175,clean_up,Qwen3.6-35B-A3B-FP8-without-reasoning,0_easy_3obj_ro,instance_00003,Penalties,3
1176,clean_up,Qwen3.6-35B-A3B-FP8-without-reasoning,0_easy_3obj_ro,instance_00003,Max Penalties,8
1177,clean_up,Qwen3.6-35B-A3B-FP8-without-reasoning,0_easy_3obj_ro,instance_00003,Rounds,9
1178,clean_up,Qwen3.6-35B-A3B-FP8-without-reasoning,0_easy_3obj_ro,instance_00003,Max Rounds,12
1179,clean_up,Qwen3.6-35B-A3B-FP8-without-reasoning,0_easy_3obj_ro,instance_00003,Object Count,3
1180,clean_up,Qwen3.6-35B-A3B-FP8-without-reasoning,0_easy_3obj_ro,instance_00003,Valid Moves,12
1181,clean_up,Qwen3.6-35B-A3B-FP8-without-reasoning,0_easy_3obj_ro,instance_00003,Invalid Moves,2
1182,clean_up,Qwen3.6-35B-A3B-FP8-without-reasoning,0_easy_3obj_ro,instance_00003,Parse Errors,2
1183,clean_up,Qwen3.6-35B-A3B-FP8-without-reasoning,0_easy_3obj_ro,instance_00003,Main Score,88.46153846153845
1184,clean_up,Qwen3.6-35B-A3B-FP8-without-reasoning,0_easy_3obj_ro,instance_00004,Request Count,16
1185,clean_up,Qwen3.6-35B-A3B-FP8-without-reasoning,0_easy_3obj_ro,instance_00004,Parsed Request Count,15
1186,clean_up,Qwen3.6-35B-A3B-FP8-without-reasoning,0_easy_3obj_ro,instance_00004,Violated Request Count,1
1187,clean_up,Qwen3.6-35B-A3B-FP8-without-reasoning,0_easy_3obj_ro,instance_00004,Request Success Ratio,0.9375
1188,clean_up,Qwen3.6-35B-A3B-FP8-without-reasoning,0_easy_3obj_ro,instance_00004,Aborted,0
1189,clean_up,Qwen3.6-35B-A3B-FP8-without-reasoning,0_easy_3obj_ro,instance_00004,Lose,0
1190,clean_up,Qwen3.6-35B-A3B-FP8-without-reasoning,0_easy_3obj_ro,instance_00004,Success,1
1191,clean_up,Qwen3.6-35B-A3B-FP8-without-reasoning,0_easy_3obj_ro,instance_00004,Distance Score,0.9164534799785438
1192,clean_up,Qwen3.6-35B-A3B-FP8-without-reasoning,0_easy_3obj_ro,instance_00004,Consistency Score,1.0
1193,clean_up,Qwen3.6-35B-A3B-FP8-without-reasoning,0_easy_3obj_ro,instance_00004,Coverage Score,1.0
1194,clean_up,Qwen3.6-35B-A3B-FP8-without-reasoning,0_easy_3obj_ro,instance_00004,Penalty Score,0.7727272727272727
1195,clean_up,Qwen3.6-35B-A3B-FP8-without-reasoning,0_easy_3obj_ro,instance_00004,Moves,"[['Player 2', 'C'], ['Player 1', 'C'], ['Player 2', 'L'], ['Player 1', 'L'], ['Player 2', 'P'], ['Player 1', 'P']]"
1196,clean_up,Qwen3.6-35B-A3B-FP8-without-reasoning,0_easy_3obj_ro,instance_00004,Init States,"{'state_1': [{'id': 'C', 'coord': [7, 5]}, {'id': 'L', 'coord': [7, 1]}, {'id': 'P', 'coord': [1, 7]}], 'state_2': [{'id': 'C', 'coord': [4, 7]}, {'id': 'L', 'coord': [6, 2]}, {'id': 'P', 'coord': [5, 2]}]}"
1197,clean_up,Qwen3.6-35B-A3B-FP8-without-reasoning,0_easy_3obj_ro,instance_00004,End States,"{'state_1': [{'id': 'C', 'coord': [1, 1]}, {'id': 'L', 'coord': [3, 1]}, {'id': 'P', 'coord': [3, 3]}], 'state_2': [{'id': 'C', 'coord': [1, 1]}, {'id': 'L', 'coord': [3, 2]}, {'id': 'P', 'coord': [3, 3]}]}"
1198,clean_up,Qwen3.6-35B-A3B-FP8-without-reasoning,0_easy_3obj_ro,instance_00004,Shifts,2
1199,clean_up,Qwen3.6-35B-A3B-FP8-without-reasoning,0_easy_3obj_ro,instance_00004,Max Shifts,4
1200,clean_up,Qwen3.6-35B-A3B-FP8-without-reasoning,0_easy_3obj_ro,instance_00004,Min Shifts,2
1201,clean_up,Qwen3.6-35B-A3B-FP8-without-reasoning,0_easy_3obj_ro,instance_00004,End Distance Sum,1.0
1202,clean_up,Qwen3.6-35B-A3B-FP8-without-reasoning,0_easy_3obj_ro,instance_00004,Init Distance Sum,11.422889075269932
1203,clean_up,Qwen3.6-35B-A3B-FP8-without-reasoning,0_easy_3obj_ro,instance_00004,Expected Distance Sum,12.570787221094177
1204,clean_up,Qwen3.6-35B-A3B-FP8-without-reasoning,0_easy_3obj_ro,instance_00004,Penalties,5
1205,clean_up,Qwen3.6-35B-A3B-FP8-without-reasoning,0_easy_3obj_ro,instance_00004,Max Penalties,8
1206,clean_up,Qwen3.6-35B-A3B-FP8-without-reasoning,0_easy_3obj_ro,instance_00004,Rounds,5
1207,clean_up,Qwen3.6-35B-A3B-FP8-without-reasoning,0_easy_3obj_ro,instance_00004,Max Rounds,12
1208,clean_up,Qwen3.6-35B-A3B-FP8-without-reasoning,0_easy_3obj_ro,instance_00004,Object Count,3
1209,clean_up,Qwen3.6-35B-A3B-FP8-without-reasoning,0_easy_3obj_ro,instance_00004,Valid Moves,6
1210,clean_up,Qwen3.6-35B-A3B-FP8-without-reasoning,0_easy_3obj_ro,instance_00004,Invalid Moves,4
1211,clean_up,Qwen3.6-35B-A3B-FP8-without-reasoning,0_easy_3obj_ro,instance_00004,Parse Errors,2
1212,clean_up,Qwen3.6-35B-A3B-FP8-without-reasoning,0_easy_3obj_ro,instance_00004,Main Score,70.81685981652383
1213,clean_up,Qwen3.6-35B-A3B-FP8-without-reasoning,0_easy_3obj_ro,instance_00001,Request Count,15
1214,clean_up,Qwen3.6-35B-A3B-FP8-without-reasoning,0_easy_3obj_ro,instance_00001,Parsed Request Count,11
1215,clean_up,Qwen3.6-35B-A3B-FP8-without-reasoning,0_easy_3obj_ro,instance_00001,Violated Request Count,4
1216,clean_up,Qwen3.6-35B-A3B-FP8-without-reasoning,0_easy_3obj_ro,instance_00001,Request Success Ratio,0.7333333333333333
1217,clean_up,Qwen3.6-35B-A3B-FP8-without-reasoning,0_easy_3obj_ro,instance_00001,Aborted,0
1218,clean_up,Qwen3.6-35B-A3B-FP8-without-reasoning,0_easy_3obj_ro,instance_00001,Lose,0
1219,clean_up,Qwen3.6-35B-A3B-FP8-without-reasoning,0_easy_3obj_ro,instance_00001,Success,1
1220,clean_up,Qwen3.6-35B-A3B-FP8-without-reasoning,0_easy_3obj_ro,instance_00001,Distance Score,1.0
1221,clean_up,Qwen3.6-35B-A3B-FP8-without-reasoning,0_easy_3obj_ro,instance_00001,Consistency Score,1.0
1222,clean_up,Qwen3.6-35B-A3B-FP8-without-reasoning,0_easy_3obj_ro,instance_00001,Coverage Score,1.0
1223,clean_up,Qwen3.6-35B-A3B-FP8-without-reasoning,0_easy_3obj_ro,instance_00001,Penalty Score,0.8333333333333334
1224,clean_up,Qwen3.6-35B-A3B-FP8-without-reasoning,0_easy_3obj_ro,instance_00001,Moves,"[['Player 2', 'C'], ['Player 1', 'C'], ['Player 2', 'L'], ['Player 1', 'L'], ['Player 2', 'P'], ['Player 1', 'P']]"
1225,clean_up,Qwen3.6-35B-A3B-FP8-without-reasoning,0_easy_3obj_ro,instance_00001,Init States,"{'state_1': [{'id': 'C', 'coord': [2, 2]}, {'id': 'L', 'coord': [5, 5]}, {'id': 'P', 'coord': [7, 7]}], 'state_2': [{'id': 'C', 'coord': [3, 2]}, {'id': 'L', 'coord': [1, 7]}, {'id': 'P', 'coord': [2, 5]}]}"
1226,clean_up,Qwen3.6-35B-A3B-FP8-without-reasoning,0_easy_3obj_ro,instance_00001,End States,"{'state_1': [{'id': 'C', 'coord': [1, 1]}, {'id': 'L', 'coord': [2, 1]}, {'id': 'P', 'coord': [3, 1]}], 'state_2': [{'id': 'C', 'coord': [1, 1]}, {'id': 'L', 'coord': [2, 1]}, {'id': 'P', 'coord': [3, 1]}]}"
1227,clean_up,Qwen3.6-35B-A3B-FP8-without-reasoning,0_easy_3obj_ro,instance_00001,Shifts,2
1228,clean_up,Qwen3.6-35B-A3B-FP8-without-reasoning,0_easy_3obj_ro,instance_00001,Max Shifts,4
1229,clean_up,Qwen3.6-35B-A3B-FP8-without-reasoning,0_easy_3obj_ro,instance_00001,Min Shifts,2
1230,clean_up,Qwen3.6-35B-A3B-FP8-without-reasoning,0_easy_3obj_ro,instance_00001,End Distance Sum,0.0
1231,clean_up,Qwen3.6-35B-A3B-FP8-without-reasoning,0_easy_3obj_ro,instance_00001,Init Distance Sum,10.857300762134084
1232,clean_up,Qwen3.6-35B-A3B-FP8-without-reasoning,0_easy_3obj_ro,instance_00001,Expected Distance Sum,12.570787221094177
1233,clean_up,Qwen3.6-35B-A3B-FP8-without-reasoning,0_easy_3obj_ro,instance_00001,Penalties,4
1234,clean_up,Qwen3.6-35B-A3B-FP8-without-reasoning,0_easy_3obj_ro,instance_00001,Max Penalties,8
1235,clean_up,Qwen3.6-35B-A3B-FP8-without-reasoning,0_easy_3obj_ro,instance_00001,Rounds,5
1236,clean_up,Qwen3.6-35B-A3B-FP8-without-reasoning,0_easy_3obj_ro,instance_00001,Max Rounds,12
1237,clean_up,Qwen3.6-35B-A3B-FP8-without-reasoning,0_easy_3obj_ro,instance_00001,Object Count,3
1238,clean_up,Qwen3.6-35B-A3B-FP8-without-reasoning,0_easy_3obj_ro,instance_00001,Valid Moves,6
1239,clean_up,Qwen3.6-35B-A3B-FP8-without-reasoning,0_easy_3obj_ro,instance_00001,Invalid Moves,0
1240,clean_up,Qwen3.6-35B-A3B-FP8-without-reasoning,0_easy_3obj_ro,instance_00001,Parse Errors,8
1241,clean_up,Qwen3.6-35B-A3B-FP8-without-reasoning,0_easy_3obj_ro,instance_00001,Main Score,83.33333333333334
1242,clean_up,Qwen3.6-35B-A3B-FP8-without-reasoning,0_easy_3obj_ro,instance_00000,Request Count,35
1243,clean_up,Qwen3.6-35B-A3B-FP8-without-reasoning,0_easy_3obj_ro,instance_00000,Parsed Request Count,35
1244,clean_up,Qwen3.6-35B-A3B-FP8-without-reasoning,0_easy_3obj_ro,instance_00000,Violated Request Count,0
1245,clean_up,Qwen3.6-35B-A3B-FP8-without-reasoning,0_easy_3obj_ro,instance_00000,Request Success Ratio,1.0
1246,clean_up,Qwen3.6-35B-A3B-FP8-without-reasoning,0_easy_3obj_ro,instance_00000,Aborted,0
1247,clean_up,Qwen3.6-35B-A3B-FP8-without-reasoning,0_easy_3obj_ro,instance_00000,Lose,1
1248,clean_up,Qwen3.6-35B-A3B-FP8-without-reasoning,0_easy_3obj_ro,instance_00000,Success,1
1249,clean_up,Qwen3.6-35B-A3B-FP8-without-reasoning,0_easy_3obj_ro,instance_00000,Distance Score,0
1250,clean_up,Qwen3.6-35B-A3B-FP8-without-reasoning,0_easy_3obj_ro,instance_00000,Consistency Score,0.6666666666666667
1251,clean_up,Qwen3.6-35B-A3B-FP8-without-reasoning,0_easy_3obj_ro,instance_00000,Coverage Score,0.375
1252,clean_up,Qwen3.6-35B-A3B-FP8-without-reasoning,0_easy_3obj_ro,instance_00000,Penalty Score,-0.10000000000000009
1253,clean_up,Qwen3.6-35B-A3B-FP8-without-reasoning,0_easy_3obj_ro,instance_00000,Moves,"[['Player 2', 'P'], ['Player 2', 'P'], ['Player 1', 'L'], ['Player 1', 'C'], ['Player 2', 'P'], ['Player 2', 'P']]"
1254,clean_up,Qwen3.6-35B-A3B-FP8-without-reasoning,0_easy_3obj_ro,instance_00000,Init States,"{'state_1': [{'id': 'C', 'coord': [2, 6]}, {'id': 'L', 'coord': [2, 5]}, {'id': 'P', 'coord': [7, 3]}], 'state_2': [{'id': 'C', 'coord': [4, 1]}, {'id': 'L', 'coord': [7, 7]}, {'id': 'P', 'coord': [4, 7]}]}"
1255,clean_up,Qwen3.6-35B-A3B-FP8-without-reasoning,0_easy_3obj_ro,instance_00000,End States,"{'state_1': [{'id': 'C', 'coord': [1, 3]}, {'id': 'L', 'coord': [1, 1]}, {'id': 'P', 'coord': [7, 3]}], 'state_2': [{'id': 'C', 'coord': [4, 1]}, {'id': 'L', 'coord': [7, 7]}, {'id': 'P', 'coord': [7, 2]}]}"
1256,clean_up,Qwen3.6-35B-A3B-FP8-without-reasoning,0_easy_3obj_ro,instance_00000,Shifts,3
1257,clean_up,Qwen3.6-35B-A3B-FP8-without-reasoning,0_easy_3obj_ro,instance_00000,Max Shifts,4
1258,clean_up,Qwen3.6-35B-A3B-FP8-without-reasoning,0_easy_3obj_ro,instance_00000,Min Shifts,2
1259,clean_up,Qwen3.6-35B-A3B-FP8-without-reasoning,0_easy_3obj_ro,instance_00000,End Distance Sum,13.090832649702559
1260,clean_up,Qwen3.6-35B-A3B-FP8-without-reasoning,0_easy_3obj_ro,instance_00000,Init Distance Sum,15.770329614269007
1261,clean_up,Qwen3.6-35B-A3B-FP8-without-reasoning,0_easy_3obj_ro,instance_00000,Expected Distance Sum,12.570787221094177
1262,clean_up,Qwen3.6-35B-A3B-FP8-without-reasoning,0_easy_3obj_ro,instance_00000,Penalties,11
1263,clean_up,Qwen3.6-35B-A3B-FP8-without-reasoning,0_easy_3obj_ro,instance_00000,Max Penalties,8
1264,clean_up,Qwen3.6-35B-A3B-FP8-without-reasoning,0_easy_3obj_ro,instance_00000,Rounds,12
1265,clean_up,Qwen3.6-35B-A3B-FP8-without-reasoning,0_easy_3obj_ro,instance_00000,Max Rounds,12
1266,clean_up,Qwen3.6-35B-A3B-FP8-without-reasoning,0_easy_3obj_ro,instance_00000,Object Count,3
1267,clean_up,Qwen3.6-35B-A3B-FP8-without-reasoning,0_easy_3obj_ro,instance_00000,Valid Moves,6
1268,clean_up,Qwen3.6-35B-A3B-FP8-without-reasoning,0_easy_3obj_ro,instance_00000,Invalid Moves,11
1269,clean_up,Qwen3.6-35B-A3B-FP8-without-reasoning,0_easy_3obj_ro,instance_00000,Parse Errors,0
1270,clean_up,Qwen3.6-35B-A3B-FP8-without-reasoning,0_easy_3obj_ro,instance_00000,Main Score,-0.0
1271,clean_up,Qwen3.6-35B-A3B-FP8-without-reasoning,1_medium_5obj_ro,instance_00002,Request Count,25
1272,clean_up,Qwen3.6-35B-A3B-FP8-without-reasoning,1_medium_5obj_ro,instance_00002,Parsed Request Count,21
1273,clean_up,Qwen3.6-35B-A3B-FP8-without-reasoning,1_medium_5obj_ro,instance_00002,Violated Request Count,4
1274,clean_up,Qwen3.6-35B-A3B-FP8-without-reasoning,1_medium_5obj_ro,instance_00002,Request Success Ratio,0.84
1275,clean_up,Qwen3.6-35B-A3B-FP8-without-reasoning,1_medium_5obj_ro,instance_00002,Aborted,0
1276,clean_up,Qwen3.6-35B-A3B-FP8-without-reasoning,1_medium_5obj_ro,instance_00002,Lose,0
1277,clean_up,Qwen3.6-35B-A3B-FP8-without-reasoning,1_medium_5obj_ro,instance_00002,Success,1
1278,clean_up,Qwen3.6-35B-A3B-FP8-without-reasoning,1_medium_5obj_ro,instance_00002,Distance Score,1.0
1279,clean_up,Qwen3.6-35B-A3B-FP8-without-reasoning,1_medium_5obj_ro,instance_00002,Consistency Score,1.0
1280,clean_up,Qwen3.6-35B-A3B-FP8-without-reasoning,1_medium_5obj_ro,instance_00002,Coverage Score,1.0
1281,clean_up,Qwen3.6-35B-A3B-FP8-without-reasoning,1_medium_5obj_ro,instance_00002,Penalty Score,0.7
1282,clean_up,Qwen3.6-35B-A3B-FP8-without-reasoning,1_medium_5obj_ro,instance_00002,Moves,"[['Player 2', 'H'], ['Player 1', 'H'], ['Player 2', 'I'], ['Player 1', 'I'], ['Player 2', 'T'], ['Player 1', 'T'], ['Player 2', 'C'], ['Player 1', 'C'], ['Player 2', 'W'], ['Player 1', 'W']]"
1283,clean_up,Qwen3.6-35B-A3B-FP8-without-reasoning,1_medium_5obj_ro,instance_00002,Init States,"{'state_1': [{'id': 'W', 'coord': [7, 5]}, {'id': 'I', 'coord': [1, 7]}, {'id': 'T', 'coord': [7, 3]}, {'id': 'C', 'coord': [4, 7]}, {'id': 'H', 'coord': [2, 4]}], 'state_2': [{'id': 'W', 'coord': [4, 6]}, {'id': 'I', 'coord': [4, 7]}, {'id': 'T', 'coord': [6, 5]}, {'id': 'C', 'coord': [3, 4]}, {'id': 'H', 'coord': [7, 6]}]}"
1284,clean_up,Qwen3.6-35B-A3B-FP8-without-reasoning,1_medium_5obj_ro,instance_00002,End States,"{'state_1': [{'id': 'W', 'coord': [1, 7]}, {'id': 'I', 'coord': [1, 3]}, {'id': 'T', 'coord': [1, 4]}, {'id': 'C', 'coord': [1, 5]}, {'id': 'H', 'coord': [1, 1]}], 'state_2': [{'id': 'W', 'coord': [1, 7]}, {'id': 'I', 'coord': [1, 3]}, {'id': 'T', 'coord': [1, 4]}, {'id': 'C', 'coord': [1, 5]}, {'id': 'H', 'coord': [1, 1]}]}"
1285,clean_up,Qwen3.6-35B-A3B-FP8-without-reasoning,1_medium_5obj_ro,instance_00002,Shifts,4
1286,clean_up,Qwen3.6-35B-A3B-FP8-without-reasoning,1_medium_5obj_ro,instance_00002,Max Shifts,8
1287,clean_up,Qwen3.6-35B-A3B-FP8-without-reasoning,1_medium_5obj_ro,instance_00002,Min Shifts,4
1288,clean_up,Qwen3.6-35B-A3B-FP8-without-reasoning,1_medium_5obj_ro,instance_00002,End Distance Sum,0.0
1289,clean_up,Qwen3.6-35B-A3B-FP8-without-reasoning,1_medium_5obj_ro,instance_00002,Init Distance Sum,16.945788104971054
1290,clean_up,Qwen3.6-35B-A3B-FP8-without-reasoning,1_medium_5obj_ro,instance_00002,Expected Distance Sum,20.95131203515696
1291,clean_up,Qwen3.6-35B-A3B-FP8-without-reasoning,1_medium_5obj_ro,instance_00002,Penalties,9
1292,clean_up,Qwen3.6-35B-A3B-FP8-without-reasoning,1_medium_5obj_ro,instance_00002,Max Penalties,12
1293,clean_up,Qwen3.6-35B-A3B-FP8-without-reasoning,1_medium_5obj_ro,instance_00002,Rounds,8
1294,clean_up,Qwen3.6-35B-A3B-FP8-without-reasoning,1_medium_5obj_ro,instance_00002,Max Rounds,20
1295,clean_up,Qwen3.6-35B-A3B-FP8-without-reasoning,1_medium_5obj_ro,instance_00002,Object Count,5
1296,clean_up,Qwen3.6-35B-A3B-FP8-without-reasoning,1_medium_5obj_ro,instance_00002,Valid Moves,10
1297,clean_up,Qwen3.6-35B-A3B-FP8-without-reasoning,1_medium_5obj_ro,instance_00002,Invalid Moves,5
1298,clean_up,Qwen3.6-35B-A3B-FP8-without-reasoning,1_medium_5obj_ro,instance_00002,Parse Errors,8
1299,clean_up,Qwen3.6-35B-A3B-FP8-without-reasoning,1_medium_5obj_ro,instance_00002,Main Score,70.0
1300,clean_up,Qwen3.6-35B-A3B-FP8-without-reasoning,1_medium_5obj_ro,instance_00003,Request Count,46
1301,clean_up,Qwen3.6-35B-A3B-FP8-without-reasoning,1_medium_5obj_ro,instance_00003,Parsed Request Count,43
1302,clean_up,Qwen3.6-35B-A3B-FP8-without-reasoning,1_medium_5obj_ro,instance_00003,Violated Request Count,3
1303,clean_up,Qwen3.6-35B-A3B-FP8-without-reasoning,1_medium_5obj_ro,instance_00003,Request Success Ratio,0.9347826086956522
1304,clean_up,Qwen3.6-35B-A3B-FP8-without-reasoning,1_medium_5obj_ro,instance_00003,Aborted,0
1305,clean_up,Qwen3.6-35B-A3B-FP8-without-reasoning,1_medium_5obj_ro,instance_00003,Lose,0
1306,clean_up,Qwen3.6-35B-A3B-FP8-without-reasoning,1_medium_5obj_ro,instance_00003,Success,1
1307,clean_up,Qwen3.6-35B-A3B-FP8-without-reasoning,1_medium_5obj_ro,instance_00003,Distance Score,1.0
1308,clean_up,Qwen3.6-35B-A3B-FP8-without-reasoning,1_medium_5obj_ro,instance_00003,Consistency Score,1.0
1309,clean_up,Qwen3.6-35B-A3B-FP8-without-reasoning,1_medium_5obj_ro,instance_00003,Coverage Score,0.8333333333333334
1310,clean_up,Qwen3.6-35B-A3B-FP8-without-reasoning,1_medium_5obj_ro,instance_00003,Penalty Score,0.5769230769230771
1311,clean_up,Qwen3.6-35B-A3B-FP8-without-reasoning,1_medium_5obj_ro,instance_00003,Moves,"[['Player 2', 'H'], ['Player 2', 'C'], ['Player 1', 'C'], ['Player 2', 'W'], ['Player 1', 'W'], ['Player 2', 'T'], ['Player 1', 'T'], ['Player 2', 'I'], ['Player 1', 'I']]"
1312,clean_up,Qwen3.6-35B-A3B-FP8-without-reasoning,1_medium_5obj_ro,instance_00003,Init States,"{'state_1': [{'id': 'W', 'coord': [3, 7]}, {'id': 'I', 'coord': [7, 1]}, {'id': 'T', 'coord': [6, 1]}, {'id': 'C', 'coord': [1, 5]}, {'id': 'H', 'coord': [1, 1]}], 'state_2': [{'id': 'W', 'coord': [7, 7]}, {'id': 'I', 'coord': [3, 4]}, {'id': 'T', 'coord': [1, 4]}, {'id': 'C', 'coord': [5, 5]}, {'id': 'H', 'coord': [6, 2]}]}"
1313,clean_up,Qwen3.6-35B-A3B-FP8-without-reasoning,1_medium_5obj_ro,instance_00003,End States,"{'state_1': [{'id': 'W', 'coord': [5, 5]}, {'id': 'I', 'coord': [7, 4]}, {'id': 'T', 'coord': [7, 5]}, {'id': 'C', 'coord': [3, 2]}, {'id': 'H', 'coord': [1, 1]}], 'state_2': [{'id': 'W', 'coord': [5, 5]}, {'id': 'I', 'coord': [7, 4]}, {'id': 'T', 'coord': [7, 5]}, {'id': 'C', 'coord': [3, 2]}, {'id': 'H', 'coord': [1, 1]}]}"
1314,clean_up,Qwen3.6-35B-A3B-FP8-without-reasoning,1_medium_5obj_ro,instance_00003,Shifts,4
1315,clean_up,Qwen3.6-35B-A3B-FP8-without-reasoning,1_medium_5obj_ro,instance_00003,Max Shifts,8
1316,clean_up,Qwen3.6-35B-A3B-FP8-without-reasoning,1_medium_5obj_ro,instance_00003,Min Shifts,4
1317,clean_up,Qwen3.6-35B-A3B-FP8-without-reasoning,1_medium_5obj_ro,instance_00003,End Distance Sum,0.0
1318,clean_up,Qwen3.6-35B-A3B-FP8-without-reasoning,1_medium_5obj_ro,instance_00003,Init Distance Sum,23.929971408438085
1319,clean_up,Qwen3.6-35B-A3B-FP8-without-reasoning,1_medium_5obj_ro,instance_00003,Expected Distance Sum,20.95131203515696
1320,clean_up,Qwen3.6-35B-A3B-FP8-without-reasoning,1_medium_5obj_ro,instance_00003,Penalties,11
1321,clean_up,Qwen3.6-35B-A3B-FP8-without-reasoning,1_medium_5obj_ro,instance_00003,Max Penalties,12
1322,clean_up,Qwen3.6-35B-A3B-FP8-without-reasoning,1_medium_5obj_ro,instance_00003,Rounds,17
1323,clean_up,Qwen3.6-35B-A3B-FP8-without-reasoning,1_medium_5obj_ro,instance_00003,Max Rounds,20
1324,clean_up,Qwen3.6-35B-A3B-FP8-without-reasoning,1_medium_5obj_ro,instance_00003,Object Count,5
1325,clean_up,Qwen3.6-35B-A3B-FP8-without-reasoning,1_medium_5obj_ro,instance_00003,Valid Moves,9
1326,clean_up,Qwen3.6-35B-A3B-FP8-without-reasoning,1_medium_5obj_ro,instance_00003,Invalid Moves,8
1327,clean_up,Qwen3.6-35B-A3B-FP8-without-reasoning,1_medium_5obj_ro,instance_00003,Parse Errors,6
1328,clean_up,Qwen3.6-35B-A3B-FP8-without-reasoning,1_medium_5obj_ro,instance_00003,Main Score,57.69230769230771
1329,clean_up,Qwen3.6-35B-A3B-FP8-without-reasoning,1_medium_5obj_ro,instance_00004,Request Count,21
1330,clean_up,Qwen3.6-35B-A3B-FP8-without-reasoning,1_medium_5obj_ro,instance_00004,Parsed Request Count,16
1331,clean_up,Qwen3.6-35B-A3B-FP8-without-reasoning,1_medium_5obj_ro,instance_00004,Violated Request Count,5
1332,clean_up,Qwen3.6-35B-A3B-FP8-without-reasoning,1_medium_5obj_ro,instance_00004,Request Success Ratio,0.7619047619047619
1333,clean_up,Qwen3.6-35B-A3B-FP8-without-reasoning,1_medium_5obj_ro,instance_00004,Aborted,0
1334,clean_up,Qwen3.6-35B-A3B-FP8-without-reasoning,1_medium_5obj_ro,instance_00004,Lose,0
1335,clean_up,Qwen3.6-35B-A3B-FP8-without-reasoning,1_medium_5obj_ro,instance_00004,Success,1
1336,clean_up,Qwen3.6-35B-A3B-FP8-without-reasoning,1_medium_5obj_ro,instance_00004,Distance Score,0.13123647952111883
1337,clean_up,Qwen3.6-35B-A3B-FP8-without-reasoning,1_medium_5obj_ro,instance_00004,Coverage Score,0.1111111111111111
1338,clean_up,Qwen3.6-35B-A3B-FP8-without-reasoning,1_medium_5obj_ro,instance_00004,Penalty Score,0.5
1339,clean_up,Qwen3.6-35B-A3B-FP8-without-reasoning,1_medium_5obj_ro,instance_00004,Moves,"[['Player 1', 'H'], ['Player 2', 'W']]"
1340,clean_up,Qwen3.6-35B-A3B-FP8-without-reasoning,1_medium_5obj_ro,instance_00004,Init States,"{'state_1': [{'id': 'W', 'coord': [3, 3]}, {'id': 'I', 'coord': [1, 3]}, {'id': 'T', 'coord': [3, 2]}, {'id': 'C', 'coord': [6, 1]}, {'id': 'H', 'coord': [1, 1]}], 'state_2': [{'id': 'W', 'coord': [1, 6]}, {'id': 'I', 'coord': [7, 1]}, {'id': 'T', 'coord': [3, 2]}, {'id': 'C', 'coord': [6, 5]}, {'id': 'H', 'coord': [6, 7]}]}"
1341,clean_up,Qwen3.6-35B-A3B-FP8-without-reasoning,1_medium_5obj_ro,instance_00004,End States,"{'state_1': [{'id': 'W', 'coord': [3, 3]}, {'id': 'I', 'coord': [1, 3]}, {'id': 'T', 'coord': [3, 2]}, {'id': 'C', 'coord': [6, 1]}, {'id': 'H', 'coord': [1, 5]}], 'state_2': [{'id': 'W', 'coord': [1, 1]}, {'id': 'I', 'coord': [7, 1]}, {'id': 'T', 'coord': [3, 2]}, {'id': 'C', 'coord': [6, 5]}, {'id': 'H', 'coord': [6, 7]}]}"
1342,clean_up,Qwen3.6-35B-A3B-FP8-without-reasoning,1_medium_5obj_ro,instance_00004,Shifts,1
1343,clean_up,Qwen3.6-35B-A3B-FP8-without-reasoning,1_medium_5obj_ro,instance_00004,Max Shifts,8
1344,clean_up,Qwen3.6-35B-A3B-FP8-without-reasoning,1_medium_5obj_ro,instance_00004,Min Shifts,4
1345,clean_up,Qwen3.6-35B-A3B-FP8-without-reasoning,1_medium_5obj_ro,instance_00004,End Distance Sum,18.538147252217453
1346,clean_up,Qwen3.6-35B-A3B-FP8-without-reasoning,1_medium_5obj_ro,instance_00004,Init Distance Sum,21.7403562717074
1347,clean_up,Qwen3.6-35B-A3B-FP8-without-reasoning,1_medium_5obj_ro,instance_00004,Expected Distance Sum,20.95131203515696
1348,clean_up,Qwen3.6-35B-A3B-FP8-without-reasoning,1_medium_5obj_ro,instance_00004,Penalties,12
1349,clean_up,Qwen3.6-35B-A3B-FP8-without-reasoning,1_medium_5obj_ro,instance_00004,Max Penalties,12
1350,clean_up,Qwen3.6-35B-A3B-FP8-without-reasoning,1_medium_5obj_ro,instance_00004,Rounds,4
1351,clean_up,Qwen3.6-35B-A3B-FP8-without-reasoning,1_medium_5obj_ro,instance_00004,Max Rounds,20
1352,clean_up,Qwen3.6-35B-A3B-FP8-without-reasoning,1_medium_5obj_ro,instance_00004,Object Count,5
1353,clean_up,Qwen3.6-35B-A3B-FP8-without-reasoning,1_medium_5obj_ro,instance_00004,Valid Moves,2
1354,clean_up,Qwen3.6-35B-A3B-FP8-without-reasoning,1_medium_5obj_ro,instance_00004,Invalid Moves,7
1355,clean_up,Qwen3.6-35B-A3B-FP8-without-reasoning,1_medium_5obj_ro,instance_00004,Parse Errors,10
1356,clean_up,Qwen3.6-35B-A3B-FP8-without-reasoning,1_medium_5obj_ro,instance_00004,Main Score,6.561823976055941
1357,clean_up,Qwen3.6-35B-A3B-FP8-without-reasoning,1_medium_5obj_ro,instance_00001,Request Count,35
1358,clean_up,Qwen3.6-35B-A3B-FP8-without-reasoning,1_medium_5obj_ro,instance_00001,Parsed Request Count,32
1359,clean_up,Qwen3.6-35B-A3B-FP8-without-reasoning,1_medium_5obj_ro,instance_00001,Violated Request Count,3
1360,clean_up,Qwen3.6-35B-A3B-FP8-without-reasoning,1_medium_5obj_ro,instance_00001,Request Success Ratio,0.9142857142857143
1361,clean_up,Qwen3.6-35B-A3B-FP8-without-reasoning,1_medium_5obj_ro,instance_00001,Aborted,0
1362,clean_up,Qwen3.6-35B-A3B-FP8-without-reasoning,1_medium_5obj_ro,instance_00001,Lose,0
1363,clean_up,Qwen3.6-35B-A3B-FP8-without-reasoning,1_medium_5obj_ro,instance_00001,Success,1
1364,clean_up,Qwen3.6-35B-A3B-FP8-without-reasoning,1_medium_5obj_ro,instance_00001,Distance Score,0.866152566010567
1365,clean_up,Qwen3.6-35B-A3B-FP8-without-reasoning,1_medium_5obj_ro,instance_00001,Consistency Score,1.0
1366,clean_up,Qwen3.6-35B-A3B-FP8-without-reasoning,1_medium_5obj_ro,instance_00001,Coverage Score,0.8333333333333334
1367,clean_up,Qwen3.6-35B-A3B-FP8-without-reasoning,1_medium_5obj_ro,instance_00001,Penalty Score,0.5
1368,clean_up,Qwen3.6-35B-A3B-FP8-without-reasoning,1_medium_5obj_ro,instance_00001,Moves,"[['Player 2', 'T'], ['Player 1', 'T'], ['Player 2', 'W'], ['Player 1', 'W'], ['Player 2', 'I'], ['Player 1', 'H'], ['Player 2', 'H'], ['Player 1', 'C'], ['Player 2', 'C']]"
1369,clean_up,Qwen3.6-35B-A3B-FP8-without-reasoning,1_medium_5obj_ro,instance_00001,Init States,"{'state_1': [{'id': 'W', 'coord': [1, 3]}, {'id': 'I', 'coord': [2, 3]}, {'id': 'T', 'coord': [4, 1]}, {'id': 'C', 'coord': [7, 5]}, {'id': 'H', 'coord': [4, 5]}], 'state_2': [{'id': 'W', 'coord': [4, 1]}, {'id': 'I', 'coord': [7, 1]}, {'id': 'T', 'coord': [4, 4]}, {'id': 'C', 'coord': [1, 7]}, {'id': 'H', 'coord': [1, 5]}]}"
1370,clean_up,Qwen3.6-35B-A3B-FP8-without-reasoning,1_medium_5obj_ro,instance_00001,End States,"{'state_1': [{'id': 'W', 'coord': [2, 1]}, {'id': 'I', 'coord': [2, 3]}, {'id': 'T', 'coord': [1, 1]}, {'id': 'C', 'coord': [7, 1]}, {'id': 'H', 'coord': [5, 1]}], 'state_2': [{'id': 'W', 'coord': [2, 1]}, {'id': 'I', 'coord': [4, 1]}, {'id': 'T', 'coord': [1, 1]}, {'id': 'C', 'coord': [7, 1]}, {'id': 'H', 'coord': [5, 1]}]}"
1371,clean_up,Qwen3.6-35B-A3B-FP8-without-reasoning,1_medium_5obj_ro,instance_00001,Shifts,4
1372,clean_up,Qwen3.6-35B-A3B-FP8-without-reasoning,1_medium_5obj_ro,instance_00001,Max Shifts,8
1373,clean_up,Qwen3.6-35B-A3B-FP8-without-reasoning,1_medium_5obj_ro,instance_00001,Min Shifts,4
1374,clean_up,Qwen3.6-35B-A3B-FP8-without-reasoning,1_medium_5obj_ro,instance_00001,End Distance Sum,2.8284271247461903
1375,clean_up,Qwen3.6-35B-A3B-FP8-without-reasoning,1_medium_5obj_ro,instance_00001,Init Distance Sum,21.315271402935252
1376,clean_up,Qwen3.6-35B-A3B-FP8-without-reasoning,1_medium_5obj_ro,instance_00001,Expected Distance Sum,20.95131203515696
1377,clean_up,Qwen3.6-35B-A3B-FP8-without-reasoning,1_medium_5obj_ro,instance_00001,Penalties,12
1378,clean_up,Qwen3.6-35B-A3B-FP8-without-reasoning,1_medium_5obj_ro,instance_00001,Max Penalties,12
1379,clean_up,Qwen3.6-35B-A3B-FP8-without-reasoning,1_medium_5obj_ro,instance_00001,Rounds,11
1380,clean_up,Qwen3.6-35B-A3B-FP8-without-reasoning,1_medium_5obj_ro,instance_00001,Max Rounds,20
1381,clean_up,Qwen3.6-35B-A3B-FP8-without-reasoning,1_medium_5obj_ro,instance_00001,Object Count,5
1382,clean_up,Qwen3.6-35B-A3B-FP8-without-reasoning,1_medium_5obj_ro,instance_00001,Valid Moves,9
1383,clean_up,Qwen3.6-35B-A3B-FP8-without-reasoning,1_medium_5obj_ro,instance_00001,Invalid Moves,9
1384,clean_up,Qwen3.6-35B-A3B-FP8-without-reasoning,1_medium_5obj_ro,instance_00001,Parse Errors,6
1385,clean_up,Qwen3.6-35B-A3B-FP8-without-reasoning,1_medium_5obj_ro,instance_00001,Main Score,43.30762830052835
1386,clean_up,Qwen3.6-35B-A3B-FP8-without-reasoning,1_medium_5obj_ro,instance_00000,Request Count,24
1387,clean_up,Qwen3.6-35B-A3B-FP8-without-reasoning,1_medium_5obj_ro,instance_00000,Parsed Request Count,22
1388,clean_up,Qwen3.6-35B-A3B-FP8-without-reasoning,1_medium_5obj_ro,instance_00000,Violated Request Count,2
1389,clean_up,Qwen3.6-35B-A3B-FP8-without-reasoning,1_medium_5obj_ro,instance_00000,Request Success Ratio,0.9166666666666666
1390,clean_up,Qwen3.6-35B-A3B-FP8-without-reasoning,1_medium_5obj_ro,instance_00000,Aborted,0
1391,clean_up,Qwen3.6-35B-A3B-FP8-without-reasoning,1_medium_5obj_ro,instance_00000,Lose,0
1392,clean_up,Qwen3.6-35B-A3B-FP8-without-reasoning,1_medium_5obj_ro,instance_00000,Success,1
1393,clean_up,Qwen3.6-35B-A3B-FP8-without-reasoning,1_medium_5obj_ro,instance_00000,Distance Score,0.6377755297870398
1394,clean_up,Qwen3.6-35B-A3B-FP8-without-reasoning,1_medium_5obj_ro,instance_00000,Consistency Score,1.0
1395,clean_up,Qwen3.6-35B-A3B-FP8-without-reasoning,1_medium_5obj_ro,instance_00000,Coverage Score,0.4444444444444444
1396,clean_up,Qwen3.6-35B-A3B-FP8-without-reasoning,1_medium_5obj_ro,instance_00000,Penalty Score,0.7500000000000001
1397,clean_up,Qwen3.6-35B-A3B-FP8-without-reasoning,1_medium_5obj_ro,instance_00000,Moves,"[['Player 1', 'W'], ['Player 2', 'W'], ['Player 2', 'I'], ['Player 1', 'C'], ['Player 1', 'H'], ['Player 2', 'C']]"
1398,clean_up,Qwen3.6-35B-A3B-FP8-without-reasoning,1_medium_5obj_ro,instance_00000,Init States,"{'state_1': [{'id': 'W', 'coord': [4, 1]}, {'id': 'I', 'coord': [2, 1]}, {'id': 'T', 'coord': [3, 1]}, {'id': 'C', 'coord': [1, 7]}, {'id': 'H', 'coord': [3, 5]}], 'state_2': [{'id': 'W', 'coord': [3, 5]}, {'id': 'I', 'coord': [2, 7]}, {'id': 'T', 'coord': [7, 1]}, {'id': 'C', 'coord': [4, 3]}, {'id': 'H', 'coord': [6, 1]}]}"
1399,clean_up,Qwen3.6-35B-A3B-FP8-without-reasoning,1_medium_5obj_ro,instance_00000,End States,"{'state_1': [{'id': 'W', 'coord': [1, 1]}, {'id': 'I', 'coord': [2, 1]}, {'id': 'T', 'coord': [3, 1]}, {'id': 'C', 'coord': [1, 2]}, {'id': 'H', 'coord': [2, 2]}], 'state_2': [{'id': 'W', 'coord': [1, 1]}, {'id': 'I', 'coord': [2, 1]}, {'id': 'T', 'coord': [7, 1]}, {'id': 'C', 'coord': [1, 2]}, {'id': 'H', 'coord': [6, 1]}]}"
1400,clean_up,Qwen3.6-35B-A3B-FP8-without-reasoning,1_medium_5obj_ro,instance_00000,Shifts,4
1401,clean_up,Qwen3.6-35B-A3B-FP8-without-reasoning,1_medium_5obj_ro,instance_00000,Max Shifts,8
1402,clean_up,Qwen3.6-35B-A3B-FP8-without-reasoning,1_medium_5obj_ro,instance_00000,Min Shifts,4
1403,clean_up,Qwen3.6-35B-A3B-FP8-without-reasoning,1_medium_5obj_ro,instance_00000,End Distance Sum,8.123105625617661
1404,clean_up,Qwen3.6-35B-A3B-FP8-without-reasoning,1_medium_5obj_ro,instance_00000,Init Distance Sum,24.12310562561766
1405,clean_up,Qwen3.6-35B-A3B-FP8-without-reasoning,1_medium_5obj_ro,instance_00000,Expected Distance Sum,20.95131203515696
1406,clean_up,Qwen3.6-35B-A3B-FP8-without-reasoning,1_medium_5obj_ro,instance_00000,Penalties,8
1407,clean_up,Qwen3.6-35B-A3B-FP8-without-reasoning,1_medium_5obj_ro,instance_00000,Max Penalties,12
1408,clean_up,Qwen3.6-35B-A3B-FP8-without-reasoning,1_medium_5obj_ro,instance_00000,Rounds,8
1409,clean_up,Qwen3.6-35B-A3B-FP8-without-reasoning,1_medium_5obj_ro,instance_00000,Max Rounds,20
1410,clean_up,Qwen3.6-35B-A3B-FP8-without-reasoning,1_medium_5obj_ro,instance_00000,Object Count,5
1411,clean_up,Qwen3.6-35B-A3B-FP8-without-reasoning,1_medium_5obj_ro,instance_00000,Valid Moves,6
1412,clean_up,Qwen3.6-35B-A3B-FP8-without-reasoning,1_medium_5obj_ro,instance_00000,Invalid Moves,6
1413,clean_up,Qwen3.6-35B-A3B-FP8-without-reasoning,1_medium_5obj_ro,instance_00000,Parse Errors,4
1414,clean_up,Qwen3.6-35B-A3B-FP8-without-reasoning,1_medium_5obj_ro,instance_00000,Main Score,47.83316473402799
1415,clean_up,Qwen3.6-35B-A3B-FP8-without-reasoning,1_medium_7obj_ro,instance_00002,Request Count,67
1416,clean_up,Qwen3.6-35B-A3B-FP8-without-reasoning,1_medium_7obj_ro,instance_00002,Parsed Request Count,67
1417,clean_up,Qwen3.6-35B-A3B-FP8-without-reasoning,1_medium_7obj_ro,instance_00002,Violated Request Count,0
1418,clean_up,Qwen3.6-35B-A3B-FP8-without-reasoning,1_medium_7obj_ro,instance_00002,Request Success Ratio,1.0
1419,clean_up,Qwen3.6-35B-A3B-FP8-without-reasoning,1_medium_7obj_ro,instance_00002,Aborted,0
1420,clean_up,Qwen3.6-35B-A3B-FP8-without-reasoning,1_medium_7obj_ro,instance_00002,Lose,1
1421,clean_up,Qwen3.6-35B-A3B-FP8-without-reasoning,1_medium_7obj_ro,instance_00002,Success,1
1422,clean_up,Qwen3.6-35B-A3B-FP8-without-reasoning,1_medium_7obj_ro,instance_00002,Distance Score,0
1423,clean_up,Qwen3.6-35B-A3B-FP8-without-reasoning,1_medium_7obj_ro,instance_00002,Coverage Score,0.09375
1424,clean_up,Qwen3.6-35B-A3B-FP8-without-reasoning,1_medium_7obj_ro,instance_00002,Penalty Score,0.7380952380952381
1425,clean_up,Qwen3.6-35B-A3B-FP8-without-reasoning,1_medium_7obj_ro,instance_00002,Moves,"[['Player 1', 'A'], ['Player 1', 'P'], ['Player 1', 'T'], ['Player 1', 'S'], ['Player 1', 'D']]"
1426,clean_up,Qwen3.6-35B-A3B-FP8-without-reasoning,1_medium_7obj_ro,instance_00002,Init States,"{'state_1': [{'id': 'P', 'coord': [1, 7]}, {'id': 'O', 'coord': [4, 7]}, {'id': 'T', 'coord': [3, 7]}, {'id': 'S', 'coord': [1, 4]}, {'id': 'D', 'coord': [6, 1]}, {'id': 'A', 'coord': [3, 6]}, {'id': 'M', 'coord': [5, 1]}], 'state_2': [{'id': 'P', 'coord': [6, 5]}, {'id': 'O', 'coord': [7, 1]}, {'id': 'T', 'coord': [1, 1]}, {'id': 'S', 'coord': [6, 1]}, {'id': 'D', 'coord': [5, 3]}, {'id': 'A', 'coord': [4, 6]}, {'id': 'M', 'coord': [2, 4]}]}"
1427,clean_up,Qwen3.6-35B-A3B-FP8-without-reasoning,1_medium_7obj_ro,instance_00002,End States,"{'state_1': [{'id': 'P', 'coord': [1, 3]}, {'id': 'O', 'coord': [4, 7]}, {'id': 'T', 'coord': [1, 5]}, {'id': 'S', 'coord': [1, 7]}, {'id': 'D', 'coord': [3, 1]}, {'id': 'A', 'coord': [1, 1]}, {'id': 'M', 'coord': [5, 1]}], 'state_2': [{'id': 'P', 'coord': [6, 5]}, {'id': 'O', 'coord': [7, 1]}, {'id': 'T', 'coord': [1, 1]}, {'id': 'S', 'coord': [6, 1]}, {'id': 'D', 'coord': [5, 3]}, {'id': 'A', 'coord': [4, 6]}, {'id': 'M', 'coord': [2, 4]}]}"
1428,clean_up,Qwen3.6-35B-A3B-FP8-without-reasoning,1_medium_7obj_ro,instance_00002,Shifts,4
1429,clean_up,Qwen3.6-35B-A3B-FP8-without-reasoning,1_medium_7obj_ro,instance_00002,Max Shifts,12
1430,clean_up,Qwen3.6-35B-A3B-FP8-without-reasoning,1_medium_7obj_ro,instance_00002,Min Shifts,6
1431,clean_up,Qwen3.6-35B-A3B-FP8-without-reasoning,1_medium_7obj_ro,instance_00002,End Distance Sum,36.8056381222513
1432,clean_up,Qwen3.6-35B-A3B-FP8-without-reasoning,1_medium_7obj_ro,instance_00002,Init Distance Sum,31.72758461943501
1433,clean_up,Qwen3.6-35B-A3B-FP8-without-reasoning,1_medium_7obj_ro,instance_00002,Expected Distance Sum,29.331836849219748
1434,clean_up,Qwen3.6-35B-A3B-FP8-without-reasoning,1_medium_7obj_ro,instance_00002,Penalties,11
1435,clean_up,Qwen3.6-35B-A3B-FP8-without-reasoning,1_medium_7obj_ro,instance_00002,Max Penalties,16
1436,clean_up,Qwen3.6-35B-A3B-FP8-without-reasoning,1_medium_7obj_ro,instance_00002,Rounds,28
1437,clean_up,Qwen3.6-35B-A3B-FP8-without-reasoning,1_medium_7obj_ro,instance_00002,Max Rounds,28
1438,clean_up,Qwen3.6-35B-A3B-FP8-without-reasoning,1_medium_7obj_ro,instance_00002,Object Count,7
1439,clean_up,Qwen3.6-35B-A3B-FP8-without-reasoning,1_medium_7obj_ro,instance_00002,Valid Moves,5
1440,clean_up,Qwen3.6-35B-A3B-FP8-without-reasoning,1_medium_7obj_ro,instance_00002,Invalid Moves,11
1441,clean_up,Qwen3.6-35B-A3B-FP8-without-reasoning,1_medium_7obj_ro,instance_00002,Parse Errors,0
1442,clean_up,Qwen3.6-35B-A3B-FP8-without-reasoning,1_medium_7obj_ro,instance_00002,Main Score,0.0
1443,clean_up,Qwen3.6-35B-A3B-FP8-without-reasoning,1_medium_7obj_ro,instance_00003,Request Count,35
1444,clean_up,Qwen3.6-35B-A3B-FP8-without-reasoning,1_medium_7obj_ro,instance_00003,Parsed Request Count,35
1445,clean_up,Qwen3.6-35B-A3B-FP8-without-reasoning,1_medium_7obj_ro,instance_00003,Violated Request Count,0
1446,clean_up,Qwen3.6-35B-A3B-FP8-without-reasoning,1_medium_7obj_ro,instance_00003,Request Success Ratio,1.0
1447,clean_up,Qwen3.6-35B-A3B-FP8-without-reasoning,1_medium_7obj_ro,instance_00003,Aborted,0
1448,clean_up,Qwen3.6-35B-A3B-FP8-without-reasoning,1_medium_7obj_ro,instance_00003,Lose,0
1449,clean_up,Qwen3.6-35B-A3B-FP8-without-reasoning,1_medium_7obj_ro,instance_00003,Success,1
1450,clean_up,Qwen3.6-35B-A3B-FP8-without-reasoning,1_medium_7obj_ro,instance_00003,Distance Score,0.37567145148371545
1451,clean_up,Qwen3.6-35B-A3B-FP8-without-reasoning,1_medium_7obj_ro,instance_00003,Consistency Score,1.0
1452,clean_up,Qwen3.6-35B-A3B-FP8-without-reasoning,1_medium_7obj_ro,instance_00003,Coverage Score,1.0
1453,clean_up,Qwen3.6-35B-A3B-FP8-without-reasoning,1_medium_7obj_ro,instance_00003,Penalty Score,0.5
1454,clean_up,Qwen3.6-35B-A3B-FP8-without-reasoning,1_medium_7obj_ro,instance_00003,Moves,"[['Player 2', 'A'], ['Player 1', 'A'], ['Player 2', 'D'], ['Player 1', 'D'], ['Player 2', 'M'], ['Player 1', 'M'], ['Player 2', 'O'], ['Player 1', 'O'], ['Player 2', 'P'], ['Player 1', 'P'], ['Player 2', 'S'], ['Player 1', 'S'], ['Player 2', 'T'], ['Player 1', 'T']]"
1455,clean_up,Qwen3.6-35B-A3B-FP8-without-reasoning,1_medium_7obj_ro,instance_00003,Init States,"{'state_1': [{'id': 'P', 'coord': [1, 7]}, {'id': 'O', 'coord': [1, 3]}, {'id': 'T', 'coord': [4, 2]}, {'id': 'S', 'coord': [3, 5]}, {'id': 'D', 'coord': [4, 7]}, {'id': 'A', 'coord': [4, 1]}, {'id': 'M', 'coord': [5, 7]}], 'state_2': [{'id': 'P', 'coord': [1, 1]}, {'id': 'O', 'coord': [7, 5]}, {'id': 'T', 'coord': [2, 5]}, {'id': 'S', 'coord': [3, 1]}, {'id': 'D', 'coord': [5, 1]}, {'id': 'A', 'coord': [6, 3]}, {'id': 'M', 'coord': [3, 4]}]}"
1456,clean_up,Qwen3.6-35B-A3B-FP8-without-reasoning,1_medium_7obj_ro,instance_00003,End States,"{'state_1': [{'id': 'P', 'coord': [6, 1]}, {'id': 'O', 'coord': [5, 1]}, {'id': 'T', 'coord': [3, 2]}, {'id': 'S', 'coord': [7, 1]}, {'id': 'D', 'coord': [3, 1]}, {'id': 'A', 'coord': [1, 1]}, {'id': 'M', 'coord': [4, 1]}], 'state_2': [{'id': 'P', 'coord': [5, 1]}, {'id': 'O', 'coord': [3, 2]}, {'id': 'T', 'coord': [4, 2]}, {'id': 'S', 'coord': [1, 1]}, {'id': 'D', 'coord': [6, 1]}, {'id': 'A', 'coord': [4, 1]}, {'id': 'M', 'coord': [7, 1]}]}"
1457,clean_up,Qwen3.6-35B-A3B-FP8-without-reasoning,1_medium_7obj_ro,instance_00003,Shifts,6
1458,clean_up,Qwen3.6-35B-A3B-FP8-without-reasoning,1_medium_7obj_ro,instance_00003,Max Shifts,12
1459,clean_up,Qwen3.6-35B-A3B-FP8-without-reasoning,1_medium_7obj_ro,instance_00003,Min Shifts,6
1460,clean_up,Qwen3.6-35B-A3B-FP8-without-reasoning,1_medium_7obj_ro,instance_00003,End Distance Sum,19.23606797749979
1461,clean_up,Qwen3.6-35B-A3B-FP8-without-reasoning,1_medium_7obj_ro,instance_00003,Init Distance Sum,32.44684752630915
1462,clean_up,Qwen3.6-35B-A3B-FP8-without-reasoning,1_medium_7obj_ro,instance_00003,Expected Distance Sum,29.331836849219748
1463,clean_up,Qwen3.6-35B-A3B-FP8-without-reasoning,1_medium_7obj_ro,instance_00003,Penalties,16
1464,clean_up,Qwen3.6-35B-A3B-FP8-without-reasoning,1_medium_7obj_ro,instance_00003,Max Penalties,16
1465,clean_up,Qwen3.6-35B-A3B-FP8-without-reasoning,1_medium_7obj_ro,instance_00003,Rounds,9
1466,clean_up,Qwen3.6-35B-A3B-FP8-without-reasoning,1_medium_7obj_ro,instance_00003,Max Rounds,28
1467,clean_up,Qwen3.6-35B-A3B-FP8-without-reasoning,1_medium_7obj_ro,instance_00003,Object Count,7
1468,clean_up,Qwen3.6-35B-A3B-FP8-without-reasoning,1_medium_7obj_ro,instance_00003,Valid Moves,14
1469,clean_up,Qwen3.6-35B-A3B-FP8-without-reasoning,1_medium_7obj_ro,instance_00003,Invalid Moves,16
1470,clean_up,Qwen3.6-35B-A3B-FP8-without-reasoning,1_medium_7obj_ro,instance_00003,Parse Errors,0
1471,clean_up,Qwen3.6-35B-A3B-FP8-without-reasoning,1_medium_7obj_ro,instance_00003,Main Score,18.783572574185772
1472,clean_up,Qwen3.6-35B-A3B-FP8-without-reasoning,1_medium_7obj_ro,instance_00004,Request Count,42
1473,clean_up,Qwen3.6-35B-A3B-FP8-without-reasoning,1_medium_7obj_ro,instance_00004,Parsed Request Count,42
1474,clean_up,Qwen3.6-35B-A3B-FP8-without-reasoning,1_medium_7obj_ro,instance_00004,Violated Request Count,0
1475,clean_up,Qwen3.6-35B-A3B-FP8-without-reasoning,1_medium_7obj_ro,instance_00004,Request Success Ratio,1.0
1476,clean_up,Qwen3.6-35B-A3B-FP8-without-reasoning,1_medium_7obj_ro,instance_00004,Aborted,0
1477,clean_up,Qwen3.6-35B-A3B-FP8-without-reasoning,1_medium_7obj_ro,instance_00004,Lose,0
1478,clean_up,Qwen3.6-35B-A3B-FP8-without-reasoning,1_medium_7obj_ro,instance_00004,Success,1
1479,clean_up,Qwen3.6-35B-A3B-FP8-without-reasoning,1_medium_7obj_ro,instance_00004,Distance Score,0.3385328654068072
1480,clean_up,Qwen3.6-35B-A3B-FP8-without-reasoning,1_medium_7obj_ro,instance_00004,Consistency Score,0.8571428571428572
1481,clean_up,Qwen3.6-35B-A3B-FP8-without-reasoning,1_medium_7obj_ro,instance_00004,Coverage Score,0.375
1482,clean_up,Qwen3.6-35B-A3B-FP8-without-reasoning,1_medium_7obj_ro,instance_00004,Penalty Score,0.16666666666666674
1483,clean_up,Qwen3.6-35B-A3B-FP8-without-reasoning,1_medium_7obj_ro,instance_00004,Moves,"[['Player 1', 'P'], ['Player 2', 'P'], ['Player 1', 'O'], ['Player 1', 'T'], ['Player 2', 'O'], ['Player 1', 'D'], ['Player 1', 'M'], ['Player 2', 'T'], ['Player 1', 'P'], ['Player 2', 'P']]"
1484,clean_up,Qwen3.6-35B-A3B-FP8-without-reasoning,1_medium_7obj_ro,instance_00004,Init States,"{'state_1': [{'id': 'P', 'coord': [3, 5]}, {'id': 'O', 'coord': [6, 4]}, {'id': 'T', 'coord': [3, 3]}, {'id': 'S', 'coord': [7, 2]}, {'id': 'D', 'coord': [4, 3]}, {'id': 'A', 'coord': [7, 5]}, {'id': 'M', 'coord': [4, 5]}], 'state_2': [{'id': 'P', 'coord': [1, 6]}, {'id': 'O', 'coord': [4, 1]}, {'id': 'T', 'coord': [6, 1]}, {'id': 'S', 'coord': [2, 5]}, {'id': 'D', 'coord': [4, 4]}, {'id': 'A', 'coord': [3, 5]}, {'id': 'M', 'coord': [2, 6]}]}"
1485,clean_up,Qwen3.6-35B-A3B-FP8-without-reasoning,1_medium_7obj_ro,instance_00004,End States,"{'state_1': [{'id': 'P', 'coord': [2, 5]}, {'id': 'O', 'coord': [1, 3]}, {'id': 'T', 'coord': [1, 5]}, {'id': 'S', 'coord': [7, 2]}, {'id': 'D', 'coord': [1, 6]}, {'id': 'A', 'coord': [7, 5]}, {'id': 'M', 'coord': [1, 7]}], 'state_2': [{'id': 'P', 'coord': [2, 7]}, {'id': 'O', 'coord': [1, 3]}, {'id': 'T', 'coord': [1, 5]}, {'id': 'S', 'coord': [2, 5]}, {'id': 'D', 'coord': [4, 4]}, {'id': 'A', 'coord': [3, 5]}, {'id': 'M', 'coord': [2, 6]}]}"
1486,clean_up,Qwen3.6-35B-A3B-FP8-without-reasoning,1_medium_7obj_ro,instance_00004,Shifts,7
1487,clean_up,Qwen3.6-35B-A3B-FP8-without-reasoning,1_medium_7obj_ro,instance_00004,Max Shifts,12
1488,clean_up,Qwen3.6-35B-A3B-FP8-without-reasoning,1_medium_7obj_ro,instance_00004,Min Shifts,6
1489,clean_up,Qwen3.6-35B-A3B-FP8-without-reasoning,1_medium_7obj_ro,instance_00004,End Distance Sum,16.850716732682386
1490,clean_up,Qwen3.6-35B-A3B-FP8-without-reasoning,1_medium_7obj_ro,instance_00004,Init Distance Sum,22.514190400772858
1491,clean_up,Qwen3.6-35B-A3B-FP8-without-reasoning,1_medium_7obj_ro,instance_00004,Expected Distance Sum,29.331836849219748
1492,clean_up,Qwen3.6-35B-A3B-FP8-without-reasoning,1_medium_7obj_ro,instance_00004,Penalties,20
1493,clean_up,Qwen3.6-35B-A3B-FP8-without-reasoning,1_medium_7obj_ro,instance_00004,Max Penalties,16
1494,clean_up,Qwen3.6-35B-A3B-FP8-without-reasoning,1_medium_7obj_ro,instance_00004,Rounds,11
1495,clean_up,Qwen3.6-35B-A3B-FP8-without-reasoning,1_medium_7obj_ro,instance_00004,Max Rounds,28
1496,clean_up,Qwen3.6-35B-A3B-FP8-without-reasoning,1_medium_7obj_ro,instance_00004,Object Count,7
1497,clean_up,Qwen3.6-35B-A3B-FP8-without-reasoning,1_medium_7obj_ro,instance_00004,Valid Moves,10
1498,clean_up,Qwen3.6-35B-A3B-FP8-without-reasoning,1_medium_7obj_ro,instance_00004,Invalid Moves,20
1499,clean_up,Qwen3.6-35B-A3B-FP8-without-reasoning,1_medium_7obj_ro,instance_00004,Parse Errors,0
1500,clean_up,Qwen3.6-35B-A3B-FP8-without-reasoning,1_medium_7obj_ro,instance_00004,Main Score,5.64221442344679
1501,clean_up,Qwen3.6-35B-A3B-FP8-without-reasoning,1_medium_7obj_ro,instance_00001,Request Count,33
1502,clean_up,Qwen3.6-35B-A3B-FP8-without-reasoning,1_medium_7obj_ro,instance_00001,Parsed Request Count,32
1503,clean_up,Qwen3.6-35B-A3B-FP8-without-reasoning,1_medium_7obj_ro,instance_00001,Violated Request Count,1
1504,clean_up,Qwen3.6-35B-A3B-FP8-without-reasoning,1_medium_7obj_ro,instance_00001,Request Success Ratio,0.9696969696969697
1505,clean_up,Qwen3.6-35B-A3B-FP8-without-reasoning,1_medium_7obj_ro,instance_00001,Aborted,0
1506,clean_up,Qwen3.6-35B-A3B-FP8-without-reasoning,1_medium_7obj_ro,instance_00001,Lose,0
1507,clean_up,Qwen3.6-35B-A3B-FP8-without-reasoning,1_medium_7obj_ro,instance_00001,Success,1
1508,clean_up,Qwen3.6-35B-A3B-FP8-without-reasoning,1_medium_7obj_ro,instance_00001,Distance Score,0.030569910482958318
1509,clean_up,Qwen3.6-35B-A3B-FP8-without-reasoning,1_medium_7obj_ro,instance_00001,Consistency Score,1.0
1510,clean_up,Qwen3.6-35B-A3B-FP8-without-reasoning,1_medium_7obj_ro,instance_00001,Coverage Score,0.390625
1511,clean_up,Qwen3.6-35B-A3B-FP8-without-reasoning,1_medium_7obj_ro,instance_00001,Penalty Score,0.5
1512,clean_up,Qwen3.6-35B-A3B-FP8-without-reasoning,1_medium_7obj_ro,instance_00001,Moves,"[['Player 2', 'A'], ['Player 1', 'P'], ['Player 2', 'D'], ['Player 1', 'M'], ['Player 2', 'M'], ['Player 1', 'S'], ['Player 2', 'O'], ['Player 1', 'O'], ['Player 1', 'S']]"
1513,clean_up,Qwen3.6-35B-A3B-FP8-without-reasoning,1_medium_7obj_ro,instance_00001,Init States,"{'state_1': [{'id': 'P', 'coord': [2, 1]}, {'id': 'O', 'coord': [7, 3]}, {'id': 'T', 'coord': [1, 7]}, {'id': 'S', 'coord': [5, 3]}, {'id': 'D', 'coord': [1, 5]}, {'id': 'A', 'coord': [5, 4]}, {'id': 'M', 'coord': [5, 1]}], 'state_2': [{'id': 'P', 'coord': [7, 3]}, {'id': 'O', 'coord': [7, 4]}, {'id': 'T', 'coord': [7, 1]}, {'id': 'S', 'coord': [5, 3]}, {'id': 'D', 'coord': [1, 5]}, {'id': 'A', 'coord': [4, 7]}, {'id': 'M', 'coord': [6, 4]}]}"
1514,clean_up,Qwen3.6-35B-A3B-FP8-without-reasoning,1_medium_7obj_ro,instance_00001,End States,"{'state_1': [{'id': 'P', 'coord': [1, 1]}, {'id': 'O', 'coord': [5, 1]}, {'id': 'T', 'coord': [1, 7]}, {'id': 'S', 'coord': [2, 1]}, {'id': 'D', 'coord': [1, 5]}, {'id': 'A', 'coord': [5, 4]}, {'id': 'M', 'coord': [4, 1]}], 'state_2': [{'id': 'P', 'coord': [7, 3]}, {'id': 'O', 'coord': [5, 1]}, {'id': 'T', 'coord': [7, 1]}, {'id': 'S', 'coord': [5, 3]}, {'id': 'D', 'coord': [2, 1]}, {'id': 'A', 'coord': [1, 1]}, {'id': 'M', 'coord': [4, 1]}]}"
1515,clean_up,Qwen3.6-35B-A3B-FP8-without-reasoning,1_medium_7obj_ro,instance_00001,Shifts,6
1516,clean_up,Qwen3.6-35B-A3B-FP8-without-reasoning,1_medium_7obj_ro,instance_00001,Max Shifts,12
1517,clean_up,Qwen3.6-35B-A3B-FP8-without-reasoning,1_medium_7obj_ro,instance_00001,Min Shifts,6
1518,clean_up,Qwen3.6-35B-A3B-FP8-without-reasoning,1_medium_7obj_ro,instance_00001,End Distance Sum,27.538493595656977
1519,clean_up,Qwen3.6-35B-A3B-FP8-without-reasoning,1_medium_7obj_ro,instance_00001,Init Distance Sum,21.19500150170983
1520,clean_up,Qwen3.6-35B-A3B-FP8-without-reasoning,1_medium_7obj_ro,instance_00001,Expected Distance Sum,29.331836849219748
1521,clean_up,Qwen3.6-35B-A3B-FP8-without-reasoning,1_medium_7obj_ro,instance_00001,Penalties,16
1522,clean_up,Qwen3.6-35B-A3B-FP8-without-reasoning,1_medium_7obj_ro,instance_00001,Max Penalties,16
1523,clean_up,Qwen3.6-35B-A3B-FP8-without-reasoning,1_medium_7obj_ro,instance_00001,Rounds,8
1524,clean_up,Qwen3.6-35B-A3B-FP8-without-reasoning,1_medium_7obj_ro,instance_00001,Max Rounds,28
1525,clean_up,Qwen3.6-35B-A3B-FP8-without-reasoning,1_medium_7obj_ro,instance_00001,Object Count,7
1526,clean_up,Qwen3.6-35B-A3B-FP8-without-reasoning,1_medium_7obj_ro,instance_00001,Valid Moves,9
1527,clean_up,Qwen3.6-35B-A3B-FP8-without-reasoning,1_medium_7obj_ro,instance_00001,Invalid Moves,15
1528,clean_up,Qwen3.6-35B-A3B-FP8-without-reasoning,1_medium_7obj_ro,instance_00001,Parse Errors,2
1529,clean_up,Qwen3.6-35B-A3B-FP8-without-reasoning,1_medium_7obj_ro,instance_00001,Main Score,1.528495524147916
1530,clean_up,Qwen3.6-35B-A3B-FP8-without-reasoning,1_medium_7obj_ro,instance_00000,Request Count,70
1531,clean_up,Qwen3.6-35B-A3B-FP8-without-reasoning,1_medium_7obj_ro,instance_00000,Parsed Request Count,65
1532,clean_up,Qwen3.6-35B-A3B-FP8-without-reasoning,1_medium_7obj_ro,instance_00000,Violated Request Count,5
1533,clean_up,Qwen3.6-35B-A3B-FP8-without-reasoning,1_medium_7obj_ro,instance_00000,Request Success Ratio,0.9285714285714286
1534,clean_up,Qwen3.6-35B-A3B-FP8-without-reasoning,1_medium_7obj_ro,instance_00000,Aborted,0
1535,clean_up,Qwen3.6-35B-A3B-FP8-without-reasoning,1_medium_7obj_ro,instance_00000,Lose,0
1536,clean_up,Qwen3.6-35B-A3B-FP8-without-reasoning,1_medium_7obj_ro,instance_00000,Success,1
1537,clean_up,Qwen3.6-35B-A3B-FP8-without-reasoning,1_medium_7obj_ro,instance_00000,Distance Score,1.0
1538,clean_up,Qwen3.6-35B-A3B-FP8-without-reasoning,1_medium_7obj_ro,instance_00000,Consistency Score,0.1428571428571429
1539,clean_up,Qwen3.6-35B-A3B-FP8-without-reasoning,1_medium_7obj_ro,instance_00000,Coverage Score,1.0
1540,clean_up,Qwen3.6-35B-A3B-FP8-without-reasoning,1_medium_7obj_ro,instance_00000,Penalty Score,0.6111111111111112
1541,clean_up,Qwen3.6-35B-A3B-FP8-without-reasoning,1_medium_7obj_ro,instance_00000,Moves,"[['Player 2', 'A'], ['Player 1', 'A'], ['Player 2', 'D'], ['Player 1', 'D'], ['Player 2', 'M'], ['Player 1', 'M'], ['Player 2', 'O'], ['Player 1', 'A'], ['Player 2', 'A'], ['Player 1', 'D'], ['Player 2', 'D'], ['Player 1', 'O'], ['Player 2', 'O'], ['Player 1', 'P'], ['Player 2', 'P'], ['Player 1', 'S'], ['Player 2', 'S'], ['Player 1', 'T'], ['Player 2', 'T'], ['Player 1', 'M'], ['Player 2', 'M'], ['Player 1', 'A'], ['Player 2', 'A'], ['Player 1', 'D'], ['Player 2', 'D']]"
1542,clean_up,Qwen3.6-35B-A3B-FP8-without-reasoning,1_medium_7obj_ro,instance_00000,Init States,"{'state_1': [{'id': 'P', 'coord': [6, 1]}, {'id': 'O', 'coord': [4, 1]}, {'id': 'T', 'coord': [3, 2]}, {'id': 'S', 'coord': [1, 4]}, {'id': 'D', 'coord': [6, 7]}, {'id': 'A', 'coord': [4, 5]}, {'id': 'M', 'coord': [7, 1]}], 'state_2': [{'id': 'P', 'coord': [1, 2]}, {'id': 'O', 'coord': [6, 1]}, {'id': 'T', 'coord': [6, 3]}, {'id': 'S', 'coord': [2, 3]}, {'id': 'D', 'coord': [7, 6]}, {'id': 'A', 'coord': [1, 5]}, {'id': 'M', 'coord': [3, 2]}]}"
1543,clean_up,Qwen3.6-35B-A3B-FP8-without-reasoning,1_medium_7obj_ro,instance_00000,End States,"{'state_1': [{'id': 'P', 'coord': [7, 3]}, {'id': 'O', 'coord': [4, 3]}, {'id': 'T', 'coord': [2, 3]}, {'id': 'S', 'coord': [1, 3]}, {'id': 'D', 'coord': [6, 7]}, {'id': 'A', 'coord': [4, 7]}, {'id': 'M', 'coord': [3, 3]}], 'state_2': [{'id': 'P', 'coord': [7, 3]}, {'id': 'O', 'coord': [4, 3]}, {'id': 'T', 'coord': [2, 3]}, {'id': 'S', 'coord': [1, 3]}, {'id': 'D', 'coord': [6, 7]}, {'id': 'A', 'coord': [4, 7]}, {'id': 'M', 'coord': [3, 3]}]}"
1544,clean_up,Qwen3.6-35B-A3B-FP8-without-reasoning,1_medium_7obj_ro,instance_00000,Shifts,12
1545,clean_up,Qwen3.6-35B-A3B-FP8-without-reasoning,1_medium_7obj_ro,instance_00000,Max Shifts,12
1546,clean_up,Qwen3.6-35B-A3B-FP8-without-reasoning,1_medium_7obj_ro,instance_00000,Min Shifts,6
1547,clean_up,Qwen3.6-35B-A3B-FP8-without-reasoning,1_medium_7obj_ro,instance_00000,End Distance Sum,0.0
1548,clean_up,Qwen3.6-35B-A3B-FP8-without-reasoning,1_medium_7obj_ro,instance_00000,Init Distance Sum,20.212829924125018
1549,clean_up,Qwen3.6-35B-A3B-FP8-without-reasoning,1_medium_7obj_ro,instance_00000,Expected Distance Sum,29.331836849219748
1550,clean_up,Qwen3.6-35B-A3B-FP8-without-reasoning,1_medium_7obj_ro,instance_00000,Penalties,14
1551,clean_up,Qwen3.6-35B-A3B-FP8-without-reasoning,1_medium_7obj_ro,instance_00000,Max Penalties,16
1552,clean_up,Qwen3.6-35B-A3B-FP8-without-reasoning,1_medium_7obj_ro,instance_00000,Rounds,28
1553,clean_up,Qwen3.6-35B-A3B-FP8-without-reasoning,1_medium_7obj_ro,instance_00000,Max Rounds,28
1554,clean_up,Qwen3.6-35B-A3B-FP8-without-reasoning,1_medium_7obj_ro,instance_00000,Object Count,7
1555,clean_up,Qwen3.6-35B-A3B-FP8-without-reasoning,1_medium_7obj_ro,instance_00000,Valid Moves,25
1556,clean_up,Qwen3.6-35B-A3B-FP8-without-reasoning,1_medium_7obj_ro,instance_00000,Invalid Moves,9
1557,clean_up,Qwen3.6-35B-A3B-FP8-without-reasoning,1_medium_7obj_ro,instance_00000,Parse Errors,10
1558,clean_up,Qwen3.6-35B-A3B-FP8-without-reasoning,1_medium_7obj_ro,instance_00000,Main Score,61.111111111111114
1559,clean_up,Qwen3.6-35B-A3B-FP8-without-reasoning,1_medium_3obj_ro,instance_00002,Request Count,28
1560,clean_up,Qwen3.6-35B-A3B-FP8-without-reasoning,1_medium_3obj_ro,instance_00002,Parsed Request Count,27
1561,clean_up,Qwen3.6-35B-A3B-FP8-without-reasoning,1_medium_3obj_ro,instance_00002,Violated Request Count,1
1562,clean_up,Qwen3.6-35B-A3B-FP8-without-reasoning,1_medium_3obj_ro,instance_00002,Request Success Ratio,0.9642857142857143
1563,clean_up,Qwen3.6-35B-A3B-FP8-without-reasoning,1_medium_3obj_ro,instance_00002,Aborted,0
1564,clean_up,Qwen3.6-35B-A3B-FP8-without-reasoning,1_medium_3obj_ro,instance_00002,Lose,0
1565,clean_up,Qwen3.6-35B-A3B-FP8-without-reasoning,1_medium_3obj_ro,instance_00002,Success,1
1566,clean_up,Qwen3.6-35B-A3B-FP8-without-reasoning,1_medium_3obj_ro,instance_00002,Distance Score,0.7443120943111338
1567,clean_up,Qwen3.6-35B-A3B-FP8-without-reasoning,1_medium_3obj_ro,instance_00002,Consistency Score,0.33333333333333337
1568,clean_up,Qwen3.6-35B-A3B-FP8-without-reasoning,1_medium_3obj_ro,instance_00002,Coverage Score,1.0
1569,clean_up,Qwen3.6-35B-A3B-FP8-without-reasoning,1_medium_3obj_ro,instance_00002,Penalty Score,0.7727272727272727
1570,clean_up,Qwen3.6-35B-A3B-FP8-without-reasoning,1_medium_3obj_ro,instance_00002,Moves,"[['Player 2', 'C'], ['Player 1', 'C'], ['Player 1', 'P'], ['Player 2', 'P'], ['Player 1', 'L'], ['Player 2', 'L'], ['Player 2', 'C'], ['Player 2', 'C'], ['Player 1', 'C'], ['Player 1', 'L']]"
1571,clean_up,Qwen3.6-35B-A3B-FP8-without-reasoning,1_medium_3obj_ro,instance_00002,Init States,"{'state_1': [{'id': 'C', 'coord': [5, 1]}, {'id': 'L', 'coord': [4, 7]}, {'id': 'P', 'coord': [7, 3]}], 'state_2': [{'id': 'C', 'coord': [1, 4]}, {'id': 'L', 'coord': [7, 3]}, {'id': 'P', 'coord': [7, 4]}]}"
1572,clean_up,Qwen3.6-35B-A3B-FP8-without-reasoning,1_medium_3obj_ro,instance_00002,End States,"{'state_1': [{'id': 'C', 'coord': [7, 6]}, {'id': 'L', 'coord': [7, 7]}, {'id': 'P', 'coord': [6, 7]}], 'state_2': [{'id': 'C', 'coord': [7, 5]}, {'id': 'L', 'coord': [5, 7]}, {'id': 'P', 'coord': [6, 7]}]}"
1573,clean_up,Qwen3.6-35B-A3B-FP8-without-reasoning,1_medium_3obj_ro,instance_00002,Shifts,4
1574,clean_up,Qwen3.6-35B-A3B-FP8-without-reasoning,1_medium_3obj_ro,instance_00002,Max Shifts,4
1575,clean_up,Qwen3.6-35B-A3B-FP8-without-reasoning,1_medium_3obj_ro,instance_00002,Min Shifts,2
1576,clean_up,Qwen3.6-35B-A3B-FP8-without-reasoning,1_medium_3obj_ro,instance_00002,End Distance Sum,3.0
1577,clean_up,Qwen3.6-35B-A3B-FP8-without-reasoning,1_medium_3obj_ro,instance_00002,Init Distance Sum,11.0
1578,clean_up,Qwen3.6-35B-A3B-FP8-without-reasoning,1_medium_3obj_ro,instance_00002,Expected Distance Sum,12.570787221094177
1579,clean_up,Qwen3.6-35B-A3B-FP8-without-reasoning,1_medium_3obj_ro,instance_00002,Penalties,5
1580,clean_up,Qwen3.6-35B-A3B-FP8-without-reasoning,1_medium_3obj_ro,instance_00002,Max Penalties,8
1581,clean_up,Qwen3.6-35B-A3B-FP8-without-reasoning,1_medium_3obj_ro,instance_00002,Rounds,11
1582,clean_up,Qwen3.6-35B-A3B-FP8-without-reasoning,1_medium_3obj_ro,instance_00002,Max Rounds,12
1583,clean_up,Qwen3.6-35B-A3B-FP8-without-reasoning,1_medium_3obj_ro,instance_00002,Object Count,3
1584,clean_up,Qwen3.6-35B-A3B-FP8-without-reasoning,1_medium_3obj_ro,instance_00002,Valid Moves,10
1585,clean_up,Qwen3.6-35B-A3B-FP8-without-reasoning,1_medium_3obj_ro,instance_00002,Invalid Moves,4
1586,clean_up,Qwen3.6-35B-A3B-FP8-without-reasoning,1_medium_3obj_ro,instance_00002,Parse Errors,2
1587,clean_up,Qwen3.6-35B-A3B-FP8-without-reasoning,1_medium_3obj_ro,instance_00002,Main Score,57.51502546949669
1588,clean_up,Qwen3.6-35B-A3B-FP8-without-reasoning,1_medium_3obj_ro,instance_00003,Request Count,15
1589,clean_up,Qwen3.6-35B-A3B-FP8-without-reasoning,1_medium_3obj_ro,instance_00003,Parsed Request Count,14
1590,clean_up,Qwen3.6-35B-A3B-FP8-without-reasoning,1_medium_3obj_ro,instance_00003,Violated Request Count,1
1591,clean_up,Qwen3.6-35B-A3B-FP8-without-reasoning,1_medium_3obj_ro,instance_00003,Request Success Ratio,0.9333333333333333
1592,clean_up,Qwen3.6-35B-A3B-FP8-without-reasoning,1_medium_3obj_ro,instance_00003,Aborted,0
1593,clean_up,Qwen3.6-35B-A3B-FP8-without-reasoning,1_medium_3obj_ro,instance_00003,Lose,0
1594,clean_up,Qwen3.6-35B-A3B-FP8-without-reasoning,1_medium_3obj_ro,instance_00003,Success,1
1595,clean_up,Qwen3.6-35B-A3B-FP8-without-reasoning,1_medium_3obj_ro,instance_00003,Distance Score,0.5522056503382407
1596,clean_up,Qwen3.6-35B-A3B-FP8-without-reasoning,1_medium_3obj_ro,instance_00003,Consistency Score,1.0
1597,clean_up,Qwen3.6-35B-A3B-FP8-without-reasoning,1_medium_3obj_ro,instance_00003,Coverage Score,1.0
1598,clean_up,Qwen3.6-35B-A3B-FP8-without-reasoning,1_medium_3obj_ro,instance_00003,Penalty Score,0.7727272727272727
1599,clean_up,Qwen3.6-35B-A3B-FP8-without-reasoning,1_medium_3obj_ro,instance_00003,Moves,"[['Player 1', 'C'], ['Player 2', 'C'], ['Player 1', 'L'], ['Player 2', 'L'], ['Player 1', 'P'], ['Player 2', 'P']]"
1600,clean_up,Qwen3.6-35B-A3B-FP8-without-reasoning,1_medium_3obj_ro,instance_00003,Init States,"{'state_1': [{'id': 'C', 'coord': [6, 1]}, {'id': 'L', 'coord': [1, 4]}, {'id': 'P', 'coord': [6, 2]}], 'state_2': [{'id': 'C', 'coord': [7, 4]}, {'id': 'L', 'coord': [7, 3]}, {'id': 'P', 'coord': [7, 7]}]}"
1601,clean_up,Qwen3.6-35B-A3B-FP8-without-reasoning,1_medium_3obj_ro,instance_00003,End States,"{'state_1': [{'id': 'C', 'coord': [1, 1]}, {'id': 'L', 'coord': [2, 4]}, {'id': 'P', 'coord': [3, 1]}], 'state_2': [{'id': 'C', 'coord': [1, 4]}, {'id': 'L', 'coord': [2, 4]}, {'id': 'P', 'coord': [3, 4]}]}"
1602,clean_up,Qwen3.6-35B-A3B-FP8-without-reasoning,1_medium_3obj_ro,instance_00003,Shifts,2
1603,clean_up,Qwen3.6-35B-A3B-FP8-without-reasoning,1_medium_3obj_ro,instance_00003,Max Shifts,4
1604,clean_up,Qwen3.6-35B-A3B-FP8-without-reasoning,1_medium_3obj_ro,instance_00003,Min Shifts,2
1605,clean_up,Qwen3.6-35B-A3B-FP8-without-reasoning,1_medium_3obj_ro,instance_00003,End Distance Sum,6.0
1606,clean_up,Qwen3.6-35B-A3B-FP8-without-reasoning,1_medium_3obj_ro,instance_00003,Init Distance Sum,14.344059704059383
1607,clean_up,Qwen3.6-35B-A3B-FP8-without-reasoning,1_medium_3obj_ro,instance_00003,Expected Distance Sum,12.570787221094177
1608,clean_up,Qwen3.6-35B-A3B-FP8-without-reasoning,1_medium_3obj_ro,instance_00003,Penalties,5
1609,clean_up,Qwen3.6-35B-A3B-FP8-without-reasoning,1_medium_3obj_ro,instance_00003,Max Penalties,8
1610,clean_up,Qwen3.6-35B-A3B-FP8-without-reasoning,1_medium_3obj_ro,instance_00003,Rounds,5
1611,clean_up,Qwen3.6-35B-A3B-FP8-without-reasoning,1_medium_3obj_ro,instance_00003,Max Rounds,12
1612,clean_up,Qwen3.6-35B-A3B-FP8-without-reasoning,1_medium_3obj_ro,instance_00003,Object Count,3
1613,clean_up,Qwen3.6-35B-A3B-FP8-without-reasoning,1_medium_3obj_ro,instance_00003,Valid Moves,6
1614,clean_up,Qwen3.6-35B-A3B-FP8-without-reasoning,1_medium_3obj_ro,instance_00003,Invalid Moves,4
1615,clean_up,Qwen3.6-35B-A3B-FP8-without-reasoning,1_medium_3obj_ro,instance_00003,Parse Errors,2
1616,clean_up,Qwen3.6-35B-A3B-FP8-without-reasoning,1_medium_3obj_ro,instance_00003,Main Score,42.670436617045866
1617,clean_up,Qwen3.6-35B-A3B-FP8-without-reasoning,1_medium_3obj_ro,instance_00004,Request Count,26
1618,clean_up,Qwen3.6-35B-A3B-FP8-without-reasoning,1_medium_3obj_ro,instance_00004,Parsed Request Count,24
1619,clean_up,Qwen3.6-35B-A3B-FP8-without-reasoning,1_medium_3obj_ro,instance_00004,Violated Request Count,2
1620,clean_up,Qwen3.6-35B-A3B-FP8-without-reasoning,1_medium_3obj_ro,instance_00004,Request Success Ratio,0.9230769230769231
1621,clean_up,Qwen3.6-35B-A3B-FP8-without-reasoning,1_medium_3obj_ro,instance_00004,Aborted,0
1622,clean_up,Qwen3.6-35B-A3B-FP8-without-reasoning,1_medium_3obj_ro,instance_00004,Lose,0
1623,clean_up,Qwen3.6-35B-A3B-FP8-without-reasoning,1_medium_3obj_ro,instance_00004,Success,1
1624,clean_up,Qwen3.6-35B-A3B-FP8-without-reasoning,1_medium_3obj_ro,instance_00004,Distance Score,1.0
1625,clean_up,Qwen3.6-35B-A3B-FP8-without-reasoning,1_medium_3obj_ro,instance_00004,Consistency Score,1.0
1626,clean_up,Qwen3.6-35B-A3B-FP8-without-reasoning,1_medium_3obj_ro,instance_00004,Coverage Score,1.0
1627,clean_up,Qwen3.6-35B-A3B-FP8-without-reasoning,1_medium_3obj_ro,instance_00004,Penalty Score,0.7
1628,clean_up,Qwen3.6-35B-A3B-FP8-without-reasoning,1_medium_3obj_ro,instance_00004,Moves,"[['Player 1', 'C'], ['Player 2', 'C'], ['Player 1', 'L'], ['Player 2', 'L'], ['Player 1', 'P'], ['Player 2', 'P']]"
1629,clean_up,Qwen3.6-35B-A3B-FP8-without-reasoning,1_medium_3obj_ro,instance_00004,Init States,"{'state_1': [{'id': 'C', 'coord': [3, 4]}, {'id': 'L', 'coord': [2, 6]}, {'id': 'P', 'coord': [6, 7]}], 'state_2': [{'id': 'C', 'coord': [7, 4]}, {'id': 'L', 'coord': [3, 3]}, {'id': 'P', 'coord': [1, 5]}]}"
1630,clean_up,Qwen3.6-35B-A3B-FP8-without-reasoning,1_medium_3obj_ro,instance_00004,End States,"{'state_1': [{'id': 'C', 'coord': [1, 1]}, {'id': 'L', 'coord': [3, 2]}, {'id': 'P', 'coord': [4, 4]}], 'state_2': [{'id': 'C', 'coord': [1, 1]}, {'id': 'L', 'coord': [3, 2]}, {'id': 'P', 'coord': [4, 4]}]}"
1631,clean_up,Qwen3.6-35B-A3B-FP8-without-reasoning,1_medium_3obj_ro,instance_00004,Shifts,2
1632,clean_up,Qwen3.6-35B-A3B-FP8-without-reasoning,1_medium_3obj_ro,instance_00004,Max Shifts,4
1633,clean_up,Qwen3.6-35B-A3B-FP8-without-reasoning,1_medium_3obj_ro,instance_00004,Min Shifts,2
1634,clean_up,Qwen3.6-35B-A3B-FP8-without-reasoning,1_medium_3obj_ro,instance_00004,End Distance Sum,0.0
1635,clean_up,Qwen3.6-35B-A3B-FP8-without-reasoning,1_medium_3obj_ro,instance_00004,Init Distance Sum,12.547442467302883
1636,clean_up,Qwen3.6-35B-A3B-FP8-without-reasoning,1_medium_3obj_ro,instance_00004,Expected Distance Sum,12.570787221094177
1637,clean_up,Qwen3.6-35B-A3B-FP8-without-reasoning,1_medium_3obj_ro,instance_00004,Penalties,6
1638,clean_up,Qwen3.6-35B-A3B-FP8-without-reasoning,1_medium_3obj_ro,instance_00004,Max Penalties,8
1639,clean_up,Qwen3.6-35B-A3B-FP8-without-reasoning,1_medium_3obj_ro,instance_00004,Rounds,10
1640,clean_up,Qwen3.6-35B-A3B-FP8-without-reasoning,1_medium_3obj_ro,instance_00004,Max Rounds,12
1641,clean_up,Qwen3.6-35B-A3B-FP8-without-reasoning,1_medium_3obj_ro,instance_00004,Object Count,3
1642,clean_up,Qwen3.6-35B-A3B-FP8-without-reasoning,1_medium_3obj_ro,instance_00004,Valid Moves,6
1643,clean_up,Qwen3.6-35B-A3B-FP8-without-reasoning,1_medium_3obj_ro,instance_00004,Invalid Moves,4
1644,clean_up,Qwen3.6-35B-A3B-FP8-without-reasoning,1_medium_3obj_ro,instance_00004,Parse Errors,4
1645,clean_up,Qwen3.6-35B-A3B-FP8-without-reasoning,1_medium_3obj_ro,instance_00004,Main Score,70.0
1646,clean_up,Qwen3.6-35B-A3B-FP8-without-reasoning,1_medium_3obj_ro,instance_00001,Request Count,18
1647,clean_up,Qwen3.6-35B-A3B-FP8-without-reasoning,1_medium_3obj_ro,instance_00001,Parsed Request Count,14
1648,clean_up,Qwen3.6-35B-A3B-FP8-without-reasoning,1_medium_3obj_ro,instance_00001,Violated Request Count,4
1649,clean_up,Qwen3.6-35B-A3B-FP8-without-reasoning,1_medium_3obj_ro,instance_00001,Request Success Ratio,0.7777777777777778
1650,clean_up,Qwen3.6-35B-A3B-FP8-without-reasoning,1_medium_3obj_ro,instance_00001,Aborted,0
1651,clean_up,Qwen3.6-35B-A3B-FP8-without-reasoning,1_medium_3obj_ro,instance_00001,Lose,0
1652,clean_up,Qwen3.6-35B-A3B-FP8-without-reasoning,1_medium_3obj_ro,instance_00001,Success,1
1653,clean_up,Qwen3.6-35B-A3B-FP8-without-reasoning,1_medium_3obj_ro,instance_00001,Distance Score,0.392595534445427
1654,clean_up,Qwen3.6-35B-A3B-FP8-without-reasoning,1_medium_3obj_ro,instance_00001,Coverage Score,0.25
1655,clean_up,Qwen3.6-35B-A3B-FP8-without-reasoning,1_medium_3obj_ro,instance_00001,Penalty Score,0.5
1656,clean_up,Qwen3.6-35B-A3B-FP8-without-reasoning,1_medium_3obj_ro,instance_00001,Moves,"[['Player 1', 'P'], ['Player 2', 'P']]"
1657,clean_up,Qwen3.6-35B-A3B-FP8-without-reasoning,1_medium_3obj_ro,instance_00001,Init States,"{'state_1': [{'id': 'C', 'coord': [3, 5]}, {'id': 'L', 'coord': [1, 3]}, {'id': 'P', 'coord': [7, 4]}], 'state_2': [{'id': 'C', 'coord': [7, 5]}, {'id': 'L', 'coord': [5, 3]}, {'id': 'P', 'coord': [2, 1]}]}"
1658,clean_up,Qwen3.6-35B-A3B-FP8-without-reasoning,1_medium_3obj_ro,instance_00001,End States,"{'state_1': [{'id': 'C', 'coord': [3, 5]}, {'id': 'L', 'coord': [1, 3]}, {'id': 'P', 'coord': [1, 1]}], 'state_2': [{'id': 'C', 'coord': [7, 5]}, {'id': 'L', 'coord': [5, 3]}, {'id': 'P', 'coord': [1, 1]}]}"
1659,clean_up,Qwen3.6-35B-A3B-FP8-without-reasoning,1_medium_3obj_ro,instance_00001,Shifts,0
1660,clean_up,Qwen3.6-35B-A3B-FP8-without-reasoning,1_medium_3obj_ro,instance_00001,Max Shifts,4
1661,clean_up,Qwen3.6-35B-A3B-FP8-without-reasoning,1_medium_3obj_ro,instance_00001,Min Shifts,2
1662,clean_up,Qwen3.6-35B-A3B-FP8-without-reasoning,1_medium_3obj_ro,instance_00001,End Distance Sum,8.0
1663,clean_up,Qwen3.6-35B-A3B-FP8-without-reasoning,1_medium_3obj_ro,instance_00001,Init Distance Sum,13.8309518948453
1664,clean_up,Qwen3.6-35B-A3B-FP8-without-reasoning,1_medium_3obj_ro,instance_00001,Expected Distance Sum,12.570787221094177
1665,clean_up,Qwen3.6-35B-A3B-FP8-without-reasoning,1_medium_3obj_ro,instance_00001,Penalties,8
1666,clean_up,Qwen3.6-35B-A3B-FP8-without-reasoning,1_medium_3obj_ro,instance_00001,Max Penalties,8
1667,clean_up,Qwen3.6-35B-A3B-FP8-without-reasoning,1_medium_3obj_ro,instance_00001,Rounds,5
1668,clean_up,Qwen3.6-35B-A3B-FP8-without-reasoning,1_medium_3obj_ro,instance_00001,Max Rounds,12
1669,clean_up,Qwen3.6-35B-A3B-FP8-without-reasoning,1_medium_3obj_ro,instance_00001,Object Count,3
1670,clean_up,Qwen3.6-35B-A3B-FP8-without-reasoning,1_medium_3obj_ro,instance_00001,Valid Moves,2
1671,clean_up,Qwen3.6-35B-A3B-FP8-without-reasoning,1_medium_3obj_ro,instance_00001,Invalid Moves,4
1672,clean_up,Qwen3.6-35B-A3B-FP8-without-reasoning,1_medium_3obj_ro,instance_00001,Parse Errors,8
1673,clean_up,Qwen3.6-35B-A3B-FP8-without-reasoning,1_medium_3obj_ro,instance_00001,Main Score,19.629776722271348
1674,clean_up,Qwen3.6-35B-A3B-FP8-without-reasoning,1_medium_3obj_ro,instance_00000,Request Count,23
1675,clean_up,Qwen3.6-35B-A3B-FP8-without-reasoning,1_medium_3obj_ro,instance_00000,Parsed Request Count,23
1676,clean_up,Qwen3.6-35B-A3B-FP8-without-reasoning,1_medium_3obj_ro,instance_00000,Violated Request Count,0
1677,clean_up,Qwen3.6-35B-A3B-FP8-without-reasoning,1_medium_3obj_ro,instance_00000,Request Success Ratio,1.0
1678,clean_up,Qwen3.6-35B-A3B-FP8-without-reasoning,1_medium_3obj_ro,instance_00000,Aborted,0
1679,clean_up,Qwen3.6-35B-A3B-FP8-without-reasoning,1_medium_3obj_ro,instance_00000,Lose,0
1680,clean_up,Qwen3.6-35B-A3B-FP8-without-reasoning,1_medium_3obj_ro,instance_00000,Success,1
1681,clean_up,Qwen3.6-35B-A3B-FP8-without-reasoning,1_medium_3obj_ro,instance_00000,Distance Score,0.675266070860259
1682,clean_up,Qwen3.6-35B-A3B-FP8-without-reasoning,1_medium_3obj_ro,instance_00000,Consistency Score,-0.6666666666666667
1683,clean_up,Qwen3.6-35B-A3B-FP8-without-reasoning,1_medium_3obj_ro,instance_00000,Coverage Score,1.0
1684,clean_up,Qwen3.6-35B-A3B-FP8-without-reasoning,1_medium_3obj_ro,instance_00000,Penalty Score,0.5
1685,clean_up,Qwen3.6-35B-A3B-FP8-without-reasoning,1_medium_3obj_ro,instance_00000,Moves,"[['Player 1', 'C'], ['Player 2', 'P'], ['Player 1', 'L'], ['Player 2', 'C'], ['Player 1', 'P'], ['Player 2', 'L'], ['Player 1', 'C'], ['Player 2', 'C'], ['Player 1', 'L']]"
1686,clean_up,Qwen3.6-35B-A3B-FP8-without-reasoning,1_medium_3obj_ro,instance_00000,Init States,"{'state_1': [{'id': 'C', 'coord': [2, 1]}, {'id': 'L', 'coord': [3, 2]}, {'id': 'P', 'coord': [4, 3]}], 'state_2': [{'id': 'C', 'coord': [3, 2]}, {'id': 'L', 'coord': [1, 7]}, {'id': 'P', 'coord': [3, 1]}]}"
1687,clean_up,Qwen3.6-35B-A3B-FP8-without-reasoning,1_medium_3obj_ro,instance_00000,End States,"{'state_1': [{'id': 'C', 'coord': [2, 1]}, {'id': 'L', 'coord': [2, 2]}, {'id': 'P', 'coord': [1, 3]}], 'state_2': [{'id': 'C', 'coord': [2, 1]}, {'id': 'L', 'coord': [1, 3]}, {'id': 'P', 'coord': [1, 1]}]}"
1688,clean_up,Qwen3.6-35B-A3B-FP8-without-reasoning,1_medium_3obj_ro,instance_00000,Shifts,7
1689,clean_up,Qwen3.6-35B-A3B-FP8-without-reasoning,1_medium_3obj_ro,instance_00000,Max Shifts,4
1690,clean_up,Qwen3.6-35B-A3B-FP8-without-reasoning,1_medium_3obj_ro,instance_00000,Min Shifts,2
1691,clean_up,Qwen3.6-35B-A3B-FP8-without-reasoning,1_medium_3obj_ro,instance_00000,End Distance Sum,3.414213562373095
1692,clean_up,Qwen3.6-35B-A3B-FP8-without-reasoning,1_medium_3obj_ro,instance_00000,Init Distance Sum,9.035446347007388
1693,clean_up,Qwen3.6-35B-A3B-FP8-without-reasoning,1_medium_3obj_ro,instance_00000,Expected Distance Sum,12.570787221094177
1694,clean_up,Qwen3.6-35B-A3B-FP8-without-reasoning,1_medium_3obj_ro,instance_00000,Penalties,8
1695,clean_up,Qwen3.6-35B-A3B-FP8-without-reasoning,1_medium_3obj_ro,instance_00000,Max Penalties,8
1696,clean_up,Qwen3.6-35B-A3B-FP8-without-reasoning,1_medium_3obj_ro,instance_00000,Rounds,7
1697,clean_up,Qwen3.6-35B-A3B-FP8-without-reasoning,1_medium_3obj_ro,instance_00000,Max Rounds,12
1698,clean_up,Qwen3.6-35B-A3B-FP8-without-reasoning,1_medium_3obj_ro,instance_00000,Object Count,3
1699,clean_up,Qwen3.6-35B-A3B-FP8-without-reasoning,1_medium_3obj_ro,instance_00000,Valid Moves,9
1700,clean_up,Qwen3.6-35B-A3B-FP8-without-reasoning,1_medium_3obj_ro,instance_00000,Invalid Moves,8
1701,clean_up,Qwen3.6-35B-A3B-FP8-without-reasoning,1_medium_3obj_ro,instance_00000,Parse Errors,0
1702,clean_up,Qwen3.6-35B-A3B-FP8-without-reasoning,1_medium_3obj_ro,instance_00000,Main Score,33.76330354301295
1703,referencegame,Qwen3.6-35B-A3B-FP8-without-reasoning,number_grids,instance_00005,Generated Expression Length,219
1704,referencegame,Qwen3.6-35B-A3B-FP8-without-reasoning,number_grids,instance_00005,Generated Expression Number of Tokens,44
1705,referencegame,Qwen3.6-35B-A3B-FP8-without-reasoning,number_grids,instance_00005,Aborted at Player 1,0
1706,referencegame,Qwen3.6-35B-A3B-FP8-without-reasoning,number_grids,instance_00005,Aborted at Player 2,0
1707,referencegame,Qwen3.6-35B-A3B-FP8-without-reasoning,number_grids,instance_00005,Request Count,2
1708,referencegame,Qwen3.6-35B-A3B-FP8-without-reasoning,number_grids,instance_00005,Parsed Request Count,2
1709,referencegame,Qwen3.6-35B-A3B-FP8-without-reasoning,number_grids,instance_00005,Violated Request Count,0
1710,referencegame,Qwen3.6-35B-A3B-FP8-without-reasoning,number_grids,instance_00005,Aborted,0
1711,referencegame,Qwen3.6-35B-A3B-FP8-without-reasoning,number_grids,instance_00005,Success,1
1712,referencegame,Qwen3.6-35B-A3B-FP8-without-reasoning,number_grids,instance_00005,Lose,0
1713,referencegame,Qwen3.6-35B-A3B-FP8-without-reasoning,number_grids,instance_00005,Main Score,100
1714,referencegame,Qwen3.6-35B-A3B-FP8-without-reasoning,number_grids,instance_00005,Request Success Ratio,1.0
1715,referencegame,Qwen3.6-35B-A3B-FP8-without-reasoning,number_grids,instance_00002,Generated Expression Length,112
1716,referencegame,Qwen3.6-35B-A3B-FP8-without-reasoning,number_grids,instance_00002,Generated Expression Number of Tokens,19
1717,referencegame,Qwen3.6-35B-A3B-FP8-without-reasoning,number_grids,instance_00002,Aborted at Player 1,0
1718,referencegame,Qwen3.6-35B-A3B-FP8-without-reasoning,number_grids,instance_00002,Aborted at Player 2,0
1719,referencegame,Qwen3.6-35B-A3B-FP8-without-reasoning,number_grids,instance_00002,Request Count,2
1720,referencegame,Qwen3.6-35B-A3B-FP8-without-reasoning,number_grids,instance_00002,Parsed Request Count,2
1721,referencegame,Qwen3.6-35B-A3B-FP8-without-reasoning,number_grids,instance_00002,Violated Request Count,0
1722,referencegame,Qwen3.6-35B-A3B-FP8-without-reasoning,number_grids,instance_00002,Aborted,0
1723,referencegame,Qwen3.6-35B-A3B-FP8-without-reasoning,number_grids,instance_00002,Success,1
1724,referencegame,Qwen3.6-35B-A3B-FP8-without-reasoning,number_grids,instance_00002,Lose,0
1725,referencegame,Qwen3.6-35B-A3B-FP8-without-reasoning,number_grids,instance_00002,Main Score,100
1726,referencegame,Qwen3.6-35B-A3B-FP8-without-reasoning,number_grids,instance_00002,Request Success Ratio,1.0
1727,referencegame,Qwen3.6-35B-A3B-FP8-without-reasoning,number_grids,instance_00003,Generated Expression Length,526
1728,referencegame,Qwen3.6-35B-A3B-FP8-without-reasoning,number_grids,instance_00003,Generated Expression Number of Tokens,108
1729,referencegame,Qwen3.6-35B-A3B-FP8-without-reasoning,number_grids,instance_00003,Aborted at Player 1,0
1730,referencegame,Qwen3.6-35B-A3B-FP8-without-reasoning,number_grids,instance_00003,Aborted at Player 2,0
1731,referencegame,Qwen3.6-35B-A3B-FP8-without-reasoning,number_grids,instance_00003,Request Count,2
1732,referencegame,Qwen3.6-35B-A3B-FP8-without-reasoning,number_grids,instance_00003,Parsed Request Count,2
1733,referencegame,Qwen3.6-35B-A3B-FP8-without-reasoning,number_grids,instance_00003,Violated Request Count,0
1734,referencegame,Qwen3.6-35B-A3B-FP8-without-reasoning,number_grids,instance_00003,Aborted,0
1735,referencegame,Qwen3.6-35B-A3B-FP8-without-reasoning,number_grids,instance_00003,Success,1
1736,referencegame,Qwen3.6-35B-A3B-FP8-without-reasoning,number_grids,instance_00003,Lose,0
1737,referencegame,Qwen3.6-35B-A3B-FP8-without-reasoning,number_grids,instance_00003,Main Score,100
1738,referencegame,Qwen3.6-35B-A3B-FP8-without-reasoning,number_grids,instance_00003,Request Success Ratio,1.0
1739,referencegame,Qwen3.6-35B-A3B-FP8-without-reasoning,number_grids,instance_00004,Generated Expression Length,280
1740,referencegame,Qwen3.6-35B-A3B-FP8-without-reasoning,number_grids,instance_00004,Generated Expression Number of Tokens,46
1741,referencegame,Qwen3.6-35B-A3B-FP8-without-reasoning,number_grids,instance_00004,Aborted at Player 1,0
1742,referencegame,Qwen3.6-35B-A3B-FP8-without-reasoning,number_grids,instance_00004,Aborted at Player 2,0
1743,referencegame,Qwen3.6-35B-A3B-FP8-without-reasoning,number_grids,instance_00004,Request Count,2
1744,referencegame,Qwen3.6-35B-A3B-FP8-without-reasoning,number_grids,instance_00004,Parsed Request Count,2
1745,referencegame,Qwen3.6-35B-A3B-FP8-without-reasoning,number_grids,instance_00004,Violated Request Count,0
1746,referencegame,Qwen3.6-35B-A3B-FP8-without-reasoning,number_grids,instance_00004,Aborted,0
1747,referencegame,Qwen3.6-35B-A3B-FP8-without-reasoning,number_grids,instance_00004,Success,1
1748,referencegame,Qwen3.6-35B-A3B-FP8-without-reasoning,number_grids,instance_00004,Lose,0
1749,referencegame,Qwen3.6-35B-A3B-FP8-without-reasoning,number_grids,instance_00004,Main Score,100
1750,referencegame,Qwen3.6-35B-A3B-FP8-without-reasoning,number_grids,instance_00004,Request Success Ratio,1.0
1751,referencegame,Qwen3.6-35B-A3B-FP8-without-reasoning,number_grids,instance_00001,Generated Expression Length,335
1752,referencegame,Qwen3.6-35B-A3B-FP8-without-reasoning,number_grids,instance_00001,Generated Expression Number of Tokens,63
1753,referencegame,Qwen3.6-35B-A3B-FP8-without-reasoning,number_grids,instance_00001,Aborted at Player 1,0
1754,referencegame,Qwen3.6-35B-A3B-FP8-without-reasoning,number_grids,instance_00001,Aborted at Player 2,0
1755,referencegame,Qwen3.6-35B-A3B-FP8-without-reasoning,number_grids,instance_00001,Request Count,2
1756,referencegame,Qwen3.6-35B-A3B-FP8-without-reasoning,number_grids,instance_00001,Parsed Request Count,2
1757,referencegame,Qwen3.6-35B-A3B-FP8-without-reasoning,number_grids,instance_00001,Violated Request Count,0
1758,referencegame,Qwen3.6-35B-A3B-FP8-without-reasoning,number_grids,instance_00001,Aborted,0
1759,referencegame,Qwen3.6-35B-A3B-FP8-without-reasoning,number_grids,instance_00001,Success,1
1760,referencegame,Qwen3.6-35B-A3B-FP8-without-reasoning,number_grids,instance_00001,Lose,0
1761,referencegame,Qwen3.6-35B-A3B-FP8-without-reasoning,number_grids,instance_00001,Main Score,100
1762,referencegame,Qwen3.6-35B-A3B-FP8-without-reasoning,number_grids,instance_00001,Request Success Ratio,1.0
1763,referencegame,Qwen3.6-35B-A3B-FP8-without-reasoning,number_grids,instance_00000,Generated Expression Length,499
1764,referencegame,Qwen3.6-35B-A3B-FP8-without-reasoning,number_grids,instance_00000,Generated Expression Number of Tokens,98
1765,referencegame,Qwen3.6-35B-A3B-FP8-without-reasoning,number_grids,instance_00000,Aborted at Player 1,0
1766,referencegame,Qwen3.6-35B-A3B-FP8-without-reasoning,number_grids,instance_00000,Aborted at Player 2,0
1767,referencegame,Qwen3.6-35B-A3B-FP8-without-reasoning,number_grids,instance_00000,Request Count,2
1768,referencegame,Qwen3.6-35B-A3B-FP8-without-reasoning,number_grids,instance_00000,Parsed Request Count,2
1769,referencegame,Qwen3.6-35B-A3B-FP8-without-reasoning,number_grids,instance_00000,Violated Request Count,0
1770,referencegame,Qwen3.6-35B-A3B-FP8-without-reasoning,number_grids,instance_00000,Aborted,0
1771,referencegame,Qwen3.6-35B-A3B-FP8-without-reasoning,number_grids,instance_00000,Success,1
1772,referencegame,Qwen3.6-35B-A3B-FP8-without-reasoning,number_grids,instance_00000,Lose,0
1773,referencegame,Qwen3.6-35B-A3B-FP8-without-reasoning,number_grids,instance_00000,Main Score,100
1774,referencegame,Qwen3.6-35B-A3B-FP8-without-reasoning,number_grids,instance_00000,Request Success Ratio,1.0
1775,referencegame,Qwen3.6-35B-A3B-FP8-without-reasoning,line_grids_columns,instance_00005,Generated Expression Length,219
1776,referencegame,Qwen3.6-35B-A3B-FP8-without-reasoning,line_grids_columns,instance_00005,Generated Expression Number of Tokens,39
1777,referencegame,Qwen3.6-35B-A3B-FP8-without-reasoning,line_grids_columns,instance_00005,Aborted at Player 1,0
1778,referencegame,Qwen3.6-35B-A3B-FP8-without-reasoning,line_grids_columns,instance_00005,Aborted at Player 2,0
1779,referencegame,Qwen3.6-35B-A3B-FP8-without-reasoning,line_grids_columns,instance_00005,Request Count,2
1780,referencegame,Qwen3.6-35B-A3B-FP8-without-reasoning,line_grids_columns,instance_00005,Parsed Request Count,2
1781,referencegame,Qwen3.6-35B-A3B-FP8-without-reasoning,line_grids_columns,instance_00005,Violated Request Count,0
1782,referencegame,Qwen3.6-35B-A3B-FP8-without-reasoning,line_grids_columns,instance_00005,Aborted,0
1783,referencegame,Qwen3.6-35B-A3B-FP8-without-reasoning,line_grids_columns,instance_00005,Success,1
1784,referencegame,Qwen3.6-35B-A3B-FP8-without-reasoning,line_grids_columns,instance_00005,Lose,0
1785,referencegame,Qwen3.6-35B-A3B-FP8-without-reasoning,line_grids_columns,instance_00005,Main Score,100
1786,referencegame,Qwen3.6-35B-A3B-FP8-without-reasoning,line_grids_columns,instance_00005,Request Success Ratio,1.0
1787,referencegame,Qwen3.6-35B-A3B-FP8-without-reasoning,line_grids_columns,instance_00002,Generated Expression Length,99
1788,referencegame,Qwen3.6-35B-A3B-FP8-without-reasoning,line_grids_columns,instance_00002,Generated Expression Number of Tokens,21
1789,referencegame,Qwen3.6-35B-A3B-FP8-without-reasoning,line_grids_columns,instance_00002,Aborted at Player 1,0
1790,referencegame,Qwen3.6-35B-A3B-FP8-without-reasoning,line_grids_columns,instance_00002,Aborted at Player 2,0
1791,referencegame,Qwen3.6-35B-A3B-FP8-without-reasoning,line_grids_columns,instance_00002,Request Count,2
1792,referencegame,Qwen3.6-35B-A3B-FP8-without-reasoning,line_grids_columns,instance_00002,Parsed Request Count,2
1793,referencegame,Qwen3.6-35B-A3B-FP8-without-reasoning,line_grids_columns,instance_00002,Violated Request Count,0
1794,referencegame,Qwen3.6-35B-A3B-FP8-without-reasoning,line_grids_columns,instance_00002,Aborted,0
1795,referencegame,Qwen3.6-35B-A3B-FP8-without-reasoning,line_grids_columns,instance_00002,Success,1
1796,referencegame,Qwen3.6-35B-A3B-FP8-without-reasoning,line_grids_columns,instance_00002,Lose,0
1797,referencegame,Qwen3.6-35B-A3B-FP8-without-reasoning,line_grids_columns,instance_00002,Main Score,100
1798,referencegame,Qwen3.6-35B-A3B-FP8-without-reasoning,line_grids_columns,instance_00002,Request Success Ratio,1.0
1799,referencegame,Qwen3.6-35B-A3B-FP8-without-reasoning,line_grids_columns,instance_00003,Generated Expression Length,84
1800,referencegame,Qwen3.6-35B-A3B-FP8-without-reasoning,line_grids_columns,instance_00003,Generated Expression Number of Tokens,14
1801,referencegame,Qwen3.6-35B-A3B-FP8-without-reasoning,line_grids_columns,instance_00003,Aborted at Player 1,0
1802,referencegame,Qwen3.6-35B-A3B-FP8-without-reasoning,line_grids_columns,instance_00003,Aborted at Player 2,0
1803,referencegame,Qwen3.6-35B-A3B-FP8-without-reasoning,line_grids_columns,instance_00003,Request Count,2
1804,referencegame,Qwen3.6-35B-A3B-FP8-without-reasoning,line_grids_columns,instance_00003,Parsed Request Count,2
1805,referencegame,Qwen3.6-35B-A3B-FP8-without-reasoning,line_grids_columns,instance_00003,Violated Request Count,0
1806,referencegame,Qwen3.6-35B-A3B-FP8-without-reasoning,line_grids_columns,instance_00003,Aborted,0
1807,referencegame,Qwen3.6-35B-A3B-FP8-without-reasoning,line_grids_columns,instance_00003,Success,1
1808,referencegame,Qwen3.6-35B-A3B-FP8-without-reasoning,line_grids_columns,instance_00003,Lose,0
1809,referencegame,Qwen3.6-35B-A3B-FP8-without-reasoning,line_grids_columns,instance_00003,Main Score,100
1810,referencegame,Qwen3.6-35B-A3B-FP8-without-reasoning,line_grids_columns,instance_00003,Request Success Ratio,1.0
1811,referencegame,Qwen3.6-35B-A3B-FP8-without-reasoning,line_grids_columns,instance_00004,Generated Expression Length,234
1812,referencegame,Qwen3.6-35B-A3B-FP8-without-reasoning,line_grids_columns,instance_00004,Generated Expression Number of Tokens,44
1813,referencegame,Qwen3.6-35B-A3B-FP8-without-reasoning,line_grids_columns,instance_00004,Aborted at Player 1,0
1814,referencegame,Qwen3.6-35B-A3B-FP8-without-reasoning,line_grids_columns,instance_00004,Aborted at Player 2,0
1815,referencegame,Qwen3.6-35B-A3B-FP8-without-reasoning,line_grids_columns,instance_00004,Request Count,2
1816,referencegame,Qwen3.6-35B-A3B-FP8-without-reasoning,line_grids_columns,instance_00004,Parsed Request Count,2
1817,referencegame,Qwen3.6-35B-A3B-FP8-without-reasoning,line_grids_columns,instance_00004,Violated Request Count,0
1818,referencegame,Qwen3.6-35B-A3B-FP8-without-reasoning,line_grids_columns,instance_00004,Aborted,0
1819,referencegame,Qwen3.6-35B-A3B-FP8-without-reasoning,line_grids_columns,instance_00004,Success,1
1820,referencegame,Qwen3.6-35B-A3B-FP8-without-reasoning,line_grids_columns,instance_00004,Lose,0
1821,referencegame,Qwen3.6-35B-A3B-FP8-without-reasoning,line_grids_columns,instance_00004,Main Score,100
1822,referencegame,Qwen3.6-35B-A3B-FP8-without-reasoning,line_grids_columns,instance_00004,Request Success Ratio,1.0
1823,referencegame,Qwen3.6-35B-A3B-FP8-without-reasoning,line_grids_columns,instance_00001,Generated Expression Length,87
1824,referencegame,Qwen3.6-35B-A3B-FP8-without-reasoning,line_grids_columns,instance_00001,Generated Expression Number of Tokens,18
1825,referencegame,Qwen3.6-35B-A3B-FP8-without-reasoning,line_grids_columns,instance_00001,Aborted at Player 1,0
1826,referencegame,Qwen3.6-35B-A3B-FP8-without-reasoning,line_grids_columns,instance_00001,Aborted at Player 2,0
1827,referencegame,Qwen3.6-35B-A3B-FP8-without-reasoning,line_grids_columns,instance_00001,Request Count,2
1828,referencegame,Qwen3.6-35B-A3B-FP8-without-reasoning,line_grids_columns,instance_00001,Parsed Request Count,2
1829,referencegame,Qwen3.6-35B-A3B-FP8-without-reasoning,line_grids_columns,instance_00001,Violated Request Count,0
1830,referencegame,Qwen3.6-35B-A3B-FP8-without-reasoning,line_grids_columns,instance_00001,Aborted,0
1831,referencegame,Qwen3.6-35B-A3B-FP8-without-reasoning,line_grids_columns,instance_00001,Success,1
1832,referencegame,Qwen3.6-35B-A3B-FP8-without-reasoning,line_grids_columns,instance_00001,Lose,0
1833,referencegame,Qwen3.6-35B-A3B-FP8-without-reasoning,line_grids_columns,instance_00001,Main Score,100
1834,referencegame,Qwen3.6-35B-A3B-FP8-without-reasoning,line_grids_columns,instance_00001,Request Success Ratio,1.0
1835,referencegame,Qwen3.6-35B-A3B-FP8-without-reasoning,line_grids_columns,instance_00000,Generated Expression Length,107
1836,referencegame,Qwen3.6-35B-A3B-FP8-without-reasoning,line_grids_columns,instance_00000,Generated Expression Number of Tokens,22
1837,referencegame,Qwen3.6-35B-A3B-FP8-without-reasoning,line_grids_columns,instance_00000,Aborted at Player 1,0
1838,referencegame,Qwen3.6-35B-A3B-FP8-without-reasoning,line_grids_columns,instance_00000,Aborted at Player 2,0
1839,referencegame,Qwen3.6-35B-A3B-FP8-without-reasoning,line_grids_columns,instance_00000,Request Count,2
1840,referencegame,Qwen3.6-35B-A3B-FP8-without-reasoning,line_grids_columns,instance_00000,Parsed Request Count,2
1841,referencegame,Qwen3.6-35B-A3B-FP8-without-reasoning,line_grids_columns,instance_00000,Violated Request Count,0
1842,referencegame,Qwen3.6-35B-A3B-FP8-without-reasoning,line_grids_columns,instance_00000,Aborted,0
1843,referencegame,Qwen3.6-35B-A3B-FP8-without-reasoning,line_grids_columns,instance_00000,Success,1
1844,referencegame,Qwen3.6-35B-A3B-FP8-without-reasoning,line_grids_columns,instance_00000,Lose,0
1845,referencegame,Qwen3.6-35B-A3B-FP8-without-reasoning,line_grids_columns,instance_00000,Main Score,100
1846,referencegame,Qwen3.6-35B-A3B-FP8-without-reasoning,line_grids_columns,instance_00000,Request Success Ratio,1.0
1847,referencegame,Qwen3.6-35B-A3B-FP8-without-reasoning,line_grids_rows,instance_00005,Generated Expression Length,155
1848,referencegame,Qwen3.6-35B-A3B-FP8-without-reasoning,line_grids_rows,instance_00005,Generated Expression Number of Tokens,33
1849,referencegame,Qwen3.6-35B-A3B-FP8-without-reasoning,line_grids_rows,instance_00005,Aborted at Player 1,0
1850,referencegame,Qwen3.6-35B-A3B-FP8-without-reasoning,line_grids_rows,instance_00005,Aborted at Player 2,0
1851,referencegame,Qwen3.6-35B-A3B-FP8-without-reasoning,line_grids_rows,instance_00005,Request Count,2
1852,referencegame,Qwen3.6-35B-A3B-FP8-without-reasoning,line_grids_rows,instance_00005,Parsed Request Count,2
1853,referencegame,Qwen3.6-35B-A3B-FP8-without-reasoning,line_grids_rows,instance_00005,Violated Request Count,0
1854,referencegame,Qwen3.6-35B-A3B-FP8-without-reasoning,line_grids_rows,instance_00005,Aborted,0
1855,referencegame,Qwen3.6-35B-A3B-FP8-without-reasoning,line_grids_rows,instance_00005,Success,1
1856,referencegame,Qwen3.6-35B-A3B-FP8-without-reasoning,line_grids_rows,instance_00005,Lose,0
1857,referencegame,Qwen3.6-35B-A3B-FP8-without-reasoning,line_grids_rows,instance_00005,Main Score,100
1858,referencegame,Qwen3.6-35B-A3B-FP8-without-reasoning,line_grids_rows,instance_00005,Request Success Ratio,1.0
1859,referencegame,Qwen3.6-35B-A3B-FP8-without-reasoning,line_grids_rows,instance_00002,Generated Expression Length,93
1860,referencegame,Qwen3.6-35B-A3B-FP8-without-reasoning,line_grids_rows,instance_00002,Generated Expression Number of Tokens,19
1861,referencegame,Qwen3.6-35B-A3B-FP8-without-reasoning,line_grids_rows,instance_00002,Aborted at Player 1,0
1862,referencegame,Qwen3.6-35B-A3B-FP8-without-reasoning,line_grids_rows,instance_00002,Aborted at Player 2,0
1863,referencegame,Qwen3.6-35B-A3B-FP8-without-reasoning,line_grids_rows,instance_00002,Request Count,2
1864,referencegame,Qwen3.6-35B-A3B-FP8-without-reasoning,line_grids_rows,instance_00002,Parsed Request Count,2
1865,referencegame,Qwen3.6-35B-A3B-FP8-without-reasoning,line_grids_rows,instance_00002,Violated Request Count,0
1866,referencegame,Qwen3.6-35B-A3B-FP8-without-reasoning,line_grids_rows,instance_00002,Aborted,0
1867,referencegame,Qwen3.6-35B-A3B-FP8-without-reasoning,line_grids_rows,instance_00002,Success,1
1868,referencegame,Qwen3.6-35B-A3B-FP8-without-reasoning,line_grids_rows,instance_00002,Lose,0
1869,referencegame,Qwen3.6-35B-A3B-FP8-without-reasoning,line_grids_rows,instance_00002,Main Score,100
1870,referencegame,Qwen3.6-35B-A3B-FP8-without-reasoning,line_grids_rows,instance_00002,Request Success Ratio,1.0
1871,referencegame,Qwen3.6-35B-A3B-FP8-without-reasoning,line_grids_rows,instance_00003,Generated Expression Length,99
1872,referencegame,Qwen3.6-35B-A3B-FP8-without-reasoning,line_grids_rows,instance_00003,Generated Expression Number of Tokens,21
1873,referencegame,Qwen3.6-35B-A3B-FP8-without-reasoning,line_grids_rows,instance_00003,Aborted at Player 1,0
1874,referencegame,Qwen3.6-35B-A3B-FP8-without-reasoning,line_grids_rows,instance_00003,Aborted at Player 2,0
1875,referencegame,Qwen3.6-35B-A3B-FP8-without-reasoning,line_grids_rows,instance_00003,Request Count,2
1876,referencegame,Qwen3.6-35B-A3B-FP8-without-reasoning,line_grids_rows,instance_00003,Parsed Request Count,2
1877,referencegame,Qwen3.6-35B-A3B-FP8-without-reasoning,line_grids_rows,instance_00003,Violated Request Count,0
1878,referencegame,Qwen3.6-35B-A3B-FP8-without-reasoning,line_grids_rows,instance_00003,Aborted,0
1879,referencegame,Qwen3.6-35B-A3B-FP8-without-reasoning,line_grids_rows,instance_00003,Success,1
1880,referencegame,Qwen3.6-35B-A3B-FP8-without-reasoning,line_grids_rows,instance_00003,Lose,0
1881,referencegame,Qwen3.6-35B-A3B-FP8-without-reasoning,line_grids_rows,instance_00003,Main Score,100
1882,referencegame,Qwen3.6-35B-A3B-FP8-without-reasoning,line_grids_rows,instance_00003,Request Success Ratio,1.0
1883,referencegame,Qwen3.6-35B-A3B-FP8-without-reasoning,line_grids_rows,instance_00004,Generated Expression Length,164
1884,referencegame,Qwen3.6-35B-A3B-FP8-without-reasoning,line_grids_rows,instance_00004,Generated Expression Number of Tokens,30
1885,referencegame,Qwen3.6-35B-A3B-FP8-without-reasoning,line_grids_rows,instance_00004,Aborted at Player 1,0
1886,referencegame,Qwen3.6-35B-A3B-FP8-without-reasoning,line_grids_rows,instance_00004,Aborted at Player 2,0
1887,referencegame,Qwen3.6-35B-A3B-FP8-without-reasoning,line_grids_rows,instance_00004,Request Count,2
1888,referencegame,Qwen3.6-35B-A3B-FP8-without-reasoning,line_grids_rows,instance_00004,Parsed Request Count,2
1889,referencegame,Qwen3.6-35B-A3B-FP8-without-reasoning,line_grids_rows,instance_00004,Violated Request Count,0
1890,referencegame,Qwen3.6-35B-A3B-FP8-without-reasoning,line_grids_rows,instance_00004,Aborted,0
1891,referencegame,Qwen3.6-35B-A3B-FP8-without-reasoning,line_grids_rows,instance_00004,Success,1
1892,referencegame,Qwen3.6-35B-A3B-FP8-without-reasoning,line_grids_rows,instance_00004,Lose,0
1893,referencegame,Qwen3.6-35B-A3B-FP8-without-reasoning,line_grids_rows,instance_00004,Main Score,100
1894,referencegame,Qwen3.6-35B-A3B-FP8-without-reasoning,line_grids_rows,instance_00004,Request Success Ratio,1.0
1895,referencegame,Qwen3.6-35B-A3B-FP8-without-reasoning,line_grids_rows,instance_00001,Generated Expression Length,107
1896,referencegame,Qwen3.6-35B-A3B-FP8-without-reasoning,line_grids_rows,instance_00001,Generated Expression Number of Tokens,22
1897,referencegame,Qwen3.6-35B-A3B-FP8-without-reasoning,line_grids_rows,instance_00001,Aborted at Player 1,0
1898,referencegame,Qwen3.6-35B-A3B-FP8-without-reasoning,line_grids_rows,instance_00001,Aborted at Player 2,0
1899,referencegame,Qwen3.6-35B-A3B-FP8-without-reasoning,line_grids_rows,instance_00001,Request Count,2
1900,referencegame,Qwen3.6-35B-A3B-FP8-without-reasoning,line_grids_rows,instance_00001,Parsed Request Count,2
1901,referencegame,Qwen3.6-35B-A3B-FP8-without-reasoning,line_grids_rows,instance_00001,Violated Request Count,0
1902,referencegame,Qwen3.6-35B-A3B-FP8-without-reasoning,line_grids_rows,instance_00001,Aborted,0
1903,referencegame,Qwen3.6-35B-A3B-FP8-without-reasoning,line_grids_rows,instance_00001,Success,1
1904,referencegame,Qwen3.6-35B-A3B-FP8-without-reasoning,line_grids_rows,instance_00001,Lose,0
1905,referencegame,Qwen3.6-35B-A3B-FP8-without-reasoning,line_grids_rows,instance_00001,Main Score,100
1906,referencegame,Qwen3.6-35B-A3B-FP8-without-reasoning,line_grids_rows,instance_00001,Request Success Ratio,1.0
1907,referencegame,Qwen3.6-35B-A3B-FP8-without-reasoning,line_grids_rows,instance_00000,Generated Expression Length,183
1908,referencegame,Qwen3.6-35B-A3B-FP8-without-reasoning,line_grids_rows,instance_00000,Generated Expression Number of Tokens,34
1909,referencegame,Qwen3.6-35B-A3B-FP8-without-reasoning,line_grids_rows,instance_00000,Aborted at Player 1,0
1910,referencegame,Qwen3.6-35B-A3B-FP8-without-reasoning,line_grids_rows,instance_00000,Aborted at Player 2,0
1911,referencegame,Qwen3.6-35B-A3B-FP8-without-reasoning,line_grids_rows,instance_00000,Request Count,2
1912,referencegame,Qwen3.6-35B-A3B-FP8-without-reasoning,line_grids_rows,instance_00000,Parsed Request Count,2
1913,referencegame,Qwen3.6-35B-A3B-FP8-without-reasoning,line_grids_rows,instance_00000,Violated Request Count,0
1914,referencegame,Qwen3.6-35B-A3B-FP8-without-reasoning,line_grids_rows,instance_00000,Aborted,0
1915,referencegame,Qwen3.6-35B-A3B-FP8-without-reasoning,line_grids_rows,instance_00000,Success,1
1916,referencegame,Qwen3.6-35B-A3B-FP8-without-reasoning,line_grids_rows,instance_00000,Lose,0
1917,referencegame,Qwen3.6-35B-A3B-FP8-without-reasoning,line_grids_rows,instance_00000,Main Score,100
1918,referencegame,Qwen3.6-35B-A3B-FP8-without-reasoning,line_grids_rows,instance_00000,Request Success Ratio,1.0
1919,referencegame,Qwen3.6-35B-A3B-FP8-without-reasoning,random_grids,instance_00005,Generated Expression Length,164
1920,referencegame,Qwen3.6-35B-A3B-FP8-without-reasoning,random_grids,instance_00005,Generated Expression Number of Tokens,27
1921,referencegame,Qwen3.6-35B-A3B-FP8-without-reasoning,random_grids,instance_00005,Aborted at Player 1,0
1922,referencegame,Qwen3.6-35B-A3B-FP8-without-reasoning,random_grids,instance_00005,Aborted at Player 2,0
1923,referencegame,Qwen3.6-35B-A3B-FP8-without-reasoning,random_grids,instance_00005,Request Count,2
1924,referencegame,Qwen3.6-35B-A3B-FP8-without-reasoning,random_grids,instance_00005,Parsed Request Count,2
1925,referencegame,Qwen3.6-35B-A3B-FP8-without-reasoning,random_grids,instance_00005,Violated Request Count,0
1926,referencegame,Qwen3.6-35B-A3B-FP8-without-reasoning,random_grids,instance_00005,Aborted,0
1927,referencegame,Qwen3.6-35B-A3B-FP8-without-reasoning,random_grids,instance_00005,Success,1
1928,referencegame,Qwen3.6-35B-A3B-FP8-without-reasoning,random_grids,instance_00005,Lose,0
1929,referencegame,Qwen3.6-35B-A3B-FP8-without-reasoning,random_grids,instance_00005,Main Score,100
1930,referencegame,Qwen3.6-35B-A3B-FP8-without-reasoning,random_grids,instance_00005,Request Success Ratio,1.0
1931,referencegame,Qwen3.6-35B-A3B-FP8-without-reasoning,random_grids,instance_00002,Generated Expression Length,131
1932,referencegame,Qwen3.6-35B-A3B-FP8-without-reasoning,random_grids,instance_00002,Generated Expression Number of Tokens,20
1933,referencegame,Qwen3.6-35B-A3B-FP8-without-reasoning,random_grids,instance_00002,Aborted at Player 1,0
1934,referencegame,Qwen3.6-35B-A3B-FP8-without-reasoning,random_grids,instance_00002,Aborted at Player 2,0
1935,referencegame,Qwen3.6-35B-A3B-FP8-without-reasoning,random_grids,instance_00002,Request Count,2
1936,referencegame,Qwen3.6-35B-A3B-FP8-without-reasoning,random_grids,instance_00002,Parsed Request Count,2
1937,referencegame,Qwen3.6-35B-A3B-FP8-without-reasoning,random_grids,instance_00002,Violated Request Count,0
1938,referencegame,Qwen3.6-35B-A3B-FP8-without-reasoning,random_grids,instance_00002,Aborted,0
1939,referencegame,Qwen3.6-35B-A3B-FP8-without-reasoning,random_grids,instance_00002,Success,1
1940,referencegame,Qwen3.6-35B-A3B-FP8-without-reasoning,random_grids,instance_00002,Lose,0
1941,referencegame,Qwen3.6-35B-A3B-FP8-without-reasoning,random_grids,instance_00002,Main Score,100
1942,referencegame,Qwen3.6-35B-A3B-FP8-without-reasoning,random_grids,instance_00002,Request Success Ratio,1.0
1943,referencegame,Qwen3.6-35B-A3B-FP8-without-reasoning,random_grids,instance_00003,Generated Expression Length,140
1944,referencegame,Qwen3.6-35B-A3B-FP8-without-reasoning,random_grids,instance_00003,Generated Expression Number of Tokens,21
1945,referencegame,Qwen3.6-35B-A3B-FP8-without-reasoning,random_grids,instance_00003,Aborted at Player 1,0
1946,referencegame,Qwen3.6-35B-A3B-FP8-without-reasoning,random_grids,instance_00003,Aborted at Player 2,0
1947,referencegame,Qwen3.6-35B-A3B-FP8-without-reasoning,random_grids,instance_00003,Request Count,2
1948,referencegame,Qwen3.6-35B-A3B-FP8-without-reasoning,random_grids,instance_00003,Parsed Request Count,2
1949,referencegame,Qwen3.6-35B-A3B-FP8-without-reasoning,random_grids,instance_00003,Violated Request Count,0
1950,referencegame,Qwen3.6-35B-A3B-FP8-without-reasoning,random_grids,instance_00003,Aborted,0
1951,referencegame,Qwen3.6-35B-A3B-FP8-without-reasoning,random_grids,instance_00003,Success,1
1952,referencegame,Qwen3.6-35B-A3B-FP8-without-reasoning,random_grids,instance_00003,Lose,0
1953,referencegame,Qwen3.6-35B-A3B-FP8-without-reasoning,random_grids,instance_00003,Main Score,100
1954,referencegame,Qwen3.6-35B-A3B-FP8-without-reasoning,random_grids,instance_00003,Request Success Ratio,1.0
1955,referencegame,Qwen3.6-35B-A3B-FP8-without-reasoning,random_grids,instance_00004,Generated Expression Length,277
1956,referencegame,Qwen3.6-35B-A3B-FP8-without-reasoning,random_grids,instance_00004,Generated Expression Number of Tokens,45
1957,referencegame,Qwen3.6-35B-A3B-FP8-without-reasoning,random_grids,instance_00004,Aborted at Player 1,0
1958,referencegame,Qwen3.6-35B-A3B-FP8-without-reasoning,random_grids,instance_00004,Aborted at Player 2,0
1959,referencegame,Qwen3.6-35B-A3B-FP8-without-reasoning,random_grids,instance_00004,Request Count,2
1960,referencegame,Qwen3.6-35B-A3B-FP8-without-reasoning,random_grids,instance_00004,Parsed Request Count,2
1961,referencegame,Qwen3.6-35B-A3B-FP8-without-reasoning,random_grids,instance_00004,Violated Request Count,0
1962,referencegame,Qwen3.6-35B-A3B-FP8-without-reasoning,random_grids,instance_00004,Aborted,0
1963,referencegame,Qwen3.6-35B-A3B-FP8-without-reasoning,random_grids,instance_00004,Success,0
1964,referencegame,Qwen3.6-35B-A3B-FP8-without-reasoning,random_grids,instance_00004,Lose,1
1965,referencegame,Qwen3.6-35B-A3B-FP8-without-reasoning,random_grids,instance_00004,Main Score,0
1966,referencegame,Qwen3.6-35B-A3B-FP8-without-reasoning,random_grids,instance_00004,Request Success Ratio,1.0
1967,referencegame,Qwen3.6-35B-A3B-FP8-without-reasoning,random_grids,instance_00001,Generated Expression Length,619
1968,referencegame,Qwen3.6-35B-A3B-FP8-without-reasoning,random_grids,instance_00001,Generated Expression Number of Tokens,102
1969,referencegame,Qwen3.6-35B-A3B-FP8-without-reasoning,random_grids,instance_00001,Aborted at Player 1,0
1970,referencegame,Qwen3.6-35B-A3B-FP8-without-reasoning,random_grids,instance_00001,Aborted at Player 2,0
1971,referencegame,Qwen3.6-35B-A3B-FP8-without-reasoning,random_grids,instance_00001,Request Count,2
1972,referencegame,Qwen3.6-35B-A3B-FP8-without-reasoning,random_grids,instance_00001,Parsed Request Count,2
1973,referencegame,Qwen3.6-35B-A3B-FP8-without-reasoning,random_grids,instance_00001,Violated Request Count,0
1974,referencegame,Qwen3.6-35B-A3B-FP8-without-reasoning,random_grids,instance_00001,Aborted,0
1975,referencegame,Qwen3.6-35B-A3B-FP8-without-reasoning,random_grids,instance_00001,Success,1
1976,referencegame,Qwen3.6-35B-A3B-FP8-without-reasoning,random_grids,instance_00001,Lose,0
1977,referencegame,Qwen3.6-35B-A3B-FP8-without-reasoning,random_grids,instance_00001,Main Score,100
1978,referencegame,Qwen3.6-35B-A3B-FP8-without-reasoning,random_grids,instance_00001,Request Success Ratio,1.0
1979,referencegame,Qwen3.6-35B-A3B-FP8-without-reasoning,random_grids,instance_00000,Generated Expression Length,244
1980,referencegame,Qwen3.6-35B-A3B-FP8-without-reasoning,random_grids,instance_00000,Generated Expression Number of Tokens,38
1981,referencegame,Qwen3.6-35B-A3B-FP8-without-reasoning,random_grids,instance_00000,Aborted at Player 1,0
1982,referencegame,Qwen3.6-35B-A3B-FP8-without-reasoning,random_grids,instance_00000,Aborted at Player 2,0
1983,referencegame,Qwen3.6-35B-A3B-FP8-without-reasoning,random_grids,instance_00000,Request Count,2
1984,referencegame,Qwen3.6-35B-A3B-FP8-without-reasoning,random_grids,instance_00000,Parsed Request Count,2
1985,referencegame,Qwen3.6-35B-A3B-FP8-without-reasoning,random_grids,instance_00000,Violated Request Count,0
1986,referencegame,Qwen3.6-35B-A3B-FP8-without-reasoning,random_grids,instance_00000,Aborted,0
1987,referencegame,Qwen3.6-35B-A3B-FP8-without-reasoning,random_grids,instance_00000,Success,1
1988,referencegame,Qwen3.6-35B-A3B-FP8-without-reasoning,random_grids,instance_00000,Lose,0
1989,referencegame,Qwen3.6-35B-A3B-FP8-without-reasoning,random_grids,instance_00000,Main Score,100
1990,referencegame,Qwen3.6-35B-A3B-FP8-without-reasoning,random_grids,instance_00000,Request Success Ratio,1.0
1991,referencegame,Qwen3.6-35B-A3B-FP8-without-reasoning,letter_grids,instance_00005,Generated Expression Length,166
1992,referencegame,Qwen3.6-35B-A3B-FP8-without-reasoning,letter_grids,instance_00005,Generated Expression Number of Tokens,29
1993,referencegame,Qwen3.6-35B-A3B-FP8-without-reasoning,letter_grids,instance_00005,Aborted at Player 1,0
1994,referencegame,Qwen3.6-35B-A3B-FP8-without-reasoning,letter_grids,instance_00005,Aborted at Player 2,0
1995,referencegame,Qwen3.6-35B-A3B-FP8-without-reasoning,letter_grids,instance_00005,Request Count,2
1996,referencegame,Qwen3.6-35B-A3B-FP8-without-reasoning,letter_grids,instance_00005,Parsed Request Count,2
1997,referencegame,Qwen3.6-35B-A3B-FP8-without-reasoning,letter_grids,instance_00005,Violated Request Count,0
1998,referencegame,Qwen3.6-35B-A3B-FP8-without-reasoning,letter_grids,instance_00005,Aborted,0
1999,referencegame,Qwen3.6-35B-A3B-FP8-without-reasoning,letter_grids,instance_00005,Success,0
2000,referencegame,Qwen3.6-35B-A3B-FP8-without-reasoning,letter_grids,instance_00005,Lose,1
2001,referencegame,Qwen3.6-35B-A3B-FP8-without-reasoning,letter_grids,instance_00005,Main Score,0
2002,referencegame,Qwen3.6-35B-A3B-FP8-without-reasoning,letter_grids,instance_00005,Request Success Ratio,1.0
2003,referencegame,Qwen3.6-35B-A3B-FP8-without-reasoning,letter_grids,instance_00002,Generated Expression Length,146
2004,referencegame,Qwen3.6-35B-A3B-FP8-without-reasoning,letter_grids,instance_00002,Generated Expression Number of Tokens,30
2005,referencegame,Qwen3.6-35B-A3B-FP8-without-reasoning,letter_grids,instance_00002,Aborted at Player 1,0
2006,referencegame,Qwen3.6-35B-A3B-FP8-without-reasoning,letter_grids,instance_00002,Aborted at Player 2,0
2007,referencegame,Qwen3.6-35B-A3B-FP8-without-reasoning,letter_grids,instance_00002,Request Count,2
2008,referencegame,Qwen3.6-35B-A3B-FP8-without-reasoning,letter_grids,instance_00002,Parsed Request Count,2
2009,referencegame,Qwen3.6-35B-A3B-FP8-without-reasoning,letter_grids,instance_00002,Violated Request Count,0
2010,referencegame,Qwen3.6-35B-A3B-FP8-without-reasoning,letter_grids,instance_00002,Aborted,0
2011,referencegame,Qwen3.6-35B-A3B-FP8-without-reasoning,letter_grids,instance_00002,Success,1
2012,referencegame,Qwen3.6-35B-A3B-FP8-without-reasoning,letter_grids,instance_00002,Lose,0
2013,referencegame,Qwen3.6-35B-A3B-FP8-without-reasoning,letter_grids,instance_00002,Main Score,100
2014,referencegame,Qwen3.6-35B-A3B-FP8-without-reasoning,letter_grids,instance_00002,Request Success Ratio,1.0
2015,referencegame,Qwen3.6-35B-A3B-FP8-without-reasoning,letter_grids,instance_00003,Generated Expression Length,224
2016,referencegame,Qwen3.6-35B-A3B-FP8-without-reasoning,letter_grids,instance_00003,Generated Expression Number of Tokens,41
2017,referencegame,Qwen3.6-35B-A3B-FP8-without-reasoning,letter_grids,instance_00003,Aborted at Player 1,0
2018,referencegame,Qwen3.6-35B-A3B-FP8-without-reasoning,letter_grids,instance_00003,Aborted at Player 2,0
2019,referencegame,Qwen3.6-35B-A3B-FP8-without-reasoning,letter_grids,instance_00003,Request Count,2
2020,referencegame,Qwen3.6-35B-A3B-FP8-without-reasoning,letter_grids,instance_00003,Parsed Request Count,2
2021,referencegame,Qwen3.6-35B-A3B-FP8-without-reasoning,letter_grids,instance_00003,Violated Request Count,0
2022,referencegame,Qwen3.6-35B-A3B-FP8-without-reasoning,letter_grids,instance_00003,Aborted,0
2023,referencegame,Qwen3.6-35B-A3B-FP8-without-reasoning,letter_grids,instance_00003,Success,1
2024,referencegame,Qwen3.6-35B-A3B-FP8-without-reasoning,letter_grids,instance_00003,Lose,0
2025,referencegame,Qwen3.6-35B-A3B-FP8-without-reasoning,letter_grids,instance_00003,Main Score,100
2026,referencegame,Qwen3.6-35B-A3B-FP8-without-reasoning,letter_grids,instance_00003,Request Success Ratio,1.0
2027,referencegame,Qwen3.6-35B-A3B-FP8-without-reasoning,letter_grids,instance_00004,Generated Expression Length,202
2028,referencegame,Qwen3.6-35B-A3B-FP8-without-reasoning,letter_grids,instance_00004,Generated Expression Number of Tokens,32
2029,referencegame,Qwen3.6-35B-A3B-FP8-without-reasoning,letter_grids,instance_00004,Aborted at Player 1,0
2030,referencegame,Qwen3.6-35B-A3B-FP8-without-reasoning,letter_grids,instance_00004,Aborted at Player 2,0
2031,referencegame,Qwen3.6-35B-A3B-FP8-without-reasoning,letter_grids,instance_00004,Request Count,2
2032,referencegame,Qwen3.6-35B-A3B-FP8-without-reasoning,letter_grids,instance_00004,Parsed Request Count,2
2033,referencegame,Qwen3.6-35B-A3B-FP8-without-reasoning,letter_grids,instance_00004,Violated Request Count,0
2034,referencegame,Qwen3.6-35B-A3B-FP8-without-reasoning,letter_grids,instance_00004,Aborted,0
2035,referencegame,Qwen3.6-35B-A3B-FP8-without-reasoning,letter_grids,instance_00004,Success,1
2036,referencegame,Qwen3.6-35B-A3B-FP8-without-reasoning,letter_grids,instance_00004,Lose,0
2037,referencegame,Qwen3.6-35B-A3B-FP8-without-reasoning,letter_grids,instance_00004,Main Score,100
2038,referencegame,Qwen3.6-35B-A3B-FP8-without-reasoning,letter_grids,instance_00004,Request Success Ratio,1.0
2039,referencegame,Qwen3.6-35B-A3B-FP8-without-reasoning,letter_grids,instance_00001,Generated Expression Length,480
2040,referencegame,Qwen3.6-35B-A3B-FP8-without-reasoning,letter_grids,instance_00001,Generated Expression Number of Tokens,84
2041,referencegame,Qwen3.6-35B-A3B-FP8-without-reasoning,letter_grids,instance_00001,Aborted at Player 1,0
2042,referencegame,Qwen3.6-35B-A3B-FP8-without-reasoning,letter_grids,instance_00001,Aborted at Player 2,0
2043,referencegame,Qwen3.6-35B-A3B-FP8-without-reasoning,letter_grids,instance_00001,Request Count,2
2044,referencegame,Qwen3.6-35B-A3B-FP8-without-reasoning,letter_grids,instance_00001,Parsed Request Count,2
2045,referencegame,Qwen3.6-35B-A3B-FP8-without-reasoning,letter_grids,instance_00001,Violated Request Count,0
2046,referencegame,Qwen3.6-35B-A3B-FP8-without-reasoning,letter_grids,instance_00001,Aborted,0
2047,referencegame,Qwen3.6-35B-A3B-FP8-without-reasoning,letter_grids,instance_00001,Success,1
2048,referencegame,Qwen3.6-35B-A3B-FP8-without-reasoning,letter_grids,instance_00001,Lose,0
2049,referencegame,Qwen3.6-35B-A3B-FP8-without-reasoning,letter_grids,instance_00001,Main Score,100
2050,referencegame,Qwen3.6-35B-A3B-FP8-without-reasoning,letter_grids,instance_00001,Request Success Ratio,1.0
2051,referencegame,Qwen3.6-35B-A3B-FP8-without-reasoning,letter_grids,instance_00000,Generated Expression Length,482
2052,referencegame,Qwen3.6-35B-A3B-FP8-without-reasoning,letter_grids,instance_00000,Generated Expression Number of Tokens,81
2053,referencegame,Qwen3.6-35B-A3B-FP8-without-reasoning,letter_grids,instance_00000,Aborted at Player 1,0
2054,referencegame,Qwen3.6-35B-A3B-FP8-without-reasoning,letter_grids,instance_00000,Aborted at Player 2,0
2055,referencegame,Qwen3.6-35B-A3B-FP8-without-reasoning,letter_grids,instance_00000,Request Count,2
2056,referencegame,Qwen3.6-35B-A3B-FP8-without-reasoning,letter_grids,instance_00000,Parsed Request Count,2
2057,referencegame,Qwen3.6-35B-A3B-FP8-without-reasoning,letter_grids,instance_00000,Violated Request Count,0
2058,referencegame,Qwen3.6-35B-A3B-FP8-without-reasoning,letter_grids,instance_00000,Aborted,0
2059,referencegame,Qwen3.6-35B-A3B-FP8-without-reasoning,letter_grids,instance_00000,Success,1
2060,referencegame,Qwen3.6-35B-A3B-FP8-without-reasoning,letter_grids,instance_00000,Lose,0
2061,referencegame,Qwen3.6-35B-A3B-FP8-without-reasoning,letter_grids,instance_00000,Main Score,100
2062,referencegame,Qwen3.6-35B-A3B-FP8-without-reasoning,letter_grids,instance_00000,Request Success Ratio,1.0
2063,wordle,Qwen3.6-35B-A3B-FP8-without-reasoning,high_frequency_words_no_clue_no_critic,instance_00005,Aborted,1
2064,wordle,Qwen3.6-35B-A3B-FP8-without-reasoning,high_frequency_words_no_clue_no_critic,instance_00005,Lose,0
2065,wordle,Qwen3.6-35B-A3B-FP8-without-reasoning,high_frequency_words_no_clue_no_critic,instance_00005,Success,0
2066,wordle,Qwen3.6-35B-A3B-FP8-without-reasoning,high_frequency_words_no_clue_no_critic,instance_00005,Request Count,14
2067,wordle,Qwen3.6-35B-A3B-FP8-without-reasoning,high_frequency_words_no_clue_no_critic,instance_00005,Parsed Request Count,13
2068,wordle,Qwen3.6-35B-A3B-FP8-without-reasoning,high_frequency_words_no_clue_no_critic,instance_00005,Violated Request Count,1
2069,wordle,Qwen3.6-35B-A3B-FP8-without-reasoning,high_frequency_words_no_clue_no_critic,instance_00005,Request Success Ratio,0.9285714285714286
2070,wordle,Qwen3.6-35B-A3B-FP8-without-reasoning,high_frequency_words_no_clue_no_critic,instance_00005,Main Score,
2071,wordle,Qwen3.6-35B-A3B-FP8-without-reasoning,high_frequency_words_no_clue_no_critic,instance_00005,Guess Repetitions,
2072,wordle,Qwen3.6-35B-A3B-FP8-without-reasoning,high_frequency_words_no_clue_no_critic,instance_00002,Aborted,1
2073,wordle,Qwen3.6-35B-A3B-FP8-without-reasoning,high_frequency_words_no_clue_no_critic,instance_00002,Lose,0
2074,wordle,Qwen3.6-35B-A3B-FP8-without-reasoning,high_frequency_words_no_clue_no_critic,instance_00002,Success,0
2075,wordle,Qwen3.6-35B-A3B-FP8-without-reasoning,high_frequency_words_no_clue_no_critic,instance_00002,Request Count,7
2076,wordle,Qwen3.6-35B-A3B-FP8-without-reasoning,high_frequency_words_no_clue_no_critic,instance_00002,Parsed Request Count,7
2077,wordle,Qwen3.6-35B-A3B-FP8-without-reasoning,high_frequency_words_no_clue_no_critic,instance_00002,Violated Request Count,0
2078,wordle,Qwen3.6-35B-A3B-FP8-without-reasoning,high_frequency_words_no_clue_no_critic,instance_00002,Request Success Ratio,1.0
2079,wordle,Qwen3.6-35B-A3B-FP8-without-reasoning,high_frequency_words_no_clue_no_critic,instance_00002,Main Score,
2080,wordle,Qwen3.6-35B-A3B-FP8-without-reasoning,high_frequency_words_no_clue_no_critic,instance_00002,Guess Repetitions,
2081,wordle,Qwen3.6-35B-A3B-FP8-without-reasoning,high_frequency_words_no_clue_no_critic,instance_00003,Aborted,1
2082,wordle,Qwen3.6-35B-A3B-FP8-without-reasoning,high_frequency_words_no_clue_no_critic,instance_00003,Lose,0
2083,wordle,Qwen3.6-35B-A3B-FP8-without-reasoning,high_frequency_words_no_clue_no_critic,instance_00003,Success,0
2084,wordle,Qwen3.6-35B-A3B-FP8-without-reasoning,high_frequency_words_no_clue_no_critic,instance_00003,Request Count,2
2085,wordle,Qwen3.6-35B-A3B-FP8-without-reasoning,high_frequency_words_no_clue_no_critic,instance_00003,Parsed Request Count,1
2086,wordle,Qwen3.6-35B-A3B-FP8-without-reasoning,high_frequency_words_no_clue_no_critic,instance_00003,Violated Request Count,1
2087,wordle,Qwen3.6-35B-A3B-FP8-without-reasoning,high_frequency_words_no_clue_no_critic,instance_00003,Request Success Ratio,0.5
2088,wordle,Qwen3.6-35B-A3B-FP8-without-reasoning,high_frequency_words_no_clue_no_critic,instance_00003,Main Score,
2089,wordle,Qwen3.6-35B-A3B-FP8-without-reasoning,high_frequency_words_no_clue_no_critic,instance_00003,Guess Repetitions,
2090,wordle,Qwen3.6-35B-A3B-FP8-without-reasoning,high_frequency_words_no_clue_no_critic,instance_00004,Aborted,1
2091,wordle,Qwen3.6-35B-A3B-FP8-without-reasoning,high_frequency_words_no_clue_no_critic,instance_00004,Lose,0
2092,wordle,Qwen3.6-35B-A3B-FP8-without-reasoning,high_frequency_words_no_clue_no_critic,instance_00004,Success,0
2093,wordle,Qwen3.6-35B-A3B-FP8-without-reasoning,high_frequency_words_no_clue_no_critic,instance_00004,Request Count,2
2094,wordle,Qwen3.6-35B-A3B-FP8-without-reasoning,high_frequency_words_no_clue_no_critic,instance_00004,Parsed Request Count,1
2095,wordle,Qwen3.6-35B-A3B-FP8-without-reasoning,high_frequency_words_no_clue_no_critic,instance_00004,Violated Request Count,1
2096,wordle,Qwen3.6-35B-A3B-FP8-without-reasoning,high_frequency_words_no_clue_no_critic,instance_00004,Request Success Ratio,0.5
2097,wordle,Qwen3.6-35B-A3B-FP8-without-reasoning,high_frequency_words_no_clue_no_critic,instance_00004,Main Score,
2098,wordle,Qwen3.6-35B-A3B-FP8-without-reasoning,high_frequency_words_no_clue_no_critic,instance_00004,Guess Repetitions,
2099,wordle,Qwen3.6-35B-A3B-FP8-without-reasoning,high_frequency_words_no_clue_no_critic,instance_00010,Aborted,1
2100,wordle,Qwen3.6-35B-A3B-FP8-without-reasoning,high_frequency_words_no_clue_no_critic,instance_00010,Lose,0
2101,wordle,Qwen3.6-35B-A3B-FP8-without-reasoning,high_frequency_words_no_clue_no_critic,instance_00010,Success,0
2102,wordle,Qwen3.6-35B-A3B-FP8-without-reasoning,high_frequency_words_no_clue_no_critic,instance_00010,Request Count,4
2103,wordle,Qwen3.6-35B-A3B-FP8-without-reasoning,high_frequency_words_no_clue_no_critic,instance_00010,Parsed Request Count,3
2104,wordle,Qwen3.6-35B-A3B-FP8-without-reasoning,high_frequency_words_no_clue_no_critic,instance_00010,Violated Request Count,1
2105,wordle,Qwen3.6-35B-A3B-FP8-without-reasoning,high_frequency_words_no_clue_no_critic,instance_00010,Request Success Ratio,0.75
2106,wordle,Qwen3.6-35B-A3B-FP8-without-reasoning,high_frequency_words_no_clue_no_critic,instance_00010,Main Score,
2107,wordle,Qwen3.6-35B-A3B-FP8-without-reasoning,high_frequency_words_no_clue_no_critic,instance_00010,Guess Repetitions,
2108,wordle,Qwen3.6-35B-A3B-FP8-without-reasoning,high_frequency_words_no_clue_no_critic,instance_00008,Aborted,1
2109,wordle,Qwen3.6-35B-A3B-FP8-without-reasoning,high_frequency_words_no_clue_no_critic,instance_00008,Lose,0
2110,wordle,Qwen3.6-35B-A3B-FP8-without-reasoning,high_frequency_words_no_clue_no_critic,instance_00008,Success,0
2111,wordle,Qwen3.6-35B-A3B-FP8-without-reasoning,high_frequency_words_no_clue_no_critic,instance_00008,Request Count,5
2112,wordle,Qwen3.6-35B-A3B-FP8-without-reasoning,high_frequency_words_no_clue_no_critic,instance_00008,Parsed Request Count,4
2113,wordle,Qwen3.6-35B-A3B-FP8-without-reasoning,high_frequency_words_no_clue_no_critic,instance_00008,Violated Request Count,1
2114,wordle,Qwen3.6-35B-A3B-FP8-without-reasoning,high_frequency_words_no_clue_no_critic,instance_00008,Request Success Ratio,0.8
2115,wordle,Qwen3.6-35B-A3B-FP8-without-reasoning,high_frequency_words_no_clue_no_critic,instance_00008,Main Score,
2116,wordle,Qwen3.6-35B-A3B-FP8-without-reasoning,high_frequency_words_no_clue_no_critic,instance_00008,Guess Repetitions,
2117,wordle,Qwen3.6-35B-A3B-FP8-without-reasoning,high_frequency_words_no_clue_no_critic,instance_00001,Aborted,1
2118,wordle,Qwen3.6-35B-A3B-FP8-without-reasoning,high_frequency_words_no_clue_no_critic,instance_00001,Lose,0
2119,wordle,Qwen3.6-35B-A3B-FP8-without-reasoning,high_frequency_words_no_clue_no_critic,instance_00001,Success,0
2120,wordle,Qwen3.6-35B-A3B-FP8-without-reasoning,high_frequency_words_no_clue_no_critic,instance_00001,Request Count,2
2121,wordle,Qwen3.6-35B-A3B-FP8-without-reasoning,high_frequency_words_no_clue_no_critic,instance_00001,Parsed Request Count,1
2122,wordle,Qwen3.6-35B-A3B-FP8-without-reasoning,high_frequency_words_no_clue_no_critic,instance_00001,Violated Request Count,1
2123,wordle,Qwen3.6-35B-A3B-FP8-without-reasoning,high_frequency_words_no_clue_no_critic,instance_00001,Request Success Ratio,0.5
2124,wordle,Qwen3.6-35B-A3B-FP8-without-reasoning,high_frequency_words_no_clue_no_critic,instance_00001,Main Score,
2125,wordle,Qwen3.6-35B-A3B-FP8-without-reasoning,high_frequency_words_no_clue_no_critic,instance_00001,Guess Repetitions,
2126,wordle,Qwen3.6-35B-A3B-FP8-without-reasoning,high_frequency_words_no_clue_no_critic,instance_00006,Aborted,1
2127,wordle,Qwen3.6-35B-A3B-FP8-without-reasoning,high_frequency_words_no_clue_no_critic,instance_00006,Lose,0
2128,wordle,Qwen3.6-35B-A3B-FP8-without-reasoning,high_frequency_words_no_clue_no_critic,instance_00006,Success,0
2129,wordle,Qwen3.6-35B-A3B-FP8-without-reasoning,high_frequency_words_no_clue_no_critic,instance_00006,Request Count,9
2130,wordle,Qwen3.6-35B-A3B-FP8-without-reasoning,high_frequency_words_no_clue_no_critic,instance_00006,Parsed Request Count,9
2131,wordle,Qwen3.6-35B-A3B-FP8-without-reasoning,high_frequency_words_no_clue_no_critic,instance_00006,Violated Request Count,0
2132,wordle,Qwen3.6-35B-A3B-FP8-without-reasoning,high_frequency_words_no_clue_no_critic,instance_00006,Request Success Ratio,1.0
2133,wordle,Qwen3.6-35B-A3B-FP8-without-reasoning,high_frequency_words_no_clue_no_critic,instance_00006,Main Score,
2134,wordle,Qwen3.6-35B-A3B-FP8-without-reasoning,high_frequency_words_no_clue_no_critic,instance_00006,Guess Repetitions,
2135,wordle,Qwen3.6-35B-A3B-FP8-without-reasoning,high_frequency_words_no_clue_no_critic,instance_00007,Aborted,1
2136,wordle,Qwen3.6-35B-A3B-FP8-without-reasoning,high_frequency_words_no_clue_no_critic,instance_00007,Lose,0
2137,wordle,Qwen3.6-35B-A3B-FP8-without-reasoning,high_frequency_words_no_clue_no_critic,instance_00007,Success,0
2138,wordle,Qwen3.6-35B-A3B-FP8-without-reasoning,high_frequency_words_no_clue_no_critic,instance_00007,Request Count,7
2139,wordle,Qwen3.6-35B-A3B-FP8-without-reasoning,high_frequency_words_no_clue_no_critic,instance_00007,Parsed Request Count,6
2140,wordle,Qwen3.6-35B-A3B-FP8-without-reasoning,high_frequency_words_no_clue_no_critic,instance_00007,Violated Request Count,1
2141,wordle,Qwen3.6-35B-A3B-FP8-without-reasoning,high_frequency_words_no_clue_no_critic,instance_00007,Request Success Ratio,0.8571428571428571
2142,wordle,Qwen3.6-35B-A3B-FP8-without-reasoning,high_frequency_words_no_clue_no_critic,instance_00007,Main Score,
2143,wordle,Qwen3.6-35B-A3B-FP8-without-reasoning,high_frequency_words_no_clue_no_critic,instance_00007,Guess Repetitions,
2144,wordle,Qwen3.6-35B-A3B-FP8-without-reasoning,high_frequency_words_no_clue_no_critic,instance_00009,Aborted,1
2145,wordle,Qwen3.6-35B-A3B-FP8-without-reasoning,high_frequency_words_no_clue_no_critic,instance_00009,Lose,0
2146,wordle,Qwen3.6-35B-A3B-FP8-without-reasoning,high_frequency_words_no_clue_no_critic,instance_00009,Success,0
2147,wordle,Qwen3.6-35B-A3B-FP8-without-reasoning,high_frequency_words_no_clue_no_critic,instance_00009,Request Count,8
2148,wordle,Qwen3.6-35B-A3B-FP8-without-reasoning,high_frequency_words_no_clue_no_critic,instance_00009,Parsed Request Count,7
2149,wordle,Qwen3.6-35B-A3B-FP8-without-reasoning,high_frequency_words_no_clue_no_critic,instance_00009,Violated Request Count,1
2150,wordle,Qwen3.6-35B-A3B-FP8-without-reasoning,high_frequency_words_no_clue_no_critic,instance_00009,Request Success Ratio,0.875
2151,wordle,Qwen3.6-35B-A3B-FP8-without-reasoning,high_frequency_words_no_clue_no_critic,instance_00009,Main Score,
2152,wordle,Qwen3.6-35B-A3B-FP8-without-reasoning,high_frequency_words_no_clue_no_critic,instance_00009,Guess Repetitions,
2153,wordle,Qwen3.6-35B-A3B-FP8-without-reasoning,medium_frequency_words_no_clue_no_critic,instance_00005,Aborted,1
2154,wordle,Qwen3.6-35B-A3B-FP8-without-reasoning,medium_frequency_words_no_clue_no_critic,instance_00005,Lose,0
2155,wordle,Qwen3.6-35B-A3B-FP8-without-reasoning,medium_frequency_words_no_clue_no_critic,instance_00005,Success,0
2156,wordle,Qwen3.6-35B-A3B-FP8-without-reasoning,medium_frequency_words_no_clue_no_critic,instance_00005,Request Count,4
2157,wordle,Qwen3.6-35B-A3B-FP8-without-reasoning,medium_frequency_words_no_clue_no_critic,instance_00005,Parsed Request Count,3
2158,wordle,Qwen3.6-35B-A3B-FP8-without-reasoning,medium_frequency_words_no_clue_no_critic,instance_00005,Violated Request Count,1
2159,wordle,Qwen3.6-35B-A3B-FP8-without-reasoning,medium_frequency_words_no_clue_no_critic,instance_00005,Request Success Ratio,0.75
2160,wordle,Qwen3.6-35B-A3B-FP8-without-reasoning,medium_frequency_words_no_clue_no_critic,instance_00005,Main Score,
2161,wordle,Qwen3.6-35B-A3B-FP8-without-reasoning,medium_frequency_words_no_clue_no_critic,instance_00005,Guess Repetitions,
2162,wordle,Qwen3.6-35B-A3B-FP8-without-reasoning,medium_frequency_words_no_clue_no_critic,instance_00002,Aborted,1
2163,wordle,Qwen3.6-35B-A3B-FP8-without-reasoning,medium_frequency_words_no_clue_no_critic,instance_00002,Lose,0
2164,wordle,Qwen3.6-35B-A3B-FP8-without-reasoning,medium_frequency_words_no_clue_no_critic,instance_00002,Success,0
2165,wordle,Qwen3.6-35B-A3B-FP8-without-reasoning,medium_frequency_words_no_clue_no_critic,instance_00002,Request Count,11
2166,wordle,Qwen3.6-35B-A3B-FP8-without-reasoning,medium_frequency_words_no_clue_no_critic,instance_00002,Parsed Request Count,11
2167,wordle,Qwen3.6-35B-A3B-FP8-without-reasoning,medium_frequency_words_no_clue_no_critic,instance_00002,Violated Request Count,0
2168,wordle,Qwen3.6-35B-A3B-FP8-without-reasoning,medium_frequency_words_no_clue_no_critic,instance_00002,Request Success Ratio,1.0
2169,wordle,Qwen3.6-35B-A3B-FP8-without-reasoning,medium_frequency_words_no_clue_no_critic,instance_00002,Main Score,
2170,wordle,Qwen3.6-35B-A3B-FP8-without-reasoning,medium_frequency_words_no_clue_no_critic,instance_00002,Guess Repetitions,
2171,wordle,Qwen3.6-35B-A3B-FP8-without-reasoning,medium_frequency_words_no_clue_no_critic,instance_00003,Aborted,1
2172,wordle,Qwen3.6-35B-A3B-FP8-without-reasoning,medium_frequency_words_no_clue_no_critic,instance_00003,Lose,0
2173,wordle,Qwen3.6-35B-A3B-FP8-without-reasoning,medium_frequency_words_no_clue_no_critic,instance_00003,Success,0
2174,wordle,Qwen3.6-35B-A3B-FP8-without-reasoning,medium_frequency_words_no_clue_no_critic,instance_00003,Request Count,2
2175,wordle,Qwen3.6-35B-A3B-FP8-without-reasoning,medium_frequency_words_no_clue_no_critic,instance_00003,Parsed Request Count,1
2176,wordle,Qwen3.6-35B-A3B-FP8-without-reasoning,medium_frequency_words_no_clue_no_critic,instance_00003,Violated Request Count,1
2177,wordle,Qwen3.6-35B-A3B-FP8-without-reasoning,medium_frequency_words_no_clue_no_critic,instance_00003,Request Success Ratio,0.5
2178,wordle,Qwen3.6-35B-A3B-FP8-without-reasoning,medium_frequency_words_no_clue_no_critic,instance_00003,Main Score,
2179,wordle,Qwen3.6-35B-A3B-FP8-without-reasoning,medium_frequency_words_no_clue_no_critic,instance_00003,Guess Repetitions,
2180,wordle,Qwen3.6-35B-A3B-FP8-without-reasoning,medium_frequency_words_no_clue_no_critic,instance_00004,Aborted,1
2181,wordle,Qwen3.6-35B-A3B-FP8-without-reasoning,medium_frequency_words_no_clue_no_critic,instance_00004,Lose,0
2182,wordle,Qwen3.6-35B-A3B-FP8-without-reasoning,medium_frequency_words_no_clue_no_critic,instance_00004,Success,0
2183,wordle,Qwen3.6-35B-A3B-FP8-without-reasoning,medium_frequency_words_no_clue_no_critic,instance_00004,Request Count,7
2184,wordle,Qwen3.6-35B-A3B-FP8-without-reasoning,medium_frequency_words_no_clue_no_critic,instance_00004,Parsed Request Count,7
2185,wordle,Qwen3.6-35B-A3B-FP8-without-reasoning,medium_frequency_words_no_clue_no_critic,instance_00004,Violated Request Count,0
2186,wordle,Qwen3.6-35B-A3B-FP8-without-reasoning,medium_frequency_words_no_clue_no_critic,instance_00004,Request Success Ratio,1.0
2187,wordle,Qwen3.6-35B-A3B-FP8-without-reasoning,medium_frequency_words_no_clue_no_critic,instance_00004,Main Score,
2188,wordle,Qwen3.6-35B-A3B-FP8-without-reasoning,medium_frequency_words_no_clue_no_critic,instance_00004,Guess Repetitions,
2189,wordle,Qwen3.6-35B-A3B-FP8-without-reasoning,medium_frequency_words_no_clue_no_critic,instance_00010,Aborted,1
2190,wordle,Qwen3.6-35B-A3B-FP8-without-reasoning,medium_frequency_words_no_clue_no_critic,instance_00010,Lose,0
2191,wordle,Qwen3.6-35B-A3B-FP8-without-reasoning,medium_frequency_words_no_clue_no_critic,instance_00010,Success,0
2192,wordle,Qwen3.6-35B-A3B-FP8-without-reasoning,medium_frequency_words_no_clue_no_critic,instance_00010,Request Count,8
2193,wordle,Qwen3.6-35B-A3B-FP8-without-reasoning,medium_frequency_words_no_clue_no_critic,instance_00010,Parsed Request Count,8
2194,wordle,Qwen3.6-35B-A3B-FP8-without-reasoning,medium_frequency_words_no_clue_no_critic,instance_00010,Violated Request Count,0
2195,wordle,Qwen3.6-35B-A3B-FP8-without-reasoning,medium_frequency_words_no_clue_no_critic,instance_00010,Request Success Ratio,1.0
2196,wordle,Qwen3.6-35B-A3B-FP8-without-reasoning,medium_frequency_words_no_clue_no_critic,instance_00010,Main Score,
2197,wordle,Qwen3.6-35B-A3B-FP8-without-reasoning,medium_frequency_words_no_clue_no_critic,instance_00010,Guess Repetitions,
2198,wordle,Qwen3.6-35B-A3B-FP8-without-reasoning,medium_frequency_words_no_clue_no_critic,instance_00008,Aborted,1
2199,wordle,Qwen3.6-35B-A3B-FP8-without-reasoning,medium_frequency_words_no_clue_no_critic,instance_00008,Lose,0
2200,wordle,Qwen3.6-35B-A3B-FP8-without-reasoning,medium_frequency_words_no_clue_no_critic,instance_00008,Success,0
2201,wordle,Qwen3.6-35B-A3B-FP8-without-reasoning,medium_frequency_words_no_clue_no_critic,instance_00008,Request Count,8
2202,wordle,Qwen3.6-35B-A3B-FP8-without-reasoning,medium_frequency_words_no_clue_no_critic,instance_00008,Parsed Request Count,8
2203,wordle,Qwen3.6-35B-A3B-FP8-without-reasoning,medium_frequency_words_no_clue_no_critic,instance_00008,Violated Request Count,0
2204,wordle,Qwen3.6-35B-A3B-FP8-without-reasoning,medium_frequency_words_no_clue_no_critic,instance_00008,Request Success Ratio,1.0
2205,wordle,Qwen3.6-35B-A3B-FP8-without-reasoning,medium_frequency_words_no_clue_no_critic,instance_00008,Main Score,
2206,wordle,Qwen3.6-35B-A3B-FP8-without-reasoning,medium_frequency_words_no_clue_no_critic,instance_00008,Guess Repetitions,
2207,wordle,Qwen3.6-35B-A3B-FP8-without-reasoning,medium_frequency_words_no_clue_no_critic,instance_00001,Aborted,1
2208,wordle,Qwen3.6-35B-A3B-FP8-without-reasoning,medium_frequency_words_no_clue_no_critic,instance_00001,Lose,0
2209,wordle,Qwen3.6-35B-A3B-FP8-without-reasoning,medium_frequency_words_no_clue_no_critic,instance_00001,Success,0
2210,wordle,Qwen3.6-35B-A3B-FP8-without-reasoning,medium_frequency_words_no_clue_no_critic,instance_00001,Request Count,5
2211,wordle,Qwen3.6-35B-A3B-FP8-without-reasoning,medium_frequency_words_no_clue_no_critic,instance_00001,Parsed Request Count,4
2212,wordle,Qwen3.6-35B-A3B-FP8-without-reasoning,medium_frequency_words_no_clue_no_critic,instance_00001,Violated Request Count,1
2213,wordle,Qwen3.6-35B-A3B-FP8-without-reasoning,medium_frequency_words_no_clue_no_critic,instance_00001,Request Success Ratio,0.8
2214,wordle,Qwen3.6-35B-A3B-FP8-without-reasoning,medium_frequency_words_no_clue_no_critic,instance_00001,Main Score,
2215,wordle,Qwen3.6-35B-A3B-FP8-without-reasoning,medium_frequency_words_no_clue_no_critic,instance_00001,Guess Repetitions,
2216,wordle,Qwen3.6-35B-A3B-FP8-without-reasoning,medium_frequency_words_no_clue_no_critic,instance_00006,Aborted,1
2217,wordle,Qwen3.6-35B-A3B-FP8-without-reasoning,medium_frequency_words_no_clue_no_critic,instance_00006,Lose,0
2218,wordle,Qwen3.6-35B-A3B-FP8-without-reasoning,medium_frequency_words_no_clue_no_critic,instance_00006,Success,0
2219,wordle,Qwen3.6-35B-A3B-FP8-without-reasoning,medium_frequency_words_no_clue_no_critic,instance_00006,Request Count,11
2220,wordle,Qwen3.6-35B-A3B-FP8-without-reasoning,medium_frequency_words_no_clue_no_critic,instance_00006,Parsed Request Count,10
2221,wordle,Qwen3.6-35B-A3B-FP8-without-reasoning,medium_frequency_words_no_clue_no_critic,instance_00006,Violated Request Count,1
2222,wordle,Qwen3.6-35B-A3B-FP8-without-reasoning,medium_frequency_words_no_clue_no_critic,instance_00006,Request Success Ratio,0.9090909090909091
2223,wordle,Qwen3.6-35B-A3B-FP8-without-reasoning,medium_frequency_words_no_clue_no_critic,instance_00006,Main Score,
2224,wordle,Qwen3.6-35B-A3B-FP8-without-reasoning,medium_frequency_words_no_clue_no_critic,instance_00006,Guess Repetitions,
2225,wordle,Qwen3.6-35B-A3B-FP8-without-reasoning,medium_frequency_words_no_clue_no_critic,instance_00007,Aborted,1
2226,wordle,Qwen3.6-35B-A3B-FP8-without-reasoning,medium_frequency_words_no_clue_no_critic,instance_00007,Lose,0
2227,wordle,Qwen3.6-35B-A3B-FP8-without-reasoning,medium_frequency_words_no_clue_no_critic,instance_00007,Success,0
2228,wordle,Qwen3.6-35B-A3B-FP8-without-reasoning,medium_frequency_words_no_clue_no_critic,instance_00007,Request Count,5
2229,wordle,Qwen3.6-35B-A3B-FP8-without-reasoning,medium_frequency_words_no_clue_no_critic,instance_00007,Parsed Request Count,4
2230,wordle,Qwen3.6-35B-A3B-FP8-without-reasoning,medium_frequency_words_no_clue_no_critic,instance_00007,Violated Request Count,1
2231,wordle,Qwen3.6-35B-A3B-FP8-without-reasoning,medium_frequency_words_no_clue_no_critic,instance_00007,Request Success Ratio,0.8
2232,wordle,Qwen3.6-35B-A3B-FP8-without-reasoning,medium_frequency_words_no_clue_no_critic,instance_00007,Main Score,
2233,wordle,Qwen3.6-35B-A3B-FP8-without-reasoning,medium_frequency_words_no_clue_no_critic,instance_00007,Guess Repetitions,
2234,wordle,Qwen3.6-35B-A3B-FP8-without-reasoning,medium_frequency_words_no_clue_no_critic,instance_00009,Aborted,1
2235,wordle,Qwen3.6-35B-A3B-FP8-without-reasoning,medium_frequency_words_no_clue_no_critic,instance_00009,Lose,0
2236,wordle,Qwen3.6-35B-A3B-FP8-without-reasoning,medium_frequency_words_no_clue_no_critic,instance_00009,Success,0
2237,wordle,Qwen3.6-35B-A3B-FP8-without-reasoning,medium_frequency_words_no_clue_no_critic,instance_00009,Request Count,7
2238,wordle,Qwen3.6-35B-A3B-FP8-without-reasoning,medium_frequency_words_no_clue_no_critic,instance_00009,Parsed Request Count,7
2239,wordle,Qwen3.6-35B-A3B-FP8-without-reasoning,medium_frequency_words_no_clue_no_critic,instance_00009,Violated Request Count,0
2240,wordle,Qwen3.6-35B-A3B-FP8-without-reasoning,medium_frequency_words_no_clue_no_critic,instance_00009,Request Success Ratio,1.0
2241,wordle,Qwen3.6-35B-A3B-FP8-without-reasoning,medium_frequency_words_no_clue_no_critic,instance_00009,Main Score,
2242,wordle,Qwen3.6-35B-A3B-FP8-without-reasoning,medium_frequency_words_no_clue_no_critic,instance_00009,Guess Repetitions,
2243,privateshared,Qwen3.6-35B-A3B-FP8-without-reasoning,restaurant,instance_00002,Middle-Accuracy,1.0
2244,privateshared,Qwen3.6-35B-A3B-FP8-without-reasoning,restaurant,instance_00002,Accuracy,0.9
2245,privateshared,Qwen3.6-35B-A3B-FP8-without-reasoning,restaurant,instance_00002,Kappa,0.8
2246,privateshared,Qwen3.6-35B-A3B-FP8-without-reasoning,restaurant,instance_00002,Truncated Kappa,0.8
2247,privateshared,Qwen3.6-35B-A3B-FP8-without-reasoning,restaurant,instance_00002,Slot-Filling-Accuracy,1.0
2248,privateshared,Qwen3.6-35B-A3B-FP8-without-reasoning,restaurant,instance_00002,Main Score,88.8888888888889
2249,privateshared,Qwen3.6-35B-A3B-FP8-without-reasoning,restaurant,instance_00002,Aborted,0
2250,privateshared,Qwen3.6-35B-A3B-FP8-without-reasoning,restaurant,instance_00002,Lose,1
2251,privateshared,Qwen3.6-35B-A3B-FP8-without-reasoning,restaurant,instance_00002,Success,0
2252,privateshared,Qwen3.6-35B-A3B-FP8-without-reasoning,restaurant,instance_00002,Request Count,35
2253,privateshared,Qwen3.6-35B-A3B-FP8-without-reasoning,restaurant,instance_00002,Parsed Request Count,35
2254,privateshared,Qwen3.6-35B-A3B-FP8-without-reasoning,restaurant,instance_00002,Violated Request Count,0
2255,privateshared,Qwen3.6-35B-A3B-FP8-without-reasoning,restaurant,instance_00002,Request Success Ratio,1.0
2256,privateshared,Qwen3.6-35B-A3B-FP8-without-reasoning,restaurant,instance_00003,Middle-Accuracy,1.0
2257,privateshared,Qwen3.6-35B-A3B-FP8-without-reasoning,restaurant,instance_00003,Accuracy,0.9
2258,privateshared,Qwen3.6-35B-A3B-FP8-without-reasoning,restaurant,instance_00003,Kappa,0.8
2259,privateshared,Qwen3.6-35B-A3B-FP8-without-reasoning,restaurant,instance_00003,Truncated Kappa,0.8
2260,privateshared,Qwen3.6-35B-A3B-FP8-without-reasoning,restaurant,instance_00003,Slot-Filling-Accuracy,1.0
2261,privateshared,Qwen3.6-35B-A3B-FP8-without-reasoning,restaurant,instance_00003,Main Score,88.8888888888889
2262,privateshared,Qwen3.6-35B-A3B-FP8-without-reasoning,restaurant,instance_00003,Aborted,0
2263,privateshared,Qwen3.6-35B-A3B-FP8-without-reasoning,restaurant,instance_00003,Lose,1
2264,privateshared,Qwen3.6-35B-A3B-FP8-without-reasoning,restaurant,instance_00003,Success,0
2265,privateshared,Qwen3.6-35B-A3B-FP8-without-reasoning,restaurant,instance_00003,Request Count,35
2266,privateshared,Qwen3.6-35B-A3B-FP8-without-reasoning,restaurant,instance_00003,Parsed Request Count,35
2267,privateshared,Qwen3.6-35B-A3B-FP8-without-reasoning,restaurant,instance_00003,Violated Request Count,0
2268,privateshared,Qwen3.6-35B-A3B-FP8-without-reasoning,restaurant,instance_00003,Request Success Ratio,1.0
2269,privateshared,Qwen3.6-35B-A3B-FP8-without-reasoning,restaurant,instance_00004,Middle-Accuracy,1.0
2270,privateshared,Qwen3.6-35B-A3B-FP8-without-reasoning,restaurant,instance_00004,Accuracy,0.9
2271,privateshared,Qwen3.6-35B-A3B-FP8-without-reasoning,restaurant,instance_00004,Kappa,0.8
2272,privateshared,Qwen3.6-35B-A3B-FP8-without-reasoning,restaurant,instance_00004,Truncated Kappa,0.8
2273,privateshared,Qwen3.6-35B-A3B-FP8-without-reasoning,restaurant,instance_00004,Slot-Filling-Accuracy,1.0
2274,privateshared,Qwen3.6-35B-A3B-FP8-without-reasoning,restaurant,instance_00004,Main Score,88.8888888888889
2275,privateshared,Qwen3.6-35B-A3B-FP8-without-reasoning,restaurant,instance_00004,Aborted,0
2276,privateshared,Qwen3.6-35B-A3B-FP8-without-reasoning,restaurant,instance_00004,Lose,1
2277,privateshared,Qwen3.6-35B-A3B-FP8-without-reasoning,restaurant,instance_00004,Success,0
2278,privateshared,Qwen3.6-35B-A3B-FP8-without-reasoning,restaurant,instance_00004,Request Count,36
2279,privateshared,Qwen3.6-35B-A3B-FP8-without-reasoning,restaurant,instance_00004,Parsed Request Count,35
2280,privateshared,Qwen3.6-35B-A3B-FP8-without-reasoning,restaurant,instance_00004,Violated Request Count,1
2281,privateshared,Qwen3.6-35B-A3B-FP8-without-reasoning,restaurant,instance_00004,Request Success Ratio,0.9722222222222222
2282,privateshared,Qwen3.6-35B-A3B-FP8-without-reasoning,restaurant,instance_00001,Middle-Accuracy,0.8
2283,privateshared,Qwen3.6-35B-A3B-FP8-without-reasoning,restaurant,instance_00001,Accuracy,0.9333333333333333
2284,privateshared,Qwen3.6-35B-A3B-FP8-without-reasoning,restaurant,instance_00001,Kappa,0.8666666666666667
2285,privateshared,Qwen3.6-35B-A3B-FP8-without-reasoning,restaurant,instance_00001,Truncated Kappa,0.8666666666666667
2286,privateshared,Qwen3.6-35B-A3B-FP8-without-reasoning,restaurant,instance_00001,Slot-Filling-Accuracy,1.0
2287,privateshared,Qwen3.6-35B-A3B-FP8-without-reasoning,restaurant,instance_00001,Main Score,92.85714285714286
2288,privateshared,Qwen3.6-35B-A3B-FP8-without-reasoning,restaurant,instance_00001,Aborted,0
2289,privateshared,Qwen3.6-35B-A3B-FP8-without-reasoning,restaurant,instance_00001,Lose,1
2290,privateshared,Qwen3.6-35B-A3B-FP8-without-reasoning,restaurant,instance_00001,Success,0
2291,privateshared,Qwen3.6-35B-A3B-FP8-without-reasoning,restaurant,instance_00001,Request Count,35
2292,privateshared,Qwen3.6-35B-A3B-FP8-without-reasoning,restaurant,instance_00001,Parsed Request Count,35
2293,privateshared,Qwen3.6-35B-A3B-FP8-without-reasoning,restaurant,instance_00001,Violated Request Count,0
2294,privateshared,Qwen3.6-35B-A3B-FP8-without-reasoning,restaurant,instance_00001,Request Success Ratio,1.0
2295,privateshared,Qwen3.6-35B-A3B-FP8-without-reasoning,restaurant,instance_00000,Middle-Accuracy,1.0
2296,privateshared,Qwen3.6-35B-A3B-FP8-without-reasoning,restaurant,instance_00000,Accuracy,0.9666666666666667
2297,privateshared,Qwen3.6-35B-A3B-FP8-without-reasoning,restaurant,instance_00000,Kappa,0.9333333333333333
2298,privateshared,Qwen3.6-35B-A3B-FP8-without-reasoning,restaurant,instance_00000,Truncated Kappa,0.9333333333333333
2299,privateshared,Qwen3.6-35B-A3B-FP8-without-reasoning,restaurant,instance_00000,Slot-Filling-Accuracy,1.0
2300,privateshared,Qwen3.6-35B-A3B-FP8-without-reasoning,restaurant,instance_00000,Main Score,96.55172413793103
2301,privateshared,Qwen3.6-35B-A3B-FP8-without-reasoning,restaurant,instance_00000,Aborted,0
2302,privateshared,Qwen3.6-35B-A3B-FP8-without-reasoning,restaurant,instance_00000,Lose,1
2303,privateshared,Qwen3.6-35B-A3B-FP8-without-reasoning,restaurant,instance_00000,Success,0
2304,privateshared,Qwen3.6-35B-A3B-FP8-without-reasoning,restaurant,instance_00000,Request Count,36
2305,privateshared,Qwen3.6-35B-A3B-FP8-without-reasoning,restaurant,instance_00000,Parsed Request Count,35
2306,privateshared,Qwen3.6-35B-A3B-FP8-without-reasoning,restaurant,instance_00000,Violated Request Count,1
2307,privateshared,Qwen3.6-35B-A3B-FP8-without-reasoning,restaurant,instance_00000,Request Success Ratio,0.9722222222222222
2308,privateshared,Qwen3.6-35B-A3B-FP8-without-reasoning,travel-booking,instance_00002,Middle-Accuracy,0.8
2309,privateshared,Qwen3.6-35B-A3B-FP8-without-reasoning,travel-booking,instance_00002,Accuracy,0.8333333333333334
2310,privateshared,Qwen3.6-35B-A3B-FP8-without-reasoning,travel-booking,instance_00002,Kappa,0.6666666666666667
2311,privateshared,Qwen3.6-35B-A3B-FP8-without-reasoning,travel-booking,instance_00002,Truncated Kappa,0.6666666666666667
2312,privateshared,Qwen3.6-35B-A3B-FP8-without-reasoning,travel-booking,instance_00002,Slot-Filling-Accuracy,1.0
2313,privateshared,Qwen3.6-35B-A3B-FP8-without-reasoning,travel-booking,instance_00002,Main Score,80.0
2314,privateshared,Qwen3.6-35B-A3B-FP8-without-reasoning,travel-booking,instance_00002,Aborted,0
2315,privateshared,Qwen3.6-35B-A3B-FP8-without-reasoning,travel-booking,instance_00002,Lose,1
2316,privateshared,Qwen3.6-35B-A3B-FP8-without-reasoning,travel-booking,instance_00002,Success,0
2317,privateshared,Qwen3.6-35B-A3B-FP8-without-reasoning,travel-booking,instance_00002,Request Count,35
2318,privateshared,Qwen3.6-35B-A3B-FP8-without-reasoning,travel-booking,instance_00002,Parsed Request Count,35
2319,privateshared,Qwen3.6-35B-A3B-FP8-without-reasoning,travel-booking,instance_00002,Violated Request Count,0
2320,privateshared,Qwen3.6-35B-A3B-FP8-without-reasoning,travel-booking,instance_00002,Request Success Ratio,1.0
2321,privateshared,Qwen3.6-35B-A3B-FP8-without-reasoning,travel-booking,instance_00003,Middle-Accuracy,0.8
2322,privateshared,Qwen3.6-35B-A3B-FP8-without-reasoning,travel-booking,instance_00003,Accuracy,0.9333333333333333
2323,privateshared,Qwen3.6-35B-A3B-FP8-without-reasoning,travel-booking,instance_00003,Kappa,0.8666666666666667
2324,privateshared,Qwen3.6-35B-A3B-FP8-without-reasoning,travel-booking,instance_00003,Truncated Kappa,0.8666666666666667
2325,privateshared,Qwen3.6-35B-A3B-FP8-without-reasoning,travel-booking,instance_00003,Slot-Filling-Accuracy,1.0
2326,privateshared,Qwen3.6-35B-A3B-FP8-without-reasoning,travel-booking,instance_00003,Main Score,92.85714285714286
2327,privateshared,Qwen3.6-35B-A3B-FP8-without-reasoning,travel-booking,instance_00003,Aborted,0
2328,privateshared,Qwen3.6-35B-A3B-FP8-without-reasoning,travel-booking,instance_00003,Lose,1
2329,privateshared,Qwen3.6-35B-A3B-FP8-without-reasoning,travel-booking,instance_00003,Success,0
2330,privateshared,Qwen3.6-35B-A3B-FP8-without-reasoning,travel-booking,instance_00003,Request Count,35
2331,privateshared,Qwen3.6-35B-A3B-FP8-without-reasoning,travel-booking,instance_00003,Parsed Request Count,35
2332,privateshared,Qwen3.6-35B-A3B-FP8-without-reasoning,travel-booking,instance_00003,Violated Request Count,0
2333,privateshared,Qwen3.6-35B-A3B-FP8-without-reasoning,travel-booking,instance_00003,Request Success Ratio,1.0
2334,privateshared,Qwen3.6-35B-A3B-FP8-without-reasoning,travel-booking,instance_00004,Middle-Accuracy,1.0
2335,privateshared,Qwen3.6-35B-A3B-FP8-without-reasoning,travel-booking,instance_00004,Accuracy,1.0
2336,privateshared,Qwen3.6-35B-A3B-FP8-without-reasoning,travel-booking,instance_00004,Kappa,1.0
2337,privateshared,Qwen3.6-35B-A3B-FP8-without-reasoning,travel-booking,instance_00004,Truncated Kappa,1.0
2338,privateshared,Qwen3.6-35B-A3B-FP8-without-reasoning,travel-booking,instance_00004,Slot-Filling-Accuracy,0.8
2339,privateshared,Qwen3.6-35B-A3B-FP8-without-reasoning,travel-booking,instance_00004,Main Score,88.8888888888889
2340,privateshared,Qwen3.6-35B-A3B-FP8-without-reasoning,travel-booking,instance_00004,Aborted,0
2341,privateshared,Qwen3.6-35B-A3B-FP8-without-reasoning,travel-booking,instance_00004,Lose,1
2342,privateshared,Qwen3.6-35B-A3B-FP8-without-reasoning,travel-booking,instance_00004,Success,0
2343,privateshared,Qwen3.6-35B-A3B-FP8-without-reasoning,travel-booking,instance_00004,Request Count,35
2344,privateshared,Qwen3.6-35B-A3B-FP8-without-reasoning,travel-booking,instance_00004,Parsed Request Count,35
2345,privateshared,Qwen3.6-35B-A3B-FP8-without-reasoning,travel-booking,instance_00004,Violated Request Count,0
2346,privateshared,Qwen3.6-35B-A3B-FP8-without-reasoning,travel-booking,instance_00004,Request Success Ratio,1.0
2347,privateshared,Qwen3.6-35B-A3B-FP8-without-reasoning,travel-booking,instance_00001,Middle-Accuracy,0.4
2348,privateshared,Qwen3.6-35B-A3B-FP8-without-reasoning,travel-booking,instance_00001,Accuracy,0.8333333333333334
2349,privateshared,Qwen3.6-35B-A3B-FP8-without-reasoning,travel-booking,instance_00001,Kappa,0.6636771300448431
2350,privateshared,Qwen3.6-35B-A3B-FP8-without-reasoning,travel-booking,instance_00001,Truncated Kappa,0.6636771300448431
2351,privateshared,Qwen3.6-35B-A3B-FP8-without-reasoning,travel-booking,instance_00001,Slot-Filling-Accuracy,1.0
2352,privateshared,Qwen3.6-35B-A3B-FP8-without-reasoning,travel-booking,instance_00001,Main Score,79.7843665768194
2353,privateshared,Qwen3.6-35B-A3B-FP8-without-reasoning,travel-booking,instance_00001,Aborted,0
2354,privateshared,Qwen3.6-35B-A3B-FP8-without-reasoning,travel-booking,instance_00001,Lose,1
2355,privateshared,Qwen3.6-35B-A3B-FP8-without-reasoning,travel-booking,instance_00001,Success,0
2356,privateshared,Qwen3.6-35B-A3B-FP8-without-reasoning,travel-booking,instance_00001,Request Count,35
2357,privateshared,Qwen3.6-35B-A3B-FP8-without-reasoning,travel-booking,instance_00001,Parsed Request Count,35
2358,privateshared,Qwen3.6-35B-A3B-FP8-without-reasoning,travel-booking,instance_00001,Violated Request Count,0
2359,privateshared,Qwen3.6-35B-A3B-FP8-without-reasoning,travel-booking,instance_00001,Request Success Ratio,1.0
2360,privateshared,Qwen3.6-35B-A3B-FP8-without-reasoning,travel-booking,instance_00000,Middle-Accuracy,0.8
2361,privateshared,Qwen3.6-35B-A3B-FP8-without-reasoning,travel-booking,instance_00000,Accuracy,0.9666666666666667
2362,privateshared,Qwen3.6-35B-A3B-FP8-without-reasoning,travel-booking,instance_00000,Kappa,0.9333333333333333
2363,privateshared,Qwen3.6-35B-A3B-FP8-without-reasoning,travel-booking,instance_00000,Truncated Kappa,0.9333333333333333
2364,privateshared,Qwen3.6-35B-A3B-FP8-without-reasoning,travel-booking,instance_00000,Slot-Filling-Accuracy,1.0
2365,privateshared,Qwen3.6-35B-A3B-FP8-without-reasoning,travel-booking,instance_00000,Main Score,96.55172413793103
2366,privateshared,Qwen3.6-35B-A3B-FP8-without-reasoning,travel-booking,instance_00000,Aborted,0
2367,privateshared,Qwen3.6-35B-A3B-FP8-without-reasoning,travel-booking,instance_00000,Lose,1
2368,privateshared,Qwen3.6-35B-A3B-FP8-without-reasoning,travel-booking,instance_00000,Success,0
2369,privateshared,Qwen3.6-35B-A3B-FP8-without-reasoning,travel-booking,instance_00000,Request Count,35
2370,privateshared,Qwen3.6-35B-A3B-FP8-without-reasoning,travel-booking,instance_00000,Parsed Request Count,35
2371,privateshared,Qwen3.6-35B-A3B-FP8-without-reasoning,travel-booking,instance_00000,Violated Request Count,0
2372,privateshared,Qwen3.6-35B-A3B-FP8-without-reasoning,travel-booking,instance_00000,Request Success Ratio,1.0
2373,privateshared,Qwen3.6-35B-A3B-FP8-without-reasoning,things-places,instance_00002,Middle-Accuracy,0.5333333333333333
2374,privateshared,Qwen3.6-35B-A3B-FP8-without-reasoning,things-places,instance_00002,Accuracy,0.5
2375,privateshared,Qwen3.6-35B-A3B-FP8-without-reasoning,things-places,instance_00002,Kappa,0.0
2376,privateshared,Qwen3.6-35B-A3B-FP8-without-reasoning,things-places,instance_00002,Truncated Kappa,0
2377,privateshared,Qwen3.6-35B-A3B-FP8-without-reasoning,things-places,instance_00002,Slot-Filling-Accuracy,0.6666666666666666
2378,privateshared,Qwen3.6-35B-A3B-FP8-without-reasoning,things-places,instance_00002,Main Score,0.0
2379,privateshared,Qwen3.6-35B-A3B-FP8-without-reasoning,things-places,instance_00002,Aborted,0
2380,privateshared,Qwen3.6-35B-A3B-FP8-without-reasoning,things-places,instance_00002,Lose,1
2381,privateshared,Qwen3.6-35B-A3B-FP8-without-reasoning,things-places,instance_00002,Success,0
2382,privateshared,Qwen3.6-35B-A3B-FP8-without-reasoning,things-places,instance_00002,Request Count,255
2383,privateshared,Qwen3.6-35B-A3B-FP8-without-reasoning,things-places,instance_00002,Parsed Request Count,255
2384,privateshared,Qwen3.6-35B-A3B-FP8-without-reasoning,things-places,instance_00002,Violated Request Count,0
2385,privateshared,Qwen3.6-35B-A3B-FP8-without-reasoning,things-places,instance_00002,Request Success Ratio,1.0
2386,privateshared,Qwen3.6-35B-A3B-FP8-without-reasoning,things-places,instance_00003,Middle-Accuracy,0.5333333333333333
2387,privateshared,Qwen3.6-35B-A3B-FP8-without-reasoning,things-places,instance_00003,Accuracy,0.5
2388,privateshared,Qwen3.6-35B-A3B-FP8-without-reasoning,things-places,instance_00003,Kappa,0.0
2389,privateshared,Qwen3.6-35B-A3B-FP8-without-reasoning,things-places,instance_00003,Truncated Kappa,0
2390,privateshared,Qwen3.6-35B-A3B-FP8-without-reasoning,things-places,instance_00003,Slot-Filling-Accuracy,0.7333333333333333
2391,privateshared,Qwen3.6-35B-A3B-FP8-without-reasoning,things-places,instance_00003,Main Score,0.0
2392,privateshared,Qwen3.6-35B-A3B-FP8-without-reasoning,things-places,instance_00003,Aborted,0
2393,privateshared,Qwen3.6-35B-A3B-FP8-without-reasoning,things-places,instance_00003,Lose,1
2394,privateshared,Qwen3.6-35B-A3B-FP8-without-reasoning,things-places,instance_00003,Success,0
2395,privateshared,Qwen3.6-35B-A3B-FP8-without-reasoning,things-places,instance_00003,Request Count,255
2396,privateshared,Qwen3.6-35B-A3B-FP8-without-reasoning,things-places,instance_00003,Parsed Request Count,255
2397,privateshared,Qwen3.6-35B-A3B-FP8-without-reasoning,things-places,instance_00003,Violated Request Count,0
2398,privateshared,Qwen3.6-35B-A3B-FP8-without-reasoning,things-places,instance_00003,Request Success Ratio,1.0
2399,privateshared,Qwen3.6-35B-A3B-FP8-without-reasoning,things-places,instance_00004,Middle-Accuracy,0.5333333333333333
2400,privateshared,Qwen3.6-35B-A3B-FP8-without-reasoning,things-places,instance_00004,Accuracy,0.49583333333333335
2401,privateshared,Qwen3.6-35B-A3B-FP8-without-reasoning,things-places,instance_00004,Kappa,-0.008333333333333304
2402,privateshared,Qwen3.6-35B-A3B-FP8-without-reasoning,things-places,instance_00004,Truncated Kappa,0
2403,privateshared,Qwen3.6-35B-A3B-FP8-without-reasoning,things-places,instance_00004,Slot-Filling-Accuracy,1.0
2404,privateshared,Qwen3.6-35B-A3B-FP8-without-reasoning,things-places,instance_00004,Main Score,0.0
2405,privateshared,Qwen3.6-35B-A3B-FP8-without-reasoning,things-places,instance_00004,Aborted,0
2406,privateshared,Qwen3.6-35B-A3B-FP8-without-reasoning,things-places,instance_00004,Lose,1
2407,privateshared,Qwen3.6-35B-A3B-FP8-without-reasoning,things-places,instance_00004,Success,0
2408,privateshared,Qwen3.6-35B-A3B-FP8-without-reasoning,things-places,instance_00004,Request Count,255
2409,privateshared,Qwen3.6-35B-A3B-FP8-without-reasoning,things-places,instance_00004,Parsed Request Count,255
2410,privateshared,Qwen3.6-35B-A3B-FP8-without-reasoning,things-places,instance_00004,Violated Request Count,0
2411,privateshared,Qwen3.6-35B-A3B-FP8-without-reasoning,things-places,instance_00004,Request Success Ratio,1.0
2412,privateshared,Qwen3.6-35B-A3B-FP8-without-reasoning,things-places,instance_00001,Middle-Accuracy,0.5333333333333333
2413,privateshared,Qwen3.6-35B-A3B-FP8-without-reasoning,things-places,instance_00001,Accuracy,0.5
2414,privateshared,Qwen3.6-35B-A3B-FP8-without-reasoning,things-places,instance_00001,Kappa,0.0
2415,privateshared,Qwen3.6-35B-A3B-FP8-without-reasoning,things-places,instance_00001,Truncated Kappa,0
2416,privateshared,Qwen3.6-35B-A3B-FP8-without-reasoning,things-places,instance_00001,Slot-Filling-Accuracy,1.0
2417,privateshared,Qwen3.6-35B-A3B-FP8-without-reasoning,things-places,instance_00001,Main Score,0.0
2418,privateshared,Qwen3.6-35B-A3B-FP8-without-reasoning,things-places,instance_00001,Aborted,0
2419,privateshared,Qwen3.6-35B-A3B-FP8-without-reasoning,things-places,instance_00001,Lose,1
2420,privateshared,Qwen3.6-35B-A3B-FP8-without-reasoning,things-places,instance_00001,Success,0
2421,privateshared,Qwen3.6-35B-A3B-FP8-without-reasoning,things-places,instance_00001,Request Count,255
2422,privateshared,Qwen3.6-35B-A3B-FP8-without-reasoning,things-places,instance_00001,Parsed Request Count,255
2423,privateshared,Qwen3.6-35B-A3B-FP8-without-reasoning,things-places,instance_00001,Violated Request Count,0
2424,privateshared,Qwen3.6-35B-A3B-FP8-without-reasoning,things-places,instance_00001,Request Success Ratio,1.0
2425,privateshared,Qwen3.6-35B-A3B-FP8-without-reasoning,things-places,instance_00000,Middle-Accuracy,0.5333333333333333
2426,privateshared,Qwen3.6-35B-A3B-FP8-without-reasoning,things-places,instance_00000,Accuracy,0.49583333333333335
2427,privateshared,Qwen3.6-35B-A3B-FP8-without-reasoning,things-places,instance_00000,Kappa,-0.008333333333333304
2428,privateshared,Qwen3.6-35B-A3B-FP8-without-reasoning,things-places,instance_00000,Truncated Kappa,0
2429,privateshared,Qwen3.6-35B-A3B-FP8-without-reasoning,things-places,instance_00000,Slot-Filling-Accuracy,0.7333333333333333
2430,privateshared,Qwen3.6-35B-A3B-FP8-without-reasoning,things-places,instance_00000,Main Score,0.0
2431,privateshared,Qwen3.6-35B-A3B-FP8-without-reasoning,things-places,instance_00000,Aborted,0
2432,privateshared,Qwen3.6-35B-A3B-FP8-without-reasoning,things-places,instance_00000,Lose,1
2433,privateshared,Qwen3.6-35B-A3B-FP8-without-reasoning,things-places,instance_00000,Success,0
2434,privateshared,Qwen3.6-35B-A3B-FP8-without-reasoning,things-places,instance_00000,Request Count,255
2435,privateshared,Qwen3.6-35B-A3B-FP8-without-reasoning,things-places,instance_00000,Parsed Request Count,255
2436,privateshared,Qwen3.6-35B-A3B-FP8-without-reasoning,things-places,instance_00000,Violated Request Count,0
2437,privateshared,Qwen3.6-35B-A3B-FP8-without-reasoning,things-places,instance_00000,Request Success Ratio,1.0
2438,privateshared,Qwen3.6-35B-A3B-FP8-without-reasoning,job-interview,instance_00002,Middle-Accuracy,0.8
2439,privateshared,Qwen3.6-35B-A3B-FP8-without-reasoning,job-interview,instance_00002,Accuracy,0.6333333333333333
2440,privateshared,Qwen3.6-35B-A3B-FP8-without-reasoning,job-interview,instance_00002,Kappa,0.2666666666666667
2441,privateshared,Qwen3.6-35B-A3B-FP8-without-reasoning,job-interview,instance_00002,Truncated Kappa,0.2666666666666667
2442,privateshared,Qwen3.6-35B-A3B-FP8-without-reasoning,job-interview,instance_00002,Slot-Filling-Accuracy,1.0
2443,privateshared,Qwen3.6-35B-A3B-FP8-without-reasoning,job-interview,instance_00002,Main Score,42.10526315789475
2444,privateshared,Qwen3.6-35B-A3B-FP8-without-reasoning,job-interview,instance_00002,Aborted,0
2445,privateshared,Qwen3.6-35B-A3B-FP8-without-reasoning,job-interview,instance_00002,Lose,1
2446,privateshared,Qwen3.6-35B-A3B-FP8-without-reasoning,job-interview,instance_00002,Success,0
2447,privateshared,Qwen3.6-35B-A3B-FP8-without-reasoning,job-interview,instance_00002,Request Count,38
2448,privateshared,Qwen3.6-35B-A3B-FP8-without-reasoning,job-interview,instance_00002,Parsed Request Count,35
2449,privateshared,Qwen3.6-35B-A3B-FP8-without-reasoning,job-interview,instance_00002,Violated Request Count,3
2450,privateshared,Qwen3.6-35B-A3B-FP8-without-reasoning,job-interview,instance_00002,Request Success Ratio,0.9210526315789473
2451,privateshared,Qwen3.6-35B-A3B-FP8-without-reasoning,job-interview,instance_00003,Middle-Accuracy,0.8
2452,privateshared,Qwen3.6-35B-A3B-FP8-without-reasoning,job-interview,instance_00003,Accuracy,0.8
2453,privateshared,Qwen3.6-35B-A3B-FP8-without-reasoning,job-interview,instance_00003,Kappa,0.6
2454,privateshared,Qwen3.6-35B-A3B-FP8-without-reasoning,job-interview,instance_00003,Truncated Kappa,0.6
2455,privateshared,Qwen3.6-35B-A3B-FP8-without-reasoning,job-interview,instance_00003,Slot-Filling-Accuracy,0.8
2456,privateshared,Qwen3.6-35B-A3B-FP8-without-reasoning,job-interview,instance_00003,Main Score,68.57142857142857
2457,privateshared,Qwen3.6-35B-A3B-FP8-without-reasoning,job-interview,instance_00003,Aborted,0
2458,privateshared,Qwen3.6-35B-A3B-FP8-without-reasoning,job-interview,instance_00003,Lose,1
2459,privateshared,Qwen3.6-35B-A3B-FP8-without-reasoning,job-interview,instance_00003,Success,0
2460,privateshared,Qwen3.6-35B-A3B-FP8-without-reasoning,job-interview,instance_00003,Request Count,35
2461,privateshared,Qwen3.6-35B-A3B-FP8-without-reasoning,job-interview,instance_00003,Parsed Request Count,35
2462,privateshared,Qwen3.6-35B-A3B-FP8-without-reasoning,job-interview,instance_00003,Violated Request Count,0
2463,privateshared,Qwen3.6-35B-A3B-FP8-without-reasoning,job-interview,instance_00003,Request Success Ratio,1.0
2464,privateshared,Qwen3.6-35B-A3B-FP8-without-reasoning,job-interview,instance_00004,Middle-Accuracy,0.8
2465,privateshared,Qwen3.6-35B-A3B-FP8-without-reasoning,job-interview,instance_00004,Accuracy,0.8
2466,privateshared,Qwen3.6-35B-A3B-FP8-without-reasoning,job-interview,instance_00004,Kappa,0.5927601809954751
2467,privateshared,Qwen3.6-35B-A3B-FP8-without-reasoning,job-interview,instance_00004,Truncated Kappa,0.5927601809954751
2468,privateshared,Qwen3.6-35B-A3B-FP8-without-reasoning,job-interview,instance_00004,Slot-Filling-Accuracy,1.0
2469,privateshared,Qwen3.6-35B-A3B-FP8-without-reasoning,job-interview,instance_00004,Main Score,74.43181818181817
2470,privateshared,Qwen3.6-35B-A3B-FP8-without-reasoning,job-interview,instance_00004,Aborted,0
2471,privateshared,Qwen3.6-35B-A3B-FP8-without-reasoning,job-interview,instance_00004,Lose,1
2472,privateshared,Qwen3.6-35B-A3B-FP8-without-reasoning,job-interview,instance_00004,Success,0
2473,privateshared,Qwen3.6-35B-A3B-FP8-without-reasoning,job-interview,instance_00004,Request Count,35
2474,privateshared,Qwen3.6-35B-A3B-FP8-without-reasoning,job-interview,instance_00004,Parsed Request Count,35
2475,privateshared,Qwen3.6-35B-A3B-FP8-without-reasoning,job-interview,instance_00004,Violated Request Count,0
2476,privateshared,Qwen3.6-35B-A3B-FP8-without-reasoning,job-interview,instance_00004,Request Success Ratio,1.0
2477,privateshared,Qwen3.6-35B-A3B-FP8-without-reasoning,job-interview,instance_00001,Middle-Accuracy,0.8
2478,privateshared,Qwen3.6-35B-A3B-FP8-without-reasoning,job-interview,instance_00001,Accuracy,0.9
2479,privateshared,Qwen3.6-35B-A3B-FP8-without-reasoning,job-interview,instance_00001,Kappa,0.8
2480,privateshared,Qwen3.6-35B-A3B-FP8-without-reasoning,job-interview,instance_00001,Truncated Kappa,0.8
2481,privateshared,Qwen3.6-35B-A3B-FP8-without-reasoning,job-interview,instance_00001,Slot-Filling-Accuracy,0.6
2482,privateshared,Qwen3.6-35B-A3B-FP8-without-reasoning,job-interview,instance_00001,Main Score,68.57142857142857
2483,privateshared,Qwen3.6-35B-A3B-FP8-without-reasoning,job-interview,instance_00001,Aborted,0
2484,privateshared,Qwen3.6-35B-A3B-FP8-without-reasoning,job-interview,instance_00001,Lose,1
2485,privateshared,Qwen3.6-35B-A3B-FP8-without-reasoning,job-interview,instance_00001,Success,0
2486,privateshared,Qwen3.6-35B-A3B-FP8-without-reasoning,job-interview,instance_00001,Request Count,35
2487,privateshared,Qwen3.6-35B-A3B-FP8-without-reasoning,job-interview,instance_00001,Parsed Request Count,35
2488,privateshared,Qwen3.6-35B-A3B-FP8-without-reasoning,job-interview,instance_00001,Violated Request Count,0
2489,privateshared,Qwen3.6-35B-A3B-FP8-without-reasoning,job-interview,instance_00001,Request Success Ratio,1.0
2490,privateshared,Qwen3.6-35B-A3B-FP8-without-reasoning,job-interview,instance_00000,Middle-Accuracy,0.6
2491,privateshared,Qwen3.6-35B-A3B-FP8-without-reasoning,job-interview,instance_00000,Accuracy,0.8
2492,privateshared,Qwen3.6-35B-A3B-FP8-without-reasoning,job-interview,instance_00000,Kappa,0.5982142857142857
2493,privateshared,Qwen3.6-35B-A3B-FP8-without-reasoning,job-interview,instance_00000,Truncated Kappa,0.5982142857142857
2494,privateshared,Qwen3.6-35B-A3B-FP8-without-reasoning,job-interview,instance_00000,Slot-Filling-Accuracy,0.6
2495,privateshared,Qwen3.6-35B-A3B-FP8-without-reasoning,job-interview,instance_00000,Main Score,59.910581222056635
2496,privateshared,Qwen3.6-35B-A3B-FP8-without-reasoning,job-interview,instance_00000,Aborted,0
2497,privateshared,Qwen3.6-35B-A3B-FP8-without-reasoning,job-interview,instance_00000,Lose,1
2498,privateshared,Qwen3.6-35B-A3B-FP8-without-reasoning,job-interview,instance_00000,Success,0
2499,privateshared,Qwen3.6-35B-A3B-FP8-without-reasoning,job-interview,instance_00000,Request Count,35
2500,privateshared,Qwen3.6-35B-A3B-FP8-without-reasoning,job-interview,instance_00000,Parsed Request Count,35
2501,privateshared,Qwen3.6-35B-A3B-FP8-without-reasoning,job-interview,instance_00000,Violated Request Count,0
2502,privateshared,Qwen3.6-35B-A3B-FP8-without-reasoning,job-interview,instance_00000,Request Success Ratio,1.0
2503,privateshared,Qwen3.6-35B-A3B-FP8-without-reasoning,letter-number,instance_00002,Middle-Accuracy,0.8
2504,privateshared,Qwen3.6-35B-A3B-FP8-without-reasoning,letter-number,instance_00002,Accuracy,0.7545454545454545
2505,privateshared,Qwen3.6-35B-A3B-FP8-without-reasoning,letter-number,instance_00002,Kappa,0.509090909090909
2506,privateshared,Qwen3.6-35B-A3B-FP8-without-reasoning,letter-number,instance_00002,Truncated Kappa,0.509090909090909
2507,privateshared,Qwen3.6-35B-A3B-FP8-without-reasoning,letter-number,instance_00002,Slot-Filling-Accuracy,1.0
2508,privateshared,Qwen3.6-35B-A3B-FP8-without-reasoning,letter-number,instance_00002,Main Score,67.46987951807229
2509,privateshared,Qwen3.6-35B-A3B-FP8-without-reasoning,letter-number,instance_00002,Aborted,0
2510,privateshared,Qwen3.6-35B-A3B-FP8-without-reasoning,letter-number,instance_00002,Lose,1
2511,privateshared,Qwen3.6-35B-A3B-FP8-without-reasoning,letter-number,instance_00002,Success,0
2512,privateshared,Qwen3.6-35B-A3B-FP8-without-reasoning,letter-number,instance_00002,Request Count,120
2513,privateshared,Qwen3.6-35B-A3B-FP8-without-reasoning,letter-number,instance_00002,Parsed Request Count,120
2514,privateshared,Qwen3.6-35B-A3B-FP8-without-reasoning,letter-number,instance_00002,Violated Request Count,0
2515,privateshared,Qwen3.6-35B-A3B-FP8-without-reasoning,letter-number,instance_00002,Request Success Ratio,1.0
2516,privateshared,Qwen3.6-35B-A3B-FP8-without-reasoning,letter-number,instance_00003,Middle-Accuracy,0.4
2517,privateshared,Qwen3.6-35B-A3B-FP8-without-reasoning,letter-number,instance_00003,Accuracy,0.7
2518,privateshared,Qwen3.6-35B-A3B-FP8-without-reasoning,letter-number,instance_00003,Kappa,0.4
2519,privateshared,Qwen3.6-35B-A3B-FP8-without-reasoning,letter-number,instance_00003,Truncated Kappa,0.4
2520,privateshared,Qwen3.6-35B-A3B-FP8-without-reasoning,letter-number,instance_00003,Slot-Filling-Accuracy,1.0
2521,privateshared,Qwen3.6-35B-A3B-FP8-without-reasoning,letter-number,instance_00003,Main Score,57.14285714285715
2522,privateshared,Qwen3.6-35B-A3B-FP8-without-reasoning,letter-number,instance_00003,Aborted,0
2523,privateshared,Qwen3.6-35B-A3B-FP8-without-reasoning,letter-number,instance_00003,Lose,1
2524,privateshared,Qwen3.6-35B-A3B-FP8-without-reasoning,letter-number,instance_00003,Success,0
2525,privateshared,Qwen3.6-35B-A3B-FP8-without-reasoning,letter-number,instance_00003,Request Count,120
2526,privateshared,Qwen3.6-35B-A3B-FP8-without-reasoning,letter-number,instance_00003,Parsed Request Count,120
2527,privateshared,Qwen3.6-35B-A3B-FP8-without-reasoning,letter-number,instance_00003,Violated Request Count,0
2528,privateshared,Qwen3.6-35B-A3B-FP8-without-reasoning,letter-number,instance_00003,Request Success Ratio,1.0
2529,privateshared,Qwen3.6-35B-A3B-FP8-without-reasoning,letter-number,instance_00004,Middle-Accuracy,0.5
2530,privateshared,Qwen3.6-35B-A3B-FP8-without-reasoning,letter-number,instance_00004,Accuracy,0.6909090909090909
2531,privateshared,Qwen3.6-35B-A3B-FP8-without-reasoning,letter-number,instance_00004,Kappa,0.38181818181818183
2532,privateshared,Qwen3.6-35B-A3B-FP8-without-reasoning,letter-number,instance_00004,Truncated Kappa,0.38181818181818183
2533,privateshared,Qwen3.6-35B-A3B-FP8-without-reasoning,letter-number,instance_00004,Slot-Filling-Accuracy,1.0
2534,privateshared,Qwen3.6-35B-A3B-FP8-without-reasoning,letter-number,instance_00004,Main Score,55.26315789473685
2535,privateshared,Qwen3.6-35B-A3B-FP8-without-reasoning,letter-number,instance_00004,Aborted,0
2536,privateshared,Qwen3.6-35B-A3B-FP8-without-reasoning,letter-number,instance_00004,Lose,1
2537,privateshared,Qwen3.6-35B-A3B-FP8-without-reasoning,letter-number,instance_00004,Success,0
2538,privateshared,Qwen3.6-35B-A3B-FP8-without-reasoning,letter-number,instance_00004,Request Count,120
2539,privateshared,Qwen3.6-35B-A3B-FP8-without-reasoning,letter-number,instance_00004,Parsed Request Count,120
2540,privateshared,Qwen3.6-35B-A3B-FP8-without-reasoning,letter-number,instance_00004,Violated Request Count,0
2541,privateshared,Qwen3.6-35B-A3B-FP8-without-reasoning,letter-number,instance_00004,Request Success Ratio,1.0
2542,privateshared,Qwen3.6-35B-A3B-FP8-without-reasoning,letter-number,instance_00001,Middle-Accuracy,0.4
2543,privateshared,Qwen3.6-35B-A3B-FP8-without-reasoning,letter-number,instance_00001,Accuracy,0.6818181818181818
2544,privateshared,Qwen3.6-35B-A3B-FP8-without-reasoning,letter-number,instance_00001,Kappa,0.36363636363636365
2545,privateshared,Qwen3.6-35B-A3B-FP8-without-reasoning,letter-number,instance_00001,Truncated Kappa,0.36363636363636365
2546,privateshared,Qwen3.6-35B-A3B-FP8-without-reasoning,letter-number,instance_00001,Slot-Filling-Accuracy,1.0
2547,privateshared,Qwen3.6-35B-A3B-FP8-without-reasoning,letter-number,instance_00001,Main Score,53.333333333333336
2548,privateshared,Qwen3.6-35B-A3B-FP8-without-reasoning,letter-number,instance_00001,Aborted,0
2549,privateshared,Qwen3.6-35B-A3B-FP8-without-reasoning,letter-number,instance_00001,Lose,1
2550,privateshared,Qwen3.6-35B-A3B-FP8-without-reasoning,letter-number,instance_00001,Success,0
2551,privateshared,Qwen3.6-35B-A3B-FP8-without-reasoning,letter-number,instance_00001,Request Count,120
2552,privateshared,Qwen3.6-35B-A3B-FP8-without-reasoning,letter-number,instance_00001,Parsed Request Count,120
2553,privateshared,Qwen3.6-35B-A3B-FP8-without-reasoning,letter-number,instance_00001,Violated Request Count,0
2554,privateshared,Qwen3.6-35B-A3B-FP8-without-reasoning,letter-number,instance_00001,Request Success Ratio,1.0
2555,privateshared,Qwen3.6-35B-A3B-FP8-without-reasoning,letter-number,instance_00000,Middle-Accuracy,0.5
2556,privateshared,Qwen3.6-35B-A3B-FP8-without-reasoning,letter-number,instance_00000,Accuracy,0.7818181818181819
2557,privateshared,Qwen3.6-35B-A3B-FP8-without-reasoning,letter-number,instance_00000,Kappa,0.5636363636363637
2558,privateshared,Qwen3.6-35B-A3B-FP8-without-reasoning,letter-number,instance_00000,Truncated Kappa,0.5636363636363637
2559,privateshared,Qwen3.6-35B-A3B-FP8-without-reasoning,letter-number,instance_00000,Slot-Filling-Accuracy,1.0
2560,privateshared,Qwen3.6-35B-A3B-FP8-without-reasoning,letter-number,instance_00000,Main Score,72.09302325581396
2561,privateshared,Qwen3.6-35B-A3B-FP8-without-reasoning,letter-number,instance_00000,Aborted,0
2562,privateshared,Qwen3.6-35B-A3B-FP8-without-reasoning,letter-number,instance_00000,Lose,1
2563,privateshared,Qwen3.6-35B-A3B-FP8-without-reasoning,letter-number,instance_00000,Success,0
2564,privateshared,Qwen3.6-35B-A3B-FP8-without-reasoning,letter-number,instance_00000,Request Count,120
2565,privateshared,Qwen3.6-35B-A3B-FP8-without-reasoning,letter-number,instance_00000,Parsed Request Count,120
2566,privateshared,Qwen3.6-35B-A3B-FP8-without-reasoning,letter-number,instance_00000,Violated Request Count,0
2567,privateshared,Qwen3.6-35B-A3B-FP8-without-reasoning,letter-number,instance_00000,Request Success Ratio,1.0
2568,dond,Qwen3.6-35B-A3B-FP8-without-reasoning,semi,instance_00002,Request Count,4
2569,dond,Qwen3.6-35B-A3B-FP8-without-reasoning,semi,instance_00002,Parsed Request Count,4
2570,dond,Qwen3.6-35B-A3B-FP8-without-reasoning,semi,instance_00002,Violated Request Count,0
2571,dond,Qwen3.6-35B-A3B-FP8-without-reasoning,semi,instance_00002,Request Success Ratio,1.0
2572,dond,Qwen3.6-35B-A3B-FP8-without-reasoning,semi,instance_00002,Aborted,0
2573,dond,Qwen3.6-35B-A3B-FP8-without-reasoning,semi,instance_00002,Lose,1
2574,dond,Qwen3.6-35B-A3B-FP8-without-reasoning,semi,instance_00002,Success,0
2575,dond,Qwen3.6-35B-A3B-FP8-without-reasoning,semi,instance_00002,Main Score,0.0
2576,dond,Qwen3.6-35B-A3B-FP8-without-reasoning,semi,instance_00002,Sum of Points,0.0
2577,dond,Qwen3.6-35B-A3B-FP8-without-reasoning,semi,instance_00002,Pareto Optimal,0
2578,dond,Qwen3.6-35B-A3B-FP8-without-reasoning,semi,instance_00003,Request Count,8
2579,dond,Qwen3.6-35B-A3B-FP8-without-reasoning,semi,instance_00003,Parsed Request Count,8
2580,dond,Qwen3.6-35B-A3B-FP8-without-reasoning,semi,instance_00003,Violated Request Count,0
2581,dond,Qwen3.6-35B-A3B-FP8-without-reasoning,semi,instance_00003,Request Success Ratio,1.0
2582,dond,Qwen3.6-35B-A3B-FP8-without-reasoning,semi,instance_00003,Aborted,0
2583,dond,Qwen3.6-35B-A3B-FP8-without-reasoning,semi,instance_00003,Lose,0
2584,dond,Qwen3.6-35B-A3B-FP8-without-reasoning,semi,instance_00003,Success,1
2585,dond,Qwen3.6-35B-A3B-FP8-without-reasoning,semi,instance_00003,Main Score,80.0
2586,dond,Qwen3.6-35B-A3B-FP8-without-reasoning,semi,instance_00003,Sum of Points,0.8571428571428571
2587,dond,Qwen3.6-35B-A3B-FP8-without-reasoning,semi,instance_00003,Pareto Optimal,0
2588,dond,Qwen3.6-35B-A3B-FP8-without-reasoning,semi,instance_00004,Request Count,7
2589,dond,Qwen3.6-35B-A3B-FP8-without-reasoning,semi,instance_00004,Parsed Request Count,7
2590,dond,Qwen3.6-35B-A3B-FP8-without-reasoning,semi,instance_00004,Violated Request Count,0
2591,dond,Qwen3.6-35B-A3B-FP8-without-reasoning,semi,instance_00004,Request Success Ratio,1.0
2592,dond,Qwen3.6-35B-A3B-FP8-without-reasoning,semi,instance_00004,Aborted,0
2593,dond,Qwen3.6-35B-A3B-FP8-without-reasoning,semi,instance_00004,Lose,0
2594,dond,Qwen3.6-35B-A3B-FP8-without-reasoning,semi,instance_00004,Success,1
2595,dond,Qwen3.6-35B-A3B-FP8-without-reasoning,semi,instance_00004,Main Score,100.0
2596,dond,Qwen3.6-35B-A3B-FP8-without-reasoning,semi,instance_00004,Sum of Points,1.0
2597,dond,Qwen3.6-35B-A3B-FP8-without-reasoning,semi,instance_00004,Pareto Optimal,1
2598,dond,Qwen3.6-35B-A3B-FP8-without-reasoning,semi,instance_00001,Request Count,2
2599,dond,Qwen3.6-35B-A3B-FP8-without-reasoning,semi,instance_00001,Parsed Request Count,1
2600,dond,Qwen3.6-35B-A3B-FP8-without-reasoning,semi,instance_00001,Violated Request Count,1
2601,dond,Qwen3.6-35B-A3B-FP8-without-reasoning,semi,instance_00001,Request Success Ratio,0.5
2602,dond,Qwen3.6-35B-A3B-FP8-without-reasoning,semi,instance_00001,Aborted,1
2603,dond,Qwen3.6-35B-A3B-FP8-without-reasoning,semi,instance_00001,Lose,0
2604,dond,Qwen3.6-35B-A3B-FP8-without-reasoning,semi,instance_00001,Success,0
2605,dond,Qwen3.6-35B-A3B-FP8-without-reasoning,semi,instance_00001,Main Score,
2606,dond,Qwen3.6-35B-A3B-FP8-without-reasoning,semi,instance_00000,Request Count,5
2607,dond,Qwen3.6-35B-A3B-FP8-without-reasoning,semi,instance_00000,Parsed Request Count,5
2608,dond,Qwen3.6-35B-A3B-FP8-without-reasoning,semi,instance_00000,Violated Request Count,0
2609,dond,Qwen3.6-35B-A3B-FP8-without-reasoning,semi,instance_00000,Request Success Ratio,1.0
2610,dond,Qwen3.6-35B-A3B-FP8-without-reasoning,semi,instance_00000,Aborted,1
2611,dond,Qwen3.6-35B-A3B-FP8-without-reasoning,semi,instance_00000,Lose,0
2612,dond,Qwen3.6-35B-A3B-FP8-without-reasoning,semi,instance_00000,Success,0
2613,dond,Qwen3.6-35B-A3B-FP8-without-reasoning,semi,instance_00000,Main Score,
2614,dond,Qwen3.6-35B-A3B-FP8-without-reasoning,coop,instance_00002,Request Count,4
2615,dond,Qwen3.6-35B-A3B-FP8-without-reasoning,coop,instance_00002,Parsed Request Count,4
2616,dond,Qwen3.6-35B-A3B-FP8-without-reasoning,coop,instance_00002,Violated Request Count,0
2617,dond,Qwen3.6-35B-A3B-FP8-without-reasoning,coop,instance_00002,Request Success Ratio,1.0
2618,dond,Qwen3.6-35B-A3B-FP8-without-reasoning,coop,instance_00002,Aborted,0
2619,dond,Qwen3.6-35B-A3B-FP8-without-reasoning,coop,instance_00002,Lose,1
2620,dond,Qwen3.6-35B-A3B-FP8-without-reasoning,coop,instance_00002,Success,0
2621,dond,Qwen3.6-35B-A3B-FP8-without-reasoning,coop,instance_00002,Main Score,0.0
2622,dond,Qwen3.6-35B-A3B-FP8-without-reasoning,coop,instance_00002,Sum of Points,0.0
2623,dond,Qwen3.6-35B-A3B-FP8-without-reasoning,coop,instance_00002,Pareto Optimal,0
2624,dond,Qwen3.6-35B-A3B-FP8-without-reasoning,coop,instance_00003,Request Count,4
2625,dond,Qwen3.6-35B-A3B-FP8-without-reasoning,coop,instance_00003,Parsed Request Count,4
2626,dond,Qwen3.6-35B-A3B-FP8-without-reasoning,coop,instance_00003,Violated Request Count,0
2627,dond,Qwen3.6-35B-A3B-FP8-without-reasoning,coop,instance_00003,Request Success Ratio,1.0
2628,dond,Qwen3.6-35B-A3B-FP8-without-reasoning,coop,instance_00003,Aborted,1
2629,dond,Qwen3.6-35B-A3B-FP8-without-reasoning,coop,instance_00003,Lose,0
2630,dond,Qwen3.6-35B-A3B-FP8-without-reasoning,coop,instance_00003,Success,0
2631,dond,Qwen3.6-35B-A3B-FP8-without-reasoning,coop,instance_00003,Main Score,
2632,dond,Qwen3.6-35B-A3B-FP8-without-reasoning,coop,instance_00004,Request Count,5
2633,dond,Qwen3.6-35B-A3B-FP8-without-reasoning,coop,instance_00004,Parsed Request Count,5
2634,dond,Qwen3.6-35B-A3B-FP8-without-reasoning,coop,instance_00004,Violated Request Count,0
2635,dond,Qwen3.6-35B-A3B-FP8-without-reasoning,coop,instance_00004,Request Success Ratio,1.0
2636,dond,Qwen3.6-35B-A3B-FP8-without-reasoning,coop,instance_00004,Aborted,0
2637,dond,Qwen3.6-35B-A3B-FP8-without-reasoning,coop,instance_00004,Lose,0
2638,dond,Qwen3.6-35B-A3B-FP8-without-reasoning,coop,instance_00004,Success,1
2639,dond,Qwen3.6-35B-A3B-FP8-without-reasoning,coop,instance_00004,Main Score,100.0
2640,dond,Qwen3.6-35B-A3B-FP8-without-reasoning,coop,instance_00004,Sum of Points,1.0
2641,dond,Qwen3.6-35B-A3B-FP8-without-reasoning,coop,instance_00004,Pareto Optimal,1
2642,dond,Qwen3.6-35B-A3B-FP8-without-reasoning,coop,instance_00001,Request Count,5
2643,dond,Qwen3.6-35B-A3B-FP8-without-reasoning,coop,instance_00001,Parsed Request Count,5
2644,dond,Qwen3.6-35B-A3B-FP8-without-reasoning,coop,instance_00001,Violated Request Count,0
2645,dond,Qwen3.6-35B-A3B-FP8-without-reasoning,coop,instance_00001,Request Success Ratio,1.0
2646,dond,Qwen3.6-35B-A3B-FP8-without-reasoning,coop,instance_00001,Aborted,0
2647,dond,Qwen3.6-35B-A3B-FP8-without-reasoning,coop,instance_00001,Lose,0
2648,dond,Qwen3.6-35B-A3B-FP8-without-reasoning,coop,instance_00001,Success,1
2649,dond,Qwen3.6-35B-A3B-FP8-without-reasoning,coop,instance_00001,Main Score,85.71428571428572
2650,dond,Qwen3.6-35B-A3B-FP8-without-reasoning,coop,instance_00001,Sum of Points,0.8571428571428571
2651,dond,Qwen3.6-35B-A3B-FP8-without-reasoning,coop,instance_00001,Pareto Optimal,0
2652,dond,Qwen3.6-35B-A3B-FP8-without-reasoning,coop,instance_00000,Request Count,4
2653,dond,Qwen3.6-35B-A3B-FP8-without-reasoning,coop,instance_00000,Parsed Request Count,4
2654,dond,Qwen3.6-35B-A3B-FP8-without-reasoning,coop,instance_00000,Violated Request Count,0
2655,dond,Qwen3.6-35B-A3B-FP8-without-reasoning,coop,instance_00000,Request Success Ratio,1.0
2656,dond,Qwen3.6-35B-A3B-FP8-without-reasoning,coop,instance_00000,Aborted,0
2657,dond,Qwen3.6-35B-A3B-FP8-without-reasoning,coop,instance_00000,Lose,0
2658,dond,Qwen3.6-35B-A3B-FP8-without-reasoning,coop,instance_00000,Success,1
2659,dond,Qwen3.6-35B-A3B-FP8-without-reasoning,coop,instance_00000,Main Score,94.11764705882352
2660,dond,Qwen3.6-35B-A3B-FP8-without-reasoning,coop,instance_00000,Sum of Points,0.9411764705882353
2661,dond,Qwen3.6-35B-A3B-FP8-without-reasoning,coop,instance_00000,Pareto Optimal,0
2662,guesswhat,Qwen3.6-35B-A3B-FP8-without-reasoning,Level_3,instance_00005,Violated Request Count,0
2663,guesswhat,Qwen3.6-35B-A3B-FP8-without-reasoning,Level_3,instance_00005,Parsed Request Count,3
2664,guesswhat,Qwen3.6-35B-A3B-FP8-without-reasoning,Level_3,instance_00005,Request Count,3
2665,guesswhat,Qwen3.6-35B-A3B-FP8-without-reasoning,Level_3,instance_00005,Request Success Ratio,1.0
2666,guesswhat,Qwen3.6-35B-A3B-FP8-without-reasoning,Level_3,instance_00005,Aborted,0
2667,guesswhat,Qwen3.6-35B-A3B-FP8-without-reasoning,Level_3,instance_00005,Success,1
2668,guesswhat,Qwen3.6-35B-A3B-FP8-without-reasoning,Level_3,instance_00005,Lose,0
2669,guesswhat,Qwen3.6-35B-A3B-FP8-without-reasoning,Level_3,instance_00005,Speed,100
2670,guesswhat,Qwen3.6-35B-A3B-FP8-without-reasoning,Level_3,instance_00005,Main Score,100
2671,guesswhat,Qwen3.6-35B-A3B-FP8-without-reasoning,Level_3,instance_00005,Invalid format guesser response,0
2672,guesswhat,Qwen3.6-35B-A3B-FP8-without-reasoning,Level_3,instance_00005,Invalid format answerer response,0
2673,guesswhat,Qwen3.6-35B-A3B-FP8-without-reasoning,Level_3,instance_00005,Invalid content guesser response,0
2674,guesswhat,Qwen3.6-35B-A3B-FP8-without-reasoning,Level_3,instance_00005,Invalid content answerer response,0
2675,guesswhat,Qwen3.6-35B-A3B-FP8-without-reasoning,Level_3,instance_00002,Violated Request Count,0
2676,guesswhat,Qwen3.6-35B-A3B-FP8-without-reasoning,Level_3,instance_00002,Parsed Request Count,5
2677,guesswhat,Qwen3.6-35B-A3B-FP8-without-reasoning,Level_3,instance_00002,Request Count,5
2678,guesswhat,Qwen3.6-35B-A3B-FP8-without-reasoning,Level_3,instance_00002,Request Success Ratio,1.0
2679,guesswhat,Qwen3.6-35B-A3B-FP8-without-reasoning,Level_3,instance_00002,Aborted,0
2680,guesswhat,Qwen3.6-35B-A3B-FP8-without-reasoning,Level_3,instance_00002,Success,1
2681,guesswhat,Qwen3.6-35B-A3B-FP8-without-reasoning,Level_3,instance_00002,Lose,0
2682,guesswhat,Qwen3.6-35B-A3B-FP8-without-reasoning,Level_3,instance_00002,Speed,100
2683,guesswhat,Qwen3.6-35B-A3B-FP8-without-reasoning,Level_3,instance_00002,Main Score,100
2684,guesswhat,Qwen3.6-35B-A3B-FP8-without-reasoning,Level_3,instance_00002,Invalid format guesser response,0
2685,guesswhat,Qwen3.6-35B-A3B-FP8-without-reasoning,Level_3,instance_00002,Invalid format answerer response,0
2686,guesswhat,Qwen3.6-35B-A3B-FP8-without-reasoning,Level_3,instance_00002,Invalid content guesser response,0
2687,guesswhat,Qwen3.6-35B-A3B-FP8-without-reasoning,Level_3,instance_00002,Invalid content answerer response,0
2688,guesswhat,Qwen3.6-35B-A3B-FP8-without-reasoning,Level_3,instance_00003,Violated Request Count,0
2689,guesswhat,Qwen3.6-35B-A3B-FP8-without-reasoning,Level_3,instance_00003,Parsed Request Count,5
2690,guesswhat,Qwen3.6-35B-A3B-FP8-without-reasoning,Level_3,instance_00003,Request Count,5
2691,guesswhat,Qwen3.6-35B-A3B-FP8-without-reasoning,Level_3,instance_00003,Request Success Ratio,1.0
2692,guesswhat,Qwen3.6-35B-A3B-FP8-without-reasoning,Level_3,instance_00003,Aborted,0
2693,guesswhat,Qwen3.6-35B-A3B-FP8-without-reasoning,Level_3,instance_00003,Success,1
2694,guesswhat,Qwen3.6-35B-A3B-FP8-without-reasoning,Level_3,instance_00003,Lose,0
2695,guesswhat,Qwen3.6-35B-A3B-FP8-without-reasoning,Level_3,instance_00003,Speed,100
2696,guesswhat,Qwen3.6-35B-A3B-FP8-without-reasoning,Level_3,instance_00003,Main Score,100
2697,guesswhat,Qwen3.6-35B-A3B-FP8-without-reasoning,Level_3,instance_00003,Invalid format guesser response,0
2698,guesswhat,Qwen3.6-35B-A3B-FP8-without-reasoning,Level_3,instance_00003,Invalid format answerer response,0
2699,guesswhat,Qwen3.6-35B-A3B-FP8-without-reasoning,Level_3,instance_00003,Invalid content guesser response,0
2700,guesswhat,Qwen3.6-35B-A3B-FP8-without-reasoning,Level_3,instance_00003,Invalid content answerer response,0
2701,guesswhat,Qwen3.6-35B-A3B-FP8-without-reasoning,Level_3,instance_00004,Violated Request Count,0
2702,guesswhat,Qwen3.6-35B-A3B-FP8-without-reasoning,Level_3,instance_00004,Parsed Request Count,7
2703,guesswhat,Qwen3.6-35B-A3B-FP8-without-reasoning,Level_3,instance_00004,Request Count,7
2704,guesswhat,Qwen3.6-35B-A3B-FP8-without-reasoning,Level_3,instance_00004,Request Success Ratio,1.0
2705,guesswhat,Qwen3.6-35B-A3B-FP8-without-reasoning,Level_3,instance_00004,Aborted,0
2706,guesswhat,Qwen3.6-35B-A3B-FP8-without-reasoning,Level_3,instance_00004,Success,0
2707,guesswhat,Qwen3.6-35B-A3B-FP8-without-reasoning,Level_3,instance_00004,Lose,1
2708,guesswhat,Qwen3.6-35B-A3B-FP8-without-reasoning,Level_3,instance_00004,Main Score,0
2709,guesswhat,Qwen3.6-35B-A3B-FP8-without-reasoning,Level_3,instance_00004,Invalid format guesser response,0
2710,guesswhat,Qwen3.6-35B-A3B-FP8-without-reasoning,Level_3,instance_00004,Invalid format answerer response,0
2711,guesswhat,Qwen3.6-35B-A3B-FP8-without-reasoning,Level_3,instance_00004,Invalid content guesser response,0
2712,guesswhat,Qwen3.6-35B-A3B-FP8-without-reasoning,Level_3,instance_00004,Invalid content answerer response,0
2713,guesswhat,Qwen3.6-35B-A3B-FP8-without-reasoning,Level_3,instance_00008,Violated Request Count,0
2714,guesswhat,Qwen3.6-35B-A3B-FP8-without-reasoning,Level_3,instance_00008,Parsed Request Count,8
2715,guesswhat,Qwen3.6-35B-A3B-FP8-without-reasoning,Level_3,instance_00008,Request Count,8
2716,guesswhat,Qwen3.6-35B-A3B-FP8-without-reasoning,Level_3,instance_00008,Request Success Ratio,1.0
2717,guesswhat,Qwen3.6-35B-A3B-FP8-without-reasoning,Level_3,instance_00008,Aborted,0
2718,guesswhat,Qwen3.6-35B-A3B-FP8-without-reasoning,Level_3,instance_00008,Success,1
2719,guesswhat,Qwen3.6-35B-A3B-FP8-without-reasoning,Level_3,instance_00008,Lose,0
2720,guesswhat,Qwen3.6-35B-A3B-FP8-without-reasoning,Level_3,instance_00008,Speed,0
2721,guesswhat,Qwen3.6-35B-A3B-FP8-without-reasoning,Level_3,instance_00008,Main Score,0
2722,guesswhat,Qwen3.6-35B-A3B-FP8-without-reasoning,Level_3,instance_00008,Invalid format guesser response,0
2723,guesswhat,Qwen3.6-35B-A3B-FP8-without-reasoning,Level_3,instance_00008,Invalid format answerer response,0
2724,guesswhat,Qwen3.6-35B-A3B-FP8-without-reasoning,Level_3,instance_00008,Invalid content guesser response,0
2725,guesswhat,Qwen3.6-35B-A3B-FP8-without-reasoning,Level_3,instance_00008,Invalid content answerer response,0
2726,guesswhat,Qwen3.6-35B-A3B-FP8-without-reasoning,Level_3,instance_00001,Violated Request Count,0
2727,guesswhat,Qwen3.6-35B-A3B-FP8-without-reasoning,Level_3,instance_00001,Parsed Request Count,5
2728,guesswhat,Qwen3.6-35B-A3B-FP8-without-reasoning,Level_3,instance_00001,Request Count,5
2729,guesswhat,Qwen3.6-35B-A3B-FP8-without-reasoning,Level_3,instance_00001,Request Success Ratio,1.0
2730,guesswhat,Qwen3.6-35B-A3B-FP8-without-reasoning,Level_3,instance_00001,Aborted,0
2731,guesswhat,Qwen3.6-35B-A3B-FP8-without-reasoning,Level_3,instance_00001,Success,1
2732,guesswhat,Qwen3.6-35B-A3B-FP8-without-reasoning,Level_3,instance_00001,Lose,0
2733,guesswhat,Qwen3.6-35B-A3B-FP8-without-reasoning,Level_3,instance_00001,Speed,100
2734,guesswhat,Qwen3.6-35B-A3B-FP8-without-reasoning,Level_3,instance_00001,Main Score,100
2735,guesswhat,Qwen3.6-35B-A3B-FP8-without-reasoning,Level_3,instance_00001,Invalid format guesser response,0
2736,guesswhat,Qwen3.6-35B-A3B-FP8-without-reasoning,Level_3,instance_00001,Invalid format answerer response,0
2737,guesswhat,Qwen3.6-35B-A3B-FP8-without-reasoning,Level_3,instance_00001,Invalid content guesser response,0
2738,guesswhat,Qwen3.6-35B-A3B-FP8-without-reasoning,Level_3,instance_00001,Invalid content answerer response,0
2739,guesswhat,Qwen3.6-35B-A3B-FP8-without-reasoning,Level_3,instance_00006,Violated Request Count,0
2740,guesswhat,Qwen3.6-35B-A3B-FP8-without-reasoning,Level_3,instance_00006,Parsed Request Count,6
2741,guesswhat,Qwen3.6-35B-A3B-FP8-without-reasoning,Level_3,instance_00006,Request Count,6
2742,guesswhat,Qwen3.6-35B-A3B-FP8-without-reasoning,Level_3,instance_00006,Request Success Ratio,1.0
2743,guesswhat,Qwen3.6-35B-A3B-FP8-without-reasoning,Level_3,instance_00006,Aborted,0
2744,guesswhat,Qwen3.6-35B-A3B-FP8-without-reasoning,Level_3,instance_00006,Success,0
2745,guesswhat,Qwen3.6-35B-A3B-FP8-without-reasoning,Level_3,instance_00006,Lose,1
2746,guesswhat,Qwen3.6-35B-A3B-FP8-without-reasoning,Level_3,instance_00006,Main Score,0
2747,guesswhat,Qwen3.6-35B-A3B-FP8-without-reasoning,Level_3,instance_00006,Invalid format guesser response,0
2748,guesswhat,Qwen3.6-35B-A3B-FP8-without-reasoning,Level_3,instance_00006,Invalid format answerer response,0
2749,guesswhat,Qwen3.6-35B-A3B-FP8-without-reasoning,Level_3,instance_00006,Invalid content guesser response,0
2750,guesswhat,Qwen3.6-35B-A3B-FP8-without-reasoning,Level_3,instance_00006,Invalid content answerer response,0
2751,guesswhat,Qwen3.6-35B-A3B-FP8-without-reasoning,Level_3,instance_00007,Violated Request Count,0
2752,guesswhat,Qwen3.6-35B-A3B-FP8-without-reasoning,Level_3,instance_00007,Parsed Request Count,4
2753,guesswhat,Qwen3.6-35B-A3B-FP8-without-reasoning,Level_3,instance_00007,Request Count,4
2754,guesswhat,Qwen3.6-35B-A3B-FP8-without-reasoning,Level_3,instance_00007,Request Success Ratio,1.0
2755,guesswhat,Qwen3.6-35B-A3B-FP8-without-reasoning,Level_3,instance_00007,Aborted,0
2756,guesswhat,Qwen3.6-35B-A3B-FP8-without-reasoning,Level_3,instance_00007,Success,1
2757,guesswhat,Qwen3.6-35B-A3B-FP8-without-reasoning,Level_3,instance_00007,Lose,0
2758,guesswhat,Qwen3.6-35B-A3B-FP8-without-reasoning,Level_3,instance_00007,Speed,100
2759,guesswhat,Qwen3.6-35B-A3B-FP8-without-reasoning,Level_3,instance_00007,Main Score,100
2760,guesswhat,Qwen3.6-35B-A3B-FP8-without-reasoning,Level_3,instance_00007,Invalid format guesser response,0
2761,guesswhat,Qwen3.6-35B-A3B-FP8-without-reasoning,Level_3,instance_00007,Invalid format answerer response,0
2762,guesswhat,Qwen3.6-35B-A3B-FP8-without-reasoning,Level_3,instance_00007,Invalid content guesser response,0
2763,guesswhat,Qwen3.6-35B-A3B-FP8-without-reasoning,Level_3,instance_00007,Invalid content answerer response,0
2764,guesswhat,Qwen3.6-35B-A3B-FP8-without-reasoning,Level_3,instance_00000,Violated Request Count,0
2765,guesswhat,Qwen3.6-35B-A3B-FP8-without-reasoning,Level_3,instance_00000,Parsed Request Count,5
2766,guesswhat,Qwen3.6-35B-A3B-FP8-without-reasoning,Level_3,instance_00000,Request Count,5
2767,guesswhat,Qwen3.6-35B-A3B-FP8-without-reasoning,Level_3,instance_00000,Request Success Ratio,1.0
2768,guesswhat,Qwen3.6-35B-A3B-FP8-without-reasoning,Level_3,instance_00000,Aborted,0
2769,guesswhat,Qwen3.6-35B-A3B-FP8-without-reasoning,Level_3,instance_00000,Success,0
2770,guesswhat,Qwen3.6-35B-A3B-FP8-without-reasoning,Level_3,instance_00000,Lose,1
2771,guesswhat,Qwen3.6-35B-A3B-FP8-without-reasoning,Level_3,instance_00000,Main Score,0
2772,guesswhat,Qwen3.6-35B-A3B-FP8-without-reasoning,Level_3,instance_00000,Invalid format guesser response,0
2773,guesswhat,Qwen3.6-35B-A3B-FP8-without-reasoning,Level_3,instance_00000,Invalid format answerer response,0
2774,guesswhat,Qwen3.6-35B-A3B-FP8-without-reasoning,Level_3,instance_00000,Invalid content guesser response,0
2775,guesswhat,Qwen3.6-35B-A3B-FP8-without-reasoning,Level_3,instance_00000,Invalid content answerer response,0
2776,guesswhat,Qwen3.6-35B-A3B-FP8-without-reasoning,Level_3,instance_00009,Violated Request Count,0
2777,guesswhat,Qwen3.6-35B-A3B-FP8-without-reasoning,Level_3,instance_00009,Parsed Request Count,7
2778,guesswhat,Qwen3.6-35B-A3B-FP8-without-reasoning,Level_3,instance_00009,Request Count,7
2779,guesswhat,Qwen3.6-35B-A3B-FP8-without-reasoning,Level_3,instance_00009,Request Success Ratio,1.0
2780,guesswhat,Qwen3.6-35B-A3B-FP8-without-reasoning,Level_3,instance_00009,Aborted,0
2781,guesswhat,Qwen3.6-35B-A3B-FP8-without-reasoning,Level_3,instance_00009,Success,1
2782,guesswhat,Qwen3.6-35B-A3B-FP8-without-reasoning,Level_3,instance_00009,Lose,0
2783,guesswhat,Qwen3.6-35B-A3B-FP8-without-reasoning,Level_3,instance_00009,Speed,33.333333333333336
2784,guesswhat,Qwen3.6-35B-A3B-FP8-without-reasoning,Level_3,instance_00009,Main Score,33.333333333333336
2785,guesswhat,Qwen3.6-35B-A3B-FP8-without-reasoning,Level_3,instance_00009,Invalid format guesser response,0
2786,guesswhat,Qwen3.6-35B-A3B-FP8-without-reasoning,Level_3,instance_00009,Invalid format answerer response,0
2787,guesswhat,Qwen3.6-35B-A3B-FP8-without-reasoning,Level_3,instance_00009,Invalid content guesser response,0
2788,guesswhat,Qwen3.6-35B-A3B-FP8-without-reasoning,Level_3,instance_00009,Invalid content answerer response,0
2789,guesswhat,Qwen3.6-35B-A3B-FP8-without-reasoning,Level_2,instance_00005,Violated Request Count,0
2790,guesswhat,Qwen3.6-35B-A3B-FP8-without-reasoning,Level_2,instance_00005,Parsed Request Count,5
2791,guesswhat,Qwen3.6-35B-A3B-FP8-without-reasoning,Level_2,instance_00005,Request Count,5
2792,guesswhat,Qwen3.6-35B-A3B-FP8-without-reasoning,Level_2,instance_00005,Request Success Ratio,1.0
2793,guesswhat,Qwen3.6-35B-A3B-FP8-without-reasoning,Level_2,instance_00005,Aborted,0
2794,guesswhat,Qwen3.6-35B-A3B-FP8-without-reasoning,Level_2,instance_00005,Success,0
2795,guesswhat,Qwen3.6-35B-A3B-FP8-without-reasoning,Level_2,instance_00005,Lose,1
2796,guesswhat,Qwen3.6-35B-A3B-FP8-without-reasoning,Level_2,instance_00005,Main Score,0
2797,guesswhat,Qwen3.6-35B-A3B-FP8-without-reasoning,Level_2,instance_00005,Invalid format guesser response,0
2798,guesswhat,Qwen3.6-35B-A3B-FP8-without-reasoning,Level_2,instance_00005,Invalid format answerer response,0
2799,guesswhat,Qwen3.6-35B-A3B-FP8-without-reasoning,Level_2,instance_00005,Invalid content guesser response,0
2800,guesswhat,Qwen3.6-35B-A3B-FP8-without-reasoning,Level_2,instance_00005,Invalid content answerer response,0
2801,guesswhat,Qwen3.6-35B-A3B-FP8-without-reasoning,Level_2,instance_00002,Violated Request Count,0
2802,guesswhat,Qwen3.6-35B-A3B-FP8-without-reasoning,Level_2,instance_00002,Parsed Request Count,5
2803,guesswhat,Qwen3.6-35B-A3B-FP8-without-reasoning,Level_2,instance_00002,Request Count,5
2804,guesswhat,Qwen3.6-35B-A3B-FP8-without-reasoning,Level_2,instance_00002,Request Success Ratio,1.0
2805,guesswhat,Qwen3.6-35B-A3B-FP8-without-reasoning,Level_2,instance_00002,Aborted,0
2806,guesswhat,Qwen3.6-35B-A3B-FP8-without-reasoning,Level_2,instance_00002,Success,1
2807,guesswhat,Qwen3.6-35B-A3B-FP8-without-reasoning,Level_2,instance_00002,Lose,0
2808,guesswhat,Qwen3.6-35B-A3B-FP8-without-reasoning,Level_2,instance_00002,Speed,100
2809,guesswhat,Qwen3.6-35B-A3B-FP8-without-reasoning,Level_2,instance_00002,Main Score,100
2810,guesswhat,Qwen3.6-35B-A3B-FP8-without-reasoning,Level_2,instance_00002,Invalid format guesser response,0
2811,guesswhat,Qwen3.6-35B-A3B-FP8-without-reasoning,Level_2,instance_00002,Invalid format answerer response,0
2812,guesswhat,Qwen3.6-35B-A3B-FP8-without-reasoning,Level_2,instance_00002,Invalid content guesser response,0
2813,guesswhat,Qwen3.6-35B-A3B-FP8-without-reasoning,Level_2,instance_00002,Invalid content answerer response,0
2814,guesswhat,Qwen3.6-35B-A3B-FP8-without-reasoning,Level_2,instance_00003,Violated Request Count,0
2815,guesswhat,Qwen3.6-35B-A3B-FP8-without-reasoning,Level_2,instance_00003,Parsed Request Count,7
2816,guesswhat,Qwen3.6-35B-A3B-FP8-without-reasoning,Level_2,instance_00003,Request Count,7
2817,guesswhat,Qwen3.6-35B-A3B-FP8-without-reasoning,Level_2,instance_00003,Request Success Ratio,1.0
2818,guesswhat,Qwen3.6-35B-A3B-FP8-without-reasoning,Level_2,instance_00003,Aborted,0
2819,guesswhat,Qwen3.6-35B-A3B-FP8-without-reasoning,Level_2,instance_00003,Success,1
2820,guesswhat,Qwen3.6-35B-A3B-FP8-without-reasoning,Level_2,instance_00003,Lose,0
2821,guesswhat,Qwen3.6-35B-A3B-FP8-without-reasoning,Level_2,instance_00003,Speed,33.333333333333336
2822,guesswhat,Qwen3.6-35B-A3B-FP8-without-reasoning,Level_2,instance_00003,Main Score,33.333333333333336
2823,guesswhat,Qwen3.6-35B-A3B-FP8-without-reasoning,Level_2,instance_00003,Invalid format guesser response,0
2824,guesswhat,Qwen3.6-35B-A3B-FP8-without-reasoning,Level_2,instance_00003,Invalid format answerer response,0
2825,guesswhat,Qwen3.6-35B-A3B-FP8-without-reasoning,Level_2,instance_00003,Invalid content guesser response,0
2826,guesswhat,Qwen3.6-35B-A3B-FP8-without-reasoning,Level_2,instance_00003,Invalid content answerer response,0
2827,guesswhat,Qwen3.6-35B-A3B-FP8-without-reasoning,Level_2,instance_00004,Violated Request Count,0
2828,guesswhat,Qwen3.6-35B-A3B-FP8-without-reasoning,Level_2,instance_00004,Parsed Request Count,7
2829,guesswhat,Qwen3.6-35B-A3B-FP8-without-reasoning,Level_2,instance_00004,Request Count,7
2830,guesswhat,Qwen3.6-35B-A3B-FP8-without-reasoning,Level_2,instance_00004,Request Success Ratio,1.0
2831,guesswhat,Qwen3.6-35B-A3B-FP8-without-reasoning,Level_2,instance_00004,Aborted,0
2832,guesswhat,Qwen3.6-35B-A3B-FP8-without-reasoning,Level_2,instance_00004,Success,1
2833,guesswhat,Qwen3.6-35B-A3B-FP8-without-reasoning,Level_2,instance_00004,Lose,0
2834,guesswhat,Qwen3.6-35B-A3B-FP8-without-reasoning,Level_2,instance_00004,Speed,33.333333333333336
2835,guesswhat,Qwen3.6-35B-A3B-FP8-without-reasoning,Level_2,instance_00004,Main Score,33.333333333333336
2836,guesswhat,Qwen3.6-35B-A3B-FP8-without-reasoning,Level_2,instance_00004,Invalid format guesser response,0
2837,guesswhat,Qwen3.6-35B-A3B-FP8-without-reasoning,Level_2,instance_00004,Invalid format answerer response,0
2838,guesswhat,Qwen3.6-35B-A3B-FP8-without-reasoning,Level_2,instance_00004,Invalid content guesser response,0
2839,guesswhat,Qwen3.6-35B-A3B-FP8-without-reasoning,Level_2,instance_00004,Invalid content answerer response,0
2840,guesswhat,Qwen3.6-35B-A3B-FP8-without-reasoning,Level_2,instance_00008,Violated Request Count,0
2841,guesswhat,Qwen3.6-35B-A3B-FP8-without-reasoning,Level_2,instance_00008,Parsed Request Count,7
2842,guesswhat,Qwen3.6-35B-A3B-FP8-without-reasoning,Level_2,instance_00008,Request Count,7
2843,guesswhat,Qwen3.6-35B-A3B-FP8-without-reasoning,Level_2,instance_00008,Request Success Ratio,1.0
2844,guesswhat,Qwen3.6-35B-A3B-FP8-without-reasoning,Level_2,instance_00008,Aborted,0
2845,guesswhat,Qwen3.6-35B-A3B-FP8-without-reasoning,Level_2,instance_00008,Success,0
2846,guesswhat,Qwen3.6-35B-A3B-FP8-without-reasoning,Level_2,instance_00008,Lose,1
2847,guesswhat,Qwen3.6-35B-A3B-FP8-without-reasoning,Level_2,instance_00008,Main Score,0
2848,guesswhat,Qwen3.6-35B-A3B-FP8-without-reasoning,Level_2,instance_00008,Invalid format guesser response,0
2849,guesswhat,Qwen3.6-35B-A3B-FP8-without-reasoning,Level_2,instance_00008,Invalid format answerer response,0
2850,guesswhat,Qwen3.6-35B-A3B-FP8-without-reasoning,Level_2,instance_00008,Invalid content guesser response,0
2851,guesswhat,Qwen3.6-35B-A3B-FP8-without-reasoning,Level_2,instance_00008,Invalid content answerer response,0
2852,guesswhat,Qwen3.6-35B-A3B-FP8-without-reasoning,Level_2,instance_00001,Violated Request Count,0
2853,guesswhat,Qwen3.6-35B-A3B-FP8-without-reasoning,Level_2,instance_00001,Parsed Request Count,6
2854,guesswhat,Qwen3.6-35B-A3B-FP8-without-reasoning,Level_2,instance_00001,Request Count,6
2855,guesswhat,Qwen3.6-35B-A3B-FP8-without-reasoning,Level_2,instance_00001,Request Success Ratio,1.0
2856,guesswhat,Qwen3.6-35B-A3B-FP8-without-reasoning,Level_2,instance_00001,Aborted,0
2857,guesswhat,Qwen3.6-35B-A3B-FP8-without-reasoning,Level_2,instance_00001,Success,1
2858,guesswhat,Qwen3.6-35B-A3B-FP8-without-reasoning,Level_2,instance_00001,Lose,0
2859,guesswhat,Qwen3.6-35B-A3B-FP8-without-reasoning,Level_2,instance_00001,Speed,66.66666666666667
2860,guesswhat,Qwen3.6-35B-A3B-FP8-without-reasoning,Level_2,instance_00001,Main Score,66.66666666666667
2861,guesswhat,Qwen3.6-35B-A3B-FP8-without-reasoning,Level_2,instance_00001,Invalid format guesser response,0
2862,guesswhat,Qwen3.6-35B-A3B-FP8-without-reasoning,Level_2,instance_00001,Invalid format answerer response,0
2863,guesswhat,Qwen3.6-35B-A3B-FP8-without-reasoning,Level_2,instance_00001,Invalid content guesser response,0
2864,guesswhat,Qwen3.6-35B-A3B-FP8-without-reasoning,Level_2,instance_00001,Invalid content answerer response,0
2865,guesswhat,Qwen3.6-35B-A3B-FP8-without-reasoning,Level_2,instance_00006,Violated Request Count,0
2866,guesswhat,Qwen3.6-35B-A3B-FP8-without-reasoning,Level_2,instance_00006,Parsed Request Count,4
2867,guesswhat,Qwen3.6-35B-A3B-FP8-without-reasoning,Level_2,instance_00006,Request Count,4
2868,guesswhat,Qwen3.6-35B-A3B-FP8-without-reasoning,Level_2,instance_00006,Request Success Ratio,1.0
2869,guesswhat,Qwen3.6-35B-A3B-FP8-without-reasoning,Level_2,instance_00006,Aborted,0
2870,guesswhat,Qwen3.6-35B-A3B-FP8-without-reasoning,Level_2,instance_00006,Success,1
2871,guesswhat,Qwen3.6-35B-A3B-FP8-without-reasoning,Level_2,instance_00006,Lose,0
2872,guesswhat,Qwen3.6-35B-A3B-FP8-without-reasoning,Level_2,instance_00006,Speed,100
2873,guesswhat,Qwen3.6-35B-A3B-FP8-without-reasoning,Level_2,instance_00006,Main Score,100
2874,guesswhat,Qwen3.6-35B-A3B-FP8-without-reasoning,Level_2,instance_00006,Invalid format guesser response,0
2875,guesswhat,Qwen3.6-35B-A3B-FP8-without-reasoning,Level_2,instance_00006,Invalid format answerer response,0
2876,guesswhat,Qwen3.6-35B-A3B-FP8-without-reasoning,Level_2,instance_00006,Invalid content guesser response,0
2877,guesswhat,Qwen3.6-35B-A3B-FP8-without-reasoning,Level_2,instance_00006,Invalid content answerer response,0
2878,guesswhat,Qwen3.6-35B-A3B-FP8-without-reasoning,Level_2,instance_00007,Violated Request Count,0
2879,guesswhat,Qwen3.6-35B-A3B-FP8-without-reasoning,Level_2,instance_00007,Parsed Request Count,5
2880,guesswhat,Qwen3.6-35B-A3B-FP8-without-reasoning,Level_2,instance_00007,Request Count,5
2881,guesswhat,Qwen3.6-35B-A3B-FP8-without-reasoning,Level_2,instance_00007,Request Success Ratio,1.0
2882,guesswhat,Qwen3.6-35B-A3B-FP8-without-reasoning,Level_2,instance_00007,Aborted,0
2883,guesswhat,Qwen3.6-35B-A3B-FP8-without-reasoning,Level_2,instance_00007,Success,1
2884,guesswhat,Qwen3.6-35B-A3B-FP8-without-reasoning,Level_2,instance_00007,Lose,0
2885,guesswhat,Qwen3.6-35B-A3B-FP8-without-reasoning,Level_2,instance_00007,Speed,100
2886,guesswhat,Qwen3.6-35B-A3B-FP8-without-reasoning,Level_2,instance_00007,Main Score,100
2887,guesswhat,Qwen3.6-35B-A3B-FP8-without-reasoning,Level_2,instance_00007,Invalid format guesser response,0
2888,guesswhat,Qwen3.6-35B-A3B-FP8-without-reasoning,Level_2,instance_00007,Invalid format answerer response,0
2889,guesswhat,Qwen3.6-35B-A3B-FP8-without-reasoning,Level_2,instance_00007,Invalid content guesser response,0
2890,guesswhat,Qwen3.6-35B-A3B-FP8-without-reasoning,Level_2,instance_00007,Invalid content answerer response,0
2891,guesswhat,Qwen3.6-35B-A3B-FP8-without-reasoning,Level_2,instance_00000,Violated Request Count,0
2892,guesswhat,Qwen3.6-35B-A3B-FP8-without-reasoning,Level_2,instance_00000,Parsed Request Count,5
2893,guesswhat,Qwen3.6-35B-A3B-FP8-without-reasoning,Level_2,instance_00000,Request Count,5
2894,guesswhat,Qwen3.6-35B-A3B-FP8-without-reasoning,Level_2,instance_00000,Request Success Ratio,1.0
2895,guesswhat,Qwen3.6-35B-A3B-FP8-without-reasoning,Level_2,instance_00000,Aborted,0
2896,guesswhat,Qwen3.6-35B-A3B-FP8-without-reasoning,Level_2,instance_00000,Success,1
2897,guesswhat,Qwen3.6-35B-A3B-FP8-without-reasoning,Level_2,instance_00000,Lose,0
2898,guesswhat,Qwen3.6-35B-A3B-FP8-without-reasoning,Level_2,instance_00000,Speed,100
2899,guesswhat,Qwen3.6-35B-A3B-FP8-without-reasoning,Level_2,instance_00000,Main Score,100
2900,guesswhat,Qwen3.6-35B-A3B-FP8-without-reasoning,Level_2,instance_00000,Invalid format guesser response,0
2901,guesswhat,Qwen3.6-35B-A3B-FP8-without-reasoning,Level_2,instance_00000,Invalid format answerer response,0
2902,guesswhat,Qwen3.6-35B-A3B-FP8-without-reasoning,Level_2,instance_00000,Invalid content guesser response,0
2903,guesswhat,Qwen3.6-35B-A3B-FP8-without-reasoning,Level_2,instance_00000,Invalid content answerer response,0
2904,guesswhat,Qwen3.6-35B-A3B-FP8-without-reasoning,Level_2,instance_00009,Violated Request Count,0
2905,guesswhat,Qwen3.6-35B-A3B-FP8-without-reasoning,Level_2,instance_00009,Parsed Request Count,6
2906,guesswhat,Qwen3.6-35B-A3B-FP8-without-reasoning,Level_2,instance_00009,Request Count,6
2907,guesswhat,Qwen3.6-35B-A3B-FP8-without-reasoning,Level_2,instance_00009,Request Success Ratio,1.0
2908,guesswhat,Qwen3.6-35B-A3B-FP8-without-reasoning,Level_2,instance_00009,Aborted,0
2909,guesswhat,Qwen3.6-35B-A3B-FP8-without-reasoning,Level_2,instance_00009,Success,1
2910,guesswhat,Qwen3.6-35B-A3B-FP8-without-reasoning,Level_2,instance_00009,Lose,0
2911,guesswhat,Qwen3.6-35B-A3B-FP8-without-reasoning,Level_2,instance_00009,Speed,66.66666666666667
2912,guesswhat,Qwen3.6-35B-A3B-FP8-without-reasoning,Level_2,instance_00009,Main Score,66.66666666666667
2913,guesswhat,Qwen3.6-35B-A3B-FP8-without-reasoning,Level_2,instance_00009,Invalid format guesser response,0
2914,guesswhat,Qwen3.6-35B-A3B-FP8-without-reasoning,Level_2,instance_00009,Invalid format answerer response,0
2915,guesswhat,Qwen3.6-35B-A3B-FP8-without-reasoning,Level_2,instance_00009,Invalid content guesser response,0
2916,guesswhat,Qwen3.6-35B-A3B-FP8-without-reasoning,Level_2,instance_00009,Invalid content answerer response,0
2917,guesswhat,Qwen3.6-35B-A3B-FP8-without-reasoning,Level_1,instance_00005,Violated Request Count,0
2918,guesswhat,Qwen3.6-35B-A3B-FP8-without-reasoning,Level_1,instance_00005,Parsed Request Count,6
2919,guesswhat,Qwen3.6-35B-A3B-FP8-without-reasoning,Level_1,instance_00005,Request Count,6
2920,guesswhat,Qwen3.6-35B-A3B-FP8-without-reasoning,Level_1,instance_00005,Request Success Ratio,1.0
2921,guesswhat,Qwen3.6-35B-A3B-FP8-without-reasoning,Level_1,instance_00005,Aborted,0
2922,guesswhat,Qwen3.6-35B-A3B-FP8-without-reasoning,Level_1,instance_00005,Success,1
2923,guesswhat,Qwen3.6-35B-A3B-FP8-without-reasoning,Level_1,instance_00005,Lose,0
2924,guesswhat,Qwen3.6-35B-A3B-FP8-without-reasoning,Level_1,instance_00005,Speed,66.66666666666667
2925,guesswhat,Qwen3.6-35B-A3B-FP8-without-reasoning,Level_1,instance_00005,Main Score,66.66666666666667
2926,guesswhat,Qwen3.6-35B-A3B-FP8-without-reasoning,Level_1,instance_00005,Invalid format guesser response,0
2927,guesswhat,Qwen3.6-35B-A3B-FP8-without-reasoning,Level_1,instance_00005,Invalid format answerer response,0
2928,guesswhat,Qwen3.6-35B-A3B-FP8-without-reasoning,Level_1,instance_00005,Invalid content guesser response,0
2929,guesswhat,Qwen3.6-35B-A3B-FP8-without-reasoning,Level_1,instance_00005,Invalid content answerer response,0
2930,guesswhat,Qwen3.6-35B-A3B-FP8-without-reasoning,Level_1,instance_00002,Violated Request Count,0
2931,guesswhat,Qwen3.6-35B-A3B-FP8-without-reasoning,Level_1,instance_00002,Parsed Request Count,5
2932,guesswhat,Qwen3.6-35B-A3B-FP8-without-reasoning,Level_1,instance_00002,Request Count,5
2933,guesswhat,Qwen3.6-35B-A3B-FP8-without-reasoning,Level_1,instance_00002,Request Success Ratio,1.0
2934,guesswhat,Qwen3.6-35B-A3B-FP8-without-reasoning,Level_1,instance_00002,Aborted,0
2935,guesswhat,Qwen3.6-35B-A3B-FP8-without-reasoning,Level_1,instance_00002,Success,1
2936,guesswhat,Qwen3.6-35B-A3B-FP8-without-reasoning,Level_1,instance_00002,Lose,0
2937,guesswhat,Qwen3.6-35B-A3B-FP8-without-reasoning,Level_1,instance_00002,Speed,100
2938,guesswhat,Qwen3.6-35B-A3B-FP8-without-reasoning,Level_1,instance_00002,Main Score,100
2939,guesswhat,Qwen3.6-35B-A3B-FP8-without-reasoning,Level_1,instance_00002,Invalid format guesser response,0
2940,guesswhat,Qwen3.6-35B-A3B-FP8-without-reasoning,Level_1,instance_00002,Invalid format answerer response,0
2941,guesswhat,Qwen3.6-35B-A3B-FP8-without-reasoning,Level_1,instance_00002,Invalid content guesser response,0
2942,guesswhat,Qwen3.6-35B-A3B-FP8-without-reasoning,Level_1,instance_00002,Invalid content answerer response,0
2943,guesswhat,Qwen3.6-35B-A3B-FP8-without-reasoning,Level_1,instance_00003,Violated Request Count,0
2944,guesswhat,Qwen3.6-35B-A3B-FP8-without-reasoning,Level_1,instance_00003,Parsed Request Count,5
2945,guesswhat,Qwen3.6-35B-A3B-FP8-without-reasoning,Level_1,instance_00003,Request Count,5
2946,guesswhat,Qwen3.6-35B-A3B-FP8-without-reasoning,Level_1,instance_00003,Request Success Ratio,1.0
2947,guesswhat,Qwen3.6-35B-A3B-FP8-without-reasoning,Level_1,instance_00003,Aborted,0
2948,guesswhat,Qwen3.6-35B-A3B-FP8-without-reasoning,Level_1,instance_00003,Success,1
2949,guesswhat,Qwen3.6-35B-A3B-FP8-without-reasoning,Level_1,instance_00003,Lose,0
2950,guesswhat,Qwen3.6-35B-A3B-FP8-without-reasoning,Level_1,instance_00003,Speed,100
2951,guesswhat,Qwen3.6-35B-A3B-FP8-without-reasoning,Level_1,instance_00003,Main Score,100
2952,guesswhat,Qwen3.6-35B-A3B-FP8-without-reasoning,Level_1,instance_00003,Invalid format guesser response,0
2953,guesswhat,Qwen3.6-35B-A3B-FP8-without-reasoning,Level_1,instance_00003,Invalid format answerer response,0
2954,guesswhat,Qwen3.6-35B-A3B-FP8-without-reasoning,Level_1,instance_00003,Invalid content guesser response,0
2955,guesswhat,Qwen3.6-35B-A3B-FP8-without-reasoning,Level_1,instance_00003,Invalid content answerer response,0
2956,guesswhat,Qwen3.6-35B-A3B-FP8-without-reasoning,Level_1,instance_00004,Violated Request Count,0
2957,guesswhat,Qwen3.6-35B-A3B-FP8-without-reasoning,Level_1,instance_00004,Parsed Request Count,7
2958,guesswhat,Qwen3.6-35B-A3B-FP8-without-reasoning,Level_1,instance_00004,Request Count,7
2959,guesswhat,Qwen3.6-35B-A3B-FP8-without-reasoning,Level_1,instance_00004,Request Success Ratio,1.0
2960,guesswhat,Qwen3.6-35B-A3B-FP8-without-reasoning,Level_1,instance_00004,Aborted,0
2961,guesswhat,Qwen3.6-35B-A3B-FP8-without-reasoning,Level_1,instance_00004,Success,1
2962,guesswhat,Qwen3.6-35B-A3B-FP8-without-reasoning,Level_1,instance_00004,Lose,0
2963,guesswhat,Qwen3.6-35B-A3B-FP8-without-reasoning,Level_1,instance_00004,Speed,33.333333333333336
2964,guesswhat,Qwen3.6-35B-A3B-FP8-without-reasoning,Level_1,instance_00004,Main Score,33.333333333333336
2965,guesswhat,Qwen3.6-35B-A3B-FP8-without-reasoning,Level_1,instance_00004,Invalid format guesser response,0
2966,guesswhat,Qwen3.6-35B-A3B-FP8-without-reasoning,Level_1,instance_00004,Invalid format answerer response,0
2967,guesswhat,Qwen3.6-35B-A3B-FP8-without-reasoning,Level_1,instance_00004,Invalid content guesser response,0
2968,guesswhat,Qwen3.6-35B-A3B-FP8-without-reasoning,Level_1,instance_00004,Invalid content answerer response,0
2969,guesswhat,Qwen3.6-35B-A3B-FP8-without-reasoning,Level_1,instance_00008,Violated Request Count,0
2970,guesswhat,Qwen3.6-35B-A3B-FP8-without-reasoning,Level_1,instance_00008,Parsed Request Count,7
2971,guesswhat,Qwen3.6-35B-A3B-FP8-without-reasoning,Level_1,instance_00008,Request Count,7
2972,guesswhat,Qwen3.6-35B-A3B-FP8-without-reasoning,Level_1,instance_00008,Request Success Ratio,1.0
2973,guesswhat,Qwen3.6-35B-A3B-FP8-without-reasoning,Level_1,instance_00008,Aborted,0
2974,guesswhat,Qwen3.6-35B-A3B-FP8-without-reasoning,Level_1,instance_00008,Success,0
2975,guesswhat,Qwen3.6-35B-A3B-FP8-without-reasoning,Level_1,instance_00008,Lose,1
2976,guesswhat,Qwen3.6-35B-A3B-FP8-without-reasoning,Level_1,instance_00008,Main Score,0
2977,guesswhat,Qwen3.6-35B-A3B-FP8-without-reasoning,Level_1,instance_00008,Invalid format guesser response,0
2978,guesswhat,Qwen3.6-35B-A3B-FP8-without-reasoning,Level_1,instance_00008,Invalid format answerer response,0
2979,guesswhat,Qwen3.6-35B-A3B-FP8-without-reasoning,Level_1,instance_00008,Invalid content guesser response,0
2980,guesswhat,Qwen3.6-35B-A3B-FP8-without-reasoning,Level_1,instance_00008,Invalid content answerer response,0
2981,guesswhat,Qwen3.6-35B-A3B-FP8-without-reasoning,Level_1,instance_00001,Violated Request Count,0
2982,guesswhat,Qwen3.6-35B-A3B-FP8-without-reasoning,Level_1,instance_00001,Parsed Request Count,6
2983,guesswhat,Qwen3.6-35B-A3B-FP8-without-reasoning,Level_1,instance_00001,Request Count,6
2984,guesswhat,Qwen3.6-35B-A3B-FP8-without-reasoning,Level_1,instance_00001,Request Success Ratio,1.0
2985,guesswhat,Qwen3.6-35B-A3B-FP8-without-reasoning,Level_1,instance_00001,Aborted,0
2986,guesswhat,Qwen3.6-35B-A3B-FP8-without-reasoning,Level_1,instance_00001,Success,0
2987,guesswhat,Qwen3.6-35B-A3B-FP8-without-reasoning,Level_1,instance_00001,Lose,1
2988,guesswhat,Qwen3.6-35B-A3B-FP8-without-reasoning,Level_1,instance_00001,Main Score,0
2989,guesswhat,Qwen3.6-35B-A3B-FP8-without-reasoning,Level_1,instance_00001,Invalid format guesser response,0
2990,guesswhat,Qwen3.6-35B-A3B-FP8-without-reasoning,Level_1,instance_00001,Invalid format answerer response,0
2991,guesswhat,Qwen3.6-35B-A3B-FP8-without-reasoning,Level_1,instance_00001,Invalid content guesser response,0
2992,guesswhat,Qwen3.6-35B-A3B-FP8-without-reasoning,Level_1,instance_00001,Invalid content answerer response,0
2993,guesswhat,Qwen3.6-35B-A3B-FP8-without-reasoning,Level_1,instance_00006,Violated Request Count,0
2994,guesswhat,Qwen3.6-35B-A3B-FP8-without-reasoning,Level_1,instance_00006,Parsed Request Count,6
2995,guesswhat,Qwen3.6-35B-A3B-FP8-without-reasoning,Level_1,instance_00006,Request Count,6
2996,guesswhat,Qwen3.6-35B-A3B-FP8-without-reasoning,Level_1,instance_00006,Request Success Ratio,1.0
2997,guesswhat,Qwen3.6-35B-A3B-FP8-without-reasoning,Level_1,instance_00006,Aborted,0
2998,guesswhat,Qwen3.6-35B-A3B-FP8-without-reasoning,Level_1,instance_00006,Success,1
2999,guesswhat,Qwen3.6-35B-A3B-FP8-without-reasoning,Level_1,instance_00006,Lose,0
3000,guesswhat,Qwen3.6-35B-A3B-FP8-without-reasoning,Level_1,instance_00006,Speed,66.66666666666667
3001,guesswhat,Qwen3.6-35B-A3B-FP8-without-reasoning,Level_1,instance_00006,Main Score,66.66666666666667
3002,guesswhat,Qwen3.6-35B-A3B-FP8-without-reasoning,Level_1,instance_00006,Invalid format guesser response,0
3003,guesswhat,Qwen3.6-35B-A3B-FP8-without-reasoning,Level_1,instance_00006,Invalid format answerer response,0
3004,guesswhat,Qwen3.6-35B-A3B-FP8-without-reasoning,Level_1,instance_00006,Invalid content guesser response,0
3005,guesswhat,Qwen3.6-35B-A3B-FP8-without-reasoning,Level_1,instance_00006,Invalid content answerer response,0
3006,guesswhat,Qwen3.6-35B-A3B-FP8-without-reasoning,Level_1,instance_00007,Violated Request Count,0
3007,guesswhat,Qwen3.6-35B-A3B-FP8-without-reasoning,Level_1,instance_00007,Parsed Request Count,8
3008,guesswhat,Qwen3.6-35B-A3B-FP8-without-reasoning,Level_1,instance_00007,Request Count,8
3009,guesswhat,Qwen3.6-35B-A3B-FP8-without-reasoning,Level_1,instance_00007,Request Success Ratio,1.0
3010,guesswhat,Qwen3.6-35B-A3B-FP8-without-reasoning,Level_1,instance_00007,Aborted,0
3011,guesswhat,Qwen3.6-35B-A3B-FP8-without-reasoning,Level_1,instance_00007,Success,0
3012,guesswhat,Qwen3.6-35B-A3B-FP8-without-reasoning,Level_1,instance_00007,Lose,1
3013,guesswhat,Qwen3.6-35B-A3B-FP8-without-reasoning,Level_1,instance_00007,Main Score,0
3014,guesswhat,Qwen3.6-35B-A3B-FP8-without-reasoning,Level_1,instance_00007,Invalid format guesser response,0
3015,guesswhat,Qwen3.6-35B-A3B-FP8-without-reasoning,Level_1,instance_00007,Invalid format answerer response,0
3016,guesswhat,Qwen3.6-35B-A3B-FP8-without-reasoning,Level_1,instance_00007,Invalid content guesser response,0
3017,guesswhat,Qwen3.6-35B-A3B-FP8-without-reasoning,Level_1,instance_00007,Invalid content answerer response,0
3018,guesswhat,Qwen3.6-35B-A3B-FP8-without-reasoning,Level_1,instance_00000,Violated Request Count,0
3019,guesswhat,Qwen3.6-35B-A3B-FP8-without-reasoning,Level_1,instance_00000,Parsed Request Count,5
3020,guesswhat,Qwen3.6-35B-A3B-FP8-without-reasoning,Level_1,instance_00000,Request Count,5
3021,guesswhat,Qwen3.6-35B-A3B-FP8-without-reasoning,Level_1,instance_00000,Request Success Ratio,1.0
3022,guesswhat,Qwen3.6-35B-A3B-FP8-without-reasoning,Level_1,instance_00000,Aborted,0
3023,guesswhat,Qwen3.6-35B-A3B-FP8-without-reasoning,Level_1,instance_00000,Success,1
3024,guesswhat,Qwen3.6-35B-A3B-FP8-without-reasoning,Level_1,instance_00000,Lose,0
3025,guesswhat,Qwen3.6-35B-A3B-FP8-without-reasoning,Level_1,instance_00000,Speed,100
3026,guesswhat,Qwen3.6-35B-A3B-FP8-without-reasoning,Level_1,instance_00000,Main Score,100
3027,guesswhat,Qwen3.6-35B-A3B-FP8-without-reasoning,Level_1,instance_00000,Invalid format guesser response,0
3028,guesswhat,Qwen3.6-35B-A3B-FP8-without-reasoning,Level_1,instance_00000,Invalid format answerer response,0
3029,guesswhat,Qwen3.6-35B-A3B-FP8-without-reasoning,Level_1,instance_00000,Invalid content guesser response,0
3030,guesswhat,Qwen3.6-35B-A3B-FP8-without-reasoning,Level_1,instance_00000,Invalid content answerer response,0
3031,guesswhat,Qwen3.6-35B-A3B-FP8-without-reasoning,Level_1,instance_00009,Violated Request Count,1
3032,guesswhat,Qwen3.6-35B-A3B-FP8-without-reasoning,Level_1,instance_00009,Parsed Request Count,6
3033,guesswhat,Qwen3.6-35B-A3B-FP8-without-reasoning,Level_1,instance_00009,Request Count,7
3034,guesswhat,Qwen3.6-35B-A3B-FP8-without-reasoning,Level_1,instance_00009,Request Success Ratio,0.8571428571428571
3035,guesswhat,Qwen3.6-35B-A3B-FP8-without-reasoning,Level_1,instance_00009,Aborted,1
3036,guesswhat,Qwen3.6-35B-A3B-FP8-without-reasoning,Level_1,instance_00009,Main Score,
3037,guesswhat,Qwen3.6-35B-A3B-FP8-without-reasoning,Level_1,instance_00009,Invalid format guesser response,1
3038,guesswhat,Qwen3.6-35B-A3B-FP8-without-reasoning,Level_1,instance_00009,Invalid format answerer response,0
3039,guesswhat,Qwen3.6-35B-A3B-FP8-without-reasoning,Level_1,instance_00009,Invalid content guesser response,0
3040,guesswhat,Qwen3.6-35B-A3B-FP8-without-reasoning,Level_1,instance_00009,Invalid content answerer response,0
3041,textmapworld_graphreasoning,Qwen3.6-35B-A3B-FP8-without-reasoning,large,instance_00028,Aborted,1
3042,textmapworld_graphreasoning,Qwen3.6-35B-A3B-FP8-without-reasoning,large,instance_00028,Success,0
3043,textmapworld_graphreasoning,Qwen3.6-35B-A3B-FP8-without-reasoning,large,instance_00028,Lose,0
3044,textmapworld_graphreasoning,Qwen3.6-35B-A3B-FP8-without-reasoning,large,instance_00028,moves,
3045,textmapworld_graphreasoning,Qwen3.6-35B-A3B-FP8-without-reasoning,large,instance_00028,valid_moves,
3046,textmapworld_graphreasoning,Qwen3.6-35B-A3B-FP8-without-reasoning,large,instance_00028,invalid_moves,
3047,textmapworld_graphreasoning,Qwen3.6-35B-A3B-FP8-without-reasoning,large,instance_00028,stopped,
3048,textmapworld_graphreasoning,Qwen3.6-35B-A3B-FP8-without-reasoning,large,instance_00028,turns_limit,
3049,textmapworld_graphreasoning,Qwen3.6-35B-A3B-FP8-without-reasoning,large,instance_00028,loops,
3050,textmapworld_graphreasoning,Qwen3.6-35B-A3B-FP8-without-reasoning,large,instance_00028,number_visited,
3051,textmapworld_graphreasoning,Qwen3.6-35B-A3B-FP8-without-reasoning,large,instance_00028,seen,
3052,textmapworld_graphreasoning,Qwen3.6-35B-A3B-FP8-without-reasoning,large,instance_00028,efficiency,
3053,textmapworld_graphreasoning,Qwen3.6-35B-A3B-FP8-without-reasoning,large,instance_00028,exploration,
3054,textmapworld_graphreasoning,Qwen3.6-35B-A3B-FP8-without-reasoning,large,instance_00028,graph_similarity,
3055,textmapworld_graphreasoning,Qwen3.6-35B-A3B-FP8-without-reasoning,large,instance_00028,Main Score,
3056,textmapworld_graphreasoning,Qwen3.6-35B-A3B-FP8-without-reasoning,large,instance_00026,Success,0
3057,textmapworld_graphreasoning,Qwen3.6-35B-A3B-FP8-without-reasoning,large,instance_00026,Aborted,0
3058,textmapworld_graphreasoning,Qwen3.6-35B-A3B-FP8-without-reasoning,large,instance_00026,Lose,1
3059,textmapworld_graphreasoning,Qwen3.6-35B-A3B-FP8-without-reasoning,large,instance_00026,moves,6
3060,textmapworld_graphreasoning,Qwen3.6-35B-A3B-FP8-without-reasoning,large,instance_00026,valid_moves,6
3061,textmapworld_graphreasoning,Qwen3.6-35B-A3B-FP8-without-reasoning,large,instance_00026,invalid_moves,0
3062,textmapworld_graphreasoning,Qwen3.6-35B-A3B-FP8-without-reasoning,large,instance_00026,stopped,1
3063,textmapworld_graphreasoning,Qwen3.6-35B-A3B-FP8-without-reasoning,large,instance_00026,turns_limit,0
3064,textmapworld_graphreasoning,Qwen3.6-35B-A3B-FP8-without-reasoning,large,instance_00026,loops,0
3065,textmapworld_graphreasoning,Qwen3.6-35B-A3B-FP8-without-reasoning,large,instance_00026,number_visited,4
3066,textmapworld_graphreasoning,Qwen3.6-35B-A3B-FP8-without-reasoning,large,instance_00026,seen,5
3067,textmapworld_graphreasoning,Qwen3.6-35B-A3B-FP8-without-reasoning,large,instance_00026,efficiency,66.66666666666666
3068,textmapworld_graphreasoning,Qwen3.6-35B-A3B-FP8-without-reasoning,large,instance_00026,exploration,50.0
3069,textmapworld_graphreasoning,Qwen3.6-35B-A3B-FP8-without-reasoning,large,instance_00026,graph_similarity,0
3070,textmapworld_graphreasoning,Qwen3.6-35B-A3B-FP8-without-reasoning,large,instance_00026,Main Score,57.14285714285714
3071,textmapworld_graphreasoning,Qwen3.6-35B-A3B-FP8-without-reasoning,large,instance_00021,Aborted,1
3072,textmapworld_graphreasoning,Qwen3.6-35B-A3B-FP8-without-reasoning,large,instance_00021,Success,0
3073,textmapworld_graphreasoning,Qwen3.6-35B-A3B-FP8-without-reasoning,large,instance_00021,Lose,0
3074,textmapworld_graphreasoning,Qwen3.6-35B-A3B-FP8-without-reasoning,large,instance_00021,moves,
3075,textmapworld_graphreasoning,Qwen3.6-35B-A3B-FP8-without-reasoning,large,instance_00021,valid_moves,
3076,textmapworld_graphreasoning,Qwen3.6-35B-A3B-FP8-without-reasoning,large,instance_00021,invalid_moves,
3077,textmapworld_graphreasoning,Qwen3.6-35B-A3B-FP8-without-reasoning,large,instance_00021,stopped,
3078,textmapworld_graphreasoning,Qwen3.6-35B-A3B-FP8-without-reasoning,large,instance_00021,turns_limit,
3079,textmapworld_graphreasoning,Qwen3.6-35B-A3B-FP8-without-reasoning,large,instance_00021,loops,
3080,textmapworld_graphreasoning,Qwen3.6-35B-A3B-FP8-without-reasoning,large,instance_00021,number_visited,
3081,textmapworld_graphreasoning,Qwen3.6-35B-A3B-FP8-without-reasoning,large,instance_00021,seen,
3082,textmapworld_graphreasoning,Qwen3.6-35B-A3B-FP8-without-reasoning,large,instance_00021,efficiency,
3083,textmapworld_graphreasoning,Qwen3.6-35B-A3B-FP8-without-reasoning,large,instance_00021,exploration,
3084,textmapworld_graphreasoning,Qwen3.6-35B-A3B-FP8-without-reasoning,large,instance_00021,graph_similarity,
3085,textmapworld_graphreasoning,Qwen3.6-35B-A3B-FP8-without-reasoning,large,instance_00021,Main Score,
3086,textmapworld_graphreasoning,Qwen3.6-35B-A3B-FP8-without-reasoning,large,instance_00020,Success,0
3087,textmapworld_graphreasoning,Qwen3.6-35B-A3B-FP8-without-reasoning,large,instance_00020,Aborted,0
3088,textmapworld_graphreasoning,Qwen3.6-35B-A3B-FP8-without-reasoning,large,instance_00020,Lose,1
3089,textmapworld_graphreasoning,Qwen3.6-35B-A3B-FP8-without-reasoning,large,instance_00020,moves,6
3090,textmapworld_graphreasoning,Qwen3.6-35B-A3B-FP8-without-reasoning,large,instance_00020,valid_moves,6
3091,textmapworld_graphreasoning,Qwen3.6-35B-A3B-FP8-without-reasoning,large,instance_00020,invalid_moves,0
3092,textmapworld_graphreasoning,Qwen3.6-35B-A3B-FP8-without-reasoning,large,instance_00020,stopped,1
3093,textmapworld_graphreasoning,Qwen3.6-35B-A3B-FP8-without-reasoning,large,instance_00020,turns_limit,0
3094,textmapworld_graphreasoning,Qwen3.6-35B-A3B-FP8-without-reasoning,large,instance_00020,loops,0
3095,textmapworld_graphreasoning,Qwen3.6-35B-A3B-FP8-without-reasoning,large,instance_00020,number_visited,4
3096,textmapworld_graphreasoning,Qwen3.6-35B-A3B-FP8-without-reasoning,large,instance_00020,seen,5
3097,textmapworld_graphreasoning,Qwen3.6-35B-A3B-FP8-without-reasoning,large,instance_00020,efficiency,100.0
3098,textmapworld_graphreasoning,Qwen3.6-35B-A3B-FP8-without-reasoning,large,instance_00020,exploration,50.0
3099,textmapworld_graphreasoning,Qwen3.6-35B-A3B-FP8-without-reasoning,large,instance_00020,graph_similarity,0
3100,textmapworld_graphreasoning,Qwen3.6-35B-A3B-FP8-without-reasoning,large,instance_00020,Main Score,66.66666666666667
3101,textmapworld_graphreasoning,Qwen3.6-35B-A3B-FP8-without-reasoning,large,instance_00027,Aborted,1
3102,textmapworld_graphreasoning,Qwen3.6-35B-A3B-FP8-without-reasoning,large,instance_00027,Success,0
3103,textmapworld_graphreasoning,Qwen3.6-35B-A3B-FP8-without-reasoning,large,instance_00027,Lose,0
3104,textmapworld_graphreasoning,Qwen3.6-35B-A3B-FP8-without-reasoning,large,instance_00027,moves,
3105,textmapworld_graphreasoning,Qwen3.6-35B-A3B-FP8-without-reasoning,large,instance_00027,valid_moves,
3106,textmapworld_graphreasoning,Qwen3.6-35B-A3B-FP8-without-reasoning,large,instance_00027,invalid_moves,
3107,textmapworld_graphreasoning,Qwen3.6-35B-A3B-FP8-without-reasoning,large,instance_00027,stopped,
3108,textmapworld_graphreasoning,Qwen3.6-35B-A3B-FP8-without-reasoning,large,instance_00027,turns_limit,
3109,textmapworld_graphreasoning,Qwen3.6-35B-A3B-FP8-without-reasoning,large,instance_00027,loops,
3110,textmapworld_graphreasoning,Qwen3.6-35B-A3B-FP8-without-reasoning,large,instance_00027,number_visited,
3111,textmapworld_graphreasoning,Qwen3.6-35B-A3B-FP8-without-reasoning,large,instance_00027,seen,
3112,textmapworld_graphreasoning,Qwen3.6-35B-A3B-FP8-without-reasoning,large,instance_00027,efficiency,
3113,textmapworld_graphreasoning,Qwen3.6-35B-A3B-FP8-without-reasoning,large,instance_00027,exploration,
3114,textmapworld_graphreasoning,Qwen3.6-35B-A3B-FP8-without-reasoning,large,instance_00027,graph_similarity,
3115,textmapworld_graphreasoning,Qwen3.6-35B-A3B-FP8-without-reasoning,large,instance_00027,Main Score,
3116,textmapworld_graphreasoning,Qwen3.6-35B-A3B-FP8-without-reasoning,large,instance_00029,Aborted,1
3117,textmapworld_graphreasoning,Qwen3.6-35B-A3B-FP8-without-reasoning,large,instance_00029,Success,0
3118,textmapworld_graphreasoning,Qwen3.6-35B-A3B-FP8-without-reasoning,large,instance_00029,Lose,0
3119,textmapworld_graphreasoning,Qwen3.6-35B-A3B-FP8-without-reasoning,large,instance_00029,moves,
3120,textmapworld_graphreasoning,Qwen3.6-35B-A3B-FP8-without-reasoning,large,instance_00029,valid_moves,
3121,textmapworld_graphreasoning,Qwen3.6-35B-A3B-FP8-without-reasoning,large,instance_00029,invalid_moves,
3122,textmapworld_graphreasoning,Qwen3.6-35B-A3B-FP8-without-reasoning,large,instance_00029,stopped,
3123,textmapworld_graphreasoning,Qwen3.6-35B-A3B-FP8-without-reasoning,large,instance_00029,turns_limit,
3124,textmapworld_graphreasoning,Qwen3.6-35B-A3B-FP8-without-reasoning,large,instance_00029,loops,
3125,textmapworld_graphreasoning,Qwen3.6-35B-A3B-FP8-without-reasoning,large,instance_00029,number_visited,
3126,textmapworld_graphreasoning,Qwen3.6-35B-A3B-FP8-without-reasoning,large,instance_00029,seen,
3127,textmapworld_graphreasoning,Qwen3.6-35B-A3B-FP8-without-reasoning,large,instance_00029,efficiency,
3128,textmapworld_graphreasoning,Qwen3.6-35B-A3B-FP8-without-reasoning,large,instance_00029,exploration,
3129,textmapworld_graphreasoning,Qwen3.6-35B-A3B-FP8-without-reasoning,large,instance_00029,graph_similarity,
3130,textmapworld_graphreasoning,Qwen3.6-35B-A3B-FP8-without-reasoning,large,instance_00029,Main Score,
3131,textmapworld_graphreasoning,Qwen3.6-35B-A3B-FP8-without-reasoning,large,instance_00022,Success,0
3132,textmapworld_graphreasoning,Qwen3.6-35B-A3B-FP8-without-reasoning,large,instance_00022,Aborted,0
3133,textmapworld_graphreasoning,Qwen3.6-35B-A3B-FP8-without-reasoning,large,instance_00022,Lose,1
3134,textmapworld_graphreasoning,Qwen3.6-35B-A3B-FP8-without-reasoning,large,instance_00022,moves,6
3135,textmapworld_graphreasoning,Qwen3.6-35B-A3B-FP8-without-reasoning,large,instance_00022,valid_moves,6
3136,textmapworld_graphreasoning,Qwen3.6-35B-A3B-FP8-without-reasoning,large,instance_00022,invalid_moves,0
3137,textmapworld_graphreasoning,Qwen3.6-35B-A3B-FP8-without-reasoning,large,instance_00022,stopped,1
3138,textmapworld_graphreasoning,Qwen3.6-35B-A3B-FP8-without-reasoning,large,instance_00022,turns_limit,0
3139,textmapworld_graphreasoning,Qwen3.6-35B-A3B-FP8-without-reasoning,large,instance_00022,loops,0
3140,textmapworld_graphreasoning,Qwen3.6-35B-A3B-FP8-without-reasoning,large,instance_00022,number_visited,4
3141,textmapworld_graphreasoning,Qwen3.6-35B-A3B-FP8-without-reasoning,large,instance_00022,seen,5
3142,textmapworld_graphreasoning,Qwen3.6-35B-A3B-FP8-without-reasoning,large,instance_00022,efficiency,50.0
3143,textmapworld_graphreasoning,Qwen3.6-35B-A3B-FP8-without-reasoning,large,instance_00022,exploration,50.0
3144,textmapworld_graphreasoning,Qwen3.6-35B-A3B-FP8-without-reasoning,large,instance_00022,graph_similarity,0
3145,textmapworld_graphreasoning,Qwen3.6-35B-A3B-FP8-without-reasoning,large,instance_00022,Main Score,50.0
3146,textmapworld_graphreasoning,Qwen3.6-35B-A3B-FP8-without-reasoning,large,instance_00025,Aborted,1
3147,textmapworld_graphreasoning,Qwen3.6-35B-A3B-FP8-without-reasoning,large,instance_00025,Success,0
3148,textmapworld_graphreasoning,Qwen3.6-35B-A3B-FP8-without-reasoning,large,instance_00025,Lose,0
3149,textmapworld_graphreasoning,Qwen3.6-35B-A3B-FP8-without-reasoning,large,instance_00025,moves,
3150,textmapworld_graphreasoning,Qwen3.6-35B-A3B-FP8-without-reasoning,large,instance_00025,valid_moves,
3151,textmapworld_graphreasoning,Qwen3.6-35B-A3B-FP8-without-reasoning,large,instance_00025,invalid_moves,
3152,textmapworld_graphreasoning,Qwen3.6-35B-A3B-FP8-without-reasoning,large,instance_00025,stopped,
3153,textmapworld_graphreasoning,Qwen3.6-35B-A3B-FP8-without-reasoning,large,instance_00025,turns_limit,
3154,textmapworld_graphreasoning,Qwen3.6-35B-A3B-FP8-without-reasoning,large,instance_00025,loops,
3155,textmapworld_graphreasoning,Qwen3.6-35B-A3B-FP8-without-reasoning,large,instance_00025,number_visited,
3156,textmapworld_graphreasoning,Qwen3.6-35B-A3B-FP8-without-reasoning,large,instance_00025,seen,
3157,textmapworld_graphreasoning,Qwen3.6-35B-A3B-FP8-without-reasoning,large,instance_00025,efficiency,
3158,textmapworld_graphreasoning,Qwen3.6-35B-A3B-FP8-without-reasoning,large,instance_00025,exploration,
3159,textmapworld_graphreasoning,Qwen3.6-35B-A3B-FP8-without-reasoning,large,instance_00025,graph_similarity,
3160,textmapworld_graphreasoning,Qwen3.6-35B-A3B-FP8-without-reasoning,large,instance_00025,Main Score,
3161,textmapworld_graphreasoning,Qwen3.6-35B-A3B-FP8-without-reasoning,large,instance_00024,Success,0
3162,textmapworld_graphreasoning,Qwen3.6-35B-A3B-FP8-without-reasoning,large,instance_00024,Aborted,0
3163,textmapworld_graphreasoning,Qwen3.6-35B-A3B-FP8-without-reasoning,large,instance_00024,Lose,1
3164,textmapworld_graphreasoning,Qwen3.6-35B-A3B-FP8-without-reasoning,large,instance_00024,moves,6
3165,textmapworld_graphreasoning,Qwen3.6-35B-A3B-FP8-without-reasoning,large,instance_00024,valid_moves,6
3166,textmapworld_graphreasoning,Qwen3.6-35B-A3B-FP8-without-reasoning,large,instance_00024,invalid_moves,0
3167,textmapworld_graphreasoning,Qwen3.6-35B-A3B-FP8-without-reasoning,large,instance_00024,stopped,1
3168,textmapworld_graphreasoning,Qwen3.6-35B-A3B-FP8-without-reasoning,large,instance_00024,turns_limit,0
3169,textmapworld_graphreasoning,Qwen3.6-35B-A3B-FP8-without-reasoning,large,instance_00024,loops,0
3170,textmapworld_graphreasoning,Qwen3.6-35B-A3B-FP8-without-reasoning,large,instance_00024,number_visited,4
3171,textmapworld_graphreasoning,Qwen3.6-35B-A3B-FP8-without-reasoning,large,instance_00024,seen,6
3172,textmapworld_graphreasoning,Qwen3.6-35B-A3B-FP8-without-reasoning,large,instance_00024,efficiency,66.66666666666666
3173,textmapworld_graphreasoning,Qwen3.6-35B-A3B-FP8-without-reasoning,large,instance_00024,exploration,50.0
3174,textmapworld_graphreasoning,Qwen3.6-35B-A3B-FP8-without-reasoning,large,instance_00024,graph_similarity,0
3175,textmapworld_graphreasoning,Qwen3.6-35B-A3B-FP8-without-reasoning,large,instance_00024,Main Score,57.14285714285714
3176,textmapworld_graphreasoning,Qwen3.6-35B-A3B-FP8-without-reasoning,large,instance_00023,Success,1
3177,textmapworld_graphreasoning,Qwen3.6-35B-A3B-FP8-without-reasoning,large,instance_00023,Aborted,0
3178,textmapworld_graphreasoning,Qwen3.6-35B-A3B-FP8-without-reasoning,large,instance_00023,Lose,0
3179,textmapworld_graphreasoning,Qwen3.6-35B-A3B-FP8-without-reasoning,large,instance_00023,moves,14
3180,textmapworld_graphreasoning,Qwen3.6-35B-A3B-FP8-without-reasoning,large,instance_00023,valid_moves,14
3181,textmapworld_graphreasoning,Qwen3.6-35B-A3B-FP8-without-reasoning,large,instance_00023,invalid_moves,0
3182,textmapworld_graphreasoning,Qwen3.6-35B-A3B-FP8-without-reasoning,large,instance_00023,stopped,1
3183,textmapworld_graphreasoning,Qwen3.6-35B-A3B-FP8-without-reasoning,large,instance_00023,turns_limit,0
3184,textmapworld_graphreasoning,Qwen3.6-35B-A3B-FP8-without-reasoning,large,instance_00023,loops,1
3185,textmapworld_graphreasoning,Qwen3.6-35B-A3B-FP8-without-reasoning,large,instance_00023,number_visited,8
3186,textmapworld_graphreasoning,Qwen3.6-35B-A3B-FP8-without-reasoning,large,instance_00023,seen,8
3187,textmapworld_graphreasoning,Qwen3.6-35B-A3B-FP8-without-reasoning,large,instance_00023,efficiency,78.57142857142857
3188,textmapworld_graphreasoning,Qwen3.6-35B-A3B-FP8-without-reasoning,large,instance_00023,exploration,100.0
3189,textmapworld_graphreasoning,Qwen3.6-35B-A3B-FP8-without-reasoning,large,instance_00023,graph_similarity,0
3190,textmapworld_graphreasoning,Qwen3.6-35B-A3B-FP8-without-reasoning,large,instance_00023,Main Score,88.0
3191,textmapworld_graphreasoning,Qwen3.6-35B-A3B-FP8-without-reasoning,medium,instance_00017,Aborted,1
3192,textmapworld_graphreasoning,Qwen3.6-35B-A3B-FP8-without-reasoning,medium,instance_00017,Success,0
3193,textmapworld_graphreasoning,Qwen3.6-35B-A3B-FP8-without-reasoning,medium,instance_00017,Lose,0
3194,textmapworld_graphreasoning,Qwen3.6-35B-A3B-FP8-without-reasoning,medium,instance_00017,moves,
3195,textmapworld_graphreasoning,Qwen3.6-35B-A3B-FP8-without-reasoning,medium,instance_00017,valid_moves,
3196,textmapworld_graphreasoning,Qwen3.6-35B-A3B-FP8-without-reasoning,medium,instance_00017,invalid_moves,
3197,textmapworld_graphreasoning,Qwen3.6-35B-A3B-FP8-without-reasoning,medium,instance_00017,stopped,
3198,textmapworld_graphreasoning,Qwen3.6-35B-A3B-FP8-without-reasoning,medium,instance_00017,turns_limit,
3199,textmapworld_graphreasoning,Qwen3.6-35B-A3B-FP8-without-reasoning,medium,instance_00017,loops,
3200,textmapworld_graphreasoning,Qwen3.6-35B-A3B-FP8-without-reasoning,medium,instance_00017,number_visited,
3201,textmapworld_graphreasoning,Qwen3.6-35B-A3B-FP8-without-reasoning,medium,instance_00017,seen,
3202,textmapworld_graphreasoning,Qwen3.6-35B-A3B-FP8-without-reasoning,medium,instance_00017,efficiency,
3203,textmapworld_graphreasoning,Qwen3.6-35B-A3B-FP8-without-reasoning,medium,instance_00017,exploration,
3204,textmapworld_graphreasoning,Qwen3.6-35B-A3B-FP8-without-reasoning,medium,instance_00017,graph_similarity,
3205,textmapworld_graphreasoning,Qwen3.6-35B-A3B-FP8-without-reasoning,medium,instance_00017,Main Score,
3206,textmapworld_graphreasoning,Qwen3.6-35B-A3B-FP8-without-reasoning,medium,instance_00010,Aborted,1
3207,textmapworld_graphreasoning,Qwen3.6-35B-A3B-FP8-without-reasoning,medium,instance_00010,Success,0
3208,textmapworld_graphreasoning,Qwen3.6-35B-A3B-FP8-without-reasoning,medium,instance_00010,Lose,0
3209,textmapworld_graphreasoning,Qwen3.6-35B-A3B-FP8-without-reasoning,medium,instance_00010,moves,
3210,textmapworld_graphreasoning,Qwen3.6-35B-A3B-FP8-without-reasoning,medium,instance_00010,valid_moves,
3211,textmapworld_graphreasoning,Qwen3.6-35B-A3B-FP8-without-reasoning,medium,instance_00010,invalid_moves,
3212,textmapworld_graphreasoning,Qwen3.6-35B-A3B-FP8-without-reasoning,medium,instance_00010,stopped,
3213,textmapworld_graphreasoning,Qwen3.6-35B-A3B-FP8-without-reasoning,medium,instance_00010,turns_limit,
3214,textmapworld_graphreasoning,Qwen3.6-35B-A3B-FP8-without-reasoning,medium,instance_00010,loops,
3215,textmapworld_graphreasoning,Qwen3.6-35B-A3B-FP8-without-reasoning,medium,instance_00010,number_visited,
3216,textmapworld_graphreasoning,Qwen3.6-35B-A3B-FP8-without-reasoning,medium,instance_00010,seen,
3217,textmapworld_graphreasoning,Qwen3.6-35B-A3B-FP8-without-reasoning,medium,instance_00010,efficiency,
3218,textmapworld_graphreasoning,Qwen3.6-35B-A3B-FP8-without-reasoning,medium,instance_00010,exploration,
3219,textmapworld_graphreasoning,Qwen3.6-35B-A3B-FP8-without-reasoning,medium,instance_00010,graph_similarity,
3220,textmapworld_graphreasoning,Qwen3.6-35B-A3B-FP8-without-reasoning,medium,instance_00010,Main Score,
3221,textmapworld_graphreasoning,Qwen3.6-35B-A3B-FP8-without-reasoning,medium,instance_00019,Aborted,1
3222,textmapworld_graphreasoning,Qwen3.6-35B-A3B-FP8-without-reasoning,medium,instance_00019,Success,0
3223,textmapworld_graphreasoning,Qwen3.6-35B-A3B-FP8-without-reasoning,medium,instance_00019,Lose,0
3224,textmapworld_graphreasoning,Qwen3.6-35B-A3B-FP8-without-reasoning,medium,instance_00019,moves,
3225,textmapworld_graphreasoning,Qwen3.6-35B-A3B-FP8-without-reasoning,medium,instance_00019,valid_moves,
3226,textmapworld_graphreasoning,Qwen3.6-35B-A3B-FP8-without-reasoning,medium,instance_00019,invalid_moves,
3227,textmapworld_graphreasoning,Qwen3.6-35B-A3B-FP8-without-reasoning,medium,instance_00019,stopped,
3228,textmapworld_graphreasoning,Qwen3.6-35B-A3B-FP8-without-reasoning,medium,instance_00019,turns_limit,
3229,textmapworld_graphreasoning,Qwen3.6-35B-A3B-FP8-without-reasoning,medium,instance_00019,loops,
3230,textmapworld_graphreasoning,Qwen3.6-35B-A3B-FP8-without-reasoning,medium,instance_00019,number_visited,
3231,textmapworld_graphreasoning,Qwen3.6-35B-A3B-FP8-without-reasoning,medium,instance_00019,seen,
3232,textmapworld_graphreasoning,Qwen3.6-35B-A3B-FP8-without-reasoning,medium,instance_00019,efficiency,
3233,textmapworld_graphreasoning,Qwen3.6-35B-A3B-FP8-without-reasoning,medium,instance_00019,exploration,
3234,textmapworld_graphreasoning,Qwen3.6-35B-A3B-FP8-without-reasoning,medium,instance_00019,graph_similarity,
3235,textmapworld_graphreasoning,Qwen3.6-35B-A3B-FP8-without-reasoning,medium,instance_00019,Main Score,
3236,textmapworld_graphreasoning,Qwen3.6-35B-A3B-FP8-without-reasoning,medium,instance_00018,Aborted,1
3237,textmapworld_graphreasoning,Qwen3.6-35B-A3B-FP8-without-reasoning,medium,instance_00018,Success,0
3238,textmapworld_graphreasoning,Qwen3.6-35B-A3B-FP8-without-reasoning,medium,instance_00018,Lose,0
3239,textmapworld_graphreasoning,Qwen3.6-35B-A3B-FP8-without-reasoning,medium,instance_00018,moves,
3240,textmapworld_graphreasoning,Qwen3.6-35B-A3B-FP8-without-reasoning,medium,instance_00018,valid_moves,
3241,textmapworld_graphreasoning,Qwen3.6-35B-A3B-FP8-without-reasoning,medium,instance_00018,invalid_moves,
3242,textmapworld_graphreasoning,Qwen3.6-35B-A3B-FP8-without-reasoning,medium,instance_00018,stopped,
3243,textmapworld_graphreasoning,Qwen3.6-35B-A3B-FP8-without-reasoning,medium,instance_00018,turns_limit,
3244,textmapworld_graphreasoning,Qwen3.6-35B-A3B-FP8-without-reasoning,medium,instance_00018,loops,
3245,textmapworld_graphreasoning,Qwen3.6-35B-A3B-FP8-without-reasoning,medium,instance_00018,number_visited,
3246,textmapworld_graphreasoning,Qwen3.6-35B-A3B-FP8-without-reasoning,medium,instance_00018,seen,
3247,textmapworld_graphreasoning,Qwen3.6-35B-A3B-FP8-without-reasoning,medium,instance_00018,efficiency,
3248,textmapworld_graphreasoning,Qwen3.6-35B-A3B-FP8-without-reasoning,medium,instance_00018,exploration,
3249,textmapworld_graphreasoning,Qwen3.6-35B-A3B-FP8-without-reasoning,medium,instance_00018,graph_similarity,
3250,textmapworld_graphreasoning,Qwen3.6-35B-A3B-FP8-without-reasoning,medium,instance_00018,Main Score,
3251,textmapworld_graphreasoning,Qwen3.6-35B-A3B-FP8-without-reasoning,medium,instance_00011,Aborted,1
3252,textmapworld_graphreasoning,Qwen3.6-35B-A3B-FP8-without-reasoning,medium,instance_00011,Success,0
3253,textmapworld_graphreasoning,Qwen3.6-35B-A3B-FP8-without-reasoning,medium,instance_00011,Lose,0
3254,textmapworld_graphreasoning,Qwen3.6-35B-A3B-FP8-without-reasoning,medium,instance_00011,moves,
3255,textmapworld_graphreasoning,Qwen3.6-35B-A3B-FP8-without-reasoning,medium,instance_00011,valid_moves,
3256,textmapworld_graphreasoning,Qwen3.6-35B-A3B-FP8-without-reasoning,medium,instance_00011,invalid_moves,
3257,textmapworld_graphreasoning,Qwen3.6-35B-A3B-FP8-without-reasoning,medium,instance_00011,stopped,
3258,textmapworld_graphreasoning,Qwen3.6-35B-A3B-FP8-without-reasoning,medium,instance_00011,turns_limit,
3259,textmapworld_graphreasoning,Qwen3.6-35B-A3B-FP8-without-reasoning,medium,instance_00011,loops,
3260,textmapworld_graphreasoning,Qwen3.6-35B-A3B-FP8-without-reasoning,medium,instance_00011,number_visited,
3261,textmapworld_graphreasoning,Qwen3.6-35B-A3B-FP8-without-reasoning,medium,instance_00011,seen,
3262,textmapworld_graphreasoning,Qwen3.6-35B-A3B-FP8-without-reasoning,medium,instance_00011,efficiency,
3263,textmapworld_graphreasoning,Qwen3.6-35B-A3B-FP8-without-reasoning,medium,instance_00011,exploration,
3264,textmapworld_graphreasoning,Qwen3.6-35B-A3B-FP8-without-reasoning,medium,instance_00011,graph_similarity,
3265,textmapworld_graphreasoning,Qwen3.6-35B-A3B-FP8-without-reasoning,medium,instance_00011,Main Score,
3266,textmapworld_graphreasoning,Qwen3.6-35B-A3B-FP8-without-reasoning,medium,instance_00016,Aborted,1
3267,textmapworld_graphreasoning,Qwen3.6-35B-A3B-FP8-without-reasoning,medium,instance_00016,Success,0
3268,textmapworld_graphreasoning,Qwen3.6-35B-A3B-FP8-without-reasoning,medium,instance_00016,Lose,0
3269,textmapworld_graphreasoning,Qwen3.6-35B-A3B-FP8-without-reasoning,medium,instance_00016,moves,
3270,textmapworld_graphreasoning,Qwen3.6-35B-A3B-FP8-without-reasoning,medium,instance_00016,valid_moves,
3271,textmapworld_graphreasoning,Qwen3.6-35B-A3B-FP8-without-reasoning,medium,instance_00016,invalid_moves,
3272,textmapworld_graphreasoning,Qwen3.6-35B-A3B-FP8-without-reasoning,medium,instance_00016,stopped,
3273,textmapworld_graphreasoning,Qwen3.6-35B-A3B-FP8-without-reasoning,medium,instance_00016,turns_limit,
3274,textmapworld_graphreasoning,Qwen3.6-35B-A3B-FP8-without-reasoning,medium,instance_00016,loops,
3275,textmapworld_graphreasoning,Qwen3.6-35B-A3B-FP8-without-reasoning,medium,instance_00016,number_visited,
3276,textmapworld_graphreasoning,Qwen3.6-35B-A3B-FP8-without-reasoning,medium,instance_00016,seen,
3277,textmapworld_graphreasoning,Qwen3.6-35B-A3B-FP8-without-reasoning,medium,instance_00016,efficiency,
3278,textmapworld_graphreasoning,Qwen3.6-35B-A3B-FP8-without-reasoning,medium,instance_00016,exploration,
3279,textmapworld_graphreasoning,Qwen3.6-35B-A3B-FP8-without-reasoning,medium,instance_00016,graph_similarity,
3280,textmapworld_graphreasoning,Qwen3.6-35B-A3B-FP8-without-reasoning,medium,instance_00016,Main Score,
3281,textmapworld_graphreasoning,Qwen3.6-35B-A3B-FP8-without-reasoning,medium,instance_00013,Aborted,1
3282,textmapworld_graphreasoning,Qwen3.6-35B-A3B-FP8-without-reasoning,medium,instance_00013,Success,0
3283,textmapworld_graphreasoning,Qwen3.6-35B-A3B-FP8-without-reasoning,medium,instance_00013,Lose,0
3284,textmapworld_graphreasoning,Qwen3.6-35B-A3B-FP8-without-reasoning,medium,instance_00013,moves,
3285,textmapworld_graphreasoning,Qwen3.6-35B-A3B-FP8-without-reasoning,medium,instance_00013,valid_moves,
3286,textmapworld_graphreasoning,Qwen3.6-35B-A3B-FP8-without-reasoning,medium,instance_00013,invalid_moves,
3287,textmapworld_graphreasoning,Qwen3.6-35B-A3B-FP8-without-reasoning,medium,instance_00013,stopped,
3288,textmapworld_graphreasoning,Qwen3.6-35B-A3B-FP8-without-reasoning,medium,instance_00013,turns_limit,
3289,textmapworld_graphreasoning,Qwen3.6-35B-A3B-FP8-without-reasoning,medium,instance_00013,loops,
3290,textmapworld_graphreasoning,Qwen3.6-35B-A3B-FP8-without-reasoning,medium,instance_00013,number_visited,
3291,textmapworld_graphreasoning,Qwen3.6-35B-A3B-FP8-without-reasoning,medium,instance_00013,seen,
3292,textmapworld_graphreasoning,Qwen3.6-35B-A3B-FP8-without-reasoning,medium,instance_00013,efficiency,
3293,textmapworld_graphreasoning,Qwen3.6-35B-A3B-FP8-without-reasoning,medium,instance_00013,exploration,
3294,textmapworld_graphreasoning,Qwen3.6-35B-A3B-FP8-without-reasoning,medium,instance_00013,graph_similarity,
3295,textmapworld_graphreasoning,Qwen3.6-35B-A3B-FP8-without-reasoning,medium,instance_00013,Main Score,
3296,textmapworld_graphreasoning,Qwen3.6-35B-A3B-FP8-without-reasoning,medium,instance_00014,Success,0
3297,textmapworld_graphreasoning,Qwen3.6-35B-A3B-FP8-without-reasoning,medium,instance_00014,Aborted,0
3298,textmapworld_graphreasoning,Qwen3.6-35B-A3B-FP8-without-reasoning,medium,instance_00014,Lose,1
3299,textmapworld_graphreasoning,Qwen3.6-35B-A3B-FP8-without-reasoning,medium,instance_00014,moves,8
3300,textmapworld_graphreasoning,Qwen3.6-35B-A3B-FP8-without-reasoning,medium,instance_00014,valid_moves,8
3301,textmapworld_graphreasoning,Qwen3.6-35B-A3B-FP8-without-reasoning,medium,instance_00014,invalid_moves,0
3302,textmapworld_graphreasoning,Qwen3.6-35B-A3B-FP8-without-reasoning,medium,instance_00014,stopped,1
3303,textmapworld_graphreasoning,Qwen3.6-35B-A3B-FP8-without-reasoning,medium,instance_00014,turns_limit,0
3304,textmapworld_graphreasoning,Qwen3.6-35B-A3B-FP8-without-reasoning,medium,instance_00014,loops,0
3305,textmapworld_graphreasoning,Qwen3.6-35B-A3B-FP8-without-reasoning,medium,instance_00014,number_visited,5
3306,textmapworld_graphreasoning,Qwen3.6-35B-A3B-FP8-without-reasoning,medium,instance_00014,seen,6
3307,textmapworld_graphreasoning,Qwen3.6-35B-A3B-FP8-without-reasoning,medium,instance_00014,efficiency,62.5
3308,textmapworld_graphreasoning,Qwen3.6-35B-A3B-FP8-without-reasoning,medium,instance_00014,exploration,83.33333333333334
3309,textmapworld_graphreasoning,Qwen3.6-35B-A3B-FP8-without-reasoning,medium,instance_00014,graph_similarity,0
3310,textmapworld_graphreasoning,Qwen3.6-35B-A3B-FP8-without-reasoning,medium,instance_00014,Main Score,71.42857142857143
3311,textmapworld_graphreasoning,Qwen3.6-35B-A3B-FP8-without-reasoning,medium,instance_00015,Aborted,1
3312,textmapworld_graphreasoning,Qwen3.6-35B-A3B-FP8-without-reasoning,medium,instance_00015,Success,0
3313,textmapworld_graphreasoning,Qwen3.6-35B-A3B-FP8-without-reasoning,medium,instance_00015,Lose,0
3314,textmapworld_graphreasoning,Qwen3.6-35B-A3B-FP8-without-reasoning,medium,instance_00015,moves,
3315,textmapworld_graphreasoning,Qwen3.6-35B-A3B-FP8-without-reasoning,medium,instance_00015,valid_moves,
3316,textmapworld_graphreasoning,Qwen3.6-35B-A3B-FP8-without-reasoning,medium,instance_00015,invalid_moves,
3317,textmapworld_graphreasoning,Qwen3.6-35B-A3B-FP8-without-reasoning,medium,instance_00015,stopped,
3318,textmapworld_graphreasoning,Qwen3.6-35B-A3B-FP8-without-reasoning,medium,instance_00015,turns_limit,
3319,textmapworld_graphreasoning,Qwen3.6-35B-A3B-FP8-without-reasoning,medium,instance_00015,loops,
3320,textmapworld_graphreasoning,Qwen3.6-35B-A3B-FP8-without-reasoning,medium,instance_00015,number_visited,
3321,textmapworld_graphreasoning,Qwen3.6-35B-A3B-FP8-without-reasoning,medium,instance_00015,seen,
3322,textmapworld_graphreasoning,Qwen3.6-35B-A3B-FP8-without-reasoning,medium,instance_00015,efficiency,
3323,textmapworld_graphreasoning,Qwen3.6-35B-A3B-FP8-without-reasoning,medium,instance_00015,exploration,
3324,textmapworld_graphreasoning,Qwen3.6-35B-A3B-FP8-without-reasoning,medium,instance_00015,graph_similarity,
3325,textmapworld_graphreasoning,Qwen3.6-35B-A3B-FP8-without-reasoning,medium,instance_00015,Main Score,
3326,textmapworld_graphreasoning,Qwen3.6-35B-A3B-FP8-without-reasoning,medium,instance_00012,Success,0
3327,textmapworld_graphreasoning,Qwen3.6-35B-A3B-FP8-without-reasoning,medium,instance_00012,Aborted,0
3328,textmapworld_graphreasoning,Qwen3.6-35B-A3B-FP8-without-reasoning,medium,instance_00012,Lose,1
3329,textmapworld_graphreasoning,Qwen3.6-35B-A3B-FP8-without-reasoning,medium,instance_00012,moves,11
3330,textmapworld_graphreasoning,Qwen3.6-35B-A3B-FP8-without-reasoning,medium,instance_00012,valid_moves,11
3331,textmapworld_graphreasoning,Qwen3.6-35B-A3B-FP8-without-reasoning,medium,instance_00012,invalid_moves,0
3332,textmapworld_graphreasoning,Qwen3.6-35B-A3B-FP8-without-reasoning,medium,instance_00012,stopped,1
3333,textmapworld_graphreasoning,Qwen3.6-35B-A3B-FP8-without-reasoning,medium,instance_00012,turns_limit,0
3334,textmapworld_graphreasoning,Qwen3.6-35B-A3B-FP8-without-reasoning,medium,instance_00012,loops,0
3335,textmapworld_graphreasoning,Qwen3.6-35B-A3B-FP8-without-reasoning,medium,instance_00012,number_visited,4
3336,textmapworld_graphreasoning,Qwen3.6-35B-A3B-FP8-without-reasoning,medium,instance_00012,seen,5
3337,textmapworld_graphreasoning,Qwen3.6-35B-A3B-FP8-without-reasoning,medium,instance_00012,efficiency,72.72727272727273
3338,textmapworld_graphreasoning,Qwen3.6-35B-A3B-FP8-without-reasoning,medium,instance_00012,exploration,66.66666666666666
3339,textmapworld_graphreasoning,Qwen3.6-35B-A3B-FP8-without-reasoning,medium,instance_00012,graph_similarity,0
3340,textmapworld_graphreasoning,Qwen3.6-35B-A3B-FP8-without-reasoning,medium,instance_00012,Main Score,69.56521739130434
3341,textmapworld_graphreasoning,Qwen3.6-35B-A3B-FP8-without-reasoning,small,instance_00005,Aborted,1
3342,textmapworld_graphreasoning,Qwen3.6-35B-A3B-FP8-without-reasoning,small,instance_00005,Success,0
3343,textmapworld_graphreasoning,Qwen3.6-35B-A3B-FP8-without-reasoning,small,instance_00005,Lose,0
3344,textmapworld_graphreasoning,Qwen3.6-35B-A3B-FP8-without-reasoning,small,instance_00005,moves,
3345,textmapworld_graphreasoning,Qwen3.6-35B-A3B-FP8-without-reasoning,small,instance_00005,valid_moves,
3346,textmapworld_graphreasoning,Qwen3.6-35B-A3B-FP8-without-reasoning,small,instance_00005,invalid_moves,
3347,textmapworld_graphreasoning,Qwen3.6-35B-A3B-FP8-without-reasoning,small,instance_00005,stopped,
3348,textmapworld_graphreasoning,Qwen3.6-35B-A3B-FP8-without-reasoning,small,instance_00005,turns_limit,
3349,textmapworld_graphreasoning,Qwen3.6-35B-A3B-FP8-without-reasoning,small,instance_00005,loops,
3350,textmapworld_graphreasoning,Qwen3.6-35B-A3B-FP8-without-reasoning,small,instance_00005,number_visited,
3351,textmapworld_graphreasoning,Qwen3.6-35B-A3B-FP8-without-reasoning,small,instance_00005,seen,
3352,textmapworld_graphreasoning,Qwen3.6-35B-A3B-FP8-without-reasoning,small,instance_00005,efficiency,
3353,textmapworld_graphreasoning,Qwen3.6-35B-A3B-FP8-without-reasoning,small,instance_00005,exploration,
3354,textmapworld_graphreasoning,Qwen3.6-35B-A3B-FP8-without-reasoning,small,instance_00005,graph_similarity,
3355,textmapworld_graphreasoning,Qwen3.6-35B-A3B-FP8-without-reasoning,small,instance_00005,Main Score,
3356,textmapworld_graphreasoning,Qwen3.6-35B-A3B-FP8-without-reasoning,small,instance_00002,Success,1
3357,textmapworld_graphreasoning,Qwen3.6-35B-A3B-FP8-without-reasoning,small,instance_00002,Aborted,0
3358,textmapworld_graphreasoning,Qwen3.6-35B-A3B-FP8-without-reasoning,small,instance_00002,Lose,0
3359,textmapworld_graphreasoning,Qwen3.6-35B-A3B-FP8-without-reasoning,small,instance_00002,moves,10
3360,textmapworld_graphreasoning,Qwen3.6-35B-A3B-FP8-without-reasoning,small,instance_00002,valid_moves,10
3361,textmapworld_graphreasoning,Qwen3.6-35B-A3B-FP8-without-reasoning,small,instance_00002,invalid_moves,0
3362,textmapworld_graphreasoning,Qwen3.6-35B-A3B-FP8-without-reasoning,small,instance_00002,stopped,1
3363,textmapworld_graphreasoning,Qwen3.6-35B-A3B-FP8-without-reasoning,small,instance_00002,turns_limit,0
3364,textmapworld_graphreasoning,Qwen3.6-35B-A3B-FP8-without-reasoning,small,instance_00002,loops,0
3365,textmapworld_graphreasoning,Qwen3.6-35B-A3B-FP8-without-reasoning,small,instance_00002,number_visited,4
3366,textmapworld_graphreasoning,Qwen3.6-35B-A3B-FP8-without-reasoning,small,instance_00002,seen,4
3367,textmapworld_graphreasoning,Qwen3.6-35B-A3B-FP8-without-reasoning,small,instance_00002,efficiency,40.0
3368,textmapworld_graphreasoning,Qwen3.6-35B-A3B-FP8-without-reasoning,small,instance_00002,exploration,100.0
3369,textmapworld_graphreasoning,Qwen3.6-35B-A3B-FP8-without-reasoning,small,instance_00002,graph_similarity,0
3370,textmapworld_graphreasoning,Qwen3.6-35B-A3B-FP8-without-reasoning,small,instance_00002,Main Score,57.142857142857146
3371,textmapworld_graphreasoning,Qwen3.6-35B-A3B-FP8-without-reasoning,small,instance_00003,Aborted,1
3372,textmapworld_graphreasoning,Qwen3.6-35B-A3B-FP8-without-reasoning,small,instance_00003,Success,0
3373,textmapworld_graphreasoning,Qwen3.6-35B-A3B-FP8-without-reasoning,small,instance_00003,Lose,0
3374,textmapworld_graphreasoning,Qwen3.6-35B-A3B-FP8-without-reasoning,small,instance_00003,moves,
3375,textmapworld_graphreasoning,Qwen3.6-35B-A3B-FP8-without-reasoning,small,instance_00003,valid_moves,
3376,textmapworld_graphreasoning,Qwen3.6-35B-A3B-FP8-without-reasoning,small,instance_00003,invalid_moves,
3377,textmapworld_graphreasoning,Qwen3.6-35B-A3B-FP8-without-reasoning,small,instance_00003,stopped,
3378,textmapworld_graphreasoning,Qwen3.6-35B-A3B-FP8-without-reasoning,small,instance_00003,turns_limit,
3379,textmapworld_graphreasoning,Qwen3.6-35B-A3B-FP8-without-reasoning,small,instance_00003,loops,
3380,textmapworld_graphreasoning,Qwen3.6-35B-A3B-FP8-without-reasoning,small,instance_00003,number_visited,
3381,textmapworld_graphreasoning,Qwen3.6-35B-A3B-FP8-without-reasoning,small,instance_00003,seen,
3382,textmapworld_graphreasoning,Qwen3.6-35B-A3B-FP8-without-reasoning,small,instance_00003,efficiency,
3383,textmapworld_graphreasoning,Qwen3.6-35B-A3B-FP8-without-reasoning,small,instance_00003,exploration,
3384,textmapworld_graphreasoning,Qwen3.6-35B-A3B-FP8-without-reasoning,small,instance_00003,graph_similarity,
3385,textmapworld_graphreasoning,Qwen3.6-35B-A3B-FP8-without-reasoning,small,instance_00003,Main Score,
3386,textmapworld_graphreasoning,Qwen3.6-35B-A3B-FP8-without-reasoning,small,instance_00004,Aborted,1
3387,textmapworld_graphreasoning,Qwen3.6-35B-A3B-FP8-without-reasoning,small,instance_00004,Success,0
3388,textmapworld_graphreasoning,Qwen3.6-35B-A3B-FP8-without-reasoning,small,instance_00004,Lose,0
3389,textmapworld_graphreasoning,Qwen3.6-35B-A3B-FP8-without-reasoning,small,instance_00004,moves,
3390,textmapworld_graphreasoning,Qwen3.6-35B-A3B-FP8-without-reasoning,small,instance_00004,valid_moves,
3391,textmapworld_graphreasoning,Qwen3.6-35B-A3B-FP8-without-reasoning,small,instance_00004,invalid_moves,
3392,textmapworld_graphreasoning,Qwen3.6-35B-A3B-FP8-without-reasoning,small,instance_00004,stopped,
3393,textmapworld_graphreasoning,Qwen3.6-35B-A3B-FP8-without-reasoning,small,instance_00004,turns_limit,
3394,textmapworld_graphreasoning,Qwen3.6-35B-A3B-FP8-without-reasoning,small,instance_00004,loops,
3395,textmapworld_graphreasoning,Qwen3.6-35B-A3B-FP8-without-reasoning,small,instance_00004,number_visited,
3396,textmapworld_graphreasoning,Qwen3.6-35B-A3B-FP8-without-reasoning,small,instance_00004,seen,
3397,textmapworld_graphreasoning,Qwen3.6-35B-A3B-FP8-without-reasoning,small,instance_00004,efficiency,
3398,textmapworld_graphreasoning,Qwen3.6-35B-A3B-FP8-without-reasoning,small,instance_00004,exploration,
3399,textmapworld_graphreasoning,Qwen3.6-35B-A3B-FP8-without-reasoning,small,instance_00004,graph_similarity,
3400,textmapworld_graphreasoning,Qwen3.6-35B-A3B-FP8-without-reasoning,small,instance_00004,Main Score,
3401,textmapworld_graphreasoning,Qwen3.6-35B-A3B-FP8-without-reasoning,small,instance_00008,Success,1
3402,textmapworld_graphreasoning,Qwen3.6-35B-A3B-FP8-without-reasoning,small,instance_00008,Aborted,0
3403,textmapworld_graphreasoning,Qwen3.6-35B-A3B-FP8-without-reasoning,small,instance_00008,Lose,0
3404,textmapworld_graphreasoning,Qwen3.6-35B-A3B-FP8-without-reasoning,small,instance_00008,moves,6
3405,textmapworld_graphreasoning,Qwen3.6-35B-A3B-FP8-without-reasoning,small,instance_00008,valid_moves,6
3406,textmapworld_graphreasoning,Qwen3.6-35B-A3B-FP8-without-reasoning,small,instance_00008,invalid_moves,0
3407,textmapworld_graphreasoning,Qwen3.6-35B-A3B-FP8-without-reasoning,small,instance_00008,stopped,1
3408,textmapworld_graphreasoning,Qwen3.6-35B-A3B-FP8-without-reasoning,small,instance_00008,turns_limit,0
3409,textmapworld_graphreasoning,Qwen3.6-35B-A3B-FP8-without-reasoning,small,instance_00008,loops,0
3410,textmapworld_graphreasoning,Qwen3.6-35B-A3B-FP8-without-reasoning,small,instance_00008,number_visited,4
3411,textmapworld_graphreasoning,Qwen3.6-35B-A3B-FP8-without-reasoning,small,instance_00008,seen,4
3412,textmapworld_graphreasoning,Qwen3.6-35B-A3B-FP8-without-reasoning,small,instance_00008,efficiency,50.0
3413,textmapworld_graphreasoning,Qwen3.6-35B-A3B-FP8-without-reasoning,small,instance_00008,exploration,100.0
3414,textmapworld_graphreasoning,Qwen3.6-35B-A3B-FP8-without-reasoning,small,instance_00008,graph_similarity,0
3415,textmapworld_graphreasoning,Qwen3.6-35B-A3B-FP8-without-reasoning,small,instance_00008,Main Score,66.66666666666667
3416,textmapworld_graphreasoning,Qwen3.6-35B-A3B-FP8-without-reasoning,small,instance_00001,Aborted,1
3417,textmapworld_graphreasoning,Qwen3.6-35B-A3B-FP8-without-reasoning,small,instance_00001,Success,0
3418,textmapworld_graphreasoning,Qwen3.6-35B-A3B-FP8-without-reasoning,small,instance_00001,Lose,0
3419,textmapworld_graphreasoning,Qwen3.6-35B-A3B-FP8-without-reasoning,small,instance_00001,moves,
3420,textmapworld_graphreasoning,Qwen3.6-35B-A3B-FP8-without-reasoning,small,instance_00001,valid_moves,
3421,textmapworld_graphreasoning,Qwen3.6-35B-A3B-FP8-without-reasoning,small,instance_00001,invalid_moves,
3422,textmapworld_graphreasoning,Qwen3.6-35B-A3B-FP8-without-reasoning,small,instance_00001,stopped,
3423,textmapworld_graphreasoning,Qwen3.6-35B-A3B-FP8-without-reasoning,small,instance_00001,turns_limit,
3424,textmapworld_graphreasoning,Qwen3.6-35B-A3B-FP8-without-reasoning,small,instance_00001,loops,
3425,textmapworld_graphreasoning,Qwen3.6-35B-A3B-FP8-without-reasoning,small,instance_00001,number_visited,
3426,textmapworld_graphreasoning,Qwen3.6-35B-A3B-FP8-without-reasoning,small,instance_00001,seen,
3427,textmapworld_graphreasoning,Qwen3.6-35B-A3B-FP8-without-reasoning,small,instance_00001,efficiency,
3428,textmapworld_graphreasoning,Qwen3.6-35B-A3B-FP8-without-reasoning,small,instance_00001,exploration,
3429,textmapworld_graphreasoning,Qwen3.6-35B-A3B-FP8-without-reasoning,small,instance_00001,graph_similarity,
3430,textmapworld_graphreasoning,Qwen3.6-35B-A3B-FP8-without-reasoning,small,instance_00001,Main Score,
3431,textmapworld_graphreasoning,Qwen3.6-35B-A3B-FP8-without-reasoning,small,instance_00006,Aborted,1
3432,textmapworld_graphreasoning,Qwen3.6-35B-A3B-FP8-without-reasoning,small,instance_00006,Success,0
3433,textmapworld_graphreasoning,Qwen3.6-35B-A3B-FP8-without-reasoning,small,instance_00006,Lose,0
3434,textmapworld_graphreasoning,Qwen3.6-35B-A3B-FP8-without-reasoning,small,instance_00006,moves,
3435,textmapworld_graphreasoning,Qwen3.6-35B-A3B-FP8-without-reasoning,small,instance_00006,valid_moves,
3436,textmapworld_graphreasoning,Qwen3.6-35B-A3B-FP8-without-reasoning,small,instance_00006,invalid_moves,
3437,textmapworld_graphreasoning,Qwen3.6-35B-A3B-FP8-without-reasoning,small,instance_00006,stopped,
3438,textmapworld_graphreasoning,Qwen3.6-35B-A3B-FP8-without-reasoning,small,instance_00006,turns_limit,
3439,textmapworld_graphreasoning,Qwen3.6-35B-A3B-FP8-without-reasoning,small,instance_00006,loops,
3440,textmapworld_graphreasoning,Qwen3.6-35B-A3B-FP8-without-reasoning,small,instance_00006,number_visited,
3441,textmapworld_graphreasoning,Qwen3.6-35B-A3B-FP8-without-reasoning,small,instance_00006,seen,
3442,textmapworld_graphreasoning,Qwen3.6-35B-A3B-FP8-without-reasoning,small,instance_00006,efficiency,
3443,textmapworld_graphreasoning,Qwen3.6-35B-A3B-FP8-without-reasoning,small,instance_00006,exploration,
3444,textmapworld_graphreasoning,Qwen3.6-35B-A3B-FP8-without-reasoning,small,instance_00006,graph_similarity,
3445,textmapworld_graphreasoning,Qwen3.6-35B-A3B-FP8-without-reasoning,small,instance_00006,Main Score,
3446,textmapworld_graphreasoning,Qwen3.6-35B-A3B-FP8-without-reasoning,small,instance_00007,Success,1
3447,textmapworld_graphreasoning,Qwen3.6-35B-A3B-FP8-without-reasoning,small,instance_00007,Aborted,0
3448,textmapworld_graphreasoning,Qwen3.6-35B-A3B-FP8-without-reasoning,small,instance_00007,Lose,0
3449,textmapworld_graphreasoning,Qwen3.6-35B-A3B-FP8-without-reasoning,small,instance_00007,moves,6
3450,textmapworld_graphreasoning,Qwen3.6-35B-A3B-FP8-without-reasoning,small,instance_00007,valid_moves,6
3451,textmapworld_graphreasoning,Qwen3.6-35B-A3B-FP8-without-reasoning,small,instance_00007,invalid_moves,0
3452,textmapworld_graphreasoning,Qwen3.6-35B-A3B-FP8-without-reasoning,small,instance_00007,stopped,1
3453,textmapworld_graphreasoning,Qwen3.6-35B-A3B-FP8-without-reasoning,small,instance_00007,turns_limit,0
3454,textmapworld_graphreasoning,Qwen3.6-35B-A3B-FP8-without-reasoning,small,instance_00007,loops,0
3455,textmapworld_graphreasoning,Qwen3.6-35B-A3B-FP8-without-reasoning,small,instance_00007,number_visited,4
3456,textmapworld_graphreasoning,Qwen3.6-35B-A3B-FP8-without-reasoning,small,instance_00007,seen,4
3457,textmapworld_graphreasoning,Qwen3.6-35B-A3B-FP8-without-reasoning,small,instance_00007,efficiency,50.0
3458,textmapworld_graphreasoning,Qwen3.6-35B-A3B-FP8-without-reasoning,small,instance_00007,exploration,100.0
3459,textmapworld_graphreasoning,Qwen3.6-35B-A3B-FP8-without-reasoning,small,instance_00007,graph_similarity,0
3460,textmapworld_graphreasoning,Qwen3.6-35B-A3B-FP8-without-reasoning,small,instance_00007,Main Score,66.66666666666667
3461,textmapworld_graphreasoning,Qwen3.6-35B-A3B-FP8-without-reasoning,small,instance_00000,Aborted,1
3462,textmapworld_graphreasoning,Qwen3.6-35B-A3B-FP8-without-reasoning,small,instance_00000,Success,0
3463,textmapworld_graphreasoning,Qwen3.6-35B-A3B-FP8-without-reasoning,small,instance_00000,Lose,0
3464,textmapworld_graphreasoning,Qwen3.6-35B-A3B-FP8-without-reasoning,small,instance_00000,moves,
3465,textmapworld_graphreasoning,Qwen3.6-35B-A3B-FP8-without-reasoning,small,instance_00000,valid_moves,
3466,textmapworld_graphreasoning,Qwen3.6-35B-A3B-FP8-without-reasoning,small,instance_00000,invalid_moves,
3467,textmapworld_graphreasoning,Qwen3.6-35B-A3B-FP8-without-reasoning,small,instance_00000,stopped,
3468,textmapworld_graphreasoning,Qwen3.6-35B-A3B-FP8-without-reasoning,small,instance_00000,turns_limit,
3469,textmapworld_graphreasoning,Qwen3.6-35B-A3B-FP8-without-reasoning,small,instance_00000,loops,
3470,textmapworld_graphreasoning,Qwen3.6-35B-A3B-FP8-without-reasoning,small,instance_00000,number_visited,
3471,textmapworld_graphreasoning,Qwen3.6-35B-A3B-FP8-without-reasoning,small,instance_00000,seen,
3472,textmapworld_graphreasoning,Qwen3.6-35B-A3B-FP8-without-reasoning,small,instance_00000,efficiency,
3473,textmapworld_graphreasoning,Qwen3.6-35B-A3B-FP8-without-reasoning,small,instance_00000,exploration,
3474,textmapworld_graphreasoning,Qwen3.6-35B-A3B-FP8-without-reasoning,small,instance_00000,graph_similarity,
3475,textmapworld_graphreasoning,Qwen3.6-35B-A3B-FP8-without-reasoning,small,instance_00000,Main Score,
3476,textmapworld_graphreasoning,Qwen3.6-35B-A3B-FP8-without-reasoning,small,instance_00009,Aborted,1
3477,textmapworld_graphreasoning,Qwen3.6-35B-A3B-FP8-without-reasoning,small,instance_00009,Success,0
3478,textmapworld_graphreasoning,Qwen3.6-35B-A3B-FP8-without-reasoning,small,instance_00009,Lose,0
3479,textmapworld_graphreasoning,Qwen3.6-35B-A3B-FP8-without-reasoning,small,instance_00009,moves,
3480,textmapworld_graphreasoning,Qwen3.6-35B-A3B-FP8-without-reasoning,small,instance_00009,valid_moves,
3481,textmapworld_graphreasoning,Qwen3.6-35B-A3B-FP8-without-reasoning,small,instance_00009,invalid_moves,
3482,textmapworld_graphreasoning,Qwen3.6-35B-A3B-FP8-without-reasoning,small,instance_00009,stopped,
3483,textmapworld_graphreasoning,Qwen3.6-35B-A3B-FP8-without-reasoning,small,instance_00009,turns_limit,
3484,textmapworld_graphreasoning,Qwen3.6-35B-A3B-FP8-without-reasoning,small,instance_00009,loops,
3485,textmapworld_graphreasoning,Qwen3.6-35B-A3B-FP8-without-reasoning,small,instance_00009,number_visited,
3486,textmapworld_graphreasoning,Qwen3.6-35B-A3B-FP8-without-reasoning,small,instance_00009,seen,
3487,textmapworld_graphreasoning,Qwen3.6-35B-A3B-FP8-without-reasoning,small,instance_00009,efficiency,
3488,textmapworld_graphreasoning,Qwen3.6-35B-A3B-FP8-without-reasoning,small,instance_00009,exploration,
3489,textmapworld_graphreasoning,Qwen3.6-35B-A3B-FP8-without-reasoning,small,instance_00009,graph_similarity,
3490,textmapworld_graphreasoning,Qwen3.6-35B-A3B-FP8-without-reasoning,small,instance_00009,Main Score,
3491,textmapworld,Qwen3.6-35B-A3B-FP8-without-reasoning,large_cycle,instance_00044,Success,0
3492,textmapworld,Qwen3.6-35B-A3B-FP8-without-reasoning,large_cycle,instance_00044,Aborted,0
3493,textmapworld,Qwen3.6-35B-A3B-FP8-without-reasoning,large_cycle,instance_00044,Lose,1
3494,textmapworld,Qwen3.6-35B-A3B-FP8-without-reasoning,large_cycle,instance_00044,moves,4
3495,textmapworld,Qwen3.6-35B-A3B-FP8-without-reasoning,large_cycle,instance_00044,valid_moves,4
3496,textmapworld,Qwen3.6-35B-A3B-FP8-without-reasoning,large_cycle,instance_00044,invalid_moves,0
3497,textmapworld,Qwen3.6-35B-A3B-FP8-without-reasoning,large_cycle,instance_00044,stopped,1
3498,textmapworld,Qwen3.6-35B-A3B-FP8-without-reasoning,large_cycle,instance_00044,turns_limit,0
3499,textmapworld,Qwen3.6-35B-A3B-FP8-without-reasoning,large_cycle,instance_00044,loops,0
3500,textmapworld,Qwen3.6-35B-A3B-FP8-without-reasoning,large_cycle,instance_00044,number_visited,3
3501,textmapworld,Qwen3.6-35B-A3B-FP8-without-reasoning,large_cycle,instance_00044,seen,5
3502,textmapworld,Qwen3.6-35B-A3B-FP8-without-reasoning,large_cycle,instance_00044,efficiency,75.0
3503,textmapworld,Qwen3.6-35B-A3B-FP8-without-reasoning,large_cycle,instance_00044,exploration,37.5
3504,textmapworld,Qwen3.6-35B-A3B-FP8-without-reasoning,large_cycle,instance_00044,Main Score,50.0
3505,textmapworld,Qwen3.6-35B-A3B-FP8-without-reasoning,large_cycle,instance_00043,Success,0
3506,textmapworld,Qwen3.6-35B-A3B-FP8-without-reasoning,large_cycle,instance_00043,Aborted,0
3507,textmapworld,Qwen3.6-35B-A3B-FP8-without-reasoning,large_cycle,instance_00043,Lose,1
3508,textmapworld,Qwen3.6-35B-A3B-FP8-without-reasoning,large_cycle,instance_00043,moves,7
3509,textmapworld,Qwen3.6-35B-A3B-FP8-without-reasoning,large_cycle,instance_00043,valid_moves,7
3510,textmapworld,Qwen3.6-35B-A3B-FP8-without-reasoning,large_cycle,instance_00043,invalid_moves,0
3511,textmapworld,Qwen3.6-35B-A3B-FP8-without-reasoning,large_cycle,instance_00043,stopped,1
3512,textmapworld,Qwen3.6-35B-A3B-FP8-without-reasoning,large_cycle,instance_00043,turns_limit,0
3513,textmapworld,Qwen3.6-35B-A3B-FP8-without-reasoning,large_cycle,instance_00043,loops,0
3514,textmapworld,Qwen3.6-35B-A3B-FP8-without-reasoning,large_cycle,instance_00043,number_visited,5
3515,textmapworld,Qwen3.6-35B-A3B-FP8-without-reasoning,large_cycle,instance_00043,seen,8
3516,textmapworld,Qwen3.6-35B-A3B-FP8-without-reasoning,large_cycle,instance_00043,efficiency,42.857142857142854
3517,textmapworld,Qwen3.6-35B-A3B-FP8-without-reasoning,large_cycle,instance_00043,exploration,62.5
3518,textmapworld,Qwen3.6-35B-A3B-FP8-without-reasoning,large_cycle,instance_00043,Main Score,50.84745762711864
3519,textmapworld,Qwen3.6-35B-A3B-FP8-without-reasoning,large_cycle,instance_00042,Success,0
3520,textmapworld,Qwen3.6-35B-A3B-FP8-without-reasoning,large_cycle,instance_00042,Aborted,0
3521,textmapworld,Qwen3.6-35B-A3B-FP8-without-reasoning,large_cycle,instance_00042,Lose,1
3522,textmapworld,Qwen3.6-35B-A3B-FP8-without-reasoning,large_cycle,instance_00042,moves,10
3523,textmapworld,Qwen3.6-35B-A3B-FP8-without-reasoning,large_cycle,instance_00042,valid_moves,10
3524,textmapworld,Qwen3.6-35B-A3B-FP8-without-reasoning,large_cycle,instance_00042,invalid_moves,0
3525,textmapworld,Qwen3.6-35B-A3B-FP8-without-reasoning,large_cycle,instance_00042,stopped,1
3526,textmapworld,Qwen3.6-35B-A3B-FP8-without-reasoning,large_cycle,instance_00042,turns_limit,0
3527,textmapworld,Qwen3.6-35B-A3B-FP8-without-reasoning,large_cycle,instance_00042,loops,0
3528,textmapworld,Qwen3.6-35B-A3B-FP8-without-reasoning,large_cycle,instance_00042,number_visited,6
3529,textmapworld,Qwen3.6-35B-A3B-FP8-without-reasoning,large_cycle,instance_00042,seen,8
3530,textmapworld,Qwen3.6-35B-A3B-FP8-without-reasoning,large_cycle,instance_00042,efficiency,40.0
3531,textmapworld,Qwen3.6-35B-A3B-FP8-without-reasoning,large_cycle,instance_00042,exploration,75.0
3532,textmapworld,Qwen3.6-35B-A3B-FP8-without-reasoning,large_cycle,instance_00042,Main Score,52.17391304347826
3533,textmapworld,Qwen3.6-35B-A3B-FP8-without-reasoning,large_cycle,instance_00045,Success,0
3534,textmapworld,Qwen3.6-35B-A3B-FP8-without-reasoning,large_cycle,instance_00045,Aborted,0
3535,textmapworld,Qwen3.6-35B-A3B-FP8-without-reasoning,large_cycle,instance_00045,Lose,1
3536,textmapworld,Qwen3.6-35B-A3B-FP8-without-reasoning,large_cycle,instance_00045,moves,9
3537,textmapworld,Qwen3.6-35B-A3B-FP8-without-reasoning,large_cycle,instance_00045,valid_moves,9
3538,textmapworld,Qwen3.6-35B-A3B-FP8-without-reasoning,large_cycle,instance_00045,invalid_moves,0
3539,textmapworld,Qwen3.6-35B-A3B-FP8-without-reasoning,large_cycle,instance_00045,stopped,1
3540,textmapworld,Qwen3.6-35B-A3B-FP8-without-reasoning,large_cycle,instance_00045,turns_limit,0
3541,textmapworld,Qwen3.6-35B-A3B-FP8-without-reasoning,large_cycle,instance_00045,loops,0
3542,textmapworld,Qwen3.6-35B-A3B-FP8-without-reasoning,large_cycle,instance_00045,number_visited,6
3543,textmapworld,Qwen3.6-35B-A3B-FP8-without-reasoning,large_cycle,instance_00045,seen,7
3544,textmapworld,Qwen3.6-35B-A3B-FP8-without-reasoning,large_cycle,instance_00045,efficiency,77.77777777777779
3545,textmapworld,Qwen3.6-35B-A3B-FP8-without-reasoning,large_cycle,instance_00045,exploration,75.0
3546,textmapworld,Qwen3.6-35B-A3B-FP8-without-reasoning,large_cycle,instance_00045,Main Score,76.36363636363637
3547,textmapworld,Qwen3.6-35B-A3B-FP8-without-reasoning,large_cycle,instance_00049,Success,0
3548,textmapworld,Qwen3.6-35B-A3B-FP8-without-reasoning,large_cycle,instance_00049,Aborted,0
3549,textmapworld,Qwen3.6-35B-A3B-FP8-without-reasoning,large_cycle,instance_00049,Lose,1
3550,textmapworld,Qwen3.6-35B-A3B-FP8-without-reasoning,large_cycle,instance_00049,moves,8
3551,textmapworld,Qwen3.6-35B-A3B-FP8-without-reasoning,large_cycle,instance_00049,valid_moves,8
3552,textmapworld,Qwen3.6-35B-A3B-FP8-without-reasoning,large_cycle,instance_00049,invalid_moves,0
3553,textmapworld,Qwen3.6-35B-A3B-FP8-without-reasoning,large_cycle,instance_00049,stopped,1
3554,textmapworld,Qwen3.6-35B-A3B-FP8-without-reasoning,large_cycle,instance_00049,turns_limit,0
3555,textmapworld,Qwen3.6-35B-A3B-FP8-without-reasoning,large_cycle,instance_00049,loops,0
3556,textmapworld,Qwen3.6-35B-A3B-FP8-without-reasoning,large_cycle,instance_00049,number_visited,5
3557,textmapworld,Qwen3.6-35B-A3B-FP8-without-reasoning,large_cycle,instance_00049,seen,8
3558,textmapworld,Qwen3.6-35B-A3B-FP8-without-reasoning,large_cycle,instance_00049,efficiency,75.0
3559,textmapworld,Qwen3.6-35B-A3B-FP8-without-reasoning,large_cycle,instance_00049,exploration,62.5
3560,textmapworld,Qwen3.6-35B-A3B-FP8-without-reasoning,large_cycle,instance_00049,Main Score,68.18181818181819
3561,textmapworld,Qwen3.6-35B-A3B-FP8-without-reasoning,large_cycle,instance_00040,Success,0
3562,textmapworld,Qwen3.6-35B-A3B-FP8-without-reasoning,large_cycle,instance_00040,Aborted,0
3563,textmapworld,Qwen3.6-35B-A3B-FP8-without-reasoning,large_cycle,instance_00040,Lose,1
3564,textmapworld,Qwen3.6-35B-A3B-FP8-without-reasoning,large_cycle,instance_00040,moves,1
3565,textmapworld,Qwen3.6-35B-A3B-FP8-without-reasoning,large_cycle,instance_00040,valid_moves,1
3566,textmapworld,Qwen3.6-35B-A3B-FP8-without-reasoning,large_cycle,instance_00040,invalid_moves,0
3567,textmapworld,Qwen3.6-35B-A3B-FP8-without-reasoning,large_cycle,instance_00040,stopped,1
3568,textmapworld,Qwen3.6-35B-A3B-FP8-without-reasoning,large_cycle,instance_00040,turns_limit,0
3569,textmapworld,Qwen3.6-35B-A3B-FP8-without-reasoning,large_cycle,instance_00040,loops,0
3570,textmapworld,Qwen3.6-35B-A3B-FP8-without-reasoning,large_cycle,instance_00040,number_visited,2
3571,textmapworld,Qwen3.6-35B-A3B-FP8-without-reasoning,large_cycle,instance_00040,seen,3
3572,textmapworld,Qwen3.6-35B-A3B-FP8-without-reasoning,large_cycle,instance_00040,efficiency,100.0
3573,textmapworld,Qwen3.6-35B-A3B-FP8-without-reasoning,large_cycle,instance_00040,exploration,25.0
3574,textmapworld,Qwen3.6-35B-A3B-FP8-without-reasoning,large_cycle,instance_00040,Main Score,40.0
3575,textmapworld,Qwen3.6-35B-A3B-FP8-without-reasoning,large_cycle,instance_00047,Success,1
3576,textmapworld,Qwen3.6-35B-A3B-FP8-without-reasoning,large_cycle,instance_00047,Aborted,0
3577,textmapworld,Qwen3.6-35B-A3B-FP8-without-reasoning,large_cycle,instance_00047,Lose,0
3578,textmapworld,Qwen3.6-35B-A3B-FP8-without-reasoning,large_cycle,instance_00047,moves,11
3579,textmapworld,Qwen3.6-35B-A3B-FP8-without-reasoning,large_cycle,instance_00047,valid_moves,11
3580,textmapworld,Qwen3.6-35B-A3B-FP8-without-reasoning,large_cycle,instance_00047,invalid_moves,0
3581,textmapworld,Qwen3.6-35B-A3B-FP8-without-reasoning,large_cycle,instance_00047,stopped,1
3582,textmapworld,Qwen3.6-35B-A3B-FP8-without-reasoning,large_cycle,instance_00047,turns_limit,0
3583,textmapworld,Qwen3.6-35B-A3B-FP8-without-reasoning,large_cycle,instance_00047,loops,0
3584,textmapworld,Qwen3.6-35B-A3B-FP8-without-reasoning,large_cycle,instance_00047,number_visited,8
3585,textmapworld,Qwen3.6-35B-A3B-FP8-without-reasoning,large_cycle,instance_00047,seen,8
3586,textmapworld,Qwen3.6-35B-A3B-FP8-without-reasoning,large_cycle,instance_00047,efficiency,72.72727272727273
3587,textmapworld,Qwen3.6-35B-A3B-FP8-without-reasoning,large_cycle,instance_00047,exploration,100.0
3588,textmapworld,Qwen3.6-35B-A3B-FP8-without-reasoning,large_cycle,instance_00047,Main Score,84.21052631578947
3589,textmapworld,Qwen3.6-35B-A3B-FP8-without-reasoning,large_cycle,instance_00046,Success,0
3590,textmapworld,Qwen3.6-35B-A3B-FP8-without-reasoning,large_cycle,instance_00046,Aborted,0
3591,textmapworld,Qwen3.6-35B-A3B-FP8-without-reasoning,large_cycle,instance_00046,Lose,1
3592,textmapworld,Qwen3.6-35B-A3B-FP8-without-reasoning,large_cycle,instance_00046,moves,3
3593,textmapworld,Qwen3.6-35B-A3B-FP8-without-reasoning,large_cycle,instance_00046,valid_moves,3
3594,textmapworld,Qwen3.6-35B-A3B-FP8-without-reasoning,large_cycle,instance_00046,invalid_moves,0
3595,textmapworld,Qwen3.6-35B-A3B-FP8-without-reasoning,large_cycle,instance_00046,stopped,1
3596,textmapworld,Qwen3.6-35B-A3B-FP8-without-reasoning,large_cycle,instance_00046,turns_limit,0
3597,textmapworld,Qwen3.6-35B-A3B-FP8-without-reasoning,large_cycle,instance_00046,loops,0
3598,textmapworld,Qwen3.6-35B-A3B-FP8-without-reasoning,large_cycle,instance_00046,number_visited,4
3599,textmapworld,Qwen3.6-35B-A3B-FP8-without-reasoning,large_cycle,instance_00046,seen,7
3600,textmapworld,Qwen3.6-35B-A3B-FP8-without-reasoning,large_cycle,instance_00046,efficiency,66.66666666666666
3601,textmapworld,Qwen3.6-35B-A3B-FP8-without-reasoning,large_cycle,instance_00046,exploration,50.0
3602,textmapworld,Qwen3.6-35B-A3B-FP8-without-reasoning,large_cycle,instance_00046,Main Score,57.14285714285714
3603,textmapworld,Qwen3.6-35B-A3B-FP8-without-reasoning,large_cycle,instance_00041,Success,0
3604,textmapworld,Qwen3.6-35B-A3B-FP8-without-reasoning,large_cycle,instance_00041,Aborted,0
3605,textmapworld,Qwen3.6-35B-A3B-FP8-without-reasoning,large_cycle,instance_00041,Lose,1
3606,textmapworld,Qwen3.6-35B-A3B-FP8-without-reasoning,large_cycle,instance_00041,moves,4
3607,textmapworld,Qwen3.6-35B-A3B-FP8-without-reasoning,large_cycle,instance_00041,valid_moves,4
3608,textmapworld,Qwen3.6-35B-A3B-FP8-without-reasoning,large_cycle,instance_00041,invalid_moves,0
3609,textmapworld,Qwen3.6-35B-A3B-FP8-without-reasoning,large_cycle,instance_00041,stopped,1
3610,textmapworld,Qwen3.6-35B-A3B-FP8-without-reasoning,large_cycle,instance_00041,turns_limit,0
3611,textmapworld,Qwen3.6-35B-A3B-FP8-without-reasoning,large_cycle,instance_00041,loops,0
3612,textmapworld,Qwen3.6-35B-A3B-FP8-without-reasoning,large_cycle,instance_00041,number_visited,3
3613,textmapworld,Qwen3.6-35B-A3B-FP8-without-reasoning,large_cycle,instance_00041,seen,4
3614,textmapworld,Qwen3.6-35B-A3B-FP8-without-reasoning,large_cycle,instance_00041,efficiency,50.0
3615,textmapworld,Qwen3.6-35B-A3B-FP8-without-reasoning,large_cycle,instance_00041,exploration,37.5
3616,textmapworld,Qwen3.6-35B-A3B-FP8-without-reasoning,large_cycle,instance_00041,Main Score,42.857142857142854
3617,textmapworld,Qwen3.6-35B-A3B-FP8-without-reasoning,large_cycle,instance_00048,Success,0
3618,textmapworld,Qwen3.6-35B-A3B-FP8-without-reasoning,large_cycle,instance_00048,Aborted,0
3619,textmapworld,Qwen3.6-35B-A3B-FP8-without-reasoning,large_cycle,instance_00048,Lose,1
3620,textmapworld,Qwen3.6-35B-A3B-FP8-without-reasoning,large_cycle,instance_00048,moves,11
3621,textmapworld,Qwen3.6-35B-A3B-FP8-without-reasoning,large_cycle,instance_00048,valid_moves,11
3622,textmapworld,Qwen3.6-35B-A3B-FP8-without-reasoning,large_cycle,instance_00048,invalid_moves,0
3623,textmapworld,Qwen3.6-35B-A3B-FP8-without-reasoning,large_cycle,instance_00048,stopped,1
3624,textmapworld,Qwen3.6-35B-A3B-FP8-without-reasoning,large_cycle,instance_00048,turns_limit,0
3625,textmapworld,Qwen3.6-35B-A3B-FP8-without-reasoning,large_cycle,instance_00048,loops,0
3626,textmapworld,Qwen3.6-35B-A3B-FP8-without-reasoning,large_cycle,instance_00048,number_visited,4
3627,textmapworld,Qwen3.6-35B-A3B-FP8-without-reasoning,large_cycle,instance_00048,seen,8
3628,textmapworld,Qwen3.6-35B-A3B-FP8-without-reasoning,large_cycle,instance_00048,efficiency,36.36363636363637
3629,textmapworld,Qwen3.6-35B-A3B-FP8-without-reasoning,large_cycle,instance_00048,exploration,50.0
3630,textmapworld,Qwen3.6-35B-A3B-FP8-without-reasoning,large_cycle,instance_00048,Main Score,42.10526315789473
3631,textmapworld,Qwen3.6-35B-A3B-FP8-without-reasoning,large,instance_00028,Success,0
3632,textmapworld,Qwen3.6-35B-A3B-FP8-without-reasoning,large,instance_00028,Aborted,0
3633,textmapworld,Qwen3.6-35B-A3B-FP8-without-reasoning,large,instance_00028,Lose,1
3634,textmapworld,Qwen3.6-35B-A3B-FP8-without-reasoning,large,instance_00028,moves,8
3635,textmapworld,Qwen3.6-35B-A3B-FP8-without-reasoning,large,instance_00028,valid_moves,8
3636,textmapworld,Qwen3.6-35B-A3B-FP8-without-reasoning,large,instance_00028,invalid_moves,0
3637,textmapworld,Qwen3.6-35B-A3B-FP8-without-reasoning,large,instance_00028,stopped,1
3638,textmapworld,Qwen3.6-35B-A3B-FP8-without-reasoning,large,instance_00028,turns_limit,0
3639,textmapworld,Qwen3.6-35B-A3B-FP8-without-reasoning,large,instance_00028,loops,0
3640,textmapworld,Qwen3.6-35B-A3B-FP8-without-reasoning,large,instance_00028,number_visited,7
3641,textmapworld,Qwen3.6-35B-A3B-FP8-without-reasoning,large,instance_00028,seen,8
3642,textmapworld,Qwen3.6-35B-A3B-FP8-without-reasoning,large,instance_00028,efficiency,75.0
3643,textmapworld,Qwen3.6-35B-A3B-FP8-without-reasoning,large,instance_00028,exploration,87.5
3644,textmapworld,Qwen3.6-35B-A3B-FP8-without-reasoning,large,instance_00028,Main Score,80.76923076923077
3645,textmapworld,Qwen3.6-35B-A3B-FP8-without-reasoning,large,instance_00026,Success,0
3646,textmapworld,Qwen3.6-35B-A3B-FP8-without-reasoning,large,instance_00026,Aborted,0
3647,textmapworld,Qwen3.6-35B-A3B-FP8-without-reasoning,large,instance_00026,Lose,1
3648,textmapworld,Qwen3.6-35B-A3B-FP8-without-reasoning,large,instance_00026,moves,5
3649,textmapworld,Qwen3.6-35B-A3B-FP8-without-reasoning,large,instance_00026,valid_moves,5
3650,textmapworld,Qwen3.6-35B-A3B-FP8-without-reasoning,large,instance_00026,invalid_moves,0
3651,textmapworld,Qwen3.6-35B-A3B-FP8-without-reasoning,large,instance_00026,stopped,1
3652,textmapworld,Qwen3.6-35B-A3B-FP8-without-reasoning,large,instance_00026,turns_limit,0
3653,textmapworld,Qwen3.6-35B-A3B-FP8-without-reasoning,large,instance_00026,loops,0
3654,textmapworld,Qwen3.6-35B-A3B-FP8-without-reasoning,large,instance_00026,number_visited,4
3655,textmapworld,Qwen3.6-35B-A3B-FP8-without-reasoning,large,instance_00026,seen,6
3656,textmapworld,Qwen3.6-35B-A3B-FP8-without-reasoning,large,instance_00026,efficiency,40.0
3657,textmapworld,Qwen3.6-35B-A3B-FP8-without-reasoning,large,instance_00026,exploration,50.0
3658,textmapworld,Qwen3.6-35B-A3B-FP8-without-reasoning,large,instance_00026,Main Score,44.44444444444444
3659,textmapworld,Qwen3.6-35B-A3B-FP8-without-reasoning,large,instance_00021,Success,0
3660,textmapworld,Qwen3.6-35B-A3B-FP8-without-reasoning,large,instance_00021,Aborted,0
3661,textmapworld,Qwen3.6-35B-A3B-FP8-without-reasoning,large,instance_00021,Lose,1
3662,textmapworld,Qwen3.6-35B-A3B-FP8-without-reasoning,large,instance_00021,moves,4
3663,textmapworld,Qwen3.6-35B-A3B-FP8-without-reasoning,large,instance_00021,valid_moves,4
3664,textmapworld,Qwen3.6-35B-A3B-FP8-without-reasoning,large,instance_00021,invalid_moves,0
3665,textmapworld,Qwen3.6-35B-A3B-FP8-without-reasoning,large,instance_00021,stopped,1
3666,textmapworld,Qwen3.6-35B-A3B-FP8-without-reasoning,large,instance_00021,turns_limit,0
3667,textmapworld,Qwen3.6-35B-A3B-FP8-without-reasoning,large,instance_00021,loops,0
3668,textmapworld,Qwen3.6-35B-A3B-FP8-without-reasoning,large,instance_00021,number_visited,5
3669,textmapworld,Qwen3.6-35B-A3B-FP8-without-reasoning,large,instance_00021,seen,6
3670,textmapworld,Qwen3.6-35B-A3B-FP8-without-reasoning,large,instance_00021,efficiency,75.0
3671,textmapworld,Qwen3.6-35B-A3B-FP8-without-reasoning,large,instance_00021,exploration,62.5
3672,textmapworld,Qwen3.6-35B-A3B-FP8-without-reasoning,large,instance_00021,Main Score,68.18181818181819
3673,textmapworld,Qwen3.6-35B-A3B-FP8-without-reasoning,large,instance_00020,Success,0
3674,textmapworld,Qwen3.6-35B-A3B-FP8-without-reasoning,large,instance_00020,Aborted,0
3675,textmapworld,Qwen3.6-35B-A3B-FP8-without-reasoning,large,instance_00020,Lose,1
3676,textmapworld,Qwen3.6-35B-A3B-FP8-without-reasoning,large,instance_00020,moves,3
3677,textmapworld,Qwen3.6-35B-A3B-FP8-without-reasoning,large,instance_00020,valid_moves,3
3678,textmapworld,Qwen3.6-35B-A3B-FP8-without-reasoning,large,instance_00020,invalid_moves,0
3679,textmapworld,Qwen3.6-35B-A3B-FP8-without-reasoning,large,instance_00020,stopped,1
3680,textmapworld,Qwen3.6-35B-A3B-FP8-without-reasoning,large,instance_00020,turns_limit,0
3681,textmapworld,Qwen3.6-35B-A3B-FP8-without-reasoning,large,instance_00020,loops,0
3682,textmapworld,Qwen3.6-35B-A3B-FP8-without-reasoning,large,instance_00020,number_visited,4
3683,textmapworld,Qwen3.6-35B-A3B-FP8-without-reasoning,large,instance_00020,seen,5
3684,textmapworld,Qwen3.6-35B-A3B-FP8-without-reasoning,large,instance_00020,efficiency,100.0
3685,textmapworld,Qwen3.6-35B-A3B-FP8-without-reasoning,large,instance_00020,exploration,50.0
3686,textmapworld,Qwen3.6-35B-A3B-FP8-without-reasoning,large,instance_00020,Main Score,66.66666666666667
3687,textmapworld,Qwen3.6-35B-A3B-FP8-without-reasoning,large,instance_00027,Success,0
3688,textmapworld,Qwen3.6-35B-A3B-FP8-without-reasoning,large,instance_00027,Aborted,0
3689,textmapworld,Qwen3.6-35B-A3B-FP8-without-reasoning,large,instance_00027,Lose,1
3690,textmapworld,Qwen3.6-35B-A3B-FP8-without-reasoning,large,instance_00027,moves,2
3691,textmapworld,Qwen3.6-35B-A3B-FP8-without-reasoning,large,instance_00027,valid_moves,2
3692,textmapworld,Qwen3.6-35B-A3B-FP8-without-reasoning,large,instance_00027,invalid_moves,0
3693,textmapworld,Qwen3.6-35B-A3B-FP8-without-reasoning,large,instance_00027,stopped,1
3694,textmapworld,Qwen3.6-35B-A3B-FP8-without-reasoning,large,instance_00027,turns_limit,0
3695,textmapworld,Qwen3.6-35B-A3B-FP8-without-reasoning,large,instance_00027,loops,0
3696,textmapworld,Qwen3.6-35B-A3B-FP8-without-reasoning,large,instance_00027,number_visited,3
3697,textmapworld,Qwen3.6-35B-A3B-FP8-without-reasoning,large,instance_00027,seen,4
3698,textmapworld,Qwen3.6-35B-A3B-FP8-without-reasoning,large,instance_00027,efficiency,100.0
3699,textmapworld,Qwen3.6-35B-A3B-FP8-without-reasoning,large,instance_00027,exploration,37.5
3700,textmapworld,Qwen3.6-35B-A3B-FP8-without-reasoning,large,instance_00027,Main Score,54.54545454545455
3701,textmapworld,Qwen3.6-35B-A3B-FP8-without-reasoning,large,instance_00029,Success,0
3702,textmapworld,Qwen3.6-35B-A3B-FP8-without-reasoning,large,instance_00029,Aborted,0
3703,textmapworld,Qwen3.6-35B-A3B-FP8-without-reasoning,large,instance_00029,Lose,1
3704,textmapworld,Qwen3.6-35B-A3B-FP8-without-reasoning,large,instance_00029,moves,10
3705,textmapworld,Qwen3.6-35B-A3B-FP8-without-reasoning,large,instance_00029,valid_moves,10
3706,textmapworld,Qwen3.6-35B-A3B-FP8-without-reasoning,large,instance_00029,invalid_moves,0
3707,textmapworld,Qwen3.6-35B-A3B-FP8-without-reasoning,large,instance_00029,stopped,1
3708,textmapworld,Qwen3.6-35B-A3B-FP8-without-reasoning,large,instance_00029,turns_limit,0
3709,textmapworld,Qwen3.6-35B-A3B-FP8-without-reasoning,large,instance_00029,loops,0
3710,textmapworld,Qwen3.6-35B-A3B-FP8-without-reasoning,large,instance_00029,number_visited,7
3711,textmapworld,Qwen3.6-35B-A3B-FP8-without-reasoning,large,instance_00029,seen,8
3712,textmapworld,Qwen3.6-35B-A3B-FP8-without-reasoning,large,instance_00029,efficiency,80.0
3713,textmapworld,Qwen3.6-35B-A3B-FP8-without-reasoning,large,instance_00029,exploration,87.5
3714,textmapworld,Qwen3.6-35B-A3B-FP8-without-reasoning,large,instance_00029,Main Score,83.58208955223881
3715,textmapworld,Qwen3.6-35B-A3B-FP8-without-reasoning,large,instance_00022,Success,1
3716,textmapworld,Qwen3.6-35B-A3B-FP8-without-reasoning,large,instance_00022,Aborted,0
3717,textmapworld,Qwen3.6-35B-A3B-FP8-without-reasoning,large,instance_00022,Lose,0
3718,textmapworld,Qwen3.6-35B-A3B-FP8-without-reasoning,large,instance_00022,moves,7
3719,textmapworld,Qwen3.6-35B-A3B-FP8-without-reasoning,large,instance_00022,valid_moves,7
3720,textmapworld,Qwen3.6-35B-A3B-FP8-without-reasoning,large,instance_00022,invalid_moves,0
3721,textmapworld,Qwen3.6-35B-A3B-FP8-without-reasoning,large,instance_00022,stopped,1
3722,textmapworld,Qwen3.6-35B-A3B-FP8-without-reasoning,large,instance_00022,turns_limit,0
3723,textmapworld,Qwen3.6-35B-A3B-FP8-without-reasoning,large,instance_00022,loops,0
3724,textmapworld,Qwen3.6-35B-A3B-FP8-without-reasoning,large,instance_00022,number_visited,8
3725,textmapworld,Qwen3.6-35B-A3B-FP8-without-reasoning,large,instance_00022,seen,8
3726,textmapworld,Qwen3.6-35B-A3B-FP8-without-reasoning,large,instance_00022,efficiency,100.0
3727,textmapworld,Qwen3.6-35B-A3B-FP8-without-reasoning,large,instance_00022,exploration,100.0
3728,textmapworld,Qwen3.6-35B-A3B-FP8-without-reasoning,large,instance_00022,Main Score,100.0
3729,textmapworld,Qwen3.6-35B-A3B-FP8-without-reasoning,large,instance_00025,Success,0
3730,textmapworld,Qwen3.6-35B-A3B-FP8-without-reasoning,large,instance_00025,Aborted,0
3731,textmapworld,Qwen3.6-35B-A3B-FP8-without-reasoning,large,instance_00025,Lose,1
3732,textmapworld,Qwen3.6-35B-A3B-FP8-without-reasoning,large,instance_00025,moves,6
3733,textmapworld,Qwen3.6-35B-A3B-FP8-without-reasoning,large,instance_00025,valid_moves,6
3734,textmapworld,Qwen3.6-35B-A3B-FP8-without-reasoning,large,instance_00025,invalid_moves,0
3735,textmapworld,Qwen3.6-35B-A3B-FP8-without-reasoning,large,instance_00025,stopped,1
3736,textmapworld,Qwen3.6-35B-A3B-FP8-without-reasoning,large,instance_00025,turns_limit,0
3737,textmapworld,Qwen3.6-35B-A3B-FP8-without-reasoning,large,instance_00025,loops,0
3738,textmapworld,Qwen3.6-35B-A3B-FP8-without-reasoning,large,instance_00025,number_visited,6
3739,textmapworld,Qwen3.6-35B-A3B-FP8-without-reasoning,large,instance_00025,seen,7
3740,textmapworld,Qwen3.6-35B-A3B-FP8-without-reasoning,large,instance_00025,efficiency,66.66666666666666
3741,textmapworld,Qwen3.6-35B-A3B-FP8-without-reasoning,large,instance_00025,exploration,75.0
3742,textmapworld,Qwen3.6-35B-A3B-FP8-without-reasoning,large,instance_00025,Main Score,70.58823529411764
3743,textmapworld,Qwen3.6-35B-A3B-FP8-without-reasoning,large,instance_00024,Success,0
3744,textmapworld,Qwen3.6-35B-A3B-FP8-without-reasoning,large,instance_00024,Aborted,0
3745,textmapworld,Qwen3.6-35B-A3B-FP8-without-reasoning,large,instance_00024,Lose,1
3746,textmapworld,Qwen3.6-35B-A3B-FP8-without-reasoning,large,instance_00024,moves,3
3747,textmapworld,Qwen3.6-35B-A3B-FP8-without-reasoning,large,instance_00024,valid_moves,3
3748,textmapworld,Qwen3.6-35B-A3B-FP8-without-reasoning,large,instance_00024,invalid_moves,0
3749,textmapworld,Qwen3.6-35B-A3B-FP8-without-reasoning,large,instance_00024,stopped,1
3750,textmapworld,Qwen3.6-35B-A3B-FP8-without-reasoning,large,instance_00024,turns_limit,0
3751,textmapworld,Qwen3.6-35B-A3B-FP8-without-reasoning,large,instance_00024,loops,0
3752,textmapworld,Qwen3.6-35B-A3B-FP8-without-reasoning,large,instance_00024,number_visited,4
3753,textmapworld,Qwen3.6-35B-A3B-FP8-without-reasoning,large,instance_00024,seen,6
3754,textmapworld,Qwen3.6-35B-A3B-FP8-without-reasoning,large,instance_00024,efficiency,100.0
3755,textmapworld,Qwen3.6-35B-A3B-FP8-without-reasoning,large,instance_00024,exploration,50.0
3756,textmapworld,Qwen3.6-35B-A3B-FP8-without-reasoning,large,instance_00024,Main Score,66.66666666666667
3757,textmapworld,Qwen3.6-35B-A3B-FP8-without-reasoning,large,instance_00023,Success,0
3758,textmapworld,Qwen3.6-35B-A3B-FP8-without-reasoning,large,instance_00023,Aborted,0
3759,textmapworld,Qwen3.6-35B-A3B-FP8-without-reasoning,large,instance_00023,Lose,1
3760,textmapworld,Qwen3.6-35B-A3B-FP8-without-reasoning,large,instance_00023,moves,10
3761,textmapworld,Qwen3.6-35B-A3B-FP8-without-reasoning,large,instance_00023,valid_moves,10
3762,textmapworld,Qwen3.6-35B-A3B-FP8-without-reasoning,large,instance_00023,invalid_moves,0
3763,textmapworld,Qwen3.6-35B-A3B-FP8-without-reasoning,large,instance_00023,stopped,1
3764,textmapworld,Qwen3.6-35B-A3B-FP8-without-reasoning,large,instance_00023,turns_limit,0
3765,textmapworld,Qwen3.6-35B-A3B-FP8-without-reasoning,large,instance_00023,loops,0
3766,textmapworld,Qwen3.6-35B-A3B-FP8-without-reasoning,large,instance_00023,number_visited,6
3767,textmapworld,Qwen3.6-35B-A3B-FP8-without-reasoning,large,instance_00023,seen,7
3768,textmapworld,Qwen3.6-35B-A3B-FP8-without-reasoning,large,instance_00023,efficiency,80.0
3769,textmapworld,Qwen3.6-35B-A3B-FP8-without-reasoning,large,instance_00023,exploration,75.0
3770,textmapworld,Qwen3.6-35B-A3B-FP8-without-reasoning,large,instance_00023,Main Score,77.41935483870968
3771,textmapworld,Qwen3.6-35B-A3B-FP8-without-reasoning,medium,instance_00017,Success,0
3772,textmapworld,Qwen3.6-35B-A3B-FP8-without-reasoning,medium,instance_00017,Aborted,0
3773,textmapworld,Qwen3.6-35B-A3B-FP8-without-reasoning,medium,instance_00017,Lose,1
3774,textmapworld,Qwen3.6-35B-A3B-FP8-without-reasoning,medium,instance_00017,moves,6
3775,textmapworld,Qwen3.6-35B-A3B-FP8-without-reasoning,medium,instance_00017,valid_moves,6
3776,textmapworld,Qwen3.6-35B-A3B-FP8-without-reasoning,medium,instance_00017,invalid_moves,0
3777,textmapworld,Qwen3.6-35B-A3B-FP8-without-reasoning,medium,instance_00017,stopped,1
3778,textmapworld,Qwen3.6-35B-A3B-FP8-without-reasoning,medium,instance_00017,turns_limit,0
3779,textmapworld,Qwen3.6-35B-A3B-FP8-without-reasoning,medium,instance_00017,loops,0
3780,textmapworld,Qwen3.6-35B-A3B-FP8-without-reasoning,medium,instance_00017,number_visited,4
3781,textmapworld,Qwen3.6-35B-A3B-FP8-without-reasoning,medium,instance_00017,seen,5
3782,textmapworld,Qwen3.6-35B-A3B-FP8-without-reasoning,medium,instance_00017,efficiency,83.33333333333334
3783,textmapworld,Qwen3.6-35B-A3B-FP8-without-reasoning,medium,instance_00017,exploration,66.66666666666666
3784,textmapworld,Qwen3.6-35B-A3B-FP8-without-reasoning,medium,instance_00017,Main Score,74.07407407407408
3785,textmapworld,Qwen3.6-35B-A3B-FP8-without-reasoning,medium,instance_00010,Success,1
3786,textmapworld,Qwen3.6-35B-A3B-FP8-without-reasoning,medium,instance_00010,Aborted,0
3787,textmapworld,Qwen3.6-35B-A3B-FP8-without-reasoning,medium,instance_00010,Lose,0
3788,textmapworld,Qwen3.6-35B-A3B-FP8-without-reasoning,medium,instance_00010,moves,8
3789,textmapworld,Qwen3.6-35B-A3B-FP8-without-reasoning,medium,instance_00010,valid_moves,8
3790,textmapworld,Qwen3.6-35B-A3B-FP8-without-reasoning,medium,instance_00010,invalid_moves,0
3791,textmapworld,Qwen3.6-35B-A3B-FP8-without-reasoning,medium,instance_00010,stopped,1
3792,textmapworld,Qwen3.6-35B-A3B-FP8-without-reasoning,medium,instance_00010,turns_limit,0
3793,textmapworld,Qwen3.6-35B-A3B-FP8-without-reasoning,medium,instance_00010,loops,0
3794,textmapworld,Qwen3.6-35B-A3B-FP8-without-reasoning,medium,instance_00010,number_visited,6
3795,textmapworld,Qwen3.6-35B-A3B-FP8-without-reasoning,medium,instance_00010,seen,6
3796,textmapworld,Qwen3.6-35B-A3B-FP8-without-reasoning,medium,instance_00010,efficiency,87.5
3797,textmapworld,Qwen3.6-35B-A3B-FP8-without-reasoning,medium,instance_00010,exploration,100.0
3798,textmapworld,Qwen3.6-35B-A3B-FP8-without-reasoning,medium,instance_00010,Main Score,93.33333333333333
3799,textmapworld,Qwen3.6-35B-A3B-FP8-without-reasoning,medium,instance_00019,Success,0
3800,textmapworld,Qwen3.6-35B-A3B-FP8-without-reasoning,medium,instance_00019,Aborted,0
3801,textmapworld,Qwen3.6-35B-A3B-FP8-without-reasoning,medium,instance_00019,Lose,1
3802,textmapworld,Qwen3.6-35B-A3B-FP8-without-reasoning,medium,instance_00019,moves,6
3803,textmapworld,Qwen3.6-35B-A3B-FP8-without-reasoning,medium,instance_00019,valid_moves,6
3804,textmapworld,Qwen3.6-35B-A3B-FP8-without-reasoning,medium,instance_00019,invalid_moves,0
3805,textmapworld,Qwen3.6-35B-A3B-FP8-without-reasoning,medium,instance_00019,stopped,1
3806,textmapworld,Qwen3.6-35B-A3B-FP8-without-reasoning,medium,instance_00019,turns_limit,0
3807,textmapworld,Qwen3.6-35B-A3B-FP8-without-reasoning,medium,instance_00019,loops,0
3808,textmapworld,Qwen3.6-35B-A3B-FP8-without-reasoning,medium,instance_00019,number_visited,4
3809,textmapworld,Qwen3.6-35B-A3B-FP8-without-reasoning,medium,instance_00019,seen,5
3810,textmapworld,Qwen3.6-35B-A3B-FP8-without-reasoning,medium,instance_00019,efficiency,66.66666666666666
3811,textmapworld,Qwen3.6-35B-A3B-FP8-without-reasoning,medium,instance_00019,exploration,66.66666666666666
3812,textmapworld,Qwen3.6-35B-A3B-FP8-without-reasoning,medium,instance_00019,Main Score,66.66666666666666
3813,textmapworld,Qwen3.6-35B-A3B-FP8-without-reasoning,medium,instance_00018,Success,0
3814,textmapworld,Qwen3.6-35B-A3B-FP8-without-reasoning,medium,instance_00018,Aborted,0
3815,textmapworld,Qwen3.6-35B-A3B-FP8-without-reasoning,medium,instance_00018,Lose,1
3816,textmapworld,Qwen3.6-35B-A3B-FP8-without-reasoning,medium,instance_00018,moves,6
3817,textmapworld,Qwen3.6-35B-A3B-FP8-without-reasoning,medium,instance_00018,valid_moves,6
3818,textmapworld,Qwen3.6-35B-A3B-FP8-without-reasoning,medium,instance_00018,invalid_moves,0
3819,textmapworld,Qwen3.6-35B-A3B-FP8-without-reasoning,medium,instance_00018,stopped,1
3820,textmapworld,Qwen3.6-35B-A3B-FP8-without-reasoning,medium,instance_00018,turns_limit,0
3821,textmapworld,Qwen3.6-35B-A3B-FP8-without-reasoning,medium,instance_00018,loops,0
3822,textmapworld,Qwen3.6-35B-A3B-FP8-without-reasoning,medium,instance_00018,number_visited,4
3823,textmapworld,Qwen3.6-35B-A3B-FP8-without-reasoning,medium,instance_00018,seen,5
3824,textmapworld,Qwen3.6-35B-A3B-FP8-without-reasoning,medium,instance_00018,efficiency,83.33333333333334
3825,textmapworld,Qwen3.6-35B-A3B-FP8-without-reasoning,medium,instance_00018,exploration,66.66666666666666
3826,textmapworld,Qwen3.6-35B-A3B-FP8-without-reasoning,medium,instance_00018,Main Score,74.07407407407408
3827,textmapworld,Qwen3.6-35B-A3B-FP8-without-reasoning,medium,instance_00011,Success,1
3828,textmapworld,Qwen3.6-35B-A3B-FP8-without-reasoning,medium,instance_00011,Aborted,0
3829,textmapworld,Qwen3.6-35B-A3B-FP8-without-reasoning,medium,instance_00011,Lose,0
3830,textmapworld,Qwen3.6-35B-A3B-FP8-without-reasoning,medium,instance_00011,moves,8
3831,textmapworld,Qwen3.6-35B-A3B-FP8-without-reasoning,medium,instance_00011,valid_moves,8
3832,textmapworld,Qwen3.6-35B-A3B-FP8-without-reasoning,medium,instance_00011,invalid_moves,0
3833,textmapworld,Qwen3.6-35B-A3B-FP8-without-reasoning,medium,instance_00011,stopped,1
3834,textmapworld,Qwen3.6-35B-A3B-FP8-without-reasoning,medium,instance_00011,turns_limit,0
3835,textmapworld,Qwen3.6-35B-A3B-FP8-without-reasoning,medium,instance_00011,loops,0
3836,textmapworld,Qwen3.6-35B-A3B-FP8-without-reasoning,medium,instance_00011,number_visited,6
3837,textmapworld,Qwen3.6-35B-A3B-FP8-without-reasoning,medium,instance_00011,seen,6
3838,textmapworld,Qwen3.6-35B-A3B-FP8-without-reasoning,medium,instance_00011,efficiency,87.5
3839,textmapworld,Qwen3.6-35B-A3B-FP8-without-reasoning,medium,instance_00011,exploration,100.0
3840,textmapworld,Qwen3.6-35B-A3B-FP8-without-reasoning,medium,instance_00011,Main Score,93.33333333333333
3841,textmapworld,Qwen3.6-35B-A3B-FP8-without-reasoning,medium,instance_00016,Success,0
3842,textmapworld,Qwen3.6-35B-A3B-FP8-without-reasoning,medium,instance_00016,Aborted,0
3843,textmapworld,Qwen3.6-35B-A3B-FP8-without-reasoning,medium,instance_00016,Lose,1
3844,textmapworld,Qwen3.6-35B-A3B-FP8-without-reasoning,medium,instance_00016,moves,6
3845,textmapworld,Qwen3.6-35B-A3B-FP8-without-reasoning,medium,instance_00016,valid_moves,6
3846,textmapworld,Qwen3.6-35B-A3B-FP8-without-reasoning,medium,instance_00016,invalid_moves,0
3847,textmapworld,Qwen3.6-35B-A3B-FP8-without-reasoning,medium,instance_00016,stopped,1
3848,textmapworld,Qwen3.6-35B-A3B-FP8-without-reasoning,medium,instance_00016,turns_limit,0
3849,textmapworld,Qwen3.6-35B-A3B-FP8-without-reasoning,medium,instance_00016,loops,0
3850,textmapworld,Qwen3.6-35B-A3B-FP8-without-reasoning,medium,instance_00016,number_visited,5
3851,textmapworld,Qwen3.6-35B-A3B-FP8-without-reasoning,medium,instance_00016,seen,6
3852,textmapworld,Qwen3.6-35B-A3B-FP8-without-reasoning,medium,instance_00016,efficiency,66.66666666666666
3853,textmapworld,Qwen3.6-35B-A3B-FP8-without-reasoning,medium,instance_00016,exploration,83.33333333333334
3854,textmapworld,Qwen3.6-35B-A3B-FP8-without-reasoning,medium,instance_00016,Main Score,74.07407407407408
3855,textmapworld,Qwen3.6-35B-A3B-FP8-without-reasoning,medium,instance_00013,Success,0
3856,textmapworld,Qwen3.6-35B-A3B-FP8-without-reasoning,medium,instance_00013,Aborted,0
3857,textmapworld,Qwen3.6-35B-A3B-FP8-without-reasoning,medium,instance_00013,Lose,1
3858,textmapworld,Qwen3.6-35B-A3B-FP8-without-reasoning,medium,instance_00013,moves,3
3859,textmapworld,Qwen3.6-35B-A3B-FP8-without-reasoning,medium,instance_00013,valid_moves,3
3860,textmapworld,Qwen3.6-35B-A3B-FP8-without-reasoning,medium,instance_00013,invalid_moves,0
3861,textmapworld,Qwen3.6-35B-A3B-FP8-without-reasoning,medium,instance_00013,stopped,1
3862,textmapworld,Qwen3.6-35B-A3B-FP8-without-reasoning,medium,instance_00013,turns_limit,0
3863,textmapworld,Qwen3.6-35B-A3B-FP8-without-reasoning,medium,instance_00013,loops,0
3864,textmapworld,Qwen3.6-35B-A3B-FP8-without-reasoning,medium,instance_00013,number_visited,4
3865,textmapworld,Qwen3.6-35B-A3B-FP8-without-reasoning,medium,instance_00013,seen,5
3866,textmapworld,Qwen3.6-35B-A3B-FP8-without-reasoning,medium,instance_00013,efficiency,66.66666666666666
3867,textmapworld,Qwen3.6-35B-A3B-FP8-without-reasoning,medium,instance_00013,exploration,66.66666666666666
3868,textmapworld,Qwen3.6-35B-A3B-FP8-without-reasoning,medium,instance_00013,Main Score,66.66666666666666
3869,textmapworld,Qwen3.6-35B-A3B-FP8-without-reasoning,medium,instance_00014,Success,0
3870,textmapworld,Qwen3.6-35B-A3B-FP8-without-reasoning,medium,instance_00014,Aborted,0
3871,textmapworld,Qwen3.6-35B-A3B-FP8-without-reasoning,medium,instance_00014,Lose,1
3872,textmapworld,Qwen3.6-35B-A3B-FP8-without-reasoning,medium,instance_00014,moves,5
3873,textmapworld,Qwen3.6-35B-A3B-FP8-without-reasoning,medium,instance_00014,valid_moves,5
3874,textmapworld,Qwen3.6-35B-A3B-FP8-without-reasoning,medium,instance_00014,invalid_moves,0
3875,textmapworld,Qwen3.6-35B-A3B-FP8-without-reasoning,medium,instance_00014,stopped,1
3876,textmapworld,Qwen3.6-35B-A3B-FP8-without-reasoning,medium,instance_00014,turns_limit,0
3877,textmapworld,Qwen3.6-35B-A3B-FP8-without-reasoning,medium,instance_00014,loops,0
3878,textmapworld,Qwen3.6-35B-A3B-FP8-without-reasoning,medium,instance_00014,number_visited,5
3879,textmapworld,Qwen3.6-35B-A3B-FP8-without-reasoning,medium,instance_00014,seen,6
3880,textmapworld,Qwen3.6-35B-A3B-FP8-without-reasoning,medium,instance_00014,efficiency,80.0
3881,textmapworld,Qwen3.6-35B-A3B-FP8-without-reasoning,medium,instance_00014,exploration,83.33333333333334
3882,textmapworld,Qwen3.6-35B-A3B-FP8-without-reasoning,medium,instance_00014,Main Score,81.6326530612245
3883,textmapworld,Qwen3.6-35B-A3B-FP8-without-reasoning,medium,instance_00015,Success,0
3884,textmapworld,Qwen3.6-35B-A3B-FP8-without-reasoning,medium,instance_00015,Aborted,0
3885,textmapworld,Qwen3.6-35B-A3B-FP8-without-reasoning,medium,instance_00015,Lose,1
3886,textmapworld,Qwen3.6-35B-A3B-FP8-without-reasoning,medium,instance_00015,moves,8
3887,textmapworld,Qwen3.6-35B-A3B-FP8-without-reasoning,medium,instance_00015,valid_moves,8
3888,textmapworld,Qwen3.6-35B-A3B-FP8-without-reasoning,medium,instance_00015,invalid_moves,0
3889,textmapworld,Qwen3.6-35B-A3B-FP8-without-reasoning,medium,instance_00015,stopped,1
3890,textmapworld,Qwen3.6-35B-A3B-FP8-without-reasoning,medium,instance_00015,turns_limit,0
3891,textmapworld,Qwen3.6-35B-A3B-FP8-without-reasoning,medium,instance_00015,loops,0
3892,textmapworld,Qwen3.6-35B-A3B-FP8-without-reasoning,medium,instance_00015,number_visited,5
3893,textmapworld,Qwen3.6-35B-A3B-FP8-without-reasoning,medium,instance_00015,seen,6
3894,textmapworld,Qwen3.6-35B-A3B-FP8-without-reasoning,medium,instance_00015,efficiency,62.5
3895,textmapworld,Qwen3.6-35B-A3B-FP8-without-reasoning,medium,instance_00015,exploration,83.33333333333334
3896,textmapworld,Qwen3.6-35B-A3B-FP8-without-reasoning,medium,instance_00015,Main Score,71.42857142857143
3897,textmapworld,Qwen3.6-35B-A3B-FP8-without-reasoning,medium,instance_00012,Success,0
3898,textmapworld,Qwen3.6-35B-A3B-FP8-without-reasoning,medium,instance_00012,Aborted,0
3899,textmapworld,Qwen3.6-35B-A3B-FP8-without-reasoning,medium,instance_00012,Lose,1
3900,textmapworld,Qwen3.6-35B-A3B-FP8-without-reasoning,medium,instance_00012,moves,3
3901,textmapworld,Qwen3.6-35B-A3B-FP8-without-reasoning,medium,instance_00012,valid_moves,3
3902,textmapworld,Qwen3.6-35B-A3B-FP8-without-reasoning,medium,instance_00012,invalid_moves,0
3903,textmapworld,Qwen3.6-35B-A3B-FP8-without-reasoning,medium,instance_00012,stopped,1
3904,textmapworld,Qwen3.6-35B-A3B-FP8-without-reasoning,medium,instance_00012,turns_limit,0
3905,textmapworld,Qwen3.6-35B-A3B-FP8-without-reasoning,medium,instance_00012,loops,0
3906,textmapworld,Qwen3.6-35B-A3B-FP8-without-reasoning,medium,instance_00012,number_visited,4
3907,textmapworld,Qwen3.6-35B-A3B-FP8-without-reasoning,medium,instance_00012,seen,5
3908,textmapworld,Qwen3.6-35B-A3B-FP8-without-reasoning,medium,instance_00012,efficiency,66.66666666666666
3909,textmapworld,Qwen3.6-35B-A3B-FP8-without-reasoning,medium,instance_00012,exploration,66.66666666666666
3910,textmapworld,Qwen3.6-35B-A3B-FP8-without-reasoning,medium,instance_00012,Main Score,66.66666666666666
3911,textmapworld,Qwen3.6-35B-A3B-FP8-without-reasoning,small,instance_00005,Success,0
3912,textmapworld,Qwen3.6-35B-A3B-FP8-without-reasoning,small,instance_00005,Aborted,0
3913,textmapworld,Qwen3.6-35B-A3B-FP8-without-reasoning,small,instance_00005,Lose,1
3914,textmapworld,Qwen3.6-35B-A3B-FP8-without-reasoning,small,instance_00005,moves,1
3915,textmapworld,Qwen3.6-35B-A3B-FP8-without-reasoning,small,instance_00005,valid_moves,1
3916,textmapworld,Qwen3.6-35B-A3B-FP8-without-reasoning,small,instance_00005,invalid_moves,0
3917,textmapworld,Qwen3.6-35B-A3B-FP8-without-reasoning,small,instance_00005,stopped,1
3918,textmapworld,Qwen3.6-35B-A3B-FP8-without-reasoning,small,instance_00005,turns_limit,0
3919,textmapworld,Qwen3.6-35B-A3B-FP8-without-reasoning,small,instance_00005,loops,0
3920,textmapworld,Qwen3.6-35B-A3B-FP8-without-reasoning,small,instance_00005,number_visited,2
3921,textmapworld,Qwen3.6-35B-A3B-FP8-without-reasoning,small,instance_00005,seen,3
3922,textmapworld,Qwen3.6-35B-A3B-FP8-without-reasoning,small,instance_00005,efficiency,100.0
3923,textmapworld,Qwen3.6-35B-A3B-FP8-without-reasoning,small,instance_00005,exploration,50.0
3924,textmapworld,Qwen3.6-35B-A3B-FP8-without-reasoning,small,instance_00005,Main Score,66.66666666666667
3925,textmapworld,Qwen3.6-35B-A3B-FP8-without-reasoning,small,instance_00002,Success,0
3926,textmapworld,Qwen3.6-35B-A3B-FP8-without-reasoning,small,instance_00002,Aborted,0
3927,textmapworld,Qwen3.6-35B-A3B-FP8-without-reasoning,small,instance_00002,Lose,1
3928,textmapworld,Qwen3.6-35B-A3B-FP8-without-reasoning,small,instance_00002,moves,1
3929,textmapworld,Qwen3.6-35B-A3B-FP8-without-reasoning,small,instance_00002,valid_moves,1
3930,textmapworld,Qwen3.6-35B-A3B-FP8-without-reasoning,small,instance_00002,invalid_moves,0
3931,textmapworld,Qwen3.6-35B-A3B-FP8-without-reasoning,small,instance_00002,stopped,1
3932,textmapworld,Qwen3.6-35B-A3B-FP8-without-reasoning,small,instance_00002,turns_limit,0
3933,textmapworld,Qwen3.6-35B-A3B-FP8-without-reasoning,small,instance_00002,loops,0
3934,textmapworld,Qwen3.6-35B-A3B-FP8-without-reasoning,small,instance_00002,number_visited,2
3935,textmapworld,Qwen3.6-35B-A3B-FP8-without-reasoning,small,instance_00002,seen,3
3936,textmapworld,Qwen3.6-35B-A3B-FP8-without-reasoning,small,instance_00002,efficiency,100.0
3937,textmapworld,Qwen3.6-35B-A3B-FP8-without-reasoning,small,instance_00002,exploration,50.0
3938,textmapworld,Qwen3.6-35B-A3B-FP8-without-reasoning,small,instance_00002,Main Score,66.66666666666667
3939,textmapworld,Qwen3.6-35B-A3B-FP8-without-reasoning,small,instance_00003,Success,0
3940,textmapworld,Qwen3.6-35B-A3B-FP8-without-reasoning,small,instance_00003,Aborted,0
3941,textmapworld,Qwen3.6-35B-A3B-FP8-without-reasoning,small,instance_00003,Lose,1
3942,textmapworld,Qwen3.6-35B-A3B-FP8-without-reasoning,small,instance_00003,moves,4
3943,textmapworld,Qwen3.6-35B-A3B-FP8-without-reasoning,small,instance_00003,valid_moves,4
3944,textmapworld,Qwen3.6-35B-A3B-FP8-without-reasoning,small,instance_00003,invalid_moves,0
3945,textmapworld,Qwen3.6-35B-A3B-FP8-without-reasoning,small,instance_00003,stopped,1
3946,textmapworld,Qwen3.6-35B-A3B-FP8-without-reasoning,small,instance_00003,turns_limit,0
3947,textmapworld,Qwen3.6-35B-A3B-FP8-without-reasoning,small,instance_00003,loops,0
3948,textmapworld,Qwen3.6-35B-A3B-FP8-without-reasoning,small,instance_00003,number_visited,3
3949,textmapworld,Qwen3.6-35B-A3B-FP8-without-reasoning,small,instance_00003,seen,4
3950,textmapworld,Qwen3.6-35B-A3B-FP8-without-reasoning,small,instance_00003,efficiency,75.0
3951,textmapworld,Qwen3.6-35B-A3B-FP8-without-reasoning,small,instance_00003,exploration,75.0
3952,textmapworld,Qwen3.6-35B-A3B-FP8-without-reasoning,small,instance_00003,Main Score,75.0
3953,textmapworld,Qwen3.6-35B-A3B-FP8-without-reasoning,small,instance_00004,Success,1
3954,textmapworld,Qwen3.6-35B-A3B-FP8-without-reasoning,small,instance_00004,Aborted,0
3955,textmapworld,Qwen3.6-35B-A3B-FP8-without-reasoning,small,instance_00004,Lose,0
3956,textmapworld,Qwen3.6-35B-A3B-FP8-without-reasoning,small,instance_00004,moves,6
3957,textmapworld,Qwen3.6-35B-A3B-FP8-without-reasoning,small,instance_00004,valid_moves,6
3958,textmapworld,Qwen3.6-35B-A3B-FP8-without-reasoning,small,instance_00004,invalid_moves,0
3959,textmapworld,Qwen3.6-35B-A3B-FP8-without-reasoning,small,instance_00004,stopped,1
3960,textmapworld,Qwen3.6-35B-A3B-FP8-without-reasoning,small,instance_00004,turns_limit,0
3961,textmapworld,Qwen3.6-35B-A3B-FP8-without-reasoning,small,instance_00004,loops,0
3962,textmapworld,Qwen3.6-35B-A3B-FP8-without-reasoning,small,instance_00004,number_visited,4
3963,textmapworld,Qwen3.6-35B-A3B-FP8-without-reasoning,small,instance_00004,seen,4
3964,textmapworld,Qwen3.6-35B-A3B-FP8-without-reasoning,small,instance_00004,efficiency,50.0
3965,textmapworld,Qwen3.6-35B-A3B-FP8-without-reasoning,small,instance_00004,exploration,100.0
3966,textmapworld,Qwen3.6-35B-A3B-FP8-without-reasoning,small,instance_00004,Main Score,66.66666666666667
3967,textmapworld,Qwen3.6-35B-A3B-FP8-without-reasoning,small,instance_00008,Success,0
3968,textmapworld,Qwen3.6-35B-A3B-FP8-without-reasoning,small,instance_00008,Aborted,0
3969,textmapworld,Qwen3.6-35B-A3B-FP8-without-reasoning,small,instance_00008,Lose,1
3970,textmapworld,Qwen3.6-35B-A3B-FP8-without-reasoning,small,instance_00008,moves,4
3971,textmapworld,Qwen3.6-35B-A3B-FP8-without-reasoning,small,instance_00008,valid_moves,4
3972,textmapworld,Qwen3.6-35B-A3B-FP8-without-reasoning,small,instance_00008,invalid_moves,0
3973,textmapworld,Qwen3.6-35B-A3B-FP8-without-reasoning,small,instance_00008,stopped,1
3974,textmapworld,Qwen3.6-35B-A3B-FP8-without-reasoning,small,instance_00008,turns_limit,0
3975,textmapworld,Qwen3.6-35B-A3B-FP8-without-reasoning,small,instance_00008,loops,0
3976,textmapworld,Qwen3.6-35B-A3B-FP8-without-reasoning,small,instance_00008,number_visited,3
3977,textmapworld,Qwen3.6-35B-A3B-FP8-without-reasoning,small,instance_00008,seen,4
3978,textmapworld,Qwen3.6-35B-A3B-FP8-without-reasoning,small,instance_00008,efficiency,50.0
3979,textmapworld,Qwen3.6-35B-A3B-FP8-without-reasoning,small,instance_00008,exploration,75.0
3980,textmapworld,Qwen3.6-35B-A3B-FP8-without-reasoning,small,instance_00008,Main Score,60.0
3981,textmapworld,Qwen3.6-35B-A3B-FP8-without-reasoning,small,instance_00001,Success,1
3982,textmapworld,Qwen3.6-35B-A3B-FP8-without-reasoning,small,instance_00001,Aborted,0
3983,textmapworld,Qwen3.6-35B-A3B-FP8-without-reasoning,small,instance_00001,Lose,0
3984,textmapworld,Qwen3.6-35B-A3B-FP8-without-reasoning,small,instance_00001,moves,4
3985,textmapworld,Qwen3.6-35B-A3B-FP8-without-reasoning,small,instance_00001,valid_moves,4
3986,textmapworld,Qwen3.6-35B-A3B-FP8-without-reasoning,small,instance_00001,invalid_moves,0
3987,textmapworld,Qwen3.6-35B-A3B-FP8-without-reasoning,small,instance_00001,stopped,1
3988,textmapworld,Qwen3.6-35B-A3B-FP8-without-reasoning,small,instance_00001,turns_limit,0
3989,textmapworld,Qwen3.6-35B-A3B-FP8-without-reasoning,small,instance_00001,loops,0
3990,textmapworld,Qwen3.6-35B-A3B-FP8-without-reasoning,small,instance_00001,number_visited,4
3991,textmapworld,Qwen3.6-35B-A3B-FP8-without-reasoning,small,instance_00001,seen,4
3992,textmapworld,Qwen3.6-35B-A3B-FP8-without-reasoning,small,instance_00001,efficiency,75.0
3993,textmapworld,Qwen3.6-35B-A3B-FP8-without-reasoning,small,instance_00001,exploration,100.0
3994,textmapworld,Qwen3.6-35B-A3B-FP8-without-reasoning,small,instance_00001,Main Score,85.71428571428571
3995,textmapworld,Qwen3.6-35B-A3B-FP8-without-reasoning,small,instance_00006,Success,1
3996,textmapworld,Qwen3.6-35B-A3B-FP8-without-reasoning,small,instance_00006,Aborted,0
3997,textmapworld,Qwen3.6-35B-A3B-FP8-without-reasoning,small,instance_00006,Lose,0
3998,textmapworld,Qwen3.6-35B-A3B-FP8-without-reasoning,small,instance_00006,moves,3
3999,textmapworld,Qwen3.6-35B-A3B-FP8-without-reasoning,small,instance_00006,valid_moves,3
4000,textmapworld,Qwen3.6-35B-A3B-FP8-without-reasoning,small,instance_00006,invalid_moves,0
4001,textmapworld,Qwen3.6-35B-A3B-FP8-without-reasoning,small,instance_00006,stopped,1
4002,textmapworld,Qwen3.6-35B-A3B-FP8-without-reasoning,small,instance_00006,turns_limit,0
4003,textmapworld,Qwen3.6-35B-A3B-FP8-without-reasoning,small,instance_00006,loops,0
4004,textmapworld,Qwen3.6-35B-A3B-FP8-without-reasoning,small,instance_00006,number_visited,4
4005,textmapworld,Qwen3.6-35B-A3B-FP8-without-reasoning,small,instance_00006,seen,4
4006,textmapworld,Qwen3.6-35B-A3B-FP8-without-reasoning,small,instance_00006,efficiency,100.0
4007,textmapworld,Qwen3.6-35B-A3B-FP8-without-reasoning,small,instance_00006,exploration,100.0
4008,textmapworld,Qwen3.6-35B-A3B-FP8-without-reasoning,small,instance_00006,Main Score,100.0
4009,textmapworld,Qwen3.6-35B-A3B-FP8-without-reasoning,small,instance_00007,Success,1
4010,textmapworld,Qwen3.6-35B-A3B-FP8-without-reasoning,small,instance_00007,Aborted,0
4011,textmapworld,Qwen3.6-35B-A3B-FP8-without-reasoning,small,instance_00007,Lose,0
4012,textmapworld,Qwen3.6-35B-A3B-FP8-without-reasoning,small,instance_00007,moves,3
4013,textmapworld,Qwen3.6-35B-A3B-FP8-without-reasoning,small,instance_00007,valid_moves,3
4014,textmapworld,Qwen3.6-35B-A3B-FP8-without-reasoning,small,instance_00007,invalid_moves,0
4015,textmapworld,Qwen3.6-35B-A3B-FP8-without-reasoning,small,instance_00007,stopped,1
4016,textmapworld,Qwen3.6-35B-A3B-FP8-without-reasoning,small,instance_00007,turns_limit,0
4017,textmapworld,Qwen3.6-35B-A3B-FP8-without-reasoning,small,instance_00007,loops,0
4018,textmapworld,Qwen3.6-35B-A3B-FP8-without-reasoning,small,instance_00007,number_visited,4
4019,textmapworld,Qwen3.6-35B-A3B-FP8-without-reasoning,small,instance_00007,seen,4
4020,textmapworld,Qwen3.6-35B-A3B-FP8-without-reasoning,small,instance_00007,efficiency,100.0
4021,textmapworld,Qwen3.6-35B-A3B-FP8-without-reasoning,small,instance_00007,exploration,100.0
4022,textmapworld,Qwen3.6-35B-A3B-FP8-without-reasoning,small,instance_00007,Main Score,100.0
4023,textmapworld,Qwen3.6-35B-A3B-FP8-without-reasoning,small,instance_00000,Success,1
4024,textmapworld,Qwen3.6-35B-A3B-FP8-without-reasoning,small,instance_00000,Aborted,0
4025,textmapworld,Qwen3.6-35B-A3B-FP8-without-reasoning,small,instance_00000,Lose,0
4026,textmapworld,Qwen3.6-35B-A3B-FP8-without-reasoning,small,instance_00000,moves,6
4027,textmapworld,Qwen3.6-35B-A3B-FP8-without-reasoning,small,instance_00000,valid_moves,6
4028,textmapworld,Qwen3.6-35B-A3B-FP8-without-reasoning,small,instance_00000,invalid_moves,0
4029,textmapworld,Qwen3.6-35B-A3B-FP8-without-reasoning,small,instance_00000,stopped,1
4030,textmapworld,Qwen3.6-35B-A3B-FP8-without-reasoning,small,instance_00000,turns_limit,0
4031,textmapworld,Qwen3.6-35B-A3B-FP8-without-reasoning,small,instance_00000,loops,0
4032,textmapworld,Qwen3.6-35B-A3B-FP8-without-reasoning,small,instance_00000,number_visited,4
4033,textmapworld,Qwen3.6-35B-A3B-FP8-without-reasoning,small,instance_00000,seen,4
4034,textmapworld,Qwen3.6-35B-A3B-FP8-without-reasoning,small,instance_00000,efficiency,50.0
4035,textmapworld,Qwen3.6-35B-A3B-FP8-without-reasoning,small,instance_00000,exploration,100.0
4036,textmapworld,Qwen3.6-35B-A3B-FP8-without-reasoning,small,instance_00000,Main Score,66.66666666666667
4037,textmapworld,Qwen3.6-35B-A3B-FP8-without-reasoning,small,instance_00009,Success,0
4038,textmapworld,Qwen3.6-35B-A3B-FP8-without-reasoning,small,instance_00009,Aborted,0
4039,textmapworld,Qwen3.6-35B-A3B-FP8-without-reasoning,small,instance_00009,Lose,1
4040,textmapworld,Qwen3.6-35B-A3B-FP8-without-reasoning,small,instance_00009,moves,3
4041,textmapworld,Qwen3.6-35B-A3B-FP8-without-reasoning,small,instance_00009,valid_moves,3
4042,textmapworld,Qwen3.6-35B-A3B-FP8-without-reasoning,small,instance_00009,invalid_moves,0
4043,textmapworld,Qwen3.6-35B-A3B-FP8-without-reasoning,small,instance_00009,stopped,1
4044,textmapworld,Qwen3.6-35B-A3B-FP8-without-reasoning,small,instance_00009,turns_limit,0
4045,textmapworld,Qwen3.6-35B-A3B-FP8-without-reasoning,small,instance_00009,loops,1
4046,textmapworld,Qwen3.6-35B-A3B-FP8-without-reasoning,small,instance_00009,number_visited,2
4047,textmapworld,Qwen3.6-35B-A3B-FP8-without-reasoning,small,instance_00009,seen,3
4048,textmapworld,Qwen3.6-35B-A3B-FP8-without-reasoning,small,instance_00009,efficiency,66.66666666666666
4049,textmapworld,Qwen3.6-35B-A3B-FP8-without-reasoning,small,instance_00009,exploration,50.0
4050,textmapworld,Qwen3.6-35B-A3B-FP8-without-reasoning,small,instance_00009,Main Score,57.14285714285714
4051,textmapworld,Qwen3.6-35B-A3B-FP8-without-reasoning,medium_cycle,instance_00034,Success,0
4052,textmapworld,Qwen3.6-35B-A3B-FP8-without-reasoning,medium_cycle,instance_00034,Aborted,0
4053,textmapworld,Qwen3.6-35B-A3B-FP8-without-reasoning,medium_cycle,instance_00034,Lose,1
4054,textmapworld,Qwen3.6-35B-A3B-FP8-without-reasoning,medium_cycle,instance_00034,moves,6
4055,textmapworld,Qwen3.6-35B-A3B-FP8-without-reasoning,medium_cycle,instance_00034,valid_moves,6
4056,textmapworld,Qwen3.6-35B-A3B-FP8-without-reasoning,medium_cycle,instance_00034,invalid_moves,0
4057,textmapworld,Qwen3.6-35B-A3B-FP8-without-reasoning,medium_cycle,instance_00034,stopped,1
4058,textmapworld,Qwen3.6-35B-A3B-FP8-without-reasoning,medium_cycle,instance_00034,turns_limit,0
4059,textmapworld,Qwen3.6-35B-A3B-FP8-without-reasoning,medium_cycle,instance_00034,loops,0
4060,textmapworld,Qwen3.6-35B-A3B-FP8-without-reasoning,medium_cycle,instance_00034,number_visited,4
4061,textmapworld,Qwen3.6-35B-A3B-FP8-without-reasoning,medium_cycle,instance_00034,seen,6
4062,textmapworld,Qwen3.6-35B-A3B-FP8-without-reasoning,medium_cycle,instance_00034,efficiency,66.66666666666666
4063,textmapworld,Qwen3.6-35B-A3B-FP8-without-reasoning,medium_cycle,instance_00034,exploration,66.66666666666666
4064,textmapworld,Qwen3.6-35B-A3B-FP8-without-reasoning,medium_cycle,instance_00034,Main Score,66.66666666666666
4065,textmapworld,Qwen3.6-35B-A3B-FP8-without-reasoning,medium_cycle,instance_00033,Success,0
4066,textmapworld,Qwen3.6-35B-A3B-FP8-without-reasoning,medium_cycle,instance_00033,Aborted,0
4067,textmapworld,Qwen3.6-35B-A3B-FP8-without-reasoning,medium_cycle,instance_00033,Lose,1
4068,textmapworld,Qwen3.6-35B-A3B-FP8-without-reasoning,medium_cycle,instance_00033,moves,6
4069,textmapworld,Qwen3.6-35B-A3B-FP8-without-reasoning,medium_cycle,instance_00033,valid_moves,6
4070,textmapworld,Qwen3.6-35B-A3B-FP8-without-reasoning,medium_cycle,instance_00033,invalid_moves,0
4071,textmapworld,Qwen3.6-35B-A3B-FP8-without-reasoning,medium_cycle,instance_00033,stopped,1
4072,textmapworld,Qwen3.6-35B-A3B-FP8-without-reasoning,medium_cycle,instance_00033,turns_limit,0
4073,textmapworld,Qwen3.6-35B-A3B-FP8-without-reasoning,medium_cycle,instance_00033,loops,0
4074,textmapworld,Qwen3.6-35B-A3B-FP8-without-reasoning,medium_cycle,instance_00033,number_visited,4
4075,textmapworld,Qwen3.6-35B-A3B-FP8-without-reasoning,medium_cycle,instance_00033,seen,6
4076,textmapworld,Qwen3.6-35B-A3B-FP8-without-reasoning,medium_cycle,instance_00033,efficiency,50.0
4077,textmapworld,Qwen3.6-35B-A3B-FP8-without-reasoning,medium_cycle,instance_00033,exploration,66.66666666666666
4078,textmapworld,Qwen3.6-35B-A3B-FP8-without-reasoning,medium_cycle,instance_00033,Main Score,57.14285714285714
4079,textmapworld,Qwen3.6-35B-A3B-FP8-without-reasoning,medium_cycle,instance_00032,Success,0
4080,textmapworld,Qwen3.6-35B-A3B-FP8-without-reasoning,medium_cycle,instance_00032,Aborted,0
4081,textmapworld,Qwen3.6-35B-A3B-FP8-without-reasoning,medium_cycle,instance_00032,Lose,1
4082,textmapworld,Qwen3.6-35B-A3B-FP8-without-reasoning,medium_cycle,instance_00032,moves,9
4083,textmapworld,Qwen3.6-35B-A3B-FP8-without-reasoning,medium_cycle,instance_00032,valid_moves,9
4084,textmapworld,Qwen3.6-35B-A3B-FP8-without-reasoning,medium_cycle,instance_00032,invalid_moves,0
4085,textmapworld,Qwen3.6-35B-A3B-FP8-without-reasoning,medium_cycle,instance_00032,stopped,1
4086,textmapworld,Qwen3.6-35B-A3B-FP8-without-reasoning,medium_cycle,instance_00032,turns_limit,0
4087,textmapworld,Qwen3.6-35B-A3B-FP8-without-reasoning,medium_cycle,instance_00032,loops,0
4088,textmapworld,Qwen3.6-35B-A3B-FP8-without-reasoning,medium_cycle,instance_00032,number_visited,5
4089,textmapworld,Qwen3.6-35B-A3B-FP8-without-reasoning,medium_cycle,instance_00032,seen,6
4090,textmapworld,Qwen3.6-35B-A3B-FP8-without-reasoning,medium_cycle,instance_00032,efficiency,66.66666666666666
4091,textmapworld,Qwen3.6-35B-A3B-FP8-without-reasoning,medium_cycle,instance_00032,exploration,83.33333333333334
4092,textmapworld,Qwen3.6-35B-A3B-FP8-without-reasoning,medium_cycle,instance_00032,Main Score,74.07407407407408
4093,textmapworld,Qwen3.6-35B-A3B-FP8-without-reasoning,medium_cycle,instance_00035,Success,1
4094,textmapworld,Qwen3.6-35B-A3B-FP8-without-reasoning,medium_cycle,instance_00035,Aborted,0
4095,textmapworld,Qwen3.6-35B-A3B-FP8-without-reasoning,medium_cycle,instance_00035,Lose,0
4096,textmapworld,Qwen3.6-35B-A3B-FP8-without-reasoning,medium_cycle,instance_00035,moves,7
4097,textmapworld,Qwen3.6-35B-A3B-FP8-without-reasoning,medium_cycle,instance_00035,valid_moves,7
4098,textmapworld,Qwen3.6-35B-A3B-FP8-without-reasoning,medium_cycle,instance_00035,invalid_moves,0
4099,textmapworld,Qwen3.6-35B-A3B-FP8-without-reasoning,medium_cycle,instance_00035,stopped,1
4100,textmapworld,Qwen3.6-35B-A3B-FP8-without-reasoning,medium_cycle,instance_00035,turns_limit,0
4101,textmapworld,Qwen3.6-35B-A3B-FP8-without-reasoning,medium_cycle,instance_00035,loops,0
4102,textmapworld,Qwen3.6-35B-A3B-FP8-without-reasoning,medium_cycle,instance_00035,number_visited,6
4103,textmapworld,Qwen3.6-35B-A3B-FP8-without-reasoning,medium_cycle,instance_00035,seen,6
4104,textmapworld,Qwen3.6-35B-A3B-FP8-without-reasoning,medium_cycle,instance_00035,efficiency,71.42857142857143
4105,textmapworld,Qwen3.6-35B-A3B-FP8-without-reasoning,medium_cycle,instance_00035,exploration,100.0
4106,textmapworld,Qwen3.6-35B-A3B-FP8-without-reasoning,medium_cycle,instance_00035,Main Score,83.33333333333333
4107,textmapworld,Qwen3.6-35B-A3B-FP8-without-reasoning,medium_cycle,instance_00030,Success,0
4108,textmapworld,Qwen3.6-35B-A3B-FP8-without-reasoning,medium_cycle,instance_00030,Aborted,0
4109,textmapworld,Qwen3.6-35B-A3B-FP8-without-reasoning,medium_cycle,instance_00030,Lose,1
4110,textmapworld,Qwen3.6-35B-A3B-FP8-without-reasoning,medium_cycle,instance_00030,moves,7
4111,textmapworld,Qwen3.6-35B-A3B-FP8-without-reasoning,medium_cycle,instance_00030,valid_moves,7
4112,textmapworld,Qwen3.6-35B-A3B-FP8-without-reasoning,medium_cycle,instance_00030,invalid_moves,0
4113,textmapworld,Qwen3.6-35B-A3B-FP8-without-reasoning,medium_cycle,instance_00030,stopped,1
4114,textmapworld,Qwen3.6-35B-A3B-FP8-without-reasoning,medium_cycle,instance_00030,turns_limit,0
4115,textmapworld,Qwen3.6-35B-A3B-FP8-without-reasoning,medium_cycle,instance_00030,loops,0
4116,textmapworld,Qwen3.6-35B-A3B-FP8-without-reasoning,medium_cycle,instance_00030,number_visited,4
4117,textmapworld,Qwen3.6-35B-A3B-FP8-without-reasoning,medium_cycle,instance_00030,seen,5
4118,textmapworld,Qwen3.6-35B-A3B-FP8-without-reasoning,medium_cycle,instance_00030,efficiency,71.42857142857143
4119,textmapworld,Qwen3.6-35B-A3B-FP8-without-reasoning,medium_cycle,instance_00030,exploration,66.66666666666666
4120,textmapworld,Qwen3.6-35B-A3B-FP8-without-reasoning,medium_cycle,instance_00030,Main Score,68.96551724137932
4121,textmapworld,Qwen3.6-35B-A3B-FP8-without-reasoning,medium_cycle,instance_00037,Success,0
4122,textmapworld,Qwen3.6-35B-A3B-FP8-without-reasoning,medium_cycle,instance_00037,Aborted,0
4123,textmapworld,Qwen3.6-35B-A3B-FP8-without-reasoning,medium_cycle,instance_00037,Lose,1
4124,textmapworld,Qwen3.6-35B-A3B-FP8-without-reasoning,medium_cycle,instance_00037,moves,1
4125,textmapworld,Qwen3.6-35B-A3B-FP8-without-reasoning,medium_cycle,instance_00037,valid_moves,1
4126,textmapworld,Qwen3.6-35B-A3B-FP8-without-reasoning,medium_cycle,instance_00037,invalid_moves,0
4127,textmapworld,Qwen3.6-35B-A3B-FP8-without-reasoning,medium_cycle,instance_00037,stopped,1
4128,textmapworld,Qwen3.6-35B-A3B-FP8-without-reasoning,medium_cycle,instance_00037,turns_limit,0
4129,textmapworld,Qwen3.6-35B-A3B-FP8-without-reasoning,medium_cycle,instance_00037,loops,0
4130,textmapworld,Qwen3.6-35B-A3B-FP8-without-reasoning,medium_cycle,instance_00037,number_visited,2
4131,textmapworld,Qwen3.6-35B-A3B-FP8-without-reasoning,medium_cycle,instance_00037,seen,4
4132,textmapworld,Qwen3.6-35B-A3B-FP8-without-reasoning,medium_cycle,instance_00037,efficiency,100.0
4133,textmapworld,Qwen3.6-35B-A3B-FP8-without-reasoning,medium_cycle,instance_00037,exploration,33.33333333333333
4134,textmapworld,Qwen3.6-35B-A3B-FP8-without-reasoning,medium_cycle,instance_00037,Main Score,50.0
4135,textmapworld,Qwen3.6-35B-A3B-FP8-without-reasoning,medium_cycle,instance_00039,Success,1
4136,textmapworld,Qwen3.6-35B-A3B-FP8-without-reasoning,medium_cycle,instance_00039,Aborted,0
4137,textmapworld,Qwen3.6-35B-A3B-FP8-without-reasoning,medium_cycle,instance_00039,Lose,0
4138,textmapworld,Qwen3.6-35B-A3B-FP8-without-reasoning,medium_cycle,instance_00039,moves,10
4139,textmapworld,Qwen3.6-35B-A3B-FP8-without-reasoning,medium_cycle,instance_00039,valid_moves,10
4140,textmapworld,Qwen3.6-35B-A3B-FP8-without-reasoning,medium_cycle,instance_00039,invalid_moves,0
4141,textmapworld,Qwen3.6-35B-A3B-FP8-without-reasoning,medium_cycle,instance_00039,stopped,1
4142,textmapworld,Qwen3.6-35B-A3B-FP8-without-reasoning,medium_cycle,instance_00039,turns_limit,0
4143,textmapworld,Qwen3.6-35B-A3B-FP8-without-reasoning,medium_cycle,instance_00039,loops,0
4144,textmapworld,Qwen3.6-35B-A3B-FP8-without-reasoning,medium_cycle,instance_00039,number_visited,6
4145,textmapworld,Qwen3.6-35B-A3B-FP8-without-reasoning,medium_cycle,instance_00039,seen,6
4146,textmapworld,Qwen3.6-35B-A3B-FP8-without-reasoning,medium_cycle,instance_00039,efficiency,60.0
4147,textmapworld,Qwen3.6-35B-A3B-FP8-without-reasoning,medium_cycle,instance_00039,exploration,100.0
4148,textmapworld,Qwen3.6-35B-A3B-FP8-without-reasoning,medium_cycle,instance_00039,Main Score,75.0
4149,textmapworld,Qwen3.6-35B-A3B-FP8-without-reasoning,medium_cycle,instance_00038,Success,0
4150,textmapworld,Qwen3.6-35B-A3B-FP8-without-reasoning,medium_cycle,instance_00038,Aborted,0
4151,textmapworld,Qwen3.6-35B-A3B-FP8-without-reasoning,medium_cycle,instance_00038,Lose,1
4152,textmapworld,Qwen3.6-35B-A3B-FP8-without-reasoning,medium_cycle,instance_00038,moves,6
4153,textmapworld,Qwen3.6-35B-A3B-FP8-without-reasoning,medium_cycle,instance_00038,valid_moves,6
4154,textmapworld,Qwen3.6-35B-A3B-FP8-without-reasoning,medium_cycle,instance_00038,invalid_moves,0
4155,textmapworld,Qwen3.6-35B-A3B-FP8-without-reasoning,medium_cycle,instance_00038,stopped,1
4156,textmapworld,Qwen3.6-35B-A3B-FP8-without-reasoning,medium_cycle,instance_00038,turns_limit,0
4157,textmapworld,Qwen3.6-35B-A3B-FP8-without-reasoning,medium_cycle,instance_00038,loops,0
4158,textmapworld,Qwen3.6-35B-A3B-FP8-without-reasoning,medium_cycle,instance_00038,number_visited,4
4159,textmapworld,Qwen3.6-35B-A3B-FP8-without-reasoning,medium_cycle,instance_00038,seen,6
4160,textmapworld,Qwen3.6-35B-A3B-FP8-without-reasoning,medium_cycle,instance_00038,efficiency,33.33333333333333
4161,textmapworld,Qwen3.6-35B-A3B-FP8-without-reasoning,medium_cycle,instance_00038,exploration,66.66666666666666
4162,textmapworld,Qwen3.6-35B-A3B-FP8-without-reasoning,medium_cycle,instance_00038,Main Score,44.44444444444444
4163,textmapworld,Qwen3.6-35B-A3B-FP8-without-reasoning,medium_cycle,instance_00036,Success,0
4164,textmapworld,Qwen3.6-35B-A3B-FP8-without-reasoning,medium_cycle,instance_00036,Aborted,0
4165,textmapworld,Qwen3.6-35B-A3B-FP8-without-reasoning,medium_cycle,instance_00036,Lose,1
4166,textmapworld,Qwen3.6-35B-A3B-FP8-without-reasoning,medium_cycle,instance_00036,moves,6
4167,textmapworld,Qwen3.6-35B-A3B-FP8-without-reasoning,medium_cycle,instance_00036,valid_moves,6
4168,textmapworld,Qwen3.6-35B-A3B-FP8-without-reasoning,medium_cycle,instance_00036,invalid_moves,0
4169,textmapworld,Qwen3.6-35B-A3B-FP8-without-reasoning,medium_cycle,instance_00036,stopped,1
4170,textmapworld,Qwen3.6-35B-A3B-FP8-without-reasoning,medium_cycle,instance_00036,turns_limit,0
4171,textmapworld,Qwen3.6-35B-A3B-FP8-without-reasoning,medium_cycle,instance_00036,loops,0
4172,textmapworld,Qwen3.6-35B-A3B-FP8-without-reasoning,medium_cycle,instance_00036,number_visited,5
4173,textmapworld,Qwen3.6-35B-A3B-FP8-without-reasoning,medium_cycle,instance_00036,seen,6
4174,textmapworld,Qwen3.6-35B-A3B-FP8-without-reasoning,medium_cycle,instance_00036,efficiency,66.66666666666666
4175,textmapworld,Qwen3.6-35B-A3B-FP8-without-reasoning,medium_cycle,instance_00036,exploration,83.33333333333334
4176,textmapworld,Qwen3.6-35B-A3B-FP8-without-reasoning,medium_cycle,instance_00036,Main Score,74.07407407407408
4177,textmapworld,Qwen3.6-35B-A3B-FP8-without-reasoning,medium_cycle,instance_00031,Success,0
4178,textmapworld,Qwen3.6-35B-A3B-FP8-without-reasoning,medium_cycle,instance_00031,Aborted,0
4179,textmapworld,Qwen3.6-35B-A3B-FP8-without-reasoning,medium_cycle,instance_00031,Lose,1
4180,textmapworld,Qwen3.6-35B-A3B-FP8-without-reasoning,medium_cycle,instance_00031,moves,5
4181,textmapworld,Qwen3.6-35B-A3B-FP8-without-reasoning,medium_cycle,instance_00031,valid_moves,5
4182,textmapworld,Qwen3.6-35B-A3B-FP8-without-reasoning,medium_cycle,instance_00031,invalid_moves,0
4183,textmapworld,Qwen3.6-35B-A3B-FP8-without-reasoning,medium_cycle,instance_00031,stopped,1
4184,textmapworld,Qwen3.6-35B-A3B-FP8-without-reasoning,medium_cycle,instance_00031,turns_limit,0
4185,textmapworld,Qwen3.6-35B-A3B-FP8-without-reasoning,medium_cycle,instance_00031,loops,0
4186,textmapworld,Qwen3.6-35B-A3B-FP8-without-reasoning,medium_cycle,instance_00031,number_visited,5
4187,textmapworld,Qwen3.6-35B-A3B-FP8-without-reasoning,medium_cycle,instance_00031,seen,6
4188,textmapworld,Qwen3.6-35B-A3B-FP8-without-reasoning,medium_cycle,instance_00031,efficiency,60.0
4189,textmapworld,Qwen3.6-35B-A3B-FP8-without-reasoning,medium_cycle,instance_00031,exploration,83.33333333333334
4190,textmapworld,Qwen3.6-35B-A3B-FP8-without-reasoning,medium_cycle,instance_00031,Main Score,69.76744186046513
4191,matchit_ascii,Qwen3.6-35B-A3B-FP8-without-reasoning,similar_grid_1,instance_00002,Violated Request Count,0
4192,matchit_ascii,Qwen3.6-35B-A3B-FP8-without-reasoning,similar_grid_1,instance_00002,Parsed Request Count,16
4193,matchit_ascii,Qwen3.6-35B-A3B-FP8-without-reasoning,similar_grid_1,instance_00002,Request Count,16
4194,matchit_ascii,Qwen3.6-35B-A3B-FP8-without-reasoning,similar_grid_1,instance_00002,Aborted,0
4195,matchit_ascii,Qwen3.6-35B-A3B-FP8-without-reasoning,similar_grid_1,instance_00002,Success,1
4196,matchit_ascii,Qwen3.6-35B-A3B-FP8-without-reasoning,similar_grid_1,instance_00002,Lose,0
4197,matchit_ascii,Qwen3.6-35B-A3B-FP8-without-reasoning,similar_grid_1,instance_00002,Main Score,100
4198,matchit_ascii,Qwen3.6-35B-A3B-FP8-without-reasoning,similar_grid_1,instance_00002,Player Score,100
4199,matchit_ascii,Qwen3.6-35B-A3B-FP8-without-reasoning,similar_grid_1,instance_00003,Violated Request Count,0
4200,matchit_ascii,Qwen3.6-35B-A3B-FP8-without-reasoning,similar_grid_1,instance_00003,Parsed Request Count,16
4201,matchit_ascii,Qwen3.6-35B-A3B-FP8-without-reasoning,similar_grid_1,instance_00003,Request Count,16
4202,matchit_ascii,Qwen3.6-35B-A3B-FP8-without-reasoning,similar_grid_1,instance_00003,Aborted,0
4203,matchit_ascii,Qwen3.6-35B-A3B-FP8-without-reasoning,similar_grid_1,instance_00003,Success,1
4204,matchit_ascii,Qwen3.6-35B-A3B-FP8-without-reasoning,similar_grid_1,instance_00003,Lose,0
4205,matchit_ascii,Qwen3.6-35B-A3B-FP8-without-reasoning,similar_grid_1,instance_00003,Main Score,100
4206,matchit_ascii,Qwen3.6-35B-A3B-FP8-without-reasoning,similar_grid_1,instance_00003,Player Score,100
4207,matchit_ascii,Qwen3.6-35B-A3B-FP8-without-reasoning,similar_grid_1,instance_00004,Violated Request Count,0
4208,matchit_ascii,Qwen3.6-35B-A3B-FP8-without-reasoning,similar_grid_1,instance_00004,Parsed Request Count,16
4209,matchit_ascii,Qwen3.6-35B-A3B-FP8-without-reasoning,similar_grid_1,instance_00004,Request Count,16
4210,matchit_ascii,Qwen3.6-35B-A3B-FP8-without-reasoning,similar_grid_1,instance_00004,Aborted,0
4211,matchit_ascii,Qwen3.6-35B-A3B-FP8-without-reasoning,similar_grid_1,instance_00004,Success,1
4212,matchit_ascii,Qwen3.6-35B-A3B-FP8-without-reasoning,similar_grid_1,instance_00004,Lose,0
4213,matchit_ascii,Qwen3.6-35B-A3B-FP8-without-reasoning,similar_grid_1,instance_00004,Main Score,100
4214,matchit_ascii,Qwen3.6-35B-A3B-FP8-without-reasoning,similar_grid_1,instance_00004,Player Score,100
4215,matchit_ascii,Qwen3.6-35B-A3B-FP8-without-reasoning,similar_grid_1,instance_00001,Violated Request Count,0
4216,matchit_ascii,Qwen3.6-35B-A3B-FP8-without-reasoning,similar_grid_1,instance_00001,Parsed Request Count,16
4217,matchit_ascii,Qwen3.6-35B-A3B-FP8-without-reasoning,similar_grid_1,instance_00001,Request Count,16
4218,matchit_ascii,Qwen3.6-35B-A3B-FP8-without-reasoning,similar_grid_1,instance_00001,Aborted,0
4219,matchit_ascii,Qwen3.6-35B-A3B-FP8-without-reasoning,similar_grid_1,instance_00001,Success,1
4220,matchit_ascii,Qwen3.6-35B-A3B-FP8-without-reasoning,similar_grid_1,instance_00001,Lose,0
4221,matchit_ascii,Qwen3.6-35B-A3B-FP8-without-reasoning,similar_grid_1,instance_00001,Main Score,100
4222,matchit_ascii,Qwen3.6-35B-A3B-FP8-without-reasoning,similar_grid_1,instance_00001,Player Score,100
4223,matchit_ascii,Qwen3.6-35B-A3B-FP8-without-reasoning,similar_grid_1,instance_00000,Violated Request Count,0
4224,matchit_ascii,Qwen3.6-35B-A3B-FP8-without-reasoning,similar_grid_1,instance_00000,Parsed Request Count,16
4225,matchit_ascii,Qwen3.6-35B-A3B-FP8-without-reasoning,similar_grid_1,instance_00000,Request Count,16
4226,matchit_ascii,Qwen3.6-35B-A3B-FP8-without-reasoning,similar_grid_1,instance_00000,Aborted,0
4227,matchit_ascii,Qwen3.6-35B-A3B-FP8-without-reasoning,similar_grid_1,instance_00000,Success,1
4228,matchit_ascii,Qwen3.6-35B-A3B-FP8-without-reasoning,similar_grid_1,instance_00000,Lose,0
4229,matchit_ascii,Qwen3.6-35B-A3B-FP8-without-reasoning,similar_grid_1,instance_00000,Main Score,100
4230,matchit_ascii,Qwen3.6-35B-A3B-FP8-without-reasoning,similar_grid_1,instance_00000,Player Score,100
4231,matchit_ascii,Qwen3.6-35B-A3B-FP8-without-reasoning,same_grid,instance_00002,Violated Request Count,0
4232,matchit_ascii,Qwen3.6-35B-A3B-FP8-without-reasoning,same_grid,instance_00002,Parsed Request Count,16
4233,matchit_ascii,Qwen3.6-35B-A3B-FP8-without-reasoning,same_grid,instance_00002,Request Count,16
4234,matchit_ascii,Qwen3.6-35B-A3B-FP8-without-reasoning,same_grid,instance_00002,Aborted,0
4235,matchit_ascii,Qwen3.6-35B-A3B-FP8-without-reasoning,same_grid,instance_00002,Success,1
4236,matchit_ascii,Qwen3.6-35B-A3B-FP8-without-reasoning,same_grid,instance_00002,Lose,0
4237,matchit_ascii,Qwen3.6-35B-A3B-FP8-without-reasoning,same_grid,instance_00002,Main Score,100
4238,matchit_ascii,Qwen3.6-35B-A3B-FP8-without-reasoning,same_grid,instance_00002,Player Score,100
4239,matchit_ascii,Qwen3.6-35B-A3B-FP8-without-reasoning,same_grid,instance_00003,Violated Request Count,0
4240,matchit_ascii,Qwen3.6-35B-A3B-FP8-without-reasoning,same_grid,instance_00003,Parsed Request Count,16
4241,matchit_ascii,Qwen3.6-35B-A3B-FP8-without-reasoning,same_grid,instance_00003,Request Count,16
4242,matchit_ascii,Qwen3.6-35B-A3B-FP8-without-reasoning,same_grid,instance_00003,Aborted,0
4243,matchit_ascii,Qwen3.6-35B-A3B-FP8-without-reasoning,same_grid,instance_00003,Success,1
4244,matchit_ascii,Qwen3.6-35B-A3B-FP8-without-reasoning,same_grid,instance_00003,Lose,0
4245,matchit_ascii,Qwen3.6-35B-A3B-FP8-without-reasoning,same_grid,instance_00003,Main Score,100
4246,matchit_ascii,Qwen3.6-35B-A3B-FP8-without-reasoning,same_grid,instance_00003,Player Score,100
4247,matchit_ascii,Qwen3.6-35B-A3B-FP8-without-reasoning,same_grid,instance_00004,Violated Request Count,0
4248,matchit_ascii,Qwen3.6-35B-A3B-FP8-without-reasoning,same_grid,instance_00004,Parsed Request Count,16
4249,matchit_ascii,Qwen3.6-35B-A3B-FP8-without-reasoning,same_grid,instance_00004,Request Count,16
4250,matchit_ascii,Qwen3.6-35B-A3B-FP8-without-reasoning,same_grid,instance_00004,Aborted,0
4251,matchit_ascii,Qwen3.6-35B-A3B-FP8-without-reasoning,same_grid,instance_00004,Success,1
4252,matchit_ascii,Qwen3.6-35B-A3B-FP8-without-reasoning,same_grid,instance_00004,Lose,0
4253,matchit_ascii,Qwen3.6-35B-A3B-FP8-without-reasoning,same_grid,instance_00004,Main Score,100
4254,matchit_ascii,Qwen3.6-35B-A3B-FP8-without-reasoning,same_grid,instance_00004,Player Score,100
4255,matchit_ascii,Qwen3.6-35B-A3B-FP8-without-reasoning,same_grid,instance_00001,Violated Request Count,0
4256,matchit_ascii,Qwen3.6-35B-A3B-FP8-without-reasoning,same_grid,instance_00001,Parsed Request Count,16
4257,matchit_ascii,Qwen3.6-35B-A3B-FP8-without-reasoning,same_grid,instance_00001,Request Count,16
4258,matchit_ascii,Qwen3.6-35B-A3B-FP8-without-reasoning,same_grid,instance_00001,Aborted,0
4259,matchit_ascii,Qwen3.6-35B-A3B-FP8-without-reasoning,same_grid,instance_00001,Success,1
4260,matchit_ascii,Qwen3.6-35B-A3B-FP8-without-reasoning,same_grid,instance_00001,Lose,0
4261,matchit_ascii,Qwen3.6-35B-A3B-FP8-without-reasoning,same_grid,instance_00001,Main Score,100
4262,matchit_ascii,Qwen3.6-35B-A3B-FP8-without-reasoning,same_grid,instance_00001,Player Score,100
4263,matchit_ascii,Qwen3.6-35B-A3B-FP8-without-reasoning,same_grid,instance_00000,Violated Request Count,0
4264,matchit_ascii,Qwen3.6-35B-A3B-FP8-without-reasoning,same_grid,instance_00000,Parsed Request Count,16
4265,matchit_ascii,Qwen3.6-35B-A3B-FP8-without-reasoning,same_grid,instance_00000,Request Count,16
4266,matchit_ascii,Qwen3.6-35B-A3B-FP8-without-reasoning,same_grid,instance_00000,Aborted,0
4267,matchit_ascii,Qwen3.6-35B-A3B-FP8-without-reasoning,same_grid,instance_00000,Success,1
4268,matchit_ascii,Qwen3.6-35B-A3B-FP8-without-reasoning,same_grid,instance_00000,Lose,0
4269,matchit_ascii,Qwen3.6-35B-A3B-FP8-without-reasoning,same_grid,instance_00000,Main Score,100
4270,matchit_ascii,Qwen3.6-35B-A3B-FP8-without-reasoning,same_grid,instance_00000,Player Score,100
4271,matchit_ascii,Qwen3.6-35B-A3B-FP8-without-reasoning,similar_grid_2,instance_00002,Violated Request Count,0
4272,matchit_ascii,Qwen3.6-35B-A3B-FP8-without-reasoning,similar_grid_2,instance_00002,Parsed Request Count,16
4273,matchit_ascii,Qwen3.6-35B-A3B-FP8-without-reasoning,similar_grid_2,instance_00002,Request Count,16
4274,matchit_ascii,Qwen3.6-35B-A3B-FP8-without-reasoning,similar_grid_2,instance_00002,Aborted,0
4275,matchit_ascii,Qwen3.6-35B-A3B-FP8-without-reasoning,similar_grid_2,instance_00002,Success,1
4276,matchit_ascii,Qwen3.6-35B-A3B-FP8-without-reasoning,similar_grid_2,instance_00002,Lose,0
4277,matchit_ascii,Qwen3.6-35B-A3B-FP8-without-reasoning,similar_grid_2,instance_00002,Main Score,100
4278,matchit_ascii,Qwen3.6-35B-A3B-FP8-without-reasoning,similar_grid_2,instance_00002,Player Score,100
4279,matchit_ascii,Qwen3.6-35B-A3B-FP8-without-reasoning,similar_grid_2,instance_00003,Violated Request Count,0
4280,matchit_ascii,Qwen3.6-35B-A3B-FP8-without-reasoning,similar_grid_2,instance_00003,Parsed Request Count,16
4281,matchit_ascii,Qwen3.6-35B-A3B-FP8-without-reasoning,similar_grid_2,instance_00003,Request Count,16
4282,matchit_ascii,Qwen3.6-35B-A3B-FP8-without-reasoning,similar_grid_2,instance_00003,Aborted,0
4283,matchit_ascii,Qwen3.6-35B-A3B-FP8-without-reasoning,similar_grid_2,instance_00003,Success,1
4284,matchit_ascii,Qwen3.6-35B-A3B-FP8-without-reasoning,similar_grid_2,instance_00003,Lose,0
4285,matchit_ascii,Qwen3.6-35B-A3B-FP8-without-reasoning,similar_grid_2,instance_00003,Main Score,100
4286,matchit_ascii,Qwen3.6-35B-A3B-FP8-without-reasoning,similar_grid_2,instance_00003,Player Score,100
4287,matchit_ascii,Qwen3.6-35B-A3B-FP8-without-reasoning,similar_grid_2,instance_00004,Violated Request Count,0
4288,matchit_ascii,Qwen3.6-35B-A3B-FP8-without-reasoning,similar_grid_2,instance_00004,Parsed Request Count,16
4289,matchit_ascii,Qwen3.6-35B-A3B-FP8-without-reasoning,similar_grid_2,instance_00004,Request Count,16
4290,matchit_ascii,Qwen3.6-35B-A3B-FP8-without-reasoning,similar_grid_2,instance_00004,Aborted,0
4291,matchit_ascii,Qwen3.6-35B-A3B-FP8-without-reasoning,similar_grid_2,instance_00004,Success,0
4292,matchit_ascii,Qwen3.6-35B-A3B-FP8-without-reasoning,similar_grid_2,instance_00004,Lose,1
4293,matchit_ascii,Qwen3.6-35B-A3B-FP8-without-reasoning,similar_grid_2,instance_00004,Main Score,0
4294,matchit_ascii,Qwen3.6-35B-A3B-FP8-without-reasoning,similar_grid_2,instance_00004,Player Score,0
4295,matchit_ascii,Qwen3.6-35B-A3B-FP8-without-reasoning,similar_grid_2,instance_00001,Violated Request Count,0
4296,matchit_ascii,Qwen3.6-35B-A3B-FP8-without-reasoning,similar_grid_2,instance_00001,Parsed Request Count,16
4297,matchit_ascii,Qwen3.6-35B-A3B-FP8-without-reasoning,similar_grid_2,instance_00001,Request Count,16
4298,matchit_ascii,Qwen3.6-35B-A3B-FP8-without-reasoning,similar_grid_2,instance_00001,Aborted,0
4299,matchit_ascii,Qwen3.6-35B-A3B-FP8-without-reasoning,similar_grid_2,instance_00001,Success,0
4300,matchit_ascii,Qwen3.6-35B-A3B-FP8-without-reasoning,similar_grid_2,instance_00001,Lose,1
4301,matchit_ascii,Qwen3.6-35B-A3B-FP8-without-reasoning,similar_grid_2,instance_00001,Main Score,0
4302,matchit_ascii,Qwen3.6-35B-A3B-FP8-without-reasoning,similar_grid_2,instance_00001,Player Score,50
4303,matchit_ascii,Qwen3.6-35B-A3B-FP8-without-reasoning,similar_grid_2,instance_00000,Violated Request Count,0
4304,matchit_ascii,Qwen3.6-35B-A3B-FP8-without-reasoning,similar_grid_2,instance_00000,Parsed Request Count,16
4305,matchit_ascii,Qwen3.6-35B-A3B-FP8-without-reasoning,similar_grid_2,instance_00000,Request Count,16
4306,matchit_ascii,Qwen3.6-35B-A3B-FP8-without-reasoning,similar_grid_2,instance_00000,Aborted,0
4307,matchit_ascii,Qwen3.6-35B-A3B-FP8-without-reasoning,similar_grid_2,instance_00000,Success,0
4308,matchit_ascii,Qwen3.6-35B-A3B-FP8-without-reasoning,similar_grid_2,instance_00000,Lose,1
4309,matchit_ascii,Qwen3.6-35B-A3B-FP8-without-reasoning,similar_grid_2,instance_00000,Main Score,0
4310,matchit_ascii,Qwen3.6-35B-A3B-FP8-without-reasoning,similar_grid_2,instance_00000,Player Score,50
4311,matchit_ascii,Qwen3.6-35B-A3B-FP8-without-reasoning,different_grid,instance_00002,Violated Request Count,0
4312,matchit_ascii,Qwen3.6-35B-A3B-FP8-without-reasoning,different_grid,instance_00002,Parsed Request Count,16
4313,matchit_ascii,Qwen3.6-35B-A3B-FP8-without-reasoning,different_grid,instance_00002,Request Count,16
4314,matchit_ascii,Qwen3.6-35B-A3B-FP8-without-reasoning,different_grid,instance_00002,Aborted,0
4315,matchit_ascii,Qwen3.6-35B-A3B-FP8-without-reasoning,different_grid,instance_00002,Success,1
4316,matchit_ascii,Qwen3.6-35B-A3B-FP8-without-reasoning,different_grid,instance_00002,Lose,0
4317,matchit_ascii,Qwen3.6-35B-A3B-FP8-without-reasoning,different_grid,instance_00002,Main Score,100
4318,matchit_ascii,Qwen3.6-35B-A3B-FP8-without-reasoning,different_grid,instance_00002,Player Score,100
4319,matchit_ascii,Qwen3.6-35B-A3B-FP8-without-reasoning,different_grid,instance_00003,Violated Request Count,0
4320,matchit_ascii,Qwen3.6-35B-A3B-FP8-without-reasoning,different_grid,instance_00003,Parsed Request Count,16
4321,matchit_ascii,Qwen3.6-35B-A3B-FP8-without-reasoning,different_grid,instance_00003,Request Count,16
4322,matchit_ascii,Qwen3.6-35B-A3B-FP8-without-reasoning,different_grid,instance_00003,Aborted,0
4323,matchit_ascii,Qwen3.6-35B-A3B-FP8-without-reasoning,different_grid,instance_00003,Success,1
4324,matchit_ascii,Qwen3.6-35B-A3B-FP8-without-reasoning,different_grid,instance_00003,Lose,0
4325,matchit_ascii,Qwen3.6-35B-A3B-FP8-without-reasoning,different_grid,instance_00003,Main Score,100
4326,matchit_ascii,Qwen3.6-35B-A3B-FP8-without-reasoning,different_grid,instance_00003,Player Score,100
4327,matchit_ascii,Qwen3.6-35B-A3B-FP8-without-reasoning,different_grid,instance_00004,Violated Request Count,0
4328,matchit_ascii,Qwen3.6-35B-A3B-FP8-without-reasoning,different_grid,instance_00004,Parsed Request Count,16
4329,matchit_ascii,Qwen3.6-35B-A3B-FP8-without-reasoning,different_grid,instance_00004,Request Count,16
4330,matchit_ascii,Qwen3.6-35B-A3B-FP8-without-reasoning,different_grid,instance_00004,Aborted,0
4331,matchit_ascii,Qwen3.6-35B-A3B-FP8-without-reasoning,different_grid,instance_00004,Success,1
4332,matchit_ascii,Qwen3.6-35B-A3B-FP8-without-reasoning,different_grid,instance_00004,Lose,0
4333,matchit_ascii,Qwen3.6-35B-A3B-FP8-without-reasoning,different_grid,instance_00004,Main Score,100
4334,matchit_ascii,Qwen3.6-35B-A3B-FP8-without-reasoning,different_grid,instance_00004,Player Score,100
4335,matchit_ascii,Qwen3.6-35B-A3B-FP8-without-reasoning,different_grid,instance_00001,Violated Request Count,0
4336,matchit_ascii,Qwen3.6-35B-A3B-FP8-without-reasoning,different_grid,instance_00001,Parsed Request Count,16
4337,matchit_ascii,Qwen3.6-35B-A3B-FP8-without-reasoning,different_grid,instance_00001,Request Count,16
4338,matchit_ascii,Qwen3.6-35B-A3B-FP8-without-reasoning,different_grid,instance_00001,Aborted,0
4339,matchit_ascii,Qwen3.6-35B-A3B-FP8-without-reasoning,different_grid,instance_00001,Success,1
4340,matchit_ascii,Qwen3.6-35B-A3B-FP8-without-reasoning,different_grid,instance_00001,Lose,0
4341,matchit_ascii,Qwen3.6-35B-A3B-FP8-without-reasoning,different_grid,instance_00001,Main Score,100
4342,matchit_ascii,Qwen3.6-35B-A3B-FP8-without-reasoning,different_grid,instance_00001,Player Score,100
4343,matchit_ascii,Qwen3.6-35B-A3B-FP8-without-reasoning,different_grid,instance_00000,Violated Request Count,0
4344,matchit_ascii,Qwen3.6-35B-A3B-FP8-without-reasoning,different_grid,instance_00000,Parsed Request Count,16
4345,matchit_ascii,Qwen3.6-35B-A3B-FP8-without-reasoning,different_grid,instance_00000,Request Count,16
4346,matchit_ascii,Qwen3.6-35B-A3B-FP8-without-reasoning,different_grid,instance_00000,Aborted,0
4347,matchit_ascii,Qwen3.6-35B-A3B-FP8-without-reasoning,different_grid,instance_00000,Success,1
4348,matchit_ascii,Qwen3.6-35B-A3B-FP8-without-reasoning,different_grid,instance_00000,Lose,0
4349,matchit_ascii,Qwen3.6-35B-A3B-FP8-without-reasoning,different_grid,instance_00000,Main Score,100
4350,matchit_ascii,Qwen3.6-35B-A3B-FP8-without-reasoning,different_grid,instance_00000,Player Score,100
4351,textmapworld_specificroom,Qwen3.6-35B-A3B-FP8-without-reasoning,close,instance_00017,Aborted,1
4352,textmapworld_specificroom,Qwen3.6-35B-A3B-FP8-without-reasoning,close,instance_00017,Success,0
4353,textmapworld_specificroom,Qwen3.6-35B-A3B-FP8-without-reasoning,close,instance_00017,Lose,0
4354,textmapworld_specificroom,Qwen3.6-35B-A3B-FP8-without-reasoning,close,instance_00017,moves,
4355,textmapworld_specificroom,Qwen3.6-35B-A3B-FP8-without-reasoning,close,instance_00017,valid_moves,
4356,textmapworld_specificroom,Qwen3.6-35B-A3B-FP8-without-reasoning,close,instance_00017,invalid_moves,
4357,textmapworld_specificroom,Qwen3.6-35B-A3B-FP8-without-reasoning,close,instance_00017,stopped,
4358,textmapworld_specificroom,Qwen3.6-35B-A3B-FP8-without-reasoning,close,instance_00017,turns_limit,
4359,textmapworld_specificroom,Qwen3.6-35B-A3B-FP8-without-reasoning,close,instance_00017,loops,
4360,textmapworld_specificroom,Qwen3.6-35B-A3B-FP8-without-reasoning,close,instance_00017,number_visited,
4361,textmapworld_specificroom,Qwen3.6-35B-A3B-FP8-without-reasoning,close,instance_00017,seen,
4362,textmapworld_specificroom,Qwen3.6-35B-A3B-FP8-without-reasoning,close,instance_00017,efficiency,
4363,textmapworld_specificroom,Qwen3.6-35B-A3B-FP8-without-reasoning,close,instance_00017,exploration,
4364,textmapworld_specificroom,Qwen3.6-35B-A3B-FP8-without-reasoning,close,instance_00017,old_benchscore,
4365,textmapworld_specificroom,Qwen3.6-35B-A3B-FP8-without-reasoning,close,instance_00017,Main Score,
4366,textmapworld_specificroom,Qwen3.6-35B-A3B-FP8-without-reasoning,close,instance_00010,Success,1
4367,textmapworld_specificroom,Qwen3.6-35B-A3B-FP8-without-reasoning,close,instance_00010,Aborted,0
4368,textmapworld_specificroom,Qwen3.6-35B-A3B-FP8-without-reasoning,close,instance_00010,Lose,0
4369,textmapworld_specificroom,Qwen3.6-35B-A3B-FP8-without-reasoning,close,instance_00010,moves,3
4370,textmapworld_specificroom,Qwen3.6-35B-A3B-FP8-without-reasoning,close,instance_00010,valid_moves,3
4371,textmapworld_specificroom,Qwen3.6-35B-A3B-FP8-without-reasoning,close,instance_00010,invalid_moves,0
4372,textmapworld_specificroom,Qwen3.6-35B-A3B-FP8-without-reasoning,close,instance_00010,stopped,1
4373,textmapworld_specificroom,Qwen3.6-35B-A3B-FP8-without-reasoning,close,instance_00010,turns_limit,0
4374,textmapworld_specificroom,Qwen3.6-35B-A3B-FP8-without-reasoning,close,instance_00010,loops,0
4375,textmapworld_specificroom,Qwen3.6-35B-A3B-FP8-without-reasoning,close,instance_00010,number_visited,3
4376,textmapworld_specificroom,Qwen3.6-35B-A3B-FP8-without-reasoning,close,instance_00010,seen,4
4377,textmapworld_specificroom,Qwen3.6-35B-A3B-FP8-without-reasoning,close,instance_00010,efficiency,66.66666666666666
4378,textmapworld_specificroom,Qwen3.6-35B-A3B-FP8-without-reasoning,close,instance_00010,exploration,37.5
4379,textmapworld_specificroom,Qwen3.6-35B-A3B-FP8-without-reasoning,close,instance_00010,old_benchscore,47.99999999999999
4380,textmapworld_specificroom,Qwen3.6-35B-A3B-FP8-without-reasoning,close,instance_00010,Main Score,100
4381,textmapworld_specificroom,Qwen3.6-35B-A3B-FP8-without-reasoning,close,instance_00019,Success,1
4382,textmapworld_specificroom,Qwen3.6-35B-A3B-FP8-without-reasoning,close,instance_00019,Aborted,0
4383,textmapworld_specificroom,Qwen3.6-35B-A3B-FP8-without-reasoning,close,instance_00019,Lose,0
4384,textmapworld_specificroom,Qwen3.6-35B-A3B-FP8-without-reasoning,close,instance_00019,moves,1
4385,textmapworld_specificroom,Qwen3.6-35B-A3B-FP8-without-reasoning,close,instance_00019,valid_moves,1
4386,textmapworld_specificroom,Qwen3.6-35B-A3B-FP8-without-reasoning,close,instance_00019,invalid_moves,0
4387,textmapworld_specificroom,Qwen3.6-35B-A3B-FP8-without-reasoning,close,instance_00019,stopped,1
4388,textmapworld_specificroom,Qwen3.6-35B-A3B-FP8-without-reasoning,close,instance_00019,turns_limit,0
4389,textmapworld_specificroom,Qwen3.6-35B-A3B-FP8-without-reasoning,close,instance_00019,loops,0
4390,textmapworld_specificroom,Qwen3.6-35B-A3B-FP8-without-reasoning,close,instance_00019,number_visited,2
4391,textmapworld_specificroom,Qwen3.6-35B-A3B-FP8-without-reasoning,close,instance_00019,seen,4
4392,textmapworld_specificroom,Qwen3.6-35B-A3B-FP8-without-reasoning,close,instance_00019,efficiency,100.0
4393,textmapworld_specificroom,Qwen3.6-35B-A3B-FP8-without-reasoning,close,instance_00019,exploration,25.0
4394,textmapworld_specificroom,Qwen3.6-35B-A3B-FP8-without-reasoning,close,instance_00019,old_benchscore,40.0
4395,textmapworld_specificroom,Qwen3.6-35B-A3B-FP8-without-reasoning,close,instance_00019,Main Score,100
4396,textmapworld_specificroom,Qwen3.6-35B-A3B-FP8-without-reasoning,close,instance_00018,Success,1
4397,textmapworld_specificroom,Qwen3.6-35B-A3B-FP8-without-reasoning,close,instance_00018,Aborted,0
4398,textmapworld_specificroom,Qwen3.6-35B-A3B-FP8-without-reasoning,close,instance_00018,Lose,0
4399,textmapworld_specificroom,Qwen3.6-35B-A3B-FP8-without-reasoning,close,instance_00018,moves,1
4400,textmapworld_specificroom,Qwen3.6-35B-A3B-FP8-without-reasoning,close,instance_00018,valid_moves,1
4401,textmapworld_specificroom,Qwen3.6-35B-A3B-FP8-without-reasoning,close,instance_00018,invalid_moves,0
4402,textmapworld_specificroom,Qwen3.6-35B-A3B-FP8-without-reasoning,close,instance_00018,stopped,1
4403,textmapworld_specificroom,Qwen3.6-35B-A3B-FP8-without-reasoning,close,instance_00018,turns_limit,0
4404,textmapworld_specificroom,Qwen3.6-35B-A3B-FP8-without-reasoning,close,instance_00018,loops,0
4405,textmapworld_specificroom,Qwen3.6-35B-A3B-FP8-without-reasoning,close,instance_00018,number_visited,2
4406,textmapworld_specificroom,Qwen3.6-35B-A3B-FP8-without-reasoning,close,instance_00018,seen,3
4407,textmapworld_specificroom,Qwen3.6-35B-A3B-FP8-without-reasoning,close,instance_00018,efficiency,100.0
4408,textmapworld_specificroom,Qwen3.6-35B-A3B-FP8-without-reasoning,close,instance_00018,exploration,25.0
4409,textmapworld_specificroom,Qwen3.6-35B-A3B-FP8-without-reasoning,close,instance_00018,old_benchscore,40.0
4410,textmapworld_specificroom,Qwen3.6-35B-A3B-FP8-without-reasoning,close,instance_00018,Main Score,100
4411,textmapworld_specificroom,Qwen3.6-35B-A3B-FP8-without-reasoning,close,instance_00011,Success,1
4412,textmapworld_specificroom,Qwen3.6-35B-A3B-FP8-without-reasoning,close,instance_00011,Aborted,0
4413,textmapworld_specificroom,Qwen3.6-35B-A3B-FP8-without-reasoning,close,instance_00011,Lose,0
4414,textmapworld_specificroom,Qwen3.6-35B-A3B-FP8-without-reasoning,close,instance_00011,moves,3
4415,textmapworld_specificroom,Qwen3.6-35B-A3B-FP8-without-reasoning,close,instance_00011,valid_moves,3
4416,textmapworld_specificroom,Qwen3.6-35B-A3B-FP8-without-reasoning,close,instance_00011,invalid_moves,0
4417,textmapworld_specificroom,Qwen3.6-35B-A3B-FP8-without-reasoning,close,instance_00011,stopped,1
4418,textmapworld_specificroom,Qwen3.6-35B-A3B-FP8-without-reasoning,close,instance_00011,turns_limit,0
4419,textmapworld_specificroom,Qwen3.6-35B-A3B-FP8-without-reasoning,close,instance_00011,loops,0
4420,textmapworld_specificroom,Qwen3.6-35B-A3B-FP8-without-reasoning,close,instance_00011,number_visited,3
4421,textmapworld_specificroom,Qwen3.6-35B-A3B-FP8-without-reasoning,close,instance_00011,seen,4
4422,textmapworld_specificroom,Qwen3.6-35B-A3B-FP8-without-reasoning,close,instance_00011,efficiency,100.0
4423,textmapworld_specificroom,Qwen3.6-35B-A3B-FP8-without-reasoning,close,instance_00011,exploration,37.5
4424,textmapworld_specificroom,Qwen3.6-35B-A3B-FP8-without-reasoning,close,instance_00011,old_benchscore,54.54545454545455
4425,textmapworld_specificroom,Qwen3.6-35B-A3B-FP8-without-reasoning,close,instance_00011,Main Score,100
4426,textmapworld_specificroom,Qwen3.6-35B-A3B-FP8-without-reasoning,close,instance_00016,Success,1
4427,textmapworld_specificroom,Qwen3.6-35B-A3B-FP8-without-reasoning,close,instance_00016,Aborted,0
4428,textmapworld_specificroom,Qwen3.6-35B-A3B-FP8-without-reasoning,close,instance_00016,Lose,0
4429,textmapworld_specificroom,Qwen3.6-35B-A3B-FP8-without-reasoning,close,instance_00016,moves,8
4430,textmapworld_specificroom,Qwen3.6-35B-A3B-FP8-without-reasoning,close,instance_00016,valid_moves,8
4431,textmapworld_specificroom,Qwen3.6-35B-A3B-FP8-without-reasoning,close,instance_00016,invalid_moves,0
4432,textmapworld_specificroom,Qwen3.6-35B-A3B-FP8-without-reasoning,close,instance_00016,stopped,1
4433,textmapworld_specificroom,Qwen3.6-35B-A3B-FP8-without-reasoning,close,instance_00016,turns_limit,0
4434,textmapworld_specificroom,Qwen3.6-35B-A3B-FP8-without-reasoning,close,instance_00016,loops,1
4435,textmapworld_specificroom,Qwen3.6-35B-A3B-FP8-without-reasoning,close,instance_00016,number_visited,5
4436,textmapworld_specificroom,Qwen3.6-35B-A3B-FP8-without-reasoning,close,instance_00016,seen,6
4437,textmapworld_specificroom,Qwen3.6-35B-A3B-FP8-without-reasoning,close,instance_00016,efficiency,87.5
4438,textmapworld_specificroom,Qwen3.6-35B-A3B-FP8-without-reasoning,close,instance_00016,exploration,62.5
4439,textmapworld_specificroom,Qwen3.6-35B-A3B-FP8-without-reasoning,close,instance_00016,old_benchscore,72.91666666666667
4440,textmapworld_specificroom,Qwen3.6-35B-A3B-FP8-without-reasoning,close,instance_00016,Main Score,100
4441,textmapworld_specificroom,Qwen3.6-35B-A3B-FP8-without-reasoning,close,instance_00013,Success,1
4442,textmapworld_specificroom,Qwen3.6-35B-A3B-FP8-without-reasoning,close,instance_00013,Aborted,0
4443,textmapworld_specificroom,Qwen3.6-35B-A3B-FP8-without-reasoning,close,instance_00013,Lose,0
4444,textmapworld_specificroom,Qwen3.6-35B-A3B-FP8-without-reasoning,close,instance_00013,moves,4
4445,textmapworld_specificroom,Qwen3.6-35B-A3B-FP8-without-reasoning,close,instance_00013,valid_moves,4
4446,textmapworld_specificroom,Qwen3.6-35B-A3B-FP8-without-reasoning,close,instance_00013,invalid_moves,0
4447,textmapworld_specificroom,Qwen3.6-35B-A3B-FP8-without-reasoning,close,instance_00013,stopped,1
4448,textmapworld_specificroom,Qwen3.6-35B-A3B-FP8-without-reasoning,close,instance_00013,turns_limit,0
4449,textmapworld_specificroom,Qwen3.6-35B-A3B-FP8-without-reasoning,close,instance_00013,loops,0
4450,textmapworld_specificroom,Qwen3.6-35B-A3B-FP8-without-reasoning,close,instance_00013,number_visited,4
4451,textmapworld_specificroom,Qwen3.6-35B-A3B-FP8-without-reasoning,close,instance_00013,seen,5
4452,textmapworld_specificroom,Qwen3.6-35B-A3B-FP8-without-reasoning,close,instance_00013,efficiency,100.0
4453,textmapworld_specificroom,Qwen3.6-35B-A3B-FP8-without-reasoning,close,instance_00013,exploration,50.0
4454,textmapworld_specificroom,Qwen3.6-35B-A3B-FP8-without-reasoning,close,instance_00013,old_benchscore,66.66666666666667
4455,textmapworld_specificroom,Qwen3.6-35B-A3B-FP8-without-reasoning,close,instance_00013,Main Score,100
4456,textmapworld_specificroom,Qwen3.6-35B-A3B-FP8-without-reasoning,close,instance_00014,Success,1
4457,textmapworld_specificroom,Qwen3.6-35B-A3B-FP8-without-reasoning,close,instance_00014,Aborted,0
4458,textmapworld_specificroom,Qwen3.6-35B-A3B-FP8-without-reasoning,close,instance_00014,Lose,0
4459,textmapworld_specificroom,Qwen3.6-35B-A3B-FP8-without-reasoning,close,instance_00014,moves,1
4460,textmapworld_specificroom,Qwen3.6-35B-A3B-FP8-without-reasoning,close,instance_00014,valid_moves,1
4461,textmapworld_specificroom,Qwen3.6-35B-A3B-FP8-without-reasoning,close,instance_00014,invalid_moves,0
4462,textmapworld_specificroom,Qwen3.6-35B-A3B-FP8-without-reasoning,close,instance_00014,stopped,1
4463,textmapworld_specificroom,Qwen3.6-35B-A3B-FP8-without-reasoning,close,instance_00014,turns_limit,0
4464,textmapworld_specificroom,Qwen3.6-35B-A3B-FP8-without-reasoning,close,instance_00014,loops,0
4465,textmapworld_specificroom,Qwen3.6-35B-A3B-FP8-without-reasoning,close,instance_00014,number_visited,2
4466,textmapworld_specificroom,Qwen3.6-35B-A3B-FP8-without-reasoning,close,instance_00014,seen,3
4467,textmapworld_specificroom,Qwen3.6-35B-A3B-FP8-without-reasoning,close,instance_00014,efficiency,100.0
4468,textmapworld_specificroom,Qwen3.6-35B-A3B-FP8-without-reasoning,close,instance_00014,exploration,25.0
4469,textmapworld_specificroom,Qwen3.6-35B-A3B-FP8-without-reasoning,close,instance_00014,old_benchscore,40.0
4470,textmapworld_specificroom,Qwen3.6-35B-A3B-FP8-without-reasoning,close,instance_00014,Main Score,100
4471,textmapworld_specificroom,Qwen3.6-35B-A3B-FP8-without-reasoning,close,instance_00015,Success,1
4472,textmapworld_specificroom,Qwen3.6-35B-A3B-FP8-without-reasoning,close,instance_00015,Aborted,0
4473,textmapworld_specificroom,Qwen3.6-35B-A3B-FP8-without-reasoning,close,instance_00015,Lose,0
4474,textmapworld_specificroom,Qwen3.6-35B-A3B-FP8-without-reasoning,close,instance_00015,moves,1
4475,textmapworld_specificroom,Qwen3.6-35B-A3B-FP8-without-reasoning,close,instance_00015,valid_moves,1
4476,textmapworld_specificroom,Qwen3.6-35B-A3B-FP8-without-reasoning,close,instance_00015,invalid_moves,0
4477,textmapworld_specificroom,Qwen3.6-35B-A3B-FP8-without-reasoning,close,instance_00015,stopped,1
4478,textmapworld_specificroom,Qwen3.6-35B-A3B-FP8-without-reasoning,close,instance_00015,turns_limit,0
4479,textmapworld_specificroom,Qwen3.6-35B-A3B-FP8-without-reasoning,close,instance_00015,loops,0
4480,textmapworld_specificroom,Qwen3.6-35B-A3B-FP8-without-reasoning,close,instance_00015,number_visited,2
4481,textmapworld_specificroom,Qwen3.6-35B-A3B-FP8-without-reasoning,close,instance_00015,seen,4
4482,textmapworld_specificroom,Qwen3.6-35B-A3B-FP8-without-reasoning,close,instance_00015,efficiency,100.0
4483,textmapworld_specificroom,Qwen3.6-35B-A3B-FP8-without-reasoning,close,instance_00015,exploration,25.0
4484,textmapworld_specificroom,Qwen3.6-35B-A3B-FP8-without-reasoning,close,instance_00015,old_benchscore,40.0
4485,textmapworld_specificroom,Qwen3.6-35B-A3B-FP8-without-reasoning,close,instance_00015,Main Score,100
4486,textmapworld_specificroom,Qwen3.6-35B-A3B-FP8-without-reasoning,close,instance_00012,Success,1
4487,textmapworld_specificroom,Qwen3.6-35B-A3B-FP8-without-reasoning,close,instance_00012,Aborted,0
4488,textmapworld_specificroom,Qwen3.6-35B-A3B-FP8-without-reasoning,close,instance_00012,Lose,0
4489,textmapworld_specificroom,Qwen3.6-35B-A3B-FP8-without-reasoning,close,instance_00012,moves,1
4490,textmapworld_specificroom,Qwen3.6-35B-A3B-FP8-without-reasoning,close,instance_00012,valid_moves,1
4491,textmapworld_specificroom,Qwen3.6-35B-A3B-FP8-without-reasoning,close,instance_00012,invalid_moves,0
4492,textmapworld_specificroom,Qwen3.6-35B-A3B-FP8-without-reasoning,close,instance_00012,stopped,1
4493,textmapworld_specificroom,Qwen3.6-35B-A3B-FP8-without-reasoning,close,instance_00012,turns_limit,0
4494,textmapworld_specificroom,Qwen3.6-35B-A3B-FP8-without-reasoning,close,instance_00012,loops,0
4495,textmapworld_specificroom,Qwen3.6-35B-A3B-FP8-without-reasoning,close,instance_00012,number_visited,2
4496,textmapworld_specificroom,Qwen3.6-35B-A3B-FP8-without-reasoning,close,instance_00012,seen,4
4497,textmapworld_specificroom,Qwen3.6-35B-A3B-FP8-without-reasoning,close,instance_00012,efficiency,0.0
4498,textmapworld_specificroom,Qwen3.6-35B-A3B-FP8-without-reasoning,close,instance_00012,exploration,25.0
4499,textmapworld_specificroom,Qwen3.6-35B-A3B-FP8-without-reasoning,close,instance_00012,old_benchscore,0.0
4500,textmapworld_specificroom,Qwen3.6-35B-A3B-FP8-without-reasoning,close,instance_00012,Main Score,100
4501,textmapworld_specificroom,Qwen3.6-35B-A3B-FP8-without-reasoning,far,instance_00028,Success,1
4502,textmapworld_specificroom,Qwen3.6-35B-A3B-FP8-without-reasoning,far,instance_00028,Aborted,0
4503,textmapworld_specificroom,Qwen3.6-35B-A3B-FP8-without-reasoning,far,instance_00028,Lose,0
4504,textmapworld_specificroom,Qwen3.6-35B-A3B-FP8-without-reasoning,far,instance_00028,moves,4
4505,textmapworld_specificroom,Qwen3.6-35B-A3B-FP8-without-reasoning,far,instance_00028,valid_moves,4
4506,textmapworld_specificroom,Qwen3.6-35B-A3B-FP8-without-reasoning,far,instance_00028,invalid_moves,0
4507,textmapworld_specificroom,Qwen3.6-35B-A3B-FP8-without-reasoning,far,instance_00028,stopped,1
4508,textmapworld_specificroom,Qwen3.6-35B-A3B-FP8-without-reasoning,far,instance_00028,turns_limit,0
4509,textmapworld_specificroom,Qwen3.6-35B-A3B-FP8-without-reasoning,far,instance_00028,loops,0
4510,textmapworld_specificroom,Qwen3.6-35B-A3B-FP8-without-reasoning,far,instance_00028,number_visited,5
4511,textmapworld_specificroom,Qwen3.6-35B-A3B-FP8-without-reasoning,far,instance_00028,seen,7
4512,textmapworld_specificroom,Qwen3.6-35B-A3B-FP8-without-reasoning,far,instance_00028,efficiency,75.0
4513,textmapworld_specificroom,Qwen3.6-35B-A3B-FP8-without-reasoning,far,instance_00028,exploration,62.5
4514,textmapworld_specificroom,Qwen3.6-35B-A3B-FP8-without-reasoning,far,instance_00028,old_benchscore,68.18181818181819
4515,textmapworld_specificroom,Qwen3.6-35B-A3B-FP8-without-reasoning,far,instance_00028,Main Score,100
4516,textmapworld_specificroom,Qwen3.6-35B-A3B-FP8-without-reasoning,far,instance_00026,Success,1
4517,textmapworld_specificroom,Qwen3.6-35B-A3B-FP8-without-reasoning,far,instance_00026,Aborted,0
4518,textmapworld_specificroom,Qwen3.6-35B-A3B-FP8-without-reasoning,far,instance_00026,Lose,0
4519,textmapworld_specificroom,Qwen3.6-35B-A3B-FP8-without-reasoning,far,instance_00026,moves,11
4520,textmapworld_specificroom,Qwen3.6-35B-A3B-FP8-without-reasoning,far,instance_00026,valid_moves,11
4521,textmapworld_specificroom,Qwen3.6-35B-A3B-FP8-without-reasoning,far,instance_00026,invalid_moves,0
4522,textmapworld_specificroom,Qwen3.6-35B-A3B-FP8-without-reasoning,far,instance_00026,stopped,1
4523,textmapworld_specificroom,Qwen3.6-35B-A3B-FP8-without-reasoning,far,instance_00026,turns_limit,0
4524,textmapworld_specificroom,Qwen3.6-35B-A3B-FP8-without-reasoning,far,instance_00026,loops,1
4525,textmapworld_specificroom,Qwen3.6-35B-A3B-FP8-without-reasoning,far,instance_00026,number_visited,7
4526,textmapworld_specificroom,Qwen3.6-35B-A3B-FP8-without-reasoning,far,instance_00026,seen,8
4527,textmapworld_specificroom,Qwen3.6-35B-A3B-FP8-without-reasoning,far,instance_00026,efficiency,72.72727272727273
4528,textmapworld_specificroom,Qwen3.6-35B-A3B-FP8-without-reasoning,far,instance_00026,exploration,87.5
4529,textmapworld_specificroom,Qwen3.6-35B-A3B-FP8-without-reasoning,far,instance_00026,old_benchscore,79.43262411347517
4530,textmapworld_specificroom,Qwen3.6-35B-A3B-FP8-without-reasoning,far,instance_00026,Main Score,100
4531,textmapworld_specificroom,Qwen3.6-35B-A3B-FP8-without-reasoning,far,instance_00021,Success,1
4532,textmapworld_specificroom,Qwen3.6-35B-A3B-FP8-without-reasoning,far,instance_00021,Aborted,0
4533,textmapworld_specificroom,Qwen3.6-35B-A3B-FP8-without-reasoning,far,instance_00021,Lose,0
4534,textmapworld_specificroom,Qwen3.6-35B-A3B-FP8-without-reasoning,far,instance_00021,moves,5
4535,textmapworld_specificroom,Qwen3.6-35B-A3B-FP8-without-reasoning,far,instance_00021,valid_moves,5
4536,textmapworld_specificroom,Qwen3.6-35B-A3B-FP8-without-reasoning,far,instance_00021,invalid_moves,0
4537,textmapworld_specificroom,Qwen3.6-35B-A3B-FP8-without-reasoning,far,instance_00021,stopped,1
4538,textmapworld_specificroom,Qwen3.6-35B-A3B-FP8-without-reasoning,far,instance_00021,turns_limit,0
4539,textmapworld_specificroom,Qwen3.6-35B-A3B-FP8-without-reasoning,far,instance_00021,loops,0
4540,textmapworld_specificroom,Qwen3.6-35B-A3B-FP8-without-reasoning,far,instance_00021,number_visited,5
4541,textmapworld_specificroom,Qwen3.6-35B-A3B-FP8-without-reasoning,far,instance_00021,seen,6
4542,textmapworld_specificroom,Qwen3.6-35B-A3B-FP8-without-reasoning,far,instance_00021,efficiency,100.0
4543,textmapworld_specificroom,Qwen3.6-35B-A3B-FP8-without-reasoning,far,instance_00021,exploration,62.5
4544,textmapworld_specificroom,Qwen3.6-35B-A3B-FP8-without-reasoning,far,instance_00021,old_benchscore,76.92307692307692
4545,textmapworld_specificroom,Qwen3.6-35B-A3B-FP8-without-reasoning,far,instance_00021,Main Score,100
4546,textmapworld_specificroom,Qwen3.6-35B-A3B-FP8-without-reasoning,far,instance_00020,Success,0
4547,textmapworld_specificroom,Qwen3.6-35B-A3B-FP8-without-reasoning,far,instance_00020,Aborted,0
4548,textmapworld_specificroom,Qwen3.6-35B-A3B-FP8-without-reasoning,far,instance_00020,Lose,1
4549,textmapworld_specificroom,Qwen3.6-35B-A3B-FP8-without-reasoning,far,instance_00020,moves,3
4550,textmapworld_specificroom,Qwen3.6-35B-A3B-FP8-without-reasoning,far,instance_00020,valid_moves,3
4551,textmapworld_specificroom,Qwen3.6-35B-A3B-FP8-without-reasoning,far,instance_00020,invalid_moves,0
4552,textmapworld_specificroom,Qwen3.6-35B-A3B-FP8-without-reasoning,far,instance_00020,stopped,1
4553,textmapworld_specificroom,Qwen3.6-35B-A3B-FP8-without-reasoning,far,instance_00020,turns_limit,0
4554,textmapworld_specificroom,Qwen3.6-35B-A3B-FP8-without-reasoning,far,instance_00020,loops,0
4555,textmapworld_specificroom,Qwen3.6-35B-A3B-FP8-without-reasoning,far,instance_00020,number_visited,3
4556,textmapworld_specificroom,Qwen3.6-35B-A3B-FP8-without-reasoning,far,instance_00020,seen,4
4557,textmapworld_specificroom,Qwen3.6-35B-A3B-FP8-without-reasoning,far,instance_00020,efficiency,66.66666666666666
4558,textmapworld_specificroom,Qwen3.6-35B-A3B-FP8-without-reasoning,far,instance_00020,exploration,37.5
4559,textmapworld_specificroom,Qwen3.6-35B-A3B-FP8-without-reasoning,far,instance_00020,old_benchscore,47.99999999999999
4560,textmapworld_specificroom,Qwen3.6-35B-A3B-FP8-without-reasoning,far,instance_00020,Main Score,0
4561,textmapworld_specificroom,Qwen3.6-35B-A3B-FP8-without-reasoning,far,instance_00027,Aborted,1
4562,textmapworld_specificroom,Qwen3.6-35B-A3B-FP8-without-reasoning,far,instance_00027,Success,0
4563,textmapworld_specificroom,Qwen3.6-35B-A3B-FP8-without-reasoning,far,instance_00027,Lose,0
4564,textmapworld_specificroom,Qwen3.6-35B-A3B-FP8-without-reasoning,far,instance_00027,moves,
4565,textmapworld_specificroom,Qwen3.6-35B-A3B-FP8-without-reasoning,far,instance_00027,valid_moves,
4566,textmapworld_specificroom,Qwen3.6-35B-A3B-FP8-without-reasoning,far,instance_00027,invalid_moves,
4567,textmapworld_specificroom,Qwen3.6-35B-A3B-FP8-without-reasoning,far,instance_00027,stopped,
4568,textmapworld_specificroom,Qwen3.6-35B-A3B-FP8-without-reasoning,far,instance_00027,turns_limit,
4569,textmapworld_specificroom,Qwen3.6-35B-A3B-FP8-without-reasoning,far,instance_00027,loops,
4570,textmapworld_specificroom,Qwen3.6-35B-A3B-FP8-without-reasoning,far,instance_00027,number_visited,
4571,textmapworld_specificroom,Qwen3.6-35B-A3B-FP8-without-reasoning,far,instance_00027,seen,
4572,textmapworld_specificroom,Qwen3.6-35B-A3B-FP8-without-reasoning,far,instance_00027,efficiency,
4573,textmapworld_specificroom,Qwen3.6-35B-A3B-FP8-without-reasoning,far,instance_00027,exploration,
4574,textmapworld_specificroom,Qwen3.6-35B-A3B-FP8-without-reasoning,far,instance_00027,old_benchscore,
4575,textmapworld_specificroom,Qwen3.6-35B-A3B-FP8-without-reasoning,far,instance_00027,Main Score,
4576,textmapworld_specificroom,Qwen3.6-35B-A3B-FP8-without-reasoning,far,instance_00029,Aborted,1
4577,textmapworld_specificroom,Qwen3.6-35B-A3B-FP8-without-reasoning,far,instance_00029,Success,0
4578,textmapworld_specificroom,Qwen3.6-35B-A3B-FP8-without-reasoning,far,instance_00029,Lose,0
4579,textmapworld_specificroom,Qwen3.6-35B-A3B-FP8-without-reasoning,far,instance_00029,moves,
4580,textmapworld_specificroom,Qwen3.6-35B-A3B-FP8-without-reasoning,far,instance_00029,valid_moves,
4581,textmapworld_specificroom,Qwen3.6-35B-A3B-FP8-without-reasoning,far,instance_00029,invalid_moves,
4582,textmapworld_specificroom,Qwen3.6-35B-A3B-FP8-without-reasoning,far,instance_00029,stopped,
4583,textmapworld_specificroom,Qwen3.6-35B-A3B-FP8-without-reasoning,far,instance_00029,turns_limit,
4584,textmapworld_specificroom,Qwen3.6-35B-A3B-FP8-without-reasoning,far,instance_00029,loops,
4585,textmapworld_specificroom,Qwen3.6-35B-A3B-FP8-without-reasoning,far,instance_00029,number_visited,
4586,textmapworld_specificroom,Qwen3.6-35B-A3B-FP8-without-reasoning,far,instance_00029,seen,
4587,textmapworld_specificroom,Qwen3.6-35B-A3B-FP8-without-reasoning,far,instance_00029,efficiency,
4588,textmapworld_specificroom,Qwen3.6-35B-A3B-FP8-without-reasoning,far,instance_00029,exploration,
4589,textmapworld_specificroom,Qwen3.6-35B-A3B-FP8-without-reasoning,far,instance_00029,old_benchscore,
4590,textmapworld_specificroom,Qwen3.6-35B-A3B-FP8-without-reasoning,far,instance_00029,Main Score,
4591,textmapworld_specificroom,Qwen3.6-35B-A3B-FP8-without-reasoning,far,instance_00022,Aborted,1
4592,textmapworld_specificroom,Qwen3.6-35B-A3B-FP8-without-reasoning,far,instance_00022,Success,0
4593,textmapworld_specificroom,Qwen3.6-35B-A3B-FP8-without-reasoning,far,instance_00022,Lose,0
4594,textmapworld_specificroom,Qwen3.6-35B-A3B-FP8-without-reasoning,far,instance_00022,moves,
4595,textmapworld_specificroom,Qwen3.6-35B-A3B-FP8-without-reasoning,far,instance_00022,valid_moves,
4596,textmapworld_specificroom,Qwen3.6-35B-A3B-FP8-without-reasoning,far,instance_00022,invalid_moves,
4597,textmapworld_specificroom,Qwen3.6-35B-A3B-FP8-without-reasoning,far,instance_00022,stopped,
4598,textmapworld_specificroom,Qwen3.6-35B-A3B-FP8-without-reasoning,far,instance_00022,turns_limit,
4599,textmapworld_specificroom,Qwen3.6-35B-A3B-FP8-without-reasoning,far,instance_00022,loops,
4600,textmapworld_specificroom,Qwen3.6-35B-A3B-FP8-without-reasoning,far,instance_00022,number_visited,
4601,textmapworld_specificroom,Qwen3.6-35B-A3B-FP8-without-reasoning,far,instance_00022,seen,
4602,textmapworld_specificroom,Qwen3.6-35B-A3B-FP8-without-reasoning,far,instance_00022,efficiency,
4603,textmapworld_specificroom,Qwen3.6-35B-A3B-FP8-without-reasoning,far,instance_00022,exploration,
4604,textmapworld_specificroom,Qwen3.6-35B-A3B-FP8-without-reasoning,far,instance_00022,old_benchscore,
4605,textmapworld_specificroom,Qwen3.6-35B-A3B-FP8-without-reasoning,far,instance_00022,Main Score,
4606,textmapworld_specificroom,Qwen3.6-35B-A3B-FP8-without-reasoning,far,instance_00025,Aborted,1
4607,textmapworld_specificroom,Qwen3.6-35B-A3B-FP8-without-reasoning,far,instance_00025,Success,0
4608,textmapworld_specificroom,Qwen3.6-35B-A3B-FP8-without-reasoning,far,instance_00025,Lose,0
4609,textmapworld_specificroom,Qwen3.6-35B-A3B-FP8-without-reasoning,far,instance_00025,moves,
4610,textmapworld_specificroom,Qwen3.6-35B-A3B-FP8-without-reasoning,far,instance_00025,valid_moves,
4611,textmapworld_specificroom,Qwen3.6-35B-A3B-FP8-without-reasoning,far,instance_00025,invalid_moves,
4612,textmapworld_specificroom,Qwen3.6-35B-A3B-FP8-without-reasoning,far,instance_00025,stopped,
4613,textmapworld_specificroom,Qwen3.6-35B-A3B-FP8-without-reasoning,far,instance_00025,turns_limit,
4614,textmapworld_specificroom,Qwen3.6-35B-A3B-FP8-without-reasoning,far,instance_00025,loops,
4615,textmapworld_specificroom,Qwen3.6-35B-A3B-FP8-without-reasoning,far,instance_00025,number_visited,
4616,textmapworld_specificroom,Qwen3.6-35B-A3B-FP8-without-reasoning,far,instance_00025,seen,
4617,textmapworld_specificroom,Qwen3.6-35B-A3B-FP8-without-reasoning,far,instance_00025,efficiency,
4618,textmapworld_specificroom,Qwen3.6-35B-A3B-FP8-without-reasoning,far,instance_00025,exploration,
4619,textmapworld_specificroom,Qwen3.6-35B-A3B-FP8-without-reasoning,far,instance_00025,old_benchscore,
4620,textmapworld_specificroom,Qwen3.6-35B-A3B-FP8-without-reasoning,far,instance_00025,Main Score,
4621,textmapworld_specificroom,Qwen3.6-35B-A3B-FP8-without-reasoning,far,instance_00024,Success,1
4622,textmapworld_specificroom,Qwen3.6-35B-A3B-FP8-without-reasoning,far,instance_00024,Aborted,0
4623,textmapworld_specificroom,Qwen3.6-35B-A3B-FP8-without-reasoning,far,instance_00024,Lose,0
4624,textmapworld_specificroom,Qwen3.6-35B-A3B-FP8-without-reasoning,far,instance_00024,moves,3
4625,textmapworld_specificroom,Qwen3.6-35B-A3B-FP8-without-reasoning,far,instance_00024,valid_moves,3
4626,textmapworld_specificroom,Qwen3.6-35B-A3B-FP8-without-reasoning,far,instance_00024,invalid_moves,0
4627,textmapworld_specificroom,Qwen3.6-35B-A3B-FP8-without-reasoning,far,instance_00024,stopped,1
4628,textmapworld_specificroom,Qwen3.6-35B-A3B-FP8-without-reasoning,far,instance_00024,turns_limit,0
4629,textmapworld_specificroom,Qwen3.6-35B-A3B-FP8-without-reasoning,far,instance_00024,loops,0
4630,textmapworld_specificroom,Qwen3.6-35B-A3B-FP8-without-reasoning,far,instance_00024,number_visited,4
4631,textmapworld_specificroom,Qwen3.6-35B-A3B-FP8-without-reasoning,far,instance_00024,seen,5
4632,textmapworld_specificroom,Qwen3.6-35B-A3B-FP8-without-reasoning,far,instance_00024,efficiency,100.0
4633,textmapworld_specificroom,Qwen3.6-35B-A3B-FP8-without-reasoning,far,instance_00024,exploration,50.0
4634,textmapworld_specificroom,Qwen3.6-35B-A3B-FP8-without-reasoning,far,instance_00024,old_benchscore,66.66666666666667
4635,textmapworld_specificroom,Qwen3.6-35B-A3B-FP8-without-reasoning,far,instance_00024,Main Score,100
4636,textmapworld_specificroom,Qwen3.6-35B-A3B-FP8-without-reasoning,far,instance_00023,Success,1
4637,textmapworld_specificroom,Qwen3.6-35B-A3B-FP8-without-reasoning,far,instance_00023,Aborted,0
4638,textmapworld_specificroom,Qwen3.6-35B-A3B-FP8-without-reasoning,far,instance_00023,Lose,0
4639,textmapworld_specificroom,Qwen3.6-35B-A3B-FP8-without-reasoning,far,instance_00023,moves,8
4640,textmapworld_specificroom,Qwen3.6-35B-A3B-FP8-without-reasoning,far,instance_00023,valid_moves,8
4641,textmapworld_specificroom,Qwen3.6-35B-A3B-FP8-without-reasoning,far,instance_00023,invalid_moves,0
4642,textmapworld_specificroom,Qwen3.6-35B-A3B-FP8-without-reasoning,far,instance_00023,stopped,1
4643,textmapworld_specificroom,Qwen3.6-35B-A3B-FP8-without-reasoning,far,instance_00023,turns_limit,0
4644,textmapworld_specificroom,Qwen3.6-35B-A3B-FP8-without-reasoning,far,instance_00023,loops,0
4645,textmapworld_specificroom,Qwen3.6-35B-A3B-FP8-without-reasoning,far,instance_00023,number_visited,7
4646,textmapworld_specificroom,Qwen3.6-35B-A3B-FP8-without-reasoning,far,instance_00023,seen,8
4647,textmapworld_specificroom,Qwen3.6-35B-A3B-FP8-without-reasoning,far,instance_00023,efficiency,100.0
4648,textmapworld_specificroom,Qwen3.6-35B-A3B-FP8-without-reasoning,far,instance_00023,exploration,87.5
4649,textmapworld_specificroom,Qwen3.6-35B-A3B-FP8-without-reasoning,far,instance_00023,old_benchscore,93.33333333333333
4650,textmapworld_specificroom,Qwen3.6-35B-A3B-FP8-without-reasoning,far,instance_00023,Main Score,100
4651,textmapworld_specificroom,Qwen3.6-35B-A3B-FP8-without-reasoning,on,instance_00005,Success,1
4652,textmapworld_specificroom,Qwen3.6-35B-A3B-FP8-without-reasoning,on,instance_00005,Aborted,0
4653,textmapworld_specificroom,Qwen3.6-35B-A3B-FP8-without-reasoning,on,instance_00005,Lose,0
4654,textmapworld_specificroom,Qwen3.6-35B-A3B-FP8-without-reasoning,on,instance_00005,moves,0
4655,textmapworld_specificroom,Qwen3.6-35B-A3B-FP8-without-reasoning,on,instance_00005,valid_moves,0
4656,textmapworld_specificroom,Qwen3.6-35B-A3B-FP8-without-reasoning,on,instance_00005,invalid_moves,0
4657,textmapworld_specificroom,Qwen3.6-35B-A3B-FP8-without-reasoning,on,instance_00005,stopped,1
4658,textmapworld_specificroom,Qwen3.6-35B-A3B-FP8-without-reasoning,on,instance_00005,turns_limit,0
4659,textmapworld_specificroom,Qwen3.6-35B-A3B-FP8-without-reasoning,on,instance_00005,loops,0
4660,textmapworld_specificroom,Qwen3.6-35B-A3B-FP8-without-reasoning,on,instance_00005,number_visited,1
4661,textmapworld_specificroom,Qwen3.6-35B-A3B-FP8-without-reasoning,on,instance_00005,seen,2
4662,textmapworld_specificroom,Qwen3.6-35B-A3B-FP8-without-reasoning,on,instance_00005,efficiency,0
4663,textmapworld_specificroom,Qwen3.6-35B-A3B-FP8-without-reasoning,on,instance_00005,exploration,12.5
4664,textmapworld_specificroom,Qwen3.6-35B-A3B-FP8-without-reasoning,on,instance_00005,old_benchscore,0.0
4665,textmapworld_specificroom,Qwen3.6-35B-A3B-FP8-without-reasoning,on,instance_00005,Main Score,100
4666,textmapworld_specificroom,Qwen3.6-35B-A3B-FP8-without-reasoning,on,instance_00002,Success,1
4667,textmapworld_specificroom,Qwen3.6-35B-A3B-FP8-without-reasoning,on,instance_00002,Aborted,0
4668,textmapworld_specificroom,Qwen3.6-35B-A3B-FP8-without-reasoning,on,instance_00002,Lose,0
4669,textmapworld_specificroom,Qwen3.6-35B-A3B-FP8-without-reasoning,on,instance_00002,moves,0
4670,textmapworld_specificroom,Qwen3.6-35B-A3B-FP8-without-reasoning,on,instance_00002,valid_moves,0
4671,textmapworld_specificroom,Qwen3.6-35B-A3B-FP8-without-reasoning,on,instance_00002,invalid_moves,0
4672,textmapworld_specificroom,Qwen3.6-35B-A3B-FP8-without-reasoning,on,instance_00002,stopped,1
4673,textmapworld_specificroom,Qwen3.6-35B-A3B-FP8-without-reasoning,on,instance_00002,turns_limit,0
4674,textmapworld_specificroom,Qwen3.6-35B-A3B-FP8-without-reasoning,on,instance_00002,loops,0
4675,textmapworld_specificroom,Qwen3.6-35B-A3B-FP8-without-reasoning,on,instance_00002,number_visited,1
4676,textmapworld_specificroom,Qwen3.6-35B-A3B-FP8-without-reasoning,on,instance_00002,seen,3
4677,textmapworld_specificroom,Qwen3.6-35B-A3B-FP8-without-reasoning,on,instance_00002,efficiency,0
4678,textmapworld_specificroom,Qwen3.6-35B-A3B-FP8-without-reasoning,on,instance_00002,exploration,12.5
4679,textmapworld_specificroom,Qwen3.6-35B-A3B-FP8-without-reasoning,on,instance_00002,old_benchscore,0.0
4680,textmapworld_specificroom,Qwen3.6-35B-A3B-FP8-without-reasoning,on,instance_00002,Main Score,100
4681,textmapworld_specificroom,Qwen3.6-35B-A3B-FP8-without-reasoning,on,instance_00003,Success,1
4682,textmapworld_specificroom,Qwen3.6-35B-A3B-FP8-without-reasoning,on,instance_00003,Aborted,0
4683,textmapworld_specificroom,Qwen3.6-35B-A3B-FP8-without-reasoning,on,instance_00003,Lose,0
4684,textmapworld_specificroom,Qwen3.6-35B-A3B-FP8-without-reasoning,on,instance_00003,moves,0
4685,textmapworld_specificroom,Qwen3.6-35B-A3B-FP8-without-reasoning,on,instance_00003,valid_moves,0
4686,textmapworld_specificroom,Qwen3.6-35B-A3B-FP8-without-reasoning,on,instance_00003,invalid_moves,0
4687,textmapworld_specificroom,Qwen3.6-35B-A3B-FP8-without-reasoning,on,instance_00003,stopped,1
4688,textmapworld_specificroom,Qwen3.6-35B-A3B-FP8-without-reasoning,on,instance_00003,turns_limit,0
4689,textmapworld_specificroom,Qwen3.6-35B-A3B-FP8-without-reasoning,on,instance_00003,loops,0
4690,textmapworld_specificroom,Qwen3.6-35B-A3B-FP8-without-reasoning,on,instance_00003,number_visited,1
4691,textmapworld_specificroom,Qwen3.6-35B-A3B-FP8-without-reasoning,on,instance_00003,seen,3
4692,textmapworld_specificroom,Qwen3.6-35B-A3B-FP8-without-reasoning,on,instance_00003,efficiency,0
4693,textmapworld_specificroom,Qwen3.6-35B-A3B-FP8-without-reasoning,on,instance_00003,exploration,12.5
4694,textmapworld_specificroom,Qwen3.6-35B-A3B-FP8-without-reasoning,on,instance_00003,old_benchscore,0.0
4695,textmapworld_specificroom,Qwen3.6-35B-A3B-FP8-without-reasoning,on,instance_00003,Main Score,100
4696,textmapworld_specificroom,Qwen3.6-35B-A3B-FP8-without-reasoning,on,instance_00004,Success,1
4697,textmapworld_specificroom,Qwen3.6-35B-A3B-FP8-without-reasoning,on,instance_00004,Aborted,0
4698,textmapworld_specificroom,Qwen3.6-35B-A3B-FP8-without-reasoning,on,instance_00004,Lose,0
4699,textmapworld_specificroom,Qwen3.6-35B-A3B-FP8-without-reasoning,on,instance_00004,moves,0
4700,textmapworld_specificroom,Qwen3.6-35B-A3B-FP8-without-reasoning,on,instance_00004,valid_moves,0
4701,textmapworld_specificroom,Qwen3.6-35B-A3B-FP8-without-reasoning,on,instance_00004,invalid_moves,0
4702,textmapworld_specificroom,Qwen3.6-35B-A3B-FP8-without-reasoning,on,instance_00004,stopped,1
4703,textmapworld_specificroom,Qwen3.6-35B-A3B-FP8-without-reasoning,on,instance_00004,turns_limit,0
4704,textmapworld_specificroom,Qwen3.6-35B-A3B-FP8-without-reasoning,on,instance_00004,loops,0
4705,textmapworld_specificroom,Qwen3.6-35B-A3B-FP8-without-reasoning,on,instance_00004,number_visited,1
4706,textmapworld_specificroom,Qwen3.6-35B-A3B-FP8-without-reasoning,on,instance_00004,seen,2
4707,textmapworld_specificroom,Qwen3.6-35B-A3B-FP8-without-reasoning,on,instance_00004,efficiency,0
4708,textmapworld_specificroom,Qwen3.6-35B-A3B-FP8-without-reasoning,on,instance_00004,exploration,12.5
4709,textmapworld_specificroom,Qwen3.6-35B-A3B-FP8-without-reasoning,on,instance_00004,old_benchscore,0.0
4710,textmapworld_specificroom,Qwen3.6-35B-A3B-FP8-without-reasoning,on,instance_00004,Main Score,100
4711,textmapworld_specificroom,Qwen3.6-35B-A3B-FP8-without-reasoning,on,instance_00008,Success,1
4712,textmapworld_specificroom,Qwen3.6-35B-A3B-FP8-without-reasoning,on,instance_00008,Aborted,0
4713,textmapworld_specificroom,Qwen3.6-35B-A3B-FP8-without-reasoning,on,instance_00008,Lose,0
4714,textmapworld_specificroom,Qwen3.6-35B-A3B-FP8-without-reasoning,on,instance_00008,moves,0
4715,textmapworld_specificroom,Qwen3.6-35B-A3B-FP8-without-reasoning,on,instance_00008,valid_moves,0
4716,textmapworld_specificroom,Qwen3.6-35B-A3B-FP8-without-reasoning,on,instance_00008,invalid_moves,0
4717,textmapworld_specificroom,Qwen3.6-35B-A3B-FP8-without-reasoning,on,instance_00008,stopped,1
4718,textmapworld_specificroom,Qwen3.6-35B-A3B-FP8-without-reasoning,on,instance_00008,turns_limit,0
4719,textmapworld_specificroom,Qwen3.6-35B-A3B-FP8-without-reasoning,on,instance_00008,loops,0
4720,textmapworld_specificroom,Qwen3.6-35B-A3B-FP8-without-reasoning,on,instance_00008,number_visited,1
4721,textmapworld_specificroom,Qwen3.6-35B-A3B-FP8-without-reasoning,on,instance_00008,seen,2
4722,textmapworld_specificroom,Qwen3.6-35B-A3B-FP8-without-reasoning,on,instance_00008,efficiency,0
4723,textmapworld_specificroom,Qwen3.6-35B-A3B-FP8-without-reasoning,on,instance_00008,exploration,12.5
4724,textmapworld_specificroom,Qwen3.6-35B-A3B-FP8-without-reasoning,on,instance_00008,old_benchscore,0.0
4725,textmapworld_specificroom,Qwen3.6-35B-A3B-FP8-without-reasoning,on,instance_00008,Main Score,100
4726,textmapworld_specificroom,Qwen3.6-35B-A3B-FP8-without-reasoning,on,instance_00001,Success,1
4727,textmapworld_specificroom,Qwen3.6-35B-A3B-FP8-without-reasoning,on,instance_00001,Aborted,0
4728,textmapworld_specificroom,Qwen3.6-35B-A3B-FP8-without-reasoning,on,instance_00001,Lose,0
4729,textmapworld_specificroom,Qwen3.6-35B-A3B-FP8-without-reasoning,on,instance_00001,moves,0
4730,textmapworld_specificroom,Qwen3.6-35B-A3B-FP8-without-reasoning,on,instance_00001,valid_moves,0
4731,textmapworld_specificroom,Qwen3.6-35B-A3B-FP8-without-reasoning,on,instance_00001,invalid_moves,0
4732,textmapworld_specificroom,Qwen3.6-35B-A3B-FP8-without-reasoning,on,instance_00001,stopped,1
4733,textmapworld_specificroom,Qwen3.6-35B-A3B-FP8-without-reasoning,on,instance_00001,turns_limit,0
4734,textmapworld_specificroom,Qwen3.6-35B-A3B-FP8-without-reasoning,on,instance_00001,loops,0
4735,textmapworld_specificroom,Qwen3.6-35B-A3B-FP8-without-reasoning,on,instance_00001,number_visited,1
4736,textmapworld_specificroom,Qwen3.6-35B-A3B-FP8-without-reasoning,on,instance_00001,seen,3
4737,textmapworld_specificroom,Qwen3.6-35B-A3B-FP8-without-reasoning,on,instance_00001,efficiency,0
4738,textmapworld_specificroom,Qwen3.6-35B-A3B-FP8-without-reasoning,on,instance_00001,exploration,12.5
4739,textmapworld_specificroom,Qwen3.6-35B-A3B-FP8-without-reasoning,on,instance_00001,old_benchscore,0.0
4740,textmapworld_specificroom,Qwen3.6-35B-A3B-FP8-without-reasoning,on,instance_00001,Main Score,100
4741,textmapworld_specificroom,Qwen3.6-35B-A3B-FP8-without-reasoning,on,instance_00006,Success,1
4742,textmapworld_specificroom,Qwen3.6-35B-A3B-FP8-without-reasoning,on,instance_00006,Aborted,0
4743,textmapworld_specificroom,Qwen3.6-35B-A3B-FP8-without-reasoning,on,instance_00006,Lose,0
4744,textmapworld_specificroom,Qwen3.6-35B-A3B-FP8-without-reasoning,on,instance_00006,moves,0
4745,textmapworld_specificroom,Qwen3.6-35B-A3B-FP8-without-reasoning,on,instance_00006,valid_moves,0
4746,textmapworld_specificroom,Qwen3.6-35B-A3B-FP8-without-reasoning,on,instance_00006,invalid_moves,0
4747,textmapworld_specificroom,Qwen3.6-35B-A3B-FP8-without-reasoning,on,instance_00006,stopped,1
4748,textmapworld_specificroom,Qwen3.6-35B-A3B-FP8-without-reasoning,on,instance_00006,turns_limit,0
4749,textmapworld_specificroom,Qwen3.6-35B-A3B-FP8-without-reasoning,on,instance_00006,loops,0
4750,textmapworld_specificroom,Qwen3.6-35B-A3B-FP8-without-reasoning,on,instance_00006,number_visited,1
4751,textmapworld_specificroom,Qwen3.6-35B-A3B-FP8-without-reasoning,on,instance_00006,seen,4
4752,textmapworld_specificroom,Qwen3.6-35B-A3B-FP8-without-reasoning,on,instance_00006,efficiency,0
4753,textmapworld_specificroom,Qwen3.6-35B-A3B-FP8-without-reasoning,on,instance_00006,exploration,12.5
4754,textmapworld_specificroom,Qwen3.6-35B-A3B-FP8-without-reasoning,on,instance_00006,old_benchscore,0.0
4755,textmapworld_specificroom,Qwen3.6-35B-A3B-FP8-without-reasoning,on,instance_00006,Main Score,100
4756,textmapworld_specificroom,Qwen3.6-35B-A3B-FP8-without-reasoning,on,instance_00007,Success,1
4757,textmapworld_specificroom,Qwen3.6-35B-A3B-FP8-without-reasoning,on,instance_00007,Aborted,0
4758,textmapworld_specificroom,Qwen3.6-35B-A3B-FP8-without-reasoning,on,instance_00007,Lose,0
4759,textmapworld_specificroom,Qwen3.6-35B-A3B-FP8-without-reasoning,on,instance_00007,moves,0
4760,textmapworld_specificroom,Qwen3.6-35B-A3B-FP8-without-reasoning,on,instance_00007,valid_moves,0
4761,textmapworld_specificroom,Qwen3.6-35B-A3B-FP8-without-reasoning,on,instance_00007,invalid_moves,0
4762,textmapworld_specificroom,Qwen3.6-35B-A3B-FP8-without-reasoning,on,instance_00007,stopped,1
4763,textmapworld_specificroom,Qwen3.6-35B-A3B-FP8-without-reasoning,on,instance_00007,turns_limit,0
4764,textmapworld_specificroom,Qwen3.6-35B-A3B-FP8-without-reasoning,on,instance_00007,loops,0
4765,textmapworld_specificroom,Qwen3.6-35B-A3B-FP8-without-reasoning,on,instance_00007,number_visited,1
4766,textmapworld_specificroom,Qwen3.6-35B-A3B-FP8-without-reasoning,on,instance_00007,seen,3
4767,textmapworld_specificroom,Qwen3.6-35B-A3B-FP8-without-reasoning,on,instance_00007,efficiency,0
4768,textmapworld_specificroom,Qwen3.6-35B-A3B-FP8-without-reasoning,on,instance_00007,exploration,12.5
4769,textmapworld_specificroom,Qwen3.6-35B-A3B-FP8-without-reasoning,on,instance_00007,old_benchscore,0.0
4770,textmapworld_specificroom,Qwen3.6-35B-A3B-FP8-without-reasoning,on,instance_00007,Main Score,100
4771,textmapworld_specificroom,Qwen3.6-35B-A3B-FP8-without-reasoning,on,instance_00000,Success,1
4772,textmapworld_specificroom,Qwen3.6-35B-A3B-FP8-without-reasoning,on,instance_00000,Aborted,0
4773,textmapworld_specificroom,Qwen3.6-35B-A3B-FP8-without-reasoning,on,instance_00000,Lose,0
4774,textmapworld_specificroom,Qwen3.6-35B-A3B-FP8-without-reasoning,on,instance_00000,moves,0
4775,textmapworld_specificroom,Qwen3.6-35B-A3B-FP8-without-reasoning,on,instance_00000,valid_moves,0
4776,textmapworld_specificroom,Qwen3.6-35B-A3B-FP8-without-reasoning,on,instance_00000,invalid_moves,0
4777,textmapworld_specificroom,Qwen3.6-35B-A3B-FP8-without-reasoning,on,instance_00000,stopped,1
4778,textmapworld_specificroom,Qwen3.6-35B-A3B-FP8-without-reasoning,on,instance_00000,turns_limit,0
4779,textmapworld_specificroom,Qwen3.6-35B-A3B-FP8-without-reasoning,on,instance_00000,loops,0
4780,textmapworld_specificroom,Qwen3.6-35B-A3B-FP8-without-reasoning,on,instance_00000,number_visited,1
4781,textmapworld_specificroom,Qwen3.6-35B-A3B-FP8-without-reasoning,on,instance_00000,seen,3
4782,textmapworld_specificroom,Qwen3.6-35B-A3B-FP8-without-reasoning,on,instance_00000,efficiency,0
4783,textmapworld_specificroom,Qwen3.6-35B-A3B-FP8-without-reasoning,on,instance_00000,exploration,12.5
4784,textmapworld_specificroom,Qwen3.6-35B-A3B-FP8-without-reasoning,on,instance_00000,old_benchscore,0.0
4785,textmapworld_specificroom,Qwen3.6-35B-A3B-FP8-without-reasoning,on,instance_00000,Main Score,100
4786,textmapworld_specificroom,Qwen3.6-35B-A3B-FP8-without-reasoning,on,instance_00009,Success,1
4787,textmapworld_specificroom,Qwen3.6-35B-A3B-FP8-without-reasoning,on,instance_00009,Aborted,0
4788,textmapworld_specificroom,Qwen3.6-35B-A3B-FP8-without-reasoning,on,instance_00009,Lose,0
4789,textmapworld_specificroom,Qwen3.6-35B-A3B-FP8-without-reasoning,on,instance_00009,moves,0
4790,textmapworld_specificroom,Qwen3.6-35B-A3B-FP8-without-reasoning,on,instance_00009,valid_moves,0
4791,textmapworld_specificroom,Qwen3.6-35B-A3B-FP8-without-reasoning,on,instance_00009,invalid_moves,0
4792,textmapworld_specificroom,Qwen3.6-35B-A3B-FP8-without-reasoning,on,instance_00009,stopped,1
4793,textmapworld_specificroom,Qwen3.6-35B-A3B-FP8-without-reasoning,on,instance_00009,turns_limit,0
4794,textmapworld_specificroom,Qwen3.6-35B-A3B-FP8-without-reasoning,on,instance_00009,loops,0
4795,textmapworld_specificroom,Qwen3.6-35B-A3B-FP8-without-reasoning,on,instance_00009,number_visited,1
4796,textmapworld_specificroom,Qwen3.6-35B-A3B-FP8-without-reasoning,on,instance_00009,seen,2
4797,textmapworld_specificroom,Qwen3.6-35B-A3B-FP8-without-reasoning,on,instance_00009,efficiency,0
4798,textmapworld_specificroom,Qwen3.6-35B-A3B-FP8-without-reasoning,on,instance_00009,exploration,12.5
4799,textmapworld_specificroom,Qwen3.6-35B-A3B-FP8-without-reasoning,on,instance_00009,old_benchscore,0.0
4800,textmapworld_specificroom,Qwen3.6-35B-A3B-FP8-without-reasoning,on,instance_00009,Main Score,100
4801,imagegame,Qwen3.6-35B-A3B-FP8-without-reasoning,random_grids,instance_00005,Precision,100.0
4802,imagegame,Qwen3.6-35B-A3B-FP8-without-reasoning,random_grids,instance_00005,Recall,100.0
4803,imagegame,Qwen3.6-35B-A3B-FP8-without-reasoning,random_grids,instance_00005,F1,100.0
4804,imagegame,Qwen3.6-35B-A3B-FP8-without-reasoning,random_grids,instance_00005,Main Score,100.0
4805,imagegame,Qwen3.6-35B-A3B-FP8-without-reasoning,random_grids,instance_00005,Average Changed Cell Count,1.0
4806,imagegame,Qwen3.6-35B-A3B-FP8-without-reasoning,random_grids,instance_00005,Average Generated Instruction Length,55.4
4807,imagegame,Qwen3.6-35B-A3B-FP8-without-reasoning,random_grids,instance_00005,Average Generated Expression Number of Tokens,11.0
4808,imagegame,Qwen3.6-35B-A3B-FP8-without-reasoning,random_grids,instance_00005,Success,1
4809,imagegame,Qwen3.6-35B-A3B-FP8-without-reasoning,random_grids,instance_00005,Lose,0
4810,imagegame,Qwen3.6-35B-A3B-FP8-without-reasoning,random_grids,instance_00005,Aborted,0
4811,imagegame,Qwen3.6-35B-A3B-FP8-without-reasoning,random_grids,instance_00005,Request Count,32
4812,imagegame,Qwen3.6-35B-A3B-FP8-without-reasoning,random_grids,instance_00005,Violated Request Count,0
4813,imagegame,Qwen3.6-35B-A3B-FP8-without-reasoning,random_grids,instance_00005,Parsed Request Count,32
4814,imagegame,Qwen3.6-35B-A3B-FP8-without-reasoning,random_grids,instance_00005,Request Success Ratio,1.0
4815,imagegame,Qwen3.6-35B-A3B-FP8-without-reasoning,random_grids,instance_00002,Precision,100.0
4816,imagegame,Qwen3.6-35B-A3B-FP8-without-reasoning,random_grids,instance_00002,Recall,100.0
4817,imagegame,Qwen3.6-35B-A3B-FP8-without-reasoning,random_grids,instance_00002,F1,100.0
4818,imagegame,Qwen3.6-35B-A3B-FP8-without-reasoning,random_grids,instance_00002,Main Score,100.0
4819,imagegame,Qwen3.6-35B-A3B-FP8-without-reasoning,random_grids,instance_00002,Average Changed Cell Count,1.0
4820,imagegame,Qwen3.6-35B-A3B-FP8-without-reasoning,random_grids,instance_00002,Average Generated Instruction Length,41.0
4821,imagegame,Qwen3.6-35B-A3B-FP8-without-reasoning,random_grids,instance_00002,Average Generated Expression Number of Tokens,9.0
4822,imagegame,Qwen3.6-35B-A3B-FP8-without-reasoning,random_grids,instance_00002,Success,1
4823,imagegame,Qwen3.6-35B-A3B-FP8-without-reasoning,random_grids,instance_00002,Lose,0
4824,imagegame,Qwen3.6-35B-A3B-FP8-without-reasoning,random_grids,instance_00002,Aborted,0
4825,imagegame,Qwen3.6-35B-A3B-FP8-without-reasoning,random_grids,instance_00002,Request Count,38
4826,imagegame,Qwen3.6-35B-A3B-FP8-without-reasoning,random_grids,instance_00002,Violated Request Count,0
4827,imagegame,Qwen3.6-35B-A3B-FP8-without-reasoning,random_grids,instance_00002,Parsed Request Count,38
4828,imagegame,Qwen3.6-35B-A3B-FP8-without-reasoning,random_grids,instance_00002,Request Success Ratio,1.0
4829,imagegame,Qwen3.6-35B-A3B-FP8-without-reasoning,random_grids,instance_00003,Precision,83.0
4830,imagegame,Qwen3.6-35B-A3B-FP8-without-reasoning,random_grids,instance_00003,Recall,83.0
4831,imagegame,Qwen3.6-35B-A3B-FP8-without-reasoning,random_grids,instance_00003,F1,83.0
4832,imagegame,Qwen3.6-35B-A3B-FP8-without-reasoning,random_grids,instance_00003,Main Score,83.0
4833,imagegame,Qwen3.6-35B-A3B-FP8-without-reasoning,random_grids,instance_00003,Average Changed Cell Count,1.0
4834,imagegame,Qwen3.6-35B-A3B-FP8-without-reasoning,random_grids,instance_00003,Average Generated Instruction Length,55.6667
4835,imagegame,Qwen3.6-35B-A3B-FP8-without-reasoning,random_grids,instance_00003,Average Generated Expression Number of Tokens,11.0
4836,imagegame,Qwen3.6-35B-A3B-FP8-without-reasoning,random_grids,instance_00003,Success,0
4837,imagegame,Qwen3.6-35B-A3B-FP8-without-reasoning,random_grids,instance_00003,Lose,1
4838,imagegame,Qwen3.6-35B-A3B-FP8-without-reasoning,random_grids,instance_00003,Aborted,0
4839,imagegame,Qwen3.6-35B-A3B-FP8-without-reasoning,random_grids,instance_00003,Request Count,38
4840,imagegame,Qwen3.6-35B-A3B-FP8-without-reasoning,random_grids,instance_00003,Violated Request Count,0
4841,imagegame,Qwen3.6-35B-A3B-FP8-without-reasoning,random_grids,instance_00003,Parsed Request Count,38
4842,imagegame,Qwen3.6-35B-A3B-FP8-without-reasoning,random_grids,instance_00003,Request Success Ratio,1.0
4843,imagegame,Qwen3.6-35B-A3B-FP8-without-reasoning,random_grids,instance_00004,Precision,100.0
4844,imagegame,Qwen3.6-35B-A3B-FP8-without-reasoning,random_grids,instance_00004,Recall,100.0
4845,imagegame,Qwen3.6-35B-A3B-FP8-without-reasoning,random_grids,instance_00004,F1,100.0
4846,imagegame,Qwen3.6-35B-A3B-FP8-without-reasoning,random_grids,instance_00004,Main Score,100.0
4847,imagegame,Qwen3.6-35B-A3B-FP8-without-reasoning,random_grids,instance_00004,Average Changed Cell Count,1.0
4848,imagegame,Qwen3.6-35B-A3B-FP8-without-reasoning,random_grids,instance_00004,Average Generated Instruction Length,55.5
4849,imagegame,Qwen3.6-35B-A3B-FP8-without-reasoning,random_grids,instance_00004,Average Generated Expression Number of Tokens,11.0
4850,imagegame,Qwen3.6-35B-A3B-FP8-without-reasoning,random_grids,instance_00004,Success,1
4851,imagegame,Qwen3.6-35B-A3B-FP8-without-reasoning,random_grids,instance_00004,Lose,0
4852,imagegame,Qwen3.6-35B-A3B-FP8-without-reasoning,random_grids,instance_00004,Aborted,0
4853,imagegame,Qwen3.6-35B-A3B-FP8-without-reasoning,random_grids,instance_00004,Request Count,50
4854,imagegame,Qwen3.6-35B-A3B-FP8-without-reasoning,random_grids,instance_00004,Violated Request Count,0
4855,imagegame,Qwen3.6-35B-A3B-FP8-without-reasoning,random_grids,instance_00004,Parsed Request Count,50
4856,imagegame,Qwen3.6-35B-A3B-FP8-without-reasoning,random_grids,instance_00004,Request Success Ratio,1.0
4857,imagegame,Qwen3.6-35B-A3B-FP8-without-reasoning,random_grids,instance_00017,Precision,0.0
4858,imagegame,Qwen3.6-35B-A3B-FP8-without-reasoning,random_grids,instance_00017,Recall,0.0
4859,imagegame,Qwen3.6-35B-A3B-FP8-without-reasoning,random_grids,instance_00017,F1,0
4860,imagegame,Qwen3.6-35B-A3B-FP8-without-reasoning,random_grids,instance_00017,Main Score,0
4861,imagegame,Qwen3.6-35B-A3B-FP8-without-reasoning,random_grids,instance_00017,Average Changed Cell Count,0.8
4862,imagegame,Qwen3.6-35B-A3B-FP8-without-reasoning,random_grids,instance_00017,Average Generated Instruction Length,55.2
4863,imagegame,Qwen3.6-35B-A3B-FP8-without-reasoning,random_grids,instance_00017,Average Generated Expression Number of Tokens,11.0
4864,imagegame,Qwen3.6-35B-A3B-FP8-without-reasoning,random_grids,instance_00017,Success,0
4865,imagegame,Qwen3.6-35B-A3B-FP8-without-reasoning,random_grids,instance_00017,Lose,1
4866,imagegame,Qwen3.6-35B-A3B-FP8-without-reasoning,random_grids,instance_00017,Aborted,0
4867,imagegame,Qwen3.6-35B-A3B-FP8-without-reasoning,random_grids,instance_00017,Request Count,32
4868,imagegame,Qwen3.6-35B-A3B-FP8-without-reasoning,random_grids,instance_00017,Violated Request Count,0
4869,imagegame,Qwen3.6-35B-A3B-FP8-without-reasoning,random_grids,instance_00017,Parsed Request Count,32
4870,imagegame,Qwen3.6-35B-A3B-FP8-without-reasoning,random_grids,instance_00017,Request Success Ratio,1.0
4871,imagegame,Qwen3.6-35B-A3B-FP8-without-reasoning,random_grids,instance_00010,Precision,75.0
4872,imagegame,Qwen3.6-35B-A3B-FP8-without-reasoning,random_grids,instance_00010,Recall,86.0
4873,imagegame,Qwen3.6-35B-A3B-FP8-without-reasoning,random_grids,instance_00010,F1,80.0
4874,imagegame,Qwen3.6-35B-A3B-FP8-without-reasoning,random_grids,instance_00010,Main Score,80.0
4875,imagegame,Qwen3.6-35B-A3B-FP8-without-reasoning,random_grids,instance_00010,Average Changed Cell Count,0.2353
4876,imagegame,Qwen3.6-35B-A3B-FP8-without-reasoning,random_grids,instance_00010,Average Generated Instruction Length,56.1471
4877,imagegame,Qwen3.6-35B-A3B-FP8-without-reasoning,random_grids,instance_00010,Average Generated Expression Number of Tokens,11.0
4878,imagegame,Qwen3.6-35B-A3B-FP8-without-reasoning,random_grids,instance_00010,Success,0
4879,imagegame,Qwen3.6-35B-A3B-FP8-without-reasoning,random_grids,instance_00010,Lose,1
4880,imagegame,Qwen3.6-35B-A3B-FP8-without-reasoning,random_grids,instance_00010,Aborted,0
4881,imagegame,Qwen3.6-35B-A3B-FP8-without-reasoning,random_grids,instance_00010,Request Count,206
4882,imagegame,Qwen3.6-35B-A3B-FP8-without-reasoning,random_grids,instance_00010,Violated Request Count,0
4883,imagegame,Qwen3.6-35B-A3B-FP8-without-reasoning,random_grids,instance_00010,Parsed Request Count,206
4884,imagegame,Qwen3.6-35B-A3B-FP8-without-reasoning,random_grids,instance_00010,Request Success Ratio,1.0
4885,imagegame,Qwen3.6-35B-A3B-FP8-without-reasoning,random_grids,instance_00019,Precision,100.0
4886,imagegame,Qwen3.6-35B-A3B-FP8-without-reasoning,random_grids,instance_00019,Recall,83.0
4887,imagegame,Qwen3.6-35B-A3B-FP8-without-reasoning,random_grids,instance_00019,F1,91.0
4888,imagegame,Qwen3.6-35B-A3B-FP8-without-reasoning,random_grids,instance_00019,Main Score,91.0
4889,imagegame,Qwen3.6-35B-A3B-FP8-without-reasoning,random_grids,instance_00019,Average Changed Cell Count,0.1
4890,imagegame,Qwen3.6-35B-A3B-FP8-without-reasoning,random_grids,instance_00019,Average Generated Instruction Length,56.82
4891,imagegame,Qwen3.6-35B-A3B-FP8-without-reasoning,random_grids,instance_00019,Average Generated Expression Number of Tokens,11.0
4892,imagegame,Qwen3.6-35B-A3B-FP8-without-reasoning,random_grids,instance_00019,Success,0
4893,imagegame,Qwen3.6-35B-A3B-FP8-without-reasoning,random_grids,instance_00019,Lose,1
4894,imagegame,Qwen3.6-35B-A3B-FP8-without-reasoning,random_grids,instance_00019,Aborted,0
4895,imagegame,Qwen3.6-35B-A3B-FP8-without-reasoning,random_grids,instance_00019,Request Count,301
4896,imagegame,Qwen3.6-35B-A3B-FP8-without-reasoning,random_grids,instance_00019,Violated Request Count,0
4897,imagegame,Qwen3.6-35B-A3B-FP8-without-reasoning,random_grids,instance_00019,Parsed Request Count,301
4898,imagegame,Qwen3.6-35B-A3B-FP8-without-reasoning,random_grids,instance_00019,Request Success Ratio,1.0
4899,imagegame,Qwen3.6-35B-A3B-FP8-without-reasoning,random_grids,instance_00018,Precision,71.0
4900,imagegame,Qwen3.6-35B-A3B-FP8-without-reasoning,random_grids,instance_00018,Recall,71.0
4901,imagegame,Qwen3.6-35B-A3B-FP8-without-reasoning,random_grids,instance_00018,F1,71.0
4902,imagegame,Qwen3.6-35B-A3B-FP8-without-reasoning,random_grids,instance_00018,Main Score,71.0
4903,imagegame,Qwen3.6-35B-A3B-FP8-without-reasoning,random_grids,instance_00018,Average Changed Cell Count,0.3333
4904,imagegame,Qwen3.6-35B-A3B-FP8-without-reasoning,random_grids,instance_00018,Average Generated Instruction Length,55.7619
4905,imagegame,Qwen3.6-35B-A3B-FP8-without-reasoning,random_grids,instance_00018,Average Generated Expression Number of Tokens,11.0
4906,imagegame,Qwen3.6-35B-A3B-FP8-without-reasoning,random_grids,instance_00018,Success,0
4907,imagegame,Qwen3.6-35B-A3B-FP8-without-reasoning,random_grids,instance_00018,Lose,1
4908,imagegame,Qwen3.6-35B-A3B-FP8-without-reasoning,random_grids,instance_00018,Aborted,0
4909,imagegame,Qwen3.6-35B-A3B-FP8-without-reasoning,random_grids,instance_00018,Request Count,128
4910,imagegame,Qwen3.6-35B-A3B-FP8-without-reasoning,random_grids,instance_00018,Violated Request Count,0
4911,imagegame,Qwen3.6-35B-A3B-FP8-without-reasoning,random_grids,instance_00018,Parsed Request Count,128
4912,imagegame,Qwen3.6-35B-A3B-FP8-without-reasoning,random_grids,instance_00018,Request Success Ratio,1.0
4913,imagegame,Qwen3.6-35B-A3B-FP8-without-reasoning,random_grids,instance_00011,Precision,100.0
4914,imagegame,Qwen3.6-35B-A3B-FP8-without-reasoning,random_grids,instance_00011,Recall,100.0
4915,imagegame,Qwen3.6-35B-A3B-FP8-without-reasoning,random_grids,instance_00011,F1,100.0
4916,imagegame,Qwen3.6-35B-A3B-FP8-without-reasoning,random_grids,instance_00011,Main Score,100.0
4917,imagegame,Qwen3.6-35B-A3B-FP8-without-reasoning,random_grids,instance_00011,Average Changed Cell Count,1.0
4918,imagegame,Qwen3.6-35B-A3B-FP8-without-reasoning,random_grids,instance_00011,Average Generated Instruction Length,55.6
4919,imagegame,Qwen3.6-35B-A3B-FP8-without-reasoning,random_grids,instance_00011,Average Generated Expression Number of Tokens,11.0
4920,imagegame,Qwen3.6-35B-A3B-FP8-without-reasoning,random_grids,instance_00011,Success,1
4921,imagegame,Qwen3.6-35B-A3B-FP8-without-reasoning,random_grids,instance_00011,Lose,0
4922,imagegame,Qwen3.6-35B-A3B-FP8-without-reasoning,random_grids,instance_00011,Aborted,0
4923,imagegame,Qwen3.6-35B-A3B-FP8-without-reasoning,random_grids,instance_00011,Request Count,32
4924,imagegame,Qwen3.6-35B-A3B-FP8-without-reasoning,random_grids,instance_00011,Violated Request Count,0
4925,imagegame,Qwen3.6-35B-A3B-FP8-without-reasoning,random_grids,instance_00011,Parsed Request Count,32
4926,imagegame,Qwen3.6-35B-A3B-FP8-without-reasoning,random_grids,instance_00011,Request Success Ratio,1.0
4927,imagegame,Qwen3.6-35B-A3B-FP8-without-reasoning,random_grids,instance_00016,Precision,100.0
4928,imagegame,Qwen3.6-35B-A3B-FP8-without-reasoning,random_grids,instance_00016,Recall,100.0
4929,imagegame,Qwen3.6-35B-A3B-FP8-without-reasoning,random_grids,instance_00016,F1,100.0
4930,imagegame,Qwen3.6-35B-A3B-FP8-without-reasoning,random_grids,instance_00016,Main Score,100.0
4931,imagegame,Qwen3.6-35B-A3B-FP8-without-reasoning,random_grids,instance_00016,Average Changed Cell Count,1.0
4932,imagegame,Qwen3.6-35B-A3B-FP8-without-reasoning,random_grids,instance_00016,Average Generated Instruction Length,41.0
4933,imagegame,Qwen3.6-35B-A3B-FP8-without-reasoning,random_grids,instance_00016,Average Generated Expression Number of Tokens,9.0
4934,imagegame,Qwen3.6-35B-A3B-FP8-without-reasoning,random_grids,instance_00016,Success,1
4935,imagegame,Qwen3.6-35B-A3B-FP8-without-reasoning,random_grids,instance_00016,Lose,0
4936,imagegame,Qwen3.6-35B-A3B-FP8-without-reasoning,random_grids,instance_00016,Aborted,0
4937,imagegame,Qwen3.6-35B-A3B-FP8-without-reasoning,random_grids,instance_00016,Request Count,38
4938,imagegame,Qwen3.6-35B-A3B-FP8-without-reasoning,random_grids,instance_00016,Violated Request Count,0
4939,imagegame,Qwen3.6-35B-A3B-FP8-without-reasoning,random_grids,instance_00016,Parsed Request Count,38
4940,imagegame,Qwen3.6-35B-A3B-FP8-without-reasoning,random_grids,instance_00016,Request Success Ratio,1.0
4941,imagegame,Qwen3.6-35B-A3B-FP8-without-reasoning,random_grids,instance_00008,Precision,0.0
4942,imagegame,Qwen3.6-35B-A3B-FP8-without-reasoning,random_grids,instance_00008,Recall,0.0
4943,imagegame,Qwen3.6-35B-A3B-FP8-without-reasoning,random_grids,instance_00008,F1,0
4944,imagegame,Qwen3.6-35B-A3B-FP8-without-reasoning,random_grids,instance_00008,Main Score,0
4945,imagegame,Qwen3.6-35B-A3B-FP8-without-reasoning,random_grids,instance_00008,Average Changed Cell Count,0.8
4946,imagegame,Qwen3.6-35B-A3B-FP8-without-reasoning,random_grids,instance_00008,Average Generated Instruction Length,55.2
4947,imagegame,Qwen3.6-35B-A3B-FP8-without-reasoning,random_grids,instance_00008,Average Generated Expression Number of Tokens,11.0
4948,imagegame,Qwen3.6-35B-A3B-FP8-without-reasoning,random_grids,instance_00008,Success,0
4949,imagegame,Qwen3.6-35B-A3B-FP8-without-reasoning,random_grids,instance_00008,Lose,1
4950,imagegame,Qwen3.6-35B-A3B-FP8-without-reasoning,random_grids,instance_00008,Aborted,0
4951,imagegame,Qwen3.6-35B-A3B-FP8-without-reasoning,random_grids,instance_00008,Request Count,32
4952,imagegame,Qwen3.6-35B-A3B-FP8-without-reasoning,random_grids,instance_00008,Violated Request Count,0
4953,imagegame,Qwen3.6-35B-A3B-FP8-without-reasoning,random_grids,instance_00008,Parsed Request Count,32
4954,imagegame,Qwen3.6-35B-A3B-FP8-without-reasoning,random_grids,instance_00008,Request Success Ratio,1.0
4955,imagegame,Qwen3.6-35B-A3B-FP8-without-reasoning,random_grids,instance_00001,Precision,100.0
4956,imagegame,Qwen3.6-35B-A3B-FP8-without-reasoning,random_grids,instance_00001,Recall,100.0
4957,imagegame,Qwen3.6-35B-A3B-FP8-without-reasoning,random_grids,instance_00001,F1,100.0
4958,imagegame,Qwen3.6-35B-A3B-FP8-without-reasoning,random_grids,instance_00001,Main Score,100.0
4959,imagegame,Qwen3.6-35B-A3B-FP8-without-reasoning,random_grids,instance_00001,Average Changed Cell Count,1.5
4960,imagegame,Qwen3.6-35B-A3B-FP8-without-reasoning,random_grids,instance_00001,Average Generated Instruction Length,55.0
4961,imagegame,Qwen3.6-35B-A3B-FP8-without-reasoning,random_grids,instance_00001,Average Generated Expression Number of Tokens,13.0
4962,imagegame,Qwen3.6-35B-A3B-FP8-without-reasoning,random_grids,instance_00001,Success,1
4963,imagegame,Qwen3.6-35B-A3B-FP8-without-reasoning,random_grids,instance_00001,Lose,0
4964,imagegame,Qwen3.6-35B-A3B-FP8-without-reasoning,random_grids,instance_00001,Aborted,0
4965,imagegame,Qwen3.6-35B-A3B-FP8-without-reasoning,random_grids,instance_00001,Request Count,26
4966,imagegame,Qwen3.6-35B-A3B-FP8-without-reasoning,random_grids,instance_00001,Violated Request Count,0
4967,imagegame,Qwen3.6-35B-A3B-FP8-without-reasoning,random_grids,instance_00001,Parsed Request Count,26
4968,imagegame,Qwen3.6-35B-A3B-FP8-without-reasoning,random_grids,instance_00001,Request Success Ratio,1.0
4969,imagegame,Qwen3.6-35B-A3B-FP8-without-reasoning,random_grids,instance_00006,Precision,100.0
4970,imagegame,Qwen3.6-35B-A3B-FP8-without-reasoning,random_grids,instance_00006,Recall,100.0
4971,imagegame,Qwen3.6-35B-A3B-FP8-without-reasoning,random_grids,instance_00006,F1,100.0
4972,imagegame,Qwen3.6-35B-A3B-FP8-without-reasoning,random_grids,instance_00006,Main Score,100.0
4973,imagegame,Qwen3.6-35B-A3B-FP8-without-reasoning,random_grids,instance_00006,Average Changed Cell Count,1.0
4974,imagegame,Qwen3.6-35B-A3B-FP8-without-reasoning,random_grids,instance_00006,Average Generated Instruction Length,51.6
4975,imagegame,Qwen3.6-35B-A3B-FP8-without-reasoning,random_grids,instance_00006,Average Generated Expression Number of Tokens,10.6
4976,imagegame,Qwen3.6-35B-A3B-FP8-without-reasoning,random_grids,instance_00006,Success,1
4977,imagegame,Qwen3.6-35B-A3B-FP8-without-reasoning,random_grids,instance_00006,Lose,0
4978,imagegame,Qwen3.6-35B-A3B-FP8-without-reasoning,random_grids,instance_00006,Aborted,0
4979,imagegame,Qwen3.6-35B-A3B-FP8-without-reasoning,random_grids,instance_00006,Request Count,32
4980,imagegame,Qwen3.6-35B-A3B-FP8-without-reasoning,random_grids,instance_00006,Violated Request Count,0
4981,imagegame,Qwen3.6-35B-A3B-FP8-without-reasoning,random_grids,instance_00006,Parsed Request Count,32
4982,imagegame,Qwen3.6-35B-A3B-FP8-without-reasoning,random_grids,instance_00006,Request Success Ratio,1.0
4983,imagegame,Qwen3.6-35B-A3B-FP8-without-reasoning,random_grids,instance_00007,Precision,75.0
4984,imagegame,Qwen3.6-35B-A3B-FP8-without-reasoning,random_grids,instance_00007,Recall,75.0
4985,imagegame,Qwen3.6-35B-A3B-FP8-without-reasoning,random_grids,instance_00007,F1,75.0
4986,imagegame,Qwen3.6-35B-A3B-FP8-without-reasoning,random_grids,instance_00007,Main Score,75.0
4987,imagegame,Qwen3.6-35B-A3B-FP8-without-reasoning,random_grids,instance_00007,Average Changed Cell Count,1.0
4988,imagegame,Qwen3.6-35B-A3B-FP8-without-reasoning,random_grids,instance_00007,Average Generated Instruction Length,55.25
4989,imagegame,Qwen3.6-35B-A3B-FP8-without-reasoning,random_grids,instance_00007,Average Generated Expression Number of Tokens,11.0
4990,imagegame,Qwen3.6-35B-A3B-FP8-without-reasoning,random_grids,instance_00007,Success,0
4991,imagegame,Qwen3.6-35B-A3B-FP8-without-reasoning,random_grids,instance_00007,Lose,1
4992,imagegame,Qwen3.6-35B-A3B-FP8-without-reasoning,random_grids,instance_00007,Aborted,0
4993,imagegame,Qwen3.6-35B-A3B-FP8-without-reasoning,random_grids,instance_00007,Request Count,26
4994,imagegame,Qwen3.6-35B-A3B-FP8-without-reasoning,random_grids,instance_00007,Violated Request Count,0
4995,imagegame,Qwen3.6-35B-A3B-FP8-without-reasoning,random_grids,instance_00007,Parsed Request Count,26
4996,imagegame,Qwen3.6-35B-A3B-FP8-without-reasoning,random_grids,instance_00007,Request Success Ratio,1.0
4997,imagegame,Qwen3.6-35B-A3B-FP8-without-reasoning,random_grids,instance_00000,Precision,75.0
4998,imagegame,Qwen3.6-35B-A3B-FP8-without-reasoning,random_grids,instance_00000,Recall,75.0
4999,imagegame,Qwen3.6-35B-A3B-FP8-without-reasoning,random_grids,instance_00000,F1,75.0
5000,imagegame,Qwen3.6-35B-A3B-FP8-without-reasoning,random_grids,instance_00000,Main Score,75.0
5001,imagegame,Qwen3.6-35B-A3B-FP8-without-reasoning,random_grids,instance_00000,Average Changed Cell Count,1.0
5002,imagegame,Qwen3.6-35B-A3B-FP8-without-reasoning,random_grids,instance_00000,Average Generated Instruction Length,55.25
5003,imagegame,Qwen3.6-35B-A3B-FP8-without-reasoning,random_grids,instance_00000,Average Generated Expression Number of Tokens,11.0
5004,imagegame,Qwen3.6-35B-A3B-FP8-without-reasoning,random_grids,instance_00000,Success,0
5005,imagegame,Qwen3.6-35B-A3B-FP8-without-reasoning,random_grids,instance_00000,Lose,1
5006,imagegame,Qwen3.6-35B-A3B-FP8-without-reasoning,random_grids,instance_00000,Aborted,0
5007,imagegame,Qwen3.6-35B-A3B-FP8-without-reasoning,random_grids,instance_00000,Request Count,26
5008,imagegame,Qwen3.6-35B-A3B-FP8-without-reasoning,random_grids,instance_00000,Violated Request Count,0
5009,imagegame,Qwen3.6-35B-A3B-FP8-without-reasoning,random_grids,instance_00000,Parsed Request Count,26
5010,imagegame,Qwen3.6-35B-A3B-FP8-without-reasoning,random_grids,instance_00000,Request Success Ratio,1.0
5011,imagegame,Qwen3.6-35B-A3B-FP8-without-reasoning,random_grids,instance_00009,Precision,
5012,imagegame,Qwen3.6-35B-A3B-FP8-without-reasoning,random_grids,instance_00009,Recall,
5013,imagegame,Qwen3.6-35B-A3B-FP8-without-reasoning,random_grids,instance_00009,F1,
5014,imagegame,Qwen3.6-35B-A3B-FP8-without-reasoning,random_grids,instance_00009,Main Score,
5015,imagegame,Qwen3.6-35B-A3B-FP8-without-reasoning,random_grids,instance_00009,Average Changed Cell Count,
5016,imagegame,Qwen3.6-35B-A3B-FP8-without-reasoning,random_grids,instance_00009,Average Generated Instruction Length,
5017,imagegame,Qwen3.6-35B-A3B-FP8-without-reasoning,random_grids,instance_00009,Average Generated Expression Number of Tokens,
5018,imagegame,Qwen3.6-35B-A3B-FP8-without-reasoning,random_grids,instance_00009,Success,0
5019,imagegame,Qwen3.6-35B-A3B-FP8-without-reasoning,random_grids,instance_00009,Lose,0
5020,imagegame,Qwen3.6-35B-A3B-FP8-without-reasoning,random_grids,instance_00009,Aborted,1
5021,imagegame,Qwen3.6-35B-A3B-FP8-without-reasoning,random_grids,instance_00009,Request Count,12
5022,imagegame,Qwen3.6-35B-A3B-FP8-without-reasoning,random_grids,instance_00009,Violated Request Count,1
5023,imagegame,Qwen3.6-35B-A3B-FP8-without-reasoning,random_grids,instance_00009,Parsed Request Count,11
5024,imagegame,Qwen3.6-35B-A3B-FP8-without-reasoning,random_grids,instance_00009,Request Success Ratio,0.9167
5025,imagegame,Qwen3.6-35B-A3B-FP8-without-reasoning,random_grids,instance_00013,Precision,30.0
5026,imagegame,Qwen3.6-35B-A3B-FP8-without-reasoning,random_grids,instance_00013,Recall,60.0
5027,imagegame,Qwen3.6-35B-A3B-FP8-without-reasoning,random_grids,instance_00013,F1,40.0
5028,imagegame,Qwen3.6-35B-A3B-FP8-without-reasoning,random_grids,instance_00013,Main Score,40.0
5029,imagegame,Qwen3.6-35B-A3B-FP8-without-reasoning,random_grids,instance_00013,Average Changed Cell Count,1.75
5030,imagegame,Qwen3.6-35B-A3B-FP8-without-reasoning,random_grids,instance_00013,Average Generated Instruction Length,55.875
5031,imagegame,Qwen3.6-35B-A3B-FP8-without-reasoning,random_grids,instance_00013,Average Generated Expression Number of Tokens,11.0
5032,imagegame,Qwen3.6-35B-A3B-FP8-without-reasoning,random_grids,instance_00013,Success,0
5033,imagegame,Qwen3.6-35B-A3B-FP8-without-reasoning,random_grids,instance_00013,Lose,1
5034,imagegame,Qwen3.6-35B-A3B-FP8-without-reasoning,random_grids,instance_00013,Aborted,0
5035,imagegame,Qwen3.6-35B-A3B-FP8-without-reasoning,random_grids,instance_00013,Request Count,50
5036,imagegame,Qwen3.6-35B-A3B-FP8-without-reasoning,random_grids,instance_00013,Violated Request Count,0
5037,imagegame,Qwen3.6-35B-A3B-FP8-without-reasoning,random_grids,instance_00013,Parsed Request Count,50
5038,imagegame,Qwen3.6-35B-A3B-FP8-without-reasoning,random_grids,instance_00013,Request Success Ratio,1.0
5039,imagegame,Qwen3.6-35B-A3B-FP8-without-reasoning,random_grids,instance_00014,Precision,100.0
5040,imagegame,Qwen3.6-35B-A3B-FP8-without-reasoning,random_grids,instance_00014,Recall,100.0
5041,imagegame,Qwen3.6-35B-A3B-FP8-without-reasoning,random_grids,instance_00014,F1,100.0
5042,imagegame,Qwen3.6-35B-A3B-FP8-without-reasoning,random_grids,instance_00014,Main Score,100.0
5043,imagegame,Qwen3.6-35B-A3B-FP8-without-reasoning,random_grids,instance_00014,Average Changed Cell Count,1.0
5044,imagegame,Qwen3.6-35B-A3B-FP8-without-reasoning,random_grids,instance_00014,Average Generated Instruction Length,55.75
5045,imagegame,Qwen3.6-35B-A3B-FP8-without-reasoning,random_grids,instance_00014,Average Generated Expression Number of Tokens,11.0
5046,imagegame,Qwen3.6-35B-A3B-FP8-without-reasoning,random_grids,instance_00014,Success,1
5047,imagegame,Qwen3.6-35B-A3B-FP8-without-reasoning,random_grids,instance_00014,Lose,0
5048,imagegame,Qwen3.6-35B-A3B-FP8-without-reasoning,random_grids,instance_00014,Aborted,0
5049,imagegame,Qwen3.6-35B-A3B-FP8-without-reasoning,random_grids,instance_00014,Request Count,26
5050,imagegame,Qwen3.6-35B-A3B-FP8-without-reasoning,random_grids,instance_00014,Violated Request Count,0
5051,imagegame,Qwen3.6-35B-A3B-FP8-without-reasoning,random_grids,instance_00014,Parsed Request Count,26
5052,imagegame,Qwen3.6-35B-A3B-FP8-without-reasoning,random_grids,instance_00014,Request Success Ratio,1.0
5053,imagegame,Qwen3.6-35B-A3B-FP8-without-reasoning,random_grids,instance_00015,Precision,67.0
5054,imagegame,Qwen3.6-35B-A3B-FP8-without-reasoning,random_grids,instance_00015,Recall,67.0
5055,imagegame,Qwen3.6-35B-A3B-FP8-without-reasoning,random_grids,instance_00015,F1,67.0
5056,imagegame,Qwen3.6-35B-A3B-FP8-without-reasoning,random_grids,instance_00015,Main Score,67.0
5057,imagegame,Qwen3.6-35B-A3B-FP8-without-reasoning,random_grids,instance_00015,Average Changed Cell Count,1.0
5058,imagegame,Qwen3.6-35B-A3B-FP8-without-reasoning,random_grids,instance_00015,Average Generated Instruction Length,55.6667
5059,imagegame,Qwen3.6-35B-A3B-FP8-without-reasoning,random_grids,instance_00015,Average Generated Expression Number of Tokens,11.0
5060,imagegame,Qwen3.6-35B-A3B-FP8-without-reasoning,random_grids,instance_00015,Success,0
5061,imagegame,Qwen3.6-35B-A3B-FP8-without-reasoning,random_grids,instance_00015,Lose,1
5062,imagegame,Qwen3.6-35B-A3B-FP8-without-reasoning,random_grids,instance_00015,Aborted,0
5063,imagegame,Qwen3.6-35B-A3B-FP8-without-reasoning,random_grids,instance_00015,Request Count,38
5064,imagegame,Qwen3.6-35B-A3B-FP8-without-reasoning,random_grids,instance_00015,Violated Request Count,0
5065,imagegame,Qwen3.6-35B-A3B-FP8-without-reasoning,random_grids,instance_00015,Parsed Request Count,38
5066,imagegame,Qwen3.6-35B-A3B-FP8-without-reasoning,random_grids,instance_00015,Request Success Ratio,1.0
5067,imagegame,Qwen3.6-35B-A3B-FP8-without-reasoning,random_grids,instance_00012,Precision,100.0
5068,imagegame,Qwen3.6-35B-A3B-FP8-without-reasoning,random_grids,instance_00012,Recall,100.0
5069,imagegame,Qwen3.6-35B-A3B-FP8-without-reasoning,random_grids,instance_00012,F1,100.0
5070,imagegame,Qwen3.6-35B-A3B-FP8-without-reasoning,random_grids,instance_00012,Main Score,100.0
5071,imagegame,Qwen3.6-35B-A3B-FP8-without-reasoning,random_grids,instance_00012,Average Changed Cell Count,1.0
5072,imagegame,Qwen3.6-35B-A3B-FP8-without-reasoning,random_grids,instance_00012,Average Generated Instruction Length,55.1111
5073,imagegame,Qwen3.6-35B-A3B-FP8-without-reasoning,random_grids,instance_00012,Average Generated Expression Number of Tokens,11.0
5074,imagegame,Qwen3.6-35B-A3B-FP8-without-reasoning,random_grids,instance_00012,Success,1
5075,imagegame,Qwen3.6-35B-A3B-FP8-without-reasoning,random_grids,instance_00012,Lose,0
5076,imagegame,Qwen3.6-35B-A3B-FP8-without-reasoning,random_grids,instance_00012,Aborted,0
5077,imagegame,Qwen3.6-35B-A3B-FP8-without-reasoning,random_grids,instance_00012,Request Count,56
5078,imagegame,Qwen3.6-35B-A3B-FP8-without-reasoning,random_grids,instance_00012,Violated Request Count,0
5079,imagegame,Qwen3.6-35B-A3B-FP8-without-reasoning,random_grids,instance_00012,Parsed Request Count,56
5080,imagegame,Qwen3.6-35B-A3B-FP8-without-reasoning,random_grids,instance_00012,Request Success Ratio,1.0
5081,imagegame,Qwen3.6-35B-A3B-FP8-without-reasoning,compact_grids,instance_00005,Precision,60.0
5082,imagegame,Qwen3.6-35B-A3B-FP8-without-reasoning,compact_grids,instance_00005,Recall,67.0
5083,imagegame,Qwen3.6-35B-A3B-FP8-without-reasoning,compact_grids,instance_00005,F1,63.0
5084,imagegame,Qwen3.6-35B-A3B-FP8-without-reasoning,compact_grids,instance_00005,Main Score,63.0
5085,imagegame,Qwen3.6-35B-A3B-FP8-without-reasoning,compact_grids,instance_00005,Average Changed Cell Count,5.0
5086,imagegame,Qwen3.6-35B-A3B-FP8-without-reasoning,compact_grids,instance_00005,Average Generated Instruction Length,43.0
5087,imagegame,Qwen3.6-35B-A3B-FP8-without-reasoning,compact_grids,instance_00005,Average Generated Expression Number of Tokens,8.0
5088,imagegame,Qwen3.6-35B-A3B-FP8-without-reasoning,compact_grids,instance_00005,Success,0
5089,imagegame,Qwen3.6-35B-A3B-FP8-without-reasoning,compact_grids,instance_00005,Lose,1
5090,imagegame,Qwen3.6-35B-A3B-FP8-without-reasoning,compact_grids,instance_00005,Aborted,0
5091,imagegame,Qwen3.6-35B-A3B-FP8-without-reasoning,compact_grids,instance_00005,Request Count,14
5092,imagegame,Qwen3.6-35B-A3B-FP8-without-reasoning,compact_grids,instance_00005,Violated Request Count,0
5093,imagegame,Qwen3.6-35B-A3B-FP8-without-reasoning,compact_grids,instance_00005,Parsed Request Count,14
5094,imagegame,Qwen3.6-35B-A3B-FP8-without-reasoning,compact_grids,instance_00005,Request Success Ratio,1.0
5095,imagegame,Qwen3.6-35B-A3B-FP8-without-reasoning,compact_grids,instance_00002,Precision,
5096,imagegame,Qwen3.6-35B-A3B-FP8-without-reasoning,compact_grids,instance_00002,Recall,
5097,imagegame,Qwen3.6-35B-A3B-FP8-without-reasoning,compact_grids,instance_00002,F1,
5098,imagegame,Qwen3.6-35B-A3B-FP8-without-reasoning,compact_grids,instance_00002,Main Score,
5099,imagegame,Qwen3.6-35B-A3B-FP8-without-reasoning,compact_grids,instance_00002,Average Changed Cell Count,
5100,imagegame,Qwen3.6-35B-A3B-FP8-without-reasoning,compact_grids,instance_00002,Average Generated Instruction Length,
5101,imagegame,Qwen3.6-35B-A3B-FP8-without-reasoning,compact_grids,instance_00002,Average Generated Expression Number of Tokens,
5102,imagegame,Qwen3.6-35B-A3B-FP8-without-reasoning,compact_grids,instance_00002,Success,0
5103,imagegame,Qwen3.6-35B-A3B-FP8-without-reasoning,compact_grids,instance_00002,Lose,0
5104,imagegame,Qwen3.6-35B-A3B-FP8-without-reasoning,compact_grids,instance_00002,Aborted,1
5105,imagegame,Qwen3.6-35B-A3B-FP8-without-reasoning,compact_grids,instance_00002,Request Count,3
5106,imagegame,Qwen3.6-35B-A3B-FP8-without-reasoning,compact_grids,instance_00002,Violated Request Count,1
5107,imagegame,Qwen3.6-35B-A3B-FP8-without-reasoning,compact_grids,instance_00002,Parsed Request Count,2
5108,imagegame,Qwen3.6-35B-A3B-FP8-without-reasoning,compact_grids,instance_00002,Request Success Ratio,0.6667
5109,imagegame,Qwen3.6-35B-A3B-FP8-without-reasoning,compact_grids,instance_00003,Precision,100.0
5110,imagegame,Qwen3.6-35B-A3B-FP8-without-reasoning,compact_grids,instance_00003,Recall,100.0
5111,imagegame,Qwen3.6-35B-A3B-FP8-without-reasoning,compact_grids,instance_00003,F1,100.0
5112,imagegame,Qwen3.6-35B-A3B-FP8-without-reasoning,compact_grids,instance_00003,Main Score,100.0
5113,imagegame,Qwen3.6-35B-A3B-FP8-without-reasoning,compact_grids,instance_00003,Average Changed Cell Count,4.5
5114,imagegame,Qwen3.6-35B-A3B-FP8-without-reasoning,compact_grids,instance_00003,Average Generated Instruction Length,58.5
5115,imagegame,Qwen3.6-35B-A3B-FP8-without-reasoning,compact_grids,instance_00003,Average Generated Expression Number of Tokens,12.0
5116,imagegame,Qwen3.6-35B-A3B-FP8-without-reasoning,compact_grids,instance_00003,Success,1
5117,imagegame,Qwen3.6-35B-A3B-FP8-without-reasoning,compact_grids,instance_00003,Lose,0
5118,imagegame,Qwen3.6-35B-A3B-FP8-without-reasoning,compact_grids,instance_00003,Aborted,0
5119,imagegame,Qwen3.6-35B-A3B-FP8-without-reasoning,compact_grids,instance_00003,Request Count,14
5120,imagegame,Qwen3.6-35B-A3B-FP8-without-reasoning,compact_grids,instance_00003,Violated Request Count,0
5121,imagegame,Qwen3.6-35B-A3B-FP8-without-reasoning,compact_grids,instance_00003,Parsed Request Count,14
5122,imagegame,Qwen3.6-35B-A3B-FP8-without-reasoning,compact_grids,instance_00003,Request Success Ratio,1.0
5123,imagegame,Qwen3.6-35B-A3B-FP8-without-reasoning,compact_grids,instance_00004,Precision,100.0
5124,imagegame,Qwen3.6-35B-A3B-FP8-without-reasoning,compact_grids,instance_00004,Recall,100.0
5125,imagegame,Qwen3.6-35B-A3B-FP8-without-reasoning,compact_grids,instance_00004,F1,100.0
5126,imagegame,Qwen3.6-35B-A3B-FP8-without-reasoning,compact_grids,instance_00004,Main Score,100.0
5127,imagegame,Qwen3.6-35B-A3B-FP8-without-reasoning,compact_grids,instance_00004,Average Changed Cell Count,4.0
5128,imagegame,Qwen3.6-35B-A3B-FP8-without-reasoning,compact_grids,instance_00004,Average Generated Instruction Length,32.5
5129,imagegame,Qwen3.6-35B-A3B-FP8-without-reasoning,compact_grids,instance_00004,Average Generated Expression Number of Tokens,6.0
5130,imagegame,Qwen3.6-35B-A3B-FP8-without-reasoning,compact_grids,instance_00004,Success,1
5131,imagegame,Qwen3.6-35B-A3B-FP8-without-reasoning,compact_grids,instance_00004,Lose,0
5132,imagegame,Qwen3.6-35B-A3B-FP8-without-reasoning,compact_grids,instance_00004,Aborted,0
5133,imagegame,Qwen3.6-35B-A3B-FP8-without-reasoning,compact_grids,instance_00004,Request Count,26
5134,imagegame,Qwen3.6-35B-A3B-FP8-without-reasoning,compact_grids,instance_00004,Violated Request Count,0
5135,imagegame,Qwen3.6-35B-A3B-FP8-without-reasoning,compact_grids,instance_00004,Parsed Request Count,26
5136,imagegame,Qwen3.6-35B-A3B-FP8-without-reasoning,compact_grids,instance_00004,Request Success Ratio,1.0
5137,imagegame,Qwen3.6-35B-A3B-FP8-without-reasoning,compact_grids,instance_00017,Precision,100.0
5138,imagegame,Qwen3.6-35B-A3B-FP8-without-reasoning,compact_grids,instance_00017,Recall,100.0
5139,imagegame,Qwen3.6-35B-A3B-FP8-without-reasoning,compact_grids,instance_00017,F1,100.0
5140,imagegame,Qwen3.6-35B-A3B-FP8-without-reasoning,compact_grids,instance_00017,Main Score,100.0
5141,imagegame,Qwen3.6-35B-A3B-FP8-without-reasoning,compact_grids,instance_00017,Average Changed Cell Count,1.0
5142,imagegame,Qwen3.6-35B-A3B-FP8-without-reasoning,compact_grids,instance_00017,Average Generated Instruction Length,52.25
5143,imagegame,Qwen3.6-35B-A3B-FP8-without-reasoning,compact_grids,instance_00017,Average Generated Expression Number of Tokens,10.375
5144,imagegame,Qwen3.6-35B-A3B-FP8-without-reasoning,compact_grids,instance_00017,Success,1
5145,imagegame,Qwen3.6-35B-A3B-FP8-without-reasoning,compact_grids,instance_00017,Lose,0
5146,imagegame,Qwen3.6-35B-A3B-FP8-without-reasoning,compact_grids,instance_00017,Aborted,0
5147,imagegame,Qwen3.6-35B-A3B-FP8-without-reasoning,compact_grids,instance_00017,Request Count,50
5148,imagegame,Qwen3.6-35B-A3B-FP8-without-reasoning,compact_grids,instance_00017,Violated Request Count,0
5149,imagegame,Qwen3.6-35B-A3B-FP8-without-reasoning,compact_grids,instance_00017,Parsed Request Count,50
5150,imagegame,Qwen3.6-35B-A3B-FP8-without-reasoning,compact_grids,instance_00017,Request Success Ratio,1.0
5151,imagegame,Qwen3.6-35B-A3B-FP8-without-reasoning,compact_grids,instance_00010,Precision,100.0
5152,imagegame,Qwen3.6-35B-A3B-FP8-without-reasoning,compact_grids,instance_00010,Recall,100.0
5153,imagegame,Qwen3.6-35B-A3B-FP8-without-reasoning,compact_grids,instance_00010,F1,100.0
5154,imagegame,Qwen3.6-35B-A3B-FP8-without-reasoning,compact_grids,instance_00010,Main Score,100.0
5155,imagegame,Qwen3.6-35B-A3B-FP8-without-reasoning,compact_grids,instance_00010,Average Changed Cell Count,1.0
5156,imagegame,Qwen3.6-35B-A3B-FP8-without-reasoning,compact_grids,instance_00010,Average Generated Instruction Length,40.0
5157,imagegame,Qwen3.6-35B-A3B-FP8-without-reasoning,compact_grids,instance_00010,Average Generated Expression Number of Tokens,9.0
5158,imagegame,Qwen3.6-35B-A3B-FP8-without-reasoning,compact_grids,instance_00010,Success,1
5159,imagegame,Qwen3.6-35B-A3B-FP8-without-reasoning,compact_grids,instance_00010,Lose,0
5160,imagegame,Qwen3.6-35B-A3B-FP8-without-reasoning,compact_grids,instance_00010,Aborted,0
5161,imagegame,Qwen3.6-35B-A3B-FP8-without-reasoning,compact_grids,instance_00010,Request Count,74
5162,imagegame,Qwen3.6-35B-A3B-FP8-without-reasoning,compact_grids,instance_00010,Violated Request Count,0
5163,imagegame,Qwen3.6-35B-A3B-FP8-without-reasoning,compact_grids,instance_00010,Parsed Request Count,74
5164,imagegame,Qwen3.6-35B-A3B-FP8-without-reasoning,compact_grids,instance_00010,Request Success Ratio,1.0
5165,imagegame,Qwen3.6-35B-A3B-FP8-without-reasoning,compact_grids,instance_00019,Precision,100.0
5166,imagegame,Qwen3.6-35B-A3B-FP8-without-reasoning,compact_grids,instance_00019,Recall,100.0
5167,imagegame,Qwen3.6-35B-A3B-FP8-without-reasoning,compact_grids,instance_00019,F1,100.0
5168,imagegame,Qwen3.6-35B-A3B-FP8-without-reasoning,compact_grids,instance_00019,Main Score,100.0
5169,imagegame,Qwen3.6-35B-A3B-FP8-without-reasoning,compact_grids,instance_00019,Average Changed Cell Count,1.3636
5170,imagegame,Qwen3.6-35B-A3B-FP8-without-reasoning,compact_grids,instance_00019,Average Generated Instruction Length,53.3636
5171,imagegame,Qwen3.6-35B-A3B-FP8-without-reasoning,compact_grids,instance_00019,Average Generated Expression Number of Tokens,10.5455
5172,imagegame,Qwen3.6-35B-A3B-FP8-without-reasoning,compact_grids,instance_00019,Success,1
5173,imagegame,Qwen3.6-35B-A3B-FP8-without-reasoning,compact_grids,instance_00019,Lose,0
5174,imagegame,Qwen3.6-35B-A3B-FP8-without-reasoning,compact_grids,instance_00019,Aborted,0
5175,imagegame,Qwen3.6-35B-A3B-FP8-without-reasoning,compact_grids,instance_00019,Request Count,68
5176,imagegame,Qwen3.6-35B-A3B-FP8-without-reasoning,compact_grids,instance_00019,Violated Request Count,0
5177,imagegame,Qwen3.6-35B-A3B-FP8-without-reasoning,compact_grids,instance_00019,Parsed Request Count,68
5178,imagegame,Qwen3.6-35B-A3B-FP8-without-reasoning,compact_grids,instance_00019,Request Success Ratio,1.0
5179,imagegame,Qwen3.6-35B-A3B-FP8-without-reasoning,compact_grids,instance_00018,Precision,100.0
5180,imagegame,Qwen3.6-35B-A3B-FP8-without-reasoning,compact_grids,instance_00018,Recall,15.0
5181,imagegame,Qwen3.6-35B-A3B-FP8-without-reasoning,compact_grids,instance_00018,F1,27.0
5182,imagegame,Qwen3.6-35B-A3B-FP8-without-reasoning,compact_grids,instance_00018,Main Score,27.0
5183,imagegame,Qwen3.6-35B-A3B-FP8-without-reasoning,compact_grids,instance_00018,Average Changed Cell Count,0.1053
5184,imagegame,Qwen3.6-35B-A3B-FP8-without-reasoning,compact_grids,instance_00018,Average Generated Instruction Length,56.8947
5185,imagegame,Qwen3.6-35B-A3B-FP8-without-reasoning,compact_grids,instance_00018,Average Generated Expression Number of Tokens,11.0
5186,imagegame,Qwen3.6-35B-A3B-FP8-without-reasoning,compact_grids,instance_00018,Success,0
5187,imagegame,Qwen3.6-35B-A3B-FP8-without-reasoning,compact_grids,instance_00018,Lose,1
5188,imagegame,Qwen3.6-35B-A3B-FP8-without-reasoning,compact_grids,instance_00018,Aborted,0
5189,imagegame,Qwen3.6-35B-A3B-FP8-without-reasoning,compact_grids,instance_00018,Request Count,116
5190,imagegame,Qwen3.6-35B-A3B-FP8-without-reasoning,compact_grids,instance_00018,Violated Request Count,0
5191,imagegame,Qwen3.6-35B-A3B-FP8-without-reasoning,compact_grids,instance_00018,Parsed Request Count,116
5192,imagegame,Qwen3.6-35B-A3B-FP8-without-reasoning,compact_grids,instance_00018,Request Success Ratio,1.0
5193,imagegame,Qwen3.6-35B-A3B-FP8-without-reasoning,compact_grids,instance_00011,Precision,
5194,imagegame,Qwen3.6-35B-A3B-FP8-without-reasoning,compact_grids,instance_00011,Recall,
5195,imagegame,Qwen3.6-35B-A3B-FP8-without-reasoning,compact_grids,instance_00011,F1,
5196,imagegame,Qwen3.6-35B-A3B-FP8-without-reasoning,compact_grids,instance_00011,Main Score,
5197,imagegame,Qwen3.6-35B-A3B-FP8-without-reasoning,compact_grids,instance_00011,Average Changed Cell Count,
5198,imagegame,Qwen3.6-35B-A3B-FP8-without-reasoning,compact_grids,instance_00011,Average Generated Instruction Length,
5199,imagegame,Qwen3.6-35B-A3B-FP8-without-reasoning,compact_grids,instance_00011,Average Generated Expression Number of Tokens,
5200,imagegame,Qwen3.6-35B-A3B-FP8-without-reasoning,compact_grids,instance_00011,Success,0
5201,imagegame,Qwen3.6-35B-A3B-FP8-without-reasoning,compact_grids,instance_00011,Lose,0
5202,imagegame,Qwen3.6-35B-A3B-FP8-without-reasoning,compact_grids,instance_00011,Aborted,1
5203,imagegame,Qwen3.6-35B-A3B-FP8-without-reasoning,compact_grids,instance_00011,Request Count,3
5204,imagegame,Qwen3.6-35B-A3B-FP8-without-reasoning,compact_grids,instance_00011,Violated Request Count,1
5205,imagegame,Qwen3.6-35B-A3B-FP8-without-reasoning,compact_grids,instance_00011,Parsed Request Count,2
5206,imagegame,Qwen3.6-35B-A3B-FP8-without-reasoning,compact_grids,instance_00011,Request Success Ratio,0.6667
5207,imagegame,Qwen3.6-35B-A3B-FP8-without-reasoning,compact_grids,instance_00016,Precision,100.0
5208,imagegame,Qwen3.6-35B-A3B-FP8-without-reasoning,compact_grids,instance_00016,Recall,100.0
5209,imagegame,Qwen3.6-35B-A3B-FP8-without-reasoning,compact_grids,instance_00016,F1,100.0
5210,imagegame,Qwen3.6-35B-A3B-FP8-without-reasoning,compact_grids,instance_00016,Main Score,100.0
5211,imagegame,Qwen3.6-35B-A3B-FP8-without-reasoning,compact_grids,instance_00016,Average Changed Cell Count,3.4
5212,imagegame,Qwen3.6-35B-A3B-FP8-without-reasoning,compact_grids,instance_00016,Average Generated Instruction Length,37.0
5213,imagegame,Qwen3.6-35B-A3B-FP8-without-reasoning,compact_grids,instance_00016,Average Generated Expression Number of Tokens,7.0
5214,imagegame,Qwen3.6-35B-A3B-FP8-without-reasoning,compact_grids,instance_00016,Success,1
5215,imagegame,Qwen3.6-35B-A3B-FP8-without-reasoning,compact_grids,instance_00016,Lose,0
5216,imagegame,Qwen3.6-35B-A3B-FP8-without-reasoning,compact_grids,instance_00016,Aborted,0
5217,imagegame,Qwen3.6-35B-A3B-FP8-without-reasoning,compact_grids,instance_00016,Request Count,32
5218,imagegame,Qwen3.6-35B-A3B-FP8-without-reasoning,compact_grids,instance_00016,Violated Request Count,0
5219,imagegame,Qwen3.6-35B-A3B-FP8-without-reasoning,compact_grids,instance_00016,Parsed Request Count,32
5220,imagegame,Qwen3.6-35B-A3B-FP8-without-reasoning,compact_grids,instance_00016,Request Success Ratio,1.0
5221,imagegame,Qwen3.6-35B-A3B-FP8-without-reasoning,compact_grids,instance_00008,Precision,100.0
5222,imagegame,Qwen3.6-35B-A3B-FP8-without-reasoning,compact_grids,instance_00008,Recall,100.0
5223,imagegame,Qwen3.6-35B-A3B-FP8-without-reasoning,compact_grids,instance_00008,F1,100.0
5224,imagegame,Qwen3.6-35B-A3B-FP8-without-reasoning,compact_grids,instance_00008,Main Score,100.0
5225,imagegame,Qwen3.6-35B-A3B-FP8-without-reasoning,compact_grids,instance_00008,Average Changed Cell Count,1.8
5226,imagegame,Qwen3.6-35B-A3B-FP8-without-reasoning,compact_grids,instance_00008,Average Generated Instruction Length,67.6
5227,imagegame,Qwen3.6-35B-A3B-FP8-without-reasoning,compact_grids,instance_00008,Average Generated Expression Number of Tokens,14.0
5228,imagegame,Qwen3.6-35B-A3B-FP8-without-reasoning,compact_grids,instance_00008,Success,1
5229,imagegame,Qwen3.6-35B-A3B-FP8-without-reasoning,compact_grids,instance_00008,Lose,0
5230,imagegame,Qwen3.6-35B-A3B-FP8-without-reasoning,compact_grids,instance_00008,Aborted,0
5231,imagegame,Qwen3.6-35B-A3B-FP8-without-reasoning,compact_grids,instance_00008,Request Count,32
5232,imagegame,Qwen3.6-35B-A3B-FP8-without-reasoning,compact_grids,instance_00008,Violated Request Count,0
5233,imagegame,Qwen3.6-35B-A3B-FP8-without-reasoning,compact_grids,instance_00008,Parsed Request Count,32
5234,imagegame,Qwen3.6-35B-A3B-FP8-without-reasoning,compact_grids,instance_00008,Request Success Ratio,1.0
5235,imagegame,Qwen3.6-35B-A3B-FP8-without-reasoning,compact_grids,instance_00001,Precision,100.0
5236,imagegame,Qwen3.6-35B-A3B-FP8-without-reasoning,compact_grids,instance_00001,Recall,100.0
5237,imagegame,Qwen3.6-35B-A3B-FP8-without-reasoning,compact_grids,instance_00001,F1,100.0
5238,imagegame,Qwen3.6-35B-A3B-FP8-without-reasoning,compact_grids,instance_00001,Main Score,100.0
5239,imagegame,Qwen3.6-35B-A3B-FP8-without-reasoning,compact_grids,instance_00001,Average Changed Cell Count,5.0
5240,imagegame,Qwen3.6-35B-A3B-FP8-without-reasoning,compact_grids,instance_00001,Average Generated Instruction Length,37.0
5241,imagegame,Qwen3.6-35B-A3B-FP8-without-reasoning,compact_grids,instance_00001,Average Generated Expression Number of Tokens,7.0
5242,imagegame,Qwen3.6-35B-A3B-FP8-without-reasoning,compact_grids,instance_00001,Success,1
5243,imagegame,Qwen3.6-35B-A3B-FP8-without-reasoning,compact_grids,instance_00001,Lose,0
5244,imagegame,Qwen3.6-35B-A3B-FP8-without-reasoning,compact_grids,instance_00001,Aborted,0
5245,imagegame,Qwen3.6-35B-A3B-FP8-without-reasoning,compact_grids,instance_00001,Request Count,14
5246,imagegame,Qwen3.6-35B-A3B-FP8-without-reasoning,compact_grids,instance_00001,Violated Request Count,0
5247,imagegame,Qwen3.6-35B-A3B-FP8-without-reasoning,compact_grids,instance_00001,Parsed Request Count,14
5248,imagegame,Qwen3.6-35B-A3B-FP8-without-reasoning,compact_grids,instance_00001,Request Success Ratio,1.0
5249,imagegame,Qwen3.6-35B-A3B-FP8-without-reasoning,compact_grids,instance_00006,Precision,40.0
5250,imagegame,Qwen3.6-35B-A3B-FP8-without-reasoning,compact_grids,instance_00006,Recall,25.0
5251,imagegame,Qwen3.6-35B-A3B-FP8-without-reasoning,compact_grids,instance_00006,F1,31.0
5252,imagegame,Qwen3.6-35B-A3B-FP8-without-reasoning,compact_grids,instance_00006,Main Score,31.0
5253,imagegame,Qwen3.6-35B-A3B-FP8-without-reasoning,compact_grids,instance_00006,Average Changed Cell Count,0.1
5254,imagegame,Qwen3.6-35B-A3B-FP8-without-reasoning,compact_grids,instance_00006,Average Generated Instruction Length,55.94
5255,imagegame,Qwen3.6-35B-A3B-FP8-without-reasoning,compact_grids,instance_00006,Average Generated Expression Number of Tokens,11.0
5256,imagegame,Qwen3.6-35B-A3B-FP8-without-reasoning,compact_grids,instance_00006,Success,0
5257,imagegame,Qwen3.6-35B-A3B-FP8-without-reasoning,compact_grids,instance_00006,Lose,1
5258,imagegame,Qwen3.6-35B-A3B-FP8-without-reasoning,compact_grids,instance_00006,Aborted,0
5259,imagegame,Qwen3.6-35B-A3B-FP8-without-reasoning,compact_grids,instance_00006,Request Count,301
5260,imagegame,Qwen3.6-35B-A3B-FP8-without-reasoning,compact_grids,instance_00006,Violated Request Count,0
5261,imagegame,Qwen3.6-35B-A3B-FP8-without-reasoning,compact_grids,instance_00006,Parsed Request Count,301
5262,imagegame,Qwen3.6-35B-A3B-FP8-without-reasoning,compact_grids,instance_00006,Request Success Ratio,1.0
5263,imagegame,Qwen3.6-35B-A3B-FP8-without-reasoning,compact_grids,instance_00007,Precision,
5264,imagegame,Qwen3.6-35B-A3B-FP8-without-reasoning,compact_grids,instance_00007,Recall,
5265,imagegame,Qwen3.6-35B-A3B-FP8-without-reasoning,compact_grids,instance_00007,F1,
5266,imagegame,Qwen3.6-35B-A3B-FP8-without-reasoning,compact_grids,instance_00007,Main Score,
5267,imagegame,Qwen3.6-35B-A3B-FP8-without-reasoning,compact_grids,instance_00007,Average Changed Cell Count,
5268,imagegame,Qwen3.6-35B-A3B-FP8-without-reasoning,compact_grids,instance_00007,Average Generated Instruction Length,
5269,imagegame,Qwen3.6-35B-A3B-FP8-without-reasoning,compact_grids,instance_00007,Average Generated Expression Number of Tokens,
5270,imagegame,Qwen3.6-35B-A3B-FP8-without-reasoning,compact_grids,instance_00007,Success,0
5271,imagegame,Qwen3.6-35B-A3B-FP8-without-reasoning,compact_grids,instance_00007,Lose,0
5272,imagegame,Qwen3.6-35B-A3B-FP8-without-reasoning,compact_grids,instance_00007,Aborted,1
5273,imagegame,Qwen3.6-35B-A3B-FP8-without-reasoning,compact_grids,instance_00007,Request Count,27
5274,imagegame,Qwen3.6-35B-A3B-FP8-without-reasoning,compact_grids,instance_00007,Violated Request Count,1
5275,imagegame,Qwen3.6-35B-A3B-FP8-without-reasoning,compact_grids,instance_00007,Parsed Request Count,26
5276,imagegame,Qwen3.6-35B-A3B-FP8-without-reasoning,compact_grids,instance_00007,Request Success Ratio,0.963
5277,imagegame,Qwen3.6-35B-A3B-FP8-without-reasoning,compact_grids,instance_00000,Precision,57.0
5278,imagegame,Qwen3.6-35B-A3B-FP8-without-reasoning,compact_grids,instance_00000,Recall,80.0
5279,imagegame,Qwen3.6-35B-A3B-FP8-without-reasoning,compact_grids,instance_00000,F1,67.0
5280,imagegame,Qwen3.6-35B-A3B-FP8-without-reasoning,compact_grids,instance_00000,Main Score,67.0
5281,imagegame,Qwen3.6-35B-A3B-FP8-without-reasoning,compact_grids,instance_00000,Average Changed Cell Count,0.6364
5282,imagegame,Qwen3.6-35B-A3B-FP8-without-reasoning,compact_grids,instance_00000,Average Generated Instruction Length,55.7273
5283,imagegame,Qwen3.6-35B-A3B-FP8-without-reasoning,compact_grids,instance_00000,Average Generated Expression Number of Tokens,11.0
5284,imagegame,Qwen3.6-35B-A3B-FP8-without-reasoning,compact_grids,instance_00000,Success,0
5285,imagegame,Qwen3.6-35B-A3B-FP8-without-reasoning,compact_grids,instance_00000,Lose,1
5286,imagegame,Qwen3.6-35B-A3B-FP8-without-reasoning,compact_grids,instance_00000,Aborted,0
5287,imagegame,Qwen3.6-35B-A3B-FP8-without-reasoning,compact_grids,instance_00000,Request Count,68
5288,imagegame,Qwen3.6-35B-A3B-FP8-without-reasoning,compact_grids,instance_00000,Violated Request Count,0
5289,imagegame,Qwen3.6-35B-A3B-FP8-without-reasoning,compact_grids,instance_00000,Parsed Request Count,68
5290,imagegame,Qwen3.6-35B-A3B-FP8-without-reasoning,compact_grids,instance_00000,Request Success Ratio,1.0
5291,imagegame,Qwen3.6-35B-A3B-FP8-without-reasoning,compact_grids,instance_00009,Precision,100.0
5292,imagegame,Qwen3.6-35B-A3B-FP8-without-reasoning,compact_grids,instance_00009,Recall,100.0
5293,imagegame,Qwen3.6-35B-A3B-FP8-without-reasoning,compact_grids,instance_00009,F1,100.0
5294,imagegame,Qwen3.6-35B-A3B-FP8-without-reasoning,compact_grids,instance_00009,Main Score,100.0
5295,imagegame,Qwen3.6-35B-A3B-FP8-without-reasoning,compact_grids,instance_00009,Average Changed Cell Count,7.5
5296,imagegame,Qwen3.6-35B-A3B-FP8-without-reasoning,compact_grids,instance_00009,Average Generated Instruction Length,91.0
5297,imagegame,Qwen3.6-35B-A3B-FP8-without-reasoning,compact_grids,instance_00009,Average Generated Expression Number of Tokens,15.0
5298,imagegame,Qwen3.6-35B-A3B-FP8-without-reasoning,compact_grids,instance_00009,Success,1
5299,imagegame,Qwen3.6-35B-A3B-FP8-without-reasoning,compact_grids,instance_00009,Lose,0
5300,imagegame,Qwen3.6-35B-A3B-FP8-without-reasoning,compact_grids,instance_00009,Aborted,0
5301,imagegame,Qwen3.6-35B-A3B-FP8-without-reasoning,compact_grids,instance_00009,Request Count,14
5302,imagegame,Qwen3.6-35B-A3B-FP8-without-reasoning,compact_grids,instance_00009,Violated Request Count,0
5303,imagegame,Qwen3.6-35B-A3B-FP8-without-reasoning,compact_grids,instance_00009,Parsed Request Count,14
5304,imagegame,Qwen3.6-35B-A3B-FP8-without-reasoning,compact_grids,instance_00009,Request Success Ratio,1.0
5305,imagegame,Qwen3.6-35B-A3B-FP8-without-reasoning,compact_grids,instance_00013,Precision,100.0
5306,imagegame,Qwen3.6-35B-A3B-FP8-without-reasoning,compact_grids,instance_00013,Recall,71.0
5307,imagegame,Qwen3.6-35B-A3B-FP8-without-reasoning,compact_grids,instance_00013,F1,83.0
5308,imagegame,Qwen3.6-35B-A3B-FP8-without-reasoning,compact_grids,instance_00013,Main Score,83.0
5309,imagegame,Qwen3.6-35B-A3B-FP8-without-reasoning,compact_grids,instance_00013,Average Changed Cell Count,2.1429
5310,imagegame,Qwen3.6-35B-A3B-FP8-without-reasoning,compact_grids,instance_00013,Average Generated Instruction Length,48.5714
5311,imagegame,Qwen3.6-35B-A3B-FP8-without-reasoning,compact_grids,instance_00013,Average Generated Expression Number of Tokens,9.5714
5312,imagegame,Qwen3.6-35B-A3B-FP8-without-reasoning,compact_grids,instance_00013,Success,0
5313,imagegame,Qwen3.6-35B-A3B-FP8-without-reasoning,compact_grids,instance_00013,Lose,1
5314,imagegame,Qwen3.6-35B-A3B-FP8-without-reasoning,compact_grids,instance_00013,Aborted,0
5315,imagegame,Qwen3.6-35B-A3B-FP8-without-reasoning,compact_grids,instance_00013,Request Count,44
5316,imagegame,Qwen3.6-35B-A3B-FP8-without-reasoning,compact_grids,instance_00013,Violated Request Count,0
5317,imagegame,Qwen3.6-35B-A3B-FP8-without-reasoning,compact_grids,instance_00013,Parsed Request Count,44
5318,imagegame,Qwen3.6-35B-A3B-FP8-without-reasoning,compact_grids,instance_00013,Request Success Ratio,1.0
5319,imagegame,Qwen3.6-35B-A3B-FP8-without-reasoning,compact_grids,instance_00014,Precision,100.0
5320,imagegame,Qwen3.6-35B-A3B-FP8-without-reasoning,compact_grids,instance_00014,Recall,100.0
5321,imagegame,Qwen3.6-35B-A3B-FP8-without-reasoning,compact_grids,instance_00014,F1,100.0
5322,imagegame,Qwen3.6-35B-A3B-FP8-without-reasoning,compact_grids,instance_00014,Main Score,100.0
5323,imagegame,Qwen3.6-35B-A3B-FP8-without-reasoning,compact_grids,instance_00014,Average Changed Cell Count,1.0
5324,imagegame,Qwen3.6-35B-A3B-FP8-without-reasoning,compact_grids,instance_00014,Average Generated Instruction Length,41.0
5325,imagegame,Qwen3.6-35B-A3B-FP8-without-reasoning,compact_grids,instance_00014,Average Generated Expression Number of Tokens,9.0
5326,imagegame,Qwen3.6-35B-A3B-FP8-without-reasoning,compact_grids,instance_00014,Success,1
5327,imagegame,Qwen3.6-35B-A3B-FP8-without-reasoning,compact_grids,instance_00014,Lose,0
5328,imagegame,Qwen3.6-35B-A3B-FP8-without-reasoning,compact_grids,instance_00014,Aborted,0
5329,imagegame,Qwen3.6-35B-A3B-FP8-without-reasoning,compact_grids,instance_00014,Request Count,32
5330,imagegame,Qwen3.6-35B-A3B-FP8-without-reasoning,compact_grids,instance_00014,Violated Request Count,0
5331,imagegame,Qwen3.6-35B-A3B-FP8-without-reasoning,compact_grids,instance_00014,Parsed Request Count,32
5332,imagegame,Qwen3.6-35B-A3B-FP8-without-reasoning,compact_grids,instance_00014,Request Success Ratio,1.0
5333,imagegame,Qwen3.6-35B-A3B-FP8-without-reasoning,compact_grids,instance_00015,Precision,
5334,imagegame,Qwen3.6-35B-A3B-FP8-without-reasoning,compact_grids,instance_00015,Recall,
5335,imagegame,Qwen3.6-35B-A3B-FP8-without-reasoning,compact_grids,instance_00015,F1,
5336,imagegame,Qwen3.6-35B-A3B-FP8-without-reasoning,compact_grids,instance_00015,Main Score,
5337,imagegame,Qwen3.6-35B-A3B-FP8-without-reasoning,compact_grids,instance_00015,Average Changed Cell Count,
5338,imagegame,Qwen3.6-35B-A3B-FP8-without-reasoning,compact_grids,instance_00015,Average Generated Instruction Length,
5339,imagegame,Qwen3.6-35B-A3B-FP8-without-reasoning,compact_grids,instance_00015,Average Generated Expression Number of Tokens,
5340,imagegame,Qwen3.6-35B-A3B-FP8-without-reasoning,compact_grids,instance_00015,Success,0
5341,imagegame,Qwen3.6-35B-A3B-FP8-without-reasoning,compact_grids,instance_00015,Lose,0
5342,imagegame,Qwen3.6-35B-A3B-FP8-without-reasoning,compact_grids,instance_00015,Aborted,1
5343,imagegame,Qwen3.6-35B-A3B-FP8-without-reasoning,compact_grids,instance_00015,Request Count,3
5344,imagegame,Qwen3.6-35B-A3B-FP8-without-reasoning,compact_grids,instance_00015,Violated Request Count,1
5345,imagegame,Qwen3.6-35B-A3B-FP8-without-reasoning,compact_grids,instance_00015,Parsed Request Count,2
5346,imagegame,Qwen3.6-35B-A3B-FP8-without-reasoning,compact_grids,instance_00015,Request Success Ratio,0.6667
5347,imagegame,Qwen3.6-35B-A3B-FP8-without-reasoning,compact_grids,instance_00012,Precision,100.0
5348,imagegame,Qwen3.6-35B-A3B-FP8-without-reasoning,compact_grids,instance_00012,Recall,100.0
5349,imagegame,Qwen3.6-35B-A3B-FP8-without-reasoning,compact_grids,instance_00012,F1,100.0
5350,imagegame,Qwen3.6-35B-A3B-FP8-without-reasoning,compact_grids,instance_00012,Main Score,100.0
5351,imagegame,Qwen3.6-35B-A3B-FP8-without-reasoning,compact_grids,instance_00012,Average Changed Cell Count,3.0
5352,imagegame,Qwen3.6-35B-A3B-FP8-without-reasoning,compact_grids,instance_00012,Average Generated Instruction Length,86.6
5353,imagegame,Qwen3.6-35B-A3B-FP8-without-reasoning,compact_grids,instance_00012,Average Generated Expression Number of Tokens,17.4
5354,imagegame,Qwen3.6-35B-A3B-FP8-without-reasoning,compact_grids,instance_00012,Success,1
5355,imagegame,Qwen3.6-35B-A3B-FP8-without-reasoning,compact_grids,instance_00012,Lose,0
5356,imagegame,Qwen3.6-35B-A3B-FP8-without-reasoning,compact_grids,instance_00012,Aborted,0
5357,imagegame,Qwen3.6-35B-A3B-FP8-without-reasoning,compact_grids,instance_00012,Request Count,32
5358,imagegame,Qwen3.6-35B-A3B-FP8-without-reasoning,compact_grids,instance_00012,Violated Request Count,0
5359,imagegame,Qwen3.6-35B-A3B-FP8-without-reasoning,compact_grids,instance_00012,Parsed Request Count,32
5360,imagegame,Qwen3.6-35B-A3B-FP8-without-reasoning,compact_grids,instance_00012,Request Success Ratio,1.0
5361,codenames,Qwen3.6-35B-A3B-FP8-without-reasoning,opponent_difficult,instance_00002,experiment variable,Opponent Difficulty
5362,codenames,Qwen3.6-35B-A3B-FP8-without-reasoning,opponent_difficult,instance_00002,experiment name,opponent_difficult
5363,codenames,Qwen3.6-35B-A3B-FP8-without-reasoning,opponent_difficult,instance_00002,Cluegiver strip words,0
5364,codenames,Qwen3.6-35B-A3B-FP8-without-reasoning,opponent_difficult,instance_00002,Guesser strip words,0
5365,codenames,Qwen3.6-35B-A3B-FP8-without-reasoning,opponent_difficult,instance_00002,Average Cluegiver Number of Targets,2.75
5366,codenames,Qwen3.6-35B-A3B-FP8-without-reasoning,opponent_difficult,instance_00002,Average Cluegiver Team Precision,0.875
5367,codenames,Qwen3.6-35B-A3B-FP8-without-reasoning,opponent_difficult,instance_00002,Average Cluegiver Team Recall,0.317
5368,codenames,Qwen3.6-35B-A3B-FP8-without-reasoning,opponent_difficult,instance_00002,Average Cluegiver Team F1,0.459
5369,codenames,Qwen3.6-35B-A3B-FP8-without-reasoning,opponent_difficult,instance_00002,Average Guesser Number of Guesses,2
5370,codenames,Qwen3.6-35B-A3B-FP8-without-reasoning,opponent_difficult,instance_00002,Average Guesser Number of Revealed Words,1.25
5371,codenames,Qwen3.6-35B-A3B-FP8-without-reasoning,opponent_difficult,instance_00002,Average Guesser Number of Unrevealed Guesses,0.75
5372,codenames,Qwen3.6-35B-A3B-FP8-without-reasoning,opponent_difficult,instance_00002,Average Guesser Target Precision,0.5
5373,codenames,Qwen3.6-35B-A3B-FP8-without-reasoning,opponent_difficult,instance_00002,Average Guesser Target Recall,0.312
5374,codenames,Qwen3.6-35B-A3B-FP8-without-reasoning,opponent_difficult,instance_00002,Average Guesser Target F1,0.375
5375,codenames,Qwen3.6-35B-A3B-FP8-without-reasoning,opponent_difficult,instance_00002,Average Guesser Team Precision,0.25
5376,codenames,Qwen3.6-35B-A3B-FP8-without-reasoning,opponent_difficult,instance_00002,Average Guesser Team Recall,0.059
5377,codenames,Qwen3.6-35B-A3B-FP8-without-reasoning,opponent_difficult,instance_00002,Average Guesser Team F1,0.096
5378,codenames,Qwen3.6-35B-A3B-FP8-without-reasoning,opponent_difficult,instance_00002,Aborted,0
5379,codenames,Qwen3.6-35B-A3B-FP8-without-reasoning,opponent_difficult,instance_00002,Lose,1
5380,codenames,Qwen3.6-35B-A3B-FP8-without-reasoning,opponent_difficult,instance_00002,Success,0
5381,codenames,Qwen3.6-35B-A3B-FP8-without-reasoning,opponent_difficult,instance_00002,Game ended through assassin,0
5382,codenames,Qwen3.6-35B-A3B-FP8-without-reasoning,opponent_difficult,instance_00002,Episode Recall,0.222
5383,codenames,Qwen3.6-35B-A3B-FP8-without-reasoning,opponent_difficult,instance_00002,Episode Negative Recall,0.812
5384,codenames,Qwen3.6-35B-A3B-FP8-without-reasoning,opponent_difficult,instance_00002,Number of turns,4
5385,codenames,Qwen3.6-35B-A3B-FP8-without-reasoning,opponent_difficult,instance_00002,Efficiency,1.0
5386,codenames,Qwen3.6-35B-A3B-FP8-without-reasoning,opponent_difficult,instance_00002,Request Count,7
5387,codenames,Qwen3.6-35B-A3B-FP8-without-reasoning,opponent_difficult,instance_00002,Parsed Request Count,7
5388,codenames,Qwen3.6-35B-A3B-FP8-without-reasoning,opponent_difficult,instance_00002,Violated Request Count,0
5389,codenames,Qwen3.6-35B-A3B-FP8-without-reasoning,opponent_difficult,instance_00002,Request Success Ratio,1.0
5390,codenames,Qwen3.6-35B-A3B-FP8-without-reasoning,opponent_difficult,instance_00002,Main Score,0
5391,codenames,Qwen3.6-35B-A3B-FP8-without-reasoning,opponent_difficult,instance_00003,experiment variable,Opponent Difficulty
5392,codenames,Qwen3.6-35B-A3B-FP8-without-reasoning,opponent_difficult,instance_00003,experiment name,opponent_difficult
5393,codenames,Qwen3.6-35B-A3B-FP8-without-reasoning,opponent_difficult,instance_00003,Cluegiver strip words,1
5394,codenames,Qwen3.6-35B-A3B-FP8-without-reasoning,opponent_difficult,instance_00003,Guesser strip words,1
5395,codenames,Qwen3.6-35B-A3B-FP8-without-reasoning,opponent_difficult,instance_00003,Average Cluegiver Number of Targets,1.2
5396,codenames,Qwen3.6-35B-A3B-FP8-without-reasoning,opponent_difficult,instance_00003,Average Cluegiver Team Precision,1.0
5397,codenames,Qwen3.6-35B-A3B-FP8-without-reasoning,opponent_difficult,instance_00003,Average Cluegiver Team Recall,0.196
5398,codenames,Qwen3.6-35B-A3B-FP8-without-reasoning,opponent_difficult,instance_00003,Average Cluegiver Team F1,0.327
5399,codenames,Qwen3.6-35B-A3B-FP8-without-reasoning,opponent_difficult,instance_00003,Average Guesser Number of Guesses,1
5400,codenames,Qwen3.6-35B-A3B-FP8-without-reasoning,opponent_difficult,instance_00003,Average Guesser Number of Revealed Words,1
5401,codenames,Qwen3.6-35B-A3B-FP8-without-reasoning,opponent_difficult,instance_00003,Average Guesser Number of Unrevealed Guesses,0
5402,codenames,Qwen3.6-35B-A3B-FP8-without-reasoning,opponent_difficult,instance_00003,Average Guesser Target Precision,0.8
5403,codenames,Qwen3.6-35B-A3B-FP8-without-reasoning,opponent_difficult,instance_00003,Average Guesser Target Recall,0.8
5404,codenames,Qwen3.6-35B-A3B-FP8-without-reasoning,opponent_difficult,instance_00003,Average Guesser Target F1,0.8
5405,codenames,Qwen3.6-35B-A3B-FP8-without-reasoning,opponent_difficult,instance_00003,Average Guesser Team Precision,0.8
5406,codenames,Qwen3.6-35B-A3B-FP8-without-reasoning,opponent_difficult,instance_00003,Average Guesser Team Recall,0.146
5407,codenames,Qwen3.6-35B-A3B-FP8-without-reasoning,opponent_difficult,instance_00003,Average Guesser Team F1,0.247
5408,codenames,Qwen3.6-35B-A3B-FP8-without-reasoning,opponent_difficult,instance_00003,Aborted,0
5409,codenames,Qwen3.6-35B-A3B-FP8-without-reasoning,opponent_difficult,instance_00003,Lose,1
5410,codenames,Qwen3.6-35B-A3B-FP8-without-reasoning,opponent_difficult,instance_00003,Success,0
5411,codenames,Qwen3.6-35B-A3B-FP8-without-reasoning,opponent_difficult,instance_00003,Game ended through assassin,0
5412,codenames,Qwen3.6-35B-A3B-FP8-without-reasoning,opponent_difficult,instance_00003,Episode Recall,0.556
5413,codenames,Qwen3.6-35B-A3B-FP8-without-reasoning,opponent_difficult,instance_00003,Episode Negative Recall,1.0
5414,codenames,Qwen3.6-35B-A3B-FP8-without-reasoning,opponent_difficult,instance_00003,Number of turns,5
5415,codenames,Qwen3.6-35B-A3B-FP8-without-reasoning,opponent_difficult,instance_00003,Efficiency,0.5
5416,codenames,Qwen3.6-35B-A3B-FP8-without-reasoning,opponent_difficult,instance_00003,Request Count,9
5417,codenames,Qwen3.6-35B-A3B-FP8-without-reasoning,opponent_difficult,instance_00003,Parsed Request Count,9
5418,codenames,Qwen3.6-35B-A3B-FP8-without-reasoning,opponent_difficult,instance_00003,Violated Request Count,0
5419,codenames,Qwen3.6-35B-A3B-FP8-without-reasoning,opponent_difficult,instance_00003,Request Success Ratio,1.0
5420,codenames,Qwen3.6-35B-A3B-FP8-without-reasoning,opponent_difficult,instance_00003,Main Score,0
5421,codenames,Qwen3.6-35B-A3B-FP8-without-reasoning,opponent_difficult,instance_00004,experiment variable,Opponent Difficulty
5422,codenames,Qwen3.6-35B-A3B-FP8-without-reasoning,opponent_difficult,instance_00004,experiment name,opponent_difficult
5423,codenames,Qwen3.6-35B-A3B-FP8-without-reasoning,opponent_difficult,instance_00004,Cluegiver strip words,0
5424,codenames,Qwen3.6-35B-A3B-FP8-without-reasoning,opponent_difficult,instance_00004,Guesser strip words,0
5425,codenames,Qwen3.6-35B-A3B-FP8-without-reasoning,opponent_difficult,instance_00004,Average Cluegiver Number of Targets,1.4
5426,codenames,Qwen3.6-35B-A3B-FP8-without-reasoning,opponent_difficult,instance_00004,Average Cluegiver Team Precision,1.0
5427,codenames,Qwen3.6-35B-A3B-FP8-without-reasoning,opponent_difficult,instance_00004,Average Cluegiver Team Recall,0.204
5428,codenames,Qwen3.6-35B-A3B-FP8-without-reasoning,opponent_difficult,instance_00004,Average Cluegiver Team F1,0.335
5429,codenames,Qwen3.6-35B-A3B-FP8-without-reasoning,opponent_difficult,instance_00004,Average Guesser Number of Guesses,1.2
5430,codenames,Qwen3.6-35B-A3B-FP8-without-reasoning,opponent_difficult,instance_00004,Average Guesser Number of Revealed Words,1
5431,codenames,Qwen3.6-35B-A3B-FP8-without-reasoning,opponent_difficult,instance_00004,Average Guesser Number of Unrevealed Guesses,0.2
5432,codenames,Qwen3.6-35B-A3B-FP8-without-reasoning,opponent_difficult,instance_00004,Average Guesser Target Precision,0.6
5433,codenames,Qwen3.6-35B-A3B-FP8-without-reasoning,opponent_difficult,instance_00004,Average Guesser Target Recall,0.6
5434,codenames,Qwen3.6-35B-A3B-FP8-without-reasoning,opponent_difficult,instance_00004,Average Guesser Target F1,0.6
5435,codenames,Qwen3.6-35B-A3B-FP8-without-reasoning,opponent_difficult,instance_00004,Average Guesser Team Precision,0.6
5436,codenames,Qwen3.6-35B-A3B-FP8-without-reasoning,opponent_difficult,instance_00004,Average Guesser Team Recall,0.106
5437,codenames,Qwen3.6-35B-A3B-FP8-without-reasoning,opponent_difficult,instance_00004,Average Guesser Team F1,0.18
5438,codenames,Qwen3.6-35B-A3B-FP8-without-reasoning,opponent_difficult,instance_00004,Aborted,0
5439,codenames,Qwen3.6-35B-A3B-FP8-without-reasoning,opponent_difficult,instance_00004,Lose,1
5440,codenames,Qwen3.6-35B-A3B-FP8-without-reasoning,opponent_difficult,instance_00004,Success,0
5441,codenames,Qwen3.6-35B-A3B-FP8-without-reasoning,opponent_difficult,instance_00004,Game ended through assassin,0
5442,codenames,Qwen3.6-35B-A3B-FP8-without-reasoning,opponent_difficult,instance_00004,Episode Recall,0.444
5443,codenames,Qwen3.6-35B-A3B-FP8-without-reasoning,opponent_difficult,instance_00004,Episode Negative Recall,0.938
5444,codenames,Qwen3.6-35B-A3B-FP8-without-reasoning,opponent_difficult,instance_00004,Number of turns,5
5445,codenames,Qwen3.6-35B-A3B-FP8-without-reasoning,opponent_difficult,instance_00004,Efficiency,0.6
5446,codenames,Qwen3.6-35B-A3B-FP8-without-reasoning,opponent_difficult,instance_00004,Request Count,9
5447,codenames,Qwen3.6-35B-A3B-FP8-without-reasoning,opponent_difficult,instance_00004,Parsed Request Count,9
5448,codenames,Qwen3.6-35B-A3B-FP8-without-reasoning,opponent_difficult,instance_00004,Violated Request Count,0
5449,codenames,Qwen3.6-35B-A3B-FP8-without-reasoning,opponent_difficult,instance_00004,Request Success Ratio,1.0
5450,codenames,Qwen3.6-35B-A3B-FP8-without-reasoning,opponent_difficult,instance_00004,Main Score,0
5451,codenames,Qwen3.6-35B-A3B-FP8-without-reasoning,opponent_difficult,instance_00001,experiment variable,Opponent Difficulty
5452,codenames,Qwen3.6-35B-A3B-FP8-without-reasoning,opponent_difficult,instance_00001,experiment name,opponent_difficult
5453,codenames,Qwen3.6-35B-A3B-FP8-without-reasoning,opponent_difficult,instance_00001,Cluegiver strip words,0
5454,codenames,Qwen3.6-35B-A3B-FP8-without-reasoning,opponent_difficult,instance_00001,Guesser strip words,0
5455,codenames,Qwen3.6-35B-A3B-FP8-without-reasoning,opponent_difficult,instance_00001,Average Cluegiver Number of Targets,1.8
5456,codenames,Qwen3.6-35B-A3B-FP8-without-reasoning,opponent_difficult,instance_00001,Average Cluegiver Team Precision,1.0
5457,codenames,Qwen3.6-35B-A3B-FP8-without-reasoning,opponent_difficult,instance_00001,Average Cluegiver Team Recall,0.215
5458,codenames,Qwen3.6-35B-A3B-FP8-without-reasoning,opponent_difficult,instance_00001,Average Cluegiver Team F1,0.346
5459,codenames,Qwen3.6-35B-A3B-FP8-without-reasoning,opponent_difficult,instance_00001,Average Guesser Number of Guesses,1.2
5460,codenames,Qwen3.6-35B-A3B-FP8-without-reasoning,opponent_difficult,instance_00001,Average Guesser Number of Revealed Words,0.8
5461,codenames,Qwen3.6-35B-A3B-FP8-without-reasoning,opponent_difficult,instance_00001,Average Guesser Number of Unrevealed Guesses,0.4
5462,codenames,Qwen3.6-35B-A3B-FP8-without-reasoning,opponent_difficult,instance_00001,Average Guesser Target Precision,0.4
5463,codenames,Qwen3.6-35B-A3B-FP8-without-reasoning,opponent_difficult,instance_00001,Average Guesser Target Recall,0.3
5464,codenames,Qwen3.6-35B-A3B-FP8-without-reasoning,opponent_difficult,instance_00001,Average Guesser Target F1,0.333
5465,codenames,Qwen3.6-35B-A3B-FP8-without-reasoning,opponent_difficult,instance_00001,Average Guesser Team Precision,0.4
5466,codenames,Qwen3.6-35B-A3B-FP8-without-reasoning,opponent_difficult,instance_00001,Average Guesser Team Recall,0.047
5467,codenames,Qwen3.6-35B-A3B-FP8-without-reasoning,opponent_difficult,instance_00001,Average Guesser Team F1,0.084
5468,codenames,Qwen3.6-35B-A3B-FP8-without-reasoning,opponent_difficult,instance_00001,Aborted,0
5469,codenames,Qwen3.6-35B-A3B-FP8-without-reasoning,opponent_difficult,instance_00001,Lose,1
5470,codenames,Qwen3.6-35B-A3B-FP8-without-reasoning,opponent_difficult,instance_00001,Success,0
5471,codenames,Qwen3.6-35B-A3B-FP8-without-reasoning,opponent_difficult,instance_00001,Game ended through assassin,0
5472,codenames,Qwen3.6-35B-A3B-FP8-without-reasoning,opponent_difficult,instance_00001,Episode Recall,0.222
5473,codenames,Qwen3.6-35B-A3B-FP8-without-reasoning,opponent_difficult,instance_00001,Episode Negative Recall,0.875
5474,codenames,Qwen3.6-35B-A3B-FP8-without-reasoning,opponent_difficult,instance_00001,Number of turns,5
5475,codenames,Qwen3.6-35B-A3B-FP8-without-reasoning,opponent_difficult,instance_00001,Efficiency,0.6
5476,codenames,Qwen3.6-35B-A3B-FP8-without-reasoning,opponent_difficult,instance_00001,Request Count,9
5477,codenames,Qwen3.6-35B-A3B-FP8-without-reasoning,opponent_difficult,instance_00001,Parsed Request Count,9
5478,codenames,Qwen3.6-35B-A3B-FP8-without-reasoning,opponent_difficult,instance_00001,Violated Request Count,0
5479,codenames,Qwen3.6-35B-A3B-FP8-without-reasoning,opponent_difficult,instance_00001,Request Success Ratio,1.0
5480,codenames,Qwen3.6-35B-A3B-FP8-without-reasoning,opponent_difficult,instance_00001,Main Score,0
5481,codenames,Qwen3.6-35B-A3B-FP8-without-reasoning,opponent_difficult,instance_00000,experiment variable,Opponent Difficulty
5482,codenames,Qwen3.6-35B-A3B-FP8-without-reasoning,opponent_difficult,instance_00000,experiment name,opponent_difficult
5483,codenames,Qwen3.6-35B-A3B-FP8-without-reasoning,opponent_difficult,instance_00000,Cluegiver strip words,0
5484,codenames,Qwen3.6-35B-A3B-FP8-without-reasoning,opponent_difficult,instance_00000,Guesser strip words,0
5485,codenames,Qwen3.6-35B-A3B-FP8-without-reasoning,opponent_difficult,instance_00000,Average Cluegiver Number of Targets,3
5486,codenames,Qwen3.6-35B-A3B-FP8-without-reasoning,opponent_difficult,instance_00000,Average Cluegiver Team Precision,1.0
5487,codenames,Qwen3.6-35B-A3B-FP8-without-reasoning,opponent_difficult,instance_00000,Average Cluegiver Team Recall,0.333
5488,codenames,Qwen3.6-35B-A3B-FP8-without-reasoning,opponent_difficult,instance_00000,Average Cluegiver Team F1,0.5
5489,codenames,Qwen3.6-35B-A3B-FP8-without-reasoning,opponent_difficult,instance_00000,Average Guesser Number of Guesses,3
5490,codenames,Qwen3.6-35B-A3B-FP8-without-reasoning,opponent_difficult,instance_00000,Average Guesser Number of Revealed Words,1
5491,codenames,Qwen3.6-35B-A3B-FP8-without-reasoning,opponent_difficult,instance_00000,Average Guesser Number of Unrevealed Guesses,2
5492,codenames,Qwen3.6-35B-A3B-FP8-without-reasoning,opponent_difficult,instance_00000,Average Guesser Target Precision,0.0
5493,codenames,Qwen3.6-35B-A3B-FP8-without-reasoning,opponent_difficult,instance_00000,Average Guesser Target Recall,0.0
5494,codenames,Qwen3.6-35B-A3B-FP8-without-reasoning,opponent_difficult,instance_00000,Average Guesser Target F1,0
5495,codenames,Qwen3.6-35B-A3B-FP8-without-reasoning,opponent_difficult,instance_00000,Average Guesser Team Precision,0.0
5496,codenames,Qwen3.6-35B-A3B-FP8-without-reasoning,opponent_difficult,instance_00000,Average Guesser Team Recall,0.0
5497,codenames,Qwen3.6-35B-A3B-FP8-without-reasoning,opponent_difficult,instance_00000,Average Guesser Team F1,0
5498,codenames,Qwen3.6-35B-A3B-FP8-without-reasoning,opponent_difficult,instance_00000,Aborted,0
5499,codenames,Qwen3.6-35B-A3B-FP8-without-reasoning,opponent_difficult,instance_00000,Lose,1
5500,codenames,Qwen3.6-35B-A3B-FP8-without-reasoning,opponent_difficult,instance_00000,Success,0
5501,codenames,Qwen3.6-35B-A3B-FP8-without-reasoning,opponent_difficult,instance_00000,Game ended through assassin,1
5502,codenames,Qwen3.6-35B-A3B-FP8-without-reasoning,opponent_difficult,instance_00000,Episode Recall,0.0
5503,codenames,Qwen3.6-35B-A3B-FP8-without-reasoning,opponent_difficult,instance_00000,Episode Negative Recall,0.938
5504,codenames,Qwen3.6-35B-A3B-FP8-without-reasoning,opponent_difficult,instance_00000,Number of turns,2
5505,codenames,Qwen3.6-35B-A3B-FP8-without-reasoning,opponent_difficult,instance_00000,Efficiency,0.75
5506,codenames,Qwen3.6-35B-A3B-FP8-without-reasoning,opponent_difficult,instance_00000,Request Count,2
5507,codenames,Qwen3.6-35B-A3B-FP8-without-reasoning,opponent_difficult,instance_00000,Parsed Request Count,2
5508,codenames,Qwen3.6-35B-A3B-FP8-without-reasoning,opponent_difficult,instance_00000,Violated Request Count,0
5509,codenames,Qwen3.6-35B-A3B-FP8-without-reasoning,opponent_difficult,instance_00000,Request Success Ratio,1.0
5510,codenames,Qwen3.6-35B-A3B-FP8-without-reasoning,opponent_difficult,instance_00000,Main Score,0
5511,codenames,Qwen3.6-35B-A3B-FP8-without-reasoning,risk_low,instance_00002,experiment variable,Risk
5512,codenames,Qwen3.6-35B-A3B-FP8-without-reasoning,risk_low,instance_00002,experiment name,risk_low
5513,codenames,Qwen3.6-35B-A3B-FP8-without-reasoning,risk_low,instance_00002,Cluegiver strip words,0
5514,codenames,Qwen3.6-35B-A3B-FP8-without-reasoning,risk_low,instance_00002,Guesser strip words,1
5515,codenames,Qwen3.6-35B-A3B-FP8-without-reasoning,risk_low,instance_00002,Average Cluegiver Number of Targets,3.286
5516,codenames,Qwen3.6-35B-A3B-FP8-without-reasoning,risk_low,instance_00002,Average Cluegiver Team Precision,1.0
5517,codenames,Qwen3.6-35B-A3B-FP8-without-reasoning,risk_low,instance_00002,Average Cluegiver Team Recall,0.473
5518,codenames,Qwen3.6-35B-A3B-FP8-without-reasoning,risk_low,instance_00002,Average Cluegiver Team F1,0.618
5519,codenames,Qwen3.6-35B-A3B-FP8-without-reasoning,risk_low,instance_00002,Average Guesser Number of Guesses,3
5520,codenames,Qwen3.6-35B-A3B-FP8-without-reasoning,risk_low,instance_00002,Average Guesser Number of Revealed Words,1.286
5521,codenames,Qwen3.6-35B-A3B-FP8-without-reasoning,risk_low,instance_00002,Average Guesser Number of Unrevealed Guesses,1.714
5522,codenames,Qwen3.6-35B-A3B-FP8-without-reasoning,risk_low,instance_00002,Average Guesser Target Precision,0.214
5523,codenames,Qwen3.6-35B-A3B-FP8-without-reasoning,risk_low,instance_00002,Average Guesser Target Recall,0.19
5524,codenames,Qwen3.6-35B-A3B-FP8-without-reasoning,risk_low,instance_00002,Average Guesser Target F1,0.2
5525,codenames,Qwen3.6-35B-A3B-FP8-without-reasoning,risk_low,instance_00002,Average Guesser Team Precision,0.214
5526,codenames,Qwen3.6-35B-A3B-FP8-without-reasoning,risk_low,instance_00002,Average Guesser Team Recall,0.069
5527,codenames,Qwen3.6-35B-A3B-FP8-without-reasoning,risk_low,instance_00002,Average Guesser Team F1,0.104
5528,codenames,Qwen3.6-35B-A3B-FP8-without-reasoning,risk_low,instance_00002,Aborted,0
5529,codenames,Qwen3.6-35B-A3B-FP8-without-reasoning,risk_low,instance_00002,Lose,1
5530,codenames,Qwen3.6-35B-A3B-FP8-without-reasoning,risk_low,instance_00002,Success,0
5531,codenames,Qwen3.6-35B-A3B-FP8-without-reasoning,risk_low,instance_00002,Game ended through assassin,0
5532,codenames,Qwen3.6-35B-A3B-FP8-without-reasoning,risk_low,instance_00002,Episode Recall,0.444
5533,codenames,Qwen3.6-35B-A3B-FP8-without-reasoning,risk_low,instance_00002,Episode Negative Recall,0.688
5534,codenames,Qwen3.6-35B-A3B-FP8-without-reasoning,risk_low,instance_00002,Number of turns,7
5535,codenames,Qwen3.6-35B-A3B-FP8-without-reasoning,risk_low,instance_00002,Efficiency,1
5536,codenames,Qwen3.6-35B-A3B-FP8-without-reasoning,risk_low,instance_00002,Request Count,13
5537,codenames,Qwen3.6-35B-A3B-FP8-without-reasoning,risk_low,instance_00002,Parsed Request Count,13
5538,codenames,Qwen3.6-35B-A3B-FP8-without-reasoning,risk_low,instance_00002,Violated Request Count,0
5539,codenames,Qwen3.6-35B-A3B-FP8-without-reasoning,risk_low,instance_00002,Request Success Ratio,1.0
5540,codenames,Qwen3.6-35B-A3B-FP8-without-reasoning,risk_low,instance_00002,Main Score,0
5541,codenames,Qwen3.6-35B-A3B-FP8-without-reasoning,risk_low,instance_00003,experiment variable,Risk
5542,codenames,Qwen3.6-35B-A3B-FP8-without-reasoning,risk_low,instance_00003,experiment name,risk_low
5543,codenames,Qwen3.6-35B-A3B-FP8-without-reasoning,risk_low,instance_00003,Cluegiver strip words,0
5544,codenames,Qwen3.6-35B-A3B-FP8-without-reasoning,risk_low,instance_00003,Guesser strip words,1
5545,codenames,Qwen3.6-35B-A3B-FP8-without-reasoning,risk_low,instance_00003,Average Cluegiver Number of Targets,3.8
5546,codenames,Qwen3.6-35B-A3B-FP8-without-reasoning,risk_low,instance_00003,Average Cluegiver Team Precision,1.0
5547,codenames,Qwen3.6-35B-A3B-FP8-without-reasoning,risk_low,instance_00003,Average Cluegiver Team Recall,0.457
5548,codenames,Qwen3.6-35B-A3B-FP8-without-reasoning,risk_low,instance_00003,Average Cluegiver Team F1,0.579
5549,codenames,Qwen3.6-35B-A3B-FP8-without-reasoning,risk_low,instance_00003,Average Guesser Number of Guesses,3.4
5550,codenames,Qwen3.6-35B-A3B-FP8-without-reasoning,risk_low,instance_00003,Average Guesser Number of Revealed Words,1.4
5551,codenames,Qwen3.6-35B-A3B-FP8-without-reasoning,risk_low,instance_00003,Average Guesser Number of Unrevealed Guesses,2
5552,codenames,Qwen3.6-35B-A3B-FP8-without-reasoning,risk_low,instance_00003,Average Guesser Target Precision,0.3
5553,codenames,Qwen3.6-35B-A3B-FP8-without-reasoning,risk_low,instance_00003,Average Guesser Target Recall,0.217
5554,codenames,Qwen3.6-35B-A3B-FP8-without-reasoning,risk_low,instance_00003,Average Guesser Target F1,0.247
5555,codenames,Qwen3.6-35B-A3B-FP8-without-reasoning,risk_low,instance_00003,Average Guesser Team Precision,0.3
5556,codenames,Qwen3.6-35B-A3B-FP8-without-reasoning,risk_low,instance_00003,Average Guesser Team Recall,0.076
5557,codenames,Qwen3.6-35B-A3B-FP8-without-reasoning,risk_low,instance_00003,Average Guesser Team F1,0.121
5558,codenames,Qwen3.6-35B-A3B-FP8-without-reasoning,risk_low,instance_00003,Aborted,0
5559,codenames,Qwen3.6-35B-A3B-FP8-without-reasoning,risk_low,instance_00003,Lose,1
5560,codenames,Qwen3.6-35B-A3B-FP8-without-reasoning,risk_low,instance_00003,Success,0
5561,codenames,Qwen3.6-35B-A3B-FP8-without-reasoning,risk_low,instance_00003,Game ended through assassin,0
5562,codenames,Qwen3.6-35B-A3B-FP8-without-reasoning,risk_low,instance_00003,Episode Recall,0.333
5563,codenames,Qwen3.6-35B-A3B-FP8-without-reasoning,risk_low,instance_00003,Episode Negative Recall,0.75
5564,codenames,Qwen3.6-35B-A3B-FP8-without-reasoning,risk_low,instance_00003,Number of turns,5
5565,codenames,Qwen3.6-35B-A3B-FP8-without-reasoning,risk_low,instance_00003,Efficiency,1
5566,codenames,Qwen3.6-35B-A3B-FP8-without-reasoning,risk_low,instance_00003,Request Count,9
5567,codenames,Qwen3.6-35B-A3B-FP8-without-reasoning,risk_low,instance_00003,Parsed Request Count,9
5568,codenames,Qwen3.6-35B-A3B-FP8-without-reasoning,risk_low,instance_00003,Violated Request Count,0
5569,codenames,Qwen3.6-35B-A3B-FP8-without-reasoning,risk_low,instance_00003,Request Success Ratio,1.0
5570,codenames,Qwen3.6-35B-A3B-FP8-without-reasoning,risk_low,instance_00003,Main Score,0
5571,codenames,Qwen3.6-35B-A3B-FP8-without-reasoning,risk_low,instance_00004,experiment variable,Risk
5572,codenames,Qwen3.6-35B-A3B-FP8-without-reasoning,risk_low,instance_00004,experiment name,risk_low
5573,codenames,Qwen3.6-35B-A3B-FP8-without-reasoning,risk_low,instance_00004,Cluegiver strip words,0
5574,codenames,Qwen3.6-35B-A3B-FP8-without-reasoning,risk_low,instance_00004,Guesser strip words,0
5575,codenames,Qwen3.6-35B-A3B-FP8-without-reasoning,risk_low,instance_00004,Average Cluegiver Number of Targets,1.571
5576,codenames,Qwen3.6-35B-A3B-FP8-without-reasoning,risk_low,instance_00004,Average Cluegiver Team Precision,1.0
5577,codenames,Qwen3.6-35B-A3B-FP8-without-reasoning,risk_low,instance_00004,Average Cluegiver Team Recall,0.55
5578,codenames,Qwen3.6-35B-A3B-FP8-without-reasoning,risk_low,instance_00004,Average Cluegiver Team F1,0.669
5579,codenames,Qwen3.6-35B-A3B-FP8-without-reasoning,risk_low,instance_00004,Average Guesser Number of Guesses,1.429
5580,codenames,Qwen3.6-35B-A3B-FP8-without-reasoning,risk_low,instance_00004,Average Guesser Number of Revealed Words,1.429
5581,codenames,Qwen3.6-35B-A3B-FP8-without-reasoning,risk_low,instance_00004,Average Guesser Number of Unrevealed Guesses,0
5582,codenames,Qwen3.6-35B-A3B-FP8-without-reasoning,risk_low,instance_00004,Average Guesser Target Precision,0.667
5583,codenames,Qwen3.6-35B-A3B-FP8-without-reasoning,risk_low,instance_00004,Average Guesser Target Recall,0.667
5584,codenames,Qwen3.6-35B-A3B-FP8-without-reasoning,risk_low,instance_00004,Average Guesser Target F1,0.667
5585,codenames,Qwen3.6-35B-A3B-FP8-without-reasoning,risk_low,instance_00004,Average Guesser Team Precision,0.667
5586,codenames,Qwen3.6-35B-A3B-FP8-without-reasoning,risk_low,instance_00004,Average Guesser Team Recall,0.249
5587,codenames,Qwen3.6-35B-A3B-FP8-without-reasoning,risk_low,instance_00004,Average Guesser Team F1,0.359
5588,codenames,Qwen3.6-35B-A3B-FP8-without-reasoning,risk_low,instance_00004,Aborted,0
5589,codenames,Qwen3.6-35B-A3B-FP8-without-reasoning,risk_low,instance_00004,Lose,1
5590,codenames,Qwen3.6-35B-A3B-FP8-without-reasoning,risk_low,instance_00004,Success,0
5591,codenames,Qwen3.6-35B-A3B-FP8-without-reasoning,risk_low,instance_00004,Game ended through assassin,0
5592,codenames,Qwen3.6-35B-A3B-FP8-without-reasoning,risk_low,instance_00004,Episode Recall,0.889
5593,codenames,Qwen3.6-35B-A3B-FP8-without-reasoning,risk_low,instance_00004,Episode Negative Recall,0.875
5594,codenames,Qwen3.6-35B-A3B-FP8-without-reasoning,risk_low,instance_00004,Number of turns,7
5595,codenames,Qwen3.6-35B-A3B-FP8-without-reasoning,risk_low,instance_00004,Efficiency,0.714
5596,codenames,Qwen3.6-35B-A3B-FP8-without-reasoning,risk_low,instance_00004,Request Count,13
5597,codenames,Qwen3.6-35B-A3B-FP8-without-reasoning,risk_low,instance_00004,Parsed Request Count,13
5598,codenames,Qwen3.6-35B-A3B-FP8-without-reasoning,risk_low,instance_00004,Violated Request Count,0
5599,codenames,Qwen3.6-35B-A3B-FP8-without-reasoning,risk_low,instance_00004,Request Success Ratio,1.0
5600,codenames,Qwen3.6-35B-A3B-FP8-without-reasoning,risk_low,instance_00004,Main Score,0
5601,codenames,Qwen3.6-35B-A3B-FP8-without-reasoning,risk_low,instance_00001,experiment variable,Risk
5602,codenames,Qwen3.6-35B-A3B-FP8-without-reasoning,risk_low,instance_00001,experiment name,risk_low
5603,codenames,Qwen3.6-35B-A3B-FP8-without-reasoning,risk_low,instance_00001,Cluegiver strip words,0
5604,codenames,Qwen3.6-35B-A3B-FP8-without-reasoning,risk_low,instance_00001,Guesser strip words,0
5605,codenames,Qwen3.6-35B-A3B-FP8-without-reasoning,risk_low,instance_00001,Average Cluegiver Number of Targets,1.333
5606,codenames,Qwen3.6-35B-A3B-FP8-without-reasoning,risk_low,instance_00001,Average Cluegiver Team Precision,1.0
5607,codenames,Qwen3.6-35B-A3B-FP8-without-reasoning,risk_low,instance_00001,Average Cluegiver Team Recall,0.256
5608,codenames,Qwen3.6-35B-A3B-FP8-without-reasoning,risk_low,instance_00001,Average Cluegiver Team F1,0.395
5609,codenames,Qwen3.6-35B-A3B-FP8-without-reasoning,risk_low,instance_00001,Average Guesser Number of Guesses,1.222
5610,codenames,Qwen3.6-35B-A3B-FP8-without-reasoning,risk_low,instance_00001,Average Guesser Number of Revealed Words,1
5611,codenames,Qwen3.6-35B-A3B-FP8-without-reasoning,risk_low,instance_00001,Average Guesser Number of Unrevealed Guesses,0.222
5612,codenames,Qwen3.6-35B-A3B-FP8-without-reasoning,risk_low,instance_00001,Average Guesser Target Precision,0.722
5613,codenames,Qwen3.6-35B-A3B-FP8-without-reasoning,risk_low,instance_00001,Average Guesser Target Recall,0.704
5614,codenames,Qwen3.6-35B-A3B-FP8-without-reasoning,risk_low,instance_00001,Average Guesser Target F1,0.711
5615,codenames,Qwen3.6-35B-A3B-FP8-without-reasoning,risk_low,instance_00001,Average Guesser Team Precision,0.722
5616,codenames,Qwen3.6-35B-A3B-FP8-without-reasoning,risk_low,instance_00001,Average Guesser Team Recall,0.148
5617,codenames,Qwen3.6-35B-A3B-FP8-without-reasoning,risk_low,instance_00001,Average Guesser Team F1,0.241
5618,codenames,Qwen3.6-35B-A3B-FP8-without-reasoning,risk_low,instance_00001,Aborted,0
5619,codenames,Qwen3.6-35B-A3B-FP8-without-reasoning,risk_low,instance_00001,Lose,1
5620,codenames,Qwen3.6-35B-A3B-FP8-without-reasoning,risk_low,instance_00001,Success,0
5621,codenames,Qwen3.6-35B-A3B-FP8-without-reasoning,risk_low,instance_00001,Game ended through assassin,0
5622,codenames,Qwen3.6-35B-A3B-FP8-without-reasoning,risk_low,instance_00001,Episode Recall,0.778
5623,codenames,Qwen3.6-35B-A3B-FP8-without-reasoning,risk_low,instance_00001,Episode Negative Recall,0.875
5624,codenames,Qwen3.6-35B-A3B-FP8-without-reasoning,risk_low,instance_00001,Number of turns,9
5625,codenames,Qwen3.6-35B-A3B-FP8-without-reasoning,risk_low,instance_00001,Efficiency,0.611
5626,codenames,Qwen3.6-35B-A3B-FP8-without-reasoning,risk_low,instance_00001,Request Count,17
5627,codenames,Qwen3.6-35B-A3B-FP8-without-reasoning,risk_low,instance_00001,Parsed Request Count,17
5628,codenames,Qwen3.6-35B-A3B-FP8-without-reasoning,risk_low,instance_00001,Violated Request Count,0
5629,codenames,Qwen3.6-35B-A3B-FP8-without-reasoning,risk_low,instance_00001,Request Success Ratio,1.0
5630,codenames,Qwen3.6-35B-A3B-FP8-without-reasoning,risk_low,instance_00001,Main Score,0
5631,codenames,Qwen3.6-35B-A3B-FP8-without-reasoning,risk_low,instance_00000,experiment variable,Risk
5632,codenames,Qwen3.6-35B-A3B-FP8-without-reasoning,risk_low,instance_00000,experiment name,risk_low
5633,codenames,Qwen3.6-35B-A3B-FP8-without-reasoning,risk_low,instance_00000,Cluegiver strip words,0
5634,codenames,Qwen3.6-35B-A3B-FP8-without-reasoning,risk_low,instance_00000,Guesser strip words,0
5635,codenames,Qwen3.6-35B-A3B-FP8-without-reasoning,risk_low,instance_00000,Average Cluegiver Number of Targets,3
5636,codenames,Qwen3.6-35B-A3B-FP8-without-reasoning,risk_low,instance_00000,Average Cluegiver Team Precision,1.0
5637,codenames,Qwen3.6-35B-A3B-FP8-without-reasoning,risk_low,instance_00000,Average Cluegiver Team Recall,0.648
5638,codenames,Qwen3.6-35B-A3B-FP8-without-reasoning,risk_low,instance_00000,Average Cluegiver Team F1,0.751
5639,codenames,Qwen3.6-35B-A3B-FP8-without-reasoning,risk_low,instance_00000,Average Guesser Number of Guesses,3
5640,codenames,Qwen3.6-35B-A3B-FP8-without-reasoning,risk_low,instance_00000,Average Guesser Number of Revealed Words,2
5641,codenames,Qwen3.6-35B-A3B-FP8-without-reasoning,risk_low,instance_00000,Average Guesser Number of Unrevealed Guesses,1
5642,codenames,Qwen3.6-35B-A3B-FP8-without-reasoning,risk_low,instance_00000,Average Guesser Target Precision,0.833
5643,codenames,Qwen3.6-35B-A3B-FP8-without-reasoning,risk_low,instance_00000,Average Guesser Target Recall,0.75
5644,codenames,Qwen3.6-35B-A3B-FP8-without-reasoning,risk_low,instance_00000,Average Guesser Target F1,0.773
5645,codenames,Qwen3.6-35B-A3B-FP8-without-reasoning,risk_low,instance_00000,Average Guesser Team Precision,0.933
5646,codenames,Qwen3.6-35B-A3B-FP8-without-reasoning,risk_low,instance_00000,Average Guesser Team Recall,0.515
5647,codenames,Qwen3.6-35B-A3B-FP8-without-reasoning,risk_low,instance_00000,Average Guesser Team F1,0.63
5648,codenames,Qwen3.6-35B-A3B-FP8-without-reasoning,risk_low,instance_00000,Aborted,0
5649,codenames,Qwen3.6-35B-A3B-FP8-without-reasoning,risk_low,instance_00000,Lose,0
5650,codenames,Qwen3.6-35B-A3B-FP8-without-reasoning,risk_low,instance_00000,Success,1
5651,codenames,Qwen3.6-35B-A3B-FP8-without-reasoning,risk_low,instance_00000,Game ended through assassin,0
5652,codenames,Qwen3.6-35B-A3B-FP8-without-reasoning,risk_low,instance_00000,Episode Recall,1.0
5653,codenames,Qwen3.6-35B-A3B-FP8-without-reasoning,risk_low,instance_00000,Episode Negative Recall,0.938
5654,codenames,Qwen3.6-35B-A3B-FP8-without-reasoning,risk_low,instance_00000,Number of turns,6
5655,codenames,Qwen3.6-35B-A3B-FP8-without-reasoning,risk_low,instance_00000,Efficiency,1
5656,codenames,Qwen3.6-35B-A3B-FP8-without-reasoning,risk_low,instance_00000,Request Count,10
5657,codenames,Qwen3.6-35B-A3B-FP8-without-reasoning,risk_low,instance_00000,Parsed Request Count,10
5658,codenames,Qwen3.6-35B-A3B-FP8-without-reasoning,risk_low,instance_00000,Violated Request Count,0
5659,codenames,Qwen3.6-35B-A3B-FP8-without-reasoning,risk_low,instance_00000,Request Success Ratio,1.0
5660,codenames,Qwen3.6-35B-A3B-FP8-without-reasoning,risk_low,instance_00000,Main Score,100
5661,codenames,Qwen3.6-35B-A3B-FP8-without-reasoning,opponent_none,instance_00002,experiment variable,Opponent Difficulty
5662,codenames,Qwen3.6-35B-A3B-FP8-without-reasoning,opponent_none,instance_00002,experiment name,opponent_none
5663,codenames,Qwen3.6-35B-A3B-FP8-without-reasoning,opponent_none,instance_00002,Cluegiver strip words,0
5664,codenames,Qwen3.6-35B-A3B-FP8-without-reasoning,opponent_none,instance_00002,Guesser strip words,0
5665,codenames,Qwen3.6-35B-A3B-FP8-without-reasoning,opponent_none,instance_00002,Average Cluegiver Number of Targets,2.333
5666,codenames,Qwen3.6-35B-A3B-FP8-without-reasoning,opponent_none,instance_00002,Average Cluegiver Team Precision,1.0
5667,codenames,Qwen3.6-35B-A3B-FP8-without-reasoning,opponent_none,instance_00002,Average Cluegiver Team Recall,0.31
5668,codenames,Qwen3.6-35B-A3B-FP8-without-reasoning,opponent_none,instance_00002,Average Cluegiver Team F1,0.47
5669,codenames,Qwen3.6-35B-A3B-FP8-without-reasoning,opponent_none,instance_00002,Average Guesser Number of Guesses,2.333
5670,codenames,Qwen3.6-35B-A3B-FP8-without-reasoning,opponent_none,instance_00002,Average Guesser Number of Revealed Words,2.333
5671,codenames,Qwen3.6-35B-A3B-FP8-without-reasoning,opponent_none,instance_00002,Average Guesser Number of Unrevealed Guesses,0
5672,codenames,Qwen3.6-35B-A3B-FP8-without-reasoning,opponent_none,instance_00002,Average Guesser Target Precision,0.556
5673,codenames,Qwen3.6-35B-A3B-FP8-without-reasoning,opponent_none,instance_00002,Average Guesser Target Recall,0.556
5674,codenames,Qwen3.6-35B-A3B-FP8-without-reasoning,opponent_none,instance_00002,Average Guesser Target F1,0.556
5675,codenames,Qwen3.6-35B-A3B-FP8-without-reasoning,opponent_none,instance_00002,Average Guesser Team Precision,0.556
5676,codenames,Qwen3.6-35B-A3B-FP8-without-reasoning,opponent_none,instance_00002,Average Guesser Team Recall,0.176
5677,codenames,Qwen3.6-35B-A3B-FP8-without-reasoning,opponent_none,instance_00002,Average Guesser Team F1,0.265
5678,codenames,Qwen3.6-35B-A3B-FP8-without-reasoning,opponent_none,instance_00002,Aborted,0
5679,codenames,Qwen3.6-35B-A3B-FP8-without-reasoning,opponent_none,instance_00002,Lose,1
5680,codenames,Qwen3.6-35B-A3B-FP8-without-reasoning,opponent_none,instance_00002,Success,0
5681,codenames,Qwen3.6-35B-A3B-FP8-without-reasoning,opponent_none,instance_00002,Game ended through assassin,1
5682,codenames,Qwen3.6-35B-A3B-FP8-without-reasoning,opponent_none,instance_00002,Episode Recall,0.444
5683,codenames,Qwen3.6-35B-A3B-FP8-without-reasoning,opponent_none,instance_00002,Episode Negative Recall,0.812
5684,codenames,Qwen3.6-35B-A3B-FP8-without-reasoning,opponent_none,instance_00002,Number of turns,4
5685,codenames,Qwen3.6-35B-A3B-FP8-without-reasoning,opponent_none,instance_00002,Efficiency,0.875
5686,codenames,Qwen3.6-35B-A3B-FP8-without-reasoning,opponent_none,instance_00002,Request Count,6
5687,codenames,Qwen3.6-35B-A3B-FP8-without-reasoning,opponent_none,instance_00002,Parsed Request Count,6
5688,codenames,Qwen3.6-35B-A3B-FP8-without-reasoning,opponent_none,instance_00002,Violated Request Count,0
5689,codenames,Qwen3.6-35B-A3B-FP8-without-reasoning,opponent_none,instance_00002,Request Success Ratio,1.0
5690,codenames,Qwen3.6-35B-A3B-FP8-without-reasoning,opponent_none,instance_00002,Main Score,0
5691,codenames,Qwen3.6-35B-A3B-FP8-without-reasoning,opponent_none,instance_00003,experiment variable,Opponent Difficulty
5692,codenames,Qwen3.6-35B-A3B-FP8-without-reasoning,opponent_none,instance_00003,experiment name,opponent_none
5693,codenames,Qwen3.6-35B-A3B-FP8-without-reasoning,opponent_none,instance_00003,Cluegiver strip words,2
5694,codenames,Qwen3.6-35B-A3B-FP8-without-reasoning,opponent_none,instance_00003,Guesser strip words,2
5695,codenames,Qwen3.6-35B-A3B-FP8-without-reasoning,opponent_none,instance_00003,Average Cluegiver Number of Targets,1.75
5696,codenames,Qwen3.6-35B-A3B-FP8-without-reasoning,opponent_none,instance_00003,Average Cluegiver Team Precision,0.938
5697,codenames,Qwen3.6-35B-A3B-FP8-without-reasoning,opponent_none,instance_00003,Average Cluegiver Team Recall,0.401
5698,codenames,Qwen3.6-35B-A3B-FP8-without-reasoning,opponent_none,instance_00003,Average Cluegiver Team F1,0.525
5699,codenames,Qwen3.6-35B-A3B-FP8-without-reasoning,opponent_none,instance_00003,Average Guesser Number of Guesses,1.75
5700,codenames,Qwen3.6-35B-A3B-FP8-without-reasoning,opponent_none,instance_00003,Average Guesser Number of Revealed Words,1.375
5701,codenames,Qwen3.6-35B-A3B-FP8-without-reasoning,opponent_none,instance_00003,Average Guesser Number of Unrevealed Guesses,0.375
5702,codenames,Qwen3.6-35B-A3B-FP8-without-reasoning,opponent_none,instance_00003,Average Guesser Target Precision,0.938
5703,codenames,Qwen3.6-35B-A3B-FP8-without-reasoning,opponent_none,instance_00003,Average Guesser Target Recall,0.844
5704,codenames,Qwen3.6-35B-A3B-FP8-without-reasoning,opponent_none,instance_00003,Average Guesser Target F1,0.875
5705,codenames,Qwen3.6-35B-A3B-FP8-without-reasoning,opponent_none,instance_00003,Average Guesser Team Precision,0.812
5706,codenames,Qwen3.6-35B-A3B-FP8-without-reasoning,opponent_none,instance_00003,Average Guesser Team Recall,0.344
5707,codenames,Qwen3.6-35B-A3B-FP8-without-reasoning,opponent_none,instance_00003,Average Guesser Team F1,0.446
5708,codenames,Qwen3.6-35B-A3B-FP8-without-reasoning,opponent_none,instance_00003,Aborted,0
5709,codenames,Qwen3.6-35B-A3B-FP8-without-reasoning,opponent_none,instance_00003,Lose,0
5710,codenames,Qwen3.6-35B-A3B-FP8-without-reasoning,opponent_none,instance_00003,Success,1
5711,codenames,Qwen3.6-35B-A3B-FP8-without-reasoning,opponent_none,instance_00003,Game ended through assassin,0
5712,codenames,Qwen3.6-35B-A3B-FP8-without-reasoning,opponent_none,instance_00003,Episode Recall,1.0
5713,codenames,Qwen3.6-35B-A3B-FP8-without-reasoning,opponent_none,instance_00003,Episode Negative Recall,0.875
5714,codenames,Qwen3.6-35B-A3B-FP8-without-reasoning,opponent_none,instance_00003,Number of turns,9
5715,codenames,Qwen3.6-35B-A3B-FP8-without-reasoning,opponent_none,instance_00003,Efficiency,0.778
5716,codenames,Qwen3.6-35B-A3B-FP8-without-reasoning,opponent_none,instance_00003,Request Count,16
5717,codenames,Qwen3.6-35B-A3B-FP8-without-reasoning,opponent_none,instance_00003,Parsed Request Count,16
5718,codenames,Qwen3.6-35B-A3B-FP8-without-reasoning,opponent_none,instance_00003,Violated Request Count,0
5719,codenames,Qwen3.6-35B-A3B-FP8-without-reasoning,opponent_none,instance_00003,Request Success Ratio,1.0
5720,codenames,Qwen3.6-35B-A3B-FP8-without-reasoning,opponent_none,instance_00003,Main Score,100
5721,codenames,Qwen3.6-35B-A3B-FP8-without-reasoning,opponent_none,instance_00004,experiment variable,Opponent Difficulty
5722,codenames,Qwen3.6-35B-A3B-FP8-without-reasoning,opponent_none,instance_00004,experiment name,opponent_none
5723,codenames,Qwen3.6-35B-A3B-FP8-without-reasoning,opponent_none,instance_00004,Cluegiver strip words,0
5724,codenames,Qwen3.6-35B-A3B-FP8-without-reasoning,opponent_none,instance_00004,Guesser strip words,0
5725,codenames,Qwen3.6-35B-A3B-FP8-without-reasoning,opponent_none,instance_00004,Average Cluegiver Number of Targets,2.375
5726,codenames,Qwen3.6-35B-A3B-FP8-without-reasoning,opponent_none,instance_00004,Average Cluegiver Team Precision,0.875
5727,codenames,Qwen3.6-35B-A3B-FP8-without-reasoning,opponent_none,instance_00004,Average Cluegiver Team Recall,0.397
5728,codenames,Qwen3.6-35B-A3B-FP8-without-reasoning,opponent_none,instance_00004,Average Cluegiver Team F1,0.538
5729,codenames,Qwen3.6-35B-A3B-FP8-without-reasoning,opponent_none,instance_00004,Average Guesser Number of Guesses,2.375
5730,codenames,Qwen3.6-35B-A3B-FP8-without-reasoning,opponent_none,instance_00004,Average Guesser Number of Revealed Words,1.625
5731,codenames,Qwen3.6-35B-A3B-FP8-without-reasoning,opponent_none,instance_00004,Average Guesser Number of Unrevealed Guesses,0.75
5732,codenames,Qwen3.6-35B-A3B-FP8-without-reasoning,opponent_none,instance_00004,Average Guesser Target Precision,0.375
5733,codenames,Qwen3.6-35B-A3B-FP8-without-reasoning,opponent_none,instance_00004,Average Guesser Target Recall,0.375
5734,codenames,Qwen3.6-35B-A3B-FP8-without-reasoning,opponent_none,instance_00004,Average Guesser Target F1,0.375
5735,codenames,Qwen3.6-35B-A3B-FP8-without-reasoning,opponent_none,instance_00004,Average Guesser Team Precision,0.375
5736,codenames,Qwen3.6-35B-A3B-FP8-without-reasoning,opponent_none,instance_00004,Average Guesser Team Recall,0.154
5737,codenames,Qwen3.6-35B-A3B-FP8-without-reasoning,opponent_none,instance_00004,Average Guesser Team F1,0.215
5738,codenames,Qwen3.6-35B-A3B-FP8-without-reasoning,opponent_none,instance_00004,Aborted,0
5739,codenames,Qwen3.6-35B-A3B-FP8-without-reasoning,opponent_none,instance_00004,Lose,1
5740,codenames,Qwen3.6-35B-A3B-FP8-without-reasoning,opponent_none,instance_00004,Success,0
5741,codenames,Qwen3.6-35B-A3B-FP8-without-reasoning,opponent_none,instance_00004,Game ended through assassin,1
5742,codenames,Qwen3.6-35B-A3B-FP8-without-reasoning,opponent_none,instance_00004,Episode Recall,0.778
5743,codenames,Qwen3.6-35B-A3B-FP8-without-reasoning,opponent_none,instance_00004,Episode Negative Recall,0.625
5744,codenames,Qwen3.6-35B-A3B-FP8-without-reasoning,opponent_none,instance_00004,Number of turns,9
5745,codenames,Qwen3.6-35B-A3B-FP8-without-reasoning,opponent_none,instance_00004,Efficiency,1
5746,codenames,Qwen3.6-35B-A3B-FP8-without-reasoning,opponent_none,instance_00004,Request Count,16
5747,codenames,Qwen3.6-35B-A3B-FP8-without-reasoning,opponent_none,instance_00004,Parsed Request Count,16
5748,codenames,Qwen3.6-35B-A3B-FP8-without-reasoning,opponent_none,instance_00004,Violated Request Count,0
5749,codenames,Qwen3.6-35B-A3B-FP8-without-reasoning,opponent_none,instance_00004,Request Success Ratio,1.0
5750,codenames,Qwen3.6-35B-A3B-FP8-without-reasoning,opponent_none,instance_00004,Main Score,0
5751,codenames,Qwen3.6-35B-A3B-FP8-without-reasoning,opponent_none,instance_00001,experiment variable,Opponent Difficulty
5752,codenames,Qwen3.6-35B-A3B-FP8-without-reasoning,opponent_none,instance_00001,experiment name,opponent_none
5753,codenames,Qwen3.6-35B-A3B-FP8-without-reasoning,opponent_none,instance_00001,Cluegiver strip words,0
5754,codenames,Qwen3.6-35B-A3B-FP8-without-reasoning,opponent_none,instance_00001,Guesser strip words,0
5755,codenames,Qwen3.6-35B-A3B-FP8-without-reasoning,opponent_none,instance_00001,Average Cluegiver Number of Targets,3
5756,codenames,Qwen3.6-35B-A3B-FP8-without-reasoning,opponent_none,instance_00001,Average Cluegiver Team Precision,1.0
5757,codenames,Qwen3.6-35B-A3B-FP8-without-reasoning,opponent_none,instance_00001,Average Cluegiver Team Recall,0.353
5758,codenames,Qwen3.6-35B-A3B-FP8-without-reasoning,opponent_none,instance_00001,Average Cluegiver Team F1,0.452
5759,codenames,Qwen3.6-35B-A3B-FP8-without-reasoning,opponent_none,instance_00001,Average Guesser Number of Guesses,3
5760,codenames,Qwen3.6-35B-A3B-FP8-without-reasoning,opponent_none,instance_00001,Average Guesser Number of Revealed Words,1.25
5761,codenames,Qwen3.6-35B-A3B-FP8-without-reasoning,opponent_none,instance_00001,Average Guesser Number of Unrevealed Guesses,1.75
5762,codenames,Qwen3.6-35B-A3B-FP8-without-reasoning,opponent_none,instance_00001,Average Guesser Target Precision,0.625
5763,codenames,Qwen3.6-35B-A3B-FP8-without-reasoning,opponent_none,instance_00001,Average Guesser Target Recall,0.625
5764,codenames,Qwen3.6-35B-A3B-FP8-without-reasoning,opponent_none,instance_00001,Average Guesser Target F1,0.625
5765,codenames,Qwen3.6-35B-A3B-FP8-without-reasoning,opponent_none,instance_00001,Average Guesser Team Precision,0.625
5766,codenames,Qwen3.6-35B-A3B-FP8-without-reasoning,opponent_none,instance_00001,Average Guesser Team Recall,0.095
5767,codenames,Qwen3.6-35B-A3B-FP8-without-reasoning,opponent_none,instance_00001,Average Guesser Team F1,0.161
5768,codenames,Qwen3.6-35B-A3B-FP8-without-reasoning,opponent_none,instance_00001,Aborted,0
5769,codenames,Qwen3.6-35B-A3B-FP8-without-reasoning,opponent_none,instance_00001,Lose,1
5770,codenames,Qwen3.6-35B-A3B-FP8-without-reasoning,opponent_none,instance_00001,Success,0
5771,codenames,Qwen3.6-35B-A3B-FP8-without-reasoning,opponent_none,instance_00001,Game ended through assassin,1
5772,codenames,Qwen3.6-35B-A3B-FP8-without-reasoning,opponent_none,instance_00001,Episode Recall,0.333
5773,codenames,Qwen3.6-35B-A3B-FP8-without-reasoning,opponent_none,instance_00001,Episode Negative Recall,0.875
5774,codenames,Qwen3.6-35B-A3B-FP8-without-reasoning,opponent_none,instance_00001,Number of turns,5
5775,codenames,Qwen3.6-35B-A3B-FP8-without-reasoning,opponent_none,instance_00001,Efficiency,1
5776,codenames,Qwen3.6-35B-A3B-FP8-without-reasoning,opponent_none,instance_00001,Request Count,8
5777,codenames,Qwen3.6-35B-A3B-FP8-without-reasoning,opponent_none,instance_00001,Parsed Request Count,8
5778,codenames,Qwen3.6-35B-A3B-FP8-without-reasoning,opponent_none,instance_00001,Violated Request Count,0
5779,codenames,Qwen3.6-35B-A3B-FP8-without-reasoning,opponent_none,instance_00001,Request Success Ratio,1.0
5780,codenames,Qwen3.6-35B-A3B-FP8-without-reasoning,opponent_none,instance_00001,Main Score,0
5781,codenames,Qwen3.6-35B-A3B-FP8-without-reasoning,opponent_none,instance_00000,experiment variable,Opponent Difficulty
5782,codenames,Qwen3.6-35B-A3B-FP8-without-reasoning,opponent_none,instance_00000,experiment name,opponent_none
5783,codenames,Qwen3.6-35B-A3B-FP8-without-reasoning,opponent_none,instance_00000,Cluegiver strip words,0
5784,codenames,Qwen3.6-35B-A3B-FP8-without-reasoning,opponent_none,instance_00000,Guesser strip words,0
5785,codenames,Qwen3.6-35B-A3B-FP8-without-reasoning,opponent_none,instance_00000,Average Cluegiver Number of Targets,0
5786,codenames,Qwen3.6-35B-A3B-FP8-without-reasoning,opponent_none,instance_00000,Average Cluegiver Team Precision,0
5787,codenames,Qwen3.6-35B-A3B-FP8-without-reasoning,opponent_none,instance_00000,Average Cluegiver Team Recall,0.0
5788,codenames,Qwen3.6-35B-A3B-FP8-without-reasoning,opponent_none,instance_00000,Average Cluegiver Team F1,0
5789,codenames,Qwen3.6-35B-A3B-FP8-without-reasoning,opponent_none,instance_00000,Average Guesser Number of Guesses,0
5790,codenames,Qwen3.6-35B-A3B-FP8-without-reasoning,opponent_none,instance_00000,Average Guesser Number of Revealed Words,0
5791,codenames,Qwen3.6-35B-A3B-FP8-without-reasoning,opponent_none,instance_00000,Average Guesser Number of Unrevealed Guesses,0
5792,codenames,Qwen3.6-35B-A3B-FP8-without-reasoning,opponent_none,instance_00000,Average Guesser Target Precision,0
5793,codenames,Qwen3.6-35B-A3B-FP8-without-reasoning,opponent_none,instance_00000,Average Guesser Target Recall,0
5794,codenames,Qwen3.6-35B-A3B-FP8-without-reasoning,opponent_none,instance_00000,Average Guesser Target F1,0
5795,codenames,Qwen3.6-35B-A3B-FP8-without-reasoning,opponent_none,instance_00000,Average Guesser Team Precision,0
5796,codenames,Qwen3.6-35B-A3B-FP8-without-reasoning,opponent_none,instance_00000,Average Guesser Team Recall,0.0
5797,codenames,Qwen3.6-35B-A3B-FP8-without-reasoning,opponent_none,instance_00000,Average Guesser Team F1,0
5798,codenames,Qwen3.6-35B-A3B-FP8-without-reasoning,opponent_none,instance_00000,Aborted,1
5799,codenames,Qwen3.6-35B-A3B-FP8-without-reasoning,opponent_none,instance_00000,Lose,0
5800,codenames,Qwen3.6-35B-A3B-FP8-without-reasoning,opponent_none,instance_00000,Success,0
5801,codenames,Qwen3.6-35B-A3B-FP8-without-reasoning,opponent_none,instance_00000,Game ended through assassin,0
5802,codenames,Qwen3.6-35B-A3B-FP8-without-reasoning,opponent_none,instance_00000,Episode Recall,0.0
5803,codenames,Qwen3.6-35B-A3B-FP8-without-reasoning,opponent_none,instance_00000,Episode Negative Recall,1.0
5804,codenames,Qwen3.6-35B-A3B-FP8-without-reasoning,opponent_none,instance_00000,Number of turns,1
5805,codenames,Qwen3.6-35B-A3B-FP8-without-reasoning,opponent_none,instance_00000,Efficiency,0.0
5806,codenames,Qwen3.6-35B-A3B-FP8-without-reasoning,opponent_none,instance_00000,Request Count,1
5807,codenames,Qwen3.6-35B-A3B-FP8-without-reasoning,opponent_none,instance_00000,Parsed Request Count,0
5808,codenames,Qwen3.6-35B-A3B-FP8-without-reasoning,opponent_none,instance_00000,Violated Request Count,1
5809,codenames,Qwen3.6-35B-A3B-FP8-without-reasoning,opponent_none,instance_00000,Request Success Ratio,0.0
5810,codenames,Qwen3.6-35B-A3B-FP8-without-reasoning,opponent_none,instance_00000,Main Score,
5811,codenames,Qwen3.6-35B-A3B-FP8-without-reasoning,risk_high,instance_00002,experiment variable,Risk
5812,codenames,Qwen3.6-35B-A3B-FP8-without-reasoning,risk_high,instance_00002,experiment name,risk_high
5813,codenames,Qwen3.6-35B-A3B-FP8-without-reasoning,risk_high,instance_00002,Cluegiver strip words,0
5814,codenames,Qwen3.6-35B-A3B-FP8-without-reasoning,risk_high,instance_00002,Guesser strip words,0
5815,codenames,Qwen3.6-35B-A3B-FP8-without-reasoning,risk_high,instance_00002,Average Cluegiver Number of Targets,2
5816,codenames,Qwen3.6-35B-A3B-FP8-without-reasoning,risk_high,instance_00002,Average Cluegiver Team Precision,1.0
5817,codenames,Qwen3.6-35B-A3B-FP8-without-reasoning,risk_high,instance_00002,Average Cluegiver Team Recall,0.222
5818,codenames,Qwen3.6-35B-A3B-FP8-without-reasoning,risk_high,instance_00002,Average Cluegiver Team F1,0.364
5819,codenames,Qwen3.6-35B-A3B-FP8-without-reasoning,risk_high,instance_00002,Average Guesser Number of Guesses,0
5820,codenames,Qwen3.6-35B-A3B-FP8-without-reasoning,risk_high,instance_00002,Average Guesser Number of Revealed Words,0
5821,codenames,Qwen3.6-35B-A3B-FP8-without-reasoning,risk_high,instance_00002,Average Guesser Number of Unrevealed Guesses,0
5822,codenames,Qwen3.6-35B-A3B-FP8-without-reasoning,risk_high,instance_00002,Average Guesser Target Precision,0
5823,codenames,Qwen3.6-35B-A3B-FP8-without-reasoning,risk_high,instance_00002,Average Guesser Target Recall,0.0
5824,codenames,Qwen3.6-35B-A3B-FP8-without-reasoning,risk_high,instance_00002,Average Guesser Target F1,0
5825,codenames,Qwen3.6-35B-A3B-FP8-without-reasoning,risk_high,instance_00002,Average Guesser Team Precision,0
5826,codenames,Qwen3.6-35B-A3B-FP8-without-reasoning,risk_high,instance_00002,Average Guesser Team Recall,0.0
5827,codenames,Qwen3.6-35B-A3B-FP8-without-reasoning,risk_high,instance_00002,Average Guesser Team F1,0
5828,codenames,Qwen3.6-35B-A3B-FP8-without-reasoning,risk_high,instance_00002,Aborted,1
5829,codenames,Qwen3.6-35B-A3B-FP8-without-reasoning,risk_high,instance_00002,Lose,0
5830,codenames,Qwen3.6-35B-A3B-FP8-without-reasoning,risk_high,instance_00002,Success,0
5831,codenames,Qwen3.6-35B-A3B-FP8-without-reasoning,risk_high,instance_00002,Game ended through assassin,0
5832,codenames,Qwen3.6-35B-A3B-FP8-without-reasoning,risk_high,instance_00002,Episode Recall,0.0
5833,codenames,Qwen3.6-35B-A3B-FP8-without-reasoning,risk_high,instance_00002,Episode Negative Recall,1.0
5834,codenames,Qwen3.6-35B-A3B-FP8-without-reasoning,risk_high,instance_00002,Number of turns,2
5835,codenames,Qwen3.6-35B-A3B-FP8-without-reasoning,risk_high,instance_00002,Efficiency,0.0
5836,codenames,Qwen3.6-35B-A3B-FP8-without-reasoning,risk_high,instance_00002,Request Count,2
5837,codenames,Qwen3.6-35B-A3B-FP8-without-reasoning,risk_high,instance_00002,Parsed Request Count,1
5838,codenames,Qwen3.6-35B-A3B-FP8-without-reasoning,risk_high,instance_00002,Violated Request Count,1
5839,codenames,Qwen3.6-35B-A3B-FP8-without-reasoning,risk_high,instance_00002,Request Success Ratio,0.5
5840,codenames,Qwen3.6-35B-A3B-FP8-without-reasoning,risk_high,instance_00002,Main Score,
5841,codenames,Qwen3.6-35B-A3B-FP8-without-reasoning,risk_high,instance_00003,experiment variable,Risk
5842,codenames,Qwen3.6-35B-A3B-FP8-without-reasoning,risk_high,instance_00003,experiment name,risk_high
5843,codenames,Qwen3.6-35B-A3B-FP8-without-reasoning,risk_high,instance_00003,Cluegiver strip words,0
5844,codenames,Qwen3.6-35B-A3B-FP8-without-reasoning,risk_high,instance_00003,Guesser strip words,1
5845,codenames,Qwen3.6-35B-A3B-FP8-without-reasoning,risk_high,instance_00003,Average Cluegiver Number of Targets,2
5846,codenames,Qwen3.6-35B-A3B-FP8-without-reasoning,risk_high,instance_00003,Average Cluegiver Team Precision,1.0
5847,codenames,Qwen3.6-35B-A3B-FP8-without-reasoning,risk_high,instance_00003,Average Cluegiver Team Recall,0.28
5848,codenames,Qwen3.6-35B-A3B-FP8-without-reasoning,risk_high,instance_00003,Average Cluegiver Team F1,0.436
5849,codenames,Qwen3.6-35B-A3B-FP8-without-reasoning,risk_high,instance_00003,Average Guesser Number of Guesses,2
5850,codenames,Qwen3.6-35B-A3B-FP8-without-reasoning,risk_high,instance_00003,Average Guesser Number of Revealed Words,1.667
5851,codenames,Qwen3.6-35B-A3B-FP8-without-reasoning,risk_high,instance_00003,Average Guesser Number of Unrevealed Guesses,0.333
5852,codenames,Qwen3.6-35B-A3B-FP8-without-reasoning,risk_high,instance_00003,Average Guesser Target Precision,0.5
5853,codenames,Qwen3.6-35B-A3B-FP8-without-reasoning,risk_high,instance_00003,Average Guesser Target Recall,0.5
5854,codenames,Qwen3.6-35B-A3B-FP8-without-reasoning,risk_high,instance_00003,Average Guesser Target F1,0.5
5855,codenames,Qwen3.6-35B-A3B-FP8-without-reasoning,risk_high,instance_00003,Average Guesser Team Precision,0.5
5856,codenames,Qwen3.6-35B-A3B-FP8-without-reasoning,risk_high,instance_00003,Average Guesser Team Recall,0.122
5857,codenames,Qwen3.6-35B-A3B-FP8-without-reasoning,risk_high,instance_00003,Average Guesser Team F1,0.195
5858,codenames,Qwen3.6-35B-A3B-FP8-without-reasoning,risk_high,instance_00003,Aborted,0
5859,codenames,Qwen3.6-35B-A3B-FP8-without-reasoning,risk_high,instance_00003,Lose,1
5860,codenames,Qwen3.6-35B-A3B-FP8-without-reasoning,risk_high,instance_00003,Success,0
5861,codenames,Qwen3.6-35B-A3B-FP8-without-reasoning,risk_high,instance_00003,Game ended through assassin,1
5862,codenames,Qwen3.6-35B-A3B-FP8-without-reasoning,risk_high,instance_00003,Episode Recall,0.333
5863,codenames,Qwen3.6-35B-A3B-FP8-without-reasoning,risk_high,instance_00003,Episode Negative Recall,0.875
5864,codenames,Qwen3.6-35B-A3B-FP8-without-reasoning,risk_high,instance_00003,Number of turns,4
5865,codenames,Qwen3.6-35B-A3B-FP8-without-reasoning,risk_high,instance_00003,Efficiency,0.75
5866,codenames,Qwen3.6-35B-A3B-FP8-without-reasoning,risk_high,instance_00003,Request Count,6
5867,codenames,Qwen3.6-35B-A3B-FP8-without-reasoning,risk_high,instance_00003,Parsed Request Count,6
5868,codenames,Qwen3.6-35B-A3B-FP8-without-reasoning,risk_high,instance_00003,Violated Request Count,0
5869,codenames,Qwen3.6-35B-A3B-FP8-without-reasoning,risk_high,instance_00003,Request Success Ratio,1.0
5870,codenames,Qwen3.6-35B-A3B-FP8-without-reasoning,risk_high,instance_00003,Main Score,0
5871,codenames,Qwen3.6-35B-A3B-FP8-without-reasoning,risk_high,instance_00004,experiment variable,Risk
5872,codenames,Qwen3.6-35B-A3B-FP8-without-reasoning,risk_high,instance_00004,experiment name,risk_high
5873,codenames,Qwen3.6-35B-A3B-FP8-without-reasoning,risk_high,instance_00004,Cluegiver strip words,0
5874,codenames,Qwen3.6-35B-A3B-FP8-without-reasoning,risk_high,instance_00004,Guesser strip words,0
5875,codenames,Qwen3.6-35B-A3B-FP8-without-reasoning,risk_high,instance_00004,Average Cluegiver Number of Targets,1.375
5876,codenames,Qwen3.6-35B-A3B-FP8-without-reasoning,risk_high,instance_00004,Average Cluegiver Team Precision,1.0
5877,codenames,Qwen3.6-35B-A3B-FP8-without-reasoning,risk_high,instance_00004,Average Cluegiver Team Recall,0.411
5878,codenames,Qwen3.6-35B-A3B-FP8-without-reasoning,risk_high,instance_00004,Average Cluegiver Team F1,0.547
5879,codenames,Qwen3.6-35B-A3B-FP8-without-reasoning,risk_high,instance_00004,Average Guesser Number of Guesses,1.375
5880,codenames,Qwen3.6-35B-A3B-FP8-without-reasoning,risk_high,instance_00004,Average Guesser Number of Revealed Words,1.25
5881,codenames,Qwen3.6-35B-A3B-FP8-without-reasoning,risk_high,instance_00004,Average Guesser Number of Unrevealed Guesses,0.125
5882,codenames,Qwen3.6-35B-A3B-FP8-without-reasoning,risk_high,instance_00004,Average Guesser Target Precision,0.875
5883,codenames,Qwen3.6-35B-A3B-FP8-without-reasoning,risk_high,instance_00004,Average Guesser Target Recall,0.875
5884,codenames,Qwen3.6-35B-A3B-FP8-without-reasoning,risk_high,instance_00004,Average Guesser Target F1,0.875
5885,codenames,Qwen3.6-35B-A3B-FP8-without-reasoning,risk_high,instance_00004,Average Guesser Team Precision,0.875
5886,codenames,Qwen3.6-35B-A3B-FP8-without-reasoning,risk_high,instance_00004,Average Guesser Team Recall,0.349
5887,codenames,Qwen3.6-35B-A3B-FP8-without-reasoning,risk_high,instance_00004,Average Guesser Team F1,0.464
5888,codenames,Qwen3.6-35B-A3B-FP8-without-reasoning,risk_high,instance_00004,Aborted,0
5889,codenames,Qwen3.6-35B-A3B-FP8-without-reasoning,risk_high,instance_00004,Lose,0
5890,codenames,Qwen3.6-35B-A3B-FP8-without-reasoning,risk_high,instance_00004,Success,1
5891,codenames,Qwen3.6-35B-A3B-FP8-without-reasoning,risk_high,instance_00004,Game ended through assassin,0
5892,codenames,Qwen3.6-35B-A3B-FP8-without-reasoning,risk_high,instance_00004,Episode Recall,1.0
5893,codenames,Qwen3.6-35B-A3B-FP8-without-reasoning,risk_high,instance_00004,Episode Negative Recall,0.938
5894,codenames,Qwen3.6-35B-A3B-FP8-without-reasoning,risk_high,instance_00004,Number of turns,9
5895,codenames,Qwen3.6-35B-A3B-FP8-without-reasoning,risk_high,instance_00004,Efficiency,0.611
5896,codenames,Qwen3.6-35B-A3B-FP8-without-reasoning,risk_high,instance_00004,Request Count,16
5897,codenames,Qwen3.6-35B-A3B-FP8-without-reasoning,risk_high,instance_00004,Parsed Request Count,16
5898,codenames,Qwen3.6-35B-A3B-FP8-without-reasoning,risk_high,instance_00004,Violated Request Count,0
5899,codenames,Qwen3.6-35B-A3B-FP8-without-reasoning,risk_high,instance_00004,Request Success Ratio,1.0
5900,codenames,Qwen3.6-35B-A3B-FP8-without-reasoning,risk_high,instance_00004,Main Score,100
5901,codenames,Qwen3.6-35B-A3B-FP8-without-reasoning,risk_high,instance_00001,experiment variable,Risk
5902,codenames,Qwen3.6-35B-A3B-FP8-without-reasoning,risk_high,instance_00001,experiment name,risk_high
5903,codenames,Qwen3.6-35B-A3B-FP8-without-reasoning,risk_high,instance_00001,Cluegiver strip words,0
5904,codenames,Qwen3.6-35B-A3B-FP8-without-reasoning,risk_high,instance_00001,Guesser strip words,0
5905,codenames,Qwen3.6-35B-A3B-FP8-without-reasoning,risk_high,instance_00001,Average Cluegiver Number of Targets,2.333
5906,codenames,Qwen3.6-35B-A3B-FP8-without-reasoning,risk_high,instance_00001,Average Cluegiver Team Precision,1.0
5907,codenames,Qwen3.6-35B-A3B-FP8-without-reasoning,risk_high,instance_00001,Average Cluegiver Team Recall,0.28
5908,codenames,Qwen3.6-35B-A3B-FP8-without-reasoning,risk_high,instance_00001,Average Cluegiver Team F1,0.436
5909,codenames,Qwen3.6-35B-A3B-FP8-without-reasoning,risk_high,instance_00001,Average Guesser Number of Guesses,2.333
5910,codenames,Qwen3.6-35B-A3B-FP8-without-reasoning,risk_high,instance_00001,Average Guesser Number of Revealed Words,1.667
5911,codenames,Qwen3.6-35B-A3B-FP8-without-reasoning,risk_high,instance_00001,Average Guesser Number of Unrevealed Guesses,0.667
5912,codenames,Qwen3.6-35B-A3B-FP8-without-reasoning,risk_high,instance_00001,Average Guesser Target Precision,0.5
5913,codenames,Qwen3.6-35B-A3B-FP8-without-reasoning,risk_high,instance_00001,Average Guesser Target Recall,0.5
5914,codenames,Qwen3.6-35B-A3B-FP8-without-reasoning,risk_high,instance_00001,Average Guesser Target F1,0.5
5915,codenames,Qwen3.6-35B-A3B-FP8-without-reasoning,risk_high,instance_00001,Average Guesser Team Precision,0.5
5916,codenames,Qwen3.6-35B-A3B-FP8-without-reasoning,risk_high,instance_00001,Average Guesser Team Recall,0.122
5917,codenames,Qwen3.6-35B-A3B-FP8-without-reasoning,risk_high,instance_00001,Average Guesser Team F1,0.195
5918,codenames,Qwen3.6-35B-A3B-FP8-without-reasoning,risk_high,instance_00001,Aborted,0
5919,codenames,Qwen3.6-35B-A3B-FP8-without-reasoning,risk_high,instance_00001,Lose,1
5920,codenames,Qwen3.6-35B-A3B-FP8-without-reasoning,risk_high,instance_00001,Success,0
5921,codenames,Qwen3.6-35B-A3B-FP8-without-reasoning,risk_high,instance_00001,Game ended through assassin,1
5922,codenames,Qwen3.6-35B-A3B-FP8-without-reasoning,risk_high,instance_00001,Episode Recall,0.333
5923,codenames,Qwen3.6-35B-A3B-FP8-without-reasoning,risk_high,instance_00001,Episode Negative Recall,0.875
5924,codenames,Qwen3.6-35B-A3B-FP8-without-reasoning,risk_high,instance_00001,Number of turns,4
5925,codenames,Qwen3.6-35B-A3B-FP8-without-reasoning,risk_high,instance_00001,Efficiency,0.875
5926,codenames,Qwen3.6-35B-A3B-FP8-without-reasoning,risk_high,instance_00001,Request Count,6
5927,codenames,Qwen3.6-35B-A3B-FP8-without-reasoning,risk_high,instance_00001,Parsed Request Count,6
5928,codenames,Qwen3.6-35B-A3B-FP8-without-reasoning,risk_high,instance_00001,Violated Request Count,0
5929,codenames,Qwen3.6-35B-A3B-FP8-without-reasoning,risk_high,instance_00001,Request Success Ratio,1.0
5930,codenames,Qwen3.6-35B-A3B-FP8-without-reasoning,risk_high,instance_00001,Main Score,0
5931,codenames,Qwen3.6-35B-A3B-FP8-without-reasoning,risk_high,instance_00000,experiment variable,Risk
5932,codenames,Qwen3.6-35B-A3B-FP8-without-reasoning,risk_high,instance_00000,experiment name,risk_high
5933,codenames,Qwen3.6-35B-A3B-FP8-without-reasoning,risk_high,instance_00000,Cluegiver strip words,0
5934,codenames,Qwen3.6-35B-A3B-FP8-without-reasoning,risk_high,instance_00000,Guesser strip words,0
5935,codenames,Qwen3.6-35B-A3B-FP8-without-reasoning,risk_high,instance_00000,Average Cluegiver Number of Targets,2
5936,codenames,Qwen3.6-35B-A3B-FP8-without-reasoning,risk_high,instance_00000,Average Cluegiver Team Precision,1.0
5937,codenames,Qwen3.6-35B-A3B-FP8-without-reasoning,risk_high,instance_00000,Average Cluegiver Team Recall,0.236
5938,codenames,Qwen3.6-35B-A3B-FP8-without-reasoning,risk_high,instance_00000,Average Cluegiver Team F1,0.382
5939,codenames,Qwen3.6-35B-A3B-FP8-without-reasoning,risk_high,instance_00000,Average Guesser Number of Guesses,2
5940,codenames,Qwen3.6-35B-A3B-FP8-without-reasoning,risk_high,instance_00000,Average Guesser Number of Revealed Words,1.5
5941,codenames,Qwen3.6-35B-A3B-FP8-without-reasoning,risk_high,instance_00000,Average Guesser Number of Unrevealed Guesses,0.5
5942,codenames,Qwen3.6-35B-A3B-FP8-without-reasoning,risk_high,instance_00000,Average Guesser Target Precision,0.0
5943,codenames,Qwen3.6-35B-A3B-FP8-without-reasoning,risk_high,instance_00000,Average Guesser Target Recall,0.0
5944,codenames,Qwen3.6-35B-A3B-FP8-without-reasoning,risk_high,instance_00000,Average Guesser Target F1,0
5945,codenames,Qwen3.6-35B-A3B-FP8-without-reasoning,risk_high,instance_00000,Average Guesser Team Precision,0.25
5946,codenames,Qwen3.6-35B-A3B-FP8-without-reasoning,risk_high,instance_00000,Average Guesser Team Recall,0.056
5947,codenames,Qwen3.6-35B-A3B-FP8-without-reasoning,risk_high,instance_00000,Average Guesser Team F1,0.091
5948,codenames,Qwen3.6-35B-A3B-FP8-without-reasoning,risk_high,instance_00000,Aborted,0
5949,codenames,Qwen3.6-35B-A3B-FP8-without-reasoning,risk_high,instance_00000,Lose,1
5950,codenames,Qwen3.6-35B-A3B-FP8-without-reasoning,risk_high,instance_00000,Success,0
5951,codenames,Qwen3.6-35B-A3B-FP8-without-reasoning,risk_high,instance_00000,Game ended through assassin,1
5952,codenames,Qwen3.6-35B-A3B-FP8-without-reasoning,risk_high,instance_00000,Episode Recall,0.111
5953,codenames,Qwen3.6-35B-A3B-FP8-without-reasoning,risk_high,instance_00000,Episode Negative Recall,0.875
5954,codenames,Qwen3.6-35B-A3B-FP8-without-reasoning,risk_high,instance_00000,Number of turns,3
5955,codenames,Qwen3.6-35B-A3B-FP8-without-reasoning,risk_high,instance_00000,Efficiency,0.667
5956,codenames,Qwen3.6-35B-A3B-FP8-without-reasoning,risk_high,instance_00000,Request Count,4
5957,codenames,Qwen3.6-35B-A3B-FP8-without-reasoning,risk_high,instance_00000,Parsed Request Count,4
5958,codenames,Qwen3.6-35B-A3B-FP8-without-reasoning,risk_high,instance_00000,Violated Request Count,0
5959,codenames,Qwen3.6-35B-A3B-FP8-without-reasoning,risk_high,instance_00000,Request Success Ratio,1.0
5960,codenames,Qwen3.6-35B-A3B-FP8-without-reasoning,risk_high,instance_00000,Main Score,0
5961,codenames,Qwen3.6-35B-A3B-FP8-without-reasoning,opponent_easy,instance_00002,experiment variable,Opponent Difficulty
5962,codenames,Qwen3.6-35B-A3B-FP8-without-reasoning,opponent_easy,instance_00002,experiment name,opponent_easy
5963,codenames,Qwen3.6-35B-A3B-FP8-without-reasoning,opponent_easy,instance_00002,Cluegiver strip words,0
5964,codenames,Qwen3.6-35B-A3B-FP8-without-reasoning,opponent_easy,instance_00002,Guesser strip words,0
5965,codenames,Qwen3.6-35B-A3B-FP8-without-reasoning,opponent_easy,instance_00002,Average Cluegiver Number of Targets,1.875
5966,codenames,Qwen3.6-35B-A3B-FP8-without-reasoning,opponent_easy,instance_00002,Average Cluegiver Team Precision,1.0
5967,codenames,Qwen3.6-35B-A3B-FP8-without-reasoning,opponent_easy,instance_00002,Average Cluegiver Team Recall,0.572
5968,codenames,Qwen3.6-35B-A3B-FP8-without-reasoning,opponent_easy,instance_00002,Average Cluegiver Team F1,0.695
5969,codenames,Qwen3.6-35B-A3B-FP8-without-reasoning,opponent_easy,instance_00002,Average Guesser Number of Guesses,1.75
5970,codenames,Qwen3.6-35B-A3B-FP8-without-reasoning,opponent_easy,instance_00002,Average Guesser Number of Revealed Words,1.375
5971,codenames,Qwen3.6-35B-A3B-FP8-without-reasoning,opponent_easy,instance_00002,Average Guesser Number of Unrevealed Guesses,0.375
5972,codenames,Qwen3.6-35B-A3B-FP8-without-reasoning,opponent_easy,instance_00002,Average Guesser Target Precision,0.583
5973,codenames,Qwen3.6-35B-A3B-FP8-without-reasoning,opponent_easy,instance_00002,Average Guesser Target Recall,0.55
5974,codenames,Qwen3.6-35B-A3B-FP8-without-reasoning,opponent_easy,instance_00002,Average Guesser Target F1,0.562
5975,codenames,Qwen3.6-35B-A3B-FP8-without-reasoning,opponent_easy,instance_00002,Average Guesser Team Precision,0.583
5976,codenames,Qwen3.6-35B-A3B-FP8-without-reasoning,opponent_easy,instance_00002,Average Guesser Team Recall,0.218
5977,codenames,Qwen3.6-35B-A3B-FP8-without-reasoning,opponent_easy,instance_00002,Average Guesser Team F1,0.314
5978,codenames,Qwen3.6-35B-A3B-FP8-without-reasoning,opponent_easy,instance_00002,Aborted,0
5979,codenames,Qwen3.6-35B-A3B-FP8-without-reasoning,opponent_easy,instance_00002,Lose,1
5980,codenames,Qwen3.6-35B-A3B-FP8-without-reasoning,opponent_easy,instance_00002,Success,0
5981,codenames,Qwen3.6-35B-A3B-FP8-without-reasoning,opponent_easy,instance_00002,Game ended through assassin,0
5982,codenames,Qwen3.6-35B-A3B-FP8-without-reasoning,opponent_easy,instance_00002,Episode Recall,0.889
5983,codenames,Qwen3.6-35B-A3B-FP8-without-reasoning,opponent_easy,instance_00002,Episode Negative Recall,0.812
5984,codenames,Qwen3.6-35B-A3B-FP8-without-reasoning,opponent_easy,instance_00002,Number of turns,8
5985,codenames,Qwen3.6-35B-A3B-FP8-without-reasoning,opponent_easy,instance_00002,Efficiency,0.875
5986,codenames,Qwen3.6-35B-A3B-FP8-without-reasoning,opponent_easy,instance_00002,Request Count,15
5987,codenames,Qwen3.6-35B-A3B-FP8-without-reasoning,opponent_easy,instance_00002,Parsed Request Count,15
5988,codenames,Qwen3.6-35B-A3B-FP8-without-reasoning,opponent_easy,instance_00002,Violated Request Count,0
5989,codenames,Qwen3.6-35B-A3B-FP8-without-reasoning,opponent_easy,instance_00002,Request Success Ratio,1.0
5990,codenames,Qwen3.6-35B-A3B-FP8-without-reasoning,opponent_easy,instance_00002,Main Score,0
5991,codenames,Qwen3.6-35B-A3B-FP8-without-reasoning,opponent_easy,instance_00003,experiment variable,Opponent Difficulty
5992,codenames,Qwen3.6-35B-A3B-FP8-without-reasoning,opponent_easy,instance_00003,experiment name,opponent_easy
5993,codenames,Qwen3.6-35B-A3B-FP8-without-reasoning,opponent_easy,instance_00003,Cluegiver strip words,0
5994,codenames,Qwen3.6-35B-A3B-FP8-without-reasoning,opponent_easy,instance_00003,Guesser strip words,0
5995,codenames,Qwen3.6-35B-A3B-FP8-without-reasoning,opponent_easy,instance_00003,Average Cluegiver Number of Targets,2.667
5996,codenames,Qwen3.6-35B-A3B-FP8-without-reasoning,opponent_easy,instance_00003,Average Cluegiver Team Precision,1.0
5997,codenames,Qwen3.6-35B-A3B-FP8-without-reasoning,opponent_easy,instance_00003,Average Cluegiver Team Recall,0.411
5998,codenames,Qwen3.6-35B-A3B-FP8-without-reasoning,opponent_easy,instance_00003,Average Cluegiver Team F1,0.579
5999,codenames,Qwen3.6-35B-A3B-FP8-without-reasoning,opponent_easy,instance_00003,Average Guesser Number of Guesses,2.667
6000,codenames,Qwen3.6-35B-A3B-FP8-without-reasoning,opponent_easy,instance_00003,Average Guesser Number of Revealed Words,2.333
6001,codenames,Qwen3.6-35B-A3B-FP8-without-reasoning,opponent_easy,instance_00003,Average Guesser Number of Unrevealed Guesses,0.333
6002,codenames,Qwen3.6-35B-A3B-FP8-without-reasoning,opponent_easy,instance_00003,Average Guesser Target Precision,0.556
6003,codenames,Qwen3.6-35B-A3B-FP8-without-reasoning,opponent_easy,instance_00003,Average Guesser Target Recall,0.5
6004,codenames,Qwen3.6-35B-A3B-FP8-without-reasoning,opponent_easy,instance_00003,Average Guesser Target F1,0.522
6005,codenames,Qwen3.6-35B-A3B-FP8-without-reasoning,opponent_easy,instance_00003,Average Guesser Team Precision,0.667
6006,codenames,Qwen3.6-35B-A3B-FP8-without-reasoning,opponent_easy,instance_00003,Average Guesser Team Recall,0.233
6007,codenames,Qwen3.6-35B-A3B-FP8-without-reasoning,opponent_easy,instance_00003,Average Guesser Team F1,0.345
6008,codenames,Qwen3.6-35B-A3B-FP8-without-reasoning,opponent_easy,instance_00003,Aborted,0
6009,codenames,Qwen3.6-35B-A3B-FP8-without-reasoning,opponent_easy,instance_00003,Lose,1
6010,codenames,Qwen3.6-35B-A3B-FP8-without-reasoning,opponent_easy,instance_00003,Success,0
6011,codenames,Qwen3.6-35B-A3B-FP8-without-reasoning,opponent_easy,instance_00003,Game ended through assassin,1
6012,codenames,Qwen3.6-35B-A3B-FP8-without-reasoning,opponent_easy,instance_00003,Episode Recall,0.556
6013,codenames,Qwen3.6-35B-A3B-FP8-without-reasoning,opponent_easy,instance_00003,Episode Negative Recall,0.875
6014,codenames,Qwen3.6-35B-A3B-FP8-without-reasoning,opponent_easy,instance_00003,Number of turns,4
6015,codenames,Qwen3.6-35B-A3B-FP8-without-reasoning,opponent_easy,instance_00003,Efficiency,1.0
6016,codenames,Qwen3.6-35B-A3B-FP8-without-reasoning,opponent_easy,instance_00003,Request Count,6
6017,codenames,Qwen3.6-35B-A3B-FP8-without-reasoning,opponent_easy,instance_00003,Parsed Request Count,6
6018,codenames,Qwen3.6-35B-A3B-FP8-without-reasoning,opponent_easy,instance_00003,Violated Request Count,0
6019,codenames,Qwen3.6-35B-A3B-FP8-without-reasoning,opponent_easy,instance_00003,Request Success Ratio,1.0
6020,codenames,Qwen3.6-35B-A3B-FP8-without-reasoning,opponent_easy,instance_00003,Main Score,0
6021,codenames,Qwen3.6-35B-A3B-FP8-without-reasoning,opponent_easy,instance_00004,experiment variable,Opponent Difficulty
6022,codenames,Qwen3.6-35B-A3B-FP8-without-reasoning,opponent_easy,instance_00004,experiment name,opponent_easy
6023,codenames,Qwen3.6-35B-A3B-FP8-without-reasoning,opponent_easy,instance_00004,Cluegiver strip words,0
6024,codenames,Qwen3.6-35B-A3B-FP8-without-reasoning,opponent_easy,instance_00004,Guesser strip words,0
6025,codenames,Qwen3.6-35B-A3B-FP8-without-reasoning,opponent_easy,instance_00004,Average Cluegiver Number of Targets,1.714
6026,codenames,Qwen3.6-35B-A3B-FP8-without-reasoning,opponent_easy,instance_00004,Average Cluegiver Team Precision,1.0
6027,codenames,Qwen3.6-35B-A3B-FP8-without-reasoning,opponent_easy,instance_00004,Average Cluegiver Team Recall,0.309
6028,codenames,Qwen3.6-35B-A3B-FP8-without-reasoning,opponent_easy,instance_00004,Average Cluegiver Team F1,0.466
6029,codenames,Qwen3.6-35B-A3B-FP8-without-reasoning,opponent_easy,instance_00004,Average Guesser Number of Guesses,1.571
6030,codenames,Qwen3.6-35B-A3B-FP8-without-reasoning,opponent_easy,instance_00004,Average Guesser Number of Revealed Words,1.286
6031,codenames,Qwen3.6-35B-A3B-FP8-without-reasoning,opponent_easy,instance_00004,Average Guesser Number of Unrevealed Guesses,0.286
6032,codenames,Qwen3.6-35B-A3B-FP8-without-reasoning,opponent_easy,instance_00004,Average Guesser Target Precision,0.524
6033,codenames,Qwen3.6-35B-A3B-FP8-without-reasoning,opponent_easy,instance_00004,Average Guesser Target Recall,0.5
6034,codenames,Qwen3.6-35B-A3B-FP8-without-reasoning,opponent_easy,instance_00004,Average Guesser Target F1,0.51
6035,codenames,Qwen3.6-35B-A3B-FP8-without-reasoning,opponent_easy,instance_00004,Average Guesser Team Precision,0.524
6036,codenames,Qwen3.6-35B-A3B-FP8-without-reasoning,opponent_easy,instance_00004,Average Guesser Team Recall,0.137
6037,codenames,Qwen3.6-35B-A3B-FP8-without-reasoning,opponent_easy,instance_00004,Average Guesser Team F1,0.216
6038,codenames,Qwen3.6-35B-A3B-FP8-without-reasoning,opponent_easy,instance_00004,Aborted,0
6039,codenames,Qwen3.6-35B-A3B-FP8-without-reasoning,opponent_easy,instance_00004,Lose,1
6040,codenames,Qwen3.6-35B-A3B-FP8-without-reasoning,opponent_easy,instance_00004,Success,0
6041,codenames,Qwen3.6-35B-A3B-FP8-without-reasoning,opponent_easy,instance_00004,Game ended through assassin,0
6042,codenames,Qwen3.6-35B-A3B-FP8-without-reasoning,opponent_easy,instance_00004,Episode Recall,0.667
6043,codenames,Qwen3.6-35B-A3B-FP8-without-reasoning,opponent_easy,instance_00004,Episode Negative Recall,0.812
6044,codenames,Qwen3.6-35B-A3B-FP8-without-reasoning,opponent_easy,instance_00004,Number of turns,7
6045,codenames,Qwen3.6-35B-A3B-FP8-without-reasoning,opponent_easy,instance_00004,Efficiency,0.786
6046,codenames,Qwen3.6-35B-A3B-FP8-without-reasoning,opponent_easy,instance_00004,Request Count,13
6047,codenames,Qwen3.6-35B-A3B-FP8-without-reasoning,opponent_easy,instance_00004,Parsed Request Count,13
6048,codenames,Qwen3.6-35B-A3B-FP8-without-reasoning,opponent_easy,instance_00004,Violated Request Count,0
6049,codenames,Qwen3.6-35B-A3B-FP8-without-reasoning,opponent_easy,instance_00004,Request Success Ratio,1.0
6050,codenames,Qwen3.6-35B-A3B-FP8-without-reasoning,opponent_easy,instance_00004,Main Score,0
6051,codenames,Qwen3.6-35B-A3B-FP8-without-reasoning,opponent_easy,instance_00001,experiment variable,Opponent Difficulty
6052,codenames,Qwen3.6-35B-A3B-FP8-without-reasoning,opponent_easy,instance_00001,experiment name,opponent_easy
6053,codenames,Qwen3.6-35B-A3B-FP8-without-reasoning,opponent_easy,instance_00001,Cluegiver strip words,0
6054,codenames,Qwen3.6-35B-A3B-FP8-without-reasoning,opponent_easy,instance_00001,Guesser strip words,0
6055,codenames,Qwen3.6-35B-A3B-FP8-without-reasoning,opponent_easy,instance_00001,Average Cluegiver Number of Targets,4
6056,codenames,Qwen3.6-35B-A3B-FP8-without-reasoning,opponent_easy,instance_00001,Average Cluegiver Team Precision,1.0
6057,codenames,Qwen3.6-35B-A3B-FP8-without-reasoning,opponent_easy,instance_00001,Average Cluegiver Team Recall,0.445
6058,codenames,Qwen3.6-35B-A3B-FP8-without-reasoning,opponent_easy,instance_00001,Average Cluegiver Team F1,0.582
6059,codenames,Qwen3.6-35B-A3B-FP8-without-reasoning,opponent_easy,instance_00001,Average Guesser Number of Guesses,4
6060,codenames,Qwen3.6-35B-A3B-FP8-without-reasoning,opponent_easy,instance_00001,Average Guesser Number of Revealed Words,1
6061,codenames,Qwen3.6-35B-A3B-FP8-without-reasoning,opponent_easy,instance_00001,Average Guesser Number of Unrevealed Guesses,3
6062,codenames,Qwen3.6-35B-A3B-FP8-without-reasoning,opponent_easy,instance_00001,Average Guesser Target Precision,0.0
6063,codenames,Qwen3.6-35B-A3B-FP8-without-reasoning,opponent_easy,instance_00001,Average Guesser Target Recall,0.0
6064,codenames,Qwen3.6-35B-A3B-FP8-without-reasoning,opponent_easy,instance_00001,Average Guesser Target F1,0
6065,codenames,Qwen3.6-35B-A3B-FP8-without-reasoning,opponent_easy,instance_00001,Average Guesser Team Precision,0.0
6066,codenames,Qwen3.6-35B-A3B-FP8-without-reasoning,opponent_easy,instance_00001,Average Guesser Team Recall,0.0
6067,codenames,Qwen3.6-35B-A3B-FP8-without-reasoning,opponent_easy,instance_00001,Average Guesser Team F1,0
6068,codenames,Qwen3.6-35B-A3B-FP8-without-reasoning,opponent_easy,instance_00001,Aborted,0
6069,codenames,Qwen3.6-35B-A3B-FP8-without-reasoning,opponent_easy,instance_00001,Lose,1
6070,codenames,Qwen3.6-35B-A3B-FP8-without-reasoning,opponent_easy,instance_00001,Success,0
6071,codenames,Qwen3.6-35B-A3B-FP8-without-reasoning,opponent_easy,instance_00001,Game ended through assassin,1
6072,codenames,Qwen3.6-35B-A3B-FP8-without-reasoning,opponent_easy,instance_00001,Episode Recall,0.0
6073,codenames,Qwen3.6-35B-A3B-FP8-without-reasoning,opponent_easy,instance_00001,Episode Negative Recall,0.875
6074,codenames,Qwen3.6-35B-A3B-FP8-without-reasoning,opponent_easy,instance_00001,Number of turns,3
6075,codenames,Qwen3.6-35B-A3B-FP8-without-reasoning,opponent_easy,instance_00001,Efficiency,1
6076,codenames,Qwen3.6-35B-A3B-FP8-without-reasoning,opponent_easy,instance_00001,Request Count,4
6077,codenames,Qwen3.6-35B-A3B-FP8-without-reasoning,opponent_easy,instance_00001,Parsed Request Count,4
6078,codenames,Qwen3.6-35B-A3B-FP8-without-reasoning,opponent_easy,instance_00001,Violated Request Count,0
6079,codenames,Qwen3.6-35B-A3B-FP8-without-reasoning,opponent_easy,instance_00001,Request Success Ratio,1.0
6080,codenames,Qwen3.6-35B-A3B-FP8-without-reasoning,opponent_easy,instance_00001,Main Score,0
6081,codenames,Qwen3.6-35B-A3B-FP8-without-reasoning,opponent_easy,instance_00000,experiment variable,Opponent Difficulty
6082,codenames,Qwen3.6-35B-A3B-FP8-without-reasoning,opponent_easy,instance_00000,experiment name,opponent_easy
6083,codenames,Qwen3.6-35B-A3B-FP8-without-reasoning,opponent_easy,instance_00000,Cluegiver strip words,1
6084,codenames,Qwen3.6-35B-A3B-FP8-without-reasoning,opponent_easy,instance_00000,Guesser strip words,0
6085,codenames,Qwen3.6-35B-A3B-FP8-without-reasoning,opponent_easy,instance_00000,Average Cluegiver Number of Targets,2.571
6086,codenames,Qwen3.6-35B-A3B-FP8-without-reasoning,opponent_easy,instance_00000,Average Cluegiver Team Precision,1.0
6087,codenames,Qwen3.6-35B-A3B-FP8-without-reasoning,opponent_easy,instance_00000,Average Cluegiver Team Recall,0.374
6088,codenames,Qwen3.6-35B-A3B-FP8-without-reasoning,opponent_easy,instance_00000,Average Cluegiver Team F1,0.505
6089,codenames,Qwen3.6-35B-A3B-FP8-without-reasoning,opponent_easy,instance_00000,Average Guesser Number of Guesses,2.429
6090,codenames,Qwen3.6-35B-A3B-FP8-without-reasoning,opponent_easy,instance_00000,Average Guesser Number of Revealed Words,1.286
6091,codenames,Qwen3.6-35B-A3B-FP8-without-reasoning,opponent_easy,instance_00000,Average Guesser Number of Unrevealed Guesses,1.143
6092,codenames,Qwen3.6-35B-A3B-FP8-without-reasoning,opponent_easy,instance_00000,Average Guesser Target Precision,0.571
6093,codenames,Qwen3.6-35B-A3B-FP8-without-reasoning,opponent_easy,instance_00000,Average Guesser Target Recall,0.516
6094,codenames,Qwen3.6-35B-A3B-FP8-without-reasoning,opponent_easy,instance_00000,Average Guesser Target F1,0.526
6095,codenames,Qwen3.6-35B-A3B-FP8-without-reasoning,opponent_easy,instance_00000,Average Guesser Team Precision,0.571
6096,codenames,Qwen3.6-35B-A3B-FP8-without-reasoning,opponent_easy,instance_00000,Average Guesser Team Recall,0.14
6097,codenames,Qwen3.6-35B-A3B-FP8-without-reasoning,opponent_easy,instance_00000,Average Guesser Team F1,0.224
6098,codenames,Qwen3.6-35B-A3B-FP8-without-reasoning,opponent_easy,instance_00000,Aborted,0
6099,codenames,Qwen3.6-35B-A3B-FP8-without-reasoning,opponent_easy,instance_00000,Lose,1
6100,codenames,Qwen3.6-35B-A3B-FP8-without-reasoning,opponent_easy,instance_00000,Success,0
6101,codenames,Qwen3.6-35B-A3B-FP8-without-reasoning,opponent_easy,instance_00000,Game ended through assassin,0
6102,codenames,Qwen3.6-35B-A3B-FP8-without-reasoning,opponent_easy,instance_00000,Episode Recall,0.667
6103,codenames,Qwen3.6-35B-A3B-FP8-without-reasoning,opponent_easy,instance_00000,Episode Negative Recall,0.812
6104,codenames,Qwen3.6-35B-A3B-FP8-without-reasoning,opponent_easy,instance_00000,Number of turns,7
6105,codenames,Qwen3.6-35B-A3B-FP8-without-reasoning,opponent_easy,instance_00000,Efficiency,1
6106,codenames,Qwen3.6-35B-A3B-FP8-without-reasoning,opponent_easy,instance_00000,Request Count,13
6107,codenames,Qwen3.6-35B-A3B-FP8-without-reasoning,opponent_easy,instance_00000,Parsed Request Count,13
6108,codenames,Qwen3.6-35B-A3B-FP8-without-reasoning,opponent_easy,instance_00000,Violated Request Count,0
6109,codenames,Qwen3.6-35B-A3B-FP8-without-reasoning,opponent_easy,instance_00000,Request Success Ratio,1.0
6110,codenames,Qwen3.6-35B-A3B-FP8-without-reasoning,opponent_easy,instance_00000,Main Score,0
6111,codenames,Qwen3.6-35B-A3B-FP8-without-reasoning,association_difficult,instance_00002,experiment variable,Word Assignments
6112,codenames,Qwen3.6-35B-A3B-FP8-without-reasoning,association_difficult,instance_00002,experiment name,association_difficult
6113,codenames,Qwen3.6-35B-A3B-FP8-without-reasoning,association_difficult,instance_00002,Cluegiver strip words,0
6114,codenames,Qwen3.6-35B-A3B-FP8-without-reasoning,association_difficult,instance_00002,Guesser strip words,0
6115,codenames,Qwen3.6-35B-A3B-FP8-without-reasoning,association_difficult,instance_00002,Average Cluegiver Number of Targets,1.333
6116,codenames,Qwen3.6-35B-A3B-FP8-without-reasoning,association_difficult,instance_00002,Average Cluegiver Team Precision,1.0
6117,codenames,Qwen3.6-35B-A3B-FP8-without-reasoning,association_difficult,instance_00002,Average Cluegiver Team Recall,0.153
6118,codenames,Qwen3.6-35B-A3B-FP8-without-reasoning,association_difficult,instance_00002,Average Cluegiver Team F1,0.262
6119,codenames,Qwen3.6-35B-A3B-FP8-without-reasoning,association_difficult,instance_00002,Average Guesser Number of Guesses,1.167
6120,codenames,Qwen3.6-35B-A3B-FP8-without-reasoning,association_difficult,instance_00002,Average Guesser Number of Revealed Words,0.833
6121,codenames,Qwen3.6-35B-A3B-FP8-without-reasoning,association_difficult,instance_00002,Average Guesser Number of Unrevealed Guesses,0.333
6122,codenames,Qwen3.6-35B-A3B-FP8-without-reasoning,association_difficult,instance_00002,Average Guesser Target Precision,0.167
6123,codenames,Qwen3.6-35B-A3B-FP8-without-reasoning,association_difficult,instance_00002,Average Guesser Target Recall,0.167
6124,codenames,Qwen3.6-35B-A3B-FP8-without-reasoning,association_difficult,instance_00002,Average Guesser Target F1,0.167
6125,codenames,Qwen3.6-35B-A3B-FP8-without-reasoning,association_difficult,instance_00002,Average Guesser Team Precision,0.167
6126,codenames,Qwen3.6-35B-A3B-FP8-without-reasoning,association_difficult,instance_00002,Average Guesser Team Recall,0.018
6127,codenames,Qwen3.6-35B-A3B-FP8-without-reasoning,association_difficult,instance_00002,Average Guesser Team F1,0.033
6128,codenames,Qwen3.6-35B-A3B-FP8-without-reasoning,association_difficult,instance_00002,Aborted,0
6129,codenames,Qwen3.6-35B-A3B-FP8-without-reasoning,association_difficult,instance_00002,Lose,1
6130,codenames,Qwen3.6-35B-A3B-FP8-without-reasoning,association_difficult,instance_00002,Success,0
6131,codenames,Qwen3.6-35B-A3B-FP8-without-reasoning,association_difficult,instance_00002,Game ended through assassin,0
6132,codenames,Qwen3.6-35B-A3B-FP8-without-reasoning,association_difficult,instance_00002,Episode Recall,0.111
6133,codenames,Qwen3.6-35B-A3B-FP8-without-reasoning,association_difficult,instance_00002,Episode Negative Recall,0.75
6134,codenames,Qwen3.6-35B-A3B-FP8-without-reasoning,association_difficult,instance_00002,Number of turns,6
6135,codenames,Qwen3.6-35B-A3B-FP8-without-reasoning,association_difficult,instance_00002,Efficiency,0.583
6136,codenames,Qwen3.6-35B-A3B-FP8-without-reasoning,association_difficult,instance_00002,Request Count,11
6137,codenames,Qwen3.6-35B-A3B-FP8-without-reasoning,association_difficult,instance_00002,Parsed Request Count,11
6138,codenames,Qwen3.6-35B-A3B-FP8-without-reasoning,association_difficult,instance_00002,Violated Request Count,0
6139,codenames,Qwen3.6-35B-A3B-FP8-without-reasoning,association_difficult,instance_00002,Request Success Ratio,1.0
6140,codenames,Qwen3.6-35B-A3B-FP8-without-reasoning,association_difficult,instance_00002,Main Score,0
6141,codenames,Qwen3.6-35B-A3B-FP8-without-reasoning,association_difficult,instance_00003,experiment variable,Word Assignments
6142,codenames,Qwen3.6-35B-A3B-FP8-without-reasoning,association_difficult,instance_00003,experiment name,association_difficult
6143,codenames,Qwen3.6-35B-A3B-FP8-without-reasoning,association_difficult,instance_00003,Cluegiver strip words,0
6144,codenames,Qwen3.6-35B-A3B-FP8-without-reasoning,association_difficult,instance_00003,Guesser strip words,0
6145,codenames,Qwen3.6-35B-A3B-FP8-without-reasoning,association_difficult,instance_00003,Average Cluegiver Number of Targets,1.429
6146,codenames,Qwen3.6-35B-A3B-FP8-without-reasoning,association_difficult,instance_00003,Average Cluegiver Team Precision,1.0
6147,codenames,Qwen3.6-35B-A3B-FP8-without-reasoning,association_difficult,instance_00003,Average Cluegiver Team Recall,0.265
6148,codenames,Qwen3.6-35B-A3B-FP8-without-reasoning,association_difficult,instance_00003,Average Cluegiver Team F1,0.414
6149,codenames,Qwen3.6-35B-A3B-FP8-without-reasoning,association_difficult,instance_00003,Average Guesser Number of Guesses,1.143
6150,codenames,Qwen3.6-35B-A3B-FP8-without-reasoning,association_difficult,instance_00003,Average Guesser Number of Revealed Words,1.143
6151,codenames,Qwen3.6-35B-A3B-FP8-without-reasoning,association_difficult,instance_00003,Average Guesser Number of Unrevealed Guesses,0
6152,codenames,Qwen3.6-35B-A3B-FP8-without-reasoning,association_difficult,instance_00003,Average Guesser Target Precision,0.643
6153,codenames,Qwen3.6-35B-A3B-FP8-without-reasoning,association_difficult,instance_00003,Average Guesser Target Recall,0.643
6154,codenames,Qwen3.6-35B-A3B-FP8-without-reasoning,association_difficult,instance_00003,Average Guesser Target F1,0.643
6155,codenames,Qwen3.6-35B-A3B-FP8-without-reasoning,association_difficult,instance_00003,Average Guesser Team Precision,0.643
6156,codenames,Qwen3.6-35B-A3B-FP8-without-reasoning,association_difficult,instance_00003,Average Guesser Team Recall,0.14
6157,codenames,Qwen3.6-35B-A3B-FP8-without-reasoning,association_difficult,instance_00003,Average Guesser Team F1,0.229
6158,codenames,Qwen3.6-35B-A3B-FP8-without-reasoning,association_difficult,instance_00003,Aborted,0
6159,codenames,Qwen3.6-35B-A3B-FP8-without-reasoning,association_difficult,instance_00003,Lose,1
6160,codenames,Qwen3.6-35B-A3B-FP8-without-reasoning,association_difficult,instance_00003,Success,0
6161,codenames,Qwen3.6-35B-A3B-FP8-without-reasoning,association_difficult,instance_00003,Game ended through assassin,0
6162,codenames,Qwen3.6-35B-A3B-FP8-without-reasoning,association_difficult,instance_00003,Episode Recall,0.667
6163,codenames,Qwen3.6-35B-A3B-FP8-without-reasoning,association_difficult,instance_00003,Episode Negative Recall,0.875
6164,codenames,Qwen3.6-35B-A3B-FP8-without-reasoning,association_difficult,instance_00003,Number of turns,7
6165,codenames,Qwen3.6-35B-A3B-FP8-without-reasoning,association_difficult,instance_00003,Efficiency,0.571
6166,codenames,Qwen3.6-35B-A3B-FP8-without-reasoning,association_difficult,instance_00003,Request Count,13
6167,codenames,Qwen3.6-35B-A3B-FP8-without-reasoning,association_difficult,instance_00003,Parsed Request Count,13
6168,codenames,Qwen3.6-35B-A3B-FP8-without-reasoning,association_difficult,instance_00003,Violated Request Count,0
6169,codenames,Qwen3.6-35B-A3B-FP8-without-reasoning,association_difficult,instance_00003,Request Success Ratio,1.0
6170,codenames,Qwen3.6-35B-A3B-FP8-without-reasoning,association_difficult,instance_00003,Main Score,0
6171,codenames,Qwen3.6-35B-A3B-FP8-without-reasoning,association_difficult,instance_00004,experiment variable,Word Assignments
6172,codenames,Qwen3.6-35B-A3B-FP8-without-reasoning,association_difficult,instance_00004,experiment name,association_difficult
6173,codenames,Qwen3.6-35B-A3B-FP8-without-reasoning,association_difficult,instance_00004,Cluegiver strip words,0
6174,codenames,Qwen3.6-35B-A3B-FP8-without-reasoning,association_difficult,instance_00004,Guesser strip words,0
6175,codenames,Qwen3.6-35B-A3B-FP8-without-reasoning,association_difficult,instance_00004,Average Cluegiver Number of Targets,1.75
6176,codenames,Qwen3.6-35B-A3B-FP8-without-reasoning,association_difficult,instance_00004,Average Cluegiver Team Precision,0.938
6177,codenames,Qwen3.6-35B-A3B-FP8-without-reasoning,association_difficult,instance_00004,Average Cluegiver Team Recall,0.33
6178,codenames,Qwen3.6-35B-A3B-FP8-without-reasoning,association_difficult,instance_00004,Average Cluegiver Team F1,0.48
6179,codenames,Qwen3.6-35B-A3B-FP8-without-reasoning,association_difficult,instance_00004,Average Guesser Number of Guesses,1.625
6180,codenames,Qwen3.6-35B-A3B-FP8-without-reasoning,association_difficult,instance_00004,Average Guesser Number of Revealed Words,1.5
6181,codenames,Qwen3.6-35B-A3B-FP8-without-reasoning,association_difficult,instance_00004,Average Guesser Number of Unrevealed Guesses,0.125
6182,codenames,Qwen3.6-35B-A3B-FP8-without-reasoning,association_difficult,instance_00004,Average Guesser Target Precision,0.458
6183,codenames,Qwen3.6-35B-A3B-FP8-without-reasoning,association_difficult,instance_00004,Average Guesser Target Recall,0.458
6184,codenames,Qwen3.6-35B-A3B-FP8-without-reasoning,association_difficult,instance_00004,Average Guesser Target F1,0.458
6185,codenames,Qwen3.6-35B-A3B-FP8-without-reasoning,association_difficult,instance_00004,Average Guesser Team Precision,0.458
6186,codenames,Qwen3.6-35B-A3B-FP8-without-reasoning,association_difficult,instance_00004,Average Guesser Team Recall,0.16
6187,codenames,Qwen3.6-35B-A3B-FP8-without-reasoning,association_difficult,instance_00004,Average Guesser Team F1,0.236
6188,codenames,Qwen3.6-35B-A3B-FP8-without-reasoning,association_difficult,instance_00004,Aborted,0
6189,codenames,Qwen3.6-35B-A3B-FP8-without-reasoning,association_difficult,instance_00004,Lose,1
6190,codenames,Qwen3.6-35B-A3B-FP8-without-reasoning,association_difficult,instance_00004,Success,0
6191,codenames,Qwen3.6-35B-A3B-FP8-without-reasoning,association_difficult,instance_00004,Game ended through assassin,0
6192,codenames,Qwen3.6-35B-A3B-FP8-without-reasoning,association_difficult,instance_00004,Episode Recall,0.778
6193,codenames,Qwen3.6-35B-A3B-FP8-without-reasoning,association_difficult,instance_00004,Episode Negative Recall,0.688
6194,codenames,Qwen3.6-35B-A3B-FP8-without-reasoning,association_difficult,instance_00004,Number of turns,8
6195,codenames,Qwen3.6-35B-A3B-FP8-without-reasoning,association_difficult,instance_00004,Efficiency,0.812
6196,codenames,Qwen3.6-35B-A3B-FP8-without-reasoning,association_difficult,instance_00004,Request Count,15
6197,codenames,Qwen3.6-35B-A3B-FP8-without-reasoning,association_difficult,instance_00004,Parsed Request Count,15
6198,codenames,Qwen3.6-35B-A3B-FP8-without-reasoning,association_difficult,instance_00004,Violated Request Count,0
6199,codenames,Qwen3.6-35B-A3B-FP8-without-reasoning,association_difficult,instance_00004,Request Success Ratio,1.0
6200,codenames,Qwen3.6-35B-A3B-FP8-without-reasoning,association_difficult,instance_00004,Main Score,0
6201,codenames,Qwen3.6-35B-A3B-FP8-without-reasoning,association_difficult,instance_00001,experiment variable,Word Assignments
6202,codenames,Qwen3.6-35B-A3B-FP8-without-reasoning,association_difficult,instance_00001,experiment name,association_difficult
6203,codenames,Qwen3.6-35B-A3B-FP8-without-reasoning,association_difficult,instance_00001,Cluegiver strip words,1
6204,codenames,Qwen3.6-35B-A3B-FP8-without-reasoning,association_difficult,instance_00001,Guesser strip words,1
6205,codenames,Qwen3.6-35B-A3B-FP8-without-reasoning,association_difficult,instance_00001,Average Cluegiver Number of Targets,1.857
6206,codenames,Qwen3.6-35B-A3B-FP8-without-reasoning,association_difficult,instance_00001,Average Cluegiver Team Precision,1.0
6207,codenames,Qwen3.6-35B-A3B-FP8-without-reasoning,association_difficult,instance_00001,Average Cluegiver Team Recall,0.25
6208,codenames,Qwen3.6-35B-A3B-FP8-without-reasoning,association_difficult,instance_00001,Average Cluegiver Team F1,0.396
6209,codenames,Qwen3.6-35B-A3B-FP8-without-reasoning,association_difficult,instance_00001,Average Guesser Number of Guesses,1.429
6210,codenames,Qwen3.6-35B-A3B-FP8-without-reasoning,association_difficult,instance_00001,Average Guesser Number of Revealed Words,1.143
6211,codenames,Qwen3.6-35B-A3B-FP8-without-reasoning,association_difficult,instance_00001,Average Guesser Number of Unrevealed Guesses,0.286
6212,codenames,Qwen3.6-35B-A3B-FP8-without-reasoning,association_difficult,instance_00001,Average Guesser Target Precision,0.286
6213,codenames,Qwen3.6-35B-A3B-FP8-without-reasoning,association_difficult,instance_00001,Average Guesser Target Recall,0.214
6214,codenames,Qwen3.6-35B-A3B-FP8-without-reasoning,association_difficult,instance_00001,Average Guesser Target F1,0.238
6215,codenames,Qwen3.6-35B-A3B-FP8-without-reasoning,association_difficult,instance_00001,Average Guesser Team Precision,0.286
6216,codenames,Qwen3.6-35B-A3B-FP8-without-reasoning,association_difficult,instance_00001,Average Guesser Team Recall,0.054
6217,codenames,Qwen3.6-35B-A3B-FP8-without-reasoning,association_difficult,instance_00001,Average Guesser Team F1,0.089
6218,codenames,Qwen3.6-35B-A3B-FP8-without-reasoning,association_difficult,instance_00001,Aborted,0
6219,codenames,Qwen3.6-35B-A3B-FP8-without-reasoning,association_difficult,instance_00001,Lose,1
6220,codenames,Qwen3.6-35B-A3B-FP8-without-reasoning,association_difficult,instance_00001,Success,0
6221,codenames,Qwen3.6-35B-A3B-FP8-without-reasoning,association_difficult,instance_00001,Game ended through assassin,0
6222,codenames,Qwen3.6-35B-A3B-FP8-without-reasoning,association_difficult,instance_00001,Episode Recall,0.333
6223,codenames,Qwen3.6-35B-A3B-FP8-without-reasoning,association_difficult,instance_00001,Episode Negative Recall,0.688
6224,codenames,Qwen3.6-35B-A3B-FP8-without-reasoning,association_difficult,instance_00001,Number of turns,7
6225,codenames,Qwen3.6-35B-A3B-FP8-without-reasoning,association_difficult,instance_00001,Efficiency,0.714
6226,codenames,Qwen3.6-35B-A3B-FP8-without-reasoning,association_difficult,instance_00001,Request Count,13
6227,codenames,Qwen3.6-35B-A3B-FP8-without-reasoning,association_difficult,instance_00001,Parsed Request Count,13
6228,codenames,Qwen3.6-35B-A3B-FP8-without-reasoning,association_difficult,instance_00001,Violated Request Count,0
6229,codenames,Qwen3.6-35B-A3B-FP8-without-reasoning,association_difficult,instance_00001,Request Success Ratio,1.0
6230,codenames,Qwen3.6-35B-A3B-FP8-without-reasoning,association_difficult,instance_00001,Main Score,0
6231,codenames,Qwen3.6-35B-A3B-FP8-without-reasoning,association_difficult,instance_00000,experiment variable,Word Assignments
6232,codenames,Qwen3.6-35B-A3B-FP8-without-reasoning,association_difficult,instance_00000,experiment name,association_difficult
6233,codenames,Qwen3.6-35B-A3B-FP8-without-reasoning,association_difficult,instance_00000,Cluegiver strip words,0
6234,codenames,Qwen3.6-35B-A3B-FP8-without-reasoning,association_difficult,instance_00000,Guesser strip words,0
6235,codenames,Qwen3.6-35B-A3B-FP8-without-reasoning,association_difficult,instance_00000,Average Cluegiver Number of Targets,2
6236,codenames,Qwen3.6-35B-A3B-FP8-without-reasoning,association_difficult,instance_00000,Average Cluegiver Team Precision,1.0
6237,codenames,Qwen3.6-35B-A3B-FP8-without-reasoning,association_difficult,instance_00000,Average Cluegiver Team Recall,0.222
6238,codenames,Qwen3.6-35B-A3B-FP8-without-reasoning,association_difficult,instance_00000,Average Cluegiver Team F1,0.364
6239,codenames,Qwen3.6-35B-A3B-FP8-without-reasoning,association_difficult,instance_00000,Average Guesser Number of Guesses,0
6240,codenames,Qwen3.6-35B-A3B-FP8-without-reasoning,association_difficult,instance_00000,Average Guesser Number of Revealed Words,0
6241,codenames,Qwen3.6-35B-A3B-FP8-without-reasoning,association_difficult,instance_00000,Average Guesser Number of Unrevealed Guesses,0
6242,codenames,Qwen3.6-35B-A3B-FP8-without-reasoning,association_difficult,instance_00000,Average Guesser Target Precision,0
6243,codenames,Qwen3.6-35B-A3B-FP8-without-reasoning,association_difficult,instance_00000,Average Guesser Target Recall,0.0
6244,codenames,Qwen3.6-35B-A3B-FP8-without-reasoning,association_difficult,instance_00000,Average Guesser Target F1,0
6245,codenames,Qwen3.6-35B-A3B-FP8-without-reasoning,association_difficult,instance_00000,Average Guesser Team Precision,0
6246,codenames,Qwen3.6-35B-A3B-FP8-without-reasoning,association_difficult,instance_00000,Average Guesser Team Recall,0.0
6247,codenames,Qwen3.6-35B-A3B-FP8-without-reasoning,association_difficult,instance_00000,Average Guesser Team F1,0
6248,codenames,Qwen3.6-35B-A3B-FP8-without-reasoning,association_difficult,instance_00000,Aborted,1
6249,codenames,Qwen3.6-35B-A3B-FP8-without-reasoning,association_difficult,instance_00000,Lose,0
6250,codenames,Qwen3.6-35B-A3B-FP8-without-reasoning,association_difficult,instance_00000,Success,0
6251,codenames,Qwen3.6-35B-A3B-FP8-without-reasoning,association_difficult,instance_00000,Game ended through assassin,0
6252,codenames,Qwen3.6-35B-A3B-FP8-without-reasoning,association_difficult,instance_00000,Episode Recall,0.0
6253,codenames,Qwen3.6-35B-A3B-FP8-without-reasoning,association_difficult,instance_00000,Episode Negative Recall,1.0
6254,codenames,Qwen3.6-35B-A3B-FP8-without-reasoning,association_difficult,instance_00000,Number of turns,2
6255,codenames,Qwen3.6-35B-A3B-FP8-without-reasoning,association_difficult,instance_00000,Efficiency,0.0
6256,codenames,Qwen3.6-35B-A3B-FP8-without-reasoning,association_difficult,instance_00000,Request Count,2
6257,codenames,Qwen3.6-35B-A3B-FP8-without-reasoning,association_difficult,instance_00000,Parsed Request Count,1
6258,codenames,Qwen3.6-35B-A3B-FP8-without-reasoning,association_difficult,instance_00000,Violated Request Count,1
6259,codenames,Qwen3.6-35B-A3B-FP8-without-reasoning,association_difficult,instance_00000,Request Success Ratio,0.5
6260,codenames,Qwen3.6-35B-A3B-FP8-without-reasoning,association_difficult,instance_00000,Main Score,
6261,codenames,Qwen3.6-35B-A3B-FP8-without-reasoning,association_easy,instance_00002,experiment variable,Word Assignments
6262,codenames,Qwen3.6-35B-A3B-FP8-without-reasoning,association_easy,instance_00002,experiment name,association_easy
6263,codenames,Qwen3.6-35B-A3B-FP8-without-reasoning,association_easy,instance_00002,Cluegiver strip words,0
6264,codenames,Qwen3.6-35B-A3B-FP8-without-reasoning,association_easy,instance_00002,Guesser strip words,0
6265,codenames,Qwen3.6-35B-A3B-FP8-without-reasoning,association_easy,instance_00002,Average Cluegiver Number of Targets,3.667
6266,codenames,Qwen3.6-35B-A3B-FP8-without-reasoning,association_easy,instance_00002,Average Cluegiver Team Precision,1.0
6267,codenames,Qwen3.6-35B-A3B-FP8-without-reasoning,association_easy,instance_00002,Average Cluegiver Team Recall,0.481
6268,codenames,Qwen3.6-35B-A3B-FP8-without-reasoning,association_easy,instance_00002,Average Cluegiver Team F1,0.638
6269,codenames,Qwen3.6-35B-A3B-FP8-without-reasoning,association_easy,instance_00002,Average Guesser Number of Guesses,3.667
6270,codenames,Qwen3.6-35B-A3B-FP8-without-reasoning,association_easy,instance_00002,Average Guesser Number of Revealed Words,1.667
6271,codenames,Qwen3.6-35B-A3B-FP8-without-reasoning,association_easy,instance_00002,Average Guesser Number of Unrevealed Guesses,2
6272,codenames,Qwen3.6-35B-A3B-FP8-without-reasoning,association_easy,instance_00002,Average Guesser Target Precision,0.333
6273,codenames,Qwen3.6-35B-A3B-FP8-without-reasoning,association_easy,instance_00002,Average Guesser Target Recall,0.333
6274,codenames,Qwen3.6-35B-A3B-FP8-without-reasoning,association_easy,instance_00002,Average Guesser Target F1,0.333
6275,codenames,Qwen3.6-35B-A3B-FP8-without-reasoning,association_easy,instance_00002,Average Guesser Team Precision,0.333
6276,codenames,Qwen3.6-35B-A3B-FP8-without-reasoning,association_easy,instance_00002,Average Guesser Team Recall,0.111
6277,codenames,Qwen3.6-35B-A3B-FP8-without-reasoning,association_easy,instance_00002,Average Guesser Team F1,0.167
6278,codenames,Qwen3.6-35B-A3B-FP8-without-reasoning,association_easy,instance_00002,Aborted,0
6279,codenames,Qwen3.6-35B-A3B-FP8-without-reasoning,association_easy,instance_00002,Lose,1
6280,codenames,Qwen3.6-35B-A3B-FP8-without-reasoning,association_easy,instance_00002,Success,0
6281,codenames,Qwen3.6-35B-A3B-FP8-without-reasoning,association_easy,instance_00002,Game ended through assassin,1
6282,codenames,Qwen3.6-35B-A3B-FP8-without-reasoning,association_easy,instance_00002,Episode Recall,0.333
6283,codenames,Qwen3.6-35B-A3B-FP8-without-reasoning,association_easy,instance_00002,Episode Negative Recall,0.875
6284,codenames,Qwen3.6-35B-A3B-FP8-without-reasoning,association_easy,instance_00002,Number of turns,4
6285,codenames,Qwen3.6-35B-A3B-FP8-without-reasoning,association_easy,instance_00002,Efficiency,1
6286,codenames,Qwen3.6-35B-A3B-FP8-without-reasoning,association_easy,instance_00002,Request Count,6
6287,codenames,Qwen3.6-35B-A3B-FP8-without-reasoning,association_easy,instance_00002,Parsed Request Count,6
6288,codenames,Qwen3.6-35B-A3B-FP8-without-reasoning,association_easy,instance_00002,Violated Request Count,0
6289,codenames,Qwen3.6-35B-A3B-FP8-without-reasoning,association_easy,instance_00002,Request Success Ratio,1.0
6290,codenames,Qwen3.6-35B-A3B-FP8-without-reasoning,association_easy,instance_00002,Main Score,0
6291,codenames,Qwen3.6-35B-A3B-FP8-without-reasoning,association_easy,instance_00003,experiment variable,Word Assignments
6292,codenames,Qwen3.6-35B-A3B-FP8-without-reasoning,association_easy,instance_00003,experiment name,association_easy
6293,codenames,Qwen3.6-35B-A3B-FP8-without-reasoning,association_easy,instance_00003,Cluegiver strip words,0
6294,codenames,Qwen3.6-35B-A3B-FP8-without-reasoning,association_easy,instance_00003,Guesser strip words,0
6295,codenames,Qwen3.6-35B-A3B-FP8-without-reasoning,association_easy,instance_00003,Average Cluegiver Number of Targets,2.8
6296,codenames,Qwen3.6-35B-A3B-FP8-without-reasoning,association_easy,instance_00003,Average Cluegiver Team Precision,1.0
6297,codenames,Qwen3.6-35B-A3B-FP8-without-reasoning,association_easy,instance_00003,Average Cluegiver Team Recall,0.736
6298,codenames,Qwen3.6-35B-A3B-FP8-without-reasoning,association_easy,instance_00003,Average Cluegiver Team F1,0.823
6299,codenames,Qwen3.6-35B-A3B-FP8-without-reasoning,association_easy,instance_00003,Average Guesser Number of Guesses,2.4
6300,codenames,Qwen3.6-35B-A3B-FP8-without-reasoning,association_easy,instance_00003,Average Guesser Number of Revealed Words,2.2
6301,codenames,Qwen3.6-35B-A3B-FP8-without-reasoning,association_easy,instance_00003,Average Guesser Number of Unrevealed Guesses,0.2
6302,codenames,Qwen3.6-35B-A3B-FP8-without-reasoning,association_easy,instance_00003,Average Guesser Target Precision,0.86
6303,codenames,Qwen3.6-35B-A3B-FP8-without-reasoning,association_easy,instance_00003,Average Guesser Target Recall,0.781
6304,codenames,Qwen3.6-35B-A3B-FP8-without-reasoning,association_easy,instance_00003,Average Guesser Target F1,0.813
6305,codenames,Qwen3.6-35B-A3B-FP8-without-reasoning,association_easy,instance_00003,Average Guesser Team Precision,0.86
6306,codenames,Qwen3.6-35B-A3B-FP8-without-reasoning,association_easy,instance_00003,Average Guesser Team Recall,0.535
6307,codenames,Qwen3.6-35B-A3B-FP8-without-reasoning,association_easy,instance_00003,Average Guesser Team F1,0.642
6308,codenames,Qwen3.6-35B-A3B-FP8-without-reasoning,association_easy,instance_00003,Aborted,0
6309,codenames,Qwen3.6-35B-A3B-FP8-without-reasoning,association_easy,instance_00003,Lose,0
6310,codenames,Qwen3.6-35B-A3B-FP8-without-reasoning,association_easy,instance_00003,Success,1
6311,codenames,Qwen3.6-35B-A3B-FP8-without-reasoning,association_easy,instance_00003,Game ended through assassin,0
6312,codenames,Qwen3.6-35B-A3B-FP8-without-reasoning,association_easy,instance_00003,Episode Recall,1.0
6313,codenames,Qwen3.6-35B-A3B-FP8-without-reasoning,association_easy,instance_00003,Episode Negative Recall,0.875
6314,codenames,Qwen3.6-35B-A3B-FP8-without-reasoning,association_easy,instance_00003,Number of turns,6
6315,codenames,Qwen3.6-35B-A3B-FP8-without-reasoning,association_easy,instance_00003,Efficiency,1.0
6316,codenames,Qwen3.6-35B-A3B-FP8-without-reasoning,association_easy,instance_00003,Request Count,10
6317,codenames,Qwen3.6-35B-A3B-FP8-without-reasoning,association_easy,instance_00003,Parsed Request Count,10
6318,codenames,Qwen3.6-35B-A3B-FP8-without-reasoning,association_easy,instance_00003,Violated Request Count,0
6319,codenames,Qwen3.6-35B-A3B-FP8-without-reasoning,association_easy,instance_00003,Request Success Ratio,1.0
6320,codenames,Qwen3.6-35B-A3B-FP8-without-reasoning,association_easy,instance_00003,Main Score,100
6321,codenames,Qwen3.6-35B-A3B-FP8-without-reasoning,association_easy,instance_00004,experiment variable,Word Assignments
6322,codenames,Qwen3.6-35B-A3B-FP8-without-reasoning,association_easy,instance_00004,experiment name,association_easy
6323,codenames,Qwen3.6-35B-A3B-FP8-without-reasoning,association_easy,instance_00004,Cluegiver strip words,0
6324,codenames,Qwen3.6-35B-A3B-FP8-without-reasoning,association_easy,instance_00004,Guesser strip words,0
6325,codenames,Qwen3.6-35B-A3B-FP8-without-reasoning,association_easy,instance_00004,Average Cluegiver Number of Targets,2.5
6326,codenames,Qwen3.6-35B-A3B-FP8-without-reasoning,association_easy,instance_00004,Average Cluegiver Team Precision,0.5
6327,codenames,Qwen3.6-35B-A3B-FP8-without-reasoning,association_easy,instance_00004,Average Cluegiver Team Recall,0.278
6328,codenames,Qwen3.6-35B-A3B-FP8-without-reasoning,association_easy,instance_00004,Average Cluegiver Team F1,0.357
6329,codenames,Qwen3.6-35B-A3B-FP8-without-reasoning,association_easy,instance_00004,Average Guesser Number of Guesses,2.5
6330,codenames,Qwen3.6-35B-A3B-FP8-without-reasoning,association_easy,instance_00004,Average Guesser Number of Revealed Words,2.5
6331,codenames,Qwen3.6-35B-A3B-FP8-without-reasoning,association_easy,instance_00004,Average Guesser Number of Unrevealed Guesses,0
6332,codenames,Qwen3.6-35B-A3B-FP8-without-reasoning,association_easy,instance_00004,Average Guesser Target Precision,0.4
6333,codenames,Qwen3.6-35B-A3B-FP8-without-reasoning,association_easy,instance_00004,Average Guesser Target Recall,0.4
6334,codenames,Qwen3.6-35B-A3B-FP8-without-reasoning,association_easy,instance_00004,Average Guesser Target F1,0.4
6335,codenames,Qwen3.6-35B-A3B-FP8-without-reasoning,association_easy,instance_00004,Average Guesser Team Precision,0.4
6336,codenames,Qwen3.6-35B-A3B-FP8-without-reasoning,association_easy,instance_00004,Average Guesser Team Recall,0.222
6337,codenames,Qwen3.6-35B-A3B-FP8-without-reasoning,association_easy,instance_00004,Average Guesser Team F1,0.285
6338,codenames,Qwen3.6-35B-A3B-FP8-without-reasoning,association_easy,instance_00004,Aborted,1
6339,codenames,Qwen3.6-35B-A3B-FP8-without-reasoning,association_easy,instance_00004,Lose,0
6340,codenames,Qwen3.6-35B-A3B-FP8-without-reasoning,association_easy,instance_00004,Success,0
6341,codenames,Qwen3.6-35B-A3B-FP8-without-reasoning,association_easy,instance_00004,Game ended through assassin,0
6342,codenames,Qwen3.6-35B-A3B-FP8-without-reasoning,association_easy,instance_00004,Episode Recall,0.444
6343,codenames,Qwen3.6-35B-A3B-FP8-without-reasoning,association_easy,instance_00004,Episode Negative Recall,0.938
6344,codenames,Qwen3.6-35B-A3B-FP8-without-reasoning,association_easy,instance_00004,Number of turns,2
6345,codenames,Qwen3.6-35B-A3B-FP8-without-reasoning,association_easy,instance_00004,Efficiency,1
6346,codenames,Qwen3.6-35B-A3B-FP8-without-reasoning,association_easy,instance_00004,Request Count,3
6347,codenames,Qwen3.6-35B-A3B-FP8-without-reasoning,association_easy,instance_00004,Parsed Request Count,2
6348,codenames,Qwen3.6-35B-A3B-FP8-without-reasoning,association_easy,instance_00004,Violated Request Count,1
6349,codenames,Qwen3.6-35B-A3B-FP8-without-reasoning,association_easy,instance_00004,Request Success Ratio,0.667
6350,codenames,Qwen3.6-35B-A3B-FP8-without-reasoning,association_easy,instance_00004,Main Score,
6351,codenames,Qwen3.6-35B-A3B-FP8-without-reasoning,association_easy,instance_00001,experiment variable,Word Assignments
6352,codenames,Qwen3.6-35B-A3B-FP8-without-reasoning,association_easy,instance_00001,experiment name,association_easy
6353,codenames,Qwen3.6-35B-A3B-FP8-without-reasoning,association_easy,instance_00001,Cluegiver strip words,0
6354,codenames,Qwen3.6-35B-A3B-FP8-without-reasoning,association_easy,instance_00001,Guesser strip words,0
6355,codenames,Qwen3.6-35B-A3B-FP8-without-reasoning,association_easy,instance_00001,Average Cluegiver Number of Targets,3
6356,codenames,Qwen3.6-35B-A3B-FP8-without-reasoning,association_easy,instance_00001,Average Cluegiver Team Precision,1.0
6357,codenames,Qwen3.6-35B-A3B-FP8-without-reasoning,association_easy,instance_00001,Average Cluegiver Team Recall,0.667
6358,codenames,Qwen3.6-35B-A3B-FP8-without-reasoning,association_easy,instance_00001,Average Cluegiver Team F1,0.767
6359,codenames,Qwen3.6-35B-A3B-FP8-without-reasoning,association_easy,instance_00001,Average Guesser Number of Guesses,3
6360,codenames,Qwen3.6-35B-A3B-FP8-without-reasoning,association_easy,instance_00001,Average Guesser Number of Revealed Words,3
6361,codenames,Qwen3.6-35B-A3B-FP8-without-reasoning,association_easy,instance_00001,Average Guesser Number of Unrevealed Guesses,0
6362,codenames,Qwen3.6-35B-A3B-FP8-without-reasoning,association_easy,instance_00001,Average Guesser Target Precision,1.0
6363,codenames,Qwen3.6-35B-A3B-FP8-without-reasoning,association_easy,instance_00001,Average Guesser Target Recall,1.0
6364,codenames,Qwen3.6-35B-A3B-FP8-without-reasoning,association_easy,instance_00001,Average Guesser Target F1,1.0
6365,codenames,Qwen3.6-35B-A3B-FP8-without-reasoning,association_easy,instance_00001,Average Guesser Team Precision,1.0
6366,codenames,Qwen3.6-35B-A3B-FP8-without-reasoning,association_easy,instance_00001,Average Guesser Team Recall,0.667
6367,codenames,Qwen3.6-35B-A3B-FP8-without-reasoning,association_easy,instance_00001,Average Guesser Team F1,0.767
6368,codenames,Qwen3.6-35B-A3B-FP8-without-reasoning,association_easy,instance_00001,Aborted,0
6369,codenames,Qwen3.6-35B-A3B-FP8-without-reasoning,association_easy,instance_00001,Lose,0
6370,codenames,Qwen3.6-35B-A3B-FP8-without-reasoning,association_easy,instance_00001,Success,1
6371,codenames,Qwen3.6-35B-A3B-FP8-without-reasoning,association_easy,instance_00001,Game ended through assassin,0
6372,codenames,Qwen3.6-35B-A3B-FP8-without-reasoning,association_easy,instance_00001,Episode Recall,1.0
6373,codenames,Qwen3.6-35B-A3B-FP8-without-reasoning,association_easy,instance_00001,Episode Negative Recall,1.0
6374,codenames,Qwen3.6-35B-A3B-FP8-without-reasoning,association_easy,instance_00001,Number of turns,4
6375,codenames,Qwen3.6-35B-A3B-FP8-without-reasoning,association_easy,instance_00001,Efficiency,1
6376,codenames,Qwen3.6-35B-A3B-FP8-without-reasoning,association_easy,instance_00001,Request Count,6
6377,codenames,Qwen3.6-35B-A3B-FP8-without-reasoning,association_easy,instance_00001,Parsed Request Count,6
6378,codenames,Qwen3.6-35B-A3B-FP8-without-reasoning,association_easy,instance_00001,Violated Request Count,0
6379,codenames,Qwen3.6-35B-A3B-FP8-without-reasoning,association_easy,instance_00001,Request Success Ratio,1.0
6380,codenames,Qwen3.6-35B-A3B-FP8-without-reasoning,association_easy,instance_00001,Main Score,100
6381,codenames,Qwen3.6-35B-A3B-FP8-without-reasoning,association_easy,instance_00000,experiment variable,Word Assignments
6382,codenames,Qwen3.6-35B-A3B-FP8-without-reasoning,association_easy,instance_00000,experiment name,association_easy
6383,codenames,Qwen3.6-35B-A3B-FP8-without-reasoning,association_easy,instance_00000,Cluegiver strip words,0
6384,codenames,Qwen3.6-35B-A3B-FP8-without-reasoning,association_easy,instance_00000,Guesser strip words,0
6385,codenames,Qwen3.6-35B-A3B-FP8-without-reasoning,association_easy,instance_00000,Average Cluegiver Number of Targets,2.5
6386,codenames,Qwen3.6-35B-A3B-FP8-without-reasoning,association_easy,instance_00000,Average Cluegiver Team Precision,1.0
6387,codenames,Qwen3.6-35B-A3B-FP8-without-reasoning,association_easy,instance_00000,Average Cluegiver Team Recall,0.574
6388,codenames,Qwen3.6-35B-A3B-FP8-without-reasoning,association_easy,instance_00000,Average Cluegiver Team F1,0.686
6389,codenames,Qwen3.6-35B-A3B-FP8-without-reasoning,association_easy,instance_00000,Average Guesser Number of Guesses,2.333
6390,codenames,Qwen3.6-35B-A3B-FP8-without-reasoning,association_easy,instance_00000,Average Guesser Number of Revealed Words,1.833
6391,codenames,Qwen3.6-35B-A3B-FP8-without-reasoning,association_easy,instance_00000,Average Guesser Number of Unrevealed Guesses,0.5
6392,codenames,Qwen3.6-35B-A3B-FP8-without-reasoning,association_easy,instance_00000,Average Guesser Target Precision,0.75
6393,codenames,Qwen3.6-35B-A3B-FP8-without-reasoning,association_easy,instance_00000,Average Guesser Target Recall,0.667
6394,codenames,Qwen3.6-35B-A3B-FP8-without-reasoning,association_easy,instance_00000,Average Guesser Target F1,0.7
6395,codenames,Qwen3.6-35B-A3B-FP8-without-reasoning,association_easy,instance_00000,Average Guesser Team Precision,0.75
6396,codenames,Qwen3.6-35B-A3B-FP8-without-reasoning,association_easy,instance_00000,Average Guesser Team Recall,0.425
6397,codenames,Qwen3.6-35B-A3B-FP8-without-reasoning,association_easy,instance_00000,Average Guesser Team F1,0.516
6398,codenames,Qwen3.6-35B-A3B-FP8-without-reasoning,association_easy,instance_00000,Aborted,0
6399,codenames,Qwen3.6-35B-A3B-FP8-without-reasoning,association_easy,instance_00000,Lose,0
6400,codenames,Qwen3.6-35B-A3B-FP8-without-reasoning,association_easy,instance_00000,Success,1
6401,codenames,Qwen3.6-35B-A3B-FP8-without-reasoning,association_easy,instance_00000,Game ended through assassin,0
6402,codenames,Qwen3.6-35B-A3B-FP8-without-reasoning,association_easy,instance_00000,Episode Recall,1.0
6403,codenames,Qwen3.6-35B-A3B-FP8-without-reasoning,association_easy,instance_00000,Episode Negative Recall,0.875
6404,codenames,Qwen3.6-35B-A3B-FP8-without-reasoning,association_easy,instance_00000,Number of turns,7
6405,codenames,Qwen3.6-35B-A3B-FP8-without-reasoning,association_easy,instance_00000,Efficiency,1.0
6406,codenames,Qwen3.6-35B-A3B-FP8-without-reasoning,association_easy,instance_00000,Request Count,12
6407,codenames,Qwen3.6-35B-A3B-FP8-without-reasoning,association_easy,instance_00000,Parsed Request Count,12
6408,codenames,Qwen3.6-35B-A3B-FP8-without-reasoning,association_easy,instance_00000,Violated Request Count,0
6409,codenames,Qwen3.6-35B-A3B-FP8-without-reasoning,association_easy,instance_00000,Request Success Ratio,1.0
6410,codenames,Qwen3.6-35B-A3B-FP8-without-reasoning,association_easy,instance_00000,Main Score,100
6411,taboo,Qwen3.6-35B-A3B-FP8-without-reasoning,low_ro,instance_00005,Played,1.0
6412,taboo,Qwen3.6-35B-A3B-FP8-without-reasoning,low_ro,instance_00002,Played,1.0
6413,taboo,Qwen3.6-35B-A3B-FP8-without-reasoning,low_ro,instance_00003,Played,1.0
6414,taboo,Qwen3.6-35B-A3B-FP8-without-reasoning,low_ro,instance_00004,Played,1.0
6415,taboo,Qwen3.6-35B-A3B-FP8-without-reasoning,low_ro,instance_00008,Played,1.0
6416,taboo,Qwen3.6-35B-A3B-FP8-without-reasoning,low_ro,instance_00001,Played,1.0
6417,taboo,Qwen3.6-35B-A3B-FP8-without-reasoning,low_ro,instance_00006,Played,1.0
6418,taboo,Qwen3.6-35B-A3B-FP8-without-reasoning,low_ro,instance_00007,Played,1.0
6419,taboo,Qwen3.6-35B-A3B-FP8-without-reasoning,low_ro,instance_00000,Played,1.0
6420,taboo,Qwen3.6-35B-A3B-FP8-without-reasoning,low_ro,instance_00009,Played,1.0
6421,taboo,Qwen3.6-35B-A3B-FP8-without-reasoning,high_ro,instance_00005,Played,1.0
6422,taboo,Qwen3.6-35B-A3B-FP8-without-reasoning,high_ro,instance_00002,Played,1.0
6423,taboo,Qwen3.6-35B-A3B-FP8-without-reasoning,high_ro,instance_00003,Played,1.0
6424,taboo,Qwen3.6-35B-A3B-FP8-without-reasoning,high_ro,instance_00004,Played,1.0
6425,taboo,Qwen3.6-35B-A3B-FP8-without-reasoning,high_ro,instance_00008,Played,1.0
6426,taboo,Qwen3.6-35B-A3B-FP8-without-reasoning,high_ro,instance_00001,Played,1.0
6427,taboo,Qwen3.6-35B-A3B-FP8-without-reasoning,high_ro,instance_00006,Played,0.0
6428,taboo,Qwen3.6-35B-A3B-FP8-without-reasoning,high_ro,instance_00007,Played,1.0
6429,taboo,Qwen3.6-35B-A3B-FP8-without-reasoning,high_ro,instance_00000,Played,1.0
6430,taboo,Qwen3.6-35B-A3B-FP8-without-reasoning,high_ro,instance_00009,Played,1.0
6431,hot_air_balloon,Qwen3.6-35B-A3B-FP8-without-reasoning,air_balloon_survival_ro_complexity_hard,instance_00002,Played,1.0
6432,hot_air_balloon,Qwen3.6-35B-A3B-FP8-without-reasoning,air_balloon_survival_ro_complexity_hard,instance_00003,Played,1.0
6433,hot_air_balloon,Qwen3.6-35B-A3B-FP8-without-reasoning,air_balloon_survival_ro_complexity_hard,instance_00004,Played,0.0
6434,hot_air_balloon,Qwen3.6-35B-A3B-FP8-without-reasoning,air_balloon_survival_ro_complexity_hard,instance_00001,Played,1.0
6435,hot_air_balloon,Qwen3.6-35B-A3B-FP8-without-reasoning,air_balloon_survival_ro_complexity_hard,instance_00000,Played,1.0
6436,hot_air_balloon,Qwen3.6-35B-A3B-FP8-without-reasoning,air_balloon_survival_ro_complexity_easy,instance_00002,Played,1.0
6437,hot_air_balloon,Qwen3.6-35B-A3B-FP8-without-reasoning,air_balloon_survival_ro_complexity_easy,instance_00003,Played,1.0
6438,hot_air_balloon,Qwen3.6-35B-A3B-FP8-without-reasoning,air_balloon_survival_ro_complexity_easy,instance_00004,Played,1.0
6439,hot_air_balloon,Qwen3.6-35B-A3B-FP8-without-reasoning,air_balloon_survival_ro_complexity_easy,instance_00001,Played,1.0
6440,hot_air_balloon,Qwen3.6-35B-A3B-FP8-without-reasoning,air_balloon_survival_ro_complexity_easy,instance_00000,Played,1.0
6441,hot_air_balloon,Qwen3.6-35B-A3B-FP8-without-reasoning,air_balloon_survival_ro_negotiation_easy,instance_00002,Played,0.0
6442,hot_air_balloon,Qwen3.6-35B-A3B-FP8-without-reasoning,air_balloon_survival_ro_negotiation_easy,instance_00003,Played,1.0
6443,hot_air_balloon,Qwen3.6-35B-A3B-FP8-without-reasoning,air_balloon_survival_ro_negotiation_easy,instance_00004,Played,1.0
6444,hot_air_balloon,Qwen3.6-35B-A3B-FP8-without-reasoning,air_balloon_survival_ro_negotiation_easy,instance_00001,Played,1.0
6445,hot_air_balloon,Qwen3.6-35B-A3B-FP8-without-reasoning,air_balloon_survival_ro_negotiation_easy,instance_00000,Played,1.0
6446,clean_up,Qwen3.6-35B-A3B-FP8-without-reasoning,2_hard_7obj_ro,instance_00002,Played,1.0
6447,clean_up,Qwen3.6-35B-A3B-FP8-without-reasoning,2_hard_7obj_ro,instance_00003,Played,1
6448,clean_up,Qwen3.6-35B-A3B-FP8-without-reasoning,2_hard_7obj_ro,instance_00004,Played,0
6449,clean_up,Qwen3.6-35B-A3B-FP8-without-reasoning,2_hard_7obj_ro,instance_00001,Played,1
6450,clean_up,Qwen3.6-35B-A3B-FP8-without-reasoning,2_hard_7obj_ro,instance_00000,Played,1
6451,clean_up,Qwen3.6-35B-A3B-FP8-without-reasoning,2_hard_5obj_ro,instance_00002,Played,1
6452,clean_up,Qwen3.6-35B-A3B-FP8-without-reasoning,2_hard_5obj_ro,instance_00003,Played,1
6453,clean_up,Qwen3.6-35B-A3B-FP8-without-reasoning,2_hard_5obj_ro,instance_00004,Played,1
6454,clean_up,Qwen3.6-35B-A3B-FP8-without-reasoning,2_hard_5obj_ro,instance_00001,Played,1
6455,clean_up,Qwen3.6-35B-A3B-FP8-without-reasoning,2_hard_5obj_ro,instance_00000,Played,1
6456,clean_up,Qwen3.6-35B-A3B-FP8-without-reasoning,2_hard_3obj_ro,instance_00002,Played,1
6457,clean_up,Qwen3.6-35B-A3B-FP8-without-reasoning,2_hard_3obj_ro,instance_00003,Played,1
6458,clean_up,Qwen3.6-35B-A3B-FP8-without-reasoning,2_hard_3obj_ro,instance_00004,Played,1
6459,clean_up,Qwen3.6-35B-A3B-FP8-without-reasoning,2_hard_3obj_ro,instance_00001,Played,1
6460,clean_up,Qwen3.6-35B-A3B-FP8-without-reasoning,2_hard_3obj_ro,instance_00000,Played,1
6461,clean_up,Qwen3.6-35B-A3B-FP8-without-reasoning,0_easy_5obj_ro,instance_00002,Played,1
6462,clean_up,Qwen3.6-35B-A3B-FP8-without-reasoning,0_easy_5obj_ro,instance_00003,Played,1
6463,clean_up,Qwen3.6-35B-A3B-FP8-without-reasoning,0_easy_5obj_ro,instance_00004,Played,1
6464,clean_up,Qwen3.6-35B-A3B-FP8-without-reasoning,0_easy_5obj_ro,instance_00001,Played,1
6465,clean_up,Qwen3.6-35B-A3B-FP8-without-reasoning,0_easy_5obj_ro,instance_00000,Played,1
6466,clean_up,Qwen3.6-35B-A3B-FP8-without-reasoning,0_easy_7obj_ro,instance_00002,Played,1
6467,clean_up,Qwen3.6-35B-A3B-FP8-without-reasoning,0_easy_7obj_ro,instance_00003,Played,1
6468,clean_up,Qwen3.6-35B-A3B-FP8-without-reasoning,0_easy_7obj_ro,instance_00004,Played,1
6469,clean_up,Qwen3.6-35B-A3B-FP8-without-reasoning,0_easy_7obj_ro,instance_00001,Played,1
6470,clean_up,Qwen3.6-35B-A3B-FP8-without-reasoning,0_easy_7obj_ro,instance_00000,Played,1
6471,clean_up,Qwen3.6-35B-A3B-FP8-without-reasoning,0_easy_3obj_ro,instance_00002,Played,1
6472,clean_up,Qwen3.6-35B-A3B-FP8-without-reasoning,0_easy_3obj_ro,instance_00003,Played,1
6473,clean_up,Qwen3.6-35B-A3B-FP8-without-reasoning,0_easy_3obj_ro,instance_00004,Played,1
6474,clean_up,Qwen3.6-35B-A3B-FP8-without-reasoning,0_easy_3obj_ro,instance_00001,Played,1
6475,clean_up,Qwen3.6-35B-A3B-FP8-without-reasoning,0_easy_3obj_ro,instance_00000,Played,1
6476,clean_up,Qwen3.6-35B-A3B-FP8-without-reasoning,1_medium_5obj_ro,instance_00002,Played,1
6477,clean_up,Qwen3.6-35B-A3B-FP8-without-reasoning,1_medium_5obj_ro,instance_00003,Played,1
6478,clean_up,Qwen3.6-35B-A3B-FP8-without-reasoning,1_medium_5obj_ro,instance_00004,Played,1
6479,clean_up,Qwen3.6-35B-A3B-FP8-without-reasoning,1_medium_5obj_ro,instance_00001,Played,1
6480,clean_up,Qwen3.6-35B-A3B-FP8-without-reasoning,1_medium_5obj_ro,instance_00000,Played,1
6481,clean_up,Qwen3.6-35B-A3B-FP8-without-reasoning,1_medium_7obj_ro,instance_00002,Played,1
6482,clean_up,Qwen3.6-35B-A3B-FP8-without-reasoning,1_medium_7obj_ro,instance_00003,Played,1
6483,clean_up,Qwen3.6-35B-A3B-FP8-without-reasoning,1_medium_7obj_ro,instance_00004,Played,1
6484,clean_up,Qwen3.6-35B-A3B-FP8-without-reasoning,1_medium_7obj_ro,instance_00001,Played,1
6485,clean_up,Qwen3.6-35B-A3B-FP8-without-reasoning,1_medium_7obj_ro,instance_00000,Played,1
6486,clean_up,Qwen3.6-35B-A3B-FP8-without-reasoning,1_medium_3obj_ro,instance_00002,Played,1
6487,clean_up,Qwen3.6-35B-A3B-FP8-without-reasoning,1_medium_3obj_ro,instance_00003,Played,1
6488,clean_up,Qwen3.6-35B-A3B-FP8-without-reasoning,1_medium_3obj_ro,instance_00004,Played,1
6489,clean_up,Qwen3.6-35B-A3B-FP8-without-reasoning,1_medium_3obj_ro,instance_00001,Played,1
6490,clean_up,Qwen3.6-35B-A3B-FP8-without-reasoning,1_medium_3obj_ro,instance_00000,Played,1
6491,referencegame,Qwen3.6-35B-A3B-FP8-without-reasoning,number_grids,instance_00005,Played,1
6492,referencegame,Qwen3.6-35B-A3B-FP8-without-reasoning,number_grids,instance_00002,Played,1
6493,referencegame,Qwen3.6-35B-A3B-FP8-without-reasoning,number_grids,instance_00003,Played,1
6494,referencegame,Qwen3.6-35B-A3B-FP8-without-reasoning,number_grids,instance_00004,Played,1
6495,referencegame,Qwen3.6-35B-A3B-FP8-without-reasoning,number_grids,instance_00001,Played,1
6496,referencegame,Qwen3.6-35B-A3B-FP8-without-reasoning,number_grids,instance_00000,Played,1
6497,referencegame,Qwen3.6-35B-A3B-FP8-without-reasoning,line_grids_columns,instance_00005,Played,1
6498,referencegame,Qwen3.6-35B-A3B-FP8-without-reasoning,line_grids_columns,instance_00002,Played,1
6499,referencegame,Qwen3.6-35B-A3B-FP8-without-reasoning,line_grids_columns,instance_00003,Played,1
6500,referencegame,Qwen3.6-35B-A3B-FP8-without-reasoning,line_grids_columns,instance_00004,Played,1
6501,referencegame,Qwen3.6-35B-A3B-FP8-without-reasoning,line_grids_columns,instance_00001,Played,1
6502,referencegame,Qwen3.6-35B-A3B-FP8-without-reasoning,line_grids_columns,instance_00000,Played,1
6503,referencegame,Qwen3.6-35B-A3B-FP8-without-reasoning,line_grids_rows,instance_00005,Played,1
6504,referencegame,Qwen3.6-35B-A3B-FP8-without-reasoning,line_grids_rows,instance_00002,Played,1
6505,referencegame,Qwen3.6-35B-A3B-FP8-without-reasoning,line_grids_rows,instance_00003,Played,1
6506,referencegame,Qwen3.6-35B-A3B-FP8-without-reasoning,line_grids_rows,instance_00004,Played,1
6507,referencegame,Qwen3.6-35B-A3B-FP8-without-reasoning,line_grids_rows,instance_00001,Played,1
6508,referencegame,Qwen3.6-35B-A3B-FP8-without-reasoning,line_grids_rows,instance_00000,Played,1
6509,referencegame,Qwen3.6-35B-A3B-FP8-without-reasoning,random_grids,instance_00005,Played,1
6510,referencegame,Qwen3.6-35B-A3B-FP8-without-reasoning,random_grids,instance_00002,Played,1
6511,referencegame,Qwen3.6-35B-A3B-FP8-without-reasoning,random_grids,instance_00003,Played,1
6512,referencegame,Qwen3.6-35B-A3B-FP8-without-reasoning,random_grids,instance_00004,Played,1
6513,referencegame,Qwen3.6-35B-A3B-FP8-without-reasoning,random_grids,instance_00001,Played,1
6514,referencegame,Qwen3.6-35B-A3B-FP8-without-reasoning,random_grids,instance_00000,Played,1
6515,referencegame,Qwen3.6-35B-A3B-FP8-without-reasoning,letter_grids,instance_00005,Played,1
6516,referencegame,Qwen3.6-35B-A3B-FP8-without-reasoning,letter_grids,instance_00002,Played,1
6517,referencegame,Qwen3.6-35B-A3B-FP8-without-reasoning,letter_grids,instance_00003,Played,1
6518,referencegame,Qwen3.6-35B-A3B-FP8-without-reasoning,letter_grids,instance_00004,Played,1
6519,referencegame,Qwen3.6-35B-A3B-FP8-without-reasoning,letter_grids,instance_00001,Played,1
6520,referencegame,Qwen3.6-35B-A3B-FP8-without-reasoning,letter_grids,instance_00000,Played,1
6521,wordle,Qwen3.6-35B-A3B-FP8-without-reasoning,high_frequency_words_no_clue_no_critic,instance_00005,Played,0
6522,wordle,Qwen3.6-35B-A3B-FP8-without-reasoning,high_frequency_words_no_clue_no_critic,instance_00002,Played,0
6523,wordle,Qwen3.6-35B-A3B-FP8-without-reasoning,high_frequency_words_no_clue_no_critic,instance_00003,Played,0
6524,wordle,Qwen3.6-35B-A3B-FP8-without-reasoning,high_frequency_words_no_clue_no_critic,instance_00004,Played,0
6525,wordle,Qwen3.6-35B-A3B-FP8-without-reasoning,high_frequency_words_no_clue_no_critic,instance_00010,Played,0
6526,wordle,Qwen3.6-35B-A3B-FP8-without-reasoning,high_frequency_words_no_clue_no_critic,instance_00008,Played,0
6527,wordle,Qwen3.6-35B-A3B-FP8-without-reasoning,high_frequency_words_no_clue_no_critic,instance_00001,Played,0
6528,wordle,Qwen3.6-35B-A3B-FP8-without-reasoning,high_frequency_words_no_clue_no_critic,instance_00006,Played,0
6529,wordle,Qwen3.6-35B-A3B-FP8-without-reasoning,high_frequency_words_no_clue_no_critic,instance_00007,Played,0
6530,wordle,Qwen3.6-35B-A3B-FP8-without-reasoning,high_frequency_words_no_clue_no_critic,instance_00009,Played,0
6531,wordle,Qwen3.6-35B-A3B-FP8-without-reasoning,medium_frequency_words_no_clue_no_critic,instance_00005,Played,0
6532,wordle,Qwen3.6-35B-A3B-FP8-without-reasoning,medium_frequency_words_no_clue_no_critic,instance_00002,Played,0
6533,wordle,Qwen3.6-35B-A3B-FP8-without-reasoning,medium_frequency_words_no_clue_no_critic,instance_00003,Played,0
6534,wordle,Qwen3.6-35B-A3B-FP8-without-reasoning,medium_frequency_words_no_clue_no_critic,instance_00004,Played,0
6535,wordle,Qwen3.6-35B-A3B-FP8-without-reasoning,medium_frequency_words_no_clue_no_critic,instance_00010,Played,0
6536,wordle,Qwen3.6-35B-A3B-FP8-without-reasoning,medium_frequency_words_no_clue_no_critic,instance_00008,Played,0
6537,wordle,Qwen3.6-35B-A3B-FP8-without-reasoning,medium_frequency_words_no_clue_no_critic,instance_00001,Played,0
6538,wordle,Qwen3.6-35B-A3B-FP8-without-reasoning,medium_frequency_words_no_clue_no_critic,instance_00006,Played,0
6539,wordle,Qwen3.6-35B-A3B-FP8-without-reasoning,medium_frequency_words_no_clue_no_critic,instance_00007,Played,0
6540,wordle,Qwen3.6-35B-A3B-FP8-without-reasoning,medium_frequency_words_no_clue_no_critic,instance_00009,Played,0
6541,privateshared,Qwen3.6-35B-A3B-FP8-without-reasoning,restaurant,instance_00002,Played,1
6542,privateshared,Qwen3.6-35B-A3B-FP8-without-reasoning,restaurant,instance_00003,Played,1
6543,privateshared,Qwen3.6-35B-A3B-FP8-without-reasoning,restaurant,instance_00004,Played,1
6544,privateshared,Qwen3.6-35B-A3B-FP8-without-reasoning,restaurant,instance_00001,Played,1
6545,privateshared,Qwen3.6-35B-A3B-FP8-without-reasoning,restaurant,instance_00000,Played,1
6546,privateshared,Qwen3.6-35B-A3B-FP8-without-reasoning,travel-booking,instance_00002,Played,1
6547,privateshared,Qwen3.6-35B-A3B-FP8-without-reasoning,travel-booking,instance_00003,Played,1
6548,privateshared,Qwen3.6-35B-A3B-FP8-without-reasoning,travel-booking,instance_00004,Played,1
6549,privateshared,Qwen3.6-35B-A3B-FP8-without-reasoning,travel-booking,instance_00001,Played,1
6550,privateshared,Qwen3.6-35B-A3B-FP8-without-reasoning,travel-booking,instance_00000,Played,1
6551,privateshared,Qwen3.6-35B-A3B-FP8-without-reasoning,things-places,instance_00002,Played,1
6552,privateshared,Qwen3.6-35B-A3B-FP8-without-reasoning,things-places,instance_00003,Played,1
6553,privateshared,Qwen3.6-35B-A3B-FP8-without-reasoning,things-places,instance_00004,Played,1
6554,privateshared,Qwen3.6-35B-A3B-FP8-without-reasoning,things-places,instance_00001,Played,1
6555,privateshared,Qwen3.6-35B-A3B-FP8-without-reasoning,things-places,instance_00000,Played,1
6556,privateshared,Qwen3.6-35B-A3B-FP8-without-reasoning,job-interview,instance_00002,Played,1
6557,privateshared,Qwen3.6-35B-A3B-FP8-without-reasoning,job-interview,instance_00003,Played,1
6558,privateshared,Qwen3.6-35B-A3B-FP8-without-reasoning,job-interview,instance_00004,Played,1
6559,privateshared,Qwen3.6-35B-A3B-FP8-without-reasoning,job-interview,instance_00001,Played,1
6560,privateshared,Qwen3.6-35B-A3B-FP8-without-reasoning,job-interview,instance_00000,Played,1
6561,privateshared,Qwen3.6-35B-A3B-FP8-without-reasoning,letter-number,instance_00002,Played,1
6562,privateshared,Qwen3.6-35B-A3B-FP8-without-reasoning,letter-number,instance_00003,Played,1
6563,privateshared,Qwen3.6-35B-A3B-FP8-without-reasoning,letter-number,instance_00004,Played,1
6564,privateshared,Qwen3.6-35B-A3B-FP8-without-reasoning,letter-number,instance_00001,Played,1
6565,privateshared,Qwen3.6-35B-A3B-FP8-without-reasoning,letter-number,instance_00000,Played,1
6566,dond,Qwen3.6-35B-A3B-FP8-without-reasoning,semi,instance_00002,Played,1
6567,dond,Qwen3.6-35B-A3B-FP8-without-reasoning,semi,instance_00003,Played,1
6568,dond,Qwen3.6-35B-A3B-FP8-without-reasoning,semi,instance_00004,Played,1
6569,dond,Qwen3.6-35B-A3B-FP8-without-reasoning,semi,instance_00001,Played,0
6570,dond,Qwen3.6-35B-A3B-FP8-without-reasoning,semi,instance_00000,Played,0
6571,dond,Qwen3.6-35B-A3B-FP8-without-reasoning,coop,instance_00002,Played,1
6572,dond,Qwen3.6-35B-A3B-FP8-without-reasoning,coop,instance_00003,Played,0
6573,dond,Qwen3.6-35B-A3B-FP8-without-reasoning,coop,instance_00004,Played,1
6574,dond,Qwen3.6-35B-A3B-FP8-without-reasoning,coop,instance_00001,Played,1
6575,dond,Qwen3.6-35B-A3B-FP8-without-reasoning,coop,instance_00000,Played,1
6576,guesswhat,Qwen3.6-35B-A3B-FP8-without-reasoning,Level_3,instance_00005,Played,1
6577,guesswhat,Qwen3.6-35B-A3B-FP8-without-reasoning,Level_3,instance_00002,Played,1
6578,guesswhat,Qwen3.6-35B-A3B-FP8-without-reasoning,Level_3,instance_00003,Played,1
6579,guesswhat,Qwen3.6-35B-A3B-FP8-without-reasoning,Level_3,instance_00004,Played,1
6580,guesswhat,Qwen3.6-35B-A3B-FP8-without-reasoning,Level_3,instance_00008,Played,1
6581,guesswhat,Qwen3.6-35B-A3B-FP8-without-reasoning,Level_3,instance_00001,Played,1
6582,guesswhat,Qwen3.6-35B-A3B-FP8-without-reasoning,Level_3,instance_00006,Played,1
6583,guesswhat,Qwen3.6-35B-A3B-FP8-without-reasoning,Level_3,instance_00007,Played,1
6584,guesswhat,Qwen3.6-35B-A3B-FP8-without-reasoning,Level_3,instance_00000,Played,1
6585,guesswhat,Qwen3.6-35B-A3B-FP8-without-reasoning,Level_3,instance_00009,Played,1
6586,guesswhat,Qwen3.6-35B-A3B-FP8-without-reasoning,Level_2,instance_00005,Played,1
6587,guesswhat,Qwen3.6-35B-A3B-FP8-without-reasoning,Level_2,instance_00002,Played,1
6588,guesswhat,Qwen3.6-35B-A3B-FP8-without-reasoning,Level_2,instance_00003,Played,1
6589,guesswhat,Qwen3.6-35B-A3B-FP8-without-reasoning,Level_2,instance_00004,Played,1
6590,guesswhat,Qwen3.6-35B-A3B-FP8-without-reasoning,Level_2,instance_00008,Played,1
6591,guesswhat,Qwen3.6-35B-A3B-FP8-without-reasoning,Level_2,instance_00001,Played,1
6592,guesswhat,Qwen3.6-35B-A3B-FP8-without-reasoning,Level_2,instance_00006,Played,1
6593,guesswhat,Qwen3.6-35B-A3B-FP8-without-reasoning,Level_2,instance_00007,Played,1
6594,guesswhat,Qwen3.6-35B-A3B-FP8-without-reasoning,Level_2,instance_00000,Played,1
6595,guesswhat,Qwen3.6-35B-A3B-FP8-without-reasoning,Level_2,instance_00009,Played,1
6596,guesswhat,Qwen3.6-35B-A3B-FP8-without-reasoning,Level_1,instance_00005,Played,1
6597,guesswhat,Qwen3.6-35B-A3B-FP8-without-reasoning,Level_1,instance_00002,Played,1
6598,guesswhat,Qwen3.6-35B-A3B-FP8-without-reasoning,Level_1,instance_00003,Played,1
6599,guesswhat,Qwen3.6-35B-A3B-FP8-without-reasoning,Level_1,instance_00004,Played,1
6600,guesswhat,Qwen3.6-35B-A3B-FP8-without-reasoning,Level_1,instance_00008,Played,1
6601,guesswhat,Qwen3.6-35B-A3B-FP8-without-reasoning,Level_1,instance_00001,Played,1
6602,guesswhat,Qwen3.6-35B-A3B-FP8-without-reasoning,Level_1,instance_00006,Played,1
6603,guesswhat,Qwen3.6-35B-A3B-FP8-without-reasoning,Level_1,instance_00007,Played,1
6604,guesswhat,Qwen3.6-35B-A3B-FP8-without-reasoning,Level_1,instance_00000,Played,1
6605,guesswhat,Qwen3.6-35B-A3B-FP8-without-reasoning,Level_1,instance_00009,Played,0
6606,textmapworld_graphreasoning,Qwen3.6-35B-A3B-FP8-without-reasoning,large,instance_00028,Played,0
6607,textmapworld_graphreasoning,Qwen3.6-35B-A3B-FP8-without-reasoning,large,instance_00026,Played,1
6608,textmapworld_graphreasoning,Qwen3.6-35B-A3B-FP8-without-reasoning,large,instance_00021,Played,0
6609,textmapworld_graphreasoning,Qwen3.6-35B-A3B-FP8-without-reasoning,large,instance_00020,Played,1
6610,textmapworld_graphreasoning,Qwen3.6-35B-A3B-FP8-without-reasoning,large,instance_00027,Played,0
6611,textmapworld_graphreasoning,Qwen3.6-35B-A3B-FP8-without-reasoning,large,instance_00029,Played,0
6612,textmapworld_graphreasoning,Qwen3.6-35B-A3B-FP8-without-reasoning,large,instance_00022,Played,1
6613,textmapworld_graphreasoning,Qwen3.6-35B-A3B-FP8-without-reasoning,large,instance_00025,Played,0
6614,textmapworld_graphreasoning,Qwen3.6-35B-A3B-FP8-without-reasoning,large,instance_00024,Played,1
6615,textmapworld_graphreasoning,Qwen3.6-35B-A3B-FP8-without-reasoning,large,instance_00023,Played,1
6616,textmapworld_graphreasoning,Qwen3.6-35B-A3B-FP8-without-reasoning,medium,instance_00017,Played,0
6617,textmapworld_graphreasoning,Qwen3.6-35B-A3B-FP8-without-reasoning,medium,instance_00010,Played,0
6618,textmapworld_graphreasoning,Qwen3.6-35B-A3B-FP8-without-reasoning,medium,instance_00019,Played,0
6619,textmapworld_graphreasoning,Qwen3.6-35B-A3B-FP8-without-reasoning,medium,instance_00018,Played,0
6620,textmapworld_graphreasoning,Qwen3.6-35B-A3B-FP8-without-reasoning,medium,instance_00011,Played,0
6621,textmapworld_graphreasoning,Qwen3.6-35B-A3B-FP8-without-reasoning,medium,instance_00016,Played,0
6622,textmapworld_graphreasoning,Qwen3.6-35B-A3B-FP8-without-reasoning,medium,instance_00013,Played,0
6623,textmapworld_graphreasoning,Qwen3.6-35B-A3B-FP8-without-reasoning,medium,instance_00014,Played,1
6624,textmapworld_graphreasoning,Qwen3.6-35B-A3B-FP8-without-reasoning,medium,instance_00015,Played,0
6625,textmapworld_graphreasoning,Qwen3.6-35B-A3B-FP8-without-reasoning,medium,instance_00012,Played,1
6626,textmapworld_graphreasoning,Qwen3.6-35B-A3B-FP8-without-reasoning,small,instance_00005,Played,0
6627,textmapworld_graphreasoning,Qwen3.6-35B-A3B-FP8-without-reasoning,small,instance_00002,Played,1
6628,textmapworld_graphreasoning,Qwen3.6-35B-A3B-FP8-without-reasoning,small,instance_00003,Played,0
6629,textmapworld_graphreasoning,Qwen3.6-35B-A3B-FP8-without-reasoning,small,instance_00004,Played,0
6630,textmapworld_graphreasoning,Qwen3.6-35B-A3B-FP8-without-reasoning,small,instance_00008,Played,1
6631,textmapworld_graphreasoning,Qwen3.6-35B-A3B-FP8-without-reasoning,small,instance_00001,Played,0
6632,textmapworld_graphreasoning,Qwen3.6-35B-A3B-FP8-without-reasoning,small,instance_00006,Played,0
6633,textmapworld_graphreasoning,Qwen3.6-35B-A3B-FP8-without-reasoning,small,instance_00007,Played,1
6634,textmapworld_graphreasoning,Qwen3.6-35B-A3B-FP8-without-reasoning,small,instance_00000,Played,0
6635,textmapworld_graphreasoning,Qwen3.6-35B-A3B-FP8-without-reasoning,small,instance_00009,Played,0
6636,textmapworld,Qwen3.6-35B-A3B-FP8-without-reasoning,large_cycle,instance_00044,Played,1
6637,textmapworld,Qwen3.6-35B-A3B-FP8-without-reasoning,large_cycle,instance_00043,Played,1
6638,textmapworld,Qwen3.6-35B-A3B-FP8-without-reasoning,large_cycle,instance_00042,Played,1
6639,textmapworld,Qwen3.6-35B-A3B-FP8-without-reasoning,large_cycle,instance_00045,Played,1
6640,textmapworld,Qwen3.6-35B-A3B-FP8-without-reasoning,large_cycle,instance_00049,Played,1
6641,textmapworld,Qwen3.6-35B-A3B-FP8-without-reasoning,large_cycle,instance_00040,Played,1
6642,textmapworld,Qwen3.6-35B-A3B-FP8-without-reasoning,large_cycle,instance_00047,Played,1
6643,textmapworld,Qwen3.6-35B-A3B-FP8-without-reasoning,large_cycle,instance_00046,Played,1
6644,textmapworld,Qwen3.6-35B-A3B-FP8-without-reasoning,large_cycle,instance_00041,Played,1
6645,textmapworld,Qwen3.6-35B-A3B-FP8-without-reasoning,large_cycle,instance_00048,Played,1
6646,textmapworld,Qwen3.6-35B-A3B-FP8-without-reasoning,large,instance_00028,Played,1
6647,textmapworld,Qwen3.6-35B-A3B-FP8-without-reasoning,large,instance_00026,Played,1
6648,textmapworld,Qwen3.6-35B-A3B-FP8-without-reasoning,large,instance_00021,Played,1
6649,textmapworld,Qwen3.6-35B-A3B-FP8-without-reasoning,large,instance_00020,Played,1
6650,textmapworld,Qwen3.6-35B-A3B-FP8-without-reasoning,large,instance_00027,Played,1
6651,textmapworld,Qwen3.6-35B-A3B-FP8-without-reasoning,large,instance_00029,Played,1
6652,textmapworld,Qwen3.6-35B-A3B-FP8-without-reasoning,large,instance_00022,Played,1
6653,textmapworld,Qwen3.6-35B-A3B-FP8-without-reasoning,large,instance_00025,Played,1
6654,textmapworld,Qwen3.6-35B-A3B-FP8-without-reasoning,large,instance_00024,Played,1
6655,textmapworld,Qwen3.6-35B-A3B-FP8-without-reasoning,large,instance_00023,Played,1
6656,textmapworld,Qwen3.6-35B-A3B-FP8-without-reasoning,medium,instance_00017,Played,1
6657,textmapworld,Qwen3.6-35B-A3B-FP8-without-reasoning,medium,instance_00010,Played,1
6658,textmapworld,Qwen3.6-35B-A3B-FP8-without-reasoning,medium,instance_00019,Played,1
6659,textmapworld,Qwen3.6-35B-A3B-FP8-without-reasoning,medium,instance_00018,Played,1
6660,textmapworld,Qwen3.6-35B-A3B-FP8-without-reasoning,medium,instance_00011,Played,1
6661,textmapworld,Qwen3.6-35B-A3B-FP8-without-reasoning,medium,instance_00016,Played,1
6662,textmapworld,Qwen3.6-35B-A3B-FP8-without-reasoning,medium,instance_00013,Played,1
6663,textmapworld,Qwen3.6-35B-A3B-FP8-without-reasoning,medium,instance_00014,Played,1
6664,textmapworld,Qwen3.6-35B-A3B-FP8-without-reasoning,medium,instance_00015,Played,1
6665,textmapworld,Qwen3.6-35B-A3B-FP8-without-reasoning,medium,instance_00012,Played,1
6666,textmapworld,Qwen3.6-35B-A3B-FP8-without-reasoning,small,instance_00005,Played,1
6667,textmapworld,Qwen3.6-35B-A3B-FP8-without-reasoning,small,instance_00002,Played,1
6668,textmapworld,Qwen3.6-35B-A3B-FP8-without-reasoning,small,instance_00003,Played,1
6669,textmapworld,Qwen3.6-35B-A3B-FP8-without-reasoning,small,instance_00004,Played,1
6670,textmapworld,Qwen3.6-35B-A3B-FP8-without-reasoning,small,instance_00008,Played,1
6671,textmapworld,Qwen3.6-35B-A3B-FP8-without-reasoning,small,instance_00001,Played,1
6672,textmapworld,Qwen3.6-35B-A3B-FP8-without-reasoning,small,instance_00006,Played,1
6673,textmapworld,Qwen3.6-35B-A3B-FP8-without-reasoning,small,instance_00007,Played,1
6674,textmapworld,Qwen3.6-35B-A3B-FP8-without-reasoning,small,instance_00000,Played,1
6675,textmapworld,Qwen3.6-35B-A3B-FP8-without-reasoning,small,instance_00009,Played,1
6676,textmapworld,Qwen3.6-35B-A3B-FP8-without-reasoning,medium_cycle,instance_00034,Played,1
6677,textmapworld,Qwen3.6-35B-A3B-FP8-without-reasoning,medium_cycle,instance_00033,Played,1
6678,textmapworld,Qwen3.6-35B-A3B-FP8-without-reasoning,medium_cycle,instance_00032,Played,1
6679,textmapworld,Qwen3.6-35B-A3B-FP8-without-reasoning,medium_cycle,instance_00035,Played,1
6680,textmapworld,Qwen3.6-35B-A3B-FP8-without-reasoning,medium_cycle,instance_00030,Played,1
6681,textmapworld,Qwen3.6-35B-A3B-FP8-without-reasoning,medium_cycle,instance_00037,Played,1
6682,textmapworld,Qwen3.6-35B-A3B-FP8-without-reasoning,medium_cycle,instance_00039,Played,1
6683,textmapworld,Qwen3.6-35B-A3B-FP8-without-reasoning,medium_cycle,instance_00038,Played,1
6684,textmapworld,Qwen3.6-35B-A3B-FP8-without-reasoning,medium_cycle,instance_00036,Played,1
6685,textmapworld,Qwen3.6-35B-A3B-FP8-without-reasoning,medium_cycle,instance_00031,Played,1
6686,matchit_ascii,Qwen3.6-35B-A3B-FP8-without-reasoning,similar_grid_1,instance_00002,Played,1
6687,matchit_ascii,Qwen3.6-35B-A3B-FP8-without-reasoning,similar_grid_1,instance_00003,Played,1
6688,matchit_ascii,Qwen3.6-35B-A3B-FP8-without-reasoning,similar_grid_1,instance_00004,Played,1
6689,matchit_ascii,Qwen3.6-35B-A3B-FP8-without-reasoning,similar_grid_1,instance_00001,Played,1
6690,matchit_ascii,Qwen3.6-35B-A3B-FP8-without-reasoning,similar_grid_1,instance_00000,Played,1
6691,matchit_ascii,Qwen3.6-35B-A3B-FP8-without-reasoning,same_grid,instance_00002,Played,1
6692,matchit_ascii,Qwen3.6-35B-A3B-FP8-without-reasoning,same_grid,instance_00003,Played,1
6693,matchit_ascii,Qwen3.6-35B-A3B-FP8-without-reasoning,same_grid,instance_00004,Played,1
6694,matchit_ascii,Qwen3.6-35B-A3B-FP8-without-reasoning,same_grid,instance_00001,Played,1
6695,matchit_ascii,Qwen3.6-35B-A3B-FP8-without-reasoning,same_grid,instance_00000,Played,1
6696,matchit_ascii,Qwen3.6-35B-A3B-FP8-without-reasoning,similar_grid_2,instance_00002,Played,1
6697,matchit_ascii,Qwen3.6-35B-A3B-FP8-without-reasoning,similar_grid_2,instance_00003,Played,1
6698,matchit_ascii,Qwen3.6-35B-A3B-FP8-without-reasoning,similar_grid_2,instance_00004,Played,1
6699,matchit_ascii,Qwen3.6-35B-A3B-FP8-without-reasoning,similar_grid_2,instance_00001,Played,1
6700,matchit_ascii,Qwen3.6-35B-A3B-FP8-without-reasoning,similar_grid_2,instance_00000,Played,1
6701,matchit_ascii,Qwen3.6-35B-A3B-FP8-without-reasoning,different_grid,instance_00002,Played,1
6702,matchit_ascii,Qwen3.6-35B-A3B-FP8-without-reasoning,different_grid,instance_00003,Played,1
6703,matchit_ascii,Qwen3.6-35B-A3B-FP8-without-reasoning,different_grid,instance_00004,Played,1
6704,matchit_ascii,Qwen3.6-35B-A3B-FP8-without-reasoning,different_grid,instance_00001,Played,1
6705,matchit_ascii,Qwen3.6-35B-A3B-FP8-without-reasoning,different_grid,instance_00000,Played,1
6706,textmapworld_specificroom,Qwen3.6-35B-A3B-FP8-without-reasoning,close,instance_00017,Played,0
6707,textmapworld_specificroom,Qwen3.6-35B-A3B-FP8-without-reasoning,close,instance_00010,Played,1
6708,textmapworld_specificroom,Qwen3.6-35B-A3B-FP8-without-reasoning,close,instance_00019,Played,1
6709,textmapworld_specificroom,Qwen3.6-35B-A3B-FP8-without-reasoning,close,instance_00018,Played,1
6710,textmapworld_specificroom,Qwen3.6-35B-A3B-FP8-without-reasoning,close,instance_00011,Played,1
6711,textmapworld_specificroom,Qwen3.6-35B-A3B-FP8-without-reasoning,close,instance_00016,Played,1
6712,textmapworld_specificroom,Qwen3.6-35B-A3B-FP8-without-reasoning,close,instance_00013,Played,1
6713,textmapworld_specificroom,Qwen3.6-35B-A3B-FP8-without-reasoning,close,instance_00014,Played,1
6714,textmapworld_specificroom,Qwen3.6-35B-A3B-FP8-without-reasoning,close,instance_00015,Played,1
6715,textmapworld_specificroom,Qwen3.6-35B-A3B-FP8-without-reasoning,close,instance_00012,Played,1
6716,textmapworld_specificroom,Qwen3.6-35B-A3B-FP8-without-reasoning,far,instance_00028,Played,1
6717,textmapworld_specificroom,Qwen3.6-35B-A3B-FP8-without-reasoning,far,instance_00026,Played,1
6718,textmapworld_specificroom,Qwen3.6-35B-A3B-FP8-without-reasoning,far,instance_00021,Played,1
6719,textmapworld_specificroom,Qwen3.6-35B-A3B-FP8-without-reasoning,far,instance_00020,Played,1
6720,textmapworld_specificroom,Qwen3.6-35B-A3B-FP8-without-reasoning,far,instance_00027,Played,0
6721,textmapworld_specificroom,Qwen3.6-35B-A3B-FP8-without-reasoning,far,instance_00029,Played,0
6722,textmapworld_specificroom,Qwen3.6-35B-A3B-FP8-without-reasoning,far,instance_00022,Played,0
6723,textmapworld_specificroom,Qwen3.6-35B-A3B-FP8-without-reasoning,far,instance_00025,Played,0
6724,textmapworld_specificroom,Qwen3.6-35B-A3B-FP8-without-reasoning,far,instance_00024,Played,1
6725,textmapworld_specificroom,Qwen3.6-35B-A3B-FP8-without-reasoning,far,instance_00023,Played,1
6726,textmapworld_specificroom,Qwen3.6-35B-A3B-FP8-without-reasoning,on,instance_00005,Played,1
6727,textmapworld_specificroom,Qwen3.6-35B-A3B-FP8-without-reasoning,on,instance_00002,Played,1
6728,textmapworld_specificroom,Qwen3.6-35B-A3B-FP8-without-reasoning,on,instance_00003,Played,1
6729,textmapworld_specificroom,Qwen3.6-35B-A3B-FP8-without-reasoning,on,instance_00004,Played,1
6730,textmapworld_specificroom,Qwen3.6-35B-A3B-FP8-without-reasoning,on,instance_00008,Played,1
6731,textmapworld_specificroom,Qwen3.6-35B-A3B-FP8-without-reasoning,on,instance_00001,Played,1
6732,textmapworld_specificroom,Qwen3.6-35B-A3B-FP8-without-reasoning,on,instance_00006,Played,1
6733,textmapworld_specificroom,Qwen3.6-35B-A3B-FP8-without-reasoning,on,instance_00007,Played,1
6734,textmapworld_specificroom,Qwen3.6-35B-A3B-FP8-without-reasoning,on,instance_00000,Played,1
6735,textmapworld_specificroom,Qwen3.6-35B-A3B-FP8-without-reasoning,on,instance_00009,Played,1
6736,imagegame,Qwen3.6-35B-A3B-FP8-without-reasoning,random_grids,instance_00005,Played,1
6737,imagegame,Qwen3.6-35B-A3B-FP8-without-reasoning,random_grids,instance_00002,Played,1
6738,imagegame,Qwen3.6-35B-A3B-FP8-without-reasoning,random_grids,instance_00003,Played,1
6739,imagegame,Qwen3.6-35B-A3B-FP8-without-reasoning,random_grids,instance_00004,Played,1
6740,imagegame,Qwen3.6-35B-A3B-FP8-without-reasoning,random_grids,instance_00017,Played,1
6741,imagegame,Qwen3.6-35B-A3B-FP8-without-reasoning,random_grids,instance_00010,Played,1
6742,imagegame,Qwen3.6-35B-A3B-FP8-without-reasoning,random_grids,instance_00019,Played,1
6743,imagegame,Qwen3.6-35B-A3B-FP8-without-reasoning,random_grids,instance_00018,Played,1
6744,imagegame,Qwen3.6-35B-A3B-FP8-without-reasoning,random_grids,instance_00011,Played,1
6745,imagegame,Qwen3.6-35B-A3B-FP8-without-reasoning,random_grids,instance_00016,Played,1
6746,imagegame,Qwen3.6-35B-A3B-FP8-without-reasoning,random_grids,instance_00008,Played,1
6747,imagegame,Qwen3.6-35B-A3B-FP8-without-reasoning,random_grids,instance_00001,Played,1
6748,imagegame,Qwen3.6-35B-A3B-FP8-without-reasoning,random_grids,instance_00006,Played,1
6749,imagegame,Qwen3.6-35B-A3B-FP8-without-reasoning,random_grids,instance_00007,Played,1
6750,imagegame,Qwen3.6-35B-A3B-FP8-without-reasoning,random_grids,instance_00000,Played,1
6751,imagegame,Qwen3.6-35B-A3B-FP8-without-reasoning,random_grids,instance_00009,Played,0
6752,imagegame,Qwen3.6-35B-A3B-FP8-without-reasoning,random_grids,instance_00013,Played,1
6753,imagegame,Qwen3.6-35B-A3B-FP8-without-reasoning,random_grids,instance_00014,Played,1
6754,imagegame,Qwen3.6-35B-A3B-FP8-without-reasoning,random_grids,instance_00015,Played,1
6755,imagegame,Qwen3.6-35B-A3B-FP8-without-reasoning,random_grids,instance_00012,Played,1
6756,imagegame,Qwen3.6-35B-A3B-FP8-without-reasoning,compact_grids,instance_00005,Played,1
6757,imagegame,Qwen3.6-35B-A3B-FP8-without-reasoning,compact_grids,instance_00002,Played,0
6758,imagegame,Qwen3.6-35B-A3B-FP8-without-reasoning,compact_grids,instance_00003,Played,1
6759,imagegame,Qwen3.6-35B-A3B-FP8-without-reasoning,compact_grids,instance_00004,Played,1
6760,imagegame,Qwen3.6-35B-A3B-FP8-without-reasoning,compact_grids,instance_00017,Played,1
6761,imagegame,Qwen3.6-35B-A3B-FP8-without-reasoning,compact_grids,instance_00010,Played,1
6762,imagegame,Qwen3.6-35B-A3B-FP8-without-reasoning,compact_grids,instance_00019,Played,1
6763,imagegame,Qwen3.6-35B-A3B-FP8-without-reasoning,compact_grids,instance_00018,Played,1
6764,imagegame,Qwen3.6-35B-A3B-FP8-without-reasoning,compact_grids,instance_00011,Played,0
6765,imagegame,Qwen3.6-35B-A3B-FP8-without-reasoning,compact_grids,instance_00016,Played,1
6766,imagegame,Qwen3.6-35B-A3B-FP8-without-reasoning,compact_grids,instance_00008,Played,1
6767,imagegame,Qwen3.6-35B-A3B-FP8-without-reasoning,compact_grids,instance_00001,Played,1
6768,imagegame,Qwen3.6-35B-A3B-FP8-without-reasoning,compact_grids,instance_00006,Played,1
6769,imagegame,Qwen3.6-35B-A3B-FP8-without-reasoning,compact_grids,instance_00007,Played,0
6770,imagegame,Qwen3.6-35B-A3B-FP8-without-reasoning,compact_grids,instance_00000,Played,1
6771,imagegame,Qwen3.6-35B-A3B-FP8-without-reasoning,compact_grids,instance_00009,Played,1
6772,imagegame,Qwen3.6-35B-A3B-FP8-without-reasoning,compact_grids,instance_00013,Played,1
6773,imagegame,Qwen3.6-35B-A3B-FP8-without-reasoning,compact_grids,instance_00014,Played,1
6774,imagegame,Qwen3.6-35B-A3B-FP8-without-reasoning,compact_grids,instance_00015,Played,0
6775,imagegame,Qwen3.6-35B-A3B-FP8-without-reasoning,compact_grids,instance_00012,Played,1
6776,codenames,Qwen3.6-35B-A3B-FP8-without-reasoning,opponent_difficult,instance_00002,Played,1
6777,codenames,Qwen3.6-35B-A3B-FP8-without-reasoning,opponent_difficult,instance_00003,Played,1
6778,codenames,Qwen3.6-35B-A3B-FP8-without-reasoning,opponent_difficult,instance_00004,Played,1
6779,codenames,Qwen3.6-35B-A3B-FP8-without-reasoning,opponent_difficult,instance_00001,Played,1
6780,codenames,Qwen3.6-35B-A3B-FP8-without-reasoning,opponent_difficult,instance_00000,Played,1
6781,codenames,Qwen3.6-35B-A3B-FP8-without-reasoning,risk_low,instance_00002,Played,1
6782,codenames,Qwen3.6-35B-A3B-FP8-without-reasoning,risk_low,instance_00003,Played,1
6783,codenames,Qwen3.6-35B-A3B-FP8-without-reasoning,risk_low,instance_00004,Played,1
6784,codenames,Qwen3.6-35B-A3B-FP8-without-reasoning,risk_low,instance_00001,Played,1
6785,codenames,Qwen3.6-35B-A3B-FP8-without-reasoning,risk_low,instance_00000,Played,1
6786,codenames,Qwen3.6-35B-A3B-FP8-without-reasoning,opponent_none,instance_00002,Played,1
6787,codenames,Qwen3.6-35B-A3B-FP8-without-reasoning,opponent_none,instance_00003,Played,1
6788,codenames,Qwen3.6-35B-A3B-FP8-without-reasoning,opponent_none,instance_00004,Played,1
6789,codenames,Qwen3.6-35B-A3B-FP8-without-reasoning,opponent_none,instance_00001,Played,1
6790,codenames,Qwen3.6-35B-A3B-FP8-without-reasoning,opponent_none,instance_00000,Played,0
6791,codenames,Qwen3.6-35B-A3B-FP8-without-reasoning,risk_high,instance_00002,Played,0
6792,codenames,Qwen3.6-35B-A3B-FP8-without-reasoning,risk_high,instance_00003,Played,1
6793,codenames,Qwen3.6-35B-A3B-FP8-without-reasoning,risk_high,instance_00004,Played,1
6794,codenames,Qwen3.6-35B-A3B-FP8-without-reasoning,risk_high,instance_00001,Played,1
6795,codenames,Qwen3.6-35B-A3B-FP8-without-reasoning,risk_high,instance_00000,Played,1
6796,codenames,Qwen3.6-35B-A3B-FP8-without-reasoning,opponent_easy,instance_00002,Played,1
6797,codenames,Qwen3.6-35B-A3B-FP8-without-reasoning,opponent_easy,instance_00003,Played,1
6798,codenames,Qwen3.6-35B-A3B-FP8-without-reasoning,opponent_easy,instance_00004,Played,1
6799,codenames,Qwen3.6-35B-A3B-FP8-without-reasoning,opponent_easy,instance_00001,Played,1
6800,codenames,Qwen3.6-35B-A3B-FP8-without-reasoning,opponent_easy,instance_00000,Played,1
6801,codenames,Qwen3.6-35B-A3B-FP8-without-reasoning,association_difficult,instance_00002,Played,1
6802,codenames,Qwen3.6-35B-A3B-FP8-without-reasoning,association_difficult,instance_00003,Played,1
6803,codenames,Qwen3.6-35B-A3B-FP8-without-reasoning,association_difficult,instance_00004,Played,1
6804,codenames,Qwen3.6-35B-A3B-FP8-without-reasoning,association_difficult,instance_00001,Played,1
6805,codenames,Qwen3.6-35B-A3B-FP8-without-reasoning,association_difficult,instance_00000,Played,0
6806,codenames,Qwen3.6-35B-A3B-FP8-without-reasoning,association_easy,instance_00002,Played,1
6807,codenames,Qwen3.6-35B-A3B-FP8-without-reasoning,association_easy,instance_00003,Played,1
6808,codenames,Qwen3.6-35B-A3B-FP8-without-reasoning,association_easy,instance_00004,Played,0
6809,codenames,Qwen3.6-35B-A3B-FP8-without-reasoning,association_easy,instance_00001,Played,1
6810,codenames,Qwen3.6-35B-A3B-FP8-without-reasoning,association_easy,instance_00000,Played,1
