,game,model,experiment,episode,metric,value
0,taboo,Qwen3.6-35B-A3B-FP8-without-reasoning,high_zh,instance_00000,Violated Request Count,0.0
1,taboo,Qwen3.6-35B-A3B-FP8-without-reasoning,high_zh,instance_00000,Parsed Request Count,1.0
2,taboo,Qwen3.6-35B-A3B-FP8-without-reasoning,high_zh,instance_00000,Request Count,1.0
3,taboo,Qwen3.6-35B-A3B-FP8-without-reasoning,high_zh,instance_00000,Request Success Ratio,1.0
4,taboo,Qwen3.6-35B-A3B-FP8-without-reasoning,high_zh,instance_00000,Aborted,0.0
5,taboo,Qwen3.6-35B-A3B-FP8-without-reasoning,high_zh,instance_00000,Success,1.0
6,taboo,Qwen3.6-35B-A3B-FP8-without-reasoning,high_zh,instance_00000,Lose,0.0
7,taboo,Qwen3.6-35B-A3B-FP8-without-reasoning,high_zh,instance_00000,Main Score,100.0
8,taboo,Qwen3.6-35B-A3B-FP8-without-reasoning,high_zh,instance_00000,Repetition-Guesser,0.0
9,taboo,Qwen3.6-35B-A3B-FP8-without-reasoning,high_zh,instance_00000,Repetition-Describer,0.0
10,hot_air_balloon,Qwen3.6-35B-A3B-FP8-without-reasoning,air_balloon_survival_zh_complexity_easy,instance_00002,Request Count,6.0
11,hot_air_balloon,Qwen3.6-35B-A3B-FP8-without-reasoning,air_balloon_survival_zh_complexity_easy,instance_00002,Parsed Request Count,6.0
12,hot_air_balloon,Qwen3.6-35B-A3B-FP8-without-reasoning,air_balloon_survival_zh_complexity_easy,instance_00002,Violated Request Count,0.0
13,hot_air_balloon,Qwen3.6-35B-A3B-FP8-without-reasoning,air_balloon_survival_zh_complexity_easy,instance_00002,Request Success Ratio,1.0
14,hot_air_balloon,Qwen3.6-35B-A3B-FP8-without-reasoning,air_balloon_survival_zh_complexity_easy,instance_00002,Aborted,0.0
15,hot_air_balloon,Qwen3.6-35B-A3B-FP8-without-reasoning,air_balloon_survival_zh_complexity_easy,instance_00002,Lose,0.0
16,hot_air_balloon,Qwen3.6-35B-A3B-FP8-without-reasoning,air_balloon_survival_zh_complexity_easy,instance_00002,Success,1.0
17,hot_air_balloon,Qwen3.6-35B-A3B-FP8-without-reasoning,air_balloon_survival_zh_complexity_easy,instance_00002,Violations Player 1,0.0
18,hot_air_balloon,Qwen3.6-35B-A3B-FP8-without-reasoning,air_balloon_survival_zh_complexity_easy,instance_00002,Violations Player 2,0.0
19,hot_air_balloon,Qwen3.6-35B-A3B-FP8-without-reasoning,air_balloon_survival_zh_complexity_easy,instance_00002,Total Violations,0.0
20,hot_air_balloon,Qwen3.6-35B-A3B-FP8-without-reasoning,air_balloon_survival_zh_complexity_easy,instance_00002,Normalized Utility Player 1,99.22540666150272
21,hot_air_balloon,Qwen3.6-35B-A3B-FP8-without-reasoning,air_balloon_survival_zh_complexity_easy,instance_00002,Normalized Utility Player 2,99.22540666150272
22,hot_air_balloon,Qwen3.6-35B-A3B-FP8-without-reasoning,air_balloon_survival_zh_complexity_easy,instance_00002,Harmonic Mean Score,99.22540666150272
23,hot_air_balloon,Qwen3.6-35B-A3B-FP8-without-reasoning,air_balloon_survival_zh_complexity_easy,instance_00002,Main Score,99.22540666150272
24,hot_air_balloon,Qwen3.6-35B-A3B-FP8-without-reasoning,air_balloon_survival_zh_complexity_easy,instance_00003,Request Count,8.0
25,hot_air_balloon,Qwen3.6-35B-A3B-FP8-without-reasoning,air_balloon_survival_zh_complexity_easy,instance_00003,Parsed Request Count,8.0
26,hot_air_balloon,Qwen3.6-35B-A3B-FP8-without-reasoning,air_balloon_survival_zh_complexity_easy,instance_00003,Violated Request Count,0.0
27,hot_air_balloon,Qwen3.6-35B-A3B-FP8-without-reasoning,air_balloon_survival_zh_complexity_easy,instance_00003,Request Success Ratio,1.0
28,hot_air_balloon,Qwen3.6-35B-A3B-FP8-without-reasoning,air_balloon_survival_zh_complexity_easy,instance_00003,Aborted,0.0
29,hot_air_balloon,Qwen3.6-35B-A3B-FP8-without-reasoning,air_balloon_survival_zh_complexity_easy,instance_00003,Lose,0.0
30,hot_air_balloon,Qwen3.6-35B-A3B-FP8-without-reasoning,air_balloon_survival_zh_complexity_easy,instance_00003,Success,1.0
31,hot_air_balloon,Qwen3.6-35B-A3B-FP8-without-reasoning,air_balloon_survival_zh_complexity_easy,instance_00003,Violations Player 1,0.0
32,hot_air_balloon,Qwen3.6-35B-A3B-FP8-without-reasoning,air_balloon_survival_zh_complexity_easy,instance_00003,Violations Player 2,0.0
33,hot_air_balloon,Qwen3.6-35B-A3B-FP8-without-reasoning,air_balloon_survival_zh_complexity_easy,instance_00003,Total Violations,0.0
34,hot_air_balloon,Qwen3.6-35B-A3B-FP8-without-reasoning,air_balloon_survival_zh_complexity_easy,instance_00003,Normalized Utility Player 1,0.0
35,hot_air_balloon,Qwen3.6-35B-A3B-FP8-without-reasoning,air_balloon_survival_zh_complexity_easy,instance_00003,Normalized Utility Player 2,0.0
36,hot_air_balloon,Qwen3.6-35B-A3B-FP8-without-reasoning,air_balloon_survival_zh_complexity_easy,instance_00003,Harmonic Mean Score,0.0
37,hot_air_balloon,Qwen3.6-35B-A3B-FP8-without-reasoning,air_balloon_survival_zh_complexity_easy,instance_00003,Main Score,0.0
38,hot_air_balloon,Qwen3.6-35B-A3B-FP8-without-reasoning,air_balloon_survival_zh_complexity_easy,instance_00004,Request Count,5.0
39,hot_air_balloon,Qwen3.6-35B-A3B-FP8-without-reasoning,air_balloon_survival_zh_complexity_easy,instance_00004,Parsed Request Count,5.0
40,hot_air_balloon,Qwen3.6-35B-A3B-FP8-without-reasoning,air_balloon_survival_zh_complexity_easy,instance_00004,Violated Request Count,0.0
41,hot_air_balloon,Qwen3.6-35B-A3B-FP8-without-reasoning,air_balloon_survival_zh_complexity_easy,instance_00004,Request Success Ratio,1.0
42,hot_air_balloon,Qwen3.6-35B-A3B-FP8-without-reasoning,air_balloon_survival_zh_complexity_easy,instance_00004,Aborted,0.0
43,hot_air_balloon,Qwen3.6-35B-A3B-FP8-without-reasoning,air_balloon_survival_zh_complexity_easy,instance_00004,Lose,1.0
44,hot_air_balloon,Qwen3.6-35B-A3B-FP8-without-reasoning,air_balloon_survival_zh_complexity_easy,instance_00004,Success,0.0
45,hot_air_balloon,Qwen3.6-35B-A3B-FP8-without-reasoning,air_balloon_survival_zh_complexity_easy,instance_00004,Violations Player 1,0.0
46,hot_air_balloon,Qwen3.6-35B-A3B-FP8-without-reasoning,air_balloon_survival_zh_complexity_easy,instance_00004,Violations Player 2,0.0
47,hot_air_balloon,Qwen3.6-35B-A3B-FP8-without-reasoning,air_balloon_survival_zh_complexity_easy,instance_00004,Total Violations,0.0
48,hot_air_balloon,Qwen3.6-35B-A3B-FP8-without-reasoning,air_balloon_survival_zh_complexity_easy,instance_00004,Normalized Utility Player 1,
49,hot_air_balloon,Qwen3.6-35B-A3B-FP8-without-reasoning,air_balloon_survival_zh_complexity_easy,instance_00004,Normalized Utility Player 2,
50,hot_air_balloon,Qwen3.6-35B-A3B-FP8-without-reasoning,air_balloon_survival_zh_complexity_easy,instance_00004,Harmonic Mean Score,
51,hot_air_balloon,Qwen3.6-35B-A3B-FP8-without-reasoning,air_balloon_survival_zh_complexity_easy,instance_00004,Main Score,0.0
52,hot_air_balloon,Qwen3.6-35B-A3B-FP8-without-reasoning,air_balloon_survival_zh_complexity_easy,instance_00001,Request Count,10.0
53,hot_air_balloon,Qwen3.6-35B-A3B-FP8-without-reasoning,air_balloon_survival_zh_complexity_easy,instance_00001,Parsed Request Count,10.0
54,hot_air_balloon,Qwen3.6-35B-A3B-FP8-without-reasoning,air_balloon_survival_zh_complexity_easy,instance_00001,Violated Request Count,0.0
55,hot_air_balloon,Qwen3.6-35B-A3B-FP8-without-reasoning,air_balloon_survival_zh_complexity_easy,instance_00001,Request Success Ratio,1.0
56,hot_air_balloon,Qwen3.6-35B-A3B-FP8-without-reasoning,air_balloon_survival_zh_complexity_easy,instance_00001,Aborted,0.0
57,hot_air_balloon,Qwen3.6-35B-A3B-FP8-without-reasoning,air_balloon_survival_zh_complexity_easy,instance_00001,Lose,0.0
58,hot_air_balloon,Qwen3.6-35B-A3B-FP8-without-reasoning,air_balloon_survival_zh_complexity_easy,instance_00001,Success,1.0
59,hot_air_balloon,Qwen3.6-35B-A3B-FP8-without-reasoning,air_balloon_survival_zh_complexity_easy,instance_00001,Violations Player 1,0.0
60,hot_air_balloon,Qwen3.6-35B-A3B-FP8-without-reasoning,air_balloon_survival_zh_complexity_easy,instance_00001,Violations Player 2,0.0
61,hot_air_balloon,Qwen3.6-35B-A3B-FP8-without-reasoning,air_balloon_survival_zh_complexity_easy,instance_00001,Total Violations,0.0
62,hot_air_balloon,Qwen3.6-35B-A3B-FP8-without-reasoning,air_balloon_survival_zh_complexity_easy,instance_00001,Normalized Utility Player 1,90.17917284116935
63,hot_air_balloon,Qwen3.6-35B-A3B-FP8-without-reasoning,air_balloon_survival_zh_complexity_easy,instance_00001,Normalized Utility Player 2,90.17917284116935
64,hot_air_balloon,Qwen3.6-35B-A3B-FP8-without-reasoning,air_balloon_survival_zh_complexity_easy,instance_00001,Harmonic Mean Score,90.17917284116935
65,hot_air_balloon,Qwen3.6-35B-A3B-FP8-without-reasoning,air_balloon_survival_zh_complexity_easy,instance_00001,Main Score,90.17917284116935
66,hot_air_balloon,Qwen3.6-35B-A3B-FP8-without-reasoning,air_balloon_survival_zh_complexity_easy,instance_00000,Request Count,9.0
67,hot_air_balloon,Qwen3.6-35B-A3B-FP8-without-reasoning,air_balloon_survival_zh_complexity_easy,instance_00000,Parsed Request Count,8.0
68,hot_air_balloon,Qwen3.6-35B-A3B-FP8-without-reasoning,air_balloon_survival_zh_complexity_easy,instance_00000,Violated Request Count,1.0
69,hot_air_balloon,Qwen3.6-35B-A3B-FP8-without-reasoning,air_balloon_survival_zh_complexity_easy,instance_00000,Request Success Ratio,0.8888888888888888
70,hot_air_balloon,Qwen3.6-35B-A3B-FP8-without-reasoning,air_balloon_survival_zh_complexity_easy,instance_00000,Aborted,1.0
71,hot_air_balloon,Qwen3.6-35B-A3B-FP8-without-reasoning,air_balloon_survival_zh_complexity_easy,instance_00000,Lose,0.0
72,hot_air_balloon,Qwen3.6-35B-A3B-FP8-without-reasoning,air_balloon_survival_zh_complexity_easy,instance_00000,Success,0.0
73,hot_air_balloon,Qwen3.6-35B-A3B-FP8-without-reasoning,air_balloon_survival_zh_complexity_easy,instance_00000,Violations Player 1,0.0
74,hot_air_balloon,Qwen3.6-35B-A3B-FP8-without-reasoning,air_balloon_survival_zh_complexity_easy,instance_00000,Violations Player 2,1.0
75,hot_air_balloon,Qwen3.6-35B-A3B-FP8-without-reasoning,air_balloon_survival_zh_complexity_easy,instance_00000,Total Violations,1.0
76,hot_air_balloon,Qwen3.6-35B-A3B-FP8-without-reasoning,air_balloon_survival_zh_complexity_easy,instance_00000,Normalized Utility Player 1,
77,hot_air_balloon,Qwen3.6-35B-A3B-FP8-without-reasoning,air_balloon_survival_zh_complexity_easy,instance_00000,Normalized Utility Player 2,
78,hot_air_balloon,Qwen3.6-35B-A3B-FP8-without-reasoning,air_balloon_survival_zh_complexity_easy,instance_00000,Harmonic Mean Score,
79,hot_air_balloon,Qwen3.6-35B-A3B-FP8-without-reasoning,air_balloon_survival_zh_complexity_easy,instance_00000,Main Score,
80,hot_air_balloon,Qwen3.6-35B-A3B-FP8-without-reasoning,air_balloon_survival_zh_negotiation_easy,instance_00002,Request Count,8.0
81,hot_air_balloon,Qwen3.6-35B-A3B-FP8-without-reasoning,air_balloon_survival_zh_negotiation_easy,instance_00002,Parsed Request Count,8.0
82,hot_air_balloon,Qwen3.6-35B-A3B-FP8-without-reasoning,air_balloon_survival_zh_negotiation_easy,instance_00002,Violated Request Count,0.0
83,hot_air_balloon,Qwen3.6-35B-A3B-FP8-without-reasoning,air_balloon_survival_zh_negotiation_easy,instance_00002,Request Success Ratio,1.0
84,hot_air_balloon,Qwen3.6-35B-A3B-FP8-without-reasoning,air_balloon_survival_zh_negotiation_easy,instance_00002,Aborted,0.0
85,hot_air_balloon,Qwen3.6-35B-A3B-FP8-without-reasoning,air_balloon_survival_zh_negotiation_easy,instance_00002,Lose,0.0
86,hot_air_balloon,Qwen3.6-35B-A3B-FP8-without-reasoning,air_balloon_survival_zh_negotiation_easy,instance_00002,Success,1.0
87,hot_air_balloon,Qwen3.6-35B-A3B-FP8-without-reasoning,air_balloon_survival_zh_negotiation_easy,instance_00002,Violations Player 1,0.0
88,hot_air_balloon,Qwen3.6-35B-A3B-FP8-without-reasoning,air_balloon_survival_zh_negotiation_easy,instance_00002,Violations Player 2,0.0
89,hot_air_balloon,Qwen3.6-35B-A3B-FP8-without-reasoning,air_balloon_survival_zh_negotiation_easy,instance_00002,Total Violations,0.0
90,hot_air_balloon,Qwen3.6-35B-A3B-FP8-without-reasoning,air_balloon_survival_zh_negotiation_easy,instance_00002,Normalized Utility Player 1,100.0
91,hot_air_balloon,Qwen3.6-35B-A3B-FP8-without-reasoning,air_balloon_survival_zh_negotiation_easy,instance_00002,Normalized Utility Player 2,100.0
92,hot_air_balloon,Qwen3.6-35B-A3B-FP8-without-reasoning,air_balloon_survival_zh_negotiation_easy,instance_00002,Harmonic Mean Score,100.0
93,hot_air_balloon,Qwen3.6-35B-A3B-FP8-without-reasoning,air_balloon_survival_zh_negotiation_easy,instance_00002,Main Score,100.0
94,hot_air_balloon,Qwen3.6-35B-A3B-FP8-without-reasoning,air_balloon_survival_zh_negotiation_easy,instance_00003,Request Count,10.0
95,hot_air_balloon,Qwen3.6-35B-A3B-FP8-without-reasoning,air_balloon_survival_zh_negotiation_easy,instance_00003,Parsed Request Count,10.0
96,hot_air_balloon,Qwen3.6-35B-A3B-FP8-without-reasoning,air_balloon_survival_zh_negotiation_easy,instance_00003,Violated Request Count,0.0
97,hot_air_balloon,Qwen3.6-35B-A3B-FP8-without-reasoning,air_balloon_survival_zh_negotiation_easy,instance_00003,Request Success Ratio,1.0
98,hot_air_balloon,Qwen3.6-35B-A3B-FP8-without-reasoning,air_balloon_survival_zh_negotiation_easy,instance_00003,Aborted,0.0
99,hot_air_balloon,Qwen3.6-35B-A3B-FP8-without-reasoning,air_balloon_survival_zh_negotiation_easy,instance_00003,Lose,1.0
100,hot_air_balloon,Qwen3.6-35B-A3B-FP8-without-reasoning,air_balloon_survival_zh_negotiation_easy,instance_00003,Success,0.0
101,hot_air_balloon,Qwen3.6-35B-A3B-FP8-without-reasoning,air_balloon_survival_zh_negotiation_easy,instance_00003,Violations Player 1,0.0
102,hot_air_balloon,Qwen3.6-35B-A3B-FP8-without-reasoning,air_balloon_survival_zh_negotiation_easy,instance_00003,Violations Player 2,0.0
103,hot_air_balloon,Qwen3.6-35B-A3B-FP8-without-reasoning,air_balloon_survival_zh_negotiation_easy,instance_00003,Total Violations,0.0
104,hot_air_balloon,Qwen3.6-35B-A3B-FP8-without-reasoning,air_balloon_survival_zh_negotiation_easy,instance_00003,Normalized Utility Player 1,
105,hot_air_balloon,Qwen3.6-35B-A3B-FP8-without-reasoning,air_balloon_survival_zh_negotiation_easy,instance_00003,Normalized Utility Player 2,
106,hot_air_balloon,Qwen3.6-35B-A3B-FP8-without-reasoning,air_balloon_survival_zh_negotiation_easy,instance_00003,Harmonic Mean Score,
107,hot_air_balloon,Qwen3.6-35B-A3B-FP8-without-reasoning,air_balloon_survival_zh_negotiation_easy,instance_00003,Main Score,0.0
108,hot_air_balloon,Qwen3.6-35B-A3B-FP8-without-reasoning,air_balloon_survival_zh_negotiation_easy,instance_00004,Request Count,5.0
109,hot_air_balloon,Qwen3.6-35B-A3B-FP8-without-reasoning,air_balloon_survival_zh_negotiation_easy,instance_00004,Parsed Request Count,5.0
110,hot_air_balloon,Qwen3.6-35B-A3B-FP8-without-reasoning,air_balloon_survival_zh_negotiation_easy,instance_00004,Violated Request Count,0.0
111,hot_air_balloon,Qwen3.6-35B-A3B-FP8-without-reasoning,air_balloon_survival_zh_negotiation_easy,instance_00004,Request Success Ratio,1.0
112,hot_air_balloon,Qwen3.6-35B-A3B-FP8-without-reasoning,air_balloon_survival_zh_negotiation_easy,instance_00004,Aborted,0.0
113,hot_air_balloon,Qwen3.6-35B-A3B-FP8-without-reasoning,air_balloon_survival_zh_negotiation_easy,instance_00004,Lose,1.0
114,hot_air_balloon,Qwen3.6-35B-A3B-FP8-without-reasoning,air_balloon_survival_zh_negotiation_easy,instance_00004,Success,0.0
115,hot_air_balloon,Qwen3.6-35B-A3B-FP8-without-reasoning,air_balloon_survival_zh_negotiation_easy,instance_00004,Violations Player 1,0.0
116,hot_air_balloon,Qwen3.6-35B-A3B-FP8-without-reasoning,air_balloon_survival_zh_negotiation_easy,instance_00004,Violations Player 2,0.0
117,hot_air_balloon,Qwen3.6-35B-A3B-FP8-without-reasoning,air_balloon_survival_zh_negotiation_easy,instance_00004,Total Violations,0.0
118,hot_air_balloon,Qwen3.6-35B-A3B-FP8-without-reasoning,air_balloon_survival_zh_negotiation_easy,instance_00004,Normalized Utility Player 1,
119,hot_air_balloon,Qwen3.6-35B-A3B-FP8-without-reasoning,air_balloon_survival_zh_negotiation_easy,instance_00004,Normalized Utility Player 2,
120,hot_air_balloon,Qwen3.6-35B-A3B-FP8-without-reasoning,air_balloon_survival_zh_negotiation_easy,instance_00004,Harmonic Mean Score,
121,hot_air_balloon,Qwen3.6-35B-A3B-FP8-without-reasoning,air_balloon_survival_zh_negotiation_easy,instance_00004,Main Score,0.0
122,hot_air_balloon,Qwen3.6-35B-A3B-FP8-without-reasoning,air_balloon_survival_zh_negotiation_easy,instance_00001,Request Count,4.0
123,hot_air_balloon,Qwen3.6-35B-A3B-FP8-without-reasoning,air_balloon_survival_zh_negotiation_easy,instance_00001,Parsed Request Count,4.0
124,hot_air_balloon,Qwen3.6-35B-A3B-FP8-without-reasoning,air_balloon_survival_zh_negotiation_easy,instance_00001,Violated Request Count,0.0
125,hot_air_balloon,Qwen3.6-35B-A3B-FP8-without-reasoning,air_balloon_survival_zh_negotiation_easy,instance_00001,Request Success Ratio,1.0
126,hot_air_balloon,Qwen3.6-35B-A3B-FP8-without-reasoning,air_balloon_survival_zh_negotiation_easy,instance_00001,Aborted,0.0
127,hot_air_balloon,Qwen3.6-35B-A3B-FP8-without-reasoning,air_balloon_survival_zh_negotiation_easy,instance_00001,Lose,0.0
128,hot_air_balloon,Qwen3.6-35B-A3B-FP8-without-reasoning,air_balloon_survival_zh_negotiation_easy,instance_00001,Success,1.0
129,hot_air_balloon,Qwen3.6-35B-A3B-FP8-without-reasoning,air_balloon_survival_zh_negotiation_easy,instance_00001,Violations Player 1,0.0
130,hot_air_balloon,Qwen3.6-35B-A3B-FP8-without-reasoning,air_balloon_survival_zh_negotiation_easy,instance_00001,Violations Player 2,0.0
131,hot_air_balloon,Qwen3.6-35B-A3B-FP8-without-reasoning,air_balloon_survival_zh_negotiation_easy,instance_00001,Total Violations,0.0
132,hot_air_balloon,Qwen3.6-35B-A3B-FP8-without-reasoning,air_balloon_survival_zh_negotiation_easy,instance_00001,Normalized Utility Player 1,100.0
133,hot_air_balloon,Qwen3.6-35B-A3B-FP8-without-reasoning,air_balloon_survival_zh_negotiation_easy,instance_00001,Normalized Utility Player 2,100.0
134,hot_air_balloon,Qwen3.6-35B-A3B-FP8-without-reasoning,air_balloon_survival_zh_negotiation_easy,instance_00001,Harmonic Mean Score,100.0
135,hot_air_balloon,Qwen3.6-35B-A3B-FP8-without-reasoning,air_balloon_survival_zh_negotiation_easy,instance_00001,Main Score,100.0
136,hot_air_balloon,Qwen3.6-35B-A3B-FP8-without-reasoning,air_balloon_survival_zh_negotiation_easy,instance_00000,Request Count,6.0
137,hot_air_balloon,Qwen3.6-35B-A3B-FP8-without-reasoning,air_balloon_survival_zh_negotiation_easy,instance_00000,Parsed Request Count,6.0
138,hot_air_balloon,Qwen3.6-35B-A3B-FP8-without-reasoning,air_balloon_survival_zh_negotiation_easy,instance_00000,Violated Request Count,0.0
139,hot_air_balloon,Qwen3.6-35B-A3B-FP8-without-reasoning,air_balloon_survival_zh_negotiation_easy,instance_00000,Request Success Ratio,1.0
140,hot_air_balloon,Qwen3.6-35B-A3B-FP8-without-reasoning,air_balloon_survival_zh_negotiation_easy,instance_00000,Aborted,0.0
141,hot_air_balloon,Qwen3.6-35B-A3B-FP8-without-reasoning,air_balloon_survival_zh_negotiation_easy,instance_00000,Lose,0.0
142,hot_air_balloon,Qwen3.6-35B-A3B-FP8-without-reasoning,air_balloon_survival_zh_negotiation_easy,instance_00000,Success,1.0
143,hot_air_balloon,Qwen3.6-35B-A3B-FP8-without-reasoning,air_balloon_survival_zh_negotiation_easy,instance_00000,Violations Player 1,0.0
144,hot_air_balloon,Qwen3.6-35B-A3B-FP8-without-reasoning,air_balloon_survival_zh_negotiation_easy,instance_00000,Violations Player 2,0.0
145,hot_air_balloon,Qwen3.6-35B-A3B-FP8-without-reasoning,air_balloon_survival_zh_negotiation_easy,instance_00000,Total Violations,0.0
146,hot_air_balloon,Qwen3.6-35B-A3B-FP8-without-reasoning,air_balloon_survival_zh_negotiation_easy,instance_00000,Normalized Utility Player 1,96.41500082603667
147,hot_air_balloon,Qwen3.6-35B-A3B-FP8-without-reasoning,air_balloon_survival_zh_negotiation_easy,instance_00000,Normalized Utility Player 2,96.41500082603667
148,hot_air_balloon,Qwen3.6-35B-A3B-FP8-without-reasoning,air_balloon_survival_zh_negotiation_easy,instance_00000,Harmonic Mean Score,96.41500082603667
149,hot_air_balloon,Qwen3.6-35B-A3B-FP8-without-reasoning,air_balloon_survival_zh_negotiation_easy,instance_00000,Main Score,96.41500082603667
150,hot_air_balloon,Qwen3.6-35B-A3B-FP8-without-reasoning,air_balloon_survival_zh_complexity_hard,instance_00002,Request Count,8.0
151,hot_air_balloon,Qwen3.6-35B-A3B-FP8-without-reasoning,air_balloon_survival_zh_complexity_hard,instance_00002,Parsed Request Count,8.0
152,hot_air_balloon,Qwen3.6-35B-A3B-FP8-without-reasoning,air_balloon_survival_zh_complexity_hard,instance_00002,Violated Request Count,0.0
153,hot_air_balloon,Qwen3.6-35B-A3B-FP8-without-reasoning,air_balloon_survival_zh_complexity_hard,instance_00002,Request Success Ratio,1.0
154,hot_air_balloon,Qwen3.6-35B-A3B-FP8-without-reasoning,air_balloon_survival_zh_complexity_hard,instance_00002,Aborted,0.0
155,hot_air_balloon,Qwen3.6-35B-A3B-FP8-without-reasoning,air_balloon_survival_zh_complexity_hard,instance_00002,Lose,0.0
156,hot_air_balloon,Qwen3.6-35B-A3B-FP8-without-reasoning,air_balloon_survival_zh_complexity_hard,instance_00002,Success,1.0
157,hot_air_balloon,Qwen3.6-35B-A3B-FP8-without-reasoning,air_balloon_survival_zh_complexity_hard,instance_00002,Violations Player 1,0.0
158,hot_air_balloon,Qwen3.6-35B-A3B-FP8-without-reasoning,air_balloon_survival_zh_complexity_hard,instance_00002,Violations Player 2,0.0
159,hot_air_balloon,Qwen3.6-35B-A3B-FP8-without-reasoning,air_balloon_survival_zh_complexity_hard,instance_00002,Total Violations,0.0
160,hot_air_balloon,Qwen3.6-35B-A3B-FP8-without-reasoning,air_balloon_survival_zh_complexity_hard,instance_00002,Normalized Utility Player 1,87.28622136172959
161,hot_air_balloon,Qwen3.6-35B-A3B-FP8-without-reasoning,air_balloon_survival_zh_complexity_hard,instance_00002,Normalized Utility Player 2,87.28622136172959
162,hot_air_balloon,Qwen3.6-35B-A3B-FP8-without-reasoning,air_balloon_survival_zh_complexity_hard,instance_00002,Harmonic Mean Score,87.28622136172959
163,hot_air_balloon,Qwen3.6-35B-A3B-FP8-without-reasoning,air_balloon_survival_zh_complexity_hard,instance_00002,Main Score,87.28622136172959
164,hot_air_balloon,Qwen3.6-35B-A3B-FP8-without-reasoning,air_balloon_survival_zh_complexity_hard,instance_00003,Request Count,9.0
165,hot_air_balloon,Qwen3.6-35B-A3B-FP8-without-reasoning,air_balloon_survival_zh_complexity_hard,instance_00003,Parsed Request Count,9.0
166,hot_air_balloon,Qwen3.6-35B-A3B-FP8-without-reasoning,air_balloon_survival_zh_complexity_hard,instance_00003,Violated Request Count,0.0
167,hot_air_balloon,Qwen3.6-35B-A3B-FP8-without-reasoning,air_balloon_survival_zh_complexity_hard,instance_00003,Request Success Ratio,1.0
168,hot_air_balloon,Qwen3.6-35B-A3B-FP8-without-reasoning,air_balloon_survival_zh_complexity_hard,instance_00003,Aborted,0.0
169,hot_air_balloon,Qwen3.6-35B-A3B-FP8-without-reasoning,air_balloon_survival_zh_complexity_hard,instance_00003,Lose,0.0
170,hot_air_balloon,Qwen3.6-35B-A3B-FP8-without-reasoning,air_balloon_survival_zh_complexity_hard,instance_00003,Success,1.0
171,hot_air_balloon,Qwen3.6-35B-A3B-FP8-without-reasoning,air_balloon_survival_zh_complexity_hard,instance_00003,Violations Player 1,0.0
172,hot_air_balloon,Qwen3.6-35B-A3B-FP8-without-reasoning,air_balloon_survival_zh_complexity_hard,instance_00003,Violations Player 2,0.0
173,hot_air_balloon,Qwen3.6-35B-A3B-FP8-without-reasoning,air_balloon_survival_zh_complexity_hard,instance_00003,Total Violations,0.0
174,hot_air_balloon,Qwen3.6-35B-A3B-FP8-without-reasoning,air_balloon_survival_zh_complexity_hard,instance_00003,Normalized Utility Player 1,94.65014577259475
175,hot_air_balloon,Qwen3.6-35B-A3B-FP8-without-reasoning,air_balloon_survival_zh_complexity_hard,instance_00003,Normalized Utility Player 2,94.65014577259475
176,hot_air_balloon,Qwen3.6-35B-A3B-FP8-without-reasoning,air_balloon_survival_zh_complexity_hard,instance_00003,Harmonic Mean Score,94.65014577259475
177,hot_air_balloon,Qwen3.6-35B-A3B-FP8-without-reasoning,air_balloon_survival_zh_complexity_hard,instance_00003,Main Score,94.65014577259475
178,hot_air_balloon,Qwen3.6-35B-A3B-FP8-without-reasoning,air_balloon_survival_zh_complexity_hard,instance_00004,Request Count,9.0
179,hot_air_balloon,Qwen3.6-35B-A3B-FP8-without-reasoning,air_balloon_survival_zh_complexity_hard,instance_00004,Parsed Request Count,9.0
180,hot_air_balloon,Qwen3.6-35B-A3B-FP8-without-reasoning,air_balloon_survival_zh_complexity_hard,instance_00004,Violated Request Count,0.0
181,hot_air_balloon,Qwen3.6-35B-A3B-FP8-without-reasoning,air_balloon_survival_zh_complexity_hard,instance_00004,Request Success Ratio,1.0
182,hot_air_balloon,Qwen3.6-35B-A3B-FP8-without-reasoning,air_balloon_survival_zh_complexity_hard,instance_00004,Aborted,0.0
183,hot_air_balloon,Qwen3.6-35B-A3B-FP8-without-reasoning,air_balloon_survival_zh_complexity_hard,instance_00004,Lose,0.0
184,hot_air_balloon,Qwen3.6-35B-A3B-FP8-without-reasoning,air_balloon_survival_zh_complexity_hard,instance_00004,Success,1.0
185,hot_air_balloon,Qwen3.6-35B-A3B-FP8-without-reasoning,air_balloon_survival_zh_complexity_hard,instance_00004,Violations Player 1,0.0
186,hot_air_balloon,Qwen3.6-35B-A3B-FP8-without-reasoning,air_balloon_survival_zh_complexity_hard,instance_00004,Violations Player 2,0.0
187,hot_air_balloon,Qwen3.6-35B-A3B-FP8-without-reasoning,air_balloon_survival_zh_complexity_hard,instance_00004,Total Violations,0.0
188,hot_air_balloon,Qwen3.6-35B-A3B-FP8-without-reasoning,air_balloon_survival_zh_complexity_hard,instance_00004,Normalized Utility Player 1,87.53143026179559
189,hot_air_balloon,Qwen3.6-35B-A3B-FP8-without-reasoning,air_balloon_survival_zh_complexity_hard,instance_00004,Normalized Utility Player 2,87.53143026179559
190,hot_air_balloon,Qwen3.6-35B-A3B-FP8-without-reasoning,air_balloon_survival_zh_complexity_hard,instance_00004,Harmonic Mean Score,87.53143026179559
191,hot_air_balloon,Qwen3.6-35B-A3B-FP8-without-reasoning,air_balloon_survival_zh_complexity_hard,instance_00004,Main Score,87.53143026179559
192,hot_air_balloon,Qwen3.6-35B-A3B-FP8-without-reasoning,air_balloon_survival_zh_complexity_hard,instance_00001,Request Count,8.0
193,hot_air_balloon,Qwen3.6-35B-A3B-FP8-without-reasoning,air_balloon_survival_zh_complexity_hard,instance_00001,Parsed Request Count,8.0
194,hot_air_balloon,Qwen3.6-35B-A3B-FP8-without-reasoning,air_balloon_survival_zh_complexity_hard,instance_00001,Violated Request Count,0.0
195,hot_air_balloon,Qwen3.6-35B-A3B-FP8-without-reasoning,air_balloon_survival_zh_complexity_hard,instance_00001,Request Success Ratio,1.0
196,hot_air_balloon,Qwen3.6-35B-A3B-FP8-without-reasoning,air_balloon_survival_zh_complexity_hard,instance_00001,Aborted,0.0
197,hot_air_balloon,Qwen3.6-35B-A3B-FP8-without-reasoning,air_balloon_survival_zh_complexity_hard,instance_00001,Lose,1.0
198,hot_air_balloon,Qwen3.6-35B-A3B-FP8-without-reasoning,air_balloon_survival_zh_complexity_hard,instance_00001,Success,0.0
199,hot_air_balloon,Qwen3.6-35B-A3B-FP8-without-reasoning,air_balloon_survival_zh_complexity_hard,instance_00001,Violations Player 1,0.0
200,hot_air_balloon,Qwen3.6-35B-A3B-FP8-without-reasoning,air_balloon_survival_zh_complexity_hard,instance_00001,Violations Player 2,0.0
201,hot_air_balloon,Qwen3.6-35B-A3B-FP8-without-reasoning,air_balloon_survival_zh_complexity_hard,instance_00001,Total Violations,0.0
202,hot_air_balloon,Qwen3.6-35B-A3B-FP8-without-reasoning,air_balloon_survival_zh_complexity_hard,instance_00001,Normalized Utility Player 1,
203,hot_air_balloon,Qwen3.6-35B-A3B-FP8-without-reasoning,air_balloon_survival_zh_complexity_hard,instance_00001,Normalized Utility Player 2,
204,hot_air_balloon,Qwen3.6-35B-A3B-FP8-without-reasoning,air_balloon_survival_zh_complexity_hard,instance_00001,Harmonic Mean Score,
205,hot_air_balloon,Qwen3.6-35B-A3B-FP8-without-reasoning,air_balloon_survival_zh_complexity_hard,instance_00001,Main Score,0.0
206,hot_air_balloon,Qwen3.6-35B-A3B-FP8-without-reasoning,air_balloon_survival_zh_complexity_hard,instance_00000,Request Count,12.0
207,hot_air_balloon,Qwen3.6-35B-A3B-FP8-without-reasoning,air_balloon_survival_zh_complexity_hard,instance_00000,Parsed Request Count,12.0
208,hot_air_balloon,Qwen3.6-35B-A3B-FP8-without-reasoning,air_balloon_survival_zh_complexity_hard,instance_00000,Violated Request Count,0.0
209,hot_air_balloon,Qwen3.6-35B-A3B-FP8-without-reasoning,air_balloon_survival_zh_complexity_hard,instance_00000,Request Success Ratio,1.0
210,hot_air_balloon,Qwen3.6-35B-A3B-FP8-without-reasoning,air_balloon_survival_zh_complexity_hard,instance_00000,Aborted,0.0
211,hot_air_balloon,Qwen3.6-35B-A3B-FP8-without-reasoning,air_balloon_survival_zh_complexity_hard,instance_00000,Lose,0.0
212,hot_air_balloon,Qwen3.6-35B-A3B-FP8-without-reasoning,air_balloon_survival_zh_complexity_hard,instance_00000,Success,1.0
213,hot_air_balloon,Qwen3.6-35B-A3B-FP8-without-reasoning,air_balloon_survival_zh_complexity_hard,instance_00000,Violations Player 1,0.0
214,hot_air_balloon,Qwen3.6-35B-A3B-FP8-without-reasoning,air_balloon_survival_zh_complexity_hard,instance_00000,Violations Player 2,0.0
215,hot_air_balloon,Qwen3.6-35B-A3B-FP8-without-reasoning,air_balloon_survival_zh_complexity_hard,instance_00000,Total Violations,0.0
216,hot_air_balloon,Qwen3.6-35B-A3B-FP8-without-reasoning,air_balloon_survival_zh_complexity_hard,instance_00000,Normalized Utility Player 1,96.01521164021165
217,hot_air_balloon,Qwen3.6-35B-A3B-FP8-without-reasoning,air_balloon_survival_zh_complexity_hard,instance_00000,Normalized Utility Player 2,96.01521164021165
218,hot_air_balloon,Qwen3.6-35B-A3B-FP8-without-reasoning,air_balloon_survival_zh_complexity_hard,instance_00000,Harmonic Mean Score,96.01521164021165
219,hot_air_balloon,Qwen3.6-35B-A3B-FP8-without-reasoning,air_balloon_survival_zh_complexity_hard,instance_00000,Main Score,96.01521164021165
220,clean_up,Qwen3.6-35B-A3B-FP8-without-reasoning,1_medium_3obj_zh,instance_00002,Request Count,21.0
221,clean_up,Qwen3.6-35B-A3B-FP8-without-reasoning,1_medium_3obj_zh,instance_00002,Parsed Request Count,19.0
222,clean_up,Qwen3.6-35B-A3B-FP8-without-reasoning,1_medium_3obj_zh,instance_00002,Violated Request Count,2.0
223,clean_up,Qwen3.6-35B-A3B-FP8-without-reasoning,1_medium_3obj_zh,instance_00002,Request Success Ratio,0.9047619047619048
224,clean_up,Qwen3.6-35B-A3B-FP8-without-reasoning,1_medium_3obj_zh,instance_00002,Aborted,0.0
225,clean_up,Qwen3.6-35B-A3B-FP8-without-reasoning,1_medium_3obj_zh,instance_00002,Lose,0.0
226,clean_up,Qwen3.6-35B-A3B-FP8-without-reasoning,1_medium_3obj_zh,instance_00002,Success,1.0
227,clean_up,Qwen3.6-35B-A3B-FP8-without-reasoning,1_medium_3obj_zh,instance_00002,Distance Score,0.659082792414845
228,clean_up,Qwen3.6-35B-A3B-FP8-without-reasoning,1_medium_3obj_zh,instance_00002,Consistency Score,0.6666666666666667
229,clean_up,Qwen3.6-35B-A3B-FP8-without-reasoning,1_medium_3obj_zh,instance_00002,Coverage Score,0.75
230,clean_up,Qwen3.6-35B-A3B-FP8-without-reasoning,1_medium_3obj_zh,instance_00002,Penalty Score,0.7727272727272727
231,clean_up,Qwen3.6-35B-A3B-FP8-without-reasoning,1_medium_3obj_zh,instance_00002,Moves,"[['Player 2', 'P'], ['Player 1', 'C'], ['Player 2', 'L'], ['Player 1', 'L'], ['Player 2', 'C']]"
232,clean_up,Qwen3.6-35B-A3B-FP8-without-reasoning,1_medium_3obj_zh,instance_00002,Init States,"{'state_1': [{'id': 'C', 'coord': [5, 1]}, {'id': 'L', 'coord': [4, 7]}, {'id': 'P', 'coord': [7, 3]}], 'state_2': [{'id': 'C', 'coord': [1, 4]}, {'id': 'L', 'coord': [7, 3]}, {'id': 'P', 'coord': [7, 4]}]}"
233,clean_up,Qwen3.6-35B-A3B-FP8-without-reasoning,1_medium_3obj_zh,instance_00002,End States,"{'state_1': [{'id': 'C', 'coord': [1, 1]}, {'id': 'L', 'coord': [2, 3]}, {'id': 'P', 'coord': [7, 3]}], 'state_2': [{'id': 'C', 'coord': [1, 1]}, {'id': 'L', 'coord': [2, 3]}, {'id': 'P', 'coord': [3, 3]}]}"
234,clean_up,Qwen3.6-35B-A3B-FP8-without-reasoning,1_medium_3obj_zh,instance_00002,Shifts,3
235,clean_up,Qwen3.6-35B-A3B-FP8-without-reasoning,1_medium_3obj_zh,instance_00002,Max Shifts,4
236,clean_up,Qwen3.6-35B-A3B-FP8-without-reasoning,1_medium_3obj_zh,instance_00002,Min Shifts,2
237,clean_up,Qwen3.6-35B-A3B-FP8-without-reasoning,1_medium_3obj_zh,instance_00002,End Distance Sum,4.0
238,clean_up,Qwen3.6-35B-A3B-FP8-without-reasoning,1_medium_3obj_zh,instance_00002,Init Distance Sum,11.0
239,clean_up,Qwen3.6-35B-A3B-FP8-without-reasoning,1_medium_3obj_zh,instance_00002,Expected Distance Sum,12.570787221094177
240,clean_up,Qwen3.6-35B-A3B-FP8-without-reasoning,1_medium_3obj_zh,instance_00002,Penalties,5
241,clean_up,Qwen3.6-35B-A3B-FP8-without-reasoning,1_medium_3obj_zh,instance_00002,Max Penalties,8
242,clean_up,Qwen3.6-35B-A3B-FP8-without-reasoning,1_medium_3obj_zh,instance_00002,Rounds,8
243,clean_up,Qwen3.6-35B-A3B-FP8-without-reasoning,1_medium_3obj_zh,instance_00002,Max Rounds,12
244,clean_up,Qwen3.6-35B-A3B-FP8-without-reasoning,1_medium_3obj_zh,instance_00002,Object Count,3
245,clean_up,Qwen3.6-35B-A3B-FP8-without-reasoning,1_medium_3obj_zh,instance_00002,Valid Moves,5
246,clean_up,Qwen3.6-35B-A3B-FP8-without-reasoning,1_medium_3obj_zh,instance_00002,Invalid Moves,3
247,clean_up,Qwen3.6-35B-A3B-FP8-without-reasoning,1_medium_3obj_zh,instance_00002,Parse Errors,4
248,clean_up,Qwen3.6-35B-A3B-FP8-without-reasoning,1_medium_3obj_zh,instance_00002,Main Score,50.92912486841984
249,clean_up,Qwen3.6-35B-A3B-FP8-without-reasoning,1_medium_3obj_zh,instance_00003,Request Count,15
250,clean_up,Qwen3.6-35B-A3B-FP8-without-reasoning,1_medium_3obj_zh,instance_00003,Parsed Request Count,13
251,clean_up,Qwen3.6-35B-A3B-FP8-without-reasoning,1_medium_3obj_zh,instance_00003,Violated Request Count,2
252,clean_up,Qwen3.6-35B-A3B-FP8-without-reasoning,1_medium_3obj_zh,instance_00003,Request Success Ratio,0.8666666666666667
253,clean_up,Qwen3.6-35B-A3B-FP8-without-reasoning,1_medium_3obj_zh,instance_00003,Aborted,0
254,clean_up,Qwen3.6-35B-A3B-FP8-without-reasoning,1_medium_3obj_zh,instance_00003,Lose,0
255,clean_up,Qwen3.6-35B-A3B-FP8-without-reasoning,1_medium_3obj_zh,instance_00003,Success,1
256,clean_up,Qwen3.6-35B-A3B-FP8-without-reasoning,1_medium_3obj_zh,instance_00003,Distance Score,1.0
257,clean_up,Qwen3.6-35B-A3B-FP8-without-reasoning,1_medium_3obj_zh,instance_00003,Consistency Score,1.0
258,clean_up,Qwen3.6-35B-A3B-FP8-without-reasoning,1_medium_3obj_zh,instance_00003,Coverage Score,1.0
259,clean_up,Qwen3.6-35B-A3B-FP8-without-reasoning,1_medium_3obj_zh,instance_00003,Penalty Score,0.8333333333333334
260,clean_up,Qwen3.6-35B-A3B-FP8-without-reasoning,1_medium_3obj_zh,instance_00003,Moves,"[['Player 2', 'C'], ['Player 1', 'C'], ['Player 2', 'L'], ['Player 1', 'L'], ['Player 2', 'P'], ['Player 1', 'P']]"
261,clean_up,Qwen3.6-35B-A3B-FP8-without-reasoning,1_medium_3obj_zh,instance_00003,Init States,"{'state_1': [{'id': 'C', 'coord': [6, 1]}, {'id': 'L', 'coord': [1, 4]}, {'id': 'P', 'coord': [6, 2]}], 'state_2': [{'id': 'C', 'coord': [7, 4]}, {'id': 'L', 'coord': [7, 3]}, {'id': 'P', 'coord': [7, 7]}]}"
262,clean_up,Qwen3.6-35B-A3B-FP8-without-reasoning,1_medium_3obj_zh,instance_00003,End States,"{'state_1': [{'id': 'C', 'coord': [1, 1]}, {'id': 'L', 'coord': [1, 3]}, {'id': 'P', 'coord': [1, 4]}], 'state_2': [{'id': 'C', 'coord': [1, 1]}, {'id': 'L', 'coord': [1, 3]}, {'id': 'P', 'coord': [1, 4]}]}"
263,clean_up,Qwen3.6-35B-A3B-FP8-without-reasoning,1_medium_3obj_zh,instance_00003,Shifts,2
264,clean_up,Qwen3.6-35B-A3B-FP8-without-reasoning,1_medium_3obj_zh,instance_00003,Max Shifts,4
265,clean_up,Qwen3.6-35B-A3B-FP8-without-reasoning,1_medium_3obj_zh,instance_00003,Min Shifts,2
266,clean_up,Qwen3.6-35B-A3B-FP8-without-reasoning,1_medium_3obj_zh,instance_00003,End Distance Sum,0.0
267,clean_up,Qwen3.6-35B-A3B-FP8-without-reasoning,1_medium_3obj_zh,instance_00003,Init Distance Sum,14.344059704059383
268,clean_up,Qwen3.6-35B-A3B-FP8-without-reasoning,1_medium_3obj_zh,instance_00003,Expected Distance Sum,12.570787221094177
269,clean_up,Qwen3.6-35B-A3B-FP8-without-reasoning,1_medium_3obj_zh,instance_00003,Penalties,4
270,clean_up,Qwen3.6-35B-A3B-FP8-without-reasoning,1_medium_3obj_zh,instance_00003,Max Penalties,8
271,clean_up,Qwen3.6-35B-A3B-FP8-without-reasoning,1_medium_3obj_zh,instance_00003,Rounds,5
272,clean_up,Qwen3.6-35B-A3B-FP8-without-reasoning,1_medium_3obj_zh,instance_00003,Max Rounds,12
273,clean_up,Qwen3.6-35B-A3B-FP8-without-reasoning,1_medium_3obj_zh,instance_00003,Object Count,3
274,clean_up,Qwen3.6-35B-A3B-FP8-without-reasoning,1_medium_3obj_zh,instance_00003,Valid Moves,6
275,clean_up,Qwen3.6-35B-A3B-FP8-without-reasoning,1_medium_3obj_zh,instance_00003,Invalid Moves,2
276,clean_up,Qwen3.6-35B-A3B-FP8-without-reasoning,1_medium_3obj_zh,instance_00003,Parse Errors,4
277,clean_up,Qwen3.6-35B-A3B-FP8-without-reasoning,1_medium_3obj_zh,instance_00003,Main Score,83.33333333333334
278,clean_up,Qwen3.6-35B-A3B-FP8-without-reasoning,1_medium_3obj_zh,instance_00004,Request Count,25
279,clean_up,Qwen3.6-35B-A3B-FP8-without-reasoning,1_medium_3obj_zh,instance_00004,Parsed Request Count,22
280,clean_up,Qwen3.6-35B-A3B-FP8-without-reasoning,1_medium_3obj_zh,instance_00004,Violated Request Count,3
281,clean_up,Qwen3.6-35B-A3B-FP8-without-reasoning,1_medium_3obj_zh,instance_00004,Request Success Ratio,0.88
282,clean_up,Qwen3.6-35B-A3B-FP8-without-reasoning,1_medium_3obj_zh,instance_00004,Aborted,0
283,clean_up,Qwen3.6-35B-A3B-FP8-without-reasoning,1_medium_3obj_zh,instance_00004,Lose,0
284,clean_up,Qwen3.6-35B-A3B-FP8-without-reasoning,1_medium_3obj_zh,instance_00004,Success,1
285,clean_up,Qwen3.6-35B-A3B-FP8-without-reasoning,1_medium_3obj_zh,instance_00004,Distance Score,1.0
286,clean_up,Qwen3.6-35B-A3B-FP8-without-reasoning,1_medium_3obj_zh,instance_00004,Consistency Score,1.0
287,clean_up,Qwen3.6-35B-A3B-FP8-without-reasoning,1_medium_3obj_zh,instance_00004,Coverage Score,0.5
288,clean_up,Qwen3.6-35B-A3B-FP8-without-reasoning,1_medium_3obj_zh,instance_00004,Penalty Score,0.5
289,clean_up,Qwen3.6-35B-A3B-FP8-without-reasoning,1_medium_3obj_zh,instance_00004,Moves,"[['Player 1', 'C'], ['Player 2', 'C'], ['Player 1', 'L'], ['Player 1', 'P']]"
290,clean_up,Qwen3.6-35B-A3B-FP8-without-reasoning,1_medium_3obj_zh,instance_00004,Init States,"{'state_1': [{'id': 'C', 'coord': [3, 4]}, {'id': 'L', 'coord': [2, 6]}, {'id': 'P', 'coord': [6, 7]}], 'state_2': [{'id': 'C', 'coord': [7, 4]}, {'id': 'L', 'coord': [3, 3]}, {'id': 'P', 'coord': [1, 5]}]}"
291,clean_up,Qwen3.6-35B-A3B-FP8-without-reasoning,1_medium_3obj_zh,instance_00004,End States,"{'state_1': [{'id': 'C', 'coord': [6, 4]}, {'id': 'L', 'coord': [3, 3]}, {'id': 'P', 'coord': [1, 5]}], 'state_2': [{'id': 'C', 'coord': [6, 4]}, {'id': 'L', 'coord': [3, 3]}, {'id': 'P', 'coord': [1, 5]}]}"
292,clean_up,Qwen3.6-35B-A3B-FP8-without-reasoning,1_medium_3obj_zh,instance_00004,Shifts,2
293,clean_up,Qwen3.6-35B-A3B-FP8-without-reasoning,1_medium_3obj_zh,instance_00004,Max Shifts,4
294,clean_up,Qwen3.6-35B-A3B-FP8-without-reasoning,1_medium_3obj_zh,instance_00004,Min Shifts,2
295,clean_up,Qwen3.6-35B-A3B-FP8-without-reasoning,1_medium_3obj_zh,instance_00004,End Distance Sum,0.0
296,clean_up,Qwen3.6-35B-A3B-FP8-without-reasoning,1_medium_3obj_zh,instance_00004,Init Distance Sum,12.547442467302883
297,clean_up,Qwen3.6-35B-A3B-FP8-without-reasoning,1_medium_3obj_zh,instance_00004,Expected Distance Sum,12.570787221094177
298,clean_up,Qwen3.6-35B-A3B-FP8-without-reasoning,1_medium_3obj_zh,instance_00004,Penalties,8
299,clean_up,Qwen3.6-35B-A3B-FP8-without-reasoning,1_medium_3obj_zh,instance_00004,Max Penalties,8
300,clean_up,Qwen3.6-35B-A3B-FP8-without-reasoning,1_medium_3obj_zh,instance_00004,Rounds,8
301,clean_up,Qwen3.6-35B-A3B-FP8-without-reasoning,1_medium_3obj_zh,instance_00004,Max Rounds,12
302,clean_up,Qwen3.6-35B-A3B-FP8-without-reasoning,1_medium_3obj_zh,instance_00004,Object Count,3
303,clean_up,Qwen3.6-35B-A3B-FP8-without-reasoning,1_medium_3obj_zh,instance_00004,Valid Moves,4
304,clean_up,Qwen3.6-35B-A3B-FP8-without-reasoning,1_medium_3obj_zh,instance_00004,Invalid Moves,5
305,clean_up,Qwen3.6-35B-A3B-FP8-without-reasoning,1_medium_3obj_zh,instance_00004,Parse Errors,6
306,clean_up,Qwen3.6-35B-A3B-FP8-without-reasoning,1_medium_3obj_zh,instance_00004,Main Score,50.0
307,clean_up,Qwen3.6-35B-A3B-FP8-without-reasoning,1_medium_3obj_zh,instance_00001,Request Count,17
308,clean_up,Qwen3.6-35B-A3B-FP8-without-reasoning,1_medium_3obj_zh,instance_00001,Parsed Request Count,17
309,clean_up,Qwen3.6-35B-A3B-FP8-without-reasoning,1_medium_3obj_zh,instance_00001,Violated Request Count,0
310,clean_up,Qwen3.6-35B-A3B-FP8-without-reasoning,1_medium_3obj_zh,instance_00001,Request Success Ratio,1.0
311,clean_up,Qwen3.6-35B-A3B-FP8-without-reasoning,1_medium_3obj_zh,instance_00001,Aborted,0
312,clean_up,Qwen3.6-35B-A3B-FP8-without-reasoning,1_medium_3obj_zh,instance_00001,Lose,0
313,clean_up,Qwen3.6-35B-A3B-FP8-without-reasoning,1_medium_3obj_zh,instance_00001,Success,1
314,clean_up,Qwen3.6-35B-A3B-FP8-without-reasoning,1_medium_3obj_zh,instance_00001,Distance Score,0.6962977672227135
315,clean_up,Qwen3.6-35B-A3B-FP8-without-reasoning,1_medium_3obj_zh,instance_00001,Coverage Score,0.5625
316,clean_up,Qwen3.6-35B-A3B-FP8-without-reasoning,1_medium_3obj_zh,instance_00001,Penalty Score,0.9666666666666667
317,clean_up,Qwen3.6-35B-A3B-FP8-without-reasoning,1_medium_3obj_zh,instance_00001,Moves,"[['Player 1', 'P'], ['Player 2', 'P'], ['Player 1', 'L'], ['Player 2', 'L']]"
318,clean_up,Qwen3.6-35B-A3B-FP8-without-reasoning,1_medium_3obj_zh,instance_00001,Init States,"{'state_1': [{'id': 'C', 'coord': [3, 5]}, {'id': 'L', 'coord': [1, 3]}, {'id': 'P', 'coord': [7, 4]}], 'state_2': [{'id': 'C', 'coord': [7, 5]}, {'id': 'L', 'coord': [5, 3]}, {'id': 'P', 'coord': [2, 1]}]}"
319,clean_up,Qwen3.6-35B-A3B-FP8-without-reasoning,1_medium_3obj_zh,instance_00001,End States,"{'state_1': [{'id': 'C', 'coord': [3, 5]}, {'id': 'L', 'coord': [4, 3]}, {'id': 'P', 'coord': [1, 1]}], 'state_2': [{'id': 'C', 'coord': [7, 5]}, {'id': 'L', 'coord': [4, 3]}, {'id': 'P', 'coord': [1, 1]}]}"
320,clean_up,Qwen3.6-35B-A3B-FP8-without-reasoning,1_medium_3obj_zh,instance_00001,Shifts,1
321,clean_up,Qwen3.6-35B-A3B-FP8-without-reasoning,1_medium_3obj_zh,instance_00001,Max Shifts,4
322,clean_up,Qwen3.6-35B-A3B-FP8-without-reasoning,1_medium_3obj_zh,instance_00001,Min Shifts,2
323,clean_up,Qwen3.6-35B-A3B-FP8-without-reasoning,1_medium_3obj_zh,instance_00001,End Distance Sum,4.0
324,clean_up,Qwen3.6-35B-A3B-FP8-without-reasoning,1_medium_3obj_zh,instance_00001,Init Distance Sum,13.8309518948453
325,clean_up,Qwen3.6-35B-A3B-FP8-without-reasoning,1_medium_3obj_zh,instance_00001,Expected Distance Sum,12.570787221094177
326,clean_up,Qwen3.6-35B-A3B-FP8-without-reasoning,1_medium_3obj_zh,instance_00001,Penalties,1
327,clean_up,Qwen3.6-35B-A3B-FP8-without-reasoning,1_medium_3obj_zh,instance_00001,Max Penalties,8
328,clean_up,Qwen3.6-35B-A3B-FP8-without-reasoning,1_medium_3obj_zh,instance_00001,Rounds,8
329,clean_up,Qwen3.6-35B-A3B-FP8-without-reasoning,1_medium_3obj_zh,instance_00001,Max Rounds,12
330,clean_up,Qwen3.6-35B-A3B-FP8-without-reasoning,1_medium_3obj_zh,instance_00001,Object Count,3
331,clean_up,Qwen3.6-35B-A3B-FP8-without-reasoning,1_medium_3obj_zh,instance_00001,Valid Moves,4
332,clean_up,Qwen3.6-35B-A3B-FP8-without-reasoning,1_medium_3obj_zh,instance_00001,Invalid Moves,1
333,clean_up,Qwen3.6-35B-A3B-FP8-without-reasoning,1_medium_3obj_zh,instance_00001,Parse Errors,0
334,clean_up,Qwen3.6-35B-A3B-FP8-without-reasoning,1_medium_3obj_zh,instance_00001,Main Score,67.30878416486232
335,clean_up,Qwen3.6-35B-A3B-FP8-without-reasoning,1_medium_3obj_zh,instance_00000,Request Count,18
336,clean_up,Qwen3.6-35B-A3B-FP8-without-reasoning,1_medium_3obj_zh,instance_00000,Parsed Request Count,17
337,clean_up,Qwen3.6-35B-A3B-FP8-without-reasoning,1_medium_3obj_zh,instance_00000,Violated Request Count,1
338,clean_up,Qwen3.6-35B-A3B-FP8-without-reasoning,1_medium_3obj_zh,instance_00000,Request Success Ratio,0.9444444444444444
339,clean_up,Qwen3.6-35B-A3B-FP8-without-reasoning,1_medium_3obj_zh,instance_00000,Aborted,0
340,clean_up,Qwen3.6-35B-A3B-FP8-without-reasoning,1_medium_3obj_zh,instance_00000,Lose,0
341,clean_up,Qwen3.6-35B-A3B-FP8-without-reasoning,1_medium_3obj_zh,instance_00000,Success,1
342,clean_up,Qwen3.6-35B-A3B-FP8-without-reasoning,1_medium_3obj_zh,instance_00000,Distance Score,1.0
343,clean_up,Qwen3.6-35B-A3B-FP8-without-reasoning,1_medium_3obj_zh,instance_00000,Consistency Score,1.0
344,clean_up,Qwen3.6-35B-A3B-FP8-without-reasoning,1_medium_3obj_zh,instance_00000,Coverage Score,0.25
345,clean_up,Qwen3.6-35B-A3B-FP8-without-reasoning,1_medium_3obj_zh,instance_00000,Penalty Score,0.8846153846153846
346,clean_up,Qwen3.6-35B-A3B-FP8-without-reasoning,1_medium_3obj_zh,instance_00000,Moves,"[['Player 2', 'C'], ['Player 2', 'L'], ['Player 2', 'P']]"
347,clean_up,Qwen3.6-35B-A3B-FP8-without-reasoning,1_medium_3obj_zh,instance_00000,Init States,"{'state_1': [{'id': 'C', 'coord': [2, 1]}, {'id': 'L', 'coord': [3, 2]}, {'id': 'P', 'coord': [4, 3]}], 'state_2': [{'id': 'C', 'coord': [3, 2]}, {'id': 'L', 'coord': [1, 7]}, {'id': 'P', 'coord': [3, 1]}]}"
348,clean_up,Qwen3.6-35B-A3B-FP8-without-reasoning,1_medium_3obj_zh,instance_00000,End States,"{'state_1': [{'id': 'C', 'coord': [2, 1]}, {'id': 'L', 'coord': [3, 2]}, {'id': 'P', 'coord': [4, 3]}], 'state_2': [{'id': 'C', 'coord': [2, 1]}, {'id': 'L', 'coord': [3, 2]}, {'id': 'P', 'coord': [4, 3]}]}"
349,clean_up,Qwen3.6-35B-A3B-FP8-without-reasoning,1_medium_3obj_zh,instance_00000,Shifts,2
350,clean_up,Qwen3.6-35B-A3B-FP8-without-reasoning,1_medium_3obj_zh,instance_00000,Max Shifts,4
351,clean_up,Qwen3.6-35B-A3B-FP8-without-reasoning,1_medium_3obj_zh,instance_00000,Min Shifts,2
352,clean_up,Qwen3.6-35B-A3B-FP8-without-reasoning,1_medium_3obj_zh,instance_00000,End Distance Sum,0.0
353,clean_up,Qwen3.6-35B-A3B-FP8-without-reasoning,1_medium_3obj_zh,instance_00000,Init Distance Sum,9.035446347007388
354,clean_up,Qwen3.6-35B-A3B-FP8-without-reasoning,1_medium_3obj_zh,instance_00000,Expected Distance Sum,12.570787221094177
355,clean_up,Qwen3.6-35B-A3B-FP8-without-reasoning,1_medium_3obj_zh,instance_00000,Penalties,3
356,clean_up,Qwen3.6-35B-A3B-FP8-without-reasoning,1_medium_3obj_zh,instance_00000,Max Penalties,8
357,clean_up,Qwen3.6-35B-A3B-FP8-without-reasoning,1_medium_3obj_zh,instance_00000,Rounds,7
358,clean_up,Qwen3.6-35B-A3B-FP8-without-reasoning,1_medium_3obj_zh,instance_00000,Max Rounds,12
359,clean_up,Qwen3.6-35B-A3B-FP8-without-reasoning,1_medium_3obj_zh,instance_00000,Object Count,3
360,clean_up,Qwen3.6-35B-A3B-FP8-without-reasoning,1_medium_3obj_zh,instance_00000,Valid Moves,3
361,clean_up,Qwen3.6-35B-A3B-FP8-without-reasoning,1_medium_3obj_zh,instance_00000,Invalid Moves,2
362,clean_up,Qwen3.6-35B-A3B-FP8-without-reasoning,1_medium_3obj_zh,instance_00000,Parse Errors,2
363,clean_up,Qwen3.6-35B-A3B-FP8-without-reasoning,1_medium_3obj_zh,instance_00000,Main Score,88.46153846153845
364,clean_up,Qwen3.6-35B-A3B-FP8-without-reasoning,1_medium_5obj_zh,instance_00002,Request Count,23
365,clean_up,Qwen3.6-35B-A3B-FP8-without-reasoning,1_medium_5obj_zh,instance_00002,Parsed Request Count,21
366,clean_up,Qwen3.6-35B-A3B-FP8-without-reasoning,1_medium_5obj_zh,instance_00002,Violated Request Count,2
367,clean_up,Qwen3.6-35B-A3B-FP8-without-reasoning,1_medium_5obj_zh,instance_00002,Request Success Ratio,0.9130434782608695
368,clean_up,Qwen3.6-35B-A3B-FP8-without-reasoning,1_medium_5obj_zh,instance_00002,Aborted,0
369,clean_up,Qwen3.6-35B-A3B-FP8-without-reasoning,1_medium_5obj_zh,instance_00002,Lose,0
370,clean_up,Qwen3.6-35B-A3B-FP8-without-reasoning,1_medium_5obj_zh,instance_00002,Success,1
371,clean_up,Qwen3.6-35B-A3B-FP8-without-reasoning,1_medium_5obj_zh,instance_00002,Distance Score,0.8312269934319417
372,clean_up,Qwen3.6-35B-A3B-FP8-without-reasoning,1_medium_5obj_zh,instance_00002,Coverage Score,0.2777777777777778
373,clean_up,Qwen3.6-35B-A3B-FP8-without-reasoning,1_medium_5obj_zh,instance_00002,Penalty Score,0.9
374,clean_up,Qwen3.6-35B-A3B-FP8-without-reasoning,1_medium_5obj_zh,instance_00002,Moves,"[['Player 1', 'W'], ['Player 2', 'I'], ['Player 1', 'I'], ['Player 1', 'T'], ['Player 1', 'H']]"
375,clean_up,Qwen3.6-35B-A3B-FP8-without-reasoning,1_medium_5obj_zh,instance_00002,Init States,"{'state_1': [{'id': 'W', 'coord': [7, 5]}, {'id': 'I', 'coord': [1, 7]}, {'id': 'T', 'coord': [7, 3]}, {'id': 'C', 'coord': [4, 7]}, {'id': 'H', 'coord': [2, 4]}], 'state_2': [{'id': 'W', 'coord': [4, 6]}, {'id': 'I', 'coord': [4, 7]}, {'id': 'T', 'coord': [6, 5]}, {'id': 'C', 'coord': [3, 4]}, {'id': 'H', 'coord': [7, 6]}]}"
376,clean_up,Qwen3.6-35B-A3B-FP8-without-reasoning,1_medium_5obj_zh,instance_00002,End States,"{'state_1': [{'id': 'W', 'coord': [4, 6]}, {'id': 'I', 'coord': [5, 7]}, {'id': 'T', 'coord': [6, 5]}, {'id': 'C', 'coord': [4, 7]}, {'id': 'H', 'coord': [7, 6]}], 'state_2': [{'id': 'W', 'coord': [4, 6]}, {'id': 'I', 'coord': [5, 7]}, {'id': 'T', 'coord': [6, 5]}, {'id': 'C', 'coord': [3, 4]}, {'id': 'H', 'coord': [7, 6]}]}"
377,clean_up,Qwen3.6-35B-A3B-FP8-without-reasoning,1_medium_5obj_zh,instance_00002,Shifts,3
378,clean_up,Qwen3.6-35B-A3B-FP8-without-reasoning,1_medium_5obj_zh,instance_00002,Max Shifts,8
379,clean_up,Qwen3.6-35B-A3B-FP8-without-reasoning,1_medium_5obj_zh,instance_00002,Min Shifts,4
380,clean_up,Qwen3.6-35B-A3B-FP8-without-reasoning,1_medium_5obj_zh,instance_00002,End Distance Sum,3.1622776601683795
381,clean_up,Qwen3.6-35B-A3B-FP8-without-reasoning,1_medium_5obj_zh,instance_00002,Init Distance Sum,16.945788104971054
382,clean_up,Qwen3.6-35B-A3B-FP8-without-reasoning,1_medium_5obj_zh,instance_00002,Expected Distance Sum,20.95131203515696
383,clean_up,Qwen3.6-35B-A3B-FP8-without-reasoning,1_medium_5obj_zh,instance_00002,Penalties,4
384,clean_up,Qwen3.6-35B-A3B-FP8-without-reasoning,1_medium_5obj_zh,instance_00002,Max Penalties,12
385,clean_up,Qwen3.6-35B-A3B-FP8-without-reasoning,1_medium_5obj_zh,instance_00002,Rounds,9
386,clean_up,Qwen3.6-35B-A3B-FP8-without-reasoning,1_medium_5obj_zh,instance_00002,Max Rounds,20
387,clean_up,Qwen3.6-35B-A3B-FP8-without-reasoning,1_medium_5obj_zh,instance_00002,Object Count,5
388,clean_up,Qwen3.6-35B-A3B-FP8-without-reasoning,1_medium_5obj_zh,instance_00002,Valid Moves,5
389,clean_up,Qwen3.6-35B-A3B-FP8-without-reasoning,1_medium_5obj_zh,instance_00002,Invalid Moves,2
390,clean_up,Qwen3.6-35B-A3B-FP8-without-reasoning,1_medium_5obj_zh,instance_00002,Parse Errors,4
391,clean_up,Qwen3.6-35B-A3B-FP8-without-reasoning,1_medium_5obj_zh,instance_00002,Main Score,74.81042940887475
392,clean_up,Qwen3.6-35B-A3B-FP8-without-reasoning,1_medium_5obj_zh,instance_00003,Request Count,31
393,clean_up,Qwen3.6-35B-A3B-FP8-without-reasoning,1_medium_5obj_zh,instance_00003,Parsed Request Count,30
394,clean_up,Qwen3.6-35B-A3B-FP8-without-reasoning,1_medium_5obj_zh,instance_00003,Violated Request Count,1
395,clean_up,Qwen3.6-35B-A3B-FP8-without-reasoning,1_medium_5obj_zh,instance_00003,Request Success Ratio,0.967741935483871
396,clean_up,Qwen3.6-35B-A3B-FP8-without-reasoning,1_medium_5obj_zh,instance_00003,Aborted,0
397,clean_up,Qwen3.6-35B-A3B-FP8-without-reasoning,1_medium_5obj_zh,instance_00003,Lose,0
398,clean_up,Qwen3.6-35B-A3B-FP8-without-reasoning,1_medium_5obj_zh,instance_00003,Success,1
399,clean_up,Qwen3.6-35B-A3B-FP8-without-reasoning,1_medium_5obj_zh,instance_00003,Distance Score,0.6419267696143015
400,clean_up,Qwen3.6-35B-A3B-FP8-without-reasoning,1_medium_5obj_zh,instance_00003,Consistency Score,1.0
401,clean_up,Qwen3.6-35B-A3B-FP8-without-reasoning,1_medium_5obj_zh,instance_00003,Coverage Score,0.16666666666666666
402,clean_up,Qwen3.6-35B-A3B-FP8-without-reasoning,1_medium_5obj_zh,instance_00003,Penalty Score,0.9545454545454545
403,clean_up,Qwen3.6-35B-A3B-FP8-without-reasoning,1_medium_5obj_zh,instance_00003,Moves,"[['Player 1', 'H'], ['Player 1', 'T'], ['Player 1', 'I'], ['Player 1', 'C'], ['Player 1', 'W']]"
404,clean_up,Qwen3.6-35B-A3B-FP8-without-reasoning,1_medium_5obj_zh,instance_00003,Init States,"{'state_1': [{'id': 'W', 'coord': [3, 7]}, {'id': 'I', 'coord': [7, 1]}, {'id': 'T', 'coord': [6, 1]}, {'id': 'C', 'coord': [1, 5]}, {'id': 'H', 'coord': [1, 1]}], 'state_2': [{'id': 'W', 'coord': [7, 7]}, {'id': 'I', 'coord': [3, 4]}, {'id': 'T', 'coord': [1, 4]}, {'id': 'C', 'coord': [5, 5]}, {'id': 'H', 'coord': [6, 2]}]}"
405,clean_up,Qwen3.6-35B-A3B-FP8-without-reasoning,1_medium_5obj_zh,instance_00003,End States,"{'state_1': [{'id': 'W', 'coord': [7, 7]}, {'id': 'I', 'coord': [3, 4]}, {'id': 'T', 'coord': [7, 4]}, {'id': 'C', 'coord': [5, 5]}, {'id': 'H', 'coord': [4, 2]}], 'state_2': [{'id': 'W', 'coord': [7, 7]}, {'id': 'I', 'coord': [3, 4]}, {'id': 'T', 'coord': [1, 4]}, {'id': 'C', 'coord': [5, 5]}, {'id': 'H', 'coord': [6, 2]}]}"
406,clean_up,Qwen3.6-35B-A3B-FP8-without-reasoning,1_medium_5obj_zh,instance_00003,Shifts,4
407,clean_up,Qwen3.6-35B-A3B-FP8-without-reasoning,1_medium_5obj_zh,instance_00003,Max Shifts,8
408,clean_up,Qwen3.6-35B-A3B-FP8-without-reasoning,1_medium_5obj_zh,instance_00003,Min Shifts,4
409,clean_up,Qwen3.6-35B-A3B-FP8-without-reasoning,1_medium_5obj_zh,instance_00003,End Distance Sum,8.0
410,clean_up,Qwen3.6-35B-A3B-FP8-without-reasoning,1_medium_5obj_zh,instance_00003,Init Distance Sum,23.929971408438085
411,clean_up,Qwen3.6-35B-A3B-FP8-without-reasoning,1_medium_5obj_zh,instance_00003,Expected Distance Sum,20.95131203515696
412,clean_up,Qwen3.6-35B-A3B-FP8-without-reasoning,1_medium_5obj_zh,instance_00003,Penalties,2
413,clean_up,Qwen3.6-35B-A3B-FP8-without-reasoning,1_medium_5obj_zh,instance_00003,Max Penalties,12
414,clean_up,Qwen3.6-35B-A3B-FP8-without-reasoning,1_medium_5obj_zh,instance_00003,Rounds,14
415,clean_up,Qwen3.6-35B-A3B-FP8-without-reasoning,1_medium_5obj_zh,instance_00003,Max Rounds,20
416,clean_up,Qwen3.6-35B-A3B-FP8-without-reasoning,1_medium_5obj_zh,instance_00003,Object Count,5
417,clean_up,Qwen3.6-35B-A3B-FP8-without-reasoning,1_medium_5obj_zh,instance_00003,Valid Moves,5
418,clean_up,Qwen3.6-35B-A3B-FP8-without-reasoning,1_medium_5obj_zh,instance_00003,Invalid Moves,1
419,clean_up,Qwen3.6-35B-A3B-FP8-without-reasoning,1_medium_5obj_zh,instance_00003,Parse Errors,2
420,clean_up,Qwen3.6-35B-A3B-FP8-without-reasoning,1_medium_5obj_zh,instance_00003,Main Score,61.27482800863787
421,clean_up,Qwen3.6-35B-A3B-FP8-without-reasoning,1_medium_5obj_zh,instance_00004,Request Count,50
422,clean_up,Qwen3.6-35B-A3B-FP8-without-reasoning,1_medium_5obj_zh,instance_00004,Parsed Request Count,46
423,clean_up,Qwen3.6-35B-A3B-FP8-without-reasoning,1_medium_5obj_zh,instance_00004,Violated Request Count,4
424,clean_up,Qwen3.6-35B-A3B-FP8-without-reasoning,1_medium_5obj_zh,instance_00004,Request Success Ratio,0.92
425,clean_up,Qwen3.6-35B-A3B-FP8-without-reasoning,1_medium_5obj_zh,instance_00004,Aborted,0
426,clean_up,Qwen3.6-35B-A3B-FP8-without-reasoning,1_medium_5obj_zh,instance_00004,Lose,0
427,clean_up,Qwen3.6-35B-A3B-FP8-without-reasoning,1_medium_5obj_zh,instance_00004,Success,1
428,clean_up,Qwen3.6-35B-A3B-FP8-without-reasoning,1_medium_5obj_zh,instance_00004,Distance Score,0.5498497002598619
429,clean_up,Qwen3.6-35B-A3B-FP8-without-reasoning,1_medium_5obj_zh,instance_00004,Consistency Score,1.0
430,clean_up,Qwen3.6-35B-A3B-FP8-without-reasoning,1_medium_5obj_zh,instance_00004,Coverage Score,1.0
431,clean_up,Qwen3.6-35B-A3B-FP8-without-reasoning,1_medium_5obj_zh,instance_00004,Penalty Score,-0.2142857142857144
432,clean_up,Qwen3.6-35B-A3B-FP8-without-reasoning,1_medium_5obj_zh,instance_00004,Moves,"[['Player 2', 'W'], ['Player 1', 'W'], ['Player 1', 'I'], ['Player 2', 'I'], ['Player 2', 'T'], ['Player 1', 'T'], ['Player 2', 'C'], ['Player 1', 'C'], ['Player 2', 'H'], ['Player 1', 'H']]"
433,clean_up,Qwen3.6-35B-A3B-FP8-without-reasoning,1_medium_5obj_zh,instance_00004,Init States,"{'state_1': [{'id': 'W', 'coord': [3, 3]}, {'id': 'I', 'coord': [1, 3]}, {'id': 'T', 'coord': [3, 2]}, {'id': 'C', 'coord': [6, 1]}, {'id': 'H', 'coord': [1, 1]}], 'state_2': [{'id': 'W', 'coord': [1, 6]}, {'id': 'I', 'coord': [7, 1]}, {'id': 'T', 'coord': [3, 2]}, {'id': 'C', 'coord': [6, 5]}, {'id': 'H', 'coord': [6, 7]}]}"
434,clean_up,Qwen3.6-35B-A3B-FP8-without-reasoning,1_medium_5obj_zh,instance_00004,End States,"{'state_1': [{'id': 'W', 'coord': [3, 1]}, {'id': 'I', 'coord': [3, 3]}, {'id': 'T', 'coord': [4, 2]}, {'id': 'C', 'coord': [6, 2]}, {'id': 'H', 'coord': [1, 5]}], 'state_2': [{'id': 'W', 'coord': [1, 1]}, {'id': 'I', 'coord': [1, 3]}, {'id': 'T', 'coord': [2, 5]}, {'id': 'C', 'coord': [6, 4]}, {'id': 'H', 'coord': [1, 5]}]}"
435,clean_up,Qwen3.6-35B-A3B-FP8-without-reasoning,1_medium_5obj_zh,instance_00004,Shifts,4
436,clean_up,Qwen3.6-35B-A3B-FP8-without-reasoning,1_medium_5obj_zh,instance_00004,Max Shifts,8
437,clean_up,Qwen3.6-35B-A3B-FP8-without-reasoning,1_medium_5obj_zh,instance_00004,Min Shifts,4
438,clean_up,Qwen3.6-35B-A3B-FP8-without-reasoning,1_medium_5obj_zh,instance_00004,End Distance Sum,9.60555127546399
439,clean_up,Qwen3.6-35B-A3B-FP8-without-reasoning,1_medium_5obj_zh,instance_00004,Init Distance Sum,21.7403562717074
440,clean_up,Qwen3.6-35B-A3B-FP8-without-reasoning,1_medium_5obj_zh,instance_00004,Expected Distance Sum,20.95131203515696
441,clean_up,Qwen3.6-35B-A3B-FP8-without-reasoning,1_medium_5obj_zh,instance_00004,Penalties,17
442,clean_up,Qwen3.6-35B-A3B-FP8-without-reasoning,1_medium_5obj_zh,instance_00004,Max Penalties,12
443,clean_up,Qwen3.6-35B-A3B-FP8-without-reasoning,1_medium_5obj_zh,instance_00004,Rounds,16
444,clean_up,Qwen3.6-35B-A3B-FP8-without-reasoning,1_medium_5obj_zh,instance_00004,Max Rounds,20
445,clean_up,Qwen3.6-35B-A3B-FP8-without-reasoning,1_medium_5obj_zh,instance_00004,Object Count,5
446,clean_up,Qwen3.6-35B-A3B-FP8-without-reasoning,1_medium_5obj_zh,instance_00004,Valid Moves,10
447,clean_up,Qwen3.6-35B-A3B-FP8-without-reasoning,1_medium_5obj_zh,instance_00004,Invalid Moves,13
448,clean_up,Qwen3.6-35B-A3B-FP8-without-reasoning,1_medium_5obj_zh,instance_00004,Parse Errors,8
449,clean_up,Qwen3.6-35B-A3B-FP8-without-reasoning,1_medium_5obj_zh,instance_00004,Main Score,-11.782493576997048
450,clean_up,Qwen3.6-35B-A3B-FP8-without-reasoning,1_medium_5obj_zh,instance_00001,Request Count,49
451,clean_up,Qwen3.6-35B-A3B-FP8-without-reasoning,1_medium_5obj_zh,instance_00001,Parsed Request Count,48
452,clean_up,Qwen3.6-35B-A3B-FP8-without-reasoning,1_medium_5obj_zh,instance_00001,Violated Request Count,1
453,clean_up,Qwen3.6-35B-A3B-FP8-without-reasoning,1_medium_5obj_zh,instance_00001,Request Success Ratio,0.9795918367346939
454,clean_up,Qwen3.6-35B-A3B-FP8-without-reasoning,1_medium_5obj_zh,instance_00001,Aborted,0
455,clean_up,Qwen3.6-35B-A3B-FP8-without-reasoning,1_medium_5obj_zh,instance_00001,Lose,0
456,clean_up,Qwen3.6-35B-A3B-FP8-without-reasoning,1_medium_5obj_zh,instance_00001,Success,1
457,clean_up,Qwen3.6-35B-A3B-FP8-without-reasoning,1_medium_5obj_zh,instance_00001,Distance Score,0.6031954356560751
458,clean_up,Qwen3.6-35B-A3B-FP8-without-reasoning,1_medium_5obj_zh,instance_00001,Coverage Score,0.3333333333333333
459,clean_up,Qwen3.6-35B-A3B-FP8-without-reasoning,1_medium_5obj_zh,instance_00001,Penalty Score,0.40909090909090917
460,clean_up,Qwen3.6-35B-A3B-FP8-without-reasoning,1_medium_5obj_zh,instance_00001,Moves,"[['Player 2', 'W'], ['Player 1', 'W'], ['Player 2', 'C'], ['Player 1', 'C'], ['Player 2', 'H']]"
461,clean_up,Qwen3.6-35B-A3B-FP8-without-reasoning,1_medium_5obj_zh,instance_00001,Init States,"{'state_1': [{'id': 'W', 'coord': [1, 3]}, {'id': 'I', 'coord': [2, 3]}, {'id': 'T', 'coord': [4, 1]}, {'id': 'C', 'coord': [7, 5]}, {'id': 'H', 'coord': [4, 5]}], 'state_2': [{'id': 'W', 'coord': [4, 1]}, {'id': 'I', 'coord': [7, 1]}, {'id': 'T', 'coord': [4, 4]}, {'id': 'C', 'coord': [1, 7]}, {'id': 'H', 'coord': [1, 5]}]}"
462,clean_up,Qwen3.6-35B-A3B-FP8-without-reasoning,1_medium_5obj_zh,instance_00001,End States,"{'state_1': [{'id': 'W', 'coord': [1, 1]}, {'id': 'I', 'coord': [2, 3]}, {'id': 'T', 'coord': [4, 1]}, {'id': 'C', 'coord': [2, 7]}, {'id': 'H', 'coord': [4, 5]}], 'state_2': [{'id': 'W', 'coord': [1, 1]}, {'id': 'I', 'coord': [7, 1]}, {'id': 'T', 'coord': [4, 4]}, {'id': 'C', 'coord': [2, 7]}, {'id': 'H', 'coord': [4, 5]}]}"
463,clean_up,Qwen3.6-35B-A3B-FP8-without-reasoning,1_medium_5obj_zh,instance_00001,Shifts,2
464,clean_up,Qwen3.6-35B-A3B-FP8-without-reasoning,1_medium_5obj_zh,instance_00001,Max Shifts,8
465,clean_up,Qwen3.6-35B-A3B-FP8-without-reasoning,1_medium_5obj_zh,instance_00001,Min Shifts,4
466,clean_up,Qwen3.6-35B-A3B-FP8-without-reasoning,1_medium_5obj_zh,instance_00001,End Distance Sum,8.385164807134505
467,clean_up,Qwen3.6-35B-A3B-FP8-without-reasoning,1_medium_5obj_zh,instance_00001,Init Distance Sum,21.315271402935252
468,clean_up,Qwen3.6-35B-A3B-FP8-without-reasoning,1_medium_5obj_zh,instance_00001,Expected Distance Sum,20.95131203515696
469,clean_up,Qwen3.6-35B-A3B-FP8-without-reasoning,1_medium_5obj_zh,instance_00001,Penalties,13
470,clean_up,Qwen3.6-35B-A3B-FP8-without-reasoning,1_medium_5obj_zh,instance_00001,Max Penalties,12
471,clean_up,Qwen3.6-35B-A3B-FP8-without-reasoning,1_medium_5obj_zh,instance_00001,Rounds,18
472,clean_up,Qwen3.6-35B-A3B-FP8-without-reasoning,1_medium_5obj_zh,instance_00001,Max Rounds,20
473,clean_up,Qwen3.6-35B-A3B-FP8-without-reasoning,1_medium_5obj_zh,instance_00001,Object Count,5
474,clean_up,Qwen3.6-35B-A3B-FP8-without-reasoning,1_medium_5obj_zh,instance_00001,Valid Moves,5
475,clean_up,Qwen3.6-35B-A3B-FP8-without-reasoning,1_medium_5obj_zh,instance_00001,Invalid Moves,12
476,clean_up,Qwen3.6-35B-A3B-FP8-without-reasoning,1_medium_5obj_zh,instance_00001,Parse Errors,2
477,clean_up,Qwen3.6-35B-A3B-FP8-without-reasoning,1_medium_5obj_zh,instance_00001,Main Score,24.67617691320308
478,clean_up,Qwen3.6-35B-A3B-FP8-without-reasoning,1_medium_5obj_zh,instance_00000,Request Count,30
479,clean_up,Qwen3.6-35B-A3B-FP8-without-reasoning,1_medium_5obj_zh,instance_00000,Parsed Request Count,22
480,clean_up,Qwen3.6-35B-A3B-FP8-without-reasoning,1_medium_5obj_zh,instance_00000,Violated Request Count,8
481,clean_up,Qwen3.6-35B-A3B-FP8-without-reasoning,1_medium_5obj_zh,instance_00000,Request Success Ratio,0.7333333333333333
482,clean_up,Qwen3.6-35B-A3B-FP8-without-reasoning,1_medium_5obj_zh,instance_00000,Aborted,0
483,clean_up,Qwen3.6-35B-A3B-FP8-without-reasoning,1_medium_5obj_zh,instance_00000,Lose,1
484,clean_up,Qwen3.6-35B-A3B-FP8-without-reasoning,1_medium_5obj_zh,instance_00000,Success,1
485,clean_up,Qwen3.6-35B-A3B-FP8-without-reasoning,1_medium_5obj_zh,instance_00000,Distance Score,0
486,clean_up,Qwen3.6-35B-A3B-FP8-without-reasoning,1_medium_5obj_zh,instance_00000,Coverage Score,0.25
487,clean_up,Qwen3.6-35B-A3B-FP8-without-reasoning,1_medium_5obj_zh,instance_00000,Penalty Score,0.5
488,clean_up,Qwen3.6-35B-A3B-FP8-without-reasoning,1_medium_5obj_zh,instance_00000,Moves,"[['Player 1', 'I'], ['Player 2', 'I'], ['Player 1', 'T'], ['Player 2', 'T']]"
489,clean_up,Qwen3.6-35B-A3B-FP8-without-reasoning,1_medium_5obj_zh,instance_00000,Init States,"{'state_1': [{'id': 'W', 'coord': [4, 1]}, {'id': 'I', 'coord': [2, 1]}, {'id': 'T', 'coord': [3, 1]}, {'id': 'C', 'coord': [1, 7]}, {'id': 'H', 'coord': [3, 5]}], 'state_2': [{'id': 'W', 'coord': [3, 5]}, {'id': 'I', 'coord': [2, 7]}, {'id': 'T', 'coord': [7, 1]}, {'id': 'C', 'coord': [4, 3]}, {'id': 'H', 'coord': [6, 1]}]}"
490,clean_up,Qwen3.6-35B-A3B-FP8-without-reasoning,1_medium_5obj_zh,instance_00000,End States,"{'state_1': [{'id': 'W', 'coord': [4, 1]}, {'id': 'I', 'coord': [2, 7]}, {'id': 'T', 'coord': [6, 1]}, {'id': 'C', 'coord': [1, 7]}, {'id': 'H', 'coord': [3, 5]}], 'state_2': [{'id': 'W', 'coord': [3, 5]}, {'id': 'I', 'coord': [1, 1]}, {'id': 'T', 'coord': [6, 3]}, {'id': 'C', 'coord': [4, 3]}, {'id': 'H', 'coord': [6, 1]}]}"
491,clean_up,Qwen3.6-35B-A3B-FP8-without-reasoning,1_medium_5obj_zh,instance_00000,Shifts,1
492,clean_up,Qwen3.6-35B-A3B-FP8-without-reasoning,1_medium_5obj_zh,instance_00000,Max Shifts,8
493,clean_up,Qwen3.6-35B-A3B-FP8-without-reasoning,1_medium_5obj_zh,instance_00000,Min Shifts,4
494,clean_up,Qwen3.6-35B-A3B-FP8-without-reasoning,1_medium_5obj_zh,instance_00000,End Distance Sum,22.20586815591588
495,clean_up,Qwen3.6-35B-A3B-FP8-without-reasoning,1_medium_5obj_zh,instance_00000,Init Distance Sum,24.12310562561766
496,clean_up,Qwen3.6-35B-A3B-FP8-without-reasoning,1_medium_5obj_zh,instance_00000,Expected Distance Sum,20.95131203515696
497,clean_up,Qwen3.6-35B-A3B-FP8-without-reasoning,1_medium_5obj_zh,instance_00000,Penalties,12
498,clean_up,Qwen3.6-35B-A3B-FP8-without-reasoning,1_medium_5obj_zh,instance_00000,Max Penalties,12
499,clean_up,Qwen3.6-35B-A3B-FP8-without-reasoning,1_medium_5obj_zh,instance_00000,Rounds,9
500,clean_up,Qwen3.6-35B-A3B-FP8-without-reasoning,1_medium_5obj_zh,instance_00000,Max Rounds,20
501,clean_up,Qwen3.6-35B-A3B-FP8-without-reasoning,1_medium_5obj_zh,instance_00000,Object Count,5
502,clean_up,Qwen3.6-35B-A3B-FP8-without-reasoning,1_medium_5obj_zh,instance_00000,Valid Moves,4
503,clean_up,Qwen3.6-35B-A3B-FP8-without-reasoning,1_medium_5obj_zh,instance_00000,Invalid Moves,4
504,clean_up,Qwen3.6-35B-A3B-FP8-without-reasoning,1_medium_5obj_zh,instance_00000,Parse Errors,16
505,clean_up,Qwen3.6-35B-A3B-FP8-without-reasoning,1_medium_5obj_zh,instance_00000,Main Score,0.0
506,clean_up,Qwen3.6-35B-A3B-FP8-without-reasoning,1_medium_7obj_zh,instance_00002,Request Count,67
507,clean_up,Qwen3.6-35B-A3B-FP8-without-reasoning,1_medium_7obj_zh,instance_00002,Parsed Request Count,66
508,clean_up,Qwen3.6-35B-A3B-FP8-without-reasoning,1_medium_7obj_zh,instance_00002,Violated Request Count,1
509,clean_up,Qwen3.6-35B-A3B-FP8-without-reasoning,1_medium_7obj_zh,instance_00002,Request Success Ratio,0.9850746268656716
510,clean_up,Qwen3.6-35B-A3B-FP8-without-reasoning,1_medium_7obj_zh,instance_00002,Aborted,0
511,clean_up,Qwen3.6-35B-A3B-FP8-without-reasoning,1_medium_7obj_zh,instance_00002,Lose,0
512,clean_up,Qwen3.6-35B-A3B-FP8-without-reasoning,1_medium_7obj_zh,instance_00002,Success,1
513,clean_up,Qwen3.6-35B-A3B-FP8-without-reasoning,1_medium_7obj_zh,instance_00002,Distance Score,0.6535536668109554
514,clean_up,Qwen3.6-35B-A3B-FP8-without-reasoning,1_medium_7obj_zh,instance_00002,Consistency Score,0.8571428571428572
515,clean_up,Qwen3.6-35B-A3B-FP8-without-reasoning,1_medium_7obj_zh,instance_00002,Coverage Score,0.4375
516,clean_up,Qwen3.6-35B-A3B-FP8-without-reasoning,1_medium_7obj_zh,instance_00002,Penalty Score,0.045454545454545414
517,clean_up,Qwen3.6-35B-A3B-FP8-without-reasoning,1_medium_7obj_zh,instance_00002,Moves,"[['Player 1', 'P'], ['Player 2', 'O'], ['Player 1', 'O'], ['Player 2', 'T'], ['Player 1', 'S'], ['Player 2', 'D'], ['Player 2', 'M'], ['Player 2', 'A'], ['Player 2', 'S']]"
518,clean_up,Qwen3.6-35B-A3B-FP8-without-reasoning,1_medium_7obj_zh,instance_00002,Init States,"{'state_1': [{'id': 'P', 'coord': [1, 7]}, {'id': 'O', 'coord': [4, 7]}, {'id': 'T', 'coord': [3, 7]}, {'id': 'S', 'coord': [1, 4]}, {'id': 'D', 'coord': [6, 1]}, {'id': 'A', 'coord': [3, 6]}, {'id': 'M', 'coord': [5, 1]}], 'state_2': [{'id': 'P', 'coord': [6, 5]}, {'id': 'O', 'coord': [7, 1]}, {'id': 'T', 'coord': [1, 1]}, {'id': 'S', 'coord': [6, 1]}, {'id': 'D', 'coord': [5, 3]}, {'id': 'A', 'coord': [4, 6]}, {'id': 'M', 'coord': [2, 4]}]}"
519,clean_up,Qwen3.6-35B-A3B-FP8-without-reasoning,1_medium_7obj_zh,instance_00002,End States,"{'state_1': [{'id': 'P', 'coord': [6, 5]}, {'id': 'O', 'coord': [6, 7]}, {'id': 'T', 'coord': [3, 7]}, {'id': 'S', 'coord': [3, 4]}, {'id': 'D', 'coord': [6, 1]}, {'id': 'A', 'coord': [3, 6]}, {'id': 'M', 'coord': [5, 1]}], 'state_2': [{'id': 'P', 'coord': [6, 5]}, {'id': 'O', 'coord': [6, 7]}, {'id': 'T', 'coord': [3, 7]}, {'id': 'S', 'coord': [3, 4]}, {'id': 'D', 'coord': [4, 7]}, {'id': 'A', 'coord': [1, 7]}, {'id': 'M', 'coord': [3, 1]}]}"
520,clean_up,Qwen3.6-35B-A3B-FP8-without-reasoning,1_medium_7obj_zh,instance_00002,Shifts,7
521,clean_up,Qwen3.6-35B-A3B-FP8-without-reasoning,1_medium_7obj_zh,instance_00002,Max Shifts,12
522,clean_up,Qwen3.6-35B-A3B-FP8-without-reasoning,1_medium_7obj_zh,instance_00002,Min Shifts,6
523,clean_up,Qwen3.6-35B-A3B-FP8-without-reasoning,1_medium_7obj_zh,instance_00002,End Distance Sum,10.56062329783655
524,clean_up,Qwen3.6-35B-A3B-FP8-without-reasoning,1_medium_7obj_zh,instance_00002,Init Distance Sum,31.72758461943501
525,clean_up,Qwen3.6-35B-A3B-FP8-without-reasoning,1_medium_7obj_zh,instance_00002,Expected Distance Sum,29.331836849219748
526,clean_up,Qwen3.6-35B-A3B-FP8-without-reasoning,1_medium_7obj_zh,instance_00002,Penalties,21
527,clean_up,Qwen3.6-35B-A3B-FP8-without-reasoning,1_medium_7obj_zh,instance_00002,Max Penalties,16
528,clean_up,Qwen3.6-35B-A3B-FP8-without-reasoning,1_medium_7obj_zh,instance_00002,Rounds,23
529,clean_up,Qwen3.6-35B-A3B-FP8-without-reasoning,1_medium_7obj_zh,instance_00002,Max Rounds,28
530,clean_up,Qwen3.6-35B-A3B-FP8-without-reasoning,1_medium_7obj_zh,instance_00002,Object Count,7
531,clean_up,Qwen3.6-35B-A3B-FP8-without-reasoning,1_medium_7obj_zh,instance_00002,Valid Moves,9
532,clean_up,Qwen3.6-35B-A3B-FP8-without-reasoning,1_medium_7obj_zh,instance_00002,Invalid Moves,20
533,clean_up,Qwen3.6-35B-A3B-FP8-without-reasoning,1_medium_7obj_zh,instance_00002,Parse Errors,2
534,clean_up,Qwen3.6-35B-A3B-FP8-without-reasoning,1_medium_7obj_zh,instance_00002,Main Score,2.97069848550434
535,clean_up,Qwen3.6-35B-A3B-FP8-without-reasoning,1_medium_7obj_zh,instance_00003,Request Count,62
536,clean_up,Qwen3.6-35B-A3B-FP8-without-reasoning,1_medium_7obj_zh,instance_00003,Parsed Request Count,56
537,clean_up,Qwen3.6-35B-A3B-FP8-without-reasoning,1_medium_7obj_zh,instance_00003,Violated Request Count,6
538,clean_up,Qwen3.6-35B-A3B-FP8-without-reasoning,1_medium_7obj_zh,instance_00003,Request Success Ratio,0.9032258064516129
539,clean_up,Qwen3.6-35B-A3B-FP8-without-reasoning,1_medium_7obj_zh,instance_00003,Aborted,0
540,clean_up,Qwen3.6-35B-A3B-FP8-without-reasoning,1_medium_7obj_zh,instance_00003,Lose,0
541,clean_up,Qwen3.6-35B-A3B-FP8-without-reasoning,1_medium_7obj_zh,instance_00003,Success,1
542,clean_up,Qwen3.6-35B-A3B-FP8-without-reasoning,1_medium_7obj_zh,instance_00003,Distance Score,1.0
543,clean_up,Qwen3.6-35B-A3B-FP8-without-reasoning,1_medium_7obj_zh,instance_00003,Consistency Score,1.0
544,clean_up,Qwen3.6-35B-A3B-FP8-without-reasoning,1_medium_7obj_zh,instance_00003,Coverage Score,0.5
545,clean_up,Qwen3.6-35B-A3B-FP8-without-reasoning,1_medium_7obj_zh,instance_00003,Penalty Score,0.5
546,clean_up,Qwen3.6-35B-A3B-FP8-without-reasoning,1_medium_7obj_zh,instance_00003,Moves,"[['Player 1', 'P'], ['Player 1', 'S'], ['Player 2', 'S'], ['Player 1', 'A'], ['Player 1', 'D'], ['Player 2', 'D'], ['Player 1', 'M'], ['Player 1', 'T'], ['Player 2', 'O'], ['Player 1', 'O']]"
547,clean_up,Qwen3.6-35B-A3B-FP8-without-reasoning,1_medium_7obj_zh,instance_00003,Init States,"{'state_1': [{'id': 'P', 'coord': [1, 7]}, {'id': 'O', 'coord': [1, 3]}, {'id': 'T', 'coord': [4, 2]}, {'id': 'S', 'coord': [3, 5]}, {'id': 'D', 'coord': [4, 7]}, {'id': 'A', 'coord': [4, 1]}, {'id': 'M', 'coord': [5, 7]}], 'state_2': [{'id': 'P', 'coord': [1, 1]}, {'id': 'O', 'coord': [7, 5]}, {'id': 'T', 'coord': [2, 5]}, {'id': 'S', 'coord': [3, 1]}, {'id': 'D', 'coord': [5, 1]}, {'id': 'A', 'coord': [6, 3]}, {'id': 'M', 'coord': [3, 4]}]}"
548,clean_up,Qwen3.6-35B-A3B-FP8-without-reasoning,1_medium_7obj_zh,instance_00003,End States,"{'state_1': [{'id': 'P', 'coord': [1, 1]}, {'id': 'O', 'coord': [5, 5]}, {'id': 'T', 'coord': [2, 5]}, {'id': 'S', 'coord': [6, 1]}, {'id': 'D', 'coord': [4, 1]}, {'id': 'A', 'coord': [6, 3]}, {'id': 'M', 'coord': [3, 4]}], 'state_2': [{'id': 'P', 'coord': [1, 1]}, {'id': 'O', 'coord': [5, 5]}, {'id': 'T', 'coord': [2, 5]}, {'id': 'S', 'coord': [6, 1]}, {'id': 'D', 'coord': [4, 1]}, {'id': 'A', 'coord': [6, 3]}, {'id': 'M', 'coord': [3, 4]}]}"
549,clean_up,Qwen3.6-35B-A3B-FP8-without-reasoning,1_medium_7obj_zh,instance_00003,Shifts,6
550,clean_up,Qwen3.6-35B-A3B-FP8-without-reasoning,1_medium_7obj_zh,instance_00003,Max Shifts,12
551,clean_up,Qwen3.6-35B-A3B-FP8-without-reasoning,1_medium_7obj_zh,instance_00003,Min Shifts,6
552,clean_up,Qwen3.6-35B-A3B-FP8-without-reasoning,1_medium_7obj_zh,instance_00003,End Distance Sum,0.0
553,clean_up,Qwen3.6-35B-A3B-FP8-without-reasoning,1_medium_7obj_zh,instance_00003,Init Distance Sum,32.44684752630915
554,clean_up,Qwen3.6-35B-A3B-FP8-without-reasoning,1_medium_7obj_zh,instance_00003,Expected Distance Sum,29.331836849219748
555,clean_up,Qwen3.6-35B-A3B-FP8-without-reasoning,1_medium_7obj_zh,instance_00003,Penalties,16
556,clean_up,Qwen3.6-35B-A3B-FP8-without-reasoning,1_medium_7obj_zh,instance_00003,Max Penalties,16
557,clean_up,Qwen3.6-35B-A3B-FP8-without-reasoning,1_medium_7obj_zh,instance_00003,Rounds,23
558,clean_up,Qwen3.6-35B-A3B-FP8-without-reasoning,1_medium_7obj_zh,instance_00003,Max Rounds,28
559,clean_up,Qwen3.6-35B-A3B-FP8-without-reasoning,1_medium_7obj_zh,instance_00003,Object Count,7
560,clean_up,Qwen3.6-35B-A3B-FP8-without-reasoning,1_medium_7obj_zh,instance_00003,Valid Moves,10
561,clean_up,Qwen3.6-35B-A3B-FP8-without-reasoning,1_medium_7obj_zh,instance_00003,Invalid Moves,10
562,clean_up,Qwen3.6-35B-A3B-FP8-without-reasoning,1_medium_7obj_zh,instance_00003,Parse Errors,12
563,clean_up,Qwen3.6-35B-A3B-FP8-without-reasoning,1_medium_7obj_zh,instance_00003,Main Score,50.0
564,clean_up,Qwen3.6-35B-A3B-FP8-without-reasoning,1_medium_7obj_zh,instance_00004,Request Count,61
565,clean_up,Qwen3.6-35B-A3B-FP8-without-reasoning,1_medium_7obj_zh,instance_00004,Parsed Request Count,47
566,clean_up,Qwen3.6-35B-A3B-FP8-without-reasoning,1_medium_7obj_zh,instance_00004,Violated Request Count,14
567,clean_up,Qwen3.6-35B-A3B-FP8-without-reasoning,1_medium_7obj_zh,instance_00004,Request Success Ratio,0.7704918032786885
568,clean_up,Qwen3.6-35B-A3B-FP8-without-reasoning,1_medium_7obj_zh,instance_00004,Aborted,1
569,clean_up,Qwen3.6-35B-A3B-FP8-without-reasoning,1_medium_7obj_zh,instance_00004,Lose,0
570,clean_up,Qwen3.6-35B-A3B-FP8-without-reasoning,1_medium_7obj_zh,instance_00004,Success,0
571,clean_up,Qwen3.6-35B-A3B-FP8-without-reasoning,1_medium_7obj_zh,instance_00004,Distance Score,0.72444236014031
572,clean_up,Qwen3.6-35B-A3B-FP8-without-reasoning,1_medium_7obj_zh,instance_00004,Coverage Score,0.21875
573,clean_up,Qwen3.6-35B-A3B-FP8-without-reasoning,1_medium_7obj_zh,instance_00004,Penalty Score,0.43333333333333335
574,clean_up,Qwen3.6-35B-A3B-FP8-without-reasoning,1_medium_7obj_zh,instance_00004,Moves,"[['Player 2', 'A'], ['Player 2', 'D'], ['Player 2', 'S'], ['Player 2', 'M'], ['Player 1', 'T'], ['Player 2', 'T'], ['Player 2', 'P']]"
575,clean_up,Qwen3.6-35B-A3B-FP8-without-reasoning,1_medium_7obj_zh,instance_00004,Init States,"{'state_1': [{'id': 'P', 'coord': [3, 5]}, {'id': 'O', 'coord': [6, 4]}, {'id': 'T', 'coord': [3, 3]}, {'id': 'S', 'coord': [7, 2]}, {'id': 'D', 'coord': [4, 3]}, {'id': 'A', 'coord': [7, 5]}, {'id': 'M', 'coord': [4, 5]}], 'state_2': [{'id': 'P', 'coord': [1, 6]}, {'id': 'O', 'coord': [4, 1]}, {'id': 'T', 'coord': [6, 1]}, {'id': 'S', 'coord': [2, 5]}, {'id': 'D', 'coord': [4, 4]}, {'id': 'A', 'coord': [3, 5]}, {'id': 'M', 'coord': [2, 6]}]}"
576,clean_up,Qwen3.6-35B-A3B-FP8-without-reasoning,1_medium_7obj_zh,instance_00004,End States,"{'state_1': [{'id': 'P', 'coord': [3, 5]}, {'id': 'O', 'coord': [6, 4]}, {'id': 'T', 'coord': [1, 1]}, {'id': 'S', 'coord': [7, 2]}, {'id': 'D', 'coord': [4, 3]}, {'id': 'A', 'coord': [7, 5]}, {'id': 'M', 'coord': [4, 5]}], 'state_2': [{'id': 'P', 'coord': [3, 5]}, {'id': 'O', 'coord': [4, 1]}, {'id': 'T', 'coord': [1, 1]}, {'id': 'S', 'coord': [6, 2]}, {'id': 'D', 'coord': [3, 3]}, {'id': 'A', 'coord': [6, 4]}, {'id': 'M', 'coord': [4, 5]}]}"
577,clean_up,Qwen3.6-35B-A3B-FP8-without-reasoning,1_medium_7obj_zh,instance_00004,Shifts,5
578,clean_up,Qwen3.6-35B-A3B-FP8-without-reasoning,1_medium_7obj_zh,instance_00004,Max Shifts,12
579,clean_up,Qwen3.6-35B-A3B-FP8-without-reasoning,1_medium_7obj_zh,instance_00004,Min Shifts,6
580,clean_up,Qwen3.6-35B-A3B-FP8-without-reasoning,1_medium_7obj_zh,instance_00004,End Distance Sum,7.0197648378370845
581,clean_up,Qwen3.6-35B-A3B-FP8-without-reasoning,1_medium_7obj_zh,instance_00004,Init Distance Sum,22.514190400772858
582,clean_up,Qwen3.6-35B-A3B-FP8-without-reasoning,1_medium_7obj_zh,instance_00004,Expected Distance Sum,29.331836849219748
583,clean_up,Qwen3.6-35B-A3B-FP8-without-reasoning,1_medium_7obj_zh,instance_00004,Penalties,17
584,clean_up,Qwen3.6-35B-A3B-FP8-without-reasoning,1_medium_7obj_zh,instance_00004,Max Penalties,16
585,clean_up,Qwen3.6-35B-A3B-FP8-without-reasoning,1_medium_7obj_zh,instance_00004,Rounds,22
586,clean_up,Qwen3.6-35B-A3B-FP8-without-reasoning,1_medium_7obj_zh,instance_00004,Max Rounds,28
587,clean_up,Qwen3.6-35B-A3B-FP8-without-reasoning,1_medium_7obj_zh,instance_00004,Object Count,7
588,clean_up,Qwen3.6-35B-A3B-FP8-without-reasoning,1_medium_7obj_zh,instance_00004,Valid Moves,7
589,clean_up,Qwen3.6-35B-A3B-FP8-without-reasoning,1_medium_7obj_zh,instance_00004,Invalid Moves,3
590,clean_up,Qwen3.6-35B-A3B-FP8-without-reasoning,1_medium_7obj_zh,instance_00004,Parse Errors,28
591,clean_up,Qwen3.6-35B-A3B-FP8-without-reasoning,1_medium_7obj_zh,instance_00004,Main Score,
592,clean_up,Qwen3.6-35B-A3B-FP8-without-reasoning,1_medium_7obj_zh,instance_00001,Request Count,41
593,clean_up,Qwen3.6-35B-A3B-FP8-without-reasoning,1_medium_7obj_zh,instance_00001,Parsed Request Count,39
594,clean_up,Qwen3.6-35B-A3B-FP8-without-reasoning,1_medium_7obj_zh,instance_00001,Violated Request Count,2
595,clean_up,Qwen3.6-35B-A3B-FP8-without-reasoning,1_medium_7obj_zh,instance_00001,Request Success Ratio,0.9512195121951219
596,clean_up,Qwen3.6-35B-A3B-FP8-without-reasoning,1_medium_7obj_zh,instance_00001,Aborted,0
597,clean_up,Qwen3.6-35B-A3B-FP8-without-reasoning,1_medium_7obj_zh,instance_00001,Lose,0
598,clean_up,Qwen3.6-35B-A3B-FP8-without-reasoning,1_medium_7obj_zh,instance_00001,Success,1
599,clean_up,Qwen3.6-35B-A3B-FP8-without-reasoning,1_medium_7obj_zh,instance_00001,Distance Score,0.8780896240953193
600,clean_up,Qwen3.6-35B-A3B-FP8-without-reasoning,1_medium_7obj_zh,instance_00001,Coverage Score,0.09375
601,clean_up,Qwen3.6-35B-A3B-FP8-without-reasoning,1_medium_7obj_zh,instance_00001,Penalty Score,0.9482758620689655
602,clean_up,Qwen3.6-35B-A3B-FP8-without-reasoning,1_medium_7obj_zh,instance_00001,Moves,"[['Player 1', 'P'], ['Player 1', 'M'], ['Player 1', 'A'], ['Player 1', 'O'], ['Player 1', 'T']]"
603,clean_up,Qwen3.6-35B-A3B-FP8-without-reasoning,1_medium_7obj_zh,instance_00001,Init States,"{'state_1': [{'id': 'P', 'coord': [2, 1]}, {'id': 'O', 'coord': [7, 3]}, {'id': 'T', 'coord': [1, 7]}, {'id': 'S', 'coord': [5, 3]}, {'id': 'D', 'coord': [1, 5]}, {'id': 'A', 'coord': [5, 4]}, {'id': 'M', 'coord': [5, 1]}], 'state_2': [{'id': 'P', 'coord': [7, 3]}, {'id': 'O', 'coord': [7, 4]}, {'id': 'T', 'coord': [7, 1]}, {'id': 'S', 'coord': [5, 3]}, {'id': 'D', 'coord': [1, 5]}, {'id': 'A', 'coord': [4, 7]}, {'id': 'M', 'coord': [6, 4]}]}"
604,clean_up,Qwen3.6-35B-A3B-FP8-without-reasoning,1_medium_7obj_zh,instance_00001,End States,"{'state_1': [{'id': 'P', 'coord': [6, 3]}, {'id': 'O', 'coord': [5, 4]}, {'id': 'T', 'coord': [7, 1]}, {'id': 'S', 'coord': [5, 3]}, {'id': 'D', 'coord': [1, 5]}, {'id': 'A', 'coord': [4, 7]}, {'id': 'M', 'coord': [6, 4]}], 'state_2': [{'id': 'P', 'coord': [7, 3]}, {'id': 'O', 'coord': [7, 4]}, {'id': 'T', 'coord': [7, 1]}, {'id': 'S', 'coord': [5, 3]}, {'id': 'D', 'coord': [1, 5]}, {'id': 'A', 'coord': [4, 7]}, {'id': 'M', 'coord': [6, 4]}]}"
605,clean_up,Qwen3.6-35B-A3B-FP8-without-reasoning,1_medium_7obj_zh,instance_00001,Shifts,4
606,clean_up,Qwen3.6-35B-A3B-FP8-without-reasoning,1_medium_7obj_zh,instance_00001,Max Shifts,12
607,clean_up,Qwen3.6-35B-A3B-FP8-without-reasoning,1_medium_7obj_zh,instance_00001,Min Shifts,6
608,clean_up,Qwen3.6-35B-A3B-FP8-without-reasoning,1_medium_7obj_zh,instance_00001,End Distance Sum,3.0
609,clean_up,Qwen3.6-35B-A3B-FP8-without-reasoning,1_medium_7obj_zh,instance_00001,Init Distance Sum,21.19500150170983
610,clean_up,Qwen3.6-35B-A3B-FP8-without-reasoning,1_medium_7obj_zh,instance_00001,Expected Distance Sum,29.331836849219748
611,clean_up,Qwen3.6-35B-A3B-FP8-without-reasoning,1_medium_7obj_zh,instance_00001,Penalties,3
612,clean_up,Qwen3.6-35B-A3B-FP8-without-reasoning,1_medium_7obj_zh,instance_00001,Max Penalties,16
613,clean_up,Qwen3.6-35B-A3B-FP8-without-reasoning,1_medium_7obj_zh,instance_00001,Rounds,19
614,clean_up,Qwen3.6-35B-A3B-FP8-without-reasoning,1_medium_7obj_zh,instance_00001,Max Rounds,28
615,clean_up,Qwen3.6-35B-A3B-FP8-without-reasoning,1_medium_7obj_zh,instance_00001,Object Count,7
616,clean_up,Qwen3.6-35B-A3B-FP8-without-reasoning,1_medium_7obj_zh,instance_00001,Valid Moves,5
617,clean_up,Qwen3.6-35B-A3B-FP8-without-reasoning,1_medium_7obj_zh,instance_00001,Invalid Moves,1
618,clean_up,Qwen3.6-35B-A3B-FP8-without-reasoning,1_medium_7obj_zh,instance_00001,Parse Errors,4
619,clean_up,Qwen3.6-35B-A3B-FP8-without-reasoning,1_medium_7obj_zh,instance_00001,Main Score,83.26711952628028
620,clean_up,Qwen3.6-35B-A3B-FP8-without-reasoning,1_medium_7obj_zh,instance_00000,Request Count,49
621,clean_up,Qwen3.6-35B-A3B-FP8-without-reasoning,1_medium_7obj_zh,instance_00000,Parsed Request Count,46
622,clean_up,Qwen3.6-35B-A3B-FP8-without-reasoning,1_medium_7obj_zh,instance_00000,Violated Request Count,3
623,clean_up,Qwen3.6-35B-A3B-FP8-without-reasoning,1_medium_7obj_zh,instance_00000,Request Success Ratio,0.9387755102040817
624,clean_up,Qwen3.6-35B-A3B-FP8-without-reasoning,1_medium_7obj_zh,instance_00000,Aborted,0
625,clean_up,Qwen3.6-35B-A3B-FP8-without-reasoning,1_medium_7obj_zh,instance_00000,Lose,0
626,clean_up,Qwen3.6-35B-A3B-FP8-without-reasoning,1_medium_7obj_zh,instance_00000,Success,1
627,clean_up,Qwen3.6-35B-A3B-FP8-without-reasoning,1_medium_7obj_zh,instance_00000,Distance Score,0.6657352959123546
628,clean_up,Qwen3.6-35B-A3B-FP8-without-reasoning,1_medium_7obj_zh,instance_00000,Coverage Score,0.109375
629,clean_up,Qwen3.6-35B-A3B-FP8-without-reasoning,1_medium_7obj_zh,instance_00000,Penalty Score,0.43333333333333335
630,clean_up,Qwen3.6-35B-A3B-FP8-without-reasoning,1_medium_7obj_zh,instance_00000,Moves,"[['Player 1', 'P'], ['Player 1', 'O'], ['Player 1', 'S'], ['Player 1', 'D'], ['Player 1', 'T'], ['Player 1', 'M']]"
631,clean_up,Qwen3.6-35B-A3B-FP8-without-reasoning,1_medium_7obj_zh,instance_00000,Init States,"{'state_1': [{'id': 'P', 'coord': [6, 1]}, {'id': 'O', 'coord': [4, 1]}, {'id': 'T', 'coord': [3, 2]}, {'id': 'S', 'coord': [1, 4]}, {'id': 'D', 'coord': [6, 7]}, {'id': 'A', 'coord': [4, 5]}, {'id': 'M', 'coord': [7, 1]}], 'state_2': [{'id': 'P', 'coord': [1, 2]}, {'id': 'O', 'coord': [6, 1]}, {'id': 'T', 'coord': [6, 3]}, {'id': 'S', 'coord': [2, 3]}, {'id': 'D', 'coord': [7, 6]}, {'id': 'A', 'coord': [1, 5]}, {'id': 'M', 'coord': [3, 2]}]}"
632,clean_up,Qwen3.6-35B-A3B-FP8-without-reasoning,1_medium_7obj_zh,instance_00000,End States,"{'state_1': [{'id': 'P', 'coord': [1, 1]}, {'id': 'O', 'coord': [6, 1]}, {'id': 'T', 'coord': [3, 3]}, {'id': 'S', 'coord': [2, 3]}, {'id': 'D', 'coord': [6, 6]}, {'id': 'A', 'coord': [4, 5]}, {'id': 'M', 'coord': [3, 2]}], 'state_2': [{'id': 'P', 'coord': [1, 2]}, {'id': 'O', 'coord': [6, 1]}, {'id': 'T', 'coord': [6, 3]}, {'id': 'S', 'coord': [2, 3]}, {'id': 'D', 'coord': [7, 6]}, {'id': 'A', 'coord': [1, 5]}, {'id': 'M', 'coord': [3, 2]}]}"
633,clean_up,Qwen3.6-35B-A3B-FP8-without-reasoning,1_medium_7obj_zh,instance_00000,Shifts,5
634,clean_up,Qwen3.6-35B-A3B-FP8-without-reasoning,1_medium_7obj_zh,instance_00000,Max Shifts,12
635,clean_up,Qwen3.6-35B-A3B-FP8-without-reasoning,1_medium_7obj_zh,instance_00000,Min Shifts,6
636,clean_up,Qwen3.6-35B-A3B-FP8-without-reasoning,1_medium_7obj_zh,instance_00000,End Distance Sum,8.0
637,clean_up,Qwen3.6-35B-A3B-FP8-without-reasoning,1_medium_7obj_zh,instance_00000,Init Distance Sum,20.212829924125018
638,clean_up,Qwen3.6-35B-A3B-FP8-without-reasoning,1_medium_7obj_zh,instance_00000,Expected Distance Sum,29.331836849219748
639,clean_up,Qwen3.6-35B-A3B-FP8-without-reasoning,1_medium_7obj_zh,instance_00000,Penalties,17
640,clean_up,Qwen3.6-35B-A3B-FP8-without-reasoning,1_medium_7obj_zh,instance_00000,Max Penalties,16
641,clean_up,Qwen3.6-35B-A3B-FP8-without-reasoning,1_medium_7obj_zh,instance_00000,Rounds,16
642,clean_up,Qwen3.6-35B-A3B-FP8-without-reasoning,1_medium_7obj_zh,instance_00000,Max Rounds,28
643,clean_up,Qwen3.6-35B-A3B-FP8-without-reasoning,1_medium_7obj_zh,instance_00000,Object Count,7
644,clean_up,Qwen3.6-35B-A3B-FP8-without-reasoning,1_medium_7obj_zh,instance_00000,Valid Moves,6
645,clean_up,Qwen3.6-35B-A3B-FP8-without-reasoning,1_medium_7obj_zh,instance_00000,Invalid Moves,14
646,clean_up,Qwen3.6-35B-A3B-FP8-without-reasoning,1_medium_7obj_zh,instance_00000,Parse Errors,6
647,clean_up,Qwen3.6-35B-A3B-FP8-without-reasoning,1_medium_7obj_zh,instance_00000,Main Score,28.84852948953537
648,clean_up,Qwen3.6-35B-A3B-FP8-without-reasoning,0_easy_3obj_zh,instance_00002,Request Count,17
649,clean_up,Qwen3.6-35B-A3B-FP8-without-reasoning,0_easy_3obj_zh,instance_00002,Parsed Request Count,17
650,clean_up,Qwen3.6-35B-A3B-FP8-without-reasoning,0_easy_3obj_zh,instance_00002,Violated Request Count,0
651,clean_up,Qwen3.6-35B-A3B-FP8-without-reasoning,0_easy_3obj_zh,instance_00002,Request Success Ratio,1.0
652,clean_up,Qwen3.6-35B-A3B-FP8-without-reasoning,0_easy_3obj_zh,instance_00002,Aborted,0
653,clean_up,Qwen3.6-35B-A3B-FP8-without-reasoning,0_easy_3obj_zh,instance_00002,Lose,0
654,clean_up,Qwen3.6-35B-A3B-FP8-without-reasoning,0_easy_3obj_zh,instance_00002,Success,1
655,clean_up,Qwen3.6-35B-A3B-FP8-without-reasoning,0_easy_3obj_zh,instance_00002,Distance Score,1.0
656,clean_up,Qwen3.6-35B-A3B-FP8-without-reasoning,0_easy_3obj_zh,instance_00002,Consistency Score,1.0
657,clean_up,Qwen3.6-35B-A3B-FP8-without-reasoning,0_easy_3obj_zh,instance_00002,Coverage Score,1.0
658,clean_up,Qwen3.6-35B-A3B-FP8-without-reasoning,0_easy_3obj_zh,instance_00002,Penalty Score,1.0
659,clean_up,Qwen3.6-35B-A3B-FP8-without-reasoning,0_easy_3obj_zh,instance_00002,Moves,"[['Player 1', 'C'], ['Player 2', 'C'], ['Player 2', 'P'], ['Player 1', 'P'], ['Player 2', 'L'], ['Player 1', 'L']]"
660,clean_up,Qwen3.6-35B-A3B-FP8-without-reasoning,0_easy_3obj_zh,instance_00002,Init States,"{'state_1': [{'id': 'C', 'coord': [2, 3]}, {'id': 'L', 'coord': [5, 1]}, {'id': 'P', 'coord': [1, 2]}], 'state_2': [{'id': 'C', 'coord': [5, 1]}, {'id': 'L', 'coord': [1, 2]}, {'id': 'P', 'coord': [1, 3]}]}"
661,clean_up,Qwen3.6-35B-A3B-FP8-without-reasoning,0_easy_3obj_zh,instance_00002,End States,"{'state_1': [{'id': 'C', 'coord': [1, 1]}, {'id': 'L', 'coord': [3, 2]}, {'id': 'P', 'coord': [2, 2]}], 'state_2': [{'id': 'C', 'coord': [1, 1]}, {'id': 'L', 'coord': [3, 2]}, {'id': 'P', 'coord': [2, 2]}]}"
662,clean_up,Qwen3.6-35B-A3B-FP8-without-reasoning,0_easy_3obj_zh,instance_00002,Shifts,2
663,clean_up,Qwen3.6-35B-A3B-FP8-without-reasoning,0_easy_3obj_zh,instance_00002,Max Shifts,4
664,clean_up,Qwen3.6-35B-A3B-FP8-without-reasoning,0_easy_3obj_zh,instance_00002,Min Shifts,2
665,clean_up,Qwen3.6-35B-A3B-FP8-without-reasoning,0_easy_3obj_zh,instance_00002,End Distance Sum,0.0
666,clean_up,Qwen3.6-35B-A3B-FP8-without-reasoning,0_easy_3obj_zh,instance_00002,Init Distance Sum,8.72865690108165
667,clean_up,Qwen3.6-35B-A3B-FP8-without-reasoning,0_easy_3obj_zh,instance_00002,Expected Distance Sum,12.570787221094177
668,clean_up,Qwen3.6-35B-A3B-FP8-without-reasoning,0_easy_3obj_zh,instance_00002,Penalties,0
669,clean_up,Qwen3.6-35B-A3B-FP8-without-reasoning,0_easy_3obj_zh,instance_00002,Max Penalties,8
670,clean_up,Qwen3.6-35B-A3B-FP8-without-reasoning,0_easy_3obj_zh,instance_00002,Rounds,8
671,clean_up,Qwen3.6-35B-A3B-FP8-without-reasoning,0_easy_3obj_zh,instance_00002,Max Rounds,12
672,clean_up,Qwen3.6-35B-A3B-FP8-without-reasoning,0_easy_3obj_zh,instance_00002,Object Count,3
673,clean_up,Qwen3.6-35B-A3B-FP8-without-reasoning,0_easy_3obj_zh,instance_00002,Valid Moves,6
674,clean_up,Qwen3.6-35B-A3B-FP8-without-reasoning,0_easy_3obj_zh,instance_00002,Invalid Moves,0
675,clean_up,Qwen3.6-35B-A3B-FP8-without-reasoning,0_easy_3obj_zh,instance_00002,Parse Errors,0
676,clean_up,Qwen3.6-35B-A3B-FP8-without-reasoning,0_easy_3obj_zh,instance_00002,Main Score,100.0
677,clean_up,Qwen3.6-35B-A3B-FP8-without-reasoning,0_easy_3obj_zh,instance_00003,Request Count,23
678,clean_up,Qwen3.6-35B-A3B-FP8-without-reasoning,0_easy_3obj_zh,instance_00003,Parsed Request Count,21
679,clean_up,Qwen3.6-35B-A3B-FP8-without-reasoning,0_easy_3obj_zh,instance_00003,Violated Request Count,2
680,clean_up,Qwen3.6-35B-A3B-FP8-without-reasoning,0_easy_3obj_zh,instance_00003,Request Success Ratio,0.9130434782608695
681,clean_up,Qwen3.6-35B-A3B-FP8-without-reasoning,0_easy_3obj_zh,instance_00003,Aborted,0
682,clean_up,Qwen3.6-35B-A3B-FP8-without-reasoning,0_easy_3obj_zh,instance_00003,Lose,0
683,clean_up,Qwen3.6-35B-A3B-FP8-without-reasoning,0_easy_3obj_zh,instance_00003,Success,1
684,clean_up,Qwen3.6-35B-A3B-FP8-without-reasoning,0_easy_3obj_zh,instance_00003,Distance Score,1.0
685,clean_up,Qwen3.6-35B-A3B-FP8-without-reasoning,0_easy_3obj_zh,instance_00003,Consistency Score,1.0
686,clean_up,Qwen3.6-35B-A3B-FP8-without-reasoning,0_easy_3obj_zh,instance_00003,Coverage Score,1.0
687,clean_up,Qwen3.6-35B-A3B-FP8-without-reasoning,0_easy_3obj_zh,instance_00003,Penalty Score,0.9285714285714286
688,clean_up,Qwen3.6-35B-A3B-FP8-without-reasoning,0_easy_3obj_zh,instance_00003,Moves,"[['Player 2', 'L'], ['Player 1', 'L'], ['Player 1', 'L'], ['Player 2', 'C'], ['Player 1', 'C'], ['Player 2', 'C'], ['Player 1', 'P'], ['Player 2', 'P']]"
689,clean_up,Qwen3.6-35B-A3B-FP8-without-reasoning,0_easy_3obj_zh,instance_00003,Init States,"{'state_1': [{'id': 'C', 'coord': [3, 2]}, {'id': 'L', 'coord': [1, 4]}, {'id': 'P', 'coord': [6, 1]}], 'state_2': [{'id': 'C', 'coord': [7, 3]}, {'id': 'L', 'coord': [1, 1]}, {'id': 'P', 'coord': [3, 2]}]}"
690,clean_up,Qwen3.6-35B-A3B-FP8-without-reasoning,0_easy_3obj_zh,instance_00003,End States,"{'state_1': [{'id': 'C', 'coord': [1, 1]}, {'id': 'L', 'coord': [2, 2]}, {'id': 'P', 'coord': [3, 3]}], 'state_2': [{'id': 'C', 'coord': [1, 1]}, {'id': 'L', 'coord': [2, 2]}, {'id': 'P', 'coord': [3, 3]}]}"
691,clean_up,Qwen3.6-35B-A3B-FP8-without-reasoning,0_easy_3obj_zh,instance_00003,Shifts,2
692,clean_up,Qwen3.6-35B-A3B-FP8-without-reasoning,0_easy_3obj_zh,instance_00003,Max Shifts,4
693,clean_up,Qwen3.6-35B-A3B-FP8-without-reasoning,0_easy_3obj_zh,instance_00003,Min Shifts,2
694,clean_up,Qwen3.6-35B-A3B-FP8-without-reasoning,0_easy_3obj_zh,instance_00003,End Distance Sum,0.0
695,clean_up,Qwen3.6-35B-A3B-FP8-without-reasoning,0_easy_3obj_zh,instance_00003,Init Distance Sum,10.28538328578604
696,clean_up,Qwen3.6-35B-A3B-FP8-without-reasoning,0_easy_3obj_zh,instance_00003,Expected Distance Sum,12.570787221094177
697,clean_up,Qwen3.6-35B-A3B-FP8-without-reasoning,0_easy_3obj_zh,instance_00003,Penalties,2
698,clean_up,Qwen3.6-35B-A3B-FP8-without-reasoning,0_easy_3obj_zh,instance_00003,Max Penalties,8
699,clean_up,Qwen3.6-35B-A3B-FP8-without-reasoning,0_easy_3obj_zh,instance_00003,Rounds,10
700,clean_up,Qwen3.6-35B-A3B-FP8-without-reasoning,0_easy_3obj_zh,instance_00003,Max Rounds,12
701,clean_up,Qwen3.6-35B-A3B-FP8-without-reasoning,0_easy_3obj_zh,instance_00003,Object Count,3
702,clean_up,Qwen3.6-35B-A3B-FP8-without-reasoning,0_easy_3obj_zh,instance_00003,Valid Moves,8
703,clean_up,Qwen3.6-35B-A3B-FP8-without-reasoning,0_easy_3obj_zh,instance_00003,Invalid Moves,0
704,clean_up,Qwen3.6-35B-A3B-FP8-without-reasoning,0_easy_3obj_zh,instance_00003,Parse Errors,4
705,clean_up,Qwen3.6-35B-A3B-FP8-without-reasoning,0_easy_3obj_zh,instance_00003,Main Score,92.85714285714286
706,clean_up,Qwen3.6-35B-A3B-FP8-without-reasoning,0_easy_3obj_zh,instance_00004,Request Count,15
707,clean_up,Qwen3.6-35B-A3B-FP8-without-reasoning,0_easy_3obj_zh,instance_00004,Parsed Request Count,15
708,clean_up,Qwen3.6-35B-A3B-FP8-without-reasoning,0_easy_3obj_zh,instance_00004,Violated Request Count,0
709,clean_up,Qwen3.6-35B-A3B-FP8-without-reasoning,0_easy_3obj_zh,instance_00004,Request Success Ratio,1.0
710,clean_up,Qwen3.6-35B-A3B-FP8-without-reasoning,0_easy_3obj_zh,instance_00004,Aborted,0
711,clean_up,Qwen3.6-35B-A3B-FP8-without-reasoning,0_easy_3obj_zh,instance_00004,Lose,0
712,clean_up,Qwen3.6-35B-A3B-FP8-without-reasoning,0_easy_3obj_zh,instance_00004,Success,1
713,clean_up,Qwen3.6-35B-A3B-FP8-without-reasoning,0_easy_3obj_zh,instance_00004,Distance Score,0.9164534799785438
714,clean_up,Qwen3.6-35B-A3B-FP8-without-reasoning,0_easy_3obj_zh,instance_00004,Consistency Score,1.0
715,clean_up,Qwen3.6-35B-A3B-FP8-without-reasoning,0_easy_3obj_zh,instance_00004,Coverage Score,1.0
716,clean_up,Qwen3.6-35B-A3B-FP8-without-reasoning,0_easy_3obj_zh,instance_00004,Penalty Score,0.7727272727272727
717,clean_up,Qwen3.6-35B-A3B-FP8-without-reasoning,0_easy_3obj_zh,instance_00004,Moves,"[['Player 1', 'C'], ['Player 2', 'C'], ['Player 1', 'L'], ['Player 2', 'L'], ['Player 1', 'P'], ['Player 2', 'P']]"
718,clean_up,Qwen3.6-35B-A3B-FP8-without-reasoning,0_easy_3obj_zh,instance_00004,Init States,"{'state_1': [{'id': 'C', 'coord': [7, 5]}, {'id': 'L', 'coord': [7, 1]}, {'id': 'P', 'coord': [1, 7]}], 'state_2': [{'id': 'C', 'coord': [4, 7]}, {'id': 'L', 'coord': [6, 2]}, {'id': 'P', 'coord': [5, 2]}]}"
719,clean_up,Qwen3.6-35B-A3B-FP8-without-reasoning,0_easy_3obj_zh,instance_00004,End States,"{'state_1': [{'id': 'C', 'coord': [1, 1]}, {'id': 'L', 'coord': [3, 1]}, {'id': 'P', 'coord': [3, 3]}], 'state_2': [{'id': 'C', 'coord': [1, 1]}, {'id': 'L', 'coord': [3, 2]}, {'id': 'P', 'coord': [3, 3]}]}"
720,clean_up,Qwen3.6-35B-A3B-FP8-without-reasoning,0_easy_3obj_zh,instance_00004,Shifts,2
721,clean_up,Qwen3.6-35B-A3B-FP8-without-reasoning,0_easy_3obj_zh,instance_00004,Max Shifts,4
722,clean_up,Qwen3.6-35B-A3B-FP8-without-reasoning,0_easy_3obj_zh,instance_00004,Min Shifts,2
723,clean_up,Qwen3.6-35B-A3B-FP8-without-reasoning,0_easy_3obj_zh,instance_00004,End Distance Sum,1.0
724,clean_up,Qwen3.6-35B-A3B-FP8-without-reasoning,0_easy_3obj_zh,instance_00004,Init Distance Sum,11.422889075269932
725,clean_up,Qwen3.6-35B-A3B-FP8-without-reasoning,0_easy_3obj_zh,instance_00004,Expected Distance Sum,12.570787221094177
726,clean_up,Qwen3.6-35B-A3B-FP8-without-reasoning,0_easy_3obj_zh,instance_00004,Penalties,5
727,clean_up,Qwen3.6-35B-A3B-FP8-without-reasoning,0_easy_3obj_zh,instance_00004,Max Penalties,8
728,clean_up,Qwen3.6-35B-A3B-FP8-without-reasoning,0_easy_3obj_zh,instance_00004,Rounds,5
729,clean_up,Qwen3.6-35B-A3B-FP8-without-reasoning,0_easy_3obj_zh,instance_00004,Max Rounds,12
730,clean_up,Qwen3.6-35B-A3B-FP8-without-reasoning,0_easy_3obj_zh,instance_00004,Object Count,3
731,clean_up,Qwen3.6-35B-A3B-FP8-without-reasoning,0_easy_3obj_zh,instance_00004,Valid Moves,6
732,clean_up,Qwen3.6-35B-A3B-FP8-without-reasoning,0_easy_3obj_zh,instance_00004,Invalid Moves,5
733,clean_up,Qwen3.6-35B-A3B-FP8-without-reasoning,0_easy_3obj_zh,instance_00004,Parse Errors,0
734,clean_up,Qwen3.6-35B-A3B-FP8-without-reasoning,0_easy_3obj_zh,instance_00004,Main Score,70.81685981652383
735,clean_up,Qwen3.6-35B-A3B-FP8-without-reasoning,0_easy_3obj_zh,instance_00001,Request Count,13
736,clean_up,Qwen3.6-35B-A3B-FP8-without-reasoning,0_easy_3obj_zh,instance_00001,Parsed Request Count,13
737,clean_up,Qwen3.6-35B-A3B-FP8-without-reasoning,0_easy_3obj_zh,instance_00001,Violated Request Count,0
738,clean_up,Qwen3.6-35B-A3B-FP8-without-reasoning,0_easy_3obj_zh,instance_00001,Request Success Ratio,1.0
739,clean_up,Qwen3.6-35B-A3B-FP8-without-reasoning,0_easy_3obj_zh,instance_00001,Aborted,0
740,clean_up,Qwen3.6-35B-A3B-FP8-without-reasoning,0_easy_3obj_zh,instance_00001,Lose,0
741,clean_up,Qwen3.6-35B-A3B-FP8-without-reasoning,0_easy_3obj_zh,instance_00001,Success,1
742,clean_up,Qwen3.6-35B-A3B-FP8-without-reasoning,0_easy_3obj_zh,instance_00001,Distance Score,1.0
743,clean_up,Qwen3.6-35B-A3B-FP8-without-reasoning,0_easy_3obj_zh,instance_00001,Consistency Score,1.0
744,clean_up,Qwen3.6-35B-A3B-FP8-without-reasoning,0_easy_3obj_zh,instance_00001,Coverage Score,0.25
745,clean_up,Qwen3.6-35B-A3B-FP8-without-reasoning,0_easy_3obj_zh,instance_00001,Penalty Score,1.0
746,clean_up,Qwen3.6-35B-A3B-FP8-without-reasoning,0_easy_3obj_zh,instance_00001,Moves,"[['Player 1', 'C'], ['Player 1', 'P'], ['Player 1', 'L']]"
747,clean_up,Qwen3.6-35B-A3B-FP8-without-reasoning,0_easy_3obj_zh,instance_00001,Init States,"{'state_1': [{'id': 'C', 'coord': [2, 2]}, {'id': 'L', 'coord': [5, 5]}, {'id': 'P', 'coord': [7, 7]}], 'state_2': [{'id': 'C', 'coord': [3, 2]}, {'id': 'L', 'coord': [1, 7]}, {'id': 'P', 'coord': [2, 5]}]}"
748,clean_up,Qwen3.6-35B-A3B-FP8-without-reasoning,0_easy_3obj_zh,instance_00001,End States,"{'state_1': [{'id': 'C', 'coord': [3, 2]}, {'id': 'L', 'coord': [1, 7]}, {'id': 'P', 'coord': [2, 5]}], 'state_2': [{'id': 'C', 'coord': [3, 2]}, {'id': 'L', 'coord': [1, 7]}, {'id': 'P', 'coord': [2, 5]}]}"
749,clean_up,Qwen3.6-35B-A3B-FP8-without-reasoning,0_easy_3obj_zh,instance_00001,Shifts,2
750,clean_up,Qwen3.6-35B-A3B-FP8-without-reasoning,0_easy_3obj_zh,instance_00001,Max Shifts,4
751,clean_up,Qwen3.6-35B-A3B-FP8-without-reasoning,0_easy_3obj_zh,instance_00001,Min Shifts,2
752,clean_up,Qwen3.6-35B-A3B-FP8-without-reasoning,0_easy_3obj_zh,instance_00001,End Distance Sum,0.0
753,clean_up,Qwen3.6-35B-A3B-FP8-without-reasoning,0_easy_3obj_zh,instance_00001,Init Distance Sum,10.857300762134084
754,clean_up,Qwen3.6-35B-A3B-FP8-without-reasoning,0_easy_3obj_zh,instance_00001,Expected Distance Sum,12.570787221094177
755,clean_up,Qwen3.6-35B-A3B-FP8-without-reasoning,0_easy_3obj_zh,instance_00001,Penalties,0
756,clean_up,Qwen3.6-35B-A3B-FP8-without-reasoning,0_easy_3obj_zh,instance_00001,Max Penalties,8
757,clean_up,Qwen3.6-35B-A3B-FP8-without-reasoning,0_easy_3obj_zh,instance_00001,Rounds,6
758,clean_up,Qwen3.6-35B-A3B-FP8-without-reasoning,0_easy_3obj_zh,instance_00001,Max Rounds,12
759,clean_up,Qwen3.6-35B-A3B-FP8-without-reasoning,0_easy_3obj_zh,instance_00001,Object Count,3
760,clean_up,Qwen3.6-35B-A3B-FP8-without-reasoning,0_easy_3obj_zh,instance_00001,Valid Moves,3
761,clean_up,Qwen3.6-35B-A3B-FP8-without-reasoning,0_easy_3obj_zh,instance_00001,Invalid Moves,0
762,clean_up,Qwen3.6-35B-A3B-FP8-without-reasoning,0_easy_3obj_zh,instance_00001,Parse Errors,0
763,clean_up,Qwen3.6-35B-A3B-FP8-without-reasoning,0_easy_3obj_zh,instance_00001,Main Score,100.0
764,clean_up,Qwen3.6-35B-A3B-FP8-without-reasoning,0_easy_3obj_zh,instance_00000,Request Count,24
765,clean_up,Qwen3.6-35B-A3B-FP8-without-reasoning,0_easy_3obj_zh,instance_00000,Parsed Request Count,22
766,clean_up,Qwen3.6-35B-A3B-FP8-without-reasoning,0_easy_3obj_zh,instance_00000,Violated Request Count,2
767,clean_up,Qwen3.6-35B-A3B-FP8-without-reasoning,0_easy_3obj_zh,instance_00000,Request Success Ratio,0.9166666666666666
768,clean_up,Qwen3.6-35B-A3B-FP8-without-reasoning,0_easy_3obj_zh,instance_00000,Aborted,0
769,clean_up,Qwen3.6-35B-A3B-FP8-without-reasoning,0_easy_3obj_zh,instance_00000,Lose,0
770,clean_up,Qwen3.6-35B-A3B-FP8-without-reasoning,0_easy_3obj_zh,instance_00000,Success,1
771,clean_up,Qwen3.6-35B-A3B-FP8-without-reasoning,0_easy_3obj_zh,instance_00000,Distance Score,1.0
772,clean_up,Qwen3.6-35B-A3B-FP8-without-reasoning,0_easy_3obj_zh,instance_00000,Consistency Score,1.0
773,clean_up,Qwen3.6-35B-A3B-FP8-without-reasoning,0_easy_3obj_zh,instance_00000,Coverage Score,1.0
774,clean_up,Qwen3.6-35B-A3B-FP8-without-reasoning,0_easy_3obj_zh,instance_00000,Penalty Score,0.9285714285714286
775,clean_up,Qwen3.6-35B-A3B-FP8-without-reasoning,0_easy_3obj_zh,instance_00000,Moves,"[['Player 2', 'C'], ['Player 1', 'C'], ['Player 2', 'P'], ['Player 1', 'P'], ['Player 2', 'L'], ['Player 1', 'L']]"
776,clean_up,Qwen3.6-35B-A3B-FP8-without-reasoning,0_easy_3obj_zh,instance_00000,Init States,"{'state_1': [{'id': 'C', 'coord': [2, 6]}, {'id': 'L', 'coord': [2, 5]}, {'id': 'P', 'coord': [7, 3]}], 'state_2': [{'id': 'C', 'coord': [4, 1]}, {'id': 'L', 'coord': [7, 7]}, {'id': 'P', 'coord': [4, 7]}]}"
777,clean_up,Qwen3.6-35B-A3B-FP8-without-reasoning,0_easy_3obj_zh,instance_00000,End States,"{'state_1': [{'id': 'C', 'coord': [3, 6]}, {'id': 'L', 'coord': [2, 7]}, {'id': 'P', 'coord': [4, 3]}], 'state_2': [{'id': 'C', 'coord': [3, 6]}, {'id': 'L', 'coord': [2, 7]}, {'id': 'P', 'coord': [4, 3]}]}"
778,clean_up,Qwen3.6-35B-A3B-FP8-without-reasoning,0_easy_3obj_zh,instance_00000,Shifts,2
779,clean_up,Qwen3.6-35B-A3B-FP8-without-reasoning,0_easy_3obj_zh,instance_00000,Max Shifts,4
780,clean_up,Qwen3.6-35B-A3B-FP8-without-reasoning,0_easy_3obj_zh,instance_00000,Min Shifts,2
781,clean_up,Qwen3.6-35B-A3B-FP8-without-reasoning,0_easy_3obj_zh,instance_00000,End Distance Sum,0.0
782,clean_up,Qwen3.6-35B-A3B-FP8-without-reasoning,0_easy_3obj_zh,instance_00000,Init Distance Sum,15.770329614269007
783,clean_up,Qwen3.6-35B-A3B-FP8-without-reasoning,0_easy_3obj_zh,instance_00000,Expected Distance Sum,12.570787221094177
784,clean_up,Qwen3.6-35B-A3B-FP8-without-reasoning,0_easy_3obj_zh,instance_00000,Penalties,2
785,clean_up,Qwen3.6-35B-A3B-FP8-without-reasoning,0_easy_3obj_zh,instance_00000,Max Penalties,8
786,clean_up,Qwen3.6-35B-A3B-FP8-without-reasoning,0_easy_3obj_zh,instance_00000,Rounds,11
787,clean_up,Qwen3.6-35B-A3B-FP8-without-reasoning,0_easy_3obj_zh,instance_00000,Max Rounds,12
788,clean_up,Qwen3.6-35B-A3B-FP8-without-reasoning,0_easy_3obj_zh,instance_00000,Object Count,3
789,clean_up,Qwen3.6-35B-A3B-FP8-without-reasoning,0_easy_3obj_zh,instance_00000,Valid Moves,6
790,clean_up,Qwen3.6-35B-A3B-FP8-without-reasoning,0_easy_3obj_zh,instance_00000,Invalid Moves,0
791,clean_up,Qwen3.6-35B-A3B-FP8-without-reasoning,0_easy_3obj_zh,instance_00000,Parse Errors,4
792,clean_up,Qwen3.6-35B-A3B-FP8-without-reasoning,0_easy_3obj_zh,instance_00000,Main Score,92.85714285714286
793,clean_up,Qwen3.6-35B-A3B-FP8-without-reasoning,0_easy_5obj_zh,instance_00002,Request Count,33
794,clean_up,Qwen3.6-35B-A3B-FP8-without-reasoning,0_easy_5obj_zh,instance_00002,Parsed Request Count,24
795,clean_up,Qwen3.6-35B-A3B-FP8-without-reasoning,0_easy_5obj_zh,instance_00002,Violated Request Count,9
796,clean_up,Qwen3.6-35B-A3B-FP8-without-reasoning,0_easy_5obj_zh,instance_00002,Request Success Ratio,0.7272727272727273
797,clean_up,Qwen3.6-35B-A3B-FP8-without-reasoning,0_easy_5obj_zh,instance_00002,Aborted,0
798,clean_up,Qwen3.6-35B-A3B-FP8-without-reasoning,0_easy_5obj_zh,instance_00002,Lose,0
799,clean_up,Qwen3.6-35B-A3B-FP8-without-reasoning,0_easy_5obj_zh,instance_00002,Success,1
800,clean_up,Qwen3.6-35B-A3B-FP8-without-reasoning,0_easy_5obj_zh,instance_00002,Distance Score,0.9500597264485668
801,clean_up,Qwen3.6-35B-A3B-FP8-without-reasoning,0_easy_5obj_zh,instance_00002,Consistency Score,1.0
802,clean_up,Qwen3.6-35B-A3B-FP8-without-reasoning,0_easy_5obj_zh,instance_00002,Coverage Score,0.16666666666666666
803,clean_up,Qwen3.6-35B-A3B-FP8-without-reasoning,0_easy_5obj_zh,instance_00002,Penalty Score,0.6428571428571428
804,clean_up,Qwen3.6-35B-A3B-FP8-without-reasoning,0_easy_5obj_zh,instance_00002,Moves,"[['Player 1', 'W'], ['Player 1', 'I'], ['Player 1', 'T'], ['Player 1', 'C'], ['Player 1', 'H']]"
805,clean_up,Qwen3.6-35B-A3B-FP8-without-reasoning,0_easy_5obj_zh,instance_00002,Init States,"{'state_1': [{'id': 'W', 'coord': [3, 3]}, {'id': 'I', 'coord': [4, 6]}, {'id': 'T', 'coord': [2, 3]}, {'id': 'C', 'coord': [1, 5]}, {'id': 'H', 'coord': [7, 4]}], 'state_2': [{'id': 'W', 'coord': [2, 6]}, {'id': 'I', 'coord': [1, 5]}, {'id': 'T', 'coord': [5, 1]}, {'id': 'C', 'coord': [7, 6]}, {'id': 'H', 'coord': [6, 1]}]}"
806,clean_up,Qwen3.6-35B-A3B-FP8-without-reasoning,0_easy_5obj_zh,instance_00002,End States,"{'state_1': [{'id': 'W', 'coord': [2, 6]}, {'id': 'I', 'coord': [1, 6]}, {'id': 'T', 'coord': [5, 1]}, {'id': 'C', 'coord': [7, 6]}, {'id': 'H', 'coord': [6, 1]}], 'state_2': [{'id': 'W', 'coord': [2, 6]}, {'id': 'I', 'coord': [1, 5]}, {'id': 'T', 'coord': [5, 1]}, {'id': 'C', 'coord': [7, 6]}, {'id': 'H', 'coord': [6, 1]}]}"
807,clean_up,Qwen3.6-35B-A3B-FP8-without-reasoning,0_easy_5obj_zh,instance_00002,Shifts,4
808,clean_up,Qwen3.6-35B-A3B-FP8-without-reasoning,0_easy_5obj_zh,instance_00002,Max Shifts,8
809,clean_up,Qwen3.6-35B-A3B-FP8-without-reasoning,0_easy_5obj_zh,instance_00002,Min Shifts,4
810,clean_up,Qwen3.6-35B-A3B-FP8-without-reasoning,0_easy_5obj_zh,instance_00002,End Distance Sum,1.0
811,clean_up,Qwen3.6-35B-A3B-FP8-without-reasoning,0_easy_5obj_zh,instance_00002,Init Distance Sum,19.175146786267344
812,clean_up,Qwen3.6-35B-A3B-FP8-without-reasoning,0_easy_5obj_zh,instance_00002,Expected Distance Sum,20.95131203515696
813,clean_up,Qwen3.6-35B-A3B-FP8-without-reasoning,0_easy_5obj_zh,instance_00002,Penalties,10
814,clean_up,Qwen3.6-35B-A3B-FP8-without-reasoning,0_easy_5obj_zh,instance_00002,Max Penalties,12
815,clean_up,Qwen3.6-35B-A3B-FP8-without-reasoning,0_easy_5obj_zh,instance_00002,Rounds,11
816,clean_up,Qwen3.6-35B-A3B-FP8-without-reasoning,0_easy_5obj_zh,instance_00002,Max Rounds,20
817,clean_up,Qwen3.6-35B-A3B-FP8-without-reasoning,0_easy_5obj_zh,instance_00002,Object Count,5
818,clean_up,Qwen3.6-35B-A3B-FP8-without-reasoning,0_easy_5obj_zh,instance_00002,Valid Moves,5
819,clean_up,Qwen3.6-35B-A3B-FP8-without-reasoning,0_easy_5obj_zh,instance_00002,Invalid Moves,1
820,clean_up,Qwen3.6-35B-A3B-FP8-without-reasoning,0_easy_5obj_zh,instance_00002,Parse Errors,18
821,clean_up,Qwen3.6-35B-A3B-FP8-without-reasoning,0_easy_5obj_zh,instance_00002,Main Score,61.075268128836434
822,clean_up,Qwen3.6-35B-A3B-FP8-without-reasoning,0_easy_5obj_zh,instance_00003,Request Count,51
823,clean_up,Qwen3.6-35B-A3B-FP8-without-reasoning,0_easy_5obj_zh,instance_00003,Parsed Request Count,48
824,clean_up,Qwen3.6-35B-A3B-FP8-without-reasoning,0_easy_5obj_zh,instance_00003,Violated Request Count,3
825,clean_up,Qwen3.6-35B-A3B-FP8-without-reasoning,0_easy_5obj_zh,instance_00003,Request Success Ratio,0.9411764705882353
826,clean_up,Qwen3.6-35B-A3B-FP8-without-reasoning,0_easy_5obj_zh,instance_00003,Aborted,0
827,clean_up,Qwen3.6-35B-A3B-FP8-without-reasoning,0_easy_5obj_zh,instance_00003,Lose,0
828,clean_up,Qwen3.6-35B-A3B-FP8-without-reasoning,0_easy_5obj_zh,instance_00003,Success,1
829,clean_up,Qwen3.6-35B-A3B-FP8-without-reasoning,0_easy_5obj_zh,instance_00003,Distance Score,0.6222751474806054
830,clean_up,Qwen3.6-35B-A3B-FP8-without-reasoning,0_easy_5obj_zh,instance_00003,Coverage Score,0.6944444444444445
831,clean_up,Qwen3.6-35B-A3B-FP8-without-reasoning,0_easy_5obj_zh,instance_00003,Penalty Score,0.5769230769230771
832,clean_up,Qwen3.6-35B-A3B-FP8-without-reasoning,0_easy_5obj_zh,instance_00003,Moves,"[['Player 1', 'W'], ['Player 2', 'W'], ['Player 1', 'W'], ['Player 2', 'I'], ['Player 1', 'I'], ['Player 1', 'I'], ['Player 2', 'H'], ['Player 1', 'H'], ['Player 1', 'H'], ['Player 2', 'T'], ['Player 1', 'T']]"
833,clean_up,Qwen3.6-35B-A3B-FP8-without-reasoning,0_easy_5obj_zh,instance_00003,Init States,"{'state_1': [{'id': 'W', 'coord': [2, 2]}, {'id': 'I', 'coord': [6, 4]}, {'id': 'T', 'coord': [1, 4]}, {'id': 'C', 'coord': [2, 3]}, {'id': 'H', 'coord': [1, 1]}], 'state_2': [{'id': 'W', 'coord': [1, 4]}, {'id': 'I', 'coord': [1, 7]}, {'id': 'T', 'coord': [4, 1]}, {'id': 'C', 'coord': [7, 7]}, {'id': 'H', 'coord': [1, 6]}]}"
834,clean_up,Qwen3.6-35B-A3B-FP8-without-reasoning,0_easy_5obj_zh,instance_00003,End States,"{'state_1': [{'id': 'W', 'coord': [2, 4]}, {'id': 'I', 'coord': [2, 7]}, {'id': 'T', 'coord': [4, 1]}, {'id': 'C', 'coord': [2, 3]}, {'id': 'H', 'coord': [2, 6]}], 'state_2': [{'id': 'W', 'coord': [2, 4]}, {'id': 'I', 'coord': [2, 7]}, {'id': 'T', 'coord': [6, 1]}, {'id': 'C', 'coord': [7, 7]}, {'id': 'H', 'coord': [2, 6]}]}"
835,clean_up,Qwen3.6-35B-A3B-FP8-without-reasoning,0_easy_5obj_zh,instance_00003,Shifts,3
836,clean_up,Qwen3.6-35B-A3B-FP8-without-reasoning,0_easy_5obj_zh,instance_00003,Max Shifts,8
837,clean_up,Qwen3.6-35B-A3B-FP8-without-reasoning,0_easy_5obj_zh,instance_00003,Min Shifts,4
838,clean_up,Qwen3.6-35B-A3B-FP8-without-reasoning,0_easy_5obj_zh,instance_00003,End Distance Sum,8.403124237432849
839,clean_up,Qwen3.6-35B-A3B-FP8-without-reasoning,0_easy_5obj_zh,instance_00003,Init Distance Sum,23.712784796897225
840,clean_up,Qwen3.6-35B-A3B-FP8-without-reasoning,0_easy_5obj_zh,instance_00003,Expected Distance Sum,20.95131203515696
841,clean_up,Qwen3.6-35B-A3B-FP8-without-reasoning,0_easy_5obj_zh,instance_00003,Penalties,11
842,clean_up,Qwen3.6-35B-A3B-FP8-without-reasoning,0_easy_5obj_zh,instance_00003,Max Penalties,12
843,clean_up,Qwen3.6-35B-A3B-FP8-without-reasoning,0_easy_5obj_zh,instance_00003,Rounds,20
844,clean_up,Qwen3.6-35B-A3B-FP8-without-reasoning,0_easy_5obj_zh,instance_00003,Max Rounds,20
845,clean_up,Qwen3.6-35B-A3B-FP8-without-reasoning,0_easy_5obj_zh,instance_00003,Object Count,5
846,clean_up,Qwen3.6-35B-A3B-FP8-without-reasoning,0_easy_5obj_zh,instance_00003,Valid Moves,11
847,clean_up,Qwen3.6-35B-A3B-FP8-without-reasoning,0_easy_5obj_zh,instance_00003,Invalid Moves,8
848,clean_up,Qwen3.6-35B-A3B-FP8-without-reasoning,0_easy_5obj_zh,instance_00003,Parse Errors,6
849,clean_up,Qwen3.6-35B-A3B-FP8-without-reasoning,0_easy_5obj_zh,instance_00003,Main Score,35.900489277727246
850,clean_up,Qwen3.6-35B-A3B-FP8-without-reasoning,0_easy_5obj_zh,instance_00004,Request Count,25
851,clean_up,Qwen3.6-35B-A3B-FP8-without-reasoning,0_easy_5obj_zh,instance_00004,Parsed Request Count,25
852,clean_up,Qwen3.6-35B-A3B-FP8-without-reasoning,0_easy_5obj_zh,instance_00004,Violated Request Count,0
853,clean_up,Qwen3.6-35B-A3B-FP8-without-reasoning,0_easy_5obj_zh,instance_00004,Request Success Ratio,1.0
854,clean_up,Qwen3.6-35B-A3B-FP8-without-reasoning,0_easy_5obj_zh,instance_00004,Aborted,0
855,clean_up,Qwen3.6-35B-A3B-FP8-without-reasoning,0_easy_5obj_zh,instance_00004,Lose,0
856,clean_up,Qwen3.6-35B-A3B-FP8-without-reasoning,0_easy_5obj_zh,instance_00004,Success,1
857,clean_up,Qwen3.6-35B-A3B-FP8-without-reasoning,0_easy_5obj_zh,instance_00004,Distance Score,0.6531769724749052
858,clean_up,Qwen3.6-35B-A3B-FP8-without-reasoning,0_easy_5obj_zh,instance_00004,Consistency Score,1.0
859,clean_up,Qwen3.6-35B-A3B-FP8-without-reasoning,0_easy_5obj_zh,instance_00004,Coverage Score,0.3333333333333333
860,clean_up,Qwen3.6-35B-A3B-FP8-without-reasoning,0_easy_5obj_zh,instance_00004,Penalty Score,0.9285714285714286
861,clean_up,Qwen3.6-35B-A3B-FP8-without-reasoning,0_easy_5obj_zh,instance_00004,Moves,"[['Player 1', 'W'], ['Player 2', 'W'], ['Player 2', 'I'], ['Player 2', 'C'], ['Player 2', 'H'], ['Player 2', 'T']]"
862,clean_up,Qwen3.6-35B-A3B-FP8-without-reasoning,0_easy_5obj_zh,instance_00004,Init States,"{'state_1': [{'id': 'W', 'coord': [4, 4]}, {'id': 'I', 'coord': [3, 2]}, {'id': 'T', 'coord': [7, 7]}, {'id': 'C', 'coord': [1, 3]}, {'id': 'H', 'coord': [1, 4]}], 'state_2': [{'id': 'W', 'coord': [1, 7]}, {'id': 'I', 'coord': [1, 3]}, {'id': 'T', 'coord': [5, 4]}, {'id': 'C', 'coord': [5, 3]}, {'id': 'H', 'coord': [6, 2]}]}"
863,clean_up,Qwen3.6-35B-A3B-FP8-without-reasoning,0_easy_5obj_zh,instance_00004,End States,"{'state_1': [{'id': 'W', 'coord': [1, 7]}, {'id': 'I', 'coord': [3, 2]}, {'id': 'T', 'coord': [7, 7]}, {'id': 'C', 'coord': [1, 3]}, {'id': 'H', 'coord': [1, 4]}], 'state_2': [{'id': 'W', 'coord': [1, 1]}, {'id': 'I', 'coord': [3, 3]}, {'id': 'T', 'coord': [7, 7]}, {'id': 'C', 'coord': [1, 3]}, {'id': 'H', 'coord': [1, 4]}]}"
864,clean_up,Qwen3.6-35B-A3B-FP8-without-reasoning,0_easy_5obj_zh,instance_00004,Shifts,4
865,clean_up,Qwen3.6-35B-A3B-FP8-without-reasoning,0_easy_5obj_zh,instance_00004,Max Shifts,8
866,clean_up,Qwen3.6-35B-A3B-FP8-without-reasoning,0_easy_5obj_zh,instance_00004,Min Shifts,4
867,clean_up,Qwen3.6-35B-A3B-FP8-without-reasoning,0_easy_5obj_zh,instance_00004,End Distance Sum,7.0
868,clean_up,Qwen3.6-35B-A3B-FP8-without-reasoning,0_easy_5obj_zh,instance_00004,Init Distance Sum,19.469424747217566
869,clean_up,Qwen3.6-35B-A3B-FP8-without-reasoning,0_easy_5obj_zh,instance_00004,Expected Distance Sum,20.95131203515696
870,clean_up,Qwen3.6-35B-A3B-FP8-without-reasoning,0_easy_5obj_zh,instance_00004,Penalties,3
871,clean_up,Qwen3.6-35B-A3B-FP8-without-reasoning,0_easy_5obj_zh,instance_00004,Max Penalties,12
872,clean_up,Qwen3.6-35B-A3B-FP8-without-reasoning,0_easy_5obj_zh,instance_00004,Rounds,11
873,clean_up,Qwen3.6-35B-A3B-FP8-without-reasoning,0_easy_5obj_zh,instance_00004,Max Rounds,20
874,clean_up,Qwen3.6-35B-A3B-FP8-without-reasoning,0_easy_5obj_zh,instance_00004,Object Count,5
875,clean_up,Qwen3.6-35B-A3B-FP8-without-reasoning,0_easy_5obj_zh,instance_00004,Valid Moves,6
876,clean_up,Qwen3.6-35B-A3B-FP8-without-reasoning,0_easy_5obj_zh,instance_00004,Invalid Moves,3
877,clean_up,Qwen3.6-35B-A3B-FP8-without-reasoning,0_easy_5obj_zh,instance_00004,Parse Errors,0
878,clean_up,Qwen3.6-35B-A3B-FP8-without-reasoning,0_easy_5obj_zh,instance_00004,Main Score,60.65214744409835
879,clean_up,Qwen3.6-35B-A3B-FP8-without-reasoning,0_easy_5obj_zh,instance_00001,Request Count,51
880,clean_up,Qwen3.6-35B-A3B-FP8-without-reasoning,0_easy_5obj_zh,instance_00001,Parsed Request Count,48
881,clean_up,Qwen3.6-35B-A3B-FP8-without-reasoning,0_easy_5obj_zh,instance_00001,Violated Request Count,3
882,clean_up,Qwen3.6-35B-A3B-FP8-without-reasoning,0_easy_5obj_zh,instance_00001,Request Success Ratio,0.9411764705882353
883,clean_up,Qwen3.6-35B-A3B-FP8-without-reasoning,0_easy_5obj_zh,instance_00001,Aborted,0
884,clean_up,Qwen3.6-35B-A3B-FP8-without-reasoning,0_easy_5obj_zh,instance_00001,Lose,0
885,clean_up,Qwen3.6-35B-A3B-FP8-without-reasoning,0_easy_5obj_zh,instance_00001,Success,1
886,clean_up,Qwen3.6-35B-A3B-FP8-without-reasoning,0_easy_5obj_zh,instance_00001,Distance Score,0.1516866925535268
887,clean_up,Qwen3.6-35B-A3B-FP8-without-reasoning,0_easy_5obj_zh,instance_00001,Coverage Score,0.1111111111111111
888,clean_up,Qwen3.6-35B-A3B-FP8-without-reasoning,0_easy_5obj_zh,instance_00001,Penalty Score,0.40909090909090917
889,clean_up,Qwen3.6-35B-A3B-FP8-without-reasoning,0_easy_5obj_zh,instance_00001,Moves,"[['Player 2', 'W'], ['Player 2', 'I'], ['Player 2', 'T']]"
890,clean_up,Qwen3.6-35B-A3B-FP8-without-reasoning,0_easy_5obj_zh,instance_00001,Init States,"{'state_1': [{'id': 'W', 'coord': [3, 2]}, {'id': 'I', 'coord': [3, 5]}, {'id': 'T', 'coord': [3, 7]}, {'id': 'C', 'coord': [2, 3]}, {'id': 'H', 'coord': [4, 2]}], 'state_2': [{'id': 'W', 'coord': [2, 3]}, {'id': 'I', 'coord': [5, 5]}, {'id': 'T', 'coord': [1, 5]}, {'id': 'C', 'coord': [3, 3]}, {'id': 'H', 'coord': [3, 2]}]}"
891,clean_up,Qwen3.6-35B-A3B-FP8-without-reasoning,0_easy_5obj_zh,instance_00001,End States,"{'state_1': [{'id': 'W', 'coord': [3, 2]}, {'id': 'I', 'coord': [3, 5]}, {'id': 'T', 'coord': [3, 7]}, {'id': 'C', 'coord': [2, 3]}, {'id': 'H', 'coord': [4, 2]}], 'state_2': [{'id': 'W', 'coord': [7, 4]}, {'id': 'I', 'coord': [7, 6]}, {'id': 'T', 'coord': [7, 7]}, {'id': 'C', 'coord': [3, 3]}, {'id': 'H', 'coord': [3, 2]}]}"
892,clean_up,Qwen3.6-35B-A3B-FP8-without-reasoning,0_easy_5obj_zh,instance_00001,Shifts,2
893,clean_up,Qwen3.6-35B-A3B-FP8-without-reasoning,0_easy_5obj_zh,instance_00001,Max Shifts,8
894,clean_up,Qwen3.6-35B-A3B-FP8-without-reasoning,0_easy_5obj_zh,instance_00001,Min Shifts,4
895,clean_up,Qwen3.6-35B-A3B-FP8-without-reasoning,0_easy_5obj_zh,instance_00001,End Distance Sum,14.595241580617241
896,clean_up,Qwen3.6-35B-A3B-FP8-without-reasoning,0_easy_5obj_zh,instance_00001,Init Distance Sum,8.242640687119286
897,clean_up,Qwen3.6-35B-A3B-FP8-without-reasoning,0_easy_5obj_zh,instance_00001,Expected Distance Sum,20.95131203515696
898,clean_up,Qwen3.6-35B-A3B-FP8-without-reasoning,0_easy_5obj_zh,instance_00001,Penalties,13
899,clean_up,Qwen3.6-35B-A3B-FP8-without-reasoning,0_easy_5obj_zh,instance_00001,Max Penalties,12
900,clean_up,Qwen3.6-35B-A3B-FP8-without-reasoning,0_easy_5obj_zh,instance_00001,Rounds,19
901,clean_up,Qwen3.6-35B-A3B-FP8-without-reasoning,0_easy_5obj_zh,instance_00001,Max Rounds,20
902,clean_up,Qwen3.6-35B-A3B-FP8-without-reasoning,0_easy_5obj_zh,instance_00001,Object Count,5
903,clean_up,Qwen3.6-35B-A3B-FP8-without-reasoning,0_easy_5obj_zh,instance_00001,Valid Moves,3
904,clean_up,Qwen3.6-35B-A3B-FP8-without-reasoning,0_easy_5obj_zh,instance_00001,Invalid Moves,10
905,clean_up,Qwen3.6-35B-A3B-FP8-without-reasoning,0_easy_5obj_zh,instance_00001,Parse Errors,6
906,clean_up,Qwen3.6-35B-A3B-FP8-without-reasoning,0_easy_5obj_zh,instance_00001,Main Score,6.205364695371552
907,clean_up,Qwen3.6-35B-A3B-FP8-without-reasoning,0_easy_5obj_zh,instance_00000,Request Count,29
908,clean_up,Qwen3.6-35B-A3B-FP8-without-reasoning,0_easy_5obj_zh,instance_00000,Parsed Request Count,22
909,clean_up,Qwen3.6-35B-A3B-FP8-without-reasoning,0_easy_5obj_zh,instance_00000,Violated Request Count,7
910,clean_up,Qwen3.6-35B-A3B-FP8-without-reasoning,0_easy_5obj_zh,instance_00000,Request Success Ratio,0.7586206896551724
911,clean_up,Qwen3.6-35B-A3B-FP8-without-reasoning,0_easy_5obj_zh,instance_00000,Aborted,0
912,clean_up,Qwen3.6-35B-A3B-FP8-without-reasoning,0_easy_5obj_zh,instance_00000,Lose,0
913,clean_up,Qwen3.6-35B-A3B-FP8-without-reasoning,0_easy_5obj_zh,instance_00000,Success,1
914,clean_up,Qwen3.6-35B-A3B-FP8-without-reasoning,0_easy_5obj_zh,instance_00000,Distance Score,0.38758376478789786
915,clean_up,Qwen3.6-35B-A3B-FP8-without-reasoning,0_easy_5obj_zh,instance_00000,Coverage Score,0.3333333333333333
916,clean_up,Qwen3.6-35B-A3B-FP8-without-reasoning,0_easy_5obj_zh,instance_00000,Penalty Score,0.5
917,clean_up,Qwen3.6-35B-A3B-FP8-without-reasoning,0_easy_5obj_zh,instance_00000,Moves,"[['Player 2', 'W'], ['Player 1', 'W'], ['Player 1', 'I'], ['Player 2', 'I'], ['Player 1', 'T']]"
918,clean_up,Qwen3.6-35B-A3B-FP8-without-reasoning,0_easy_5obj_zh,instance_00000,Init States,"{'state_1': [{'id': 'W', 'coord': [2, 7]}, {'id': 'I', 'coord': [6, 5]}, {'id': 'T', 'coord': [5, 7]}, {'id': 'C', 'coord': [1, 6]}, {'id': 'H', 'coord': [6, 4]}], 'state_2': [{'id': 'W', 'coord': [5, 7]}, {'id': 'I', 'coord': [4, 6]}, {'id': 'T', 'coord': [7, 4]}, {'id': 'C', 'coord': [7, 3]}, {'id': 'H', 'coord': [7, 1]}]}"
919,clean_up,Qwen3.6-35B-A3B-FP8-without-reasoning,0_easy_5obj_zh,instance_00000,End States,"{'state_1': [{'id': 'W', 'coord': [6, 7]}, {'id': 'I', 'coord': [4, 5]}, {'id': 'T', 'coord': [5, 5]}, {'id': 'C', 'coord': [1, 6]}, {'id': 'H', 'coord': [6, 4]}], 'state_2': [{'id': 'W', 'coord': [6, 7]}, {'id': 'I', 'coord': [4, 5]}, {'id': 'T', 'coord': [7, 4]}, {'id': 'C', 'coord': [7, 3]}, {'id': 'H', 'coord': [7, 1]}]}"
920,clean_up,Qwen3.6-35B-A3B-FP8-without-reasoning,0_easy_5obj_zh,instance_00000,Shifts,2
921,clean_up,Qwen3.6-35B-A3B-FP8-without-reasoning,0_easy_5obj_zh,instance_00000,Max Shifts,8
922,clean_up,Qwen3.6-35B-A3B-FP8-without-reasoning,0_easy_5obj_zh,instance_00000,Min Shifts,4
923,clean_up,Qwen3.6-35B-A3B-FP8-without-reasoning,0_easy_5obj_zh,instance_00000,End Distance Sum,12.10654957016754
924,clean_up,Qwen3.6-35B-A3B-FP8-without-reasoning,0_easy_5obj_zh,instance_00000,Init Distance Sum,18.71210084563153
925,clean_up,Qwen3.6-35B-A3B-FP8-without-reasoning,0_easy_5obj_zh,instance_00000,Expected Distance Sum,20.95131203515696
926,clean_up,Qwen3.6-35B-A3B-FP8-without-reasoning,0_easy_5obj_zh,instance_00000,Penalties,12
927,clean_up,Qwen3.6-35B-A3B-FP8-without-reasoning,0_easy_5obj_zh,instance_00000,Max Penalties,12
928,clean_up,Qwen3.6-35B-A3B-FP8-without-reasoning,0_easy_5obj_zh,instance_00000,Rounds,8
929,clean_up,Qwen3.6-35B-A3B-FP8-without-reasoning,0_easy_5obj_zh,instance_00000,Max Rounds,20
930,clean_up,Qwen3.6-35B-A3B-FP8-without-reasoning,0_easy_5obj_zh,instance_00000,Object Count,5
931,clean_up,Qwen3.6-35B-A3B-FP8-without-reasoning,0_easy_5obj_zh,instance_00000,Valid Moves,5
932,clean_up,Qwen3.6-35B-A3B-FP8-without-reasoning,0_easy_5obj_zh,instance_00000,Invalid Moves,5
933,clean_up,Qwen3.6-35B-A3B-FP8-without-reasoning,0_easy_5obj_zh,instance_00000,Parse Errors,14
934,clean_up,Qwen3.6-35B-A3B-FP8-without-reasoning,0_easy_5obj_zh,instance_00000,Main Score,19.379188239394892
935,clean_up,Qwen3.6-35B-A3B-FP8-without-reasoning,0_easy_7obj_zh,instance_00002,Request Count,48
936,clean_up,Qwen3.6-35B-A3B-FP8-without-reasoning,0_easy_7obj_zh,instance_00002,Parsed Request Count,36
937,clean_up,Qwen3.6-35B-A3B-FP8-without-reasoning,0_easy_7obj_zh,instance_00002,Violated Request Count,12
938,clean_up,Qwen3.6-35B-A3B-FP8-without-reasoning,0_easy_7obj_zh,instance_00002,Request Success Ratio,0.75
939,clean_up,Qwen3.6-35B-A3B-FP8-without-reasoning,0_easy_7obj_zh,instance_00002,Aborted,0
940,clean_up,Qwen3.6-35B-A3B-FP8-without-reasoning,0_easy_7obj_zh,instance_00002,Lose,0
941,clean_up,Qwen3.6-35B-A3B-FP8-without-reasoning,0_easy_7obj_zh,instance_00002,Success,1
942,clean_up,Qwen3.6-35B-A3B-FP8-without-reasoning,0_easy_7obj_zh,instance_00002,Distance Score,0.45027772309986036
943,clean_up,Qwen3.6-35B-A3B-FP8-without-reasoning,0_easy_7obj_zh,instance_00002,Coverage Score,0.140625
944,clean_up,Qwen3.6-35B-A3B-FP8-without-reasoning,0_easy_7obj_zh,instance_00002,Penalty Score,0.5588235294117647
945,clean_up,Qwen3.6-35B-A3B-FP8-without-reasoning,0_easy_7obj_zh,instance_00002,Moves,"[['Player 1', 'A'], ['Player 2', 'O'], ['Player 1', 'S'], ['Player 2', 'D']]"
946,clean_up,Qwen3.6-35B-A3B-FP8-without-reasoning,0_easy_7obj_zh,instance_00002,Init States,"{'state_1': [{'id': 'P', 'coord': [2, 5]}, {'id': 'O', 'coord': [4, 4]}, {'id': 'T', 'coord': [2, 1]}, {'id': 'S', 'coord': [2, 6]}, {'id': 'D', 'coord': [7, 2]}, {'id': 'A', 'coord': [1, 2]}, {'id': 'M', 'coord': [4, 6]}], 'state_2': [{'id': 'P', 'coord': [3, 1]}, {'id': 'O', 'coord': [7, 1]}, {'id': 'T', 'coord': [7, 6]}, {'id': 'S', 'coord': [1, 2]}, {'id': 'D', 'coord': [5, 3]}, {'id': 'A', 'coord': [5, 1]}, {'id': 'M', 'coord': [5, 2]}]}"
947,clean_up,Qwen3.6-35B-A3B-FP8-without-reasoning,0_easy_7obj_zh,instance_00002,End States,"{'state_1': [{'id': 'P', 'coord': [2, 5]}, {'id': 'O', 'coord': [4, 4]}, {'id': 'T', 'coord': [2, 1]}, {'id': 'S', 'coord': [1, 2]}, {'id': 'D', 'coord': [7, 2]}, {'id': 'A', 'coord': [6, 1]}, {'id': 'M', 'coord': [4, 6]}], 'state_2': [{'id': 'P', 'coord': [3, 1]}, {'id': 'O', 'coord': [4, 4]}, {'id': 'T', 'coord': [7, 6]}, {'id': 'S', 'coord': [1, 2]}, {'id': 'D', 'coord': [7, 2]}, {'id': 'A', 'coord': [5, 1]}, {'id': 'M', 'coord': [5, 2]}]}"
948,clean_up,Qwen3.6-35B-A3B-FP8-without-reasoning,0_easy_7obj_zh,instance_00002,Shifts,3
949,clean_up,Qwen3.6-35B-A3B-FP8-without-reasoning,0_easy_7obj_zh,instance_00002,Max Shifts,12
950,clean_up,Qwen3.6-35B-A3B-FP8-without-reasoning,0_easy_7obj_zh,instance_00002,Min Shifts,6
951,clean_up,Qwen3.6-35B-A3B-FP8-without-reasoning,0_easy_7obj_zh,instance_00002,End Distance Sum,16.3172790631008
952,clean_up,Qwen3.6-35B-A3B-FP8-without-reasoning,0_easy_7obj_zh,instance_00002,Init Distance Sum,30.042198978955195
953,clean_up,Qwen3.6-35B-A3B-FP8-without-reasoning,0_easy_7obj_zh,instance_00002,Expected Distance Sum,29.331836849219748
954,clean_up,Qwen3.6-35B-A3B-FP8-without-reasoning,0_easy_7obj_zh,instance_00002,Penalties,15
955,clean_up,Qwen3.6-35B-A3B-FP8-without-reasoning,0_easy_7obj_zh,instance_00002,Max Penalties,16
956,clean_up,Qwen3.6-35B-A3B-FP8-without-reasoning,0_easy_7obj_zh,instance_00002,Rounds,16
957,clean_up,Qwen3.6-35B-A3B-FP8-without-reasoning,0_easy_7obj_zh,instance_00002,Max Rounds,28
958,clean_up,Qwen3.6-35B-A3B-FP8-without-reasoning,0_easy_7obj_zh,instance_00002,Object Count,7
959,clean_up,Qwen3.6-35B-A3B-FP8-without-reasoning,0_easy_7obj_zh,instance_00002,Valid Moves,4
960,clean_up,Qwen3.6-35B-A3B-FP8-without-reasoning,0_easy_7obj_zh,instance_00002,Invalid Moves,3
961,clean_up,Qwen3.6-35B-A3B-FP8-without-reasoning,0_easy_7obj_zh,instance_00002,Parse Errors,24
962,clean_up,Qwen3.6-35B-A3B-FP8-without-reasoning,0_easy_7obj_zh,instance_00002,Main Score,25.162578643815724
963,clean_up,Qwen3.6-35B-A3B-FP8-without-reasoning,0_easy_7obj_zh,instance_00003,Request Count,69
964,clean_up,Qwen3.6-35B-A3B-FP8-without-reasoning,0_easy_7obj_zh,instance_00003,Parsed Request Count,66
965,clean_up,Qwen3.6-35B-A3B-FP8-without-reasoning,0_easy_7obj_zh,instance_00003,Violated Request Count,3
966,clean_up,Qwen3.6-35B-A3B-FP8-without-reasoning,0_easy_7obj_zh,instance_00003,Request Success Ratio,0.9565217391304348
967,clean_up,Qwen3.6-35B-A3B-FP8-without-reasoning,0_easy_7obj_zh,instance_00003,Aborted,0
968,clean_up,Qwen3.6-35B-A3B-FP8-without-reasoning,0_easy_7obj_zh,instance_00003,Lose,0
969,clean_up,Qwen3.6-35B-A3B-FP8-without-reasoning,0_easy_7obj_zh,instance_00003,Success,1
970,clean_up,Qwen3.6-35B-A3B-FP8-without-reasoning,0_easy_7obj_zh,instance_00003,Distance Score,0.5504538167934048
971,clean_up,Qwen3.6-35B-A3B-FP8-without-reasoning,0_easy_7obj_zh,instance_00003,Consistency Score,1.0
972,clean_up,Qwen3.6-35B-A3B-FP8-without-reasoning,0_easy_7obj_zh,instance_00003,Coverage Score,0.3125
973,clean_up,Qwen3.6-35B-A3B-FP8-without-reasoning,0_easy_7obj_zh,instance_00003,Penalty Score,0.5
974,clean_up,Qwen3.6-35B-A3B-FP8-without-reasoning,0_easy_7obj_zh,instance_00003,Moves,"[['Player 2', 'P'], ['Player 2', 'P'], ['Player 1', 'D'], ['Player 1', 'P'], ['Player 1', 'D'], ['Player 1', 'A'], ['Player 2', 'O'], ['Player 1', 'O'], ['Player 2', 'T']]"
975,clean_up,Qwen3.6-35B-A3B-FP8-without-reasoning,0_easy_7obj_zh,instance_00003,Init States,"{'state_1': [{'id': 'P', 'coord': [3, 1]}, {'id': 'O', 'coord': [7, 5]}, {'id': 'T', 'coord': [1, 1]}, {'id': 'S', 'coord': [2, 7]}, {'id': 'D', 'coord': [4, 1]}, {'id': 'A', 'coord': [1, 2]}, {'id': 'M', 'coord': [4, 2]}], 'state_2': [{'id': 'P', 'coord': [4, 1]}, {'id': 'O', 'coord': [7, 7]}, {'id': 'T', 'coord': [3, 4]}, {'id': 'S', 'coord': [6, 7]}, {'id': 'D', 'coord': [1, 1]}, {'id': 'A', 'coord': [1, 6]}, {'id': 'M', 'coord': [6, 4]}]}"
976,clean_up,Qwen3.6-35B-A3B-FP8-without-reasoning,0_easy_7obj_zh,instance_00003,End States,"{'state_1': [{'id': 'P', 'coord': [4, 1]}, {'id': 'O', 'coord': [2, 2]}, {'id': 'T', 'coord': [1, 1]}, {'id': 'S', 'coord': [2, 7]}, {'id': 'D', 'coord': [3, 1]}, {'id': 'A', 'coord': [1, 6]}, {'id': 'M', 'coord': [4, 2]}], 'state_2': [{'id': 'P', 'coord': [4, 1]}, {'id': 'O', 'coord': [2, 2]}, {'id': 'T', 'coord': [3, 1]}, {'id': 'S', 'coord': [6, 7]}, {'id': 'D', 'coord': [1, 1]}, {'id': 'A', 'coord': [1, 6]}, {'id': 'M', 'coord': [6, 4]}]}"
977,clean_up,Qwen3.6-35B-A3B-FP8-without-reasoning,0_easy_7obj_zh,instance_00003,Shifts,6
978,clean_up,Qwen3.6-35B-A3B-FP8-without-reasoning,0_easy_7obj_zh,instance_00003,Max Shifts,12
979,clean_up,Qwen3.6-35B-A3B-FP8-without-reasoning,0_easy_7obj_zh,instance_00003,Min Shifts,6
980,clean_up,Qwen3.6-35B-A3B-FP8-without-reasoning,0_easy_7obj_zh,instance_00003,End Distance Sum,10.82842712474619
981,clean_up,Qwen3.6-35B-A3B-FP8-without-reasoning,0_easy_7obj_zh,instance_00003,Init Distance Sum,20.43397840021018
982,clean_up,Qwen3.6-35B-A3B-FP8-without-reasoning,0_easy_7obj_zh,instance_00003,Expected Distance Sum,29.331836849219748
983,clean_up,Qwen3.6-35B-A3B-FP8-without-reasoning,0_easy_7obj_zh,instance_00003,Penalties,16
984,clean_up,Qwen3.6-35B-A3B-FP8-without-reasoning,0_easy_7obj_zh,instance_00003,Max Penalties,16
985,clean_up,Qwen3.6-35B-A3B-FP8-without-reasoning,0_easy_7obj_zh,instance_00003,Rounds,26
986,clean_up,Qwen3.6-35B-A3B-FP8-without-reasoning,0_easy_7obj_zh,instance_00003,Max Rounds,28
987,clean_up,Qwen3.6-35B-A3B-FP8-without-reasoning,0_easy_7obj_zh,instance_00003,Object Count,7
988,clean_up,Qwen3.6-35B-A3B-FP8-without-reasoning,0_easy_7obj_zh,instance_00003,Valid Moves,9
989,clean_up,Qwen3.6-35B-A3B-FP8-without-reasoning,0_easy_7obj_zh,instance_00003,Invalid Moves,13
990,clean_up,Qwen3.6-35B-A3B-FP8-without-reasoning,0_easy_7obj_zh,instance_00003,Parse Errors,6
991,clean_up,Qwen3.6-35B-A3B-FP8-without-reasoning,0_easy_7obj_zh,instance_00003,Main Score,27.52269083967024
992,clean_up,Qwen3.6-35B-A3B-FP8-without-reasoning,0_easy_7obj_zh,instance_00004,Request Count,40
993,clean_up,Qwen3.6-35B-A3B-FP8-without-reasoning,0_easy_7obj_zh,instance_00004,Parsed Request Count,33
994,clean_up,Qwen3.6-35B-A3B-FP8-without-reasoning,0_easy_7obj_zh,instance_00004,Violated Request Count,7
995,clean_up,Qwen3.6-35B-A3B-FP8-without-reasoning,0_easy_7obj_zh,instance_00004,Request Success Ratio,0.825
996,clean_up,Qwen3.6-35B-A3B-FP8-without-reasoning,0_easy_7obj_zh,instance_00004,Aborted,0
997,clean_up,Qwen3.6-35B-A3B-FP8-without-reasoning,0_easy_7obj_zh,instance_00004,Lose,0
998,clean_up,Qwen3.6-35B-A3B-FP8-without-reasoning,0_easy_7obj_zh,instance_00004,Success,1
999,clean_up,Qwen3.6-35B-A3B-FP8-without-reasoning,0_easy_7obj_zh,instance_00004,Distance Score,0.8975712417852686
1000,clean_up,Qwen3.6-35B-A3B-FP8-without-reasoning,0_easy_7obj_zh,instance_00004,Coverage Score,0.109375
1001,clean_up,Qwen3.6-35B-A3B-FP8-without-reasoning,0_easy_7obj_zh,instance_00004,Penalty Score,0.8333333333333334
1002,clean_up,Qwen3.6-35B-A3B-FP8-without-reasoning,0_easy_7obj_zh,instance_00004,Moves,"[['Player 2', 'A'], ['Player 2', 'S'], ['Player 2', 'O'], ['Player 2', 'M'], ['Player 2', 'T'], ['Player 2', 'P']]"
1003,clean_up,Qwen3.6-35B-A3B-FP8-without-reasoning,0_easy_7obj_zh,instance_00004,Init States,"{'state_1': [{'id': 'P', 'coord': [4, 7]}, {'id': 'O', 'coord': [6, 1]}, {'id': 'T', 'coord': [7, 4]}, {'id': 'S', 'coord': [3, 1]}, {'id': 'D', 'coord': [5, 2]}, {'id': 'A', 'coord': [1, 2]}, {'id': 'M', 'coord': [7, 3]}], 'state_2': [{'id': 'P', 'coord': [7, 1]}, {'id': 'O', 'coord': [7, 5]}, {'id': 'T', 'coord': [5, 2]}, {'id': 'S', 'coord': [4, 6]}, {'id': 'D', 'coord': [4, 2]}, {'id': 'A', 'coord': [4, 1]}, {'id': 'M', 'coord': [1, 1]}]}"
1004,clean_up,Qwen3.6-35B-A3B-FP8-without-reasoning,0_easy_7obj_zh,instance_00004,End States,"{'state_1': [{'id': 'P', 'coord': [4, 7]}, {'id': 'O', 'coord': [6, 1]}, {'id': 'T', 'coord': [7, 4]}, {'id': 'S', 'coord': [3, 1]}, {'id': 'D', 'coord': [5, 2]}, {'id': 'A', 'coord': [1, 2]}, {'id': 'M', 'coord': [7, 3]}], 'state_2': [{'id': 'P', 'coord': [3, 7]}, {'id': 'O', 'coord': [6, 1]}, {'id': 'T', 'coord': [7, 4]}, {'id': 'S', 'coord': [4, 1]}, {'id': 'D', 'coord': [4, 2]}, {'id': 'A', 'coord': [1, 2]}, {'id': 'M', 'coord': [7, 3]}]}"
1005,clean_up,Qwen3.6-35B-A3B-FP8-without-reasoning,0_easy_7obj_zh,instance_00004,Shifts,5
1006,clean_up,Qwen3.6-35B-A3B-FP8-without-reasoning,0_easy_7obj_zh,instance_00004,Max Shifts,12
1007,clean_up,Qwen3.6-35B-A3B-FP8-without-reasoning,0_easy_7obj_zh,instance_00004,Min Shifts,6
1008,clean_up,Qwen3.6-35B-A3B-FP8-without-reasoning,0_easy_7obj_zh,instance_00004,End Distance Sum,3.0
1009,clean_up,Qwen3.6-35B-A3B-FP8-without-reasoning,0_easy_7obj_zh,instance_00004,Init Distance Sum,29.245589176961143
1010,clean_up,Qwen3.6-35B-A3B-FP8-without-reasoning,0_easy_7obj_zh,instance_00004,Expected Distance Sum,29.331836849219748
1011,clean_up,Qwen3.6-35B-A3B-FP8-without-reasoning,0_easy_7obj_zh,instance_00004,Penalties,8
1012,clean_up,Qwen3.6-35B-A3B-FP8-without-reasoning,0_easy_7obj_zh,instance_00004,Max Penalties,16
1013,clean_up,Qwen3.6-35B-A3B-FP8-without-reasoning,0_easy_7obj_zh,instance_00004,Rounds,16
1014,clean_up,Qwen3.6-35B-A3B-FP8-without-reasoning,0_easy_7obj_zh,instance_00004,Max Rounds,28
1015,clean_up,Qwen3.6-35B-A3B-FP8-without-reasoning,0_easy_7obj_zh,instance_00004,Object Count,7
1016,clean_up,Qwen3.6-35B-A3B-FP8-without-reasoning,0_easy_7obj_zh,instance_00004,Valid Moves,6
1017,clean_up,Qwen3.6-35B-A3B-FP8-without-reasoning,0_easy_7obj_zh,instance_00004,Invalid Moves,1
1018,clean_up,Qwen3.6-35B-A3B-FP8-without-reasoning,0_easy_7obj_zh,instance_00004,Parse Errors,14
1019,clean_up,Qwen3.6-35B-A3B-FP8-without-reasoning,0_easy_7obj_zh,instance_00004,Main Score,74.79760348210573
1020,clean_up,Qwen3.6-35B-A3B-FP8-without-reasoning,0_easy_7obj_zh,instance_00001,Request Count,51
1021,clean_up,Qwen3.6-35B-A3B-FP8-without-reasoning,0_easy_7obj_zh,instance_00001,Parsed Request Count,46
1022,clean_up,Qwen3.6-35B-A3B-FP8-without-reasoning,0_easy_7obj_zh,instance_00001,Violated Request Count,5
1023,clean_up,Qwen3.6-35B-A3B-FP8-without-reasoning,0_easy_7obj_zh,instance_00001,Request Success Ratio,0.9019607843137255
1024,clean_up,Qwen3.6-35B-A3B-FP8-without-reasoning,0_easy_7obj_zh,instance_00001,Aborted,0
1025,clean_up,Qwen3.6-35B-A3B-FP8-without-reasoning,0_easy_7obj_zh,instance_00001,Lose,0
1026,clean_up,Qwen3.6-35B-A3B-FP8-without-reasoning,0_easy_7obj_zh,instance_00001,Success,1
1027,clean_up,Qwen3.6-35B-A3B-FP8-without-reasoning,0_easy_7obj_zh,instance_00001,Distance Score,1.0
1028,clean_up,Qwen3.6-35B-A3B-FP8-without-reasoning,0_easy_7obj_zh,instance_00001,Consistency Score,1.0
1029,clean_up,Qwen3.6-35B-A3B-FP8-without-reasoning,0_easy_7obj_zh,instance_00001,Coverage Score,0.875
1030,clean_up,Qwen3.6-35B-A3B-FP8-without-reasoning,0_easy_7obj_zh,instance_00001,Penalty Score,0.7380952380952381
1031,clean_up,Qwen3.6-35B-A3B-FP8-without-reasoning,0_easy_7obj_zh,instance_00001,Moves,"[['Player 1', 'S'], ['Player 2', 'S'], ['Player 1', 'T'], ['Player 2', 'T'], ['Player 1', 'O'], ['Player 2', 'O'], ['Player 1', 'M'], ['Player 2', 'M'], ['Player 1', 'A'], ['Player 1', 'D'], ['Player 2', 'D'], ['Player 1', 'P'], ['Player 2', 'P']]"
1032,clean_up,Qwen3.6-35B-A3B-FP8-without-reasoning,0_easy_7obj_zh,instance_00001,Init States,"{'state_1': [{'id': 'P', 'coord': [1, 2]}, {'id': 'O', 'coord': [1, 5]}, {'id': 'T', 'coord': [6, 1]}, {'id': 'S', 'coord': [7, 4]}, {'id': 'D', 'coord': [4, 3]}, {'id': 'A', 'coord': [3, 3]}, {'id': 'M', 'coord': [2, 7]}], 'state_2': [{'id': 'P', 'coord': [5, 7]}, {'id': 'O', 'coord': [5, 2]}, {'id': 'T', 'coord': [3, 7]}, {'id': 'S', 'coord': [6, 1]}, {'id': 'D', 'coord': [1, 7]}, {'id': 'A', 'coord': [3, 4]}, {'id': 'M', 'coord': [4, 3]}]}"
1033,clean_up,Qwen3.6-35B-A3B-FP8-without-reasoning,0_easy_7obj_zh,instance_00001,End States,"{'state_1': [{'id': 'P', 'coord': [1, 1]}, {'id': 'O', 'coord': [5, 5]}, {'id': 'T', 'coord': [6, 7]}, {'id': 'S', 'coord': [2, 1]}, {'id': 'D', 'coord': [5, 3]}, {'id': 'A', 'coord': [3, 4]}, {'id': 'M', 'coord': [2, 3]}], 'state_2': [{'id': 'P', 'coord': [1, 1]}, {'id': 'O', 'coord': [5, 5]}, {'id': 'T', 'coord': [6, 7]}, {'id': 'S', 'coord': [2, 1]}, {'id': 'D', 'coord': [5, 3]}, {'id': 'A', 'coord': [3, 4]}, {'id': 'M', 'coord': [2, 3]}]}"
1034,clean_up,Qwen3.6-35B-A3B-FP8-without-reasoning,0_easy_7obj_zh,instance_00001,Shifts,6
1035,clean_up,Qwen3.6-35B-A3B-FP8-without-reasoning,0_easy_7obj_zh,instance_00001,Max Shifts,12
1036,clean_up,Qwen3.6-35B-A3B-FP8-without-reasoning,0_easy_7obj_zh,instance_00001,Min Shifts,6
1037,clean_up,Qwen3.6-35B-A3B-FP8-without-reasoning,0_easy_7obj_zh,instance_00001,End Distance Sum,0.0
1038,clean_up,Qwen3.6-35B-A3B-FP8-without-reasoning,0_easy_7obj_zh,instance_00001,Init Distance Sum,31.745741785100176
1039,clean_up,Qwen3.6-35B-A3B-FP8-without-reasoning,0_easy_7obj_zh,instance_00001,Expected Distance Sum,29.331836849219748
1040,clean_up,Qwen3.6-35B-A3B-FP8-without-reasoning,0_easy_7obj_zh,instance_00001,Penalties,11
1041,clean_up,Qwen3.6-35B-A3B-FP8-without-reasoning,0_easy_7obj_zh,instance_00001,Max Penalties,16
1042,clean_up,Qwen3.6-35B-A3B-FP8-without-reasoning,0_easy_7obj_zh,instance_00001,Rounds,20
1043,clean_up,Qwen3.6-35B-A3B-FP8-without-reasoning,0_easy_7obj_zh,instance_00001,Max Rounds,28
1044,clean_up,Qwen3.6-35B-A3B-FP8-without-reasoning,0_easy_7obj_zh,instance_00001,Object Count,7
1045,clean_up,Qwen3.6-35B-A3B-FP8-without-reasoning,0_easy_7obj_zh,instance_00001,Valid Moves,13
1046,clean_up,Qwen3.6-35B-A3B-FP8-without-reasoning,0_easy_7obj_zh,instance_00001,Invalid Moves,6
1047,clean_up,Qwen3.6-35B-A3B-FP8-without-reasoning,0_easy_7obj_zh,instance_00001,Parse Errors,10
1048,clean_up,Qwen3.6-35B-A3B-FP8-without-reasoning,0_easy_7obj_zh,instance_00001,Main Score,73.80952380952381
1049,clean_up,Qwen3.6-35B-A3B-FP8-without-reasoning,0_easy_7obj_zh,instance_00000,Request Count,50
1050,clean_up,Qwen3.6-35B-A3B-FP8-without-reasoning,0_easy_7obj_zh,instance_00000,Parsed Request Count,50
1051,clean_up,Qwen3.6-35B-A3B-FP8-without-reasoning,0_easy_7obj_zh,instance_00000,Violated Request Count,0
1052,clean_up,Qwen3.6-35B-A3B-FP8-without-reasoning,0_easy_7obj_zh,instance_00000,Request Success Ratio,1.0
1053,clean_up,Qwen3.6-35B-A3B-FP8-without-reasoning,0_easy_7obj_zh,instance_00000,Aborted,0
1054,clean_up,Qwen3.6-35B-A3B-FP8-without-reasoning,0_easy_7obj_zh,instance_00000,Lose,0
1055,clean_up,Qwen3.6-35B-A3B-FP8-without-reasoning,0_easy_7obj_zh,instance_00000,Success,1
1056,clean_up,Qwen3.6-35B-A3B-FP8-without-reasoning,0_easy_7obj_zh,instance_00000,Distance Score,0.6816643662903764
1057,clean_up,Qwen3.6-35B-A3B-FP8-without-reasoning,0_easy_7obj_zh,instance_00000,Consistency Score,0.8571428571428572
1058,clean_up,Qwen3.6-35B-A3B-FP8-without-reasoning,0_easy_7obj_zh,instance_00000,Coverage Score,1.0
1059,clean_up,Qwen3.6-35B-A3B-FP8-without-reasoning,0_easy_7obj_zh,instance_00000,Penalty Score,0.5
1060,clean_up,Qwen3.6-35B-A3B-FP8-without-reasoning,0_easy_7obj_zh,instance_00000,Moves,"[['Player 1', 'P'], ['Player 2', 'P'], ['Player 1', 'O'], ['Player 2', 'O'], ['Player 1', 'T'], ['Player 2', 'T'], ['Player 1', 'D'], ['Player 2', 'D'], ['Player 1', 'S'], ['Player 2', 'S'], ['Player 1', 'A'], ['Player 2', 'A'], ['Player 1', 'M'], ['Player 2', 'M'], ['Player 2', 'S']]"
1061,clean_up,Qwen3.6-35B-A3B-FP8-without-reasoning,0_easy_7obj_zh,instance_00000,Init States,"{'state_1': [{'id': 'P', 'coord': [4, 5]}, {'id': 'O', 'coord': [7, 4]}, {'id': 'T', 'coord': [5, 1]}, {'id': 'S', 'coord': [1, 7]}, {'id': 'D', 'coord': [4, 1]}, {'id': 'A', 'coord': [7, 7]}, {'id': 'M', 'coord': [1, 5]}], 'state_2': [{'id': 'P', 'coord': [2, 6]}, {'id': 'O', 'coord': [3, 7]}, {'id': 'T', 'coord': [4, 1]}, {'id': 'S', 'coord': [7, 4]}, {'id': 'D', 'coord': [5, 7]}, {'id': 'A', 'coord': [1, 3]}, {'id': 'M', 'coord': [3, 3]}]}"
1062,clean_up,Qwen3.6-35B-A3B-FP8-without-reasoning,0_easy_7obj_zh,instance_00000,End States,"{'state_1': [{'id': 'P', 'coord': [2, 6]}, {'id': 'O', 'coord': [3, 7]}, {'id': 'T', 'coord': [3, 1]}, {'id': 'S', 'coord': [6, 4]}, {'id': 'D', 'coord': [5, 7]}, {'id': 'A', 'coord': [1, 3]}, {'id': 'M', 'coord': [1, 1]}], 'state_2': [{'id': 'P', 'coord': [2, 5]}, {'id': 'O', 'coord': [3, 6]}, {'id': 'T', 'coord': [3, 1]}, {'id': 'S', 'coord': [6, 5]}, {'id': 'D', 'coord': [5, 6]}, {'id': 'A', 'coord': [1, 1]}, {'id': 'M', 'coord': [4, 3]}]}"
1063,clean_up,Qwen3.6-35B-A3B-FP8-without-reasoning,0_easy_7obj_zh,instance_00000,Shifts,7
1064,clean_up,Qwen3.6-35B-A3B-FP8-without-reasoning,0_easy_7obj_zh,instance_00000,Max Shifts,12
1065,clean_up,Qwen3.6-35B-A3B-FP8-without-reasoning,0_easy_7obj_zh,instance_00000,Min Shifts,6
1066,clean_up,Qwen3.6-35B-A3B-FP8-without-reasoning,0_easy_7obj_zh,instance_00000,End Distance Sum,9.60555127546399
1067,clean_up,Qwen3.6-35B-A3B-FP8-without-reasoning,0_easy_7obj_zh,instance_00000,Init Distance Sum,31.06656411597155
1068,clean_up,Qwen3.6-35B-A3B-FP8-without-reasoning,0_easy_7obj_zh,instance_00000,Expected Distance Sum,29.331836849219748
1069,clean_up,Qwen3.6-35B-A3B-FP8-without-reasoning,0_easy_7obj_zh,instance_00000,Penalties,16
1070,clean_up,Qwen3.6-35B-A3B-FP8-without-reasoning,0_easy_7obj_zh,instance_00000,Max Penalties,16
1071,clean_up,Qwen3.6-35B-A3B-FP8-without-reasoning,0_easy_7obj_zh,instance_00000,Rounds,17
1072,clean_up,Qwen3.6-35B-A3B-FP8-without-reasoning,0_easy_7obj_zh,instance_00000,Max Rounds,28
1073,clean_up,Qwen3.6-35B-A3B-FP8-without-reasoning,0_easy_7obj_zh,instance_00000,Object Count,7
1074,clean_up,Qwen3.6-35B-A3B-FP8-without-reasoning,0_easy_7obj_zh,instance_00000,Valid Moves,15
1075,clean_up,Qwen3.6-35B-A3B-FP8-without-reasoning,0_easy_7obj_zh,instance_00000,Invalid Moves,16
1076,clean_up,Qwen3.6-35B-A3B-FP8-without-reasoning,0_easy_7obj_zh,instance_00000,Parse Errors,0
1077,clean_up,Qwen3.6-35B-A3B-FP8-without-reasoning,0_easy_7obj_zh,instance_00000,Main Score,34.083218314518824
1078,clean_up,Qwen3.6-35B-A3B-FP8-without-reasoning,2_hard_3obj_zh,instance_00002,Request Count,14
1079,clean_up,Qwen3.6-35B-A3B-FP8-without-reasoning,2_hard_3obj_zh,instance_00002,Parsed Request Count,12
1080,clean_up,Qwen3.6-35B-A3B-FP8-without-reasoning,2_hard_3obj_zh,instance_00002,Violated Request Count,2
1081,clean_up,Qwen3.6-35B-A3B-FP8-without-reasoning,2_hard_3obj_zh,instance_00002,Request Success Ratio,0.8571428571428571
1082,clean_up,Qwen3.6-35B-A3B-FP8-without-reasoning,2_hard_3obj_zh,instance_00002,Aborted,0
1083,clean_up,Qwen3.6-35B-A3B-FP8-without-reasoning,2_hard_3obj_zh,instance_00002,Lose,1
1084,clean_up,Qwen3.6-35B-A3B-FP8-without-reasoning,2_hard_3obj_zh,instance_00002,Success,1
1085,clean_up,Qwen3.6-35B-A3B-FP8-without-reasoning,2_hard_3obj_zh,instance_00002,Distance Score,0
1086,clean_up,Qwen3.6-35B-A3B-FP8-without-reasoning,2_hard_3obj_zh,instance_00002,Coverage Score,0.0625
1087,clean_up,Qwen3.6-35B-A3B-FP8-without-reasoning,2_hard_3obj_zh,instance_00002,Penalty Score,0.5
1088,clean_up,Qwen3.6-35B-A3B-FP8-without-reasoning,2_hard_3obj_zh,instance_00002,Moves,[]
1089,clean_up,Qwen3.6-35B-A3B-FP8-without-reasoning,2_hard_3obj_zh,instance_00002,Init States,"{'state_1': [{'id': 'C', 'coord': [7, 5]}, {'id': 'L', 'coord': [4, 3]}, {'id': 'P', 'coord': [7, 6]}], 'state_2': [{'id': 'C', 'coord': [2, 3]}, {'id': 'L', 'coord': [1, 2]}, {'id': 'P', 'coord': [3, 7]}]}"
1090,clean_up,Qwen3.6-35B-A3B-FP8-without-reasoning,2_hard_3obj_zh,instance_00002,End States,"{'state_1': [{'id': 'C', 'coord': [7, 5]}, {'id': 'L', 'coord': [4, 3]}, {'id': 'P', 'coord': [7, 6]}], 'state_2': [{'id': 'C', 'coord': [2, 3]}, {'id': 'L', 'coord': [1, 2]}, {'id': 'P', 'coord': [3, 7]}]}"
1091,clean_up,Qwen3.6-35B-A3B-FP8-without-reasoning,2_hard_3obj_zh,instance_00002,Shifts,0
1092,clean_up,Qwen3.6-35B-A3B-FP8-without-reasoning,2_hard_3obj_zh,instance_00002,Max Shifts,4
1093,clean_up,Qwen3.6-35B-A3B-FP8-without-reasoning,2_hard_3obj_zh,instance_00002,Min Shifts,2
1094,clean_up,Qwen3.6-35B-A3B-FP8-without-reasoning,2_hard_3obj_zh,instance_00002,End Distance Sum,12.670548092920544
1095,clean_up,Qwen3.6-35B-A3B-FP8-without-reasoning,2_hard_3obj_zh,instance_00002,Init Distance Sum,12.670548092920544
1096,clean_up,Qwen3.6-35B-A3B-FP8-without-reasoning,2_hard_3obj_zh,instance_00002,Expected Distance Sum,12.570787221094177
1097,clean_up,Qwen3.6-35B-A3B-FP8-without-reasoning,2_hard_3obj_zh,instance_00002,Penalties,8
1098,clean_up,Qwen3.6-35B-A3B-FP8-without-reasoning,2_hard_3obj_zh,instance_00002,Max Penalties,8
1099,clean_up,Qwen3.6-35B-A3B-FP8-without-reasoning,2_hard_3obj_zh,instance_00002,Rounds,3
1100,clean_up,Qwen3.6-35B-A3B-FP8-without-reasoning,2_hard_3obj_zh,instance_00002,Max Rounds,12
1101,clean_up,Qwen3.6-35B-A3B-FP8-without-reasoning,2_hard_3obj_zh,instance_00002,Object Count,3
1102,clean_up,Qwen3.6-35B-A3B-FP8-without-reasoning,2_hard_3obj_zh,instance_00002,Valid Moves,0
1103,clean_up,Qwen3.6-35B-A3B-FP8-without-reasoning,2_hard_3obj_zh,instance_00002,Invalid Moves,6
1104,clean_up,Qwen3.6-35B-A3B-FP8-without-reasoning,2_hard_3obj_zh,instance_00002,Parse Errors,4
1105,clean_up,Qwen3.6-35B-A3B-FP8-without-reasoning,2_hard_3obj_zh,instance_00002,Main Score,0.0
1106,clean_up,Qwen3.6-35B-A3B-FP8-without-reasoning,2_hard_3obj_zh,instance_00003,Request Count,30
1107,clean_up,Qwen3.6-35B-A3B-FP8-without-reasoning,2_hard_3obj_zh,instance_00003,Parsed Request Count,29
1108,clean_up,Qwen3.6-35B-A3B-FP8-without-reasoning,2_hard_3obj_zh,instance_00003,Violated Request Count,1
1109,clean_up,Qwen3.6-35B-A3B-FP8-without-reasoning,2_hard_3obj_zh,instance_00003,Request Success Ratio,0.9666666666666667
1110,clean_up,Qwen3.6-35B-A3B-FP8-without-reasoning,2_hard_3obj_zh,instance_00003,Aborted,0
1111,clean_up,Qwen3.6-35B-A3B-FP8-without-reasoning,2_hard_3obj_zh,instance_00003,Lose,0
1112,clean_up,Qwen3.6-35B-A3B-FP8-without-reasoning,2_hard_3obj_zh,instance_00003,Success,1
1113,clean_up,Qwen3.6-35B-A3B-FP8-without-reasoning,2_hard_3obj_zh,instance_00003,Distance Score,0.5954842735302319
1114,clean_up,Qwen3.6-35B-A3B-FP8-without-reasoning,2_hard_3obj_zh,instance_00003,Coverage Score,0.5625
1115,clean_up,Qwen3.6-35B-A3B-FP8-without-reasoning,2_hard_3obj_zh,instance_00003,Penalty Score,0.7
1116,clean_up,Qwen3.6-35B-A3B-FP8-without-reasoning,2_hard_3obj_zh,instance_00003,Moves,"[['Player 1', 'C'], ['Player 2', 'C'], ['Player 1', 'L'], ['Player 2', 'L']]"
1117,clean_up,Qwen3.6-35B-A3B-FP8-without-reasoning,2_hard_3obj_zh,instance_00003,Init States,"{'state_1': [{'id': 'C', 'coord': [1, 2]}, {'id': 'L', 'coord': [1, 1]}, {'id': 'P', 'coord': [7, 7]}], 'state_2': [{'id': 'C', 'coord': [5, 5]}, {'id': 'L', 'coord': [6, 2]}, {'id': 'P', 'coord': [3, 3]}]}"
1118,clean_up,Qwen3.6-35B-A3B-FP8-without-reasoning,2_hard_3obj_zh,instance_00003,End States,"{'state_1': [{'id': 'C', 'coord': [3, 4]}, {'id': 'L', 'coord': [1, 4]}, {'id': 'P', 'coord': [7, 7]}], 'state_2': [{'id': 'C', 'coord': [3, 4]}, {'id': 'L', 'coord': [1, 4]}, {'id': 'P', 'coord': [3, 3]}]}"
1119,clean_up,Qwen3.6-35B-A3B-FP8-without-reasoning,2_hard_3obj_zh,instance_00003,Shifts,1
1120,clean_up,Qwen3.6-35B-A3B-FP8-without-reasoning,2_hard_3obj_zh,instance_00003,Max Shifts,4
1121,clean_up,Qwen3.6-35B-A3B-FP8-without-reasoning,2_hard_3obj_zh,instance_00003,Min Shifts,2
1122,clean_up,Qwen3.6-35B-A3B-FP8-without-reasoning,2_hard_3obj_zh,instance_00003,End Distance Sum,5.656854249492381
1123,clean_up,Qwen3.6-35B-A3B-FP8-without-reasoning,2_hard_3obj_zh,instance_00003,Init Distance Sum,15.755873763085166
1124,clean_up,Qwen3.6-35B-A3B-FP8-without-reasoning,2_hard_3obj_zh,instance_00003,Expected Distance Sum,12.570787221094177
1125,clean_up,Qwen3.6-35B-A3B-FP8-without-reasoning,2_hard_3obj_zh,instance_00003,Penalties,6
1126,clean_up,Qwen3.6-35B-A3B-FP8-without-reasoning,2_hard_3obj_zh,instance_00003,Max Penalties,8
1127,clean_up,Qwen3.6-35B-A3B-FP8-without-reasoning,2_hard_3obj_zh,instance_00003,Rounds,12
1128,clean_up,Qwen3.6-35B-A3B-FP8-without-reasoning,2_hard_3obj_zh,instance_00003,Max Rounds,12
1129,clean_up,Qwen3.6-35B-A3B-FP8-without-reasoning,2_hard_3obj_zh,instance_00003,Object Count,3
1130,clean_up,Qwen3.6-35B-A3B-FP8-without-reasoning,2_hard_3obj_zh,instance_00003,Valid Moves,4
1131,clean_up,Qwen3.6-35B-A3B-FP8-without-reasoning,2_hard_3obj_zh,instance_00003,Invalid Moves,5
1132,clean_up,Qwen3.6-35B-A3B-FP8-without-reasoning,2_hard_3obj_zh,instance_00003,Parse Errors,2
1133,clean_up,Qwen3.6-35B-A3B-FP8-without-reasoning,2_hard_3obj_zh,instance_00003,Main Score,41.683899147116236
1134,clean_up,Qwen3.6-35B-A3B-FP8-without-reasoning,2_hard_3obj_zh,instance_00004,Request Count,29
1135,clean_up,Qwen3.6-35B-A3B-FP8-without-reasoning,2_hard_3obj_zh,instance_00004,Parsed Request Count,29
1136,clean_up,Qwen3.6-35B-A3B-FP8-without-reasoning,2_hard_3obj_zh,instance_00004,Violated Request Count,0
1137,clean_up,Qwen3.6-35B-A3B-FP8-without-reasoning,2_hard_3obj_zh,instance_00004,Request Success Ratio,1.0
1138,clean_up,Qwen3.6-35B-A3B-FP8-without-reasoning,2_hard_3obj_zh,instance_00004,Aborted,0
1139,clean_up,Qwen3.6-35B-A3B-FP8-without-reasoning,2_hard_3obj_zh,instance_00004,Lose,0
1140,clean_up,Qwen3.6-35B-A3B-FP8-without-reasoning,2_hard_3obj_zh,instance_00004,Success,1
1141,clean_up,Qwen3.6-35B-A3B-FP8-without-reasoning,2_hard_3obj_zh,instance_00004,Distance Score,1.0
1142,clean_up,Qwen3.6-35B-A3B-FP8-without-reasoning,2_hard_3obj_zh,instance_00004,Consistency Score,1.0
1143,clean_up,Qwen3.6-35B-A3B-FP8-without-reasoning,2_hard_3obj_zh,instance_00004,Coverage Score,1.0
1144,clean_up,Qwen3.6-35B-A3B-FP8-without-reasoning,2_hard_3obj_zh,instance_00004,Penalty Score,0.7727272727272727
1145,clean_up,Qwen3.6-35B-A3B-FP8-without-reasoning,2_hard_3obj_zh,instance_00004,Moves,"[['Player 1', 'P'], ['Player 2', 'P'], ['Player 1', 'L'], ['Player 2', 'L'], ['Player 1', 'C'], ['Player 2', 'C']]"
1146,clean_up,Qwen3.6-35B-A3B-FP8-without-reasoning,2_hard_3obj_zh,instance_00004,Init States,"{'state_1': [{'id': 'C', 'coord': [4, 7]}, {'id': 'L', 'coord': [7, 6]}, {'id': 'P', 'coord': [6, 3]}], 'state_2': [{'id': 'C', 'coord': [7, 7]}, {'id': 'L', 'coord': [2, 2]}, {'id': 'P', 'coord': [2, 1]}]}"
1147,clean_up,Qwen3.6-35B-A3B-FP8-without-reasoning,2_hard_3obj_zh,instance_00004,End States,"{'state_1': [{'id': 'C', 'coord': [1, 7]}, {'id': 'L', 'coord': [1, 1]}, {'id': 'P', 'coord': [4, 3]}], 'state_2': [{'id': 'C', 'coord': [1, 7]}, {'id': 'L', 'coord': [1, 1]}, {'id': 'P', 'coord': [4, 3]}]}"
1148,clean_up,Qwen3.6-35B-A3B-FP8-without-reasoning,2_hard_3obj_zh,instance_00004,Shifts,2
1149,clean_up,Qwen3.6-35B-A3B-FP8-without-reasoning,2_hard_3obj_zh,instance_00004,Max Shifts,4
1150,clean_up,Qwen3.6-35B-A3B-FP8-without-reasoning,2_hard_3obj_zh,instance_00004,Min Shifts,2
1151,clean_up,Qwen3.6-35B-A3B-FP8-without-reasoning,2_hard_3obj_zh,instance_00004,End Distance Sum,0.0
1152,clean_up,Qwen3.6-35B-A3B-FP8-without-reasoning,2_hard_3obj_zh,instance_00004,Init Distance Sum,13.875260192432428
1153,clean_up,Qwen3.6-35B-A3B-FP8-without-reasoning,2_hard_3obj_zh,instance_00004,Expected Distance Sum,12.570787221094177
1154,clean_up,Qwen3.6-35B-A3B-FP8-without-reasoning,2_hard_3obj_zh,instance_00004,Penalties,5
1155,clean_up,Qwen3.6-35B-A3B-FP8-without-reasoning,2_hard_3obj_zh,instance_00004,Max Penalties,8
1156,clean_up,Qwen3.6-35B-A3B-FP8-without-reasoning,2_hard_3obj_zh,instance_00004,Rounds,12
1157,clean_up,Qwen3.6-35B-A3B-FP8-without-reasoning,2_hard_3obj_zh,instance_00004,Max Rounds,12
1158,clean_up,Qwen3.6-35B-A3B-FP8-without-reasoning,2_hard_3obj_zh,instance_00004,Object Count,3
1159,clean_up,Qwen3.6-35B-A3B-FP8-without-reasoning,2_hard_3obj_zh,instance_00004,Valid Moves,6
1160,clean_up,Qwen3.6-35B-A3B-FP8-without-reasoning,2_hard_3obj_zh,instance_00004,Invalid Moves,5
1161,clean_up,Qwen3.6-35B-A3B-FP8-without-reasoning,2_hard_3obj_zh,instance_00004,Parse Errors,0
1162,clean_up,Qwen3.6-35B-A3B-FP8-without-reasoning,2_hard_3obj_zh,instance_00004,Main Score,77.27272727272727
1163,clean_up,Qwen3.6-35B-A3B-FP8-without-reasoning,2_hard_3obj_zh,instance_00001,Request Count,17
1164,clean_up,Qwen3.6-35B-A3B-FP8-without-reasoning,2_hard_3obj_zh,instance_00001,Parsed Request Count,9
1165,clean_up,Qwen3.6-35B-A3B-FP8-without-reasoning,2_hard_3obj_zh,instance_00001,Violated Request Count,8
1166,clean_up,Qwen3.6-35B-A3B-FP8-without-reasoning,2_hard_3obj_zh,instance_00001,Request Success Ratio,0.5294117647058824
1167,clean_up,Qwen3.6-35B-A3B-FP8-without-reasoning,2_hard_3obj_zh,instance_00001,Aborted,1
1168,clean_up,Qwen3.6-35B-A3B-FP8-without-reasoning,2_hard_3obj_zh,instance_00001,Lose,0
1169,clean_up,Qwen3.6-35B-A3B-FP8-without-reasoning,2_hard_3obj_zh,instance_00001,Success,0
1170,clean_up,Qwen3.6-35B-A3B-FP8-without-reasoning,2_hard_3obj_zh,instance_00001,Distance Score,0
1171,clean_up,Qwen3.6-35B-A3B-FP8-without-reasoning,2_hard_3obj_zh,instance_00001,Coverage Score,0.0625
1172,clean_up,Qwen3.6-35B-A3B-FP8-without-reasoning,2_hard_3obj_zh,instance_00001,Penalty Score,0.3571428571428572
1173,clean_up,Qwen3.6-35B-A3B-FP8-without-reasoning,2_hard_3obj_zh,instance_00001,Moves,[]
1174,clean_up,Qwen3.6-35B-A3B-FP8-without-reasoning,2_hard_3obj_zh,instance_00001,Init States,"{'state_1': [{'id': 'C', 'coord': [4, 3]}, {'id': 'L', 'coord': [7, 7]}, {'id': 'P', 'coord': [2, 2]}], 'state_2': [{'id': 'C', 'coord': [1, 5]}, {'id': 'L', 'coord': [3, 2]}, {'id': 'P', 'coord': [1, 7]}]}"
1175,clean_up,Qwen3.6-35B-A3B-FP8-without-reasoning,2_hard_3obj_zh,instance_00001,End States,"{'state_1': [{'id': 'C', 'coord': [4, 3]}, {'id': 'L', 'coord': [7, 7]}, {'id': 'P', 'coord': [2, 2]}], 'state_2': [{'id': 'C', 'coord': [1, 5]}, {'id': 'L', 'coord': [3, 2]}, {'id': 'P', 'coord': [1, 7]}]}"
1176,clean_up,Qwen3.6-35B-A3B-FP8-without-reasoning,2_hard_3obj_zh,instance_00001,Shifts,0
1177,clean_up,Qwen3.6-35B-A3B-FP8-without-reasoning,2_hard_3obj_zh,instance_00001,Max Shifts,4
1178,clean_up,Qwen3.6-35B-A3B-FP8-without-reasoning,2_hard_3obj_zh,instance_00001,Min Shifts,2
1179,clean_up,Qwen3.6-35B-A3B-FP8-without-reasoning,2_hard_3obj_zh,instance_00001,End Distance Sum,15.107695026489623
1180,clean_up,Qwen3.6-35B-A3B-FP8-without-reasoning,2_hard_3obj_zh,instance_00001,Init Distance Sum,15.107695026489623
1181,clean_up,Qwen3.6-35B-A3B-FP8-without-reasoning,2_hard_3obj_zh,instance_00001,Expected Distance Sum,12.570787221094177
1182,clean_up,Qwen3.6-35B-A3B-FP8-without-reasoning,2_hard_3obj_zh,instance_00001,Penalties,9
1183,clean_up,Qwen3.6-35B-A3B-FP8-without-reasoning,2_hard_3obj_zh,instance_00001,Max Penalties,8
1184,clean_up,Qwen3.6-35B-A3B-FP8-without-reasoning,2_hard_3obj_zh,instance_00001,Rounds,4
1185,clean_up,Qwen3.6-35B-A3B-FP8-without-reasoning,2_hard_3obj_zh,instance_00001,Max Rounds,12
1186,clean_up,Qwen3.6-35B-A3B-FP8-without-reasoning,2_hard_3obj_zh,instance_00001,Object Count,3
1187,clean_up,Qwen3.6-35B-A3B-FP8-without-reasoning,2_hard_3obj_zh,instance_00001,Valid Moves,0
1188,clean_up,Qwen3.6-35B-A3B-FP8-without-reasoning,2_hard_3obj_zh,instance_00001,Invalid Moves,1
1189,clean_up,Qwen3.6-35B-A3B-FP8-without-reasoning,2_hard_3obj_zh,instance_00001,Parse Errors,16
1190,clean_up,Qwen3.6-35B-A3B-FP8-without-reasoning,2_hard_3obj_zh,instance_00001,Main Score,
1191,clean_up,Qwen3.6-35B-A3B-FP8-without-reasoning,2_hard_3obj_zh,instance_00000,Request Count,19
1192,clean_up,Qwen3.6-35B-A3B-FP8-without-reasoning,2_hard_3obj_zh,instance_00000,Parsed Request Count,13
1193,clean_up,Qwen3.6-35B-A3B-FP8-without-reasoning,2_hard_3obj_zh,instance_00000,Violated Request Count,6
1194,clean_up,Qwen3.6-35B-A3B-FP8-without-reasoning,2_hard_3obj_zh,instance_00000,Request Success Ratio,0.6842105263157895
1195,clean_up,Qwen3.6-35B-A3B-FP8-without-reasoning,2_hard_3obj_zh,instance_00000,Aborted,0
1196,clean_up,Qwen3.6-35B-A3B-FP8-without-reasoning,2_hard_3obj_zh,instance_00000,Lose,0
1197,clean_up,Qwen3.6-35B-A3B-FP8-without-reasoning,2_hard_3obj_zh,instance_00000,Success,1
1198,clean_up,Qwen3.6-35B-A3B-FP8-without-reasoning,2_hard_3obj_zh,instance_00000,Distance Score,0.8469547837277634
1199,clean_up,Qwen3.6-35B-A3B-FP8-without-reasoning,2_hard_3obj_zh,instance_00000,Coverage Score,0.1875
1200,clean_up,Qwen3.6-35B-A3B-FP8-without-reasoning,2_hard_3obj_zh,instance_00000,Penalty Score,0.6111111111111112
1201,clean_up,Qwen3.6-35B-A3B-FP8-without-reasoning,2_hard_3obj_zh,instance_00000,Moves,"[['Player 1', 'C'], ['Player 1', 'L']]"
1202,clean_up,Qwen3.6-35B-A3B-FP8-without-reasoning,2_hard_3obj_zh,instance_00000,Init States,"{'state_1': [{'id': 'C', 'coord': [4, 1]}, {'id': 'L', 'coord': [5, 2]}, {'id': 'P', 'coord': [3, 5]}], 'state_2': [{'id': 'C', 'coord': [7, 1]}, {'id': 'L', 'coord': [4, 1]}, {'id': 'P', 'coord': [3, 5]}]}"
1203,clean_up,Qwen3.6-35B-A3B-FP8-without-reasoning,2_hard_3obj_zh,instance_00000,End States,"{'state_1': [{'id': 'C', 'coord': [7, 1]}, {'id': 'L', 'coord': [4, 2]}, {'id': 'P', 'coord': [3, 5]}], 'state_2': [{'id': 'C', 'coord': [7, 1]}, {'id': 'L', 'coord': [4, 1]}, {'id': 'P', 'coord': [3, 5]}]}"
1204,clean_up,Qwen3.6-35B-A3B-FP8-without-reasoning,2_hard_3obj_zh,instance_00000,Shifts,1
1205,clean_up,Qwen3.6-35B-A3B-FP8-without-reasoning,2_hard_3obj_zh,instance_00000,Max Shifts,4
1206,clean_up,Qwen3.6-35B-A3B-FP8-without-reasoning,2_hard_3obj_zh,instance_00000,Min Shifts,2
1207,clean_up,Qwen3.6-35B-A3B-FP8-without-reasoning,2_hard_3obj_zh,instance_00000,End Distance Sum,1.0
1208,clean_up,Qwen3.6-35B-A3B-FP8-without-reasoning,2_hard_3obj_zh,instance_00000,Init Distance Sum,4.414213562373095
1209,clean_up,Qwen3.6-35B-A3B-FP8-without-reasoning,2_hard_3obj_zh,instance_00000,Expected Distance Sum,12.570787221094177
1210,clean_up,Qwen3.6-35B-A3B-FP8-without-reasoning,2_hard_3obj_zh,instance_00000,Penalties,7
1211,clean_up,Qwen3.6-35B-A3B-FP8-without-reasoning,2_hard_3obj_zh,instance_00000,Max Penalties,8
1212,clean_up,Qwen3.6-35B-A3B-FP8-without-reasoning,2_hard_3obj_zh,instance_00000,Rounds,6
1213,clean_up,Qwen3.6-35B-A3B-FP8-without-reasoning,2_hard_3obj_zh,instance_00000,Max Rounds,12
1214,clean_up,Qwen3.6-35B-A3B-FP8-without-reasoning,2_hard_3obj_zh,instance_00000,Object Count,3
1215,clean_up,Qwen3.6-35B-A3B-FP8-without-reasoning,2_hard_3obj_zh,instance_00000,Valid Moves,2
1216,clean_up,Qwen3.6-35B-A3B-FP8-without-reasoning,2_hard_3obj_zh,instance_00000,Invalid Moves,1
1217,clean_up,Qwen3.6-35B-A3B-FP8-without-reasoning,2_hard_3obj_zh,instance_00000,Parse Errors,12
1218,clean_up,Qwen3.6-35B-A3B-FP8-without-reasoning,2_hard_3obj_zh,instance_00000,Main Score,51.75834789447443
1219,clean_up,Qwen3.6-35B-A3B-FP8-without-reasoning,2_hard_7obj_zh,instance_00002,Request Count,71
1220,clean_up,Qwen3.6-35B-A3B-FP8-without-reasoning,2_hard_7obj_zh,instance_00002,Parsed Request Count,67
1221,clean_up,Qwen3.6-35B-A3B-FP8-without-reasoning,2_hard_7obj_zh,instance_00002,Violated Request Count,4
1222,clean_up,Qwen3.6-35B-A3B-FP8-without-reasoning,2_hard_7obj_zh,instance_00002,Request Success Ratio,0.9436619718309859
1223,clean_up,Qwen3.6-35B-A3B-FP8-without-reasoning,2_hard_7obj_zh,instance_00002,Aborted,0
1224,clean_up,Qwen3.6-35B-A3B-FP8-without-reasoning,2_hard_7obj_zh,instance_00002,Lose,0
1225,clean_up,Qwen3.6-35B-A3B-FP8-without-reasoning,2_hard_7obj_zh,instance_00002,Success,1
1226,clean_up,Qwen3.6-35B-A3B-FP8-without-reasoning,2_hard_7obj_zh,instance_00002,Distance Score,0.7510574948555193
1227,clean_up,Qwen3.6-35B-A3B-FP8-without-reasoning,2_hard_7obj_zh,instance_00002,Coverage Score,0.28125
1228,clean_up,Qwen3.6-35B-A3B-FP8-without-reasoning,2_hard_7obj_zh,instance_00002,Penalty Score,0.5588235294117647
1229,clean_up,Qwen3.6-35B-A3B-FP8-without-reasoning,2_hard_7obj_zh,instance_00002,Moves,"[['Player 1', 'P'], ['Player 2', 'D'], ['Player 2', 'A'], ['Player 2', 'S'], ['Player 1', 'O'], ['Player 2', 'O'], ['Player 2', 'T']]"
1230,clean_up,Qwen3.6-35B-A3B-FP8-without-reasoning,2_hard_7obj_zh,instance_00002,Init States,"{'state_1': [{'id': 'P', 'coord': [4, 4]}, {'id': 'O', 'coord': [4, 3]}, {'id': 'T', 'coord': [4, 1]}, {'id': 'S', 'coord': [3, 7]}, {'id': 'D', 'coord': [4, 5]}, {'id': 'A', 'coord': [3, 5]}, {'id': 'M', 'coord': [7, 6]}], 'state_2': [{'id': 'P', 'coord': [2, 3]}, {'id': 'O', 'coord': [3, 1]}, {'id': 'T', 'coord': [7, 7]}, {'id': 'S', 'coord': [7, 6]}, {'id': 'D', 'coord': [5, 3]}, {'id': 'A', 'coord': [7, 5]}, {'id': 'M', 'coord': [1, 7]}]}"
1231,clean_up,Qwen3.6-35B-A3B-FP8-without-reasoning,2_hard_7obj_zh,instance_00002,End States,"{'state_1': [{'id': 'P', 'coord': [2, 3]}, {'id': 'O', 'coord': [1, 1]}, {'id': 'T', 'coord': [4, 1]}, {'id': 'S', 'coord': [3, 7]}, {'id': 'D', 'coord': [4, 5]}, {'id': 'A', 'coord': [3, 5]}, {'id': 'M', 'coord': [7, 6]}], 'state_2': [{'id': 'P', 'coord': [2, 3]}, {'id': 'O', 'coord': [1, 1]}, {'id': 'T', 'coord': [3, 1]}, {'id': 'S', 'coord': [3, 7]}, {'id': 'D', 'coord': [4, 5]}, {'id': 'A', 'coord': [3, 5]}, {'id': 'M', 'coord': [1, 7]}]}"
1232,clean_up,Qwen3.6-35B-A3B-FP8-without-reasoning,2_hard_7obj_zh,instance_00002,Shifts,5
1233,clean_up,Qwen3.6-35B-A3B-FP8-without-reasoning,2_hard_7obj_zh,instance_00002,Max Shifts,12
1234,clean_up,Qwen3.6-35B-A3B-FP8-without-reasoning,2_hard_7obj_zh,instance_00002,Min Shifts,6
1235,clean_up,Qwen3.6-35B-A3B-FP8-without-reasoning,2_hard_7obj_zh,instance_00002,End Distance Sum,7.082762530298219
1236,clean_up,Qwen3.6-35B-A3B-FP8-without-reasoning,2_hard_7obj_zh,instance_00002,Init Distance Sum,27.62227602091462
1237,clean_up,Qwen3.6-35B-A3B-FP8-without-reasoning,2_hard_7obj_zh,instance_00002,Expected Distance Sum,29.331836849219748
1238,clean_up,Qwen3.6-35B-A3B-FP8-without-reasoning,2_hard_7obj_zh,instance_00002,Penalties,15
1239,clean_up,Qwen3.6-35B-A3B-FP8-without-reasoning,2_hard_7obj_zh,instance_00002,Max Penalties,16
1240,clean_up,Qwen3.6-35B-A3B-FP8-without-reasoning,2_hard_7obj_zh,instance_00002,Rounds,28
1241,clean_up,Qwen3.6-35B-A3B-FP8-without-reasoning,2_hard_7obj_zh,instance_00002,Max Rounds,28
1242,clean_up,Qwen3.6-35B-A3B-FP8-without-reasoning,2_hard_7obj_zh,instance_00002,Object Count,7
1243,clean_up,Qwen3.6-35B-A3B-FP8-without-reasoning,2_hard_7obj_zh,instance_00002,Valid Moves,7
1244,clean_up,Qwen3.6-35B-A3B-FP8-without-reasoning,2_hard_7obj_zh,instance_00002,Invalid Moves,11
1245,clean_up,Qwen3.6-35B-A3B-FP8-without-reasoning,2_hard_7obj_zh,instance_00002,Parse Errors,8
1246,clean_up,Qwen3.6-35B-A3B-FP8-without-reasoning,2_hard_7obj_zh,instance_00002,Main Score,41.97086000663196
1247,clean_up,Qwen3.6-35B-A3B-FP8-without-reasoning,2_hard_7obj_zh,instance_00003,Request Count,64
1248,clean_up,Qwen3.6-35B-A3B-FP8-without-reasoning,2_hard_7obj_zh,instance_00003,Parsed Request Count,63
1249,clean_up,Qwen3.6-35B-A3B-FP8-without-reasoning,2_hard_7obj_zh,instance_00003,Violated Request Count,1
1250,clean_up,Qwen3.6-35B-A3B-FP8-without-reasoning,2_hard_7obj_zh,instance_00003,Request Success Ratio,0.984375
1251,clean_up,Qwen3.6-35B-A3B-FP8-without-reasoning,2_hard_7obj_zh,instance_00003,Aborted,0
1252,clean_up,Qwen3.6-35B-A3B-FP8-without-reasoning,2_hard_7obj_zh,instance_00003,Lose,0
1253,clean_up,Qwen3.6-35B-A3B-FP8-without-reasoning,2_hard_7obj_zh,instance_00003,Success,1
1254,clean_up,Qwen3.6-35B-A3B-FP8-without-reasoning,2_hard_7obj_zh,instance_00003,Distance Score,0.6072957066475326
1255,clean_up,Qwen3.6-35B-A3B-FP8-without-reasoning,2_hard_7obj_zh,instance_00003,Coverage Score,0.0625
1256,clean_up,Qwen3.6-35B-A3B-FP8-without-reasoning,2_hard_7obj_zh,instance_00003,Penalty Score,0.8333333333333334
1257,clean_up,Qwen3.6-35B-A3B-FP8-without-reasoning,2_hard_7obj_zh,instance_00003,Moves,"[['Player 1', 'S'], ['Player 1', 'M'], ['Player 1', 'T']]"
1258,clean_up,Qwen3.6-35B-A3B-FP8-without-reasoning,2_hard_7obj_zh,instance_00003,Init States,"{'state_1': [{'id': 'P', 'coord': [5, 5]}, {'id': 'O', 'coord': [5, 4]}, {'id': 'T', 'coord': [5, 2]}, {'id': 'S', 'coord': [1, 2]}, {'id': 'D', 'coord': [7, 2]}, {'id': 'A', 'coord': [7, 4]}, {'id': 'M', 'coord': [3, 4]}], 'state_2': [{'id': 'P', 'coord': [6, 1]}, {'id': 'O', 'coord': [7, 1]}, {'id': 'T', 'coord': [1, 6]}, {'id': 'S', 'coord': [7, 7]}, {'id': 'D', 'coord': [5, 5]}, {'id': 'A', 'coord': [7, 4]}, {'id': 'M', 'coord': [1, 7]}]}"
1259,clean_up,Qwen3.6-35B-A3B-FP8-without-reasoning,2_hard_7obj_zh,instance_00003,End States,"{'state_1': [{'id': 'P', 'coord': [5, 5]}, {'id': 'O', 'coord': [5, 4]}, {'id': 'T', 'coord': [1, 6]}, {'id': 'S', 'coord': [7, 7]}, {'id': 'D', 'coord': [7, 2]}, {'id': 'A', 'coord': [7, 4]}, {'id': 'M', 'coord': [1, 7]}], 'state_2': [{'id': 'P', 'coord': [6, 1]}, {'id': 'O', 'coord': [7, 1]}, {'id': 'T', 'coord': [1, 6]}, {'id': 'S', 'coord': [7, 7]}, {'id': 'D', 'coord': [5, 5]}, {'id': 'A', 'coord': [7, 4]}, {'id': 'M', 'coord': [1, 7]}]}"
1260,clean_up,Qwen3.6-35B-A3B-FP8-without-reasoning,2_hard_7obj_zh,instance_00003,Shifts,2
1261,clean_up,Qwen3.6-35B-A3B-FP8-without-reasoning,2_hard_7obj_zh,instance_00003,Max Shifts,12
1262,clean_up,Qwen3.6-35B-A3B-FP8-without-reasoning,2_hard_7obj_zh,instance_00003,Min Shifts,6
1263,clean_up,Qwen3.6-35B-A3B-FP8-without-reasoning,2_hard_7obj_zh,instance_00003,End Distance Sum,11.334208176545639
1264,clean_up,Qwen3.6-35B-A3B-FP8-without-reasoning,2_hard_7obj_zh,instance_00003,Init Distance Sum,28.40686337740866
1265,clean_up,Qwen3.6-35B-A3B-FP8-without-reasoning,2_hard_7obj_zh,instance_00003,Expected Distance Sum,29.331836849219748
1266,clean_up,Qwen3.6-35B-A3B-FP8-without-reasoning,2_hard_7obj_zh,instance_00003,Penalties,8
1267,clean_up,Qwen3.6-35B-A3B-FP8-without-reasoning,2_hard_7obj_zh,instance_00003,Max Penalties,16
1268,clean_up,Qwen3.6-35B-A3B-FP8-without-reasoning,2_hard_7obj_zh,instance_00003,Rounds,28
1269,clean_up,Qwen3.6-35B-A3B-FP8-without-reasoning,2_hard_7obj_zh,instance_00003,Max Rounds,28
1270,clean_up,Qwen3.6-35B-A3B-FP8-without-reasoning,2_hard_7obj_zh,instance_00003,Object Count,7
1271,clean_up,Qwen3.6-35B-A3B-FP8-without-reasoning,2_hard_7obj_zh,instance_00003,Valid Moves,3
1272,clean_up,Qwen3.6-35B-A3B-FP8-without-reasoning,2_hard_7obj_zh,instance_00003,Invalid Moves,7
1273,clean_up,Qwen3.6-35B-A3B-FP8-without-reasoning,2_hard_7obj_zh,instance_00003,Parse Errors,2
1274,clean_up,Qwen3.6-35B-A3B-FP8-without-reasoning,2_hard_7obj_zh,instance_00003,Main Score,50.60797555396106
1275,clean_up,Qwen3.6-35B-A3B-FP8-without-reasoning,2_hard_7obj_zh,instance_00004,Request Count,53
1276,clean_up,Qwen3.6-35B-A3B-FP8-without-reasoning,2_hard_7obj_zh,instance_00004,Parsed Request Count,52
1277,clean_up,Qwen3.6-35B-A3B-FP8-without-reasoning,2_hard_7obj_zh,instance_00004,Violated Request Count,1
1278,clean_up,Qwen3.6-35B-A3B-FP8-without-reasoning,2_hard_7obj_zh,instance_00004,Request Success Ratio,0.9811320754716981
1279,clean_up,Qwen3.6-35B-A3B-FP8-without-reasoning,2_hard_7obj_zh,instance_00004,Aborted,0
1280,clean_up,Qwen3.6-35B-A3B-FP8-without-reasoning,2_hard_7obj_zh,instance_00004,Lose,0
1281,clean_up,Qwen3.6-35B-A3B-FP8-without-reasoning,2_hard_7obj_zh,instance_00004,Success,1
1282,clean_up,Qwen3.6-35B-A3B-FP8-without-reasoning,2_hard_7obj_zh,instance_00004,Distance Score,0.8587831532640945
1283,clean_up,Qwen3.6-35B-A3B-FP8-without-reasoning,2_hard_7obj_zh,instance_00004,Consistency Score,1.0
1284,clean_up,Qwen3.6-35B-A3B-FP8-without-reasoning,2_hard_7obj_zh,instance_00004,Coverage Score,0.125
1285,clean_up,Qwen3.6-35B-A3B-FP8-without-reasoning,2_hard_7obj_zh,instance_00004,Penalty Score,0.9482758620689655
1286,clean_up,Qwen3.6-35B-A3B-FP8-without-reasoning,2_hard_7obj_zh,instance_00004,Moves,"[['Player 1', 'S'], ['Player 1', 'T'], ['Player 1', 'A'], ['Player 1', 'P'], ['Player 1', 'D'], ['Player 1', 'O'], ['Player 1', 'M']]"
1287,clean_up,Qwen3.6-35B-A3B-FP8-without-reasoning,2_hard_7obj_zh,instance_00004,Init States,"{'state_1': [{'id': 'P', 'coord': [1, 3]}, {'id': 'O', 'coord': [4, 3]}, {'id': 'T', 'coord': [4, 1]}, {'id': 'S', 'coord': [2, 1]}, {'id': 'D', 'coord': [1, 4]}, {'id': 'A', 'coord': [6, 1]}, {'id': 'M', 'coord': [6, 3]}], 'state_2': [{'id': 'P', 'coord': [1, 2]}, {'id': 'O', 'coord': [1, 6]}, {'id': 'T', 'coord': [1, 4]}, {'id': 'S', 'coord': [7, 7]}, {'id': 'D', 'coord': [2, 7]}, {'id': 'A', 'coord': [1, 1]}, {'id': 'M', 'coord': [3, 5]}]}"
1288,clean_up,Qwen3.6-35B-A3B-FP8-without-reasoning,2_hard_7obj_zh,instance_00004,End States,"{'state_1': [{'id': 'P', 'coord': [1, 2]}, {'id': 'O', 'coord': [1, 6]}, {'id': 'T', 'coord': [5, 5]}, {'id': 'S', 'coord': [7, 7]}, {'id': 'D', 'coord': [2, 7]}, {'id': 'A', 'coord': [1, 1]}, {'id': 'M', 'coord': [3, 5]}], 'state_2': [{'id': 'P', 'coord': [1, 2]}, {'id': 'O', 'coord': [1, 6]}, {'id': 'T', 'coord': [1, 4]}, {'id': 'S', 'coord': [7, 7]}, {'id': 'D', 'coord': [2, 7]}, {'id': 'A', 'coord': [1, 1]}, {'id': 'M', 'coord': [3, 5]}]}"
1289,clean_up,Qwen3.6-35B-A3B-FP8-without-reasoning,2_hard_7obj_zh,instance_00004,Shifts,6
1290,clean_up,Qwen3.6-35B-A3B-FP8-without-reasoning,2_hard_7obj_zh,instance_00004,Max Shifts,12
1291,clean_up,Qwen3.6-35B-A3B-FP8-without-reasoning,2_hard_7obj_zh,instance_00004,Min Shifts,6
1292,clean_up,Qwen3.6-35B-A3B-FP8-without-reasoning,2_hard_7obj_zh,instance_00004,End Distance Sum,4.123105625617661
1293,clean_up,Qwen3.6-35B-A3B-FP8-without-reasoning,2_hard_7obj_zh,instance_00004,Init Distance Sum,29.063359985777588
1294,clean_up,Qwen3.6-35B-A3B-FP8-without-reasoning,2_hard_7obj_zh,instance_00004,Expected Distance Sum,29.331836849219748
1295,clean_up,Qwen3.6-35B-A3B-FP8-without-reasoning,2_hard_7obj_zh,instance_00004,Penalties,3
1296,clean_up,Qwen3.6-35B-A3B-FP8-without-reasoning,2_hard_7obj_zh,instance_00004,Max Penalties,16
1297,clean_up,Qwen3.6-35B-A3B-FP8-without-reasoning,2_hard_7obj_zh,instance_00004,Rounds,25
1298,clean_up,Qwen3.6-35B-A3B-FP8-without-reasoning,2_hard_7obj_zh,instance_00004,Max Rounds,28
1299,clean_up,Qwen3.6-35B-A3B-FP8-without-reasoning,2_hard_7obj_zh,instance_00004,Object Count,7
1300,clean_up,Qwen3.6-35B-A3B-FP8-without-reasoning,2_hard_7obj_zh,instance_00004,Valid Moves,7
1301,clean_up,Qwen3.6-35B-A3B-FP8-without-reasoning,2_hard_7obj_zh,instance_00004,Invalid Moves,2
1302,clean_up,Qwen3.6-35B-A3B-FP8-without-reasoning,2_hard_7obj_zh,instance_00004,Parse Errors,2
1303,clean_up,Qwen3.6-35B-A3B-FP8-without-reasoning,2_hard_7obj_zh,instance_00004,Main Score,81.43633349918137
1304,clean_up,Qwen3.6-35B-A3B-FP8-without-reasoning,2_hard_7obj_zh,instance_00001,Request Count,63
1305,clean_up,Qwen3.6-35B-A3B-FP8-without-reasoning,2_hard_7obj_zh,instance_00001,Parsed Request Count,62
1306,clean_up,Qwen3.6-35B-A3B-FP8-without-reasoning,2_hard_7obj_zh,instance_00001,Violated Request Count,1
1307,clean_up,Qwen3.6-35B-A3B-FP8-without-reasoning,2_hard_7obj_zh,instance_00001,Request Success Ratio,0.9841269841269841
1308,clean_up,Qwen3.6-35B-A3B-FP8-without-reasoning,2_hard_7obj_zh,instance_00001,Aborted,0
1309,clean_up,Qwen3.6-35B-A3B-FP8-without-reasoning,2_hard_7obj_zh,instance_00001,Lose,0
1310,clean_up,Qwen3.6-35B-A3B-FP8-without-reasoning,2_hard_7obj_zh,instance_00001,Success,1
1311,clean_up,Qwen3.6-35B-A3B-FP8-without-reasoning,2_hard_7obj_zh,instance_00001,Distance Score,0.9149401749734696
1312,clean_up,Qwen3.6-35B-A3B-FP8-without-reasoning,2_hard_7obj_zh,instance_00001,Coverage Score,0.390625
1313,clean_up,Qwen3.6-35B-A3B-FP8-without-reasoning,2_hard_7obj_zh,instance_00001,Penalty Score,0.86
1314,clean_up,Qwen3.6-35B-A3B-FP8-without-reasoning,2_hard_7obj_zh,instance_00001,Moves,"[['Player 1', 'P'], ['Player 1', 'O'], ['Player 1', 'M'], ['Player 2', 'M'], ['Player 2', 'T'], ['Player 2', 'A'], ['Player 1', 'S'], ['Player 2', 'S']]"
1315,clean_up,Qwen3.6-35B-A3B-FP8-without-reasoning,2_hard_7obj_zh,instance_00001,Init States,"{'state_1': [{'id': 'P', 'coord': [1, 3]}, {'id': 'O', 'coord': [4, 3]}, {'id': 'T', 'coord': [5, 1]}, {'id': 'S', 'coord': [7, 2]}, {'id': 'D', 'coord': [3, 5]}, {'id': 'A', 'coord': [3, 2]}, {'id': 'M', 'coord': [3, 1]}], 'state_2': [{'id': 'P', 'coord': [4, 3]}, {'id': 'O', 'coord': [7, 4]}, {'id': 'T', 'coord': [1, 2]}, {'id': 'S', 'coord': [2, 3]}, {'id': 'D', 'coord': [3, 4]}, {'id': 'A', 'coord': [1, 3]}, {'id': 'M', 'coord': [3, 2]}]}"
1316,clean_up,Qwen3.6-35B-A3B-FP8-without-reasoning,2_hard_7obj_zh,instance_00001,End States,"{'state_1': [{'id': 'P', 'coord': [3, 3]}, {'id': 'O', 'coord': [7, 4]}, {'id': 'T', 'coord': [5, 1]}, {'id': 'S', 'coord': [2, 1]}, {'id': 'D', 'coord': [3, 5]}, {'id': 'A', 'coord': [3, 2]}, {'id': 'M', 'coord': [2, 2]}], 'state_2': [{'id': 'P', 'coord': [4, 3]}, {'id': 'O', 'coord': [7, 4]}, {'id': 'T', 'coord': [5, 1]}, {'id': 'S', 'coord': [2, 1]}, {'id': 'D', 'coord': [3, 4]}, {'id': 'A', 'coord': [3, 2]}, {'id': 'M', 'coord': [2, 2]}]}"
1317,clean_up,Qwen3.6-35B-A3B-FP8-without-reasoning,2_hard_7obj_zh,instance_00001,Shifts,5
1318,clean_up,Qwen3.6-35B-A3B-FP8-without-reasoning,2_hard_7obj_zh,instance_00001,Max Shifts,12
1319,clean_up,Qwen3.6-35B-A3B-FP8-without-reasoning,2_hard_7obj_zh,instance_00001,Min Shifts,6
1320,clean_up,Qwen3.6-35B-A3B-FP8-without-reasoning,2_hard_7obj_zh,instance_00001,End Distance Sum,2.0
1321,clean_up,Qwen3.6-35B-A3B-FP8-without-reasoning,2_hard_7obj_zh,instance_00001,Init Distance Sum,19.620470776878616
1322,clean_up,Qwen3.6-35B-A3B-FP8-without-reasoning,2_hard_7obj_zh,instance_00001,Expected Distance Sum,29.331836849219748
1323,clean_up,Qwen3.6-35B-A3B-FP8-without-reasoning,2_hard_7obj_zh,instance_00001,Penalties,7
1324,clean_up,Qwen3.6-35B-A3B-FP8-without-reasoning,2_hard_7obj_zh,instance_00001,Max Penalties,16
1325,clean_up,Qwen3.6-35B-A3B-FP8-without-reasoning,2_hard_7obj_zh,instance_00001,Rounds,28
1326,clean_up,Qwen3.6-35B-A3B-FP8-without-reasoning,2_hard_7obj_zh,instance_00001,Max Rounds,28
1327,clean_up,Qwen3.6-35B-A3B-FP8-without-reasoning,2_hard_7obj_zh,instance_00001,Object Count,7
1328,clean_up,Qwen3.6-35B-A3B-FP8-without-reasoning,2_hard_7obj_zh,instance_00001,Valid Moves,8
1329,clean_up,Qwen3.6-35B-A3B-FP8-without-reasoning,2_hard_7obj_zh,instance_00001,Invalid Moves,6
1330,clean_up,Qwen3.6-35B-A3B-FP8-without-reasoning,2_hard_7obj_zh,instance_00001,Parse Errors,2
1331,clean_up,Qwen3.6-35B-A3B-FP8-without-reasoning,2_hard_7obj_zh,instance_00001,Main Score,78.68485504771839
1332,clean_up,Qwen3.6-35B-A3B-FP8-without-reasoning,2_hard_7obj_zh,instance_00000,Request Count,56
1333,clean_up,Qwen3.6-35B-A3B-FP8-without-reasoning,2_hard_7obj_zh,instance_00000,Parsed Request Count,52
1334,clean_up,Qwen3.6-35B-A3B-FP8-without-reasoning,2_hard_7obj_zh,instance_00000,Violated Request Count,4
1335,clean_up,Qwen3.6-35B-A3B-FP8-without-reasoning,2_hard_7obj_zh,instance_00000,Request Success Ratio,0.9285714285714286
1336,clean_up,Qwen3.6-35B-A3B-FP8-without-reasoning,2_hard_7obj_zh,instance_00000,Aborted,0
1337,clean_up,Qwen3.6-35B-A3B-FP8-without-reasoning,2_hard_7obj_zh,instance_00000,Lose,0
1338,clean_up,Qwen3.6-35B-A3B-FP8-without-reasoning,2_hard_7obj_zh,instance_00000,Success,1
1339,clean_up,Qwen3.6-35B-A3B-FP8-without-reasoning,2_hard_7obj_zh,instance_00000,Distance Score,1.0
1340,clean_up,Qwen3.6-35B-A3B-FP8-without-reasoning,2_hard_7obj_zh,instance_00000,Coverage Score,0.28125
1341,clean_up,Qwen3.6-35B-A3B-FP8-without-reasoning,2_hard_7obj_zh,instance_00000,Penalty Score,0.6578947368421053
1342,clean_up,Qwen3.6-35B-A3B-FP8-without-reasoning,2_hard_7obj_zh,instance_00000,Moves,"[['Player 1', 'P'], ['Player 1', 'P'], ['Player 1', 'O'], ['Player 2', 'O'], ['Player 1', 'O'], ['Player 1', 'D'], ['Player 2', 'M'], ['Player 1', 'M'], ['Player 1', 'M'], ['Player 1', 'T'], ['Player 1', 'O']]"
1343,clean_up,Qwen3.6-35B-A3B-FP8-without-reasoning,2_hard_7obj_zh,instance_00000,Init States,"{'state_1': [{'id': 'P', 'coord': [1, 5]}, {'id': 'O', 'coord': [3, 5]}, {'id': 'T', 'coord': [7, 3]}, {'id': 'S', 'coord': [7, 5]}, {'id': 'D', 'coord': [4, 5]}, {'id': 'A', 'coord': [7, 1]}, {'id': 'M', 'coord': [4, 4]}], 'state_2': [{'id': 'P', 'coord': [2, 5]}, {'id': 'O', 'coord': [1, 5]}, {'id': 'T', 'coord': [1, 1]}, {'id': 'S', 'coord': [7, 5]}, {'id': 'D', 'coord': [4, 1]}, {'id': 'A', 'coord': [7, 1]}, {'id': 'M', 'coord': [5, 7]}]}"
1344,clean_up,Qwen3.6-35B-A3B-FP8-without-reasoning,2_hard_7obj_zh,instance_00000,End States,"{'state_1': [{'id': 'P', 'coord': [2, 5]}, {'id': 'O', 'coord': [4, 5]}, {'id': 'T', 'coord': [1, 1]}, {'id': 'S', 'coord': [7, 5]}, {'id': 'D', 'coord': [4, 1]}, {'id': 'A', 'coord': [7, 1]}, {'id': 'M', 'coord': [4, 4]}], 'state_2': [{'id': 'P', 'coord': [2, 5]}, {'id': 'O', 'coord': [4, 5]}, {'id': 'T', 'coord': [1, 1]}, {'id': 'S', 'coord': [7, 5]}, {'id': 'D', 'coord': [4, 1]}, {'id': 'A', 'coord': [7, 1]}, {'id': 'M', 'coord': [4, 4]}]}"
1345,clean_up,Qwen3.6-35B-A3B-FP8-without-reasoning,2_hard_7obj_zh,instance_00000,Shifts,5
1346,clean_up,Qwen3.6-35B-A3B-FP8-without-reasoning,2_hard_7obj_zh,instance_00000,Max Shifts,12
1347,clean_up,Qwen3.6-35B-A3B-FP8-without-reasoning,2_hard_7obj_zh,instance_00000,Min Shifts,6
1348,clean_up,Qwen3.6-35B-A3B-FP8-without-reasoning,2_hard_7obj_zh,instance_00000,End Distance Sum,0.0
1349,clean_up,Qwen3.6-35B-A3B-FP8-without-reasoning,2_hard_7obj_zh,instance_00000,Init Distance Sum,16.486832980505138
1350,clean_up,Qwen3.6-35B-A3B-FP8-without-reasoning,2_hard_7obj_zh,instance_00000,Expected Distance Sum,29.331836849219748
1351,clean_up,Qwen3.6-35B-A3B-FP8-without-reasoning,2_hard_7obj_zh,instance_00000,Penalties,13
1352,clean_up,Qwen3.6-35B-A3B-FP8-without-reasoning,2_hard_7obj_zh,instance_00000,Max Penalties,16
1353,clean_up,Qwen3.6-35B-A3B-FP8-without-reasoning,2_hard_7obj_zh,instance_00000,Rounds,21
1354,clean_up,Qwen3.6-35B-A3B-FP8-without-reasoning,2_hard_7obj_zh,instance_00000,Max Rounds,28
1355,clean_up,Qwen3.6-35B-A3B-FP8-without-reasoning,2_hard_7obj_zh,instance_00000,Object Count,7
1356,clean_up,Qwen3.6-35B-A3B-FP8-without-reasoning,2_hard_7obj_zh,instance_00000,Valid Moves,11
1357,clean_up,Qwen3.6-35B-A3B-FP8-without-reasoning,2_hard_7obj_zh,instance_00000,Invalid Moves,9
1358,clean_up,Qwen3.6-35B-A3B-FP8-without-reasoning,2_hard_7obj_zh,instance_00000,Parse Errors,8
1359,clean_up,Qwen3.6-35B-A3B-FP8-without-reasoning,2_hard_7obj_zh,instance_00000,Main Score,65.78947368421053
1360,clean_up,Qwen3.6-35B-A3B-FP8-without-reasoning,2_hard_5obj_zh,instance_00002,Request Count,31
1361,clean_up,Qwen3.6-35B-A3B-FP8-without-reasoning,2_hard_5obj_zh,instance_00002,Parsed Request Count,29
1362,clean_up,Qwen3.6-35B-A3B-FP8-without-reasoning,2_hard_5obj_zh,instance_00002,Violated Request Count,2
1363,clean_up,Qwen3.6-35B-A3B-FP8-without-reasoning,2_hard_5obj_zh,instance_00002,Request Success Ratio,0.9354838709677419
1364,clean_up,Qwen3.6-35B-A3B-FP8-without-reasoning,2_hard_5obj_zh,instance_00002,Aborted,0
1365,clean_up,Qwen3.6-35B-A3B-FP8-without-reasoning,2_hard_5obj_zh,instance_00002,Lose,0
1366,clean_up,Qwen3.6-35B-A3B-FP8-without-reasoning,2_hard_5obj_zh,instance_00002,Success,1
1367,clean_up,Qwen3.6-35B-A3B-FP8-without-reasoning,2_hard_5obj_zh,instance_00002,Distance Score,0.44128138655060956
1368,clean_up,Qwen3.6-35B-A3B-FP8-without-reasoning,2_hard_5obj_zh,instance_00002,Consistency Score,0.6
1369,clean_up,Qwen3.6-35B-A3B-FP8-without-reasoning,2_hard_5obj_zh,instance_00002,Coverage Score,1.0
1370,clean_up,Qwen3.6-35B-A3B-FP8-without-reasoning,2_hard_5obj_zh,instance_00002,Penalty Score,0.6428571428571428
1371,clean_up,Qwen3.6-35B-A3B-FP8-without-reasoning,2_hard_5obj_zh,instance_00002,Moves,"[['Player 2', 'W'], ['Player 1', 'W'], ['Player 2', 'T'], ['Player 1', 'I'], ['Player 2', 'I'], ['Player 1', 'H'], ['Player 2', 'C'], ['Player 1', 'C'], ['Player 2', 'H'], ['Player 1', 'T']]"
1372,clean_up,Qwen3.6-35B-A3B-FP8-without-reasoning,2_hard_5obj_zh,instance_00002,Init States,"{'state_1': [{'id': 'W', 'coord': [1, 2]}, {'id': 'I', 'coord': [1, 5]}, {'id': 'T', 'coord': [5, 7]}, {'id': 'C', 'coord': [3, 7]}, {'id': 'H', 'coord': [3, 5]}], 'state_2': [{'id': 'W', 'coord': [3, 5]}, {'id': 'I', 'coord': [5, 4]}, {'id': 'T', 'coord': [4, 5]}, {'id': 'C', 'coord': [3, 7]}, {'id': 'H', 'coord': [7, 1]}]}"
1373,clean_up,Qwen3.6-35B-A3B-FP8-without-reasoning,2_hard_5obj_zh,instance_00002,End States,"{'state_1': [{'id': 'W', 'coord': [1, 1]}, {'id': 'I', 'coord': [1, 2]}, {'id': 'T', 'coord': [1, 7]}, {'id': 'C', 'coord': [1, 5]}, {'id': 'H', 'coord': [1, 3]}], 'state_2': [{'id': 'W', 'coord': [1, 1]}, {'id': 'I', 'coord': [1, 3]}, {'id': 'T', 'coord': [1, 2]}, {'id': 'C', 'coord': [1, 5]}, {'id': 'H', 'coord': [1, 7]}]}"
1374,clean_up,Qwen3.6-35B-A3B-FP8-without-reasoning,2_hard_5obj_zh,instance_00002,Shifts,6
1375,clean_up,Qwen3.6-35B-A3B-FP8-without-reasoning,2_hard_5obj_zh,instance_00002,Max Shifts,8
1376,clean_up,Qwen3.6-35B-A3B-FP8-without-reasoning,2_hard_5obj_zh,instance_00002,Min Shifts,4
1377,clean_up,Qwen3.6-35B-A3B-FP8-without-reasoning,2_hard_5obj_zh,instance_00002,End Distance Sum,10.0
1378,clean_up,Qwen3.6-35B-A3B-FP8-without-reasoning,2_hard_5obj_zh,instance_00002,Init Distance Sum,15.621579128073819
1379,clean_up,Qwen3.6-35B-A3B-FP8-without-reasoning,2_hard_5obj_zh,instance_00002,Expected Distance Sum,20.95131203515696
1380,clean_up,Qwen3.6-35B-A3B-FP8-without-reasoning,2_hard_5obj_zh,instance_00002,Penalties,10
1381,clean_up,Qwen3.6-35B-A3B-FP8-without-reasoning,2_hard_5obj_zh,instance_00002,Max Penalties,12
1382,clean_up,Qwen3.6-35B-A3B-FP8-without-reasoning,2_hard_5obj_zh,instance_00002,Rounds,10
1383,clean_up,Qwen3.6-35B-A3B-FP8-without-reasoning,2_hard_5obj_zh,instance_00002,Max Rounds,20
1384,clean_up,Qwen3.6-35B-A3B-FP8-without-reasoning,2_hard_5obj_zh,instance_00002,Object Count,5
1385,clean_up,Qwen3.6-35B-A3B-FP8-without-reasoning,2_hard_5obj_zh,instance_00002,Valid Moves,10
1386,clean_up,Qwen3.6-35B-A3B-FP8-without-reasoning,2_hard_5obj_zh,instance_00002,Invalid Moves,8
1387,clean_up,Qwen3.6-35B-A3B-FP8-without-reasoning,2_hard_5obj_zh,instance_00002,Parse Errors,4
1388,clean_up,Qwen3.6-35B-A3B-FP8-without-reasoning,2_hard_5obj_zh,instance_00002,Main Score,28.368089135396325
1389,clean_up,Qwen3.6-35B-A3B-FP8-without-reasoning,2_hard_5obj_zh,instance_00003,Request Count,51
1390,clean_up,Qwen3.6-35B-A3B-FP8-without-reasoning,2_hard_5obj_zh,instance_00003,Parsed Request Count,47
1391,clean_up,Qwen3.6-35B-A3B-FP8-without-reasoning,2_hard_5obj_zh,instance_00003,Violated Request Count,4
1392,clean_up,Qwen3.6-35B-A3B-FP8-without-reasoning,2_hard_5obj_zh,instance_00003,Request Success Ratio,0.9215686274509803
1393,clean_up,Qwen3.6-35B-A3B-FP8-without-reasoning,2_hard_5obj_zh,instance_00003,Aborted,0
1394,clean_up,Qwen3.6-35B-A3B-FP8-without-reasoning,2_hard_5obj_zh,instance_00003,Lose,0
1395,clean_up,Qwen3.6-35B-A3B-FP8-without-reasoning,2_hard_5obj_zh,instance_00003,Success,1
1396,clean_up,Qwen3.6-35B-A3B-FP8-without-reasoning,2_hard_5obj_zh,instance_00003,Distance Score,0.7659853605802042
1397,clean_up,Qwen3.6-35B-A3B-FP8-without-reasoning,2_hard_5obj_zh,instance_00003,Coverage Score,0.6944444444444445
1398,clean_up,Qwen3.6-35B-A3B-FP8-without-reasoning,2_hard_5obj_zh,instance_00003,Penalty Score,0.5769230769230771
1399,clean_up,Qwen3.6-35B-A3B-FP8-without-reasoning,2_hard_5obj_zh,instance_00003,Moves,"[['Player 1', 'C'], ['Player 2', 'C'], ['Player 1', 'W'], ['Player 2', 'W'], ['Player 1', 'T'], ['Player 2', 'T'], ['Player 1', 'I'], ['Player 2', 'I']]"
1400,clean_up,Qwen3.6-35B-A3B-FP8-without-reasoning,2_hard_5obj_zh,instance_00003,Init States,"{'state_1': [{'id': 'W', 'coord': [5, 2]}, {'id': 'I', 'coord': [7, 1]}, {'id': 'T', 'coord': [6, 1]}, {'id': 'C', 'coord': [1, 1]}, {'id': 'H', 'coord': [4, 6]}], 'state_2': [{'id': 'W', 'coord': [3, 7]}, {'id': 'I', 'coord': [4, 7]}, {'id': 'T', 'coord': [1, 7]}, {'id': 'C', 'coord': [5, 4]}, {'id': 'H', 'coord': [1, 1]}]}"
1401,clean_up,Qwen3.6-35B-A3B-FP8-without-reasoning,2_hard_5obj_zh,instance_00003,End States,"{'state_1': [{'id': 'W', 'coord': [6, 2]}, {'id': 'I', 'coord': [6, 1]}, {'id': 'T', 'coord': [3, 1]}, {'id': 'C', 'coord': [5, 1]}, {'id': 'H', 'coord': [4, 6]}], 'state_2': [{'id': 'W', 'coord': [6, 2]}, {'id': 'I', 'coord': [6, 1]}, {'id': 'T', 'coord': [3, 1]}, {'id': 'C', 'coord': [5, 1]}, {'id': 'H', 'coord': [1, 1]}]}"
1402,clean_up,Qwen3.6-35B-A3B-FP8-without-reasoning,2_hard_5obj_zh,instance_00003,Shifts,3
1403,clean_up,Qwen3.6-35B-A3B-FP8-without-reasoning,2_hard_5obj_zh,instance_00003,Max Shifts,8
1404,clean_up,Qwen3.6-35B-A3B-FP8-without-reasoning,2_hard_5obj_zh,instance_00003,Min Shifts,4
1405,clean_up,Qwen3.6-35B-A3B-FP8-without-reasoning,2_hard_5obj_zh,instance_00003,End Distance Sum,5.830951894845301
1406,clean_up,Qwen3.6-35B-A3B-FP8-without-reasoning,2_hard_5obj_zh,instance_00003,Init Distance Sum,30.734570310385827
1407,clean_up,Qwen3.6-35B-A3B-FP8-without-reasoning,2_hard_5obj_zh,instance_00003,Expected Distance Sum,20.95131203515696
1408,clean_up,Qwen3.6-35B-A3B-FP8-without-reasoning,2_hard_5obj_zh,instance_00003,Penalties,11
1409,clean_up,Qwen3.6-35B-A3B-FP8-without-reasoning,2_hard_5obj_zh,instance_00003,Max Penalties,12
1410,clean_up,Qwen3.6-35B-A3B-FP8-without-reasoning,2_hard_5obj_zh,instance_00003,Rounds,20
1411,clean_up,Qwen3.6-35B-A3B-FP8-without-reasoning,2_hard_5obj_zh,instance_00003,Max Rounds,20
1412,clean_up,Qwen3.6-35B-A3B-FP8-without-reasoning,2_hard_5obj_zh,instance_00003,Object Count,5
1413,clean_up,Qwen3.6-35B-A3B-FP8-without-reasoning,2_hard_5obj_zh,instance_00003,Valid Moves,8
1414,clean_up,Qwen3.6-35B-A3B-FP8-without-reasoning,2_hard_5obj_zh,instance_00003,Invalid Moves,7
1415,clean_up,Qwen3.6-35B-A3B-FP8-without-reasoning,2_hard_5obj_zh,instance_00003,Parse Errors,8
1416,clean_up,Qwen3.6-35B-A3B-FP8-without-reasoning,2_hard_5obj_zh,instance_00003,Main Score,44.191463110396406
1417,clean_up,Qwen3.6-35B-A3B-FP8-without-reasoning,2_hard_5obj_zh,instance_00004,Request Count,50
1418,clean_up,Qwen3.6-35B-A3B-FP8-without-reasoning,2_hard_5obj_zh,instance_00004,Parsed Request Count,48
1419,clean_up,Qwen3.6-35B-A3B-FP8-without-reasoning,2_hard_5obj_zh,instance_00004,Violated Request Count,2
1420,clean_up,Qwen3.6-35B-A3B-FP8-without-reasoning,2_hard_5obj_zh,instance_00004,Request Success Ratio,0.96
1421,clean_up,Qwen3.6-35B-A3B-FP8-without-reasoning,2_hard_5obj_zh,instance_00004,Aborted,0
1422,clean_up,Qwen3.6-35B-A3B-FP8-without-reasoning,2_hard_5obj_zh,instance_00004,Lose,0
1423,clean_up,Qwen3.6-35B-A3B-FP8-without-reasoning,2_hard_5obj_zh,instance_00004,Success,1
1424,clean_up,Qwen3.6-35B-A3B-FP8-without-reasoning,2_hard_5obj_zh,instance_00004,Distance Score,0.8404984698861802
1425,clean_up,Qwen3.6-35B-A3B-FP8-without-reasoning,2_hard_5obj_zh,instance_00004,Coverage Score,0.4444444444444444
1426,clean_up,Qwen3.6-35B-A3B-FP8-without-reasoning,2_hard_5obj_zh,instance_00004,Penalty Score,0.6428571428571428
1427,clean_up,Qwen3.6-35B-A3B-FP8-without-reasoning,2_hard_5obj_zh,instance_00004,Moves,"[['Player 1', 'W'], ['Player 2', 'W'], ['Player 1', 'W'], ['Player 2', 'T'], ['Player 2', 'T'], ['Player 1', 'T'], ['Player 2', 'C'], ['Player 1', 'C']]"
1428,clean_up,Qwen3.6-35B-A3B-FP8-without-reasoning,2_hard_5obj_zh,instance_00004,Init States,"{'state_1': [{'id': 'W', 'coord': [4, 3]}, {'id': 'I', 'coord': [1, 6]}, {'id': 'T', 'coord': [7, 6]}, {'id': 'C', 'coord': [2, 2]}, {'id': 'H', 'coord': [5, 5]}], 'state_2': [{'id': 'W', 'coord': [2, 7]}, {'id': 'I', 'coord': [1, 6]}, {'id': 'T', 'coord': [2, 1]}, {'id': 'C', 'coord': [1, 2]}, {'id': 'H', 'coord': [3, 3]}]}"
1429,clean_up,Qwen3.6-35B-A3B-FP8-without-reasoning,2_hard_5obj_zh,instance_00004,End States,"{'state_1': [{'id': 'W', 'coord': [3, 5]}, {'id': 'I', 'coord': [1, 6]}, {'id': 'T', 'coord': [6, 3]}, {'id': 'C', 'coord': [2, 3]}, {'id': 'H', 'coord': [5, 5]}], 'state_2': [{'id': 'W', 'coord': [3, 5]}, {'id': 'I', 'coord': [1, 6]}, {'id': 'T', 'coord': [6, 3]}, {'id': 'C', 'coord': [2, 3]}, {'id': 'H', 'coord': [3, 3]}]}"
1430,clean_up,Qwen3.6-35B-A3B-FP8-without-reasoning,2_hard_5obj_zh,instance_00004,Shifts,2
1431,clean_up,Qwen3.6-35B-A3B-FP8-without-reasoning,2_hard_5obj_zh,instance_00004,Max Shifts,8
1432,clean_up,Qwen3.6-35B-A3B-FP8-without-reasoning,2_hard_5obj_zh,instance_00004,Min Shifts,4
1433,clean_up,Qwen3.6-35B-A3B-FP8-without-reasoning,2_hard_5obj_zh,instance_00004,End Distance Sum,2.8284271247461903
1434,clean_up,Qwen3.6-35B-A3B-FP8-without-reasoning,2_hard_5obj_zh,instance_00004,Init Distance Sum,15.371630891611245
1435,clean_up,Qwen3.6-35B-A3B-FP8-without-reasoning,2_hard_5obj_zh,instance_00004,Expected Distance Sum,20.95131203515696
1436,clean_up,Qwen3.6-35B-A3B-FP8-without-reasoning,2_hard_5obj_zh,instance_00004,Penalties,10
1437,clean_up,Qwen3.6-35B-A3B-FP8-without-reasoning,2_hard_5obj_zh,instance_00004,Max Penalties,12
1438,clean_up,Qwen3.6-35B-A3B-FP8-without-reasoning,2_hard_5obj_zh,instance_00004,Rounds,20
1439,clean_up,Qwen3.6-35B-A3B-FP8-without-reasoning,2_hard_5obj_zh,instance_00004,Max Rounds,20
1440,clean_up,Qwen3.6-35B-A3B-FP8-without-reasoning,2_hard_5obj_zh,instance_00004,Object Count,5
1441,clean_up,Qwen3.6-35B-A3B-FP8-without-reasoning,2_hard_5obj_zh,instance_00004,Valid Moves,8
1442,clean_up,Qwen3.6-35B-A3B-FP8-without-reasoning,2_hard_5obj_zh,instance_00004,Invalid Moves,8
1443,clean_up,Qwen3.6-35B-A3B-FP8-without-reasoning,2_hard_5obj_zh,instance_00004,Parse Errors,4
1444,clean_up,Qwen3.6-35B-A3B-FP8-without-reasoning,2_hard_5obj_zh,instance_00004,Main Score,54.032044492683006
1445,clean_up,Qwen3.6-35B-A3B-FP8-without-reasoning,2_hard_5obj_zh,instance_00001,Request Count,38
1446,clean_up,Qwen3.6-35B-A3B-FP8-without-reasoning,2_hard_5obj_zh,instance_00001,Parsed Request Count,37
1447,clean_up,Qwen3.6-35B-A3B-FP8-without-reasoning,2_hard_5obj_zh,instance_00001,Violated Request Count,1
1448,clean_up,Qwen3.6-35B-A3B-FP8-without-reasoning,2_hard_5obj_zh,instance_00001,Request Success Ratio,0.9736842105263158
1449,clean_up,Qwen3.6-35B-A3B-FP8-without-reasoning,2_hard_5obj_zh,instance_00001,Aborted,0
1450,clean_up,Qwen3.6-35B-A3B-FP8-without-reasoning,2_hard_5obj_zh,instance_00001,Lose,0
1451,clean_up,Qwen3.6-35B-A3B-FP8-without-reasoning,2_hard_5obj_zh,instance_00001,Success,1
1452,clean_up,Qwen3.6-35B-A3B-FP8-without-reasoning,2_hard_5obj_zh,instance_00001,Distance Score,0.9449925877417786
1453,clean_up,Qwen3.6-35B-A3B-FP8-without-reasoning,2_hard_5obj_zh,instance_00001,Consistency Score,1.0
1454,clean_up,Qwen3.6-35B-A3B-FP8-without-reasoning,2_hard_5obj_zh,instance_00001,Coverage Score,0.4444444444444444
1455,clean_up,Qwen3.6-35B-A3B-FP8-without-reasoning,2_hard_5obj_zh,instance_00001,Penalty Score,0.7941176470588235
1456,clean_up,Qwen3.6-35B-A3B-FP8-without-reasoning,2_hard_5obj_zh,instance_00001,Moves,"[['Player 1', 'W'], ['Player 2', 'I'], ['Player 1', 'T'], ['Player 2', 'C'], ['Player 1', 'H'], ['Player 2', 'H'], ['Player 1', 'H']]"
1457,clean_up,Qwen3.6-35B-A3B-FP8-without-reasoning,2_hard_5obj_zh,instance_00001,Init States,"{'state_1': [{'id': 'W', 'coord': [5, 1]}, {'id': 'I', 'coord': [3, 1]}, {'id': 'T', 'coord': [4, 3]}, {'id': 'C', 'coord': [5, 3]}, {'id': 'H', 'coord': [5, 7]}], 'state_2': [{'id': 'W', 'coord': [2, 2]}, {'id': 'I', 'coord': [7, 5]}, {'id': 'T', 'coord': [1, 3]}, {'id': 'C', 'coord': [7, 2]}, {'id': 'H', 'coord': [5, 5]}]}"
1458,clean_up,Qwen3.6-35B-A3B-FP8-without-reasoning,2_hard_5obj_zh,instance_00001,End States,"{'state_1': [{'id': 'W', 'coord': [2, 2]}, {'id': 'I', 'coord': [3, 1]}, {'id': 'T', 'coord': [1, 3]}, {'id': 'C', 'coord': [5, 3]}, {'id': 'H', 'coord': [1, 1]}], 'state_2': [{'id': 'W', 'coord': [2, 2]}, {'id': 'I', 'coord': [3, 1]}, {'id': 'T', 'coord': [1, 3]}, {'id': 'C', 'coord': [4, 3]}, {'id': 'H', 'coord': [1, 1]}]}"
1459,clean_up,Qwen3.6-35B-A3B-FP8-without-reasoning,2_hard_5obj_zh,instance_00001,Shifts,4
1460,clean_up,Qwen3.6-35B-A3B-FP8-without-reasoning,2_hard_5obj_zh,instance_00001,Max Shifts,8
1461,clean_up,Qwen3.6-35B-A3B-FP8-without-reasoning,2_hard_5obj_zh,instance_00001,Min Shifts,4
1462,clean_up,Qwen3.6-35B-A3B-FP8-without-reasoning,2_hard_5obj_zh,instance_00001,End Distance Sum,1.0
1463,clean_up,Qwen3.6-35B-A3B-FP8-without-reasoning,2_hard_5obj_zh,instance_00001,Init Distance Sum,16.055199887160548
1464,clean_up,Qwen3.6-35B-A3B-FP8-without-reasoning,2_hard_5obj_zh,instance_00001,Expected Distance Sum,20.95131203515696
1465,clean_up,Qwen3.6-35B-A3B-FP8-without-reasoning,2_hard_5obj_zh,instance_00001,Penalties,7
1466,clean_up,Qwen3.6-35B-A3B-FP8-without-reasoning,2_hard_5obj_zh,instance_00001,Max Penalties,12
1467,clean_up,Qwen3.6-35B-A3B-FP8-without-reasoning,2_hard_5obj_zh,instance_00001,Rounds,15
1468,clean_up,Qwen3.6-35B-A3B-FP8-without-reasoning,2_hard_5obj_zh,instance_00001,Max Rounds,20
1469,clean_up,Qwen3.6-35B-A3B-FP8-without-reasoning,2_hard_5obj_zh,instance_00001,Object Count,5
1470,clean_up,Qwen3.6-35B-A3B-FP8-without-reasoning,2_hard_5obj_zh,instance_00001,Valid Moves,7
1471,clean_up,Qwen3.6-35B-A3B-FP8-without-reasoning,2_hard_5obj_zh,instance_00001,Invalid Moves,6
1472,clean_up,Qwen3.6-35B-A3B-FP8-without-reasoning,2_hard_5obj_zh,instance_00001,Parse Errors,2
1473,clean_up,Qwen3.6-35B-A3B-FP8-without-reasoning,2_hard_5obj_zh,instance_00001,Main Score,75.043529026553
1474,clean_up,Qwen3.6-35B-A3B-FP8-without-reasoning,2_hard_5obj_zh,instance_00000,Request Count,52
1475,clean_up,Qwen3.6-35B-A3B-FP8-without-reasoning,2_hard_5obj_zh,instance_00000,Parsed Request Count,51
1476,clean_up,Qwen3.6-35B-A3B-FP8-without-reasoning,2_hard_5obj_zh,instance_00000,Violated Request Count,1
1477,clean_up,Qwen3.6-35B-A3B-FP8-without-reasoning,2_hard_5obj_zh,instance_00000,Request Success Ratio,0.9807692307692307
1478,clean_up,Qwen3.6-35B-A3B-FP8-without-reasoning,2_hard_5obj_zh,instance_00000,Aborted,0
1479,clean_up,Qwen3.6-35B-A3B-FP8-without-reasoning,2_hard_5obj_zh,instance_00000,Lose,0
1480,clean_up,Qwen3.6-35B-A3B-FP8-without-reasoning,2_hard_5obj_zh,instance_00000,Success,1
1481,clean_up,Qwen3.6-35B-A3B-FP8-without-reasoning,2_hard_5obj_zh,instance_00000,Distance Score,0.5846316483016594
1482,clean_up,Qwen3.6-35B-A3B-FP8-without-reasoning,2_hard_5obj_zh,instance_00000,Consistency Score,0.8
1483,clean_up,Qwen3.6-35B-A3B-FP8-without-reasoning,2_hard_5obj_zh,instance_00000,Coverage Score,0.16666666666666666
1484,clean_up,Qwen3.6-35B-A3B-FP8-without-reasoning,2_hard_5obj_zh,instance_00000,Penalty Score,0.40909090909090917
1485,clean_up,Qwen3.6-35B-A3B-FP8-without-reasoning,2_hard_5obj_zh,instance_00000,Moves,"[['Player 1', 'W'], ['Player 1', 'H'], ['Player 1', 'C'], ['Player 1', 'I'], ['Player 1', 'T'], ['Player 1', 'C']]"
1486,clean_up,Qwen3.6-35B-A3B-FP8-without-reasoning,2_hard_5obj_zh,instance_00000,Init States,"{'state_1': [{'id': 'W', 'coord': [3, 6]}, {'id': 'I', 'coord': [2, 3]}, {'id': 'T', 'coord': [3, 7]}, {'id': 'C', 'coord': [1, 3]}, {'id': 'H', 'coord': [7, 1]}], 'state_2': [{'id': 'W', 'coord': [2, 1]}, {'id': 'I', 'coord': [1, 7]}, {'id': 'T', 'coord': [5, 7]}, {'id': 'C', 'coord': [3, 6]}, {'id': 'H', 'coord': [5, 2]}]}"
1487,clean_up,Qwen3.6-35B-A3B-FP8-without-reasoning,2_hard_5obj_zh,instance_00000,End States,"{'state_1': [{'id': 'W', 'coord': [1, 1]}, {'id': 'I', 'coord': [1, 7]}, {'id': 'T', 'coord': [3, 6]}, {'id': 'C', 'coord': [2, 5]}, {'id': 'H', 'coord': [2, 1]}], 'state_2': [{'id': 'W', 'coord': [2, 1]}, {'id': 'I', 'coord': [1, 7]}, {'id': 'T', 'coord': [5, 7]}, {'id': 'C', 'coord': [3, 6]}, {'id': 'H', 'coord': [5, 2]}]}"
1488,clean_up,Qwen3.6-35B-A3B-FP8-without-reasoning,2_hard_5obj_zh,instance_00000,Shifts,5
1489,clean_up,Qwen3.6-35B-A3B-FP8-without-reasoning,2_hard_5obj_zh,instance_00000,Max Shifts,8
1490,clean_up,Qwen3.6-35B-A3B-FP8-without-reasoning,2_hard_5obj_zh,instance_00000,Min Shifts,4
1491,clean_up,Qwen3.6-35B-A3B-FP8-without-reasoning,2_hard_5obj_zh,instance_00000,End Distance Sum,7.812559200041264
1492,clean_up,Qwen3.6-35B-A3B-FP8-without-reasoning,2_hard_5obj_zh,instance_00000,Init Distance Sum,17.063744392174222
1493,clean_up,Qwen3.6-35B-A3B-FP8-without-reasoning,2_hard_5obj_zh,instance_00000,Expected Distance Sum,20.95131203515696
1494,clean_up,Qwen3.6-35B-A3B-FP8-without-reasoning,2_hard_5obj_zh,instance_00000,Penalties,13
1495,clean_up,Qwen3.6-35B-A3B-FP8-without-reasoning,2_hard_5obj_zh,instance_00000,Max Penalties,12
1496,clean_up,Qwen3.6-35B-A3B-FP8-without-reasoning,2_hard_5obj_zh,instance_00000,Rounds,19
1497,clean_up,Qwen3.6-35B-A3B-FP8-without-reasoning,2_hard_5obj_zh,instance_00000,Max Rounds,20
1498,clean_up,Qwen3.6-35B-A3B-FP8-without-reasoning,2_hard_5obj_zh,instance_00000,Object Count,5
1499,clean_up,Qwen3.6-35B-A3B-FP8-without-reasoning,2_hard_5obj_zh,instance_00000,Valid Moves,6
1500,clean_up,Qwen3.6-35B-A3B-FP8-without-reasoning,2_hard_5obj_zh,instance_00000,Invalid Moves,12
1501,clean_up,Qwen3.6-35B-A3B-FP8-without-reasoning,2_hard_5obj_zh,instance_00000,Parse Errors,2
1502,clean_up,Qwen3.6-35B-A3B-FP8-without-reasoning,2_hard_5obj_zh,instance_00000,Main Score,23.916749248704253
1503,referencegame,Qwen3.6-35B-A3B-FP8-without-reasoning,number_grids,instance_00005,Generated Expression Length,40
1504,referencegame,Qwen3.6-35B-A3B-FP8-without-reasoning,number_grids,instance_00005,Generated Expression Number of Tokens,2
1505,referencegame,Qwen3.6-35B-A3B-FP8-without-reasoning,number_grids,instance_00005,Aborted at Player 1,0
1506,referencegame,Qwen3.6-35B-A3B-FP8-without-reasoning,number_grids,instance_00005,Aborted at Player 2,0
1507,referencegame,Qwen3.6-35B-A3B-FP8-without-reasoning,number_grids,instance_00005,Request Count,2
1508,referencegame,Qwen3.6-35B-A3B-FP8-without-reasoning,number_grids,instance_00005,Parsed Request Count,2
1509,referencegame,Qwen3.6-35B-A3B-FP8-without-reasoning,number_grids,instance_00005,Violated Request Count,0
1510,referencegame,Qwen3.6-35B-A3B-FP8-without-reasoning,number_grids,instance_00005,Aborted,0
1511,referencegame,Qwen3.6-35B-A3B-FP8-without-reasoning,number_grids,instance_00005,Success,1
1512,referencegame,Qwen3.6-35B-A3B-FP8-without-reasoning,number_grids,instance_00005,Lose,0
1513,referencegame,Qwen3.6-35B-A3B-FP8-without-reasoning,number_grids,instance_00005,Main Score,100
1514,referencegame,Qwen3.6-35B-A3B-FP8-without-reasoning,number_grids,instance_00005,Request Success Ratio,1.0
1515,referencegame,Qwen3.6-35B-A3B-FP8-without-reasoning,number_grids,instance_00002,Generated Expression Length,22
1516,referencegame,Qwen3.6-35B-A3B-FP8-without-reasoning,number_grids,instance_00002,Generated Expression Number of Tokens,2
1517,referencegame,Qwen3.6-35B-A3B-FP8-without-reasoning,number_grids,instance_00002,Aborted at Player 1,0
1518,referencegame,Qwen3.6-35B-A3B-FP8-without-reasoning,number_grids,instance_00002,Aborted at Player 2,0
1519,referencegame,Qwen3.6-35B-A3B-FP8-without-reasoning,number_grids,instance_00002,Request Count,2
1520,referencegame,Qwen3.6-35B-A3B-FP8-without-reasoning,number_grids,instance_00002,Parsed Request Count,2
1521,referencegame,Qwen3.6-35B-A3B-FP8-without-reasoning,number_grids,instance_00002,Violated Request Count,0
1522,referencegame,Qwen3.6-35B-A3B-FP8-without-reasoning,number_grids,instance_00002,Aborted,0
1523,referencegame,Qwen3.6-35B-A3B-FP8-without-reasoning,number_grids,instance_00002,Success,1
1524,referencegame,Qwen3.6-35B-A3B-FP8-without-reasoning,number_grids,instance_00002,Lose,0
1525,referencegame,Qwen3.6-35B-A3B-FP8-without-reasoning,number_grids,instance_00002,Main Score,100
1526,referencegame,Qwen3.6-35B-A3B-FP8-without-reasoning,number_grids,instance_00002,Request Success Ratio,1.0
1527,referencegame,Qwen3.6-35B-A3B-FP8-without-reasoning,number_grids,instance_00003,Generated Expression Length,66
1528,referencegame,Qwen3.6-35B-A3B-FP8-without-reasoning,number_grids,instance_00003,Generated Expression Number of Tokens,2
1529,referencegame,Qwen3.6-35B-A3B-FP8-without-reasoning,number_grids,instance_00003,Aborted at Player 1,0
1530,referencegame,Qwen3.6-35B-A3B-FP8-without-reasoning,number_grids,instance_00003,Aborted at Player 2,0
1531,referencegame,Qwen3.6-35B-A3B-FP8-without-reasoning,number_grids,instance_00003,Request Count,2
1532,referencegame,Qwen3.6-35B-A3B-FP8-without-reasoning,number_grids,instance_00003,Parsed Request Count,2
1533,referencegame,Qwen3.6-35B-A3B-FP8-without-reasoning,number_grids,instance_00003,Violated Request Count,0
1534,referencegame,Qwen3.6-35B-A3B-FP8-without-reasoning,number_grids,instance_00003,Aborted,0
1535,referencegame,Qwen3.6-35B-A3B-FP8-without-reasoning,number_grids,instance_00003,Success,1
1536,referencegame,Qwen3.6-35B-A3B-FP8-without-reasoning,number_grids,instance_00003,Lose,0
1537,referencegame,Qwen3.6-35B-A3B-FP8-without-reasoning,number_grids,instance_00003,Main Score,100
1538,referencegame,Qwen3.6-35B-A3B-FP8-without-reasoning,number_grids,instance_00003,Request Success Ratio,1.0
1539,referencegame,Qwen3.6-35B-A3B-FP8-without-reasoning,number_grids,instance_00004,Generated Expression Length,39
1540,referencegame,Qwen3.6-35B-A3B-FP8-without-reasoning,number_grids,instance_00004,Generated Expression Number of Tokens,2
1541,referencegame,Qwen3.6-35B-A3B-FP8-without-reasoning,number_grids,instance_00004,Aborted at Player 1,0
1542,referencegame,Qwen3.6-35B-A3B-FP8-without-reasoning,number_grids,instance_00004,Aborted at Player 2,0
1543,referencegame,Qwen3.6-35B-A3B-FP8-without-reasoning,number_grids,instance_00004,Request Count,2
1544,referencegame,Qwen3.6-35B-A3B-FP8-without-reasoning,number_grids,instance_00004,Parsed Request Count,2
1545,referencegame,Qwen3.6-35B-A3B-FP8-without-reasoning,number_grids,instance_00004,Violated Request Count,0
1546,referencegame,Qwen3.6-35B-A3B-FP8-without-reasoning,number_grids,instance_00004,Aborted,0
1547,referencegame,Qwen3.6-35B-A3B-FP8-without-reasoning,number_grids,instance_00004,Success,1
1548,referencegame,Qwen3.6-35B-A3B-FP8-without-reasoning,number_grids,instance_00004,Lose,0
1549,referencegame,Qwen3.6-35B-A3B-FP8-without-reasoning,number_grids,instance_00004,Main Score,100
1550,referencegame,Qwen3.6-35B-A3B-FP8-without-reasoning,number_grids,instance_00004,Request Success Ratio,1.0
1551,referencegame,Qwen3.6-35B-A3B-FP8-without-reasoning,number_grids,instance_00001,Generated Expression Length,52
1552,referencegame,Qwen3.6-35B-A3B-FP8-without-reasoning,number_grids,instance_00001,Generated Expression Number of Tokens,2
1553,referencegame,Qwen3.6-35B-A3B-FP8-without-reasoning,number_grids,instance_00001,Aborted at Player 1,0
1554,referencegame,Qwen3.6-35B-A3B-FP8-without-reasoning,number_grids,instance_00001,Aborted at Player 2,0
1555,referencegame,Qwen3.6-35B-A3B-FP8-without-reasoning,number_grids,instance_00001,Request Count,2
1556,referencegame,Qwen3.6-35B-A3B-FP8-without-reasoning,number_grids,instance_00001,Parsed Request Count,2
1557,referencegame,Qwen3.6-35B-A3B-FP8-without-reasoning,number_grids,instance_00001,Violated Request Count,0
1558,referencegame,Qwen3.6-35B-A3B-FP8-without-reasoning,number_grids,instance_00001,Aborted,0
1559,referencegame,Qwen3.6-35B-A3B-FP8-without-reasoning,number_grids,instance_00001,Success,1
1560,referencegame,Qwen3.6-35B-A3B-FP8-without-reasoning,number_grids,instance_00001,Lose,0
1561,referencegame,Qwen3.6-35B-A3B-FP8-without-reasoning,number_grids,instance_00001,Main Score,100
1562,referencegame,Qwen3.6-35B-A3B-FP8-without-reasoning,number_grids,instance_00001,Request Success Ratio,1.0
1563,referencegame,Qwen3.6-35B-A3B-FP8-without-reasoning,number_grids,instance_00000,Generated Expression Length,40
1564,referencegame,Qwen3.6-35B-A3B-FP8-without-reasoning,number_grids,instance_00000,Generated Expression Number of Tokens,2
1565,referencegame,Qwen3.6-35B-A3B-FP8-without-reasoning,number_grids,instance_00000,Aborted at Player 1,0
1566,referencegame,Qwen3.6-35B-A3B-FP8-without-reasoning,number_grids,instance_00000,Aborted at Player 2,0
1567,referencegame,Qwen3.6-35B-A3B-FP8-without-reasoning,number_grids,instance_00000,Request Count,2
1568,referencegame,Qwen3.6-35B-A3B-FP8-without-reasoning,number_grids,instance_00000,Parsed Request Count,2
1569,referencegame,Qwen3.6-35B-A3B-FP8-without-reasoning,number_grids,instance_00000,Violated Request Count,0
1570,referencegame,Qwen3.6-35B-A3B-FP8-without-reasoning,number_grids,instance_00000,Aborted,0
1571,referencegame,Qwen3.6-35B-A3B-FP8-without-reasoning,number_grids,instance_00000,Success,1
1572,referencegame,Qwen3.6-35B-A3B-FP8-without-reasoning,number_grids,instance_00000,Lose,0
1573,referencegame,Qwen3.6-35B-A3B-FP8-without-reasoning,number_grids,instance_00000,Main Score,100
1574,referencegame,Qwen3.6-35B-A3B-FP8-without-reasoning,number_grids,instance_00000,Request Success Ratio,1.0
1575,referencegame,Qwen3.6-35B-A3B-FP8-without-reasoning,line_grids_columns,instance_00005,Generated Expression Length,23
1576,referencegame,Qwen3.6-35B-A3B-FP8-without-reasoning,line_grids_columns,instance_00005,Generated Expression Number of Tokens,2
1577,referencegame,Qwen3.6-35B-A3B-FP8-without-reasoning,line_grids_columns,instance_00005,Aborted at Player 1,0
1578,referencegame,Qwen3.6-35B-A3B-FP8-without-reasoning,line_grids_columns,instance_00005,Aborted at Player 2,0
1579,referencegame,Qwen3.6-35B-A3B-FP8-without-reasoning,line_grids_columns,instance_00005,Request Count,2
1580,referencegame,Qwen3.6-35B-A3B-FP8-without-reasoning,line_grids_columns,instance_00005,Parsed Request Count,2
1581,referencegame,Qwen3.6-35B-A3B-FP8-without-reasoning,line_grids_columns,instance_00005,Violated Request Count,0
1582,referencegame,Qwen3.6-35B-A3B-FP8-without-reasoning,line_grids_columns,instance_00005,Aborted,0
1583,referencegame,Qwen3.6-35B-A3B-FP8-without-reasoning,line_grids_columns,instance_00005,Success,1
1584,referencegame,Qwen3.6-35B-A3B-FP8-without-reasoning,line_grids_columns,instance_00005,Lose,0
1585,referencegame,Qwen3.6-35B-A3B-FP8-without-reasoning,line_grids_columns,instance_00005,Main Score,100
1586,referencegame,Qwen3.6-35B-A3B-FP8-without-reasoning,line_grids_columns,instance_00005,Request Success Ratio,1.0
1587,referencegame,Qwen3.6-35B-A3B-FP8-without-reasoning,line_grids_columns,instance_00002,Generated Expression Length,23
1588,referencegame,Qwen3.6-35B-A3B-FP8-without-reasoning,line_grids_columns,instance_00002,Generated Expression Number of Tokens,2
1589,referencegame,Qwen3.6-35B-A3B-FP8-without-reasoning,line_grids_columns,instance_00002,Aborted at Player 1,0
1590,referencegame,Qwen3.6-35B-A3B-FP8-without-reasoning,line_grids_columns,instance_00002,Aborted at Player 2,0
1591,referencegame,Qwen3.6-35B-A3B-FP8-without-reasoning,line_grids_columns,instance_00002,Request Count,2
1592,referencegame,Qwen3.6-35B-A3B-FP8-without-reasoning,line_grids_columns,instance_00002,Parsed Request Count,2
1593,referencegame,Qwen3.6-35B-A3B-FP8-without-reasoning,line_grids_columns,instance_00002,Violated Request Count,0
1594,referencegame,Qwen3.6-35B-A3B-FP8-without-reasoning,line_grids_columns,instance_00002,Aborted,0
1595,referencegame,Qwen3.6-35B-A3B-FP8-without-reasoning,line_grids_columns,instance_00002,Success,1
1596,referencegame,Qwen3.6-35B-A3B-FP8-without-reasoning,line_grids_columns,instance_00002,Lose,0
1597,referencegame,Qwen3.6-35B-A3B-FP8-without-reasoning,line_grids_columns,instance_00002,Main Score,100
1598,referencegame,Qwen3.6-35B-A3B-FP8-without-reasoning,line_grids_columns,instance_00002,Request Success Ratio,1.0
1599,referencegame,Qwen3.6-35B-A3B-FP8-without-reasoning,line_grids_columns,instance_00003,Generated Expression Length,16
1600,referencegame,Qwen3.6-35B-A3B-FP8-without-reasoning,line_grids_columns,instance_00003,Generated Expression Number of Tokens,2
1601,referencegame,Qwen3.6-35B-A3B-FP8-without-reasoning,line_grids_columns,instance_00003,Aborted at Player 1,0
1602,referencegame,Qwen3.6-35B-A3B-FP8-without-reasoning,line_grids_columns,instance_00003,Aborted at Player 2,0
1603,referencegame,Qwen3.6-35B-A3B-FP8-without-reasoning,line_grids_columns,instance_00003,Request Count,2
1604,referencegame,Qwen3.6-35B-A3B-FP8-without-reasoning,line_grids_columns,instance_00003,Parsed Request Count,2
1605,referencegame,Qwen3.6-35B-A3B-FP8-without-reasoning,line_grids_columns,instance_00003,Violated Request Count,0
1606,referencegame,Qwen3.6-35B-A3B-FP8-without-reasoning,line_grids_columns,instance_00003,Aborted,0
1607,referencegame,Qwen3.6-35B-A3B-FP8-without-reasoning,line_grids_columns,instance_00003,Success,1
1608,referencegame,Qwen3.6-35B-A3B-FP8-without-reasoning,line_grids_columns,instance_00003,Lose,0
1609,referencegame,Qwen3.6-35B-A3B-FP8-without-reasoning,line_grids_columns,instance_00003,Main Score,100
1610,referencegame,Qwen3.6-35B-A3B-FP8-without-reasoning,line_grids_columns,instance_00003,Request Success Ratio,1.0
1611,referencegame,Qwen3.6-35B-A3B-FP8-without-reasoning,line_grids_columns,instance_00004,Generated Expression Length,28
1612,referencegame,Qwen3.6-35B-A3B-FP8-without-reasoning,line_grids_columns,instance_00004,Generated Expression Number of Tokens,2
1613,referencegame,Qwen3.6-35B-A3B-FP8-without-reasoning,line_grids_columns,instance_00004,Aborted at Player 1,0
1614,referencegame,Qwen3.6-35B-A3B-FP8-without-reasoning,line_grids_columns,instance_00004,Aborted at Player 2,0
1615,referencegame,Qwen3.6-35B-A3B-FP8-without-reasoning,line_grids_columns,instance_00004,Request Count,2
1616,referencegame,Qwen3.6-35B-A3B-FP8-without-reasoning,line_grids_columns,instance_00004,Parsed Request Count,2
1617,referencegame,Qwen3.6-35B-A3B-FP8-without-reasoning,line_grids_columns,instance_00004,Violated Request Count,0
1618,referencegame,Qwen3.6-35B-A3B-FP8-without-reasoning,line_grids_columns,instance_00004,Aborted,0
1619,referencegame,Qwen3.6-35B-A3B-FP8-without-reasoning,line_grids_columns,instance_00004,Success,1
1620,referencegame,Qwen3.6-35B-A3B-FP8-without-reasoning,line_grids_columns,instance_00004,Lose,0
1621,referencegame,Qwen3.6-35B-A3B-FP8-without-reasoning,line_grids_columns,instance_00004,Main Score,100
1622,referencegame,Qwen3.6-35B-A3B-FP8-without-reasoning,line_grids_columns,instance_00004,Request Success Ratio,1.0
1623,referencegame,Qwen3.6-35B-A3B-FP8-without-reasoning,line_grids_columns,instance_00001,Generated Expression Length,23
1624,referencegame,Qwen3.6-35B-A3B-FP8-without-reasoning,line_grids_columns,instance_00001,Generated Expression Number of Tokens,2
1625,referencegame,Qwen3.6-35B-A3B-FP8-without-reasoning,line_grids_columns,instance_00001,Aborted at Player 1,0
1626,referencegame,Qwen3.6-35B-A3B-FP8-without-reasoning,line_grids_columns,instance_00001,Aborted at Player 2,0
1627,referencegame,Qwen3.6-35B-A3B-FP8-without-reasoning,line_grids_columns,instance_00001,Request Count,2
1628,referencegame,Qwen3.6-35B-A3B-FP8-without-reasoning,line_grids_columns,instance_00001,Parsed Request Count,2
1629,referencegame,Qwen3.6-35B-A3B-FP8-without-reasoning,line_grids_columns,instance_00001,Violated Request Count,0
1630,referencegame,Qwen3.6-35B-A3B-FP8-without-reasoning,line_grids_columns,instance_00001,Aborted,0
1631,referencegame,Qwen3.6-35B-A3B-FP8-without-reasoning,line_grids_columns,instance_00001,Success,1
1632,referencegame,Qwen3.6-35B-A3B-FP8-without-reasoning,line_grids_columns,instance_00001,Lose,0
1633,referencegame,Qwen3.6-35B-A3B-FP8-without-reasoning,line_grids_columns,instance_00001,Main Score,100
1634,referencegame,Qwen3.6-35B-A3B-FP8-without-reasoning,line_grids_columns,instance_00001,Request Success Ratio,1.0
1635,referencegame,Qwen3.6-35B-A3B-FP8-without-reasoning,line_grids_columns,instance_00000,Generated Expression Length,16
1636,referencegame,Qwen3.6-35B-A3B-FP8-without-reasoning,line_grids_columns,instance_00000,Generated Expression Number of Tokens,2
1637,referencegame,Qwen3.6-35B-A3B-FP8-without-reasoning,line_grids_columns,instance_00000,Aborted at Player 1,0
1638,referencegame,Qwen3.6-35B-A3B-FP8-without-reasoning,line_grids_columns,instance_00000,Aborted at Player 2,0
1639,referencegame,Qwen3.6-35B-A3B-FP8-without-reasoning,line_grids_columns,instance_00000,Request Count,2
1640,referencegame,Qwen3.6-35B-A3B-FP8-without-reasoning,line_grids_columns,instance_00000,Parsed Request Count,2
1641,referencegame,Qwen3.6-35B-A3B-FP8-without-reasoning,line_grids_columns,instance_00000,Violated Request Count,0
1642,referencegame,Qwen3.6-35B-A3B-FP8-without-reasoning,line_grids_columns,instance_00000,Aborted,0
1643,referencegame,Qwen3.6-35B-A3B-FP8-without-reasoning,line_grids_columns,instance_00000,Success,1
1644,referencegame,Qwen3.6-35B-A3B-FP8-without-reasoning,line_grids_columns,instance_00000,Lose,0
1645,referencegame,Qwen3.6-35B-A3B-FP8-without-reasoning,line_grids_columns,instance_00000,Main Score,100
1646,referencegame,Qwen3.6-35B-A3B-FP8-without-reasoning,line_grids_columns,instance_00000,Request Success Ratio,1.0
1647,referencegame,Qwen3.6-35B-A3B-FP8-without-reasoning,line_grids_rows,instance_00005,Generated Expression Length,28
1648,referencegame,Qwen3.6-35B-A3B-FP8-without-reasoning,line_grids_rows,instance_00005,Generated Expression Number of Tokens,2
1649,referencegame,Qwen3.6-35B-A3B-FP8-without-reasoning,line_grids_rows,instance_00005,Aborted at Player 1,0
1650,referencegame,Qwen3.6-35B-A3B-FP8-without-reasoning,line_grids_rows,instance_00005,Aborted at Player 2,0
1651,referencegame,Qwen3.6-35B-A3B-FP8-without-reasoning,line_grids_rows,instance_00005,Request Count,2
1652,referencegame,Qwen3.6-35B-A3B-FP8-without-reasoning,line_grids_rows,instance_00005,Parsed Request Count,2
1653,referencegame,Qwen3.6-35B-A3B-FP8-without-reasoning,line_grids_rows,instance_00005,Violated Request Count,0
1654,referencegame,Qwen3.6-35B-A3B-FP8-without-reasoning,line_grids_rows,instance_00005,Aborted,0
1655,referencegame,Qwen3.6-35B-A3B-FP8-without-reasoning,line_grids_rows,instance_00005,Success,1
1656,referencegame,Qwen3.6-35B-A3B-FP8-without-reasoning,line_grids_rows,instance_00005,Lose,0
1657,referencegame,Qwen3.6-35B-A3B-FP8-without-reasoning,line_grids_rows,instance_00005,Main Score,100
1658,referencegame,Qwen3.6-35B-A3B-FP8-without-reasoning,line_grids_rows,instance_00005,Request Success Ratio,1.0
1659,referencegame,Qwen3.6-35B-A3B-FP8-without-reasoning,line_grids_rows,instance_00002,Generated Expression Length,24
1660,referencegame,Qwen3.6-35B-A3B-FP8-without-reasoning,line_grids_rows,instance_00002,Generated Expression Number of Tokens,2
1661,referencegame,Qwen3.6-35B-A3B-FP8-without-reasoning,line_grids_rows,instance_00002,Aborted at Player 1,0
1662,referencegame,Qwen3.6-35B-A3B-FP8-without-reasoning,line_grids_rows,instance_00002,Aborted at Player 2,0
1663,referencegame,Qwen3.6-35B-A3B-FP8-without-reasoning,line_grids_rows,instance_00002,Request Count,2
1664,referencegame,Qwen3.6-35B-A3B-FP8-without-reasoning,line_grids_rows,instance_00002,Parsed Request Count,2
1665,referencegame,Qwen3.6-35B-A3B-FP8-without-reasoning,line_grids_rows,instance_00002,Violated Request Count,0
1666,referencegame,Qwen3.6-35B-A3B-FP8-without-reasoning,line_grids_rows,instance_00002,Aborted,0
1667,referencegame,Qwen3.6-35B-A3B-FP8-without-reasoning,line_grids_rows,instance_00002,Success,1
1668,referencegame,Qwen3.6-35B-A3B-FP8-without-reasoning,line_grids_rows,instance_00002,Lose,0
1669,referencegame,Qwen3.6-35B-A3B-FP8-without-reasoning,line_grids_rows,instance_00002,Main Score,100
1670,referencegame,Qwen3.6-35B-A3B-FP8-without-reasoning,line_grids_rows,instance_00002,Request Success Ratio,1.0
1671,referencegame,Qwen3.6-35B-A3B-FP8-without-reasoning,line_grids_rows,instance_00003,Generated Expression Length,12
1672,referencegame,Qwen3.6-35B-A3B-FP8-without-reasoning,line_grids_rows,instance_00003,Generated Expression Number of Tokens,2
1673,referencegame,Qwen3.6-35B-A3B-FP8-without-reasoning,line_grids_rows,instance_00003,Aborted at Player 1,0
1674,referencegame,Qwen3.6-35B-A3B-FP8-without-reasoning,line_grids_rows,instance_00003,Aborted at Player 2,0
1675,referencegame,Qwen3.6-35B-A3B-FP8-without-reasoning,line_grids_rows,instance_00003,Request Count,2
1676,referencegame,Qwen3.6-35B-A3B-FP8-without-reasoning,line_grids_rows,instance_00003,Parsed Request Count,2
1677,referencegame,Qwen3.6-35B-A3B-FP8-without-reasoning,line_grids_rows,instance_00003,Violated Request Count,0
1678,referencegame,Qwen3.6-35B-A3B-FP8-without-reasoning,line_grids_rows,instance_00003,Aborted,0
1679,referencegame,Qwen3.6-35B-A3B-FP8-without-reasoning,line_grids_rows,instance_00003,Success,1
1680,referencegame,Qwen3.6-35B-A3B-FP8-without-reasoning,line_grids_rows,instance_00003,Lose,0
1681,referencegame,Qwen3.6-35B-A3B-FP8-without-reasoning,line_grids_rows,instance_00003,Main Score,100
1682,referencegame,Qwen3.6-35B-A3B-FP8-without-reasoning,line_grids_rows,instance_00003,Request Success Ratio,1.0
1683,referencegame,Qwen3.6-35B-A3B-FP8-without-reasoning,line_grids_rows,instance_00004,Generated Expression Length,30
1684,referencegame,Qwen3.6-35B-A3B-FP8-without-reasoning,line_grids_rows,instance_00004,Generated Expression Number of Tokens,2
1685,referencegame,Qwen3.6-35B-A3B-FP8-without-reasoning,line_grids_rows,instance_00004,Aborted at Player 1,0
1686,referencegame,Qwen3.6-35B-A3B-FP8-without-reasoning,line_grids_rows,instance_00004,Aborted at Player 2,0
1687,referencegame,Qwen3.6-35B-A3B-FP8-without-reasoning,line_grids_rows,instance_00004,Request Count,2
1688,referencegame,Qwen3.6-35B-A3B-FP8-without-reasoning,line_grids_rows,instance_00004,Parsed Request Count,2
1689,referencegame,Qwen3.6-35B-A3B-FP8-without-reasoning,line_grids_rows,instance_00004,Violated Request Count,0
1690,referencegame,Qwen3.6-35B-A3B-FP8-without-reasoning,line_grids_rows,instance_00004,Aborted,0
1691,referencegame,Qwen3.6-35B-A3B-FP8-without-reasoning,line_grids_rows,instance_00004,Success,1
1692,referencegame,Qwen3.6-35B-A3B-FP8-without-reasoning,line_grids_rows,instance_00004,Lose,0
1693,referencegame,Qwen3.6-35B-A3B-FP8-without-reasoning,line_grids_rows,instance_00004,Main Score,100
1694,referencegame,Qwen3.6-35B-A3B-FP8-without-reasoning,line_grids_rows,instance_00004,Request Success Ratio,1.0
1695,referencegame,Qwen3.6-35B-A3B-FP8-without-reasoning,line_grids_rows,instance_00001,Generated Expression Length,23
1696,referencegame,Qwen3.6-35B-A3B-FP8-without-reasoning,line_grids_rows,instance_00001,Generated Expression Number of Tokens,2
1697,referencegame,Qwen3.6-35B-A3B-FP8-without-reasoning,line_grids_rows,instance_00001,Aborted at Player 1,0
1698,referencegame,Qwen3.6-35B-A3B-FP8-without-reasoning,line_grids_rows,instance_00001,Aborted at Player 2,0
1699,referencegame,Qwen3.6-35B-A3B-FP8-without-reasoning,line_grids_rows,instance_00001,Request Count,2
1700,referencegame,Qwen3.6-35B-A3B-FP8-without-reasoning,line_grids_rows,instance_00001,Parsed Request Count,2
1701,referencegame,Qwen3.6-35B-A3B-FP8-without-reasoning,line_grids_rows,instance_00001,Violated Request Count,0
1702,referencegame,Qwen3.6-35B-A3B-FP8-without-reasoning,line_grids_rows,instance_00001,Aborted,0
1703,referencegame,Qwen3.6-35B-A3B-FP8-without-reasoning,line_grids_rows,instance_00001,Success,1
1704,referencegame,Qwen3.6-35B-A3B-FP8-without-reasoning,line_grids_rows,instance_00001,Lose,0
1705,referencegame,Qwen3.6-35B-A3B-FP8-without-reasoning,line_grids_rows,instance_00001,Main Score,100
1706,referencegame,Qwen3.6-35B-A3B-FP8-without-reasoning,line_grids_rows,instance_00001,Request Success Ratio,1.0
1707,referencegame,Qwen3.6-35B-A3B-FP8-without-reasoning,line_grids_rows,instance_00000,Generated Expression Length,22
1708,referencegame,Qwen3.6-35B-A3B-FP8-without-reasoning,line_grids_rows,instance_00000,Generated Expression Number of Tokens,2
1709,referencegame,Qwen3.6-35B-A3B-FP8-without-reasoning,line_grids_rows,instance_00000,Aborted at Player 1,0
1710,referencegame,Qwen3.6-35B-A3B-FP8-without-reasoning,line_grids_rows,instance_00000,Aborted at Player 2,0
1711,referencegame,Qwen3.6-35B-A3B-FP8-without-reasoning,line_grids_rows,instance_00000,Request Count,2
1712,referencegame,Qwen3.6-35B-A3B-FP8-without-reasoning,line_grids_rows,instance_00000,Parsed Request Count,2
1713,referencegame,Qwen3.6-35B-A3B-FP8-without-reasoning,line_grids_rows,instance_00000,Violated Request Count,0
1714,referencegame,Qwen3.6-35B-A3B-FP8-without-reasoning,line_grids_rows,instance_00000,Aborted,0
1715,referencegame,Qwen3.6-35B-A3B-FP8-without-reasoning,line_grids_rows,instance_00000,Success,1
1716,referencegame,Qwen3.6-35B-A3B-FP8-without-reasoning,line_grids_rows,instance_00000,Lose,0
1717,referencegame,Qwen3.6-35B-A3B-FP8-without-reasoning,line_grids_rows,instance_00000,Main Score,100
1718,referencegame,Qwen3.6-35B-A3B-FP8-without-reasoning,line_grids_rows,instance_00000,Request Success Ratio,1.0
1719,referencegame,Qwen3.6-35B-A3B-FP8-without-reasoning,random_grids,instance_00005,Generated Expression Length,65
1720,referencegame,Qwen3.6-35B-A3B-FP8-without-reasoning,random_grids,instance_00005,Generated Expression Number of Tokens,2
1721,referencegame,Qwen3.6-35B-A3B-FP8-without-reasoning,random_grids,instance_00005,Aborted at Player 1,0
1722,referencegame,Qwen3.6-35B-A3B-FP8-without-reasoning,random_grids,instance_00005,Aborted at Player 2,0
1723,referencegame,Qwen3.6-35B-A3B-FP8-without-reasoning,random_grids,instance_00005,Request Count,2
1724,referencegame,Qwen3.6-35B-A3B-FP8-without-reasoning,random_grids,instance_00005,Parsed Request Count,2
1725,referencegame,Qwen3.6-35B-A3B-FP8-without-reasoning,random_grids,instance_00005,Violated Request Count,0
1726,referencegame,Qwen3.6-35B-A3B-FP8-without-reasoning,random_grids,instance_00005,Aborted,0
1727,referencegame,Qwen3.6-35B-A3B-FP8-without-reasoning,random_grids,instance_00005,Success,1
1728,referencegame,Qwen3.6-35B-A3B-FP8-without-reasoning,random_grids,instance_00005,Lose,0
1729,referencegame,Qwen3.6-35B-A3B-FP8-without-reasoning,random_grids,instance_00005,Main Score,100
1730,referencegame,Qwen3.6-35B-A3B-FP8-without-reasoning,random_grids,instance_00005,Request Success Ratio,1.0
1731,referencegame,Qwen3.6-35B-A3B-FP8-without-reasoning,random_grids,instance_00002,Generated Expression Length,66
1732,referencegame,Qwen3.6-35B-A3B-FP8-without-reasoning,random_grids,instance_00002,Generated Expression Number of Tokens,2
1733,referencegame,Qwen3.6-35B-A3B-FP8-without-reasoning,random_grids,instance_00002,Aborted at Player 1,0
1734,referencegame,Qwen3.6-35B-A3B-FP8-without-reasoning,random_grids,instance_00002,Aborted at Player 2,0
1735,referencegame,Qwen3.6-35B-A3B-FP8-without-reasoning,random_grids,instance_00002,Request Count,2
1736,referencegame,Qwen3.6-35B-A3B-FP8-without-reasoning,random_grids,instance_00002,Parsed Request Count,2
1737,referencegame,Qwen3.6-35B-A3B-FP8-without-reasoning,random_grids,instance_00002,Violated Request Count,0
1738,referencegame,Qwen3.6-35B-A3B-FP8-without-reasoning,random_grids,instance_00002,Aborted,0
1739,referencegame,Qwen3.6-35B-A3B-FP8-without-reasoning,random_grids,instance_00002,Success,1
1740,referencegame,Qwen3.6-35B-A3B-FP8-without-reasoning,random_grids,instance_00002,Lose,0
1741,referencegame,Qwen3.6-35B-A3B-FP8-without-reasoning,random_grids,instance_00002,Main Score,100
1742,referencegame,Qwen3.6-35B-A3B-FP8-without-reasoning,random_grids,instance_00002,Request Success Ratio,1.0
1743,referencegame,Qwen3.6-35B-A3B-FP8-without-reasoning,random_grids,instance_00003,Generated Expression Length,68
1744,referencegame,Qwen3.6-35B-A3B-FP8-without-reasoning,random_grids,instance_00003,Generated Expression Number of Tokens,2
1745,referencegame,Qwen3.6-35B-A3B-FP8-without-reasoning,random_grids,instance_00003,Aborted at Player 1,0
1746,referencegame,Qwen3.6-35B-A3B-FP8-without-reasoning,random_grids,instance_00003,Aborted at Player 2,0
1747,referencegame,Qwen3.6-35B-A3B-FP8-without-reasoning,random_grids,instance_00003,Request Count,2
1748,referencegame,Qwen3.6-35B-A3B-FP8-without-reasoning,random_grids,instance_00003,Parsed Request Count,2
1749,referencegame,Qwen3.6-35B-A3B-FP8-without-reasoning,random_grids,instance_00003,Violated Request Count,0
1750,referencegame,Qwen3.6-35B-A3B-FP8-without-reasoning,random_grids,instance_00003,Aborted,0
1751,referencegame,Qwen3.6-35B-A3B-FP8-without-reasoning,random_grids,instance_00003,Success,1
1752,referencegame,Qwen3.6-35B-A3B-FP8-without-reasoning,random_grids,instance_00003,Lose,0
1753,referencegame,Qwen3.6-35B-A3B-FP8-without-reasoning,random_grids,instance_00003,Main Score,100
1754,referencegame,Qwen3.6-35B-A3B-FP8-without-reasoning,random_grids,instance_00003,Request Success Ratio,1.0
1755,referencegame,Qwen3.6-35B-A3B-FP8-without-reasoning,random_grids,instance_00004,Generated Expression Length,68
1756,referencegame,Qwen3.6-35B-A3B-FP8-without-reasoning,random_grids,instance_00004,Generated Expression Number of Tokens,2
1757,referencegame,Qwen3.6-35B-A3B-FP8-without-reasoning,random_grids,instance_00004,Aborted at Player 1,0
1758,referencegame,Qwen3.6-35B-A3B-FP8-without-reasoning,random_grids,instance_00004,Aborted at Player 2,0
1759,referencegame,Qwen3.6-35B-A3B-FP8-without-reasoning,random_grids,instance_00004,Request Count,2
1760,referencegame,Qwen3.6-35B-A3B-FP8-without-reasoning,random_grids,instance_00004,Parsed Request Count,2
1761,referencegame,Qwen3.6-35B-A3B-FP8-without-reasoning,random_grids,instance_00004,Violated Request Count,0
1762,referencegame,Qwen3.6-35B-A3B-FP8-without-reasoning,random_grids,instance_00004,Aborted,0
1763,referencegame,Qwen3.6-35B-A3B-FP8-without-reasoning,random_grids,instance_00004,Success,1
1764,referencegame,Qwen3.6-35B-A3B-FP8-without-reasoning,random_grids,instance_00004,Lose,0
1765,referencegame,Qwen3.6-35B-A3B-FP8-without-reasoning,random_grids,instance_00004,Main Score,100
1766,referencegame,Qwen3.6-35B-A3B-FP8-without-reasoning,random_grids,instance_00004,Request Success Ratio,1.0
1767,referencegame,Qwen3.6-35B-A3B-FP8-without-reasoning,random_grids,instance_00001,Generated Expression Length,69
1768,referencegame,Qwen3.6-35B-A3B-FP8-without-reasoning,random_grids,instance_00001,Generated Expression Number of Tokens,2
1769,referencegame,Qwen3.6-35B-A3B-FP8-without-reasoning,random_grids,instance_00001,Aborted at Player 1,0
1770,referencegame,Qwen3.6-35B-A3B-FP8-without-reasoning,random_grids,instance_00001,Aborted at Player 2,0
1771,referencegame,Qwen3.6-35B-A3B-FP8-without-reasoning,random_grids,instance_00001,Request Count,2
1772,referencegame,Qwen3.6-35B-A3B-FP8-without-reasoning,random_grids,instance_00001,Parsed Request Count,2
1773,referencegame,Qwen3.6-35B-A3B-FP8-without-reasoning,random_grids,instance_00001,Violated Request Count,0
1774,referencegame,Qwen3.6-35B-A3B-FP8-without-reasoning,random_grids,instance_00001,Aborted,0
1775,referencegame,Qwen3.6-35B-A3B-FP8-without-reasoning,random_grids,instance_00001,Success,1
1776,referencegame,Qwen3.6-35B-A3B-FP8-without-reasoning,random_grids,instance_00001,Lose,0
1777,referencegame,Qwen3.6-35B-A3B-FP8-without-reasoning,random_grids,instance_00001,Main Score,100
1778,referencegame,Qwen3.6-35B-A3B-FP8-without-reasoning,random_grids,instance_00001,Request Success Ratio,1.0
1779,referencegame,Qwen3.6-35B-A3B-FP8-without-reasoning,random_grids,instance_00000,Generated Expression Length,75
1780,referencegame,Qwen3.6-35B-A3B-FP8-without-reasoning,random_grids,instance_00000,Generated Expression Number of Tokens,8
1781,referencegame,Qwen3.6-35B-A3B-FP8-without-reasoning,random_grids,instance_00000,Aborted at Player 1,0
1782,referencegame,Qwen3.6-35B-A3B-FP8-without-reasoning,random_grids,instance_00000,Aborted at Player 2,0
1783,referencegame,Qwen3.6-35B-A3B-FP8-without-reasoning,random_grids,instance_00000,Request Count,2
1784,referencegame,Qwen3.6-35B-A3B-FP8-without-reasoning,random_grids,instance_00000,Parsed Request Count,2
1785,referencegame,Qwen3.6-35B-A3B-FP8-without-reasoning,random_grids,instance_00000,Violated Request Count,0
1786,referencegame,Qwen3.6-35B-A3B-FP8-without-reasoning,random_grids,instance_00000,Aborted,0
1787,referencegame,Qwen3.6-35B-A3B-FP8-without-reasoning,random_grids,instance_00000,Success,1
1788,referencegame,Qwen3.6-35B-A3B-FP8-without-reasoning,random_grids,instance_00000,Lose,0
1789,referencegame,Qwen3.6-35B-A3B-FP8-without-reasoning,random_grids,instance_00000,Main Score,100
1790,referencegame,Qwen3.6-35B-A3B-FP8-without-reasoning,random_grids,instance_00000,Request Success Ratio,1.0
1791,referencegame,Qwen3.6-35B-A3B-FP8-without-reasoning,letter_grids,instance_00005,Generated Expression Length,80
1792,referencegame,Qwen3.6-35B-A3B-FP8-without-reasoning,letter_grids,instance_00005,Generated Expression Number of Tokens,2
1793,referencegame,Qwen3.6-35B-A3B-FP8-without-reasoning,letter_grids,instance_00005,Aborted at Player 1,0
1794,referencegame,Qwen3.6-35B-A3B-FP8-without-reasoning,letter_grids,instance_00005,Aborted at Player 2,0
1795,referencegame,Qwen3.6-35B-A3B-FP8-without-reasoning,letter_grids,instance_00005,Request Count,2
1796,referencegame,Qwen3.6-35B-A3B-FP8-without-reasoning,letter_grids,instance_00005,Parsed Request Count,2
1797,referencegame,Qwen3.6-35B-A3B-FP8-without-reasoning,letter_grids,instance_00005,Violated Request Count,0
1798,referencegame,Qwen3.6-35B-A3B-FP8-without-reasoning,letter_grids,instance_00005,Aborted,0
1799,referencegame,Qwen3.6-35B-A3B-FP8-without-reasoning,letter_grids,instance_00005,Success,1
1800,referencegame,Qwen3.6-35B-A3B-FP8-without-reasoning,letter_grids,instance_00005,Lose,0
1801,referencegame,Qwen3.6-35B-A3B-FP8-without-reasoning,letter_grids,instance_00005,Main Score,100
1802,referencegame,Qwen3.6-35B-A3B-FP8-without-reasoning,letter_grids,instance_00005,Request Success Ratio,1.0
1803,referencegame,Qwen3.6-35B-A3B-FP8-without-reasoning,letter_grids,instance_00002,Generated Expression Length,27
1804,referencegame,Qwen3.6-35B-A3B-FP8-without-reasoning,letter_grids,instance_00002,Generated Expression Number of Tokens,2
1805,referencegame,Qwen3.6-35B-A3B-FP8-without-reasoning,letter_grids,instance_00002,Aborted at Player 1,0
1806,referencegame,Qwen3.6-35B-A3B-FP8-without-reasoning,letter_grids,instance_00002,Aborted at Player 2,0
1807,referencegame,Qwen3.6-35B-A3B-FP8-without-reasoning,letter_grids,instance_00002,Request Count,2
1808,referencegame,Qwen3.6-35B-A3B-FP8-without-reasoning,letter_grids,instance_00002,Parsed Request Count,2
1809,referencegame,Qwen3.6-35B-A3B-FP8-without-reasoning,letter_grids,instance_00002,Violated Request Count,0
1810,referencegame,Qwen3.6-35B-A3B-FP8-without-reasoning,letter_grids,instance_00002,Aborted,0
1811,referencegame,Qwen3.6-35B-A3B-FP8-without-reasoning,letter_grids,instance_00002,Success,1
1812,referencegame,Qwen3.6-35B-A3B-FP8-without-reasoning,letter_grids,instance_00002,Lose,0
1813,referencegame,Qwen3.6-35B-A3B-FP8-without-reasoning,letter_grids,instance_00002,Main Score,100
1814,referencegame,Qwen3.6-35B-A3B-FP8-without-reasoning,letter_grids,instance_00002,Request Success Ratio,1.0
1815,referencegame,Qwen3.6-35B-A3B-FP8-without-reasoning,letter_grids,instance_00003,Generated Expression Length,46
1816,referencegame,Qwen3.6-35B-A3B-FP8-without-reasoning,letter_grids,instance_00003,Generated Expression Number of Tokens,2
1817,referencegame,Qwen3.6-35B-A3B-FP8-without-reasoning,letter_grids,instance_00003,Aborted at Player 1,0
1818,referencegame,Qwen3.6-35B-A3B-FP8-without-reasoning,letter_grids,instance_00003,Aborted at Player 2,0
1819,referencegame,Qwen3.6-35B-A3B-FP8-without-reasoning,letter_grids,instance_00003,Request Count,2
1820,referencegame,Qwen3.6-35B-A3B-FP8-without-reasoning,letter_grids,instance_00003,Parsed Request Count,2
1821,referencegame,Qwen3.6-35B-A3B-FP8-without-reasoning,letter_grids,instance_00003,Violated Request Count,0
1822,referencegame,Qwen3.6-35B-A3B-FP8-without-reasoning,letter_grids,instance_00003,Aborted,0
1823,referencegame,Qwen3.6-35B-A3B-FP8-without-reasoning,letter_grids,instance_00003,Success,1
1824,referencegame,Qwen3.6-35B-A3B-FP8-without-reasoning,letter_grids,instance_00003,Lose,0
1825,referencegame,Qwen3.6-35B-A3B-FP8-without-reasoning,letter_grids,instance_00003,Main Score,100
1826,referencegame,Qwen3.6-35B-A3B-FP8-without-reasoning,letter_grids,instance_00003,Request Success Ratio,1.0
1827,referencegame,Qwen3.6-35B-A3B-FP8-without-reasoning,letter_grids,instance_00004,Generated Expression Length,37
1828,referencegame,Qwen3.6-35B-A3B-FP8-without-reasoning,letter_grids,instance_00004,Generated Expression Number of Tokens,2
1829,referencegame,Qwen3.6-35B-A3B-FP8-without-reasoning,letter_grids,instance_00004,Aborted at Player 1,0
1830,referencegame,Qwen3.6-35B-A3B-FP8-without-reasoning,letter_grids,instance_00004,Aborted at Player 2,0
1831,referencegame,Qwen3.6-35B-A3B-FP8-without-reasoning,letter_grids,instance_00004,Request Count,2
1832,referencegame,Qwen3.6-35B-A3B-FP8-without-reasoning,letter_grids,instance_00004,Parsed Request Count,2
1833,referencegame,Qwen3.6-35B-A3B-FP8-without-reasoning,letter_grids,instance_00004,Violated Request Count,0
1834,referencegame,Qwen3.6-35B-A3B-FP8-without-reasoning,letter_grids,instance_00004,Aborted,0
1835,referencegame,Qwen3.6-35B-A3B-FP8-without-reasoning,letter_grids,instance_00004,Success,1
1836,referencegame,Qwen3.6-35B-A3B-FP8-without-reasoning,letter_grids,instance_00004,Lose,0
1837,referencegame,Qwen3.6-35B-A3B-FP8-without-reasoning,letter_grids,instance_00004,Main Score,100
1838,referencegame,Qwen3.6-35B-A3B-FP8-without-reasoning,letter_grids,instance_00004,Request Success Ratio,1.0
1839,referencegame,Qwen3.6-35B-A3B-FP8-without-reasoning,letter_grids,instance_00001,Generated Expression Length,32
1840,referencegame,Qwen3.6-35B-A3B-FP8-without-reasoning,letter_grids,instance_00001,Generated Expression Number of Tokens,2
1841,referencegame,Qwen3.6-35B-A3B-FP8-without-reasoning,letter_grids,instance_00001,Aborted at Player 1,0
1842,referencegame,Qwen3.6-35B-A3B-FP8-without-reasoning,letter_grids,instance_00001,Aborted at Player 2,0
1843,referencegame,Qwen3.6-35B-A3B-FP8-without-reasoning,letter_grids,instance_00001,Request Count,2
1844,referencegame,Qwen3.6-35B-A3B-FP8-without-reasoning,letter_grids,instance_00001,Parsed Request Count,2
1845,referencegame,Qwen3.6-35B-A3B-FP8-without-reasoning,letter_grids,instance_00001,Violated Request Count,0
1846,referencegame,Qwen3.6-35B-A3B-FP8-without-reasoning,letter_grids,instance_00001,Aborted,0
1847,referencegame,Qwen3.6-35B-A3B-FP8-without-reasoning,letter_grids,instance_00001,Success,1
1848,referencegame,Qwen3.6-35B-A3B-FP8-without-reasoning,letter_grids,instance_00001,Lose,0
1849,referencegame,Qwen3.6-35B-A3B-FP8-without-reasoning,letter_grids,instance_00001,Main Score,100
1850,referencegame,Qwen3.6-35B-A3B-FP8-without-reasoning,letter_grids,instance_00001,Request Success Ratio,1.0
1851,referencegame,Qwen3.6-35B-A3B-FP8-without-reasoning,letter_grids,instance_00000,Generated Expression Length,37
1852,referencegame,Qwen3.6-35B-A3B-FP8-without-reasoning,letter_grids,instance_00000,Generated Expression Number of Tokens,2
1853,referencegame,Qwen3.6-35B-A3B-FP8-without-reasoning,letter_grids,instance_00000,Aborted at Player 1,0
1854,referencegame,Qwen3.6-35B-A3B-FP8-without-reasoning,letter_grids,instance_00000,Aborted at Player 2,0
1855,referencegame,Qwen3.6-35B-A3B-FP8-without-reasoning,letter_grids,instance_00000,Request Count,2
1856,referencegame,Qwen3.6-35B-A3B-FP8-without-reasoning,letter_grids,instance_00000,Parsed Request Count,2
1857,referencegame,Qwen3.6-35B-A3B-FP8-without-reasoning,letter_grids,instance_00000,Violated Request Count,0
1858,referencegame,Qwen3.6-35B-A3B-FP8-without-reasoning,letter_grids,instance_00000,Aborted,0
1859,referencegame,Qwen3.6-35B-A3B-FP8-without-reasoning,letter_grids,instance_00000,Success,1
1860,referencegame,Qwen3.6-35B-A3B-FP8-without-reasoning,letter_grids,instance_00000,Lose,0
1861,referencegame,Qwen3.6-35B-A3B-FP8-without-reasoning,letter_grids,instance_00000,Main Score,100
1862,referencegame,Qwen3.6-35B-A3B-FP8-without-reasoning,letter_grids,instance_00000,Request Success Ratio,1.0
1863,privateshared,Qwen3.6-35B-A3B-FP8-without-reasoning,restaurant,instance_00002,Middle-Accuracy,1.0
1864,privateshared,Qwen3.6-35B-A3B-FP8-without-reasoning,restaurant,instance_00002,Accuracy,1.0
1865,privateshared,Qwen3.6-35B-A3B-FP8-without-reasoning,restaurant,instance_00002,Kappa,1.0
1866,privateshared,Qwen3.6-35B-A3B-FP8-without-reasoning,restaurant,instance_00002,Truncated Kappa,1.0
1867,privateshared,Qwen3.6-35B-A3B-FP8-without-reasoning,restaurant,instance_00002,Slot-Filling-Accuracy,1.0
1868,privateshared,Qwen3.6-35B-A3B-FP8-without-reasoning,restaurant,instance_00002,Main Score,100.0
1869,privateshared,Qwen3.6-35B-A3B-FP8-without-reasoning,restaurant,instance_00002,Aborted,0
1870,privateshared,Qwen3.6-35B-A3B-FP8-without-reasoning,restaurant,instance_00002,Lose,0
1871,privateshared,Qwen3.6-35B-A3B-FP8-without-reasoning,restaurant,instance_00002,Success,1
1872,privateshared,Qwen3.6-35B-A3B-FP8-without-reasoning,restaurant,instance_00002,Request Count,35
1873,privateshared,Qwen3.6-35B-A3B-FP8-without-reasoning,restaurant,instance_00002,Parsed Request Count,35
1874,privateshared,Qwen3.6-35B-A3B-FP8-without-reasoning,restaurant,instance_00002,Violated Request Count,0
1875,privateshared,Qwen3.6-35B-A3B-FP8-without-reasoning,restaurant,instance_00002,Request Success Ratio,1.0
1876,privateshared,Qwen3.6-35B-A3B-FP8-without-reasoning,restaurant,instance_00003,Middle-Accuracy,1.0
1877,privateshared,Qwen3.6-35B-A3B-FP8-without-reasoning,restaurant,instance_00003,Accuracy,0.9666666666666667
1878,privateshared,Qwen3.6-35B-A3B-FP8-without-reasoning,restaurant,instance_00003,Kappa,0.9333333333333333
1879,privateshared,Qwen3.6-35B-A3B-FP8-without-reasoning,restaurant,instance_00003,Truncated Kappa,0.9333333333333333
1880,privateshared,Qwen3.6-35B-A3B-FP8-without-reasoning,restaurant,instance_00003,Slot-Filling-Accuracy,1.0
1881,privateshared,Qwen3.6-35B-A3B-FP8-without-reasoning,restaurant,instance_00003,Main Score,96.55172413793103
1882,privateshared,Qwen3.6-35B-A3B-FP8-without-reasoning,restaurant,instance_00003,Aborted,0
1883,privateshared,Qwen3.6-35B-A3B-FP8-without-reasoning,restaurant,instance_00003,Lose,1
1884,privateshared,Qwen3.6-35B-A3B-FP8-without-reasoning,restaurant,instance_00003,Success,0
1885,privateshared,Qwen3.6-35B-A3B-FP8-without-reasoning,restaurant,instance_00003,Request Count,35
1886,privateshared,Qwen3.6-35B-A3B-FP8-without-reasoning,restaurant,instance_00003,Parsed Request Count,35
1887,privateshared,Qwen3.6-35B-A3B-FP8-without-reasoning,restaurant,instance_00003,Violated Request Count,0
1888,privateshared,Qwen3.6-35B-A3B-FP8-without-reasoning,restaurant,instance_00003,Request Success Ratio,1.0
1889,privateshared,Qwen3.6-35B-A3B-FP8-without-reasoning,restaurant,instance_00004,Middle-Accuracy,1.0
1890,privateshared,Qwen3.6-35B-A3B-FP8-without-reasoning,restaurant,instance_00004,Accuracy,1.0
1891,privateshared,Qwen3.6-35B-A3B-FP8-without-reasoning,restaurant,instance_00004,Kappa,1.0
1892,privateshared,Qwen3.6-35B-A3B-FP8-without-reasoning,restaurant,instance_00004,Truncated Kappa,1.0
1893,privateshared,Qwen3.6-35B-A3B-FP8-without-reasoning,restaurant,instance_00004,Slot-Filling-Accuracy,1.0
1894,privateshared,Qwen3.6-35B-A3B-FP8-without-reasoning,restaurant,instance_00004,Main Score,100.0
1895,privateshared,Qwen3.6-35B-A3B-FP8-without-reasoning,restaurant,instance_00004,Aborted,0
1896,privateshared,Qwen3.6-35B-A3B-FP8-without-reasoning,restaurant,instance_00004,Lose,0
1897,privateshared,Qwen3.6-35B-A3B-FP8-without-reasoning,restaurant,instance_00004,Success,1
1898,privateshared,Qwen3.6-35B-A3B-FP8-without-reasoning,restaurant,instance_00004,Request Count,35
1899,privateshared,Qwen3.6-35B-A3B-FP8-without-reasoning,restaurant,instance_00004,Parsed Request Count,35
1900,privateshared,Qwen3.6-35B-A3B-FP8-without-reasoning,restaurant,instance_00004,Violated Request Count,0
1901,privateshared,Qwen3.6-35B-A3B-FP8-without-reasoning,restaurant,instance_00004,Request Success Ratio,1.0
1902,privateshared,Qwen3.6-35B-A3B-FP8-without-reasoning,restaurant,instance_00001,Middle-Accuracy,1.0
1903,privateshared,Qwen3.6-35B-A3B-FP8-without-reasoning,restaurant,instance_00001,Accuracy,1.0
1904,privateshared,Qwen3.6-35B-A3B-FP8-without-reasoning,restaurant,instance_00001,Kappa,1.0
1905,privateshared,Qwen3.6-35B-A3B-FP8-without-reasoning,restaurant,instance_00001,Truncated Kappa,1.0
1906,privateshared,Qwen3.6-35B-A3B-FP8-without-reasoning,restaurant,instance_00001,Slot-Filling-Accuracy,1.0
1907,privateshared,Qwen3.6-35B-A3B-FP8-without-reasoning,restaurant,instance_00001,Main Score,100.0
1908,privateshared,Qwen3.6-35B-A3B-FP8-without-reasoning,restaurant,instance_00001,Aborted,0
1909,privateshared,Qwen3.6-35B-A3B-FP8-without-reasoning,restaurant,instance_00001,Lose,0
1910,privateshared,Qwen3.6-35B-A3B-FP8-without-reasoning,restaurant,instance_00001,Success,1
1911,privateshared,Qwen3.6-35B-A3B-FP8-without-reasoning,restaurant,instance_00001,Request Count,35
1912,privateshared,Qwen3.6-35B-A3B-FP8-without-reasoning,restaurant,instance_00001,Parsed Request Count,35
1913,privateshared,Qwen3.6-35B-A3B-FP8-without-reasoning,restaurant,instance_00001,Violated Request Count,0
1914,privateshared,Qwen3.6-35B-A3B-FP8-without-reasoning,restaurant,instance_00001,Request Success Ratio,1.0
1915,privateshared,Qwen3.6-35B-A3B-FP8-without-reasoning,restaurant,instance_00000,Middle-Accuracy,0.8
1916,privateshared,Qwen3.6-35B-A3B-FP8-without-reasoning,restaurant,instance_00000,Accuracy,0.9666666666666667
1917,privateshared,Qwen3.6-35B-A3B-FP8-without-reasoning,restaurant,instance_00000,Kappa,0.9333333333333333
1918,privateshared,Qwen3.6-35B-A3B-FP8-without-reasoning,restaurant,instance_00000,Truncated Kappa,0.9333333333333333
1919,privateshared,Qwen3.6-35B-A3B-FP8-without-reasoning,restaurant,instance_00000,Slot-Filling-Accuracy,1.0
1920,privateshared,Qwen3.6-35B-A3B-FP8-without-reasoning,restaurant,instance_00000,Main Score,96.55172413793103
1921,privateshared,Qwen3.6-35B-A3B-FP8-without-reasoning,restaurant,instance_00000,Aborted,0
1922,privateshared,Qwen3.6-35B-A3B-FP8-without-reasoning,restaurant,instance_00000,Lose,1
1923,privateshared,Qwen3.6-35B-A3B-FP8-without-reasoning,restaurant,instance_00000,Success,0
1924,privateshared,Qwen3.6-35B-A3B-FP8-without-reasoning,restaurant,instance_00000,Request Count,35
1925,privateshared,Qwen3.6-35B-A3B-FP8-without-reasoning,restaurant,instance_00000,Parsed Request Count,35
1926,privateshared,Qwen3.6-35B-A3B-FP8-without-reasoning,restaurant,instance_00000,Violated Request Count,0
1927,privateshared,Qwen3.6-35B-A3B-FP8-without-reasoning,restaurant,instance_00000,Request Success Ratio,1.0
1928,privateshared,Qwen3.6-35B-A3B-FP8-without-reasoning,travel-booking,instance_00002,Middle-Accuracy,0.4
1929,privateshared,Qwen3.6-35B-A3B-FP8-without-reasoning,travel-booking,instance_00002,Accuracy,0.7666666666666667
1930,privateshared,Qwen3.6-35B-A3B-FP8-without-reasoning,travel-booking,instance_00002,Kappa,0.5333333333333333
1931,privateshared,Qwen3.6-35B-A3B-FP8-without-reasoning,travel-booking,instance_00002,Truncated Kappa,0.5333333333333333
1932,privateshared,Qwen3.6-35B-A3B-FP8-without-reasoning,travel-booking,instance_00002,Slot-Filling-Accuracy,1.0
1933,privateshared,Qwen3.6-35B-A3B-FP8-without-reasoning,travel-booking,instance_00002,Main Score,69.56521739130436
1934,privateshared,Qwen3.6-35B-A3B-FP8-without-reasoning,travel-booking,instance_00002,Aborted,0
1935,privateshared,Qwen3.6-35B-A3B-FP8-without-reasoning,travel-booking,instance_00002,Lose,1
1936,privateshared,Qwen3.6-35B-A3B-FP8-without-reasoning,travel-booking,instance_00002,Success,0
1937,privateshared,Qwen3.6-35B-A3B-FP8-without-reasoning,travel-booking,instance_00002,Request Count,36
1938,privateshared,Qwen3.6-35B-A3B-FP8-without-reasoning,travel-booking,instance_00002,Parsed Request Count,35
1939,privateshared,Qwen3.6-35B-A3B-FP8-without-reasoning,travel-booking,instance_00002,Violated Request Count,1
1940,privateshared,Qwen3.6-35B-A3B-FP8-without-reasoning,travel-booking,instance_00002,Request Success Ratio,0.9722222222222222
1941,privateshared,Qwen3.6-35B-A3B-FP8-without-reasoning,travel-booking,instance_00003,Middle-Accuracy,1.0
1942,privateshared,Qwen3.6-35B-A3B-FP8-without-reasoning,travel-booking,instance_00003,Accuracy,0.9
1943,privateshared,Qwen3.6-35B-A3B-FP8-without-reasoning,travel-booking,instance_00003,Kappa,0.8
1944,privateshared,Qwen3.6-35B-A3B-FP8-without-reasoning,travel-booking,instance_00003,Truncated Kappa,0.8
1945,privateshared,Qwen3.6-35B-A3B-FP8-without-reasoning,travel-booking,instance_00003,Slot-Filling-Accuracy,1.0
1946,privateshared,Qwen3.6-35B-A3B-FP8-without-reasoning,travel-booking,instance_00003,Main Score,88.8888888888889
1947,privateshared,Qwen3.6-35B-A3B-FP8-without-reasoning,travel-booking,instance_00003,Aborted,0
1948,privateshared,Qwen3.6-35B-A3B-FP8-without-reasoning,travel-booking,instance_00003,Lose,1
1949,privateshared,Qwen3.6-35B-A3B-FP8-without-reasoning,travel-booking,instance_00003,Success,0
1950,privateshared,Qwen3.6-35B-A3B-FP8-without-reasoning,travel-booking,instance_00003,Request Count,36
1951,privateshared,Qwen3.6-35B-A3B-FP8-without-reasoning,travel-booking,instance_00003,Parsed Request Count,35
1952,privateshared,Qwen3.6-35B-A3B-FP8-without-reasoning,travel-booking,instance_00003,Violated Request Count,1
1953,privateshared,Qwen3.6-35B-A3B-FP8-without-reasoning,travel-booking,instance_00003,Request Success Ratio,0.9722222222222222
1954,privateshared,Qwen3.6-35B-A3B-FP8-without-reasoning,travel-booking,instance_00004,Middle-Accuracy,0.8
1955,privateshared,Qwen3.6-35B-A3B-FP8-without-reasoning,travel-booking,instance_00004,Accuracy,0.8333333333333334
1956,privateshared,Qwen3.6-35B-A3B-FP8-without-reasoning,travel-booking,instance_00004,Kappa,0.6666666666666667
1957,privateshared,Qwen3.6-35B-A3B-FP8-without-reasoning,travel-booking,instance_00004,Truncated Kappa,0.6666666666666667
1958,privateshared,Qwen3.6-35B-A3B-FP8-without-reasoning,travel-booking,instance_00004,Slot-Filling-Accuracy,1.0
1959,privateshared,Qwen3.6-35B-A3B-FP8-without-reasoning,travel-booking,instance_00004,Main Score,80.0
1960,privateshared,Qwen3.6-35B-A3B-FP8-without-reasoning,travel-booking,instance_00004,Aborted,0
1961,privateshared,Qwen3.6-35B-A3B-FP8-without-reasoning,travel-booking,instance_00004,Lose,1
1962,privateshared,Qwen3.6-35B-A3B-FP8-without-reasoning,travel-booking,instance_00004,Success,0
1963,privateshared,Qwen3.6-35B-A3B-FP8-without-reasoning,travel-booking,instance_00004,Request Count,35
1964,privateshared,Qwen3.6-35B-A3B-FP8-without-reasoning,travel-booking,instance_00004,Parsed Request Count,35
1965,privateshared,Qwen3.6-35B-A3B-FP8-without-reasoning,travel-booking,instance_00004,Violated Request Count,0
1966,privateshared,Qwen3.6-35B-A3B-FP8-without-reasoning,travel-booking,instance_00004,Request Success Ratio,1.0
1967,privateshared,Qwen3.6-35B-A3B-FP8-without-reasoning,travel-booking,instance_00001,Middle-Accuracy,0.4
1968,privateshared,Qwen3.6-35B-A3B-FP8-without-reasoning,travel-booking,instance_00001,Accuracy,0.8333333333333334
1969,privateshared,Qwen3.6-35B-A3B-FP8-without-reasoning,travel-booking,instance_00001,Kappa,0.6575342465753424
1970,privateshared,Qwen3.6-35B-A3B-FP8-without-reasoning,travel-booking,instance_00001,Truncated Kappa,0.6575342465753424
1971,privateshared,Qwen3.6-35B-A3B-FP8-without-reasoning,travel-booking,instance_00001,Slot-Filling-Accuracy,0.8
1972,privateshared,Qwen3.6-35B-A3B-FP8-without-reasoning,travel-booking,instance_00001,Main Score,72.18045112781954
1973,privateshared,Qwen3.6-35B-A3B-FP8-without-reasoning,travel-booking,instance_00001,Aborted,0
1974,privateshared,Qwen3.6-35B-A3B-FP8-without-reasoning,travel-booking,instance_00001,Lose,1
1975,privateshared,Qwen3.6-35B-A3B-FP8-without-reasoning,travel-booking,instance_00001,Success,0
1976,privateshared,Qwen3.6-35B-A3B-FP8-without-reasoning,travel-booking,instance_00001,Request Count,35
1977,privateshared,Qwen3.6-35B-A3B-FP8-without-reasoning,travel-booking,instance_00001,Parsed Request Count,35
1978,privateshared,Qwen3.6-35B-A3B-FP8-without-reasoning,travel-booking,instance_00001,Violated Request Count,0
1979,privateshared,Qwen3.6-35B-A3B-FP8-without-reasoning,travel-booking,instance_00001,Request Success Ratio,1.0
1980,privateshared,Qwen3.6-35B-A3B-FP8-without-reasoning,travel-booking,instance_00000,Middle-Accuracy,0.8
1981,privateshared,Qwen3.6-35B-A3B-FP8-without-reasoning,travel-booking,instance_00000,Accuracy,0.9
1982,privateshared,Qwen3.6-35B-A3B-FP8-without-reasoning,travel-booking,instance_00000,Kappa,0.8
1983,privateshared,Qwen3.6-35B-A3B-FP8-without-reasoning,travel-booking,instance_00000,Truncated Kappa,0.8
1984,privateshared,Qwen3.6-35B-A3B-FP8-without-reasoning,travel-booking,instance_00000,Slot-Filling-Accuracy,1.0
1985,privateshared,Qwen3.6-35B-A3B-FP8-without-reasoning,travel-booking,instance_00000,Main Score,88.8888888888889
1986,privateshared,Qwen3.6-35B-A3B-FP8-without-reasoning,travel-booking,instance_00000,Aborted,0
1987,privateshared,Qwen3.6-35B-A3B-FP8-without-reasoning,travel-booking,instance_00000,Lose,1
1988,privateshared,Qwen3.6-35B-A3B-FP8-without-reasoning,travel-booking,instance_00000,Success,0
1989,privateshared,Qwen3.6-35B-A3B-FP8-without-reasoning,travel-booking,instance_00000,Request Count,36
1990,privateshared,Qwen3.6-35B-A3B-FP8-without-reasoning,travel-booking,instance_00000,Parsed Request Count,35
1991,privateshared,Qwen3.6-35B-A3B-FP8-without-reasoning,travel-booking,instance_00000,Violated Request Count,1
1992,privateshared,Qwen3.6-35B-A3B-FP8-without-reasoning,travel-booking,instance_00000,Request Success Ratio,0.9722222222222222
1993,privateshared,Qwen3.6-35B-A3B-FP8-without-reasoning,things-places,instance_00002,Middle-Accuracy,0.8
1994,privateshared,Qwen3.6-35B-A3B-FP8-without-reasoning,things-places,instance_00002,Accuracy,0.8458333333333333
1995,privateshared,Qwen3.6-35B-A3B-FP8-without-reasoning,things-places,instance_00002,Kappa,0.6916666666666667
1996,privateshared,Qwen3.6-35B-A3B-FP8-without-reasoning,things-places,instance_00002,Truncated Kappa,0.6916666666666667
1997,privateshared,Qwen3.6-35B-A3B-FP8-without-reasoning,things-places,instance_00002,Slot-Filling-Accuracy,1.0
1998,privateshared,Qwen3.6-35B-A3B-FP8-without-reasoning,things-places,instance_00002,Main Score,81.77339901477832
1999,privateshared,Qwen3.6-35B-A3B-FP8-without-reasoning,things-places,instance_00002,Aborted,0
2000,privateshared,Qwen3.6-35B-A3B-FP8-without-reasoning,things-places,instance_00002,Lose,1
2001,privateshared,Qwen3.6-35B-A3B-FP8-without-reasoning,things-places,instance_00002,Success,0
2002,privateshared,Qwen3.6-35B-A3B-FP8-without-reasoning,things-places,instance_00002,Request Count,255
2003,privateshared,Qwen3.6-35B-A3B-FP8-without-reasoning,things-places,instance_00002,Parsed Request Count,255
2004,privateshared,Qwen3.6-35B-A3B-FP8-without-reasoning,things-places,instance_00002,Violated Request Count,0
2005,privateshared,Qwen3.6-35B-A3B-FP8-without-reasoning,things-places,instance_00002,Request Success Ratio,1.0
2006,privateshared,Qwen3.6-35B-A3B-FP8-without-reasoning,things-places,instance_00003,Middle-Accuracy,0.7333333333333333
2007,privateshared,Qwen3.6-35B-A3B-FP8-without-reasoning,things-places,instance_00003,Accuracy,0.8416666666666667
2008,privateshared,Qwen3.6-35B-A3B-FP8-without-reasoning,things-places,instance_00003,Kappa,0.6833333333333333
2009,privateshared,Qwen3.6-35B-A3B-FP8-without-reasoning,things-places,instance_00003,Truncated Kappa,0.6833333333333333
2010,privateshared,Qwen3.6-35B-A3B-FP8-without-reasoning,things-places,instance_00003,Slot-Filling-Accuracy,1.0
2011,privateshared,Qwen3.6-35B-A3B-FP8-without-reasoning,things-places,instance_00003,Main Score,81.1881188118812
2012,privateshared,Qwen3.6-35B-A3B-FP8-without-reasoning,things-places,instance_00003,Aborted,0
2013,privateshared,Qwen3.6-35B-A3B-FP8-without-reasoning,things-places,instance_00003,Lose,1
2014,privateshared,Qwen3.6-35B-A3B-FP8-without-reasoning,things-places,instance_00003,Success,0
2015,privateshared,Qwen3.6-35B-A3B-FP8-without-reasoning,things-places,instance_00003,Request Count,255
2016,privateshared,Qwen3.6-35B-A3B-FP8-without-reasoning,things-places,instance_00003,Parsed Request Count,255
2017,privateshared,Qwen3.6-35B-A3B-FP8-without-reasoning,things-places,instance_00003,Violated Request Count,0
2018,privateshared,Qwen3.6-35B-A3B-FP8-without-reasoning,things-places,instance_00003,Request Success Ratio,1.0
2019,privateshared,Qwen3.6-35B-A3B-FP8-without-reasoning,things-places,instance_00004,Middle-Accuracy,0.8666666666666667
2020,privateshared,Qwen3.6-35B-A3B-FP8-without-reasoning,things-places,instance_00004,Accuracy,0.8625
2021,privateshared,Qwen3.6-35B-A3B-FP8-without-reasoning,things-places,instance_00004,Kappa,0.725
2022,privateshared,Qwen3.6-35B-A3B-FP8-without-reasoning,things-places,instance_00004,Truncated Kappa,0.725
2023,privateshared,Qwen3.6-35B-A3B-FP8-without-reasoning,things-places,instance_00004,Slot-Filling-Accuracy,1.0
2024,privateshared,Qwen3.6-35B-A3B-FP8-without-reasoning,things-places,instance_00004,Main Score,84.05797101449275
2025,privateshared,Qwen3.6-35B-A3B-FP8-without-reasoning,things-places,instance_00004,Aborted,0
2026,privateshared,Qwen3.6-35B-A3B-FP8-without-reasoning,things-places,instance_00004,Lose,1
2027,privateshared,Qwen3.6-35B-A3B-FP8-without-reasoning,things-places,instance_00004,Success,0
2028,privateshared,Qwen3.6-35B-A3B-FP8-without-reasoning,things-places,instance_00004,Request Count,255
2029,privateshared,Qwen3.6-35B-A3B-FP8-without-reasoning,things-places,instance_00004,Parsed Request Count,255
2030,privateshared,Qwen3.6-35B-A3B-FP8-without-reasoning,things-places,instance_00004,Violated Request Count,0
2031,privateshared,Qwen3.6-35B-A3B-FP8-without-reasoning,things-places,instance_00004,Request Success Ratio,1.0
2032,privateshared,Qwen3.6-35B-A3B-FP8-without-reasoning,things-places,instance_00001,Middle-Accuracy,0.8
2033,privateshared,Qwen3.6-35B-A3B-FP8-without-reasoning,things-places,instance_00001,Accuracy,0.8708333333333333
2034,privateshared,Qwen3.6-35B-A3B-FP8-without-reasoning,things-places,instance_00001,Kappa,0.7416666666666667
2035,privateshared,Qwen3.6-35B-A3B-FP8-without-reasoning,things-places,instance_00001,Truncated Kappa,0.7416666666666667
2036,privateshared,Qwen3.6-35B-A3B-FP8-without-reasoning,things-places,instance_00001,Slot-Filling-Accuracy,1.0
2037,privateshared,Qwen3.6-35B-A3B-FP8-without-reasoning,things-places,instance_00001,Main Score,85.16746411483254
2038,privateshared,Qwen3.6-35B-A3B-FP8-without-reasoning,things-places,instance_00001,Aborted,0
2039,privateshared,Qwen3.6-35B-A3B-FP8-without-reasoning,things-places,instance_00001,Lose,1
2040,privateshared,Qwen3.6-35B-A3B-FP8-without-reasoning,things-places,instance_00001,Success,0
2041,privateshared,Qwen3.6-35B-A3B-FP8-without-reasoning,things-places,instance_00001,Request Count,255
2042,privateshared,Qwen3.6-35B-A3B-FP8-without-reasoning,things-places,instance_00001,Parsed Request Count,255
2043,privateshared,Qwen3.6-35B-A3B-FP8-without-reasoning,things-places,instance_00001,Violated Request Count,0
2044,privateshared,Qwen3.6-35B-A3B-FP8-without-reasoning,things-places,instance_00001,Request Success Ratio,1.0
2045,privateshared,Qwen3.6-35B-A3B-FP8-without-reasoning,things-places,instance_00000,Middle-Accuracy,0.8
2046,privateshared,Qwen3.6-35B-A3B-FP8-without-reasoning,things-places,instance_00000,Accuracy,0.9083333333333333
2047,privateshared,Qwen3.6-35B-A3B-FP8-without-reasoning,things-places,instance_00000,Kappa,0.8166666666666667
2048,privateshared,Qwen3.6-35B-A3B-FP8-without-reasoning,things-places,instance_00000,Truncated Kappa,0.8166666666666667
2049,privateshared,Qwen3.6-35B-A3B-FP8-without-reasoning,things-places,instance_00000,Slot-Filling-Accuracy,1.0
2050,privateshared,Qwen3.6-35B-A3B-FP8-without-reasoning,things-places,instance_00000,Main Score,89.90825688073394
2051,privateshared,Qwen3.6-35B-A3B-FP8-without-reasoning,things-places,instance_00000,Aborted,0
2052,privateshared,Qwen3.6-35B-A3B-FP8-without-reasoning,things-places,instance_00000,Lose,1
2053,privateshared,Qwen3.6-35B-A3B-FP8-without-reasoning,things-places,instance_00000,Success,0
2054,privateshared,Qwen3.6-35B-A3B-FP8-without-reasoning,things-places,instance_00000,Request Count,255
2055,privateshared,Qwen3.6-35B-A3B-FP8-without-reasoning,things-places,instance_00000,Parsed Request Count,255
2056,privateshared,Qwen3.6-35B-A3B-FP8-without-reasoning,things-places,instance_00000,Violated Request Count,0
2057,privateshared,Qwen3.6-35B-A3B-FP8-without-reasoning,things-places,instance_00000,Request Success Ratio,1.0
2058,privateshared,Qwen3.6-35B-A3B-FP8-without-reasoning,job-interview,instance_00002,Middle-Accuracy,0.8
2059,privateshared,Qwen3.6-35B-A3B-FP8-without-reasoning,job-interview,instance_00002,Accuracy,0.8666666666666667
2060,privateshared,Qwen3.6-35B-A3B-FP8-without-reasoning,job-interview,instance_00002,Kappa,0.7333333333333334
2061,privateshared,Qwen3.6-35B-A3B-FP8-without-reasoning,job-interview,instance_00002,Truncated Kappa,0.7333333333333334
2062,privateshared,Qwen3.6-35B-A3B-FP8-without-reasoning,job-interview,instance_00002,Slot-Filling-Accuracy,1.0
2063,privateshared,Qwen3.6-35B-A3B-FP8-without-reasoning,job-interview,instance_00002,Main Score,84.61538461538461
2064,privateshared,Qwen3.6-35B-A3B-FP8-without-reasoning,job-interview,instance_00002,Aborted,0
2065,privateshared,Qwen3.6-35B-A3B-FP8-without-reasoning,job-interview,instance_00002,Lose,1
2066,privateshared,Qwen3.6-35B-A3B-FP8-without-reasoning,job-interview,instance_00002,Success,0
2067,privateshared,Qwen3.6-35B-A3B-FP8-without-reasoning,job-interview,instance_00002,Request Count,35
2068,privateshared,Qwen3.6-35B-A3B-FP8-without-reasoning,job-interview,instance_00002,Parsed Request Count,35
2069,privateshared,Qwen3.6-35B-A3B-FP8-without-reasoning,job-interview,instance_00002,Violated Request Count,0
2070,privateshared,Qwen3.6-35B-A3B-FP8-without-reasoning,job-interview,instance_00002,Request Success Ratio,1.0
2071,privateshared,Qwen3.6-35B-A3B-FP8-without-reasoning,job-interview,instance_00003,Middle-Accuracy,0.8
2072,privateshared,Qwen3.6-35B-A3B-FP8-without-reasoning,job-interview,instance_00003,Accuracy,0.8
2073,privateshared,Qwen3.6-35B-A3B-FP8-without-reasoning,job-interview,instance_00003,Kappa,0.6
2074,privateshared,Qwen3.6-35B-A3B-FP8-without-reasoning,job-interview,instance_00003,Truncated Kappa,0.6
2075,privateshared,Qwen3.6-35B-A3B-FP8-without-reasoning,job-interview,instance_00003,Slot-Filling-Accuracy,1.0
2076,privateshared,Qwen3.6-35B-A3B-FP8-without-reasoning,job-interview,instance_00003,Main Score,74.99999999999999
2077,privateshared,Qwen3.6-35B-A3B-FP8-without-reasoning,job-interview,instance_00003,Aborted,0
2078,privateshared,Qwen3.6-35B-A3B-FP8-without-reasoning,job-interview,instance_00003,Lose,1
2079,privateshared,Qwen3.6-35B-A3B-FP8-without-reasoning,job-interview,instance_00003,Success,0
2080,privateshared,Qwen3.6-35B-A3B-FP8-without-reasoning,job-interview,instance_00003,Request Count,35
2081,privateshared,Qwen3.6-35B-A3B-FP8-without-reasoning,job-interview,instance_00003,Parsed Request Count,35
2082,privateshared,Qwen3.6-35B-A3B-FP8-without-reasoning,job-interview,instance_00003,Violated Request Count,0
2083,privateshared,Qwen3.6-35B-A3B-FP8-without-reasoning,job-interview,instance_00003,Request Success Ratio,1.0
2084,privateshared,Qwen3.6-35B-A3B-FP8-without-reasoning,job-interview,instance_00004,Middle-Accuracy,0.6
2085,privateshared,Qwen3.6-35B-A3B-FP8-without-reasoning,job-interview,instance_00004,Accuracy,0.8333333333333334
2086,privateshared,Qwen3.6-35B-A3B-FP8-without-reasoning,job-interview,instance_00004,Kappa,0.6575342465753424
2087,privateshared,Qwen3.6-35B-A3B-FP8-without-reasoning,job-interview,instance_00004,Truncated Kappa,0.6575342465753424
2088,privateshared,Qwen3.6-35B-A3B-FP8-without-reasoning,job-interview,instance_00004,Slot-Filling-Accuracy,1.0
2089,privateshared,Qwen3.6-35B-A3B-FP8-without-reasoning,job-interview,instance_00004,Main Score,79.33884297520662
2090,privateshared,Qwen3.6-35B-A3B-FP8-without-reasoning,job-interview,instance_00004,Aborted,0
2091,privateshared,Qwen3.6-35B-A3B-FP8-without-reasoning,job-interview,instance_00004,Lose,1
2092,privateshared,Qwen3.6-35B-A3B-FP8-without-reasoning,job-interview,instance_00004,Success,0
2093,privateshared,Qwen3.6-35B-A3B-FP8-without-reasoning,job-interview,instance_00004,Request Count,35
2094,privateshared,Qwen3.6-35B-A3B-FP8-without-reasoning,job-interview,instance_00004,Parsed Request Count,35
2095,privateshared,Qwen3.6-35B-A3B-FP8-without-reasoning,job-interview,instance_00004,Violated Request Count,0
2096,privateshared,Qwen3.6-35B-A3B-FP8-without-reasoning,job-interview,instance_00004,Request Success Ratio,1.0
2097,privateshared,Qwen3.6-35B-A3B-FP8-without-reasoning,job-interview,instance_00001,Middle-Accuracy,1.0
2098,privateshared,Qwen3.6-35B-A3B-FP8-without-reasoning,job-interview,instance_00001,Accuracy,0.9333333333333333
2099,privateshared,Qwen3.6-35B-A3B-FP8-without-reasoning,job-interview,instance_00001,Kappa,0.8666666666666667
2100,privateshared,Qwen3.6-35B-A3B-FP8-without-reasoning,job-interview,instance_00001,Truncated Kappa,0.8666666666666667
2101,privateshared,Qwen3.6-35B-A3B-FP8-without-reasoning,job-interview,instance_00001,Slot-Filling-Accuracy,1.0
2102,privateshared,Qwen3.6-35B-A3B-FP8-without-reasoning,job-interview,instance_00001,Main Score,92.85714285714286
2103,privateshared,Qwen3.6-35B-A3B-FP8-without-reasoning,job-interview,instance_00001,Aborted,0
2104,privateshared,Qwen3.6-35B-A3B-FP8-without-reasoning,job-interview,instance_00001,Lose,1
2105,privateshared,Qwen3.6-35B-A3B-FP8-without-reasoning,job-interview,instance_00001,Success,0
2106,privateshared,Qwen3.6-35B-A3B-FP8-without-reasoning,job-interview,instance_00001,Request Count,35
2107,privateshared,Qwen3.6-35B-A3B-FP8-without-reasoning,job-interview,instance_00001,Parsed Request Count,35
2108,privateshared,Qwen3.6-35B-A3B-FP8-without-reasoning,job-interview,instance_00001,Violated Request Count,0
2109,privateshared,Qwen3.6-35B-A3B-FP8-without-reasoning,job-interview,instance_00001,Request Success Ratio,1.0
2110,privateshared,Qwen3.6-35B-A3B-FP8-without-reasoning,job-interview,instance_00000,Middle-Accuracy,0.8
2111,privateshared,Qwen3.6-35B-A3B-FP8-without-reasoning,job-interview,instance_00000,Accuracy,0.9
2112,privateshared,Qwen3.6-35B-A3B-FP8-without-reasoning,job-interview,instance_00000,Kappa,0.8
2113,privateshared,Qwen3.6-35B-A3B-FP8-without-reasoning,job-interview,instance_00000,Truncated Kappa,0.8
2114,privateshared,Qwen3.6-35B-A3B-FP8-without-reasoning,job-interview,instance_00000,Slot-Filling-Accuracy,1.0
2115,privateshared,Qwen3.6-35B-A3B-FP8-without-reasoning,job-interview,instance_00000,Main Score,88.8888888888889
2116,privateshared,Qwen3.6-35B-A3B-FP8-without-reasoning,job-interview,instance_00000,Aborted,0
2117,privateshared,Qwen3.6-35B-A3B-FP8-without-reasoning,job-interview,instance_00000,Lose,1
2118,privateshared,Qwen3.6-35B-A3B-FP8-without-reasoning,job-interview,instance_00000,Success,0
2119,privateshared,Qwen3.6-35B-A3B-FP8-without-reasoning,job-interview,instance_00000,Request Count,35
2120,privateshared,Qwen3.6-35B-A3B-FP8-without-reasoning,job-interview,instance_00000,Parsed Request Count,35
2121,privateshared,Qwen3.6-35B-A3B-FP8-without-reasoning,job-interview,instance_00000,Violated Request Count,0
2122,privateshared,Qwen3.6-35B-A3B-FP8-without-reasoning,job-interview,instance_00000,Request Success Ratio,1.0
2123,privateshared,Qwen3.6-35B-A3B-FP8-without-reasoning,letter-number,instance_00002,Middle-Accuracy,0.6
2124,privateshared,Qwen3.6-35B-A3B-FP8-without-reasoning,letter-number,instance_00002,Accuracy,0.7545454545454545
2125,privateshared,Qwen3.6-35B-A3B-FP8-without-reasoning,letter-number,instance_00002,Kappa,0.509090909090909
2126,privateshared,Qwen3.6-35B-A3B-FP8-without-reasoning,letter-number,instance_00002,Truncated Kappa,0.509090909090909
2127,privateshared,Qwen3.6-35B-A3B-FP8-without-reasoning,letter-number,instance_00002,Slot-Filling-Accuracy,1.0
2128,privateshared,Qwen3.6-35B-A3B-FP8-without-reasoning,letter-number,instance_00002,Main Score,67.46987951807229
2129,privateshared,Qwen3.6-35B-A3B-FP8-without-reasoning,letter-number,instance_00002,Aborted,0
2130,privateshared,Qwen3.6-35B-A3B-FP8-without-reasoning,letter-number,instance_00002,Lose,1
2131,privateshared,Qwen3.6-35B-A3B-FP8-without-reasoning,letter-number,instance_00002,Success,0
2132,privateshared,Qwen3.6-35B-A3B-FP8-without-reasoning,letter-number,instance_00002,Request Count,120
2133,privateshared,Qwen3.6-35B-A3B-FP8-without-reasoning,letter-number,instance_00002,Parsed Request Count,120
2134,privateshared,Qwen3.6-35B-A3B-FP8-without-reasoning,letter-number,instance_00002,Violated Request Count,0
2135,privateshared,Qwen3.6-35B-A3B-FP8-without-reasoning,letter-number,instance_00002,Request Success Ratio,1.0
2136,privateshared,Qwen3.6-35B-A3B-FP8-without-reasoning,letter-number,instance_00003,Middle-Accuracy,0.5
2137,privateshared,Qwen3.6-35B-A3B-FP8-without-reasoning,letter-number,instance_00003,Accuracy,0.7454545454545455
2138,privateshared,Qwen3.6-35B-A3B-FP8-without-reasoning,letter-number,instance_00003,Kappa,0.49090909090909096
2139,privateshared,Qwen3.6-35B-A3B-FP8-without-reasoning,letter-number,instance_00003,Truncated Kappa,0.49090909090909096
2140,privateshared,Qwen3.6-35B-A3B-FP8-without-reasoning,letter-number,instance_00003,Slot-Filling-Accuracy,1.0
2141,privateshared,Qwen3.6-35B-A3B-FP8-without-reasoning,letter-number,instance_00003,Main Score,65.85365853658537
2142,privateshared,Qwen3.6-35B-A3B-FP8-without-reasoning,letter-number,instance_00003,Aborted,0
2143,privateshared,Qwen3.6-35B-A3B-FP8-without-reasoning,letter-number,instance_00003,Lose,1
2144,privateshared,Qwen3.6-35B-A3B-FP8-without-reasoning,letter-number,instance_00003,Success,0
2145,privateshared,Qwen3.6-35B-A3B-FP8-without-reasoning,letter-number,instance_00003,Request Count,120
2146,privateshared,Qwen3.6-35B-A3B-FP8-without-reasoning,letter-number,instance_00003,Parsed Request Count,120
2147,privateshared,Qwen3.6-35B-A3B-FP8-without-reasoning,letter-number,instance_00003,Violated Request Count,0
2148,privateshared,Qwen3.6-35B-A3B-FP8-without-reasoning,letter-number,instance_00003,Request Success Ratio,1.0
2149,privateshared,Qwen3.6-35B-A3B-FP8-without-reasoning,letter-number,instance_00004,Middle-Accuracy,1.0
2150,privateshared,Qwen3.6-35B-A3B-FP8-without-reasoning,letter-number,instance_00004,Accuracy,0.8454545454545455
2151,privateshared,Qwen3.6-35B-A3B-FP8-without-reasoning,letter-number,instance_00004,Kappa,0.6909090909090909
2152,privateshared,Qwen3.6-35B-A3B-FP8-without-reasoning,letter-number,instance_00004,Truncated Kappa,0.6909090909090909
2153,privateshared,Qwen3.6-35B-A3B-FP8-without-reasoning,letter-number,instance_00004,Slot-Filling-Accuracy,1.0
2154,privateshared,Qwen3.6-35B-A3B-FP8-without-reasoning,letter-number,instance_00004,Main Score,81.72043010752688
2155,privateshared,Qwen3.6-35B-A3B-FP8-without-reasoning,letter-number,instance_00004,Aborted,0
2156,privateshared,Qwen3.6-35B-A3B-FP8-without-reasoning,letter-number,instance_00004,Lose,1
2157,privateshared,Qwen3.6-35B-A3B-FP8-without-reasoning,letter-number,instance_00004,Success,0
2158,privateshared,Qwen3.6-35B-A3B-FP8-without-reasoning,letter-number,instance_00004,Request Count,120
2159,privateshared,Qwen3.6-35B-A3B-FP8-without-reasoning,letter-number,instance_00004,Parsed Request Count,120
2160,privateshared,Qwen3.6-35B-A3B-FP8-without-reasoning,letter-number,instance_00004,Violated Request Count,0
2161,privateshared,Qwen3.6-35B-A3B-FP8-without-reasoning,letter-number,instance_00004,Request Success Ratio,1.0
2162,privateshared,Qwen3.6-35B-A3B-FP8-without-reasoning,letter-number,instance_00001,Middle-Accuracy,0.7
2163,privateshared,Qwen3.6-35B-A3B-FP8-without-reasoning,letter-number,instance_00001,Accuracy,0.8272727272727273
2164,privateshared,Qwen3.6-35B-A3B-FP8-without-reasoning,letter-number,instance_00001,Kappa,0.6545454545454545
2165,privateshared,Qwen3.6-35B-A3B-FP8-without-reasoning,letter-number,instance_00001,Truncated Kappa,0.6545454545454545
2166,privateshared,Qwen3.6-35B-A3B-FP8-without-reasoning,letter-number,instance_00001,Slot-Filling-Accuracy,1.0
2167,privateshared,Qwen3.6-35B-A3B-FP8-without-reasoning,letter-number,instance_00001,Main Score,79.12087912087912
2168,privateshared,Qwen3.6-35B-A3B-FP8-without-reasoning,letter-number,instance_00001,Aborted,0
2169,privateshared,Qwen3.6-35B-A3B-FP8-without-reasoning,letter-number,instance_00001,Lose,1
2170,privateshared,Qwen3.6-35B-A3B-FP8-without-reasoning,letter-number,instance_00001,Success,0
2171,privateshared,Qwen3.6-35B-A3B-FP8-without-reasoning,letter-number,instance_00001,Request Count,120
2172,privateshared,Qwen3.6-35B-A3B-FP8-without-reasoning,letter-number,instance_00001,Parsed Request Count,120
2173,privateshared,Qwen3.6-35B-A3B-FP8-without-reasoning,letter-number,instance_00001,Violated Request Count,0
2174,privateshared,Qwen3.6-35B-A3B-FP8-without-reasoning,letter-number,instance_00001,Request Success Ratio,1.0
2175,privateshared,Qwen3.6-35B-A3B-FP8-without-reasoning,letter-number,instance_00000,Middle-Accuracy,0.7
2176,privateshared,Qwen3.6-35B-A3B-FP8-without-reasoning,letter-number,instance_00000,Accuracy,0.7636363636363637
2177,privateshared,Qwen3.6-35B-A3B-FP8-without-reasoning,letter-number,instance_00000,Kappa,0.5272727272727273
2178,privateshared,Qwen3.6-35B-A3B-FP8-without-reasoning,letter-number,instance_00000,Truncated Kappa,0.5272727272727273
2179,privateshared,Qwen3.6-35B-A3B-FP8-without-reasoning,letter-number,instance_00000,Slot-Filling-Accuracy,1.0
2180,privateshared,Qwen3.6-35B-A3B-FP8-without-reasoning,letter-number,instance_00000,Main Score,69.04761904761905
2181,privateshared,Qwen3.6-35B-A3B-FP8-without-reasoning,letter-number,instance_00000,Aborted,0
2182,privateshared,Qwen3.6-35B-A3B-FP8-without-reasoning,letter-number,instance_00000,Lose,1
2183,privateshared,Qwen3.6-35B-A3B-FP8-without-reasoning,letter-number,instance_00000,Success,0
2184,privateshared,Qwen3.6-35B-A3B-FP8-without-reasoning,letter-number,instance_00000,Request Count,120
2185,privateshared,Qwen3.6-35B-A3B-FP8-without-reasoning,letter-number,instance_00000,Parsed Request Count,120
2186,privateshared,Qwen3.6-35B-A3B-FP8-without-reasoning,letter-number,instance_00000,Violated Request Count,0
2187,privateshared,Qwen3.6-35B-A3B-FP8-without-reasoning,letter-number,instance_00000,Request Success Ratio,1.0
2188,dond,Qwen3.6-35B-A3B-FP8-without-reasoning,semi,instance_00002,Request Count,2
2189,dond,Qwen3.6-35B-A3B-FP8-without-reasoning,semi,instance_00002,Parsed Request Count,1
2190,dond,Qwen3.6-35B-A3B-FP8-without-reasoning,semi,instance_00002,Violated Request Count,1
2191,dond,Qwen3.6-35B-A3B-FP8-without-reasoning,semi,instance_00002,Request Success Ratio,0.5
2192,dond,Qwen3.6-35B-A3B-FP8-without-reasoning,semi,instance_00002,Aborted,1
2193,dond,Qwen3.6-35B-A3B-FP8-without-reasoning,semi,instance_00002,Lose,0
2194,dond,Qwen3.6-35B-A3B-FP8-without-reasoning,semi,instance_00002,Success,0
2195,dond,Qwen3.6-35B-A3B-FP8-without-reasoning,semi,instance_00002,Main Score,
2196,dond,Qwen3.6-35B-A3B-FP8-without-reasoning,semi,instance_00003,Request Count,2
2197,dond,Qwen3.6-35B-A3B-FP8-without-reasoning,semi,instance_00003,Parsed Request Count,2
2198,dond,Qwen3.6-35B-A3B-FP8-without-reasoning,semi,instance_00003,Violated Request Count,0
2199,dond,Qwen3.6-35B-A3B-FP8-without-reasoning,semi,instance_00003,Request Success Ratio,1.0
2200,dond,Qwen3.6-35B-A3B-FP8-without-reasoning,semi,instance_00003,Aborted,0
2201,dond,Qwen3.6-35B-A3B-FP8-without-reasoning,semi,instance_00003,Lose,0
2202,dond,Qwen3.6-35B-A3B-FP8-without-reasoning,semi,instance_00003,Success,1
2203,dond,Qwen3.6-35B-A3B-FP8-without-reasoning,semi,instance_00003,Main Score,30.000000000000004
2204,dond,Qwen3.6-35B-A3B-FP8-without-reasoning,semi,instance_00003,Sum of Points,0.46153846153846156
2205,dond,Qwen3.6-35B-A3B-FP8-without-reasoning,semi,instance_00003,Pareto Optimal,0
2206,dond,Qwen3.6-35B-A3B-FP8-without-reasoning,semi,instance_00004,Request Count,3
2207,dond,Qwen3.6-35B-A3B-FP8-without-reasoning,semi,instance_00004,Parsed Request Count,3
2208,dond,Qwen3.6-35B-A3B-FP8-without-reasoning,semi,instance_00004,Violated Request Count,0
2209,dond,Qwen3.6-35B-A3B-FP8-without-reasoning,semi,instance_00004,Request Success Ratio,1.0
2210,dond,Qwen3.6-35B-A3B-FP8-without-reasoning,semi,instance_00004,Aborted,0
2211,dond,Qwen3.6-35B-A3B-FP8-without-reasoning,semi,instance_00004,Lose,1
2212,dond,Qwen3.6-35B-A3B-FP8-without-reasoning,semi,instance_00004,Success,0
2213,dond,Qwen3.6-35B-A3B-FP8-without-reasoning,semi,instance_00004,Main Score,0.0
2214,dond,Qwen3.6-35B-A3B-FP8-without-reasoning,semi,instance_00004,Sum of Points,0.0
2215,dond,Qwen3.6-35B-A3B-FP8-without-reasoning,semi,instance_00004,Pareto Optimal,0
2216,dond,Qwen3.6-35B-A3B-FP8-without-reasoning,semi,instance_00001,Request Count,5
2217,dond,Qwen3.6-35B-A3B-FP8-without-reasoning,semi,instance_00001,Parsed Request Count,5
2218,dond,Qwen3.6-35B-A3B-FP8-without-reasoning,semi,instance_00001,Violated Request Count,0
2219,dond,Qwen3.6-35B-A3B-FP8-without-reasoning,semi,instance_00001,Request Success Ratio,1.0
2220,dond,Qwen3.6-35B-A3B-FP8-without-reasoning,semi,instance_00001,Aborted,0
2221,dond,Qwen3.6-35B-A3B-FP8-without-reasoning,semi,instance_00001,Lose,1
2222,dond,Qwen3.6-35B-A3B-FP8-without-reasoning,semi,instance_00001,Success,0
2223,dond,Qwen3.6-35B-A3B-FP8-without-reasoning,semi,instance_00001,Main Score,0.0
2224,dond,Qwen3.6-35B-A3B-FP8-without-reasoning,semi,instance_00001,Sum of Points,0.0
2225,dond,Qwen3.6-35B-A3B-FP8-without-reasoning,semi,instance_00001,Pareto Optimal,0
2226,dond,Qwen3.6-35B-A3B-FP8-without-reasoning,semi,instance_00000,Request Count,3
2227,dond,Qwen3.6-35B-A3B-FP8-without-reasoning,semi,instance_00000,Parsed Request Count,3
2228,dond,Qwen3.6-35B-A3B-FP8-without-reasoning,semi,instance_00000,Violated Request Count,0
2229,dond,Qwen3.6-35B-A3B-FP8-without-reasoning,semi,instance_00000,Request Success Ratio,1.0
2230,dond,Qwen3.6-35B-A3B-FP8-without-reasoning,semi,instance_00000,Aborted,0
2231,dond,Qwen3.6-35B-A3B-FP8-without-reasoning,semi,instance_00000,Lose,1
2232,dond,Qwen3.6-35B-A3B-FP8-without-reasoning,semi,instance_00000,Success,0
2233,dond,Qwen3.6-35B-A3B-FP8-without-reasoning,semi,instance_00000,Main Score,0.0
2234,dond,Qwen3.6-35B-A3B-FP8-without-reasoning,semi,instance_00000,Sum of Points,0.0
2235,dond,Qwen3.6-35B-A3B-FP8-without-reasoning,semi,instance_00000,Pareto Optimal,0
2236,dond,Qwen3.6-35B-A3B-FP8-without-reasoning,coop,instance_00002,Request Count,5
2237,dond,Qwen3.6-35B-A3B-FP8-without-reasoning,coop,instance_00002,Parsed Request Count,5
2238,dond,Qwen3.6-35B-A3B-FP8-without-reasoning,coop,instance_00002,Violated Request Count,0
2239,dond,Qwen3.6-35B-A3B-FP8-without-reasoning,coop,instance_00002,Request Success Ratio,1.0
2240,dond,Qwen3.6-35B-A3B-FP8-without-reasoning,coop,instance_00002,Aborted,0
2241,dond,Qwen3.6-35B-A3B-FP8-without-reasoning,coop,instance_00002,Lose,0
2242,dond,Qwen3.6-35B-A3B-FP8-without-reasoning,coop,instance_00002,Success,1
2243,dond,Qwen3.6-35B-A3B-FP8-without-reasoning,coop,instance_00002,Main Score,64.28571428571428
2244,dond,Qwen3.6-35B-A3B-FP8-without-reasoning,coop,instance_00002,Sum of Points,0.6428571428571429
2245,dond,Qwen3.6-35B-A3B-FP8-without-reasoning,coop,instance_00002,Pareto Optimal,0
2246,dond,Qwen3.6-35B-A3B-FP8-without-reasoning,coop,instance_00003,Request Count,2
2247,dond,Qwen3.6-35B-A3B-FP8-without-reasoning,coop,instance_00003,Parsed Request Count,2
2248,dond,Qwen3.6-35B-A3B-FP8-without-reasoning,coop,instance_00003,Violated Request Count,0
2249,dond,Qwen3.6-35B-A3B-FP8-without-reasoning,coop,instance_00003,Request Success Ratio,1.0
2250,dond,Qwen3.6-35B-A3B-FP8-without-reasoning,coop,instance_00003,Aborted,0
2251,dond,Qwen3.6-35B-A3B-FP8-without-reasoning,coop,instance_00003,Lose,1
2252,dond,Qwen3.6-35B-A3B-FP8-without-reasoning,coop,instance_00003,Success,0
2253,dond,Qwen3.6-35B-A3B-FP8-without-reasoning,coop,instance_00003,Main Score,0.0
2254,dond,Qwen3.6-35B-A3B-FP8-without-reasoning,coop,instance_00003,Sum of Points,0.0
2255,dond,Qwen3.6-35B-A3B-FP8-without-reasoning,coop,instance_00003,Pareto Optimal,0
2256,dond,Qwen3.6-35B-A3B-FP8-without-reasoning,coop,instance_00004,Request Count,9
2257,dond,Qwen3.6-35B-A3B-FP8-without-reasoning,coop,instance_00004,Parsed Request Count,9
2258,dond,Qwen3.6-35B-A3B-FP8-without-reasoning,coop,instance_00004,Violated Request Count,0
2259,dond,Qwen3.6-35B-A3B-FP8-without-reasoning,coop,instance_00004,Request Success Ratio,1.0
2260,dond,Qwen3.6-35B-A3B-FP8-without-reasoning,coop,instance_00004,Aborted,0
2261,dond,Qwen3.6-35B-A3B-FP8-without-reasoning,coop,instance_00004,Lose,0
2262,dond,Qwen3.6-35B-A3B-FP8-without-reasoning,coop,instance_00004,Success,1
2263,dond,Qwen3.6-35B-A3B-FP8-without-reasoning,coop,instance_00004,Main Score,94.44444444444444
2264,dond,Qwen3.6-35B-A3B-FP8-without-reasoning,coop,instance_00004,Sum of Points,0.9444444444444444
2265,dond,Qwen3.6-35B-A3B-FP8-without-reasoning,coop,instance_00004,Pareto Optimal,0
2266,dond,Qwen3.6-35B-A3B-FP8-without-reasoning,coop,instance_00001,Request Count,4
2267,dond,Qwen3.6-35B-A3B-FP8-without-reasoning,coop,instance_00001,Parsed Request Count,4
2268,dond,Qwen3.6-35B-A3B-FP8-without-reasoning,coop,instance_00001,Violated Request Count,0
2269,dond,Qwen3.6-35B-A3B-FP8-without-reasoning,coop,instance_00001,Request Success Ratio,1.0
2270,dond,Qwen3.6-35B-A3B-FP8-without-reasoning,coop,instance_00001,Aborted,0
2271,dond,Qwen3.6-35B-A3B-FP8-without-reasoning,coop,instance_00001,Lose,1
2272,dond,Qwen3.6-35B-A3B-FP8-without-reasoning,coop,instance_00001,Success,0
2273,dond,Qwen3.6-35B-A3B-FP8-without-reasoning,coop,instance_00001,Main Score,0.0
2274,dond,Qwen3.6-35B-A3B-FP8-without-reasoning,coop,instance_00001,Sum of Points,0.0
2275,dond,Qwen3.6-35B-A3B-FP8-without-reasoning,coop,instance_00001,Pareto Optimal,0
2276,dond,Qwen3.6-35B-A3B-FP8-without-reasoning,coop,instance_00000,Request Count,4
2277,dond,Qwen3.6-35B-A3B-FP8-without-reasoning,coop,instance_00000,Parsed Request Count,4
2278,dond,Qwen3.6-35B-A3B-FP8-without-reasoning,coop,instance_00000,Violated Request Count,0
2279,dond,Qwen3.6-35B-A3B-FP8-without-reasoning,coop,instance_00000,Request Success Ratio,1.0
2280,dond,Qwen3.6-35B-A3B-FP8-without-reasoning,coop,instance_00000,Aborted,0
2281,dond,Qwen3.6-35B-A3B-FP8-without-reasoning,coop,instance_00000,Lose,0
2282,dond,Qwen3.6-35B-A3B-FP8-without-reasoning,coop,instance_00000,Success,1
2283,dond,Qwen3.6-35B-A3B-FP8-without-reasoning,coop,instance_00000,Main Score,100.0
2284,dond,Qwen3.6-35B-A3B-FP8-without-reasoning,coop,instance_00000,Sum of Points,1.0
2285,dond,Qwen3.6-35B-A3B-FP8-without-reasoning,coop,instance_00000,Pareto Optimal,1
2286,guesswhat,Qwen3.6-35B-A3B-FP8-without-reasoning,Level_3,instance_00005,Violated Request Count,0
2287,guesswhat,Qwen3.6-35B-A3B-FP8-without-reasoning,Level_3,instance_00005,Parsed Request Count,4
2288,guesswhat,Qwen3.6-35B-A3B-FP8-without-reasoning,Level_3,instance_00005,Request Count,4
2289,guesswhat,Qwen3.6-35B-A3B-FP8-without-reasoning,Level_3,instance_00005,Request Success Ratio,1.0
2290,guesswhat,Qwen3.6-35B-A3B-FP8-without-reasoning,Level_3,instance_00005,Aborted,0
2291,guesswhat,Qwen3.6-35B-A3B-FP8-without-reasoning,Level_3,instance_00005,Success,0
2292,guesswhat,Qwen3.6-35B-A3B-FP8-without-reasoning,Level_3,instance_00005,Lose,1
2293,guesswhat,Qwen3.6-35B-A3B-FP8-without-reasoning,Level_3,instance_00005,Main Score,0
2294,guesswhat,Qwen3.6-35B-A3B-FP8-without-reasoning,Level_3,instance_00005,Invalid format guesser response,0
2295,guesswhat,Qwen3.6-35B-A3B-FP8-without-reasoning,Level_3,instance_00005,Invalid format answerer response,0
2296,guesswhat,Qwen3.6-35B-A3B-FP8-without-reasoning,Level_3,instance_00005,Invalid content guesser response,0
2297,guesswhat,Qwen3.6-35B-A3B-FP8-without-reasoning,Level_3,instance_00005,Invalid content answerer response,0
2298,guesswhat,Qwen3.6-35B-A3B-FP8-without-reasoning,Level_3,instance_00002,Violated Request Count,0
2299,guesswhat,Qwen3.6-35B-A3B-FP8-without-reasoning,Level_3,instance_00002,Parsed Request Count,5
2300,guesswhat,Qwen3.6-35B-A3B-FP8-without-reasoning,Level_3,instance_00002,Request Count,5
2301,guesswhat,Qwen3.6-35B-A3B-FP8-without-reasoning,Level_3,instance_00002,Request Success Ratio,1.0
2302,guesswhat,Qwen3.6-35B-A3B-FP8-without-reasoning,Level_3,instance_00002,Aborted,0
2303,guesswhat,Qwen3.6-35B-A3B-FP8-without-reasoning,Level_3,instance_00002,Success,1
2304,guesswhat,Qwen3.6-35B-A3B-FP8-without-reasoning,Level_3,instance_00002,Lose,0
2305,guesswhat,Qwen3.6-35B-A3B-FP8-without-reasoning,Level_3,instance_00002,Speed,100
2306,guesswhat,Qwen3.6-35B-A3B-FP8-without-reasoning,Level_3,instance_00002,Main Score,100
2307,guesswhat,Qwen3.6-35B-A3B-FP8-without-reasoning,Level_3,instance_00002,Invalid format guesser response,0
2308,guesswhat,Qwen3.6-35B-A3B-FP8-without-reasoning,Level_3,instance_00002,Invalid format answerer response,0
2309,guesswhat,Qwen3.6-35B-A3B-FP8-without-reasoning,Level_3,instance_00002,Invalid content guesser response,0
2310,guesswhat,Qwen3.6-35B-A3B-FP8-without-reasoning,Level_3,instance_00002,Invalid content answerer response,0
2311,guesswhat,Qwen3.6-35B-A3B-FP8-without-reasoning,Level_3,instance_00003,Violated Request Count,0
2312,guesswhat,Qwen3.6-35B-A3B-FP8-without-reasoning,Level_3,instance_00003,Parsed Request Count,4
2313,guesswhat,Qwen3.6-35B-A3B-FP8-without-reasoning,Level_3,instance_00003,Request Count,4
2314,guesswhat,Qwen3.6-35B-A3B-FP8-without-reasoning,Level_3,instance_00003,Request Success Ratio,1.0
2315,guesswhat,Qwen3.6-35B-A3B-FP8-without-reasoning,Level_3,instance_00003,Aborted,0
2316,guesswhat,Qwen3.6-35B-A3B-FP8-without-reasoning,Level_3,instance_00003,Success,1
2317,guesswhat,Qwen3.6-35B-A3B-FP8-without-reasoning,Level_3,instance_00003,Lose,0
2318,guesswhat,Qwen3.6-35B-A3B-FP8-without-reasoning,Level_3,instance_00003,Speed,100
2319,guesswhat,Qwen3.6-35B-A3B-FP8-without-reasoning,Level_3,instance_00003,Main Score,100
2320,guesswhat,Qwen3.6-35B-A3B-FP8-without-reasoning,Level_3,instance_00003,Invalid format guesser response,0
2321,guesswhat,Qwen3.6-35B-A3B-FP8-without-reasoning,Level_3,instance_00003,Invalid format answerer response,0
2322,guesswhat,Qwen3.6-35B-A3B-FP8-without-reasoning,Level_3,instance_00003,Invalid content guesser response,0
2323,guesswhat,Qwen3.6-35B-A3B-FP8-without-reasoning,Level_3,instance_00003,Invalid content answerer response,0
2324,guesswhat,Qwen3.6-35B-A3B-FP8-without-reasoning,Level_3,instance_00004,Violated Request Count,0
2325,guesswhat,Qwen3.6-35B-A3B-FP8-without-reasoning,Level_3,instance_00004,Parsed Request Count,6
2326,guesswhat,Qwen3.6-35B-A3B-FP8-without-reasoning,Level_3,instance_00004,Request Count,6
2327,guesswhat,Qwen3.6-35B-A3B-FP8-without-reasoning,Level_3,instance_00004,Request Success Ratio,1.0
2328,guesswhat,Qwen3.6-35B-A3B-FP8-without-reasoning,Level_3,instance_00004,Aborted,0
2329,guesswhat,Qwen3.6-35B-A3B-FP8-without-reasoning,Level_3,instance_00004,Success,1
2330,guesswhat,Qwen3.6-35B-A3B-FP8-without-reasoning,Level_3,instance_00004,Lose,0
2331,guesswhat,Qwen3.6-35B-A3B-FP8-without-reasoning,Level_3,instance_00004,Speed,66.66666666666667
2332,guesswhat,Qwen3.6-35B-A3B-FP8-without-reasoning,Level_3,instance_00004,Main Score,66.66666666666667
2333,guesswhat,Qwen3.6-35B-A3B-FP8-without-reasoning,Level_3,instance_00004,Invalid format guesser response,0
2334,guesswhat,Qwen3.6-35B-A3B-FP8-without-reasoning,Level_3,instance_00004,Invalid format answerer response,0
2335,guesswhat,Qwen3.6-35B-A3B-FP8-without-reasoning,Level_3,instance_00004,Invalid content guesser response,0
2336,guesswhat,Qwen3.6-35B-A3B-FP8-without-reasoning,Level_3,instance_00004,Invalid content answerer response,0
2337,guesswhat,Qwen3.6-35B-A3B-FP8-without-reasoning,Level_3,instance_00008,Violated Request Count,0
2338,guesswhat,Qwen3.6-35B-A3B-FP8-without-reasoning,Level_3,instance_00008,Parsed Request Count,6
2339,guesswhat,Qwen3.6-35B-A3B-FP8-without-reasoning,Level_3,instance_00008,Request Count,6
2340,guesswhat,Qwen3.6-35B-A3B-FP8-without-reasoning,Level_3,instance_00008,Request Success Ratio,1.0
2341,guesswhat,Qwen3.6-35B-A3B-FP8-without-reasoning,Level_3,instance_00008,Aborted,0
2342,guesswhat,Qwen3.6-35B-A3B-FP8-without-reasoning,Level_3,instance_00008,Success,1
2343,guesswhat,Qwen3.6-35B-A3B-FP8-without-reasoning,Level_3,instance_00008,Lose,0
2344,guesswhat,Qwen3.6-35B-A3B-FP8-without-reasoning,Level_3,instance_00008,Speed,66.66666666666667
2345,guesswhat,Qwen3.6-35B-A3B-FP8-without-reasoning,Level_3,instance_00008,Main Score,66.66666666666667
2346,guesswhat,Qwen3.6-35B-A3B-FP8-without-reasoning,Level_3,instance_00008,Invalid format guesser response,0
2347,guesswhat,Qwen3.6-35B-A3B-FP8-without-reasoning,Level_3,instance_00008,Invalid format answerer response,0
2348,guesswhat,Qwen3.6-35B-A3B-FP8-without-reasoning,Level_3,instance_00008,Invalid content guesser response,0
2349,guesswhat,Qwen3.6-35B-A3B-FP8-without-reasoning,Level_3,instance_00008,Invalid content answerer response,0
2350,guesswhat,Qwen3.6-35B-A3B-FP8-without-reasoning,Level_3,instance_00001,Violated Request Count,0
2351,guesswhat,Qwen3.6-35B-A3B-FP8-without-reasoning,Level_3,instance_00001,Parsed Request Count,3
2352,guesswhat,Qwen3.6-35B-A3B-FP8-without-reasoning,Level_3,instance_00001,Request Count,3
2353,guesswhat,Qwen3.6-35B-A3B-FP8-without-reasoning,Level_3,instance_00001,Request Success Ratio,1.0
2354,guesswhat,Qwen3.6-35B-A3B-FP8-without-reasoning,Level_3,instance_00001,Aborted,0
2355,guesswhat,Qwen3.6-35B-A3B-FP8-without-reasoning,Level_3,instance_00001,Success,1
2356,guesswhat,Qwen3.6-35B-A3B-FP8-without-reasoning,Level_3,instance_00001,Lose,0
2357,guesswhat,Qwen3.6-35B-A3B-FP8-without-reasoning,Level_3,instance_00001,Speed,100
2358,guesswhat,Qwen3.6-35B-A3B-FP8-without-reasoning,Level_3,instance_00001,Main Score,100
2359,guesswhat,Qwen3.6-35B-A3B-FP8-without-reasoning,Level_3,instance_00001,Invalid format guesser response,0
2360,guesswhat,Qwen3.6-35B-A3B-FP8-without-reasoning,Level_3,instance_00001,Invalid format answerer response,0
2361,guesswhat,Qwen3.6-35B-A3B-FP8-without-reasoning,Level_3,instance_00001,Invalid content guesser response,0
2362,guesswhat,Qwen3.6-35B-A3B-FP8-without-reasoning,Level_3,instance_00001,Invalid content answerer response,0
2363,guesswhat,Qwen3.6-35B-A3B-FP8-without-reasoning,Level_3,instance_00006,Violated Request Count,0
2364,guesswhat,Qwen3.6-35B-A3B-FP8-without-reasoning,Level_3,instance_00006,Parsed Request Count,6
2365,guesswhat,Qwen3.6-35B-A3B-FP8-without-reasoning,Level_3,instance_00006,Request Count,6
2366,guesswhat,Qwen3.6-35B-A3B-FP8-without-reasoning,Level_3,instance_00006,Request Success Ratio,1.0
2367,guesswhat,Qwen3.6-35B-A3B-FP8-without-reasoning,Level_3,instance_00006,Aborted,0
2368,guesswhat,Qwen3.6-35B-A3B-FP8-without-reasoning,Level_3,instance_00006,Success,1
2369,guesswhat,Qwen3.6-35B-A3B-FP8-without-reasoning,Level_3,instance_00006,Lose,0
2370,guesswhat,Qwen3.6-35B-A3B-FP8-without-reasoning,Level_3,instance_00006,Speed,66.66666666666667
2371,guesswhat,Qwen3.6-35B-A3B-FP8-without-reasoning,Level_3,instance_00006,Main Score,66.66666666666667
2372,guesswhat,Qwen3.6-35B-A3B-FP8-without-reasoning,Level_3,instance_00006,Invalid format guesser response,0
2373,guesswhat,Qwen3.6-35B-A3B-FP8-without-reasoning,Level_3,instance_00006,Invalid format answerer response,0
2374,guesswhat,Qwen3.6-35B-A3B-FP8-without-reasoning,Level_3,instance_00006,Invalid content guesser response,0
2375,guesswhat,Qwen3.6-35B-A3B-FP8-without-reasoning,Level_3,instance_00006,Invalid content answerer response,0
2376,guesswhat,Qwen3.6-35B-A3B-FP8-without-reasoning,Level_3,instance_00007,Violated Request Count,0
2377,guesswhat,Qwen3.6-35B-A3B-FP8-without-reasoning,Level_3,instance_00007,Parsed Request Count,5
2378,guesswhat,Qwen3.6-35B-A3B-FP8-without-reasoning,Level_3,instance_00007,Request Count,5
2379,guesswhat,Qwen3.6-35B-A3B-FP8-without-reasoning,Level_3,instance_00007,Request Success Ratio,1.0
2380,guesswhat,Qwen3.6-35B-A3B-FP8-without-reasoning,Level_3,instance_00007,Aborted,0
2381,guesswhat,Qwen3.6-35B-A3B-FP8-without-reasoning,Level_3,instance_00007,Success,1
2382,guesswhat,Qwen3.6-35B-A3B-FP8-without-reasoning,Level_3,instance_00007,Lose,0
2383,guesswhat,Qwen3.6-35B-A3B-FP8-without-reasoning,Level_3,instance_00007,Speed,100
2384,guesswhat,Qwen3.6-35B-A3B-FP8-without-reasoning,Level_3,instance_00007,Main Score,100
2385,guesswhat,Qwen3.6-35B-A3B-FP8-without-reasoning,Level_3,instance_00007,Invalid format guesser response,0
2386,guesswhat,Qwen3.6-35B-A3B-FP8-without-reasoning,Level_3,instance_00007,Invalid format answerer response,0
2387,guesswhat,Qwen3.6-35B-A3B-FP8-without-reasoning,Level_3,instance_00007,Invalid content guesser response,0
2388,guesswhat,Qwen3.6-35B-A3B-FP8-without-reasoning,Level_3,instance_00007,Invalid content answerer response,0
2389,guesswhat,Qwen3.6-35B-A3B-FP8-without-reasoning,Level_3,instance_00000,Violated Request Count,0
2390,guesswhat,Qwen3.6-35B-A3B-FP8-without-reasoning,Level_3,instance_00000,Parsed Request Count,5
2391,guesswhat,Qwen3.6-35B-A3B-FP8-without-reasoning,Level_3,instance_00000,Request Count,5
2392,guesswhat,Qwen3.6-35B-A3B-FP8-without-reasoning,Level_3,instance_00000,Request Success Ratio,1.0
2393,guesswhat,Qwen3.6-35B-A3B-FP8-without-reasoning,Level_3,instance_00000,Aborted,0
2394,guesswhat,Qwen3.6-35B-A3B-FP8-without-reasoning,Level_3,instance_00000,Success,1
2395,guesswhat,Qwen3.6-35B-A3B-FP8-without-reasoning,Level_3,instance_00000,Lose,0
2396,guesswhat,Qwen3.6-35B-A3B-FP8-without-reasoning,Level_3,instance_00000,Speed,100
2397,guesswhat,Qwen3.6-35B-A3B-FP8-without-reasoning,Level_3,instance_00000,Main Score,100
2398,guesswhat,Qwen3.6-35B-A3B-FP8-without-reasoning,Level_3,instance_00000,Invalid format guesser response,0
2399,guesswhat,Qwen3.6-35B-A3B-FP8-without-reasoning,Level_3,instance_00000,Invalid format answerer response,0
2400,guesswhat,Qwen3.6-35B-A3B-FP8-without-reasoning,Level_3,instance_00000,Invalid content guesser response,0
2401,guesswhat,Qwen3.6-35B-A3B-FP8-without-reasoning,Level_3,instance_00000,Invalid content answerer response,0
2402,guesswhat,Qwen3.6-35B-A3B-FP8-without-reasoning,Level_3,instance_00009,Violated Request Count,0
2403,guesswhat,Qwen3.6-35B-A3B-FP8-without-reasoning,Level_3,instance_00009,Parsed Request Count,7
2404,guesswhat,Qwen3.6-35B-A3B-FP8-without-reasoning,Level_3,instance_00009,Request Count,7
2405,guesswhat,Qwen3.6-35B-A3B-FP8-without-reasoning,Level_3,instance_00009,Request Success Ratio,1.0
2406,guesswhat,Qwen3.6-35B-A3B-FP8-without-reasoning,Level_3,instance_00009,Aborted,0
2407,guesswhat,Qwen3.6-35B-A3B-FP8-without-reasoning,Level_3,instance_00009,Success,1
2408,guesswhat,Qwen3.6-35B-A3B-FP8-without-reasoning,Level_3,instance_00009,Lose,0
2409,guesswhat,Qwen3.6-35B-A3B-FP8-without-reasoning,Level_3,instance_00009,Speed,33.333333333333336
2410,guesswhat,Qwen3.6-35B-A3B-FP8-without-reasoning,Level_3,instance_00009,Main Score,33.333333333333336
2411,guesswhat,Qwen3.6-35B-A3B-FP8-without-reasoning,Level_3,instance_00009,Invalid format guesser response,0
2412,guesswhat,Qwen3.6-35B-A3B-FP8-without-reasoning,Level_3,instance_00009,Invalid format answerer response,0
2413,guesswhat,Qwen3.6-35B-A3B-FP8-without-reasoning,Level_3,instance_00009,Invalid content guesser response,0
2414,guesswhat,Qwen3.6-35B-A3B-FP8-without-reasoning,Level_3,instance_00009,Invalid content answerer response,0
2415,guesswhat,Qwen3.6-35B-A3B-FP8-without-reasoning,Level_2,instance_00005,Violated Request Count,0
2416,guesswhat,Qwen3.6-35B-A3B-FP8-without-reasoning,Level_2,instance_00005,Parsed Request Count,5
2417,guesswhat,Qwen3.6-35B-A3B-FP8-without-reasoning,Level_2,instance_00005,Request Count,5
2418,guesswhat,Qwen3.6-35B-A3B-FP8-without-reasoning,Level_2,instance_00005,Request Success Ratio,1.0
2419,guesswhat,Qwen3.6-35B-A3B-FP8-without-reasoning,Level_2,instance_00005,Aborted,0
2420,guesswhat,Qwen3.6-35B-A3B-FP8-without-reasoning,Level_2,instance_00005,Success,1
2421,guesswhat,Qwen3.6-35B-A3B-FP8-without-reasoning,Level_2,instance_00005,Lose,0
2422,guesswhat,Qwen3.6-35B-A3B-FP8-without-reasoning,Level_2,instance_00005,Speed,100
2423,guesswhat,Qwen3.6-35B-A3B-FP8-without-reasoning,Level_2,instance_00005,Main Score,100
2424,guesswhat,Qwen3.6-35B-A3B-FP8-without-reasoning,Level_2,instance_00005,Invalid format guesser response,0
2425,guesswhat,Qwen3.6-35B-A3B-FP8-without-reasoning,Level_2,instance_00005,Invalid format answerer response,0
2426,guesswhat,Qwen3.6-35B-A3B-FP8-without-reasoning,Level_2,instance_00005,Invalid content guesser response,0
2427,guesswhat,Qwen3.6-35B-A3B-FP8-without-reasoning,Level_2,instance_00005,Invalid content answerer response,0
2428,guesswhat,Qwen3.6-35B-A3B-FP8-without-reasoning,Level_2,instance_00002,Violated Request Count,0
2429,guesswhat,Qwen3.6-35B-A3B-FP8-without-reasoning,Level_2,instance_00002,Parsed Request Count,5
2430,guesswhat,Qwen3.6-35B-A3B-FP8-without-reasoning,Level_2,instance_00002,Request Count,5
2431,guesswhat,Qwen3.6-35B-A3B-FP8-without-reasoning,Level_2,instance_00002,Request Success Ratio,1.0
2432,guesswhat,Qwen3.6-35B-A3B-FP8-without-reasoning,Level_2,instance_00002,Aborted,0
2433,guesswhat,Qwen3.6-35B-A3B-FP8-without-reasoning,Level_2,instance_00002,Success,1
2434,guesswhat,Qwen3.6-35B-A3B-FP8-without-reasoning,Level_2,instance_00002,Lose,0
2435,guesswhat,Qwen3.6-35B-A3B-FP8-without-reasoning,Level_2,instance_00002,Speed,100
2436,guesswhat,Qwen3.6-35B-A3B-FP8-without-reasoning,Level_2,instance_00002,Main Score,100
2437,guesswhat,Qwen3.6-35B-A3B-FP8-without-reasoning,Level_2,instance_00002,Invalid format guesser response,0
2438,guesswhat,Qwen3.6-35B-A3B-FP8-without-reasoning,Level_2,instance_00002,Invalid format answerer response,0
2439,guesswhat,Qwen3.6-35B-A3B-FP8-without-reasoning,Level_2,instance_00002,Invalid content guesser response,0
2440,guesswhat,Qwen3.6-35B-A3B-FP8-without-reasoning,Level_2,instance_00002,Invalid content answerer response,0
2441,guesswhat,Qwen3.6-35B-A3B-FP8-without-reasoning,Level_2,instance_00003,Violated Request Count,0
2442,guesswhat,Qwen3.6-35B-A3B-FP8-without-reasoning,Level_2,instance_00003,Parsed Request Count,5
2443,guesswhat,Qwen3.6-35B-A3B-FP8-without-reasoning,Level_2,instance_00003,Request Count,5
2444,guesswhat,Qwen3.6-35B-A3B-FP8-without-reasoning,Level_2,instance_00003,Request Success Ratio,1.0
2445,guesswhat,Qwen3.6-35B-A3B-FP8-without-reasoning,Level_2,instance_00003,Aborted,0
2446,guesswhat,Qwen3.6-35B-A3B-FP8-without-reasoning,Level_2,instance_00003,Success,1
2447,guesswhat,Qwen3.6-35B-A3B-FP8-without-reasoning,Level_2,instance_00003,Lose,0
2448,guesswhat,Qwen3.6-35B-A3B-FP8-without-reasoning,Level_2,instance_00003,Speed,100
2449,guesswhat,Qwen3.6-35B-A3B-FP8-without-reasoning,Level_2,instance_00003,Main Score,100
2450,guesswhat,Qwen3.6-35B-A3B-FP8-without-reasoning,Level_2,instance_00003,Invalid format guesser response,0
2451,guesswhat,Qwen3.6-35B-A3B-FP8-without-reasoning,Level_2,instance_00003,Invalid format answerer response,0
2452,guesswhat,Qwen3.6-35B-A3B-FP8-without-reasoning,Level_2,instance_00003,Invalid content guesser response,0
2453,guesswhat,Qwen3.6-35B-A3B-FP8-without-reasoning,Level_2,instance_00003,Invalid content answerer response,0
2454,guesswhat,Qwen3.6-35B-A3B-FP8-without-reasoning,Level_2,instance_00004,Violated Request Count,0
2455,guesswhat,Qwen3.6-35B-A3B-FP8-without-reasoning,Level_2,instance_00004,Parsed Request Count,6
2456,guesswhat,Qwen3.6-35B-A3B-FP8-without-reasoning,Level_2,instance_00004,Request Count,6
2457,guesswhat,Qwen3.6-35B-A3B-FP8-without-reasoning,Level_2,instance_00004,Request Success Ratio,1.0
2458,guesswhat,Qwen3.6-35B-A3B-FP8-without-reasoning,Level_2,instance_00004,Aborted,0
2459,guesswhat,Qwen3.6-35B-A3B-FP8-without-reasoning,Level_2,instance_00004,Success,1
2460,guesswhat,Qwen3.6-35B-A3B-FP8-without-reasoning,Level_2,instance_00004,Lose,0
2461,guesswhat,Qwen3.6-35B-A3B-FP8-without-reasoning,Level_2,instance_00004,Speed,66.66666666666667
2462,guesswhat,Qwen3.6-35B-A3B-FP8-without-reasoning,Level_2,instance_00004,Main Score,66.66666666666667
2463,guesswhat,Qwen3.6-35B-A3B-FP8-without-reasoning,Level_2,instance_00004,Invalid format guesser response,0
2464,guesswhat,Qwen3.6-35B-A3B-FP8-without-reasoning,Level_2,instance_00004,Invalid format answerer response,0
2465,guesswhat,Qwen3.6-35B-A3B-FP8-without-reasoning,Level_2,instance_00004,Invalid content guesser response,0
2466,guesswhat,Qwen3.6-35B-A3B-FP8-without-reasoning,Level_2,instance_00004,Invalid content answerer response,0
2467,guesswhat,Qwen3.6-35B-A3B-FP8-without-reasoning,Level_2,instance_00008,Violated Request Count,0
2468,guesswhat,Qwen3.6-35B-A3B-FP8-without-reasoning,Level_2,instance_00008,Parsed Request Count,6
2469,guesswhat,Qwen3.6-35B-A3B-FP8-without-reasoning,Level_2,instance_00008,Request Count,6
2470,guesswhat,Qwen3.6-35B-A3B-FP8-without-reasoning,Level_2,instance_00008,Request Success Ratio,1.0
2471,guesswhat,Qwen3.6-35B-A3B-FP8-without-reasoning,Level_2,instance_00008,Aborted,0
2472,guesswhat,Qwen3.6-35B-A3B-FP8-without-reasoning,Level_2,instance_00008,Success,0
2473,guesswhat,Qwen3.6-35B-A3B-FP8-without-reasoning,Level_2,instance_00008,Lose,1
2474,guesswhat,Qwen3.6-35B-A3B-FP8-without-reasoning,Level_2,instance_00008,Main Score,0
2475,guesswhat,Qwen3.6-35B-A3B-FP8-without-reasoning,Level_2,instance_00008,Invalid format guesser response,0
2476,guesswhat,Qwen3.6-35B-A3B-FP8-without-reasoning,Level_2,instance_00008,Invalid format answerer response,0
2477,guesswhat,Qwen3.6-35B-A3B-FP8-without-reasoning,Level_2,instance_00008,Invalid content guesser response,0
2478,guesswhat,Qwen3.6-35B-A3B-FP8-without-reasoning,Level_2,instance_00008,Invalid content answerer response,0
2479,guesswhat,Qwen3.6-35B-A3B-FP8-without-reasoning,Level_2,instance_00001,Violated Request Count,0
2480,guesswhat,Qwen3.6-35B-A3B-FP8-without-reasoning,Level_2,instance_00001,Parsed Request Count,5
2481,guesswhat,Qwen3.6-35B-A3B-FP8-without-reasoning,Level_2,instance_00001,Request Count,5
2482,guesswhat,Qwen3.6-35B-A3B-FP8-without-reasoning,Level_2,instance_00001,Request Success Ratio,1.0
2483,guesswhat,Qwen3.6-35B-A3B-FP8-without-reasoning,Level_2,instance_00001,Aborted,0
2484,guesswhat,Qwen3.6-35B-A3B-FP8-without-reasoning,Level_2,instance_00001,Success,1
2485,guesswhat,Qwen3.6-35B-A3B-FP8-without-reasoning,Level_2,instance_00001,Lose,0
2486,guesswhat,Qwen3.6-35B-A3B-FP8-without-reasoning,Level_2,instance_00001,Speed,100
2487,guesswhat,Qwen3.6-35B-A3B-FP8-without-reasoning,Level_2,instance_00001,Main Score,100
2488,guesswhat,Qwen3.6-35B-A3B-FP8-without-reasoning,Level_2,instance_00001,Invalid format guesser response,0
2489,guesswhat,Qwen3.6-35B-A3B-FP8-without-reasoning,Level_2,instance_00001,Invalid format answerer response,0
2490,guesswhat,Qwen3.6-35B-A3B-FP8-without-reasoning,Level_2,instance_00001,Invalid content guesser response,0
2491,guesswhat,Qwen3.6-35B-A3B-FP8-without-reasoning,Level_2,instance_00001,Invalid content answerer response,0
2492,guesswhat,Qwen3.6-35B-A3B-FP8-without-reasoning,Level_2,instance_00006,Violated Request Count,0
2493,guesswhat,Qwen3.6-35B-A3B-FP8-without-reasoning,Level_2,instance_00006,Parsed Request Count,4
2494,guesswhat,Qwen3.6-35B-A3B-FP8-without-reasoning,Level_2,instance_00006,Request Count,4
2495,guesswhat,Qwen3.6-35B-A3B-FP8-without-reasoning,Level_2,instance_00006,Request Success Ratio,1.0
2496,guesswhat,Qwen3.6-35B-A3B-FP8-without-reasoning,Level_2,instance_00006,Aborted,0
2497,guesswhat,Qwen3.6-35B-A3B-FP8-without-reasoning,Level_2,instance_00006,Success,0
2498,guesswhat,Qwen3.6-35B-A3B-FP8-without-reasoning,Level_2,instance_00006,Lose,1
2499,guesswhat,Qwen3.6-35B-A3B-FP8-without-reasoning,Level_2,instance_00006,Main Score,0
2500,guesswhat,Qwen3.6-35B-A3B-FP8-without-reasoning,Level_2,instance_00006,Invalid format guesser response,0
2501,guesswhat,Qwen3.6-35B-A3B-FP8-without-reasoning,Level_2,instance_00006,Invalid format answerer response,0
2502,guesswhat,Qwen3.6-35B-A3B-FP8-without-reasoning,Level_2,instance_00006,Invalid content guesser response,0
2503,guesswhat,Qwen3.6-35B-A3B-FP8-without-reasoning,Level_2,instance_00006,Invalid content answerer response,0
2504,guesswhat,Qwen3.6-35B-A3B-FP8-without-reasoning,Level_2,instance_00007,Violated Request Count,0
2505,guesswhat,Qwen3.6-35B-A3B-FP8-without-reasoning,Level_2,instance_00007,Parsed Request Count,4
2506,guesswhat,Qwen3.6-35B-A3B-FP8-without-reasoning,Level_2,instance_00007,Request Count,4
2507,guesswhat,Qwen3.6-35B-A3B-FP8-without-reasoning,Level_2,instance_00007,Request Success Ratio,1.0
2508,guesswhat,Qwen3.6-35B-A3B-FP8-without-reasoning,Level_2,instance_00007,Aborted,0
2509,guesswhat,Qwen3.6-35B-A3B-FP8-without-reasoning,Level_2,instance_00007,Success,1
2510,guesswhat,Qwen3.6-35B-A3B-FP8-without-reasoning,Level_2,instance_00007,Lose,0
2511,guesswhat,Qwen3.6-35B-A3B-FP8-without-reasoning,Level_2,instance_00007,Speed,100
2512,guesswhat,Qwen3.6-35B-A3B-FP8-without-reasoning,Level_2,instance_00007,Main Score,100
2513,guesswhat,Qwen3.6-35B-A3B-FP8-without-reasoning,Level_2,instance_00007,Invalid format guesser response,0
2514,guesswhat,Qwen3.6-35B-A3B-FP8-without-reasoning,Level_2,instance_00007,Invalid format answerer response,0
2515,guesswhat,Qwen3.6-35B-A3B-FP8-without-reasoning,Level_2,instance_00007,Invalid content guesser response,0
2516,guesswhat,Qwen3.6-35B-A3B-FP8-without-reasoning,Level_2,instance_00007,Invalid content answerer response,0
2517,guesswhat,Qwen3.6-35B-A3B-FP8-without-reasoning,Level_2,instance_00000,Violated Request Count,0
2518,guesswhat,Qwen3.6-35B-A3B-FP8-without-reasoning,Level_2,instance_00000,Parsed Request Count,5
2519,guesswhat,Qwen3.6-35B-A3B-FP8-without-reasoning,Level_2,instance_00000,Request Count,5
2520,guesswhat,Qwen3.6-35B-A3B-FP8-without-reasoning,Level_2,instance_00000,Request Success Ratio,1.0
2521,guesswhat,Qwen3.6-35B-A3B-FP8-without-reasoning,Level_2,instance_00000,Aborted,0
2522,guesswhat,Qwen3.6-35B-A3B-FP8-without-reasoning,Level_2,instance_00000,Success,1
2523,guesswhat,Qwen3.6-35B-A3B-FP8-without-reasoning,Level_2,instance_00000,Lose,0
2524,guesswhat,Qwen3.6-35B-A3B-FP8-without-reasoning,Level_2,instance_00000,Speed,100
2525,guesswhat,Qwen3.6-35B-A3B-FP8-without-reasoning,Level_2,instance_00000,Main Score,100
2526,guesswhat,Qwen3.6-35B-A3B-FP8-without-reasoning,Level_2,instance_00000,Invalid format guesser response,0
2527,guesswhat,Qwen3.6-35B-A3B-FP8-without-reasoning,Level_2,instance_00000,Invalid format answerer response,0
2528,guesswhat,Qwen3.6-35B-A3B-FP8-without-reasoning,Level_2,instance_00000,Invalid content guesser response,0
2529,guesswhat,Qwen3.6-35B-A3B-FP8-without-reasoning,Level_2,instance_00000,Invalid content answerer response,0
2530,guesswhat,Qwen3.6-35B-A3B-FP8-without-reasoning,Level_2,instance_00009,Violated Request Count,0
2531,guesswhat,Qwen3.6-35B-A3B-FP8-without-reasoning,Level_2,instance_00009,Parsed Request Count,4
2532,guesswhat,Qwen3.6-35B-A3B-FP8-without-reasoning,Level_2,instance_00009,Request Count,4
2533,guesswhat,Qwen3.6-35B-A3B-FP8-without-reasoning,Level_2,instance_00009,Request Success Ratio,1.0
2534,guesswhat,Qwen3.6-35B-A3B-FP8-without-reasoning,Level_2,instance_00009,Aborted,0
2535,guesswhat,Qwen3.6-35B-A3B-FP8-without-reasoning,Level_2,instance_00009,Success,1
2536,guesswhat,Qwen3.6-35B-A3B-FP8-without-reasoning,Level_2,instance_00009,Lose,0
2537,guesswhat,Qwen3.6-35B-A3B-FP8-without-reasoning,Level_2,instance_00009,Speed,100
2538,guesswhat,Qwen3.6-35B-A3B-FP8-without-reasoning,Level_2,instance_00009,Main Score,100
2539,guesswhat,Qwen3.6-35B-A3B-FP8-without-reasoning,Level_2,instance_00009,Invalid format guesser response,0
2540,guesswhat,Qwen3.6-35B-A3B-FP8-without-reasoning,Level_2,instance_00009,Invalid format answerer response,0
2541,guesswhat,Qwen3.6-35B-A3B-FP8-without-reasoning,Level_2,instance_00009,Invalid content guesser response,0
2542,guesswhat,Qwen3.6-35B-A3B-FP8-without-reasoning,Level_2,instance_00009,Invalid content answerer response,0
2543,guesswhat,Qwen3.6-35B-A3B-FP8-without-reasoning,Level_1,instance_00005,Violated Request Count,0
2544,guesswhat,Qwen3.6-35B-A3B-FP8-without-reasoning,Level_1,instance_00005,Parsed Request Count,5
2545,guesswhat,Qwen3.6-35B-A3B-FP8-without-reasoning,Level_1,instance_00005,Request Count,5
2546,guesswhat,Qwen3.6-35B-A3B-FP8-without-reasoning,Level_1,instance_00005,Request Success Ratio,1.0
2547,guesswhat,Qwen3.6-35B-A3B-FP8-without-reasoning,Level_1,instance_00005,Aborted,0
2548,guesswhat,Qwen3.6-35B-A3B-FP8-without-reasoning,Level_1,instance_00005,Success,1
2549,guesswhat,Qwen3.6-35B-A3B-FP8-without-reasoning,Level_1,instance_00005,Lose,0
2550,guesswhat,Qwen3.6-35B-A3B-FP8-without-reasoning,Level_1,instance_00005,Speed,100
2551,guesswhat,Qwen3.6-35B-A3B-FP8-without-reasoning,Level_1,instance_00005,Main Score,100
2552,guesswhat,Qwen3.6-35B-A3B-FP8-without-reasoning,Level_1,instance_00005,Invalid format guesser response,0
2553,guesswhat,Qwen3.6-35B-A3B-FP8-without-reasoning,Level_1,instance_00005,Invalid format answerer response,0
2554,guesswhat,Qwen3.6-35B-A3B-FP8-without-reasoning,Level_1,instance_00005,Invalid content guesser response,0
2555,guesswhat,Qwen3.6-35B-A3B-FP8-without-reasoning,Level_1,instance_00005,Invalid content answerer response,0
2556,guesswhat,Qwen3.6-35B-A3B-FP8-without-reasoning,Level_1,instance_00002,Violated Request Count,0
2557,guesswhat,Qwen3.6-35B-A3B-FP8-without-reasoning,Level_1,instance_00002,Parsed Request Count,4
2558,guesswhat,Qwen3.6-35B-A3B-FP8-without-reasoning,Level_1,instance_00002,Request Count,4
2559,guesswhat,Qwen3.6-35B-A3B-FP8-without-reasoning,Level_1,instance_00002,Request Success Ratio,1.0
2560,guesswhat,Qwen3.6-35B-A3B-FP8-without-reasoning,Level_1,instance_00002,Aborted,0
2561,guesswhat,Qwen3.6-35B-A3B-FP8-without-reasoning,Level_1,instance_00002,Success,1
2562,guesswhat,Qwen3.6-35B-A3B-FP8-without-reasoning,Level_1,instance_00002,Lose,0
2563,guesswhat,Qwen3.6-35B-A3B-FP8-without-reasoning,Level_1,instance_00002,Speed,100
2564,guesswhat,Qwen3.6-35B-A3B-FP8-without-reasoning,Level_1,instance_00002,Main Score,100
2565,guesswhat,Qwen3.6-35B-A3B-FP8-without-reasoning,Level_1,instance_00002,Invalid format guesser response,0
2566,guesswhat,Qwen3.6-35B-A3B-FP8-without-reasoning,Level_1,instance_00002,Invalid format answerer response,0
2567,guesswhat,Qwen3.6-35B-A3B-FP8-without-reasoning,Level_1,instance_00002,Invalid content guesser response,0
2568,guesswhat,Qwen3.6-35B-A3B-FP8-without-reasoning,Level_1,instance_00002,Invalid content answerer response,0
2569,guesswhat,Qwen3.6-35B-A3B-FP8-without-reasoning,Level_1,instance_00003,Violated Request Count,0
2570,guesswhat,Qwen3.6-35B-A3B-FP8-without-reasoning,Level_1,instance_00003,Parsed Request Count,6
2571,guesswhat,Qwen3.6-35B-A3B-FP8-without-reasoning,Level_1,instance_00003,Request Count,6
2572,guesswhat,Qwen3.6-35B-A3B-FP8-without-reasoning,Level_1,instance_00003,Request Success Ratio,1.0
2573,guesswhat,Qwen3.6-35B-A3B-FP8-without-reasoning,Level_1,instance_00003,Aborted,0
2574,guesswhat,Qwen3.6-35B-A3B-FP8-without-reasoning,Level_1,instance_00003,Success,1
2575,guesswhat,Qwen3.6-35B-A3B-FP8-without-reasoning,Level_1,instance_00003,Lose,0
2576,guesswhat,Qwen3.6-35B-A3B-FP8-without-reasoning,Level_1,instance_00003,Speed,66.66666666666667
2577,guesswhat,Qwen3.6-35B-A3B-FP8-without-reasoning,Level_1,instance_00003,Main Score,66.66666666666667
2578,guesswhat,Qwen3.6-35B-A3B-FP8-without-reasoning,Level_1,instance_00003,Invalid format guesser response,0
2579,guesswhat,Qwen3.6-35B-A3B-FP8-without-reasoning,Level_1,instance_00003,Invalid format answerer response,0
2580,guesswhat,Qwen3.6-35B-A3B-FP8-without-reasoning,Level_1,instance_00003,Invalid content guesser response,0
2581,guesswhat,Qwen3.6-35B-A3B-FP8-without-reasoning,Level_1,instance_00003,Invalid content answerer response,0
2582,guesswhat,Qwen3.6-35B-A3B-FP8-without-reasoning,Level_1,instance_00004,Violated Request Count,0
2583,guesswhat,Qwen3.6-35B-A3B-FP8-without-reasoning,Level_1,instance_00004,Parsed Request Count,8
2584,guesswhat,Qwen3.6-35B-A3B-FP8-without-reasoning,Level_1,instance_00004,Request Count,8
2585,guesswhat,Qwen3.6-35B-A3B-FP8-without-reasoning,Level_1,instance_00004,Request Success Ratio,1.0
2586,guesswhat,Qwen3.6-35B-A3B-FP8-without-reasoning,Level_1,instance_00004,Aborted,0
2587,guesswhat,Qwen3.6-35B-A3B-FP8-without-reasoning,Level_1,instance_00004,Success,0
2588,guesswhat,Qwen3.6-35B-A3B-FP8-without-reasoning,Level_1,instance_00004,Lose,1
2589,guesswhat,Qwen3.6-35B-A3B-FP8-without-reasoning,Level_1,instance_00004,Main Score,0
2590,guesswhat,Qwen3.6-35B-A3B-FP8-without-reasoning,Level_1,instance_00004,Invalid format guesser response,0
2591,guesswhat,Qwen3.6-35B-A3B-FP8-without-reasoning,Level_1,instance_00004,Invalid format answerer response,0
2592,guesswhat,Qwen3.6-35B-A3B-FP8-without-reasoning,Level_1,instance_00004,Invalid content guesser response,0
2593,guesswhat,Qwen3.6-35B-A3B-FP8-without-reasoning,Level_1,instance_00004,Invalid content answerer response,0
2594,guesswhat,Qwen3.6-35B-A3B-FP8-without-reasoning,Level_1,instance_00008,Violated Request Count,0
2595,guesswhat,Qwen3.6-35B-A3B-FP8-without-reasoning,Level_1,instance_00008,Parsed Request Count,4
2596,guesswhat,Qwen3.6-35B-A3B-FP8-without-reasoning,Level_1,instance_00008,Request Count,4
2597,guesswhat,Qwen3.6-35B-A3B-FP8-without-reasoning,Level_1,instance_00008,Request Success Ratio,1.0
2598,guesswhat,Qwen3.6-35B-A3B-FP8-without-reasoning,Level_1,instance_00008,Aborted,0
2599,guesswhat,Qwen3.6-35B-A3B-FP8-without-reasoning,Level_1,instance_00008,Success,1
2600,guesswhat,Qwen3.6-35B-A3B-FP8-without-reasoning,Level_1,instance_00008,Lose,0
2601,guesswhat,Qwen3.6-35B-A3B-FP8-without-reasoning,Level_1,instance_00008,Speed,100
2602,guesswhat,Qwen3.6-35B-A3B-FP8-without-reasoning,Level_1,instance_00008,Main Score,100
2603,guesswhat,Qwen3.6-35B-A3B-FP8-without-reasoning,Level_1,instance_00008,Invalid format guesser response,0
2604,guesswhat,Qwen3.6-35B-A3B-FP8-without-reasoning,Level_1,instance_00008,Invalid format answerer response,0
2605,guesswhat,Qwen3.6-35B-A3B-FP8-without-reasoning,Level_1,instance_00008,Invalid content guesser response,0
2606,guesswhat,Qwen3.6-35B-A3B-FP8-without-reasoning,Level_1,instance_00008,Invalid content answerer response,0
2607,guesswhat,Qwen3.6-35B-A3B-FP8-without-reasoning,Level_1,instance_00001,Violated Request Count,0
2608,guesswhat,Qwen3.6-35B-A3B-FP8-without-reasoning,Level_1,instance_00001,Parsed Request Count,3
2609,guesswhat,Qwen3.6-35B-A3B-FP8-without-reasoning,Level_1,instance_00001,Request Count,3
2610,guesswhat,Qwen3.6-35B-A3B-FP8-without-reasoning,Level_1,instance_00001,Request Success Ratio,1.0
2611,guesswhat,Qwen3.6-35B-A3B-FP8-without-reasoning,Level_1,instance_00001,Aborted,0
2612,guesswhat,Qwen3.6-35B-A3B-FP8-without-reasoning,Level_1,instance_00001,Success,0
2613,guesswhat,Qwen3.6-35B-A3B-FP8-without-reasoning,Level_1,instance_00001,Lose,1
2614,guesswhat,Qwen3.6-35B-A3B-FP8-without-reasoning,Level_1,instance_00001,Main Score,0
2615,guesswhat,Qwen3.6-35B-A3B-FP8-without-reasoning,Level_1,instance_00001,Invalid format guesser response,0
2616,guesswhat,Qwen3.6-35B-A3B-FP8-without-reasoning,Level_1,instance_00001,Invalid format answerer response,0
2617,guesswhat,Qwen3.6-35B-A3B-FP8-without-reasoning,Level_1,instance_00001,Invalid content guesser response,0
2618,guesswhat,Qwen3.6-35B-A3B-FP8-without-reasoning,Level_1,instance_00001,Invalid content answerer response,0
2619,guesswhat,Qwen3.6-35B-A3B-FP8-without-reasoning,Level_1,instance_00006,Violated Request Count,0
2620,guesswhat,Qwen3.6-35B-A3B-FP8-without-reasoning,Level_1,instance_00006,Parsed Request Count,6
2621,guesswhat,Qwen3.6-35B-A3B-FP8-without-reasoning,Level_1,instance_00006,Request Count,6
2622,guesswhat,Qwen3.6-35B-A3B-FP8-without-reasoning,Level_1,instance_00006,Request Success Ratio,1.0
2623,guesswhat,Qwen3.6-35B-A3B-FP8-without-reasoning,Level_1,instance_00006,Aborted,0
2624,guesswhat,Qwen3.6-35B-A3B-FP8-without-reasoning,Level_1,instance_00006,Success,1
2625,guesswhat,Qwen3.6-35B-A3B-FP8-without-reasoning,Level_1,instance_00006,Lose,0
2626,guesswhat,Qwen3.6-35B-A3B-FP8-without-reasoning,Level_1,instance_00006,Speed,66.66666666666667
2627,guesswhat,Qwen3.6-35B-A3B-FP8-without-reasoning,Level_1,instance_00006,Main Score,66.66666666666667
2628,guesswhat,Qwen3.6-35B-A3B-FP8-without-reasoning,Level_1,instance_00006,Invalid format guesser response,0
2629,guesswhat,Qwen3.6-35B-A3B-FP8-without-reasoning,Level_1,instance_00006,Invalid format answerer response,0
2630,guesswhat,Qwen3.6-35B-A3B-FP8-without-reasoning,Level_1,instance_00006,Invalid content guesser response,0
2631,guesswhat,Qwen3.6-35B-A3B-FP8-without-reasoning,Level_1,instance_00006,Invalid content answerer response,0
2632,guesswhat,Qwen3.6-35B-A3B-FP8-without-reasoning,Level_1,instance_00007,Violated Request Count,0
2633,guesswhat,Qwen3.6-35B-A3B-FP8-without-reasoning,Level_1,instance_00007,Parsed Request Count,7
2634,guesswhat,Qwen3.6-35B-A3B-FP8-without-reasoning,Level_1,instance_00007,Request Count,7
2635,guesswhat,Qwen3.6-35B-A3B-FP8-without-reasoning,Level_1,instance_00007,Request Success Ratio,1.0
2636,guesswhat,Qwen3.6-35B-A3B-FP8-without-reasoning,Level_1,instance_00007,Aborted,0
2637,guesswhat,Qwen3.6-35B-A3B-FP8-without-reasoning,Level_1,instance_00007,Success,1
2638,guesswhat,Qwen3.6-35B-A3B-FP8-without-reasoning,Level_1,instance_00007,Lose,0
2639,guesswhat,Qwen3.6-35B-A3B-FP8-without-reasoning,Level_1,instance_00007,Speed,33.333333333333336
2640,guesswhat,Qwen3.6-35B-A3B-FP8-without-reasoning,Level_1,instance_00007,Main Score,33.333333333333336
2641,guesswhat,Qwen3.6-35B-A3B-FP8-without-reasoning,Level_1,instance_00007,Invalid format guesser response,0
2642,guesswhat,Qwen3.6-35B-A3B-FP8-without-reasoning,Level_1,instance_00007,Invalid format answerer response,0
2643,guesswhat,Qwen3.6-35B-A3B-FP8-without-reasoning,Level_1,instance_00007,Invalid content guesser response,0
2644,guesswhat,Qwen3.6-35B-A3B-FP8-without-reasoning,Level_1,instance_00007,Invalid content answerer response,0
2645,guesswhat,Qwen3.6-35B-A3B-FP8-without-reasoning,Level_1,instance_00000,Violated Request Count,0
2646,guesswhat,Qwen3.6-35B-A3B-FP8-without-reasoning,Level_1,instance_00000,Parsed Request Count,5
2647,guesswhat,Qwen3.6-35B-A3B-FP8-without-reasoning,Level_1,instance_00000,Request Count,5
2648,guesswhat,Qwen3.6-35B-A3B-FP8-without-reasoning,Level_1,instance_00000,Request Success Ratio,1.0
2649,guesswhat,Qwen3.6-35B-A3B-FP8-without-reasoning,Level_1,instance_00000,Aborted,0
2650,guesswhat,Qwen3.6-35B-A3B-FP8-without-reasoning,Level_1,instance_00000,Success,1
2651,guesswhat,Qwen3.6-35B-A3B-FP8-without-reasoning,Level_1,instance_00000,Lose,0
2652,guesswhat,Qwen3.6-35B-A3B-FP8-without-reasoning,Level_1,instance_00000,Speed,100
2653,guesswhat,Qwen3.6-35B-A3B-FP8-without-reasoning,Level_1,instance_00000,Main Score,100
2654,guesswhat,Qwen3.6-35B-A3B-FP8-without-reasoning,Level_1,instance_00000,Invalid format guesser response,0
2655,guesswhat,Qwen3.6-35B-A3B-FP8-without-reasoning,Level_1,instance_00000,Invalid format answerer response,0
2656,guesswhat,Qwen3.6-35B-A3B-FP8-without-reasoning,Level_1,instance_00000,Invalid content guesser response,0
2657,guesswhat,Qwen3.6-35B-A3B-FP8-without-reasoning,Level_1,instance_00000,Invalid content answerer response,0
2658,guesswhat,Qwen3.6-35B-A3B-FP8-without-reasoning,Level_1,instance_00009,Violated Request Count,0
2659,guesswhat,Qwen3.6-35B-A3B-FP8-without-reasoning,Level_1,instance_00009,Parsed Request Count,7
2660,guesswhat,Qwen3.6-35B-A3B-FP8-without-reasoning,Level_1,instance_00009,Request Count,7
2661,guesswhat,Qwen3.6-35B-A3B-FP8-without-reasoning,Level_1,instance_00009,Request Success Ratio,1.0
2662,guesswhat,Qwen3.6-35B-A3B-FP8-without-reasoning,Level_1,instance_00009,Aborted,0
2663,guesswhat,Qwen3.6-35B-A3B-FP8-without-reasoning,Level_1,instance_00009,Success,0
2664,guesswhat,Qwen3.6-35B-A3B-FP8-without-reasoning,Level_1,instance_00009,Lose,1
2665,guesswhat,Qwen3.6-35B-A3B-FP8-without-reasoning,Level_1,instance_00009,Main Score,0
2666,guesswhat,Qwen3.6-35B-A3B-FP8-without-reasoning,Level_1,instance_00009,Invalid format guesser response,0
2667,guesswhat,Qwen3.6-35B-A3B-FP8-without-reasoning,Level_1,instance_00009,Invalid format answerer response,0
2668,guesswhat,Qwen3.6-35B-A3B-FP8-without-reasoning,Level_1,instance_00009,Invalid content guesser response,0
2669,guesswhat,Qwen3.6-35B-A3B-FP8-without-reasoning,Level_1,instance_00009,Invalid content answerer response,0
2670,textmapworld_graphreasoning,Qwen3.6-35B-A3B-FP8-without-reasoning,large,instance_00028,Aborted,1
2671,textmapworld_graphreasoning,Qwen3.6-35B-A3B-FP8-without-reasoning,large,instance_00028,Success,0
2672,textmapworld_graphreasoning,Qwen3.6-35B-A3B-FP8-without-reasoning,large,instance_00028,Lose,0
2673,textmapworld_graphreasoning,Qwen3.6-35B-A3B-FP8-without-reasoning,large,instance_00028,moves,
2674,textmapworld_graphreasoning,Qwen3.6-35B-A3B-FP8-without-reasoning,large,instance_00028,valid_moves,
2675,textmapworld_graphreasoning,Qwen3.6-35B-A3B-FP8-without-reasoning,large,instance_00028,invalid_moves,
2676,textmapworld_graphreasoning,Qwen3.6-35B-A3B-FP8-without-reasoning,large,instance_00028,stopped,
2677,textmapworld_graphreasoning,Qwen3.6-35B-A3B-FP8-without-reasoning,large,instance_00028,turns_limit,
2678,textmapworld_graphreasoning,Qwen3.6-35B-A3B-FP8-without-reasoning,large,instance_00028,loops,
2679,textmapworld_graphreasoning,Qwen3.6-35B-A3B-FP8-without-reasoning,large,instance_00028,number_visited,
2680,textmapworld_graphreasoning,Qwen3.6-35B-A3B-FP8-without-reasoning,large,instance_00028,seen,
2681,textmapworld_graphreasoning,Qwen3.6-35B-A3B-FP8-without-reasoning,large,instance_00028,efficiency,
2682,textmapworld_graphreasoning,Qwen3.6-35B-A3B-FP8-without-reasoning,large,instance_00028,exploration,
2683,textmapworld_graphreasoning,Qwen3.6-35B-A3B-FP8-without-reasoning,large,instance_00028,graph_similarity,
2684,textmapworld_graphreasoning,Qwen3.6-35B-A3B-FP8-without-reasoning,large,instance_00028,Main Score,
2685,textmapworld_graphreasoning,Qwen3.6-35B-A3B-FP8-without-reasoning,large,instance_00026,Success,0
2686,textmapworld_graphreasoning,Qwen3.6-35B-A3B-FP8-without-reasoning,large,instance_00026,Aborted,0
2687,textmapworld_graphreasoning,Qwen3.6-35B-A3B-FP8-without-reasoning,large,instance_00026,Lose,1
2688,textmapworld_graphreasoning,Qwen3.6-35B-A3B-FP8-without-reasoning,large,instance_00026,moves,5
2689,textmapworld_graphreasoning,Qwen3.6-35B-A3B-FP8-without-reasoning,large,instance_00026,valid_moves,5
2690,textmapworld_graphreasoning,Qwen3.6-35B-A3B-FP8-without-reasoning,large,instance_00026,invalid_moves,0
2691,textmapworld_graphreasoning,Qwen3.6-35B-A3B-FP8-without-reasoning,large,instance_00026,stopped,1
2692,textmapworld_graphreasoning,Qwen3.6-35B-A3B-FP8-without-reasoning,large,instance_00026,turns_limit,0
2693,textmapworld_graphreasoning,Qwen3.6-35B-A3B-FP8-without-reasoning,large,instance_00026,loops,0
2694,textmapworld_graphreasoning,Qwen3.6-35B-A3B-FP8-without-reasoning,large,instance_00026,number_visited,4
2695,textmapworld_graphreasoning,Qwen3.6-35B-A3B-FP8-without-reasoning,large,instance_00026,seen,5
2696,textmapworld_graphreasoning,Qwen3.6-35B-A3B-FP8-without-reasoning,large,instance_00026,efficiency,80.0
2697,textmapworld_graphreasoning,Qwen3.6-35B-A3B-FP8-without-reasoning,large,instance_00026,exploration,50.0
2698,textmapworld_graphreasoning,Qwen3.6-35B-A3B-FP8-without-reasoning,large,instance_00026,graph_similarity,0
2699,textmapworld_graphreasoning,Qwen3.6-35B-A3B-FP8-without-reasoning,large,instance_00026,Main Score,61.53846153846154
2700,textmapworld_graphreasoning,Qwen3.6-35B-A3B-FP8-without-reasoning,large,instance_00021,Success,0
2701,textmapworld_graphreasoning,Qwen3.6-35B-A3B-FP8-without-reasoning,large,instance_00021,Aborted,0
2702,textmapworld_graphreasoning,Qwen3.6-35B-A3B-FP8-without-reasoning,large,instance_00021,Lose,1
2703,textmapworld_graphreasoning,Qwen3.6-35B-A3B-FP8-without-reasoning,large,instance_00021,moves,8
2704,textmapworld_graphreasoning,Qwen3.6-35B-A3B-FP8-without-reasoning,large,instance_00021,valid_moves,8
2705,textmapworld_graphreasoning,Qwen3.6-35B-A3B-FP8-without-reasoning,large,instance_00021,invalid_moves,0
2706,textmapworld_graphreasoning,Qwen3.6-35B-A3B-FP8-without-reasoning,large,instance_00021,stopped,1
2707,textmapworld_graphreasoning,Qwen3.6-35B-A3B-FP8-without-reasoning,large,instance_00021,turns_limit,0
2708,textmapworld_graphreasoning,Qwen3.6-35B-A3B-FP8-without-reasoning,large,instance_00021,loops,0
2709,textmapworld_graphreasoning,Qwen3.6-35B-A3B-FP8-without-reasoning,large,instance_00021,number_visited,4
2710,textmapworld_graphreasoning,Qwen3.6-35B-A3B-FP8-without-reasoning,large,instance_00021,seen,6
2711,textmapworld_graphreasoning,Qwen3.6-35B-A3B-FP8-without-reasoning,large,instance_00021,efficiency,50.0
2712,textmapworld_graphreasoning,Qwen3.6-35B-A3B-FP8-without-reasoning,large,instance_00021,exploration,50.0
2713,textmapworld_graphreasoning,Qwen3.6-35B-A3B-FP8-without-reasoning,large,instance_00021,graph_similarity,0
2714,textmapworld_graphreasoning,Qwen3.6-35B-A3B-FP8-without-reasoning,large,instance_00021,Main Score,50.0
2715,textmapworld_graphreasoning,Qwen3.6-35B-A3B-FP8-without-reasoning,large,instance_00020,Aborted,1
2716,textmapworld_graphreasoning,Qwen3.6-35B-A3B-FP8-without-reasoning,large,instance_00020,Success,0
2717,textmapworld_graphreasoning,Qwen3.6-35B-A3B-FP8-without-reasoning,large,instance_00020,Lose,0
2718,textmapworld_graphreasoning,Qwen3.6-35B-A3B-FP8-without-reasoning,large,instance_00020,moves,
2719,textmapworld_graphreasoning,Qwen3.6-35B-A3B-FP8-without-reasoning,large,instance_00020,valid_moves,
2720,textmapworld_graphreasoning,Qwen3.6-35B-A3B-FP8-without-reasoning,large,instance_00020,invalid_moves,
2721,textmapworld_graphreasoning,Qwen3.6-35B-A3B-FP8-without-reasoning,large,instance_00020,stopped,
2722,textmapworld_graphreasoning,Qwen3.6-35B-A3B-FP8-without-reasoning,large,instance_00020,turns_limit,
2723,textmapworld_graphreasoning,Qwen3.6-35B-A3B-FP8-without-reasoning,large,instance_00020,loops,
2724,textmapworld_graphreasoning,Qwen3.6-35B-A3B-FP8-without-reasoning,large,instance_00020,number_visited,
2725,textmapworld_graphreasoning,Qwen3.6-35B-A3B-FP8-without-reasoning,large,instance_00020,seen,
2726,textmapworld_graphreasoning,Qwen3.6-35B-A3B-FP8-without-reasoning,large,instance_00020,efficiency,
2727,textmapworld_graphreasoning,Qwen3.6-35B-A3B-FP8-without-reasoning,large,instance_00020,exploration,
2728,textmapworld_graphreasoning,Qwen3.6-35B-A3B-FP8-without-reasoning,large,instance_00020,graph_similarity,
2729,textmapworld_graphreasoning,Qwen3.6-35B-A3B-FP8-without-reasoning,large,instance_00020,Main Score,
2730,textmapworld_graphreasoning,Qwen3.6-35B-A3B-FP8-without-reasoning,large,instance_00027,Success,0
2731,textmapworld_graphreasoning,Qwen3.6-35B-A3B-FP8-without-reasoning,large,instance_00027,Aborted,0
2732,textmapworld_graphreasoning,Qwen3.6-35B-A3B-FP8-without-reasoning,large,instance_00027,Lose,1
2733,textmapworld_graphreasoning,Qwen3.6-35B-A3B-FP8-without-reasoning,large,instance_00027,moves,8
2734,textmapworld_graphreasoning,Qwen3.6-35B-A3B-FP8-without-reasoning,large,instance_00027,valid_moves,8
2735,textmapworld_graphreasoning,Qwen3.6-35B-A3B-FP8-without-reasoning,large,instance_00027,invalid_moves,0
2736,textmapworld_graphreasoning,Qwen3.6-35B-A3B-FP8-without-reasoning,large,instance_00027,stopped,1
2737,textmapworld_graphreasoning,Qwen3.6-35B-A3B-FP8-without-reasoning,large,instance_00027,turns_limit,0
2738,textmapworld_graphreasoning,Qwen3.6-35B-A3B-FP8-without-reasoning,large,instance_00027,loops,0
2739,textmapworld_graphreasoning,Qwen3.6-35B-A3B-FP8-without-reasoning,large,instance_00027,number_visited,5
2740,textmapworld_graphreasoning,Qwen3.6-35B-A3B-FP8-without-reasoning,large,instance_00027,seen,6
2741,textmapworld_graphreasoning,Qwen3.6-35B-A3B-FP8-without-reasoning,large,instance_00027,efficiency,75.0
2742,textmapworld_graphreasoning,Qwen3.6-35B-A3B-FP8-without-reasoning,large,instance_00027,exploration,62.5
2743,textmapworld_graphreasoning,Qwen3.6-35B-A3B-FP8-without-reasoning,large,instance_00027,graph_similarity,0
2744,textmapworld_graphreasoning,Qwen3.6-35B-A3B-FP8-without-reasoning,large,instance_00027,Main Score,68.18181818181819
2745,textmapworld_graphreasoning,Qwen3.6-35B-A3B-FP8-without-reasoning,large,instance_00029,Success,0
2746,textmapworld_graphreasoning,Qwen3.6-35B-A3B-FP8-without-reasoning,large,instance_00029,Aborted,0
2747,textmapworld_graphreasoning,Qwen3.6-35B-A3B-FP8-without-reasoning,large,instance_00029,Lose,1
2748,textmapworld_graphreasoning,Qwen3.6-35B-A3B-FP8-without-reasoning,large,instance_00029,moves,8
2749,textmapworld_graphreasoning,Qwen3.6-35B-A3B-FP8-without-reasoning,large,instance_00029,valid_moves,8
2750,textmapworld_graphreasoning,Qwen3.6-35B-A3B-FP8-without-reasoning,large,instance_00029,invalid_moves,0
2751,textmapworld_graphreasoning,Qwen3.6-35B-A3B-FP8-without-reasoning,large,instance_00029,stopped,1
2752,textmapworld_graphreasoning,Qwen3.6-35B-A3B-FP8-without-reasoning,large,instance_00029,turns_limit,0
2753,textmapworld_graphreasoning,Qwen3.6-35B-A3B-FP8-without-reasoning,large,instance_00029,loops,0
2754,textmapworld_graphreasoning,Qwen3.6-35B-A3B-FP8-without-reasoning,large,instance_00029,number_visited,4
2755,textmapworld_graphreasoning,Qwen3.6-35B-A3B-FP8-without-reasoning,large,instance_00029,seen,5
2756,textmapworld_graphreasoning,Qwen3.6-35B-A3B-FP8-without-reasoning,large,instance_00029,efficiency,75.0
2757,textmapworld_graphreasoning,Qwen3.6-35B-A3B-FP8-without-reasoning,large,instance_00029,exploration,50.0
2758,textmapworld_graphreasoning,Qwen3.6-35B-A3B-FP8-without-reasoning,large,instance_00029,graph_similarity,0
2759,textmapworld_graphreasoning,Qwen3.6-35B-A3B-FP8-without-reasoning,large,instance_00029,Main Score,60.0
2760,textmapworld_graphreasoning,Qwen3.6-35B-A3B-FP8-without-reasoning,large,instance_00022,Success,0
2761,textmapworld_graphreasoning,Qwen3.6-35B-A3B-FP8-without-reasoning,large,instance_00022,Aborted,0
2762,textmapworld_graphreasoning,Qwen3.6-35B-A3B-FP8-without-reasoning,large,instance_00022,Lose,1
2763,textmapworld_graphreasoning,Qwen3.6-35B-A3B-FP8-without-reasoning,large,instance_00022,moves,4
2764,textmapworld_graphreasoning,Qwen3.6-35B-A3B-FP8-without-reasoning,large,instance_00022,valid_moves,4
2765,textmapworld_graphreasoning,Qwen3.6-35B-A3B-FP8-without-reasoning,large,instance_00022,invalid_moves,0
2766,textmapworld_graphreasoning,Qwen3.6-35B-A3B-FP8-without-reasoning,large,instance_00022,stopped,1
2767,textmapworld_graphreasoning,Qwen3.6-35B-A3B-FP8-without-reasoning,large,instance_00022,turns_limit,0
2768,textmapworld_graphreasoning,Qwen3.6-35B-A3B-FP8-without-reasoning,large,instance_00022,loops,0
2769,textmapworld_graphreasoning,Qwen3.6-35B-A3B-FP8-without-reasoning,large,instance_00022,number_visited,3
2770,textmapworld_graphreasoning,Qwen3.6-35B-A3B-FP8-without-reasoning,large,instance_00022,seen,4
2771,textmapworld_graphreasoning,Qwen3.6-35B-A3B-FP8-without-reasoning,large,instance_00022,efficiency,50.0
2772,textmapworld_graphreasoning,Qwen3.6-35B-A3B-FP8-without-reasoning,large,instance_00022,exploration,37.5
2773,textmapworld_graphreasoning,Qwen3.6-35B-A3B-FP8-without-reasoning,large,instance_00022,graph_similarity,0
2774,textmapworld_graphreasoning,Qwen3.6-35B-A3B-FP8-without-reasoning,large,instance_00022,Main Score,42.857142857142854
2775,textmapworld_graphreasoning,Qwen3.6-35B-A3B-FP8-without-reasoning,large,instance_00025,Success,0
2776,textmapworld_graphreasoning,Qwen3.6-35B-A3B-FP8-without-reasoning,large,instance_00025,Aborted,0
2777,textmapworld_graphreasoning,Qwen3.6-35B-A3B-FP8-without-reasoning,large,instance_00025,Lose,1
2778,textmapworld_graphreasoning,Qwen3.6-35B-A3B-FP8-without-reasoning,large,instance_00025,moves,10
2779,textmapworld_graphreasoning,Qwen3.6-35B-A3B-FP8-without-reasoning,large,instance_00025,valid_moves,10
2780,textmapworld_graphreasoning,Qwen3.6-35B-A3B-FP8-without-reasoning,large,instance_00025,invalid_moves,0
2781,textmapworld_graphreasoning,Qwen3.6-35B-A3B-FP8-without-reasoning,large,instance_00025,stopped,1
2782,textmapworld_graphreasoning,Qwen3.6-35B-A3B-FP8-without-reasoning,large,instance_00025,turns_limit,0
2783,textmapworld_graphreasoning,Qwen3.6-35B-A3B-FP8-without-reasoning,large,instance_00025,loops,1
2784,textmapworld_graphreasoning,Qwen3.6-35B-A3B-FP8-without-reasoning,large,instance_00025,number_visited,7
2785,textmapworld_graphreasoning,Qwen3.6-35B-A3B-FP8-without-reasoning,large,instance_00025,seen,8
2786,textmapworld_graphreasoning,Qwen3.6-35B-A3B-FP8-without-reasoning,large,instance_00025,efficiency,50.0
2787,textmapworld_graphreasoning,Qwen3.6-35B-A3B-FP8-without-reasoning,large,instance_00025,exploration,87.5
2788,textmapworld_graphreasoning,Qwen3.6-35B-A3B-FP8-without-reasoning,large,instance_00025,graph_similarity,0
2789,textmapworld_graphreasoning,Qwen3.6-35B-A3B-FP8-without-reasoning,large,instance_00025,Main Score,63.63636363636363
2790,textmapworld_graphreasoning,Qwen3.6-35B-A3B-FP8-without-reasoning,large,instance_00024,Success,0
2791,textmapworld_graphreasoning,Qwen3.6-35B-A3B-FP8-without-reasoning,large,instance_00024,Aborted,0
2792,textmapworld_graphreasoning,Qwen3.6-35B-A3B-FP8-without-reasoning,large,instance_00024,Lose,1
2793,textmapworld_graphreasoning,Qwen3.6-35B-A3B-FP8-without-reasoning,large,instance_00024,moves,6
2794,textmapworld_graphreasoning,Qwen3.6-35B-A3B-FP8-without-reasoning,large,instance_00024,valid_moves,6
2795,textmapworld_graphreasoning,Qwen3.6-35B-A3B-FP8-without-reasoning,large,instance_00024,invalid_moves,0
2796,textmapworld_graphreasoning,Qwen3.6-35B-A3B-FP8-without-reasoning,large,instance_00024,stopped,1
2797,textmapworld_graphreasoning,Qwen3.6-35B-A3B-FP8-without-reasoning,large,instance_00024,turns_limit,0
2798,textmapworld_graphreasoning,Qwen3.6-35B-A3B-FP8-without-reasoning,large,instance_00024,loops,0
2799,textmapworld_graphreasoning,Qwen3.6-35B-A3B-FP8-without-reasoning,large,instance_00024,number_visited,4
2800,textmapworld_graphreasoning,Qwen3.6-35B-A3B-FP8-without-reasoning,large,instance_00024,seen,6
2801,textmapworld_graphreasoning,Qwen3.6-35B-A3B-FP8-without-reasoning,large,instance_00024,efficiency,66.66666666666666
2802,textmapworld_graphreasoning,Qwen3.6-35B-A3B-FP8-without-reasoning,large,instance_00024,exploration,50.0
2803,textmapworld_graphreasoning,Qwen3.6-35B-A3B-FP8-without-reasoning,large,instance_00024,graph_similarity,0
2804,textmapworld_graphreasoning,Qwen3.6-35B-A3B-FP8-without-reasoning,large,instance_00024,Main Score,57.14285714285714
2805,textmapworld_graphreasoning,Qwen3.6-35B-A3B-FP8-without-reasoning,large,instance_00023,Aborted,1
2806,textmapworld_graphreasoning,Qwen3.6-35B-A3B-FP8-without-reasoning,large,instance_00023,Success,0
2807,textmapworld_graphreasoning,Qwen3.6-35B-A3B-FP8-without-reasoning,large,instance_00023,Lose,0
2808,textmapworld_graphreasoning,Qwen3.6-35B-A3B-FP8-without-reasoning,large,instance_00023,moves,
2809,textmapworld_graphreasoning,Qwen3.6-35B-A3B-FP8-without-reasoning,large,instance_00023,valid_moves,
2810,textmapworld_graphreasoning,Qwen3.6-35B-A3B-FP8-without-reasoning,large,instance_00023,invalid_moves,
2811,textmapworld_graphreasoning,Qwen3.6-35B-A3B-FP8-without-reasoning,large,instance_00023,stopped,
2812,textmapworld_graphreasoning,Qwen3.6-35B-A3B-FP8-without-reasoning,large,instance_00023,turns_limit,
2813,textmapworld_graphreasoning,Qwen3.6-35B-A3B-FP8-without-reasoning,large,instance_00023,loops,
2814,textmapworld_graphreasoning,Qwen3.6-35B-A3B-FP8-without-reasoning,large,instance_00023,number_visited,
2815,textmapworld_graphreasoning,Qwen3.6-35B-A3B-FP8-without-reasoning,large,instance_00023,seen,
2816,textmapworld_graphreasoning,Qwen3.6-35B-A3B-FP8-without-reasoning,large,instance_00023,efficiency,
2817,textmapworld_graphreasoning,Qwen3.6-35B-A3B-FP8-without-reasoning,large,instance_00023,exploration,
2818,textmapworld_graphreasoning,Qwen3.6-35B-A3B-FP8-without-reasoning,large,instance_00023,graph_similarity,
2819,textmapworld_graphreasoning,Qwen3.6-35B-A3B-FP8-without-reasoning,large,instance_00023,Main Score,
2820,textmapworld_graphreasoning,Qwen3.6-35B-A3B-FP8-without-reasoning,medium,instance_00017,Success,1
2821,textmapworld_graphreasoning,Qwen3.6-35B-A3B-FP8-without-reasoning,medium,instance_00017,Aborted,0
2822,textmapworld_graphreasoning,Qwen3.6-35B-A3B-FP8-without-reasoning,medium,instance_00017,Lose,0
2823,textmapworld_graphreasoning,Qwen3.6-35B-A3B-FP8-without-reasoning,medium,instance_00017,moves,11
2824,textmapworld_graphreasoning,Qwen3.6-35B-A3B-FP8-without-reasoning,medium,instance_00017,valid_moves,11
2825,textmapworld_graphreasoning,Qwen3.6-35B-A3B-FP8-without-reasoning,medium,instance_00017,invalid_moves,0
2826,textmapworld_graphreasoning,Qwen3.6-35B-A3B-FP8-without-reasoning,medium,instance_00017,stopped,1
2827,textmapworld_graphreasoning,Qwen3.6-35B-A3B-FP8-without-reasoning,medium,instance_00017,turns_limit,0
2828,textmapworld_graphreasoning,Qwen3.6-35B-A3B-FP8-without-reasoning,medium,instance_00017,loops,1
2829,textmapworld_graphreasoning,Qwen3.6-35B-A3B-FP8-without-reasoning,medium,instance_00017,number_visited,6
2830,textmapworld_graphreasoning,Qwen3.6-35B-A3B-FP8-without-reasoning,medium,instance_00017,seen,6
2831,textmapworld_graphreasoning,Qwen3.6-35B-A3B-FP8-without-reasoning,medium,instance_00017,efficiency,72.72727272727273
2832,textmapworld_graphreasoning,Qwen3.6-35B-A3B-FP8-without-reasoning,medium,instance_00017,exploration,100.0
2833,textmapworld_graphreasoning,Qwen3.6-35B-A3B-FP8-without-reasoning,medium,instance_00017,graph_similarity,0
2834,textmapworld_graphreasoning,Qwen3.6-35B-A3B-FP8-without-reasoning,medium,instance_00017,Main Score,84.21052631578947
2835,textmapworld_graphreasoning,Qwen3.6-35B-A3B-FP8-without-reasoning,medium,instance_00010,Success,0
2836,textmapworld_graphreasoning,Qwen3.6-35B-A3B-FP8-without-reasoning,medium,instance_00010,Aborted,0
2837,textmapworld_graphreasoning,Qwen3.6-35B-A3B-FP8-without-reasoning,medium,instance_00010,Lose,1
2838,textmapworld_graphreasoning,Qwen3.6-35B-A3B-FP8-without-reasoning,medium,instance_00010,moves,8
2839,textmapworld_graphreasoning,Qwen3.6-35B-A3B-FP8-without-reasoning,medium,instance_00010,valid_moves,8
2840,textmapworld_graphreasoning,Qwen3.6-35B-A3B-FP8-without-reasoning,medium,instance_00010,invalid_moves,0
2841,textmapworld_graphreasoning,Qwen3.6-35B-A3B-FP8-without-reasoning,medium,instance_00010,stopped,1
2842,textmapworld_graphreasoning,Qwen3.6-35B-A3B-FP8-without-reasoning,medium,instance_00010,turns_limit,0
2843,textmapworld_graphreasoning,Qwen3.6-35B-A3B-FP8-without-reasoning,medium,instance_00010,loops,0
2844,textmapworld_graphreasoning,Qwen3.6-35B-A3B-FP8-without-reasoning,medium,instance_00010,number_visited,4
2845,textmapworld_graphreasoning,Qwen3.6-35B-A3B-FP8-without-reasoning,medium,instance_00010,seen,5
2846,textmapworld_graphreasoning,Qwen3.6-35B-A3B-FP8-without-reasoning,medium,instance_00010,efficiency,75.0
2847,textmapworld_graphreasoning,Qwen3.6-35B-A3B-FP8-without-reasoning,medium,instance_00010,exploration,66.66666666666666
2848,textmapworld_graphreasoning,Qwen3.6-35B-A3B-FP8-without-reasoning,medium,instance_00010,graph_similarity,0
2849,textmapworld_graphreasoning,Qwen3.6-35B-A3B-FP8-without-reasoning,medium,instance_00010,Main Score,70.58823529411764
2850,textmapworld_graphreasoning,Qwen3.6-35B-A3B-FP8-without-reasoning,medium,instance_00019,Aborted,1
2851,textmapworld_graphreasoning,Qwen3.6-35B-A3B-FP8-without-reasoning,medium,instance_00019,Success,0
2852,textmapworld_graphreasoning,Qwen3.6-35B-A3B-FP8-without-reasoning,medium,instance_00019,Lose,0
2853,textmapworld_graphreasoning,Qwen3.6-35B-A3B-FP8-without-reasoning,medium,instance_00019,moves,
2854,textmapworld_graphreasoning,Qwen3.6-35B-A3B-FP8-without-reasoning,medium,instance_00019,valid_moves,
2855,textmapworld_graphreasoning,Qwen3.6-35B-A3B-FP8-without-reasoning,medium,instance_00019,invalid_moves,
2856,textmapworld_graphreasoning,Qwen3.6-35B-A3B-FP8-without-reasoning,medium,instance_00019,stopped,
2857,textmapworld_graphreasoning,Qwen3.6-35B-A3B-FP8-without-reasoning,medium,instance_00019,turns_limit,
2858,textmapworld_graphreasoning,Qwen3.6-35B-A3B-FP8-without-reasoning,medium,instance_00019,loops,
2859,textmapworld_graphreasoning,Qwen3.6-35B-A3B-FP8-without-reasoning,medium,instance_00019,number_visited,
2860,textmapworld_graphreasoning,Qwen3.6-35B-A3B-FP8-without-reasoning,medium,instance_00019,seen,
2861,textmapworld_graphreasoning,Qwen3.6-35B-A3B-FP8-without-reasoning,medium,instance_00019,efficiency,
2862,textmapworld_graphreasoning,Qwen3.6-35B-A3B-FP8-without-reasoning,medium,instance_00019,exploration,
2863,textmapworld_graphreasoning,Qwen3.6-35B-A3B-FP8-without-reasoning,medium,instance_00019,graph_similarity,
2864,textmapworld_graphreasoning,Qwen3.6-35B-A3B-FP8-without-reasoning,medium,instance_00019,Main Score,
2865,textmapworld_graphreasoning,Qwen3.6-35B-A3B-FP8-without-reasoning,medium,instance_00018,Success,0
2866,textmapworld_graphreasoning,Qwen3.6-35B-A3B-FP8-without-reasoning,medium,instance_00018,Aborted,0
2867,textmapworld_graphreasoning,Qwen3.6-35B-A3B-FP8-without-reasoning,medium,instance_00018,Lose,1
2868,textmapworld_graphreasoning,Qwen3.6-35B-A3B-FP8-without-reasoning,medium,instance_00018,moves,9
2869,textmapworld_graphreasoning,Qwen3.6-35B-A3B-FP8-without-reasoning,medium,instance_00018,valid_moves,9
2870,textmapworld_graphreasoning,Qwen3.6-35B-A3B-FP8-without-reasoning,medium,instance_00018,invalid_moves,0
2871,textmapworld_graphreasoning,Qwen3.6-35B-A3B-FP8-without-reasoning,medium,instance_00018,stopped,1
2872,textmapworld_graphreasoning,Qwen3.6-35B-A3B-FP8-without-reasoning,medium,instance_00018,turns_limit,0
2873,textmapworld_graphreasoning,Qwen3.6-35B-A3B-FP8-without-reasoning,medium,instance_00018,loops,0
2874,textmapworld_graphreasoning,Qwen3.6-35B-A3B-FP8-without-reasoning,medium,instance_00018,number_visited,5
2875,textmapworld_graphreasoning,Qwen3.6-35B-A3B-FP8-without-reasoning,medium,instance_00018,seen,6
2876,textmapworld_graphreasoning,Qwen3.6-35B-A3B-FP8-without-reasoning,medium,instance_00018,efficiency,77.77777777777779
2877,textmapworld_graphreasoning,Qwen3.6-35B-A3B-FP8-without-reasoning,medium,instance_00018,exploration,83.33333333333334
2878,textmapworld_graphreasoning,Qwen3.6-35B-A3B-FP8-without-reasoning,medium,instance_00018,graph_similarity,0
2879,textmapworld_graphreasoning,Qwen3.6-35B-A3B-FP8-without-reasoning,medium,instance_00018,Main Score,80.45977011494253
2880,textmapworld_graphreasoning,Qwen3.6-35B-A3B-FP8-without-reasoning,medium,instance_00011,Aborted,1
2881,textmapworld_graphreasoning,Qwen3.6-35B-A3B-FP8-without-reasoning,medium,instance_00011,Success,0
2882,textmapworld_graphreasoning,Qwen3.6-35B-A3B-FP8-without-reasoning,medium,instance_00011,Lose,0
2883,textmapworld_graphreasoning,Qwen3.6-35B-A3B-FP8-without-reasoning,medium,instance_00011,moves,
2884,textmapworld_graphreasoning,Qwen3.6-35B-A3B-FP8-without-reasoning,medium,instance_00011,valid_moves,
2885,textmapworld_graphreasoning,Qwen3.6-35B-A3B-FP8-without-reasoning,medium,instance_00011,invalid_moves,
2886,textmapworld_graphreasoning,Qwen3.6-35B-A3B-FP8-without-reasoning,medium,instance_00011,stopped,
2887,textmapworld_graphreasoning,Qwen3.6-35B-A3B-FP8-without-reasoning,medium,instance_00011,turns_limit,
2888,textmapworld_graphreasoning,Qwen3.6-35B-A3B-FP8-without-reasoning,medium,instance_00011,loops,
2889,textmapworld_graphreasoning,Qwen3.6-35B-A3B-FP8-without-reasoning,medium,instance_00011,number_visited,
2890,textmapworld_graphreasoning,Qwen3.6-35B-A3B-FP8-without-reasoning,medium,instance_00011,seen,
2891,textmapworld_graphreasoning,Qwen3.6-35B-A3B-FP8-without-reasoning,medium,instance_00011,efficiency,
2892,textmapworld_graphreasoning,Qwen3.6-35B-A3B-FP8-without-reasoning,medium,instance_00011,exploration,
2893,textmapworld_graphreasoning,Qwen3.6-35B-A3B-FP8-without-reasoning,medium,instance_00011,graph_similarity,
2894,textmapworld_graphreasoning,Qwen3.6-35B-A3B-FP8-without-reasoning,medium,instance_00011,Main Score,
2895,textmapworld_graphreasoning,Qwen3.6-35B-A3B-FP8-without-reasoning,medium,instance_00016,Success,0
2896,textmapworld_graphreasoning,Qwen3.6-35B-A3B-FP8-without-reasoning,medium,instance_00016,Aborted,0
2897,textmapworld_graphreasoning,Qwen3.6-35B-A3B-FP8-without-reasoning,medium,instance_00016,Lose,1
2898,textmapworld_graphreasoning,Qwen3.6-35B-A3B-FP8-without-reasoning,medium,instance_00016,moves,6
2899,textmapworld_graphreasoning,Qwen3.6-35B-A3B-FP8-without-reasoning,medium,instance_00016,valid_moves,6
2900,textmapworld_graphreasoning,Qwen3.6-35B-A3B-FP8-without-reasoning,medium,instance_00016,invalid_moves,0
2901,textmapworld_graphreasoning,Qwen3.6-35B-A3B-FP8-without-reasoning,medium,instance_00016,stopped,1
2902,textmapworld_graphreasoning,Qwen3.6-35B-A3B-FP8-without-reasoning,medium,instance_00016,turns_limit,0
2903,textmapworld_graphreasoning,Qwen3.6-35B-A3B-FP8-without-reasoning,medium,instance_00016,loops,0
2904,textmapworld_graphreasoning,Qwen3.6-35B-A3B-FP8-without-reasoning,medium,instance_00016,number_visited,4
2905,textmapworld_graphreasoning,Qwen3.6-35B-A3B-FP8-without-reasoning,medium,instance_00016,seen,5
2906,textmapworld_graphreasoning,Qwen3.6-35B-A3B-FP8-without-reasoning,medium,instance_00016,efficiency,66.66666666666666
2907,textmapworld_graphreasoning,Qwen3.6-35B-A3B-FP8-without-reasoning,medium,instance_00016,exploration,66.66666666666666
2908,textmapworld_graphreasoning,Qwen3.6-35B-A3B-FP8-without-reasoning,medium,instance_00016,graph_similarity,0
2909,textmapworld_graphreasoning,Qwen3.6-35B-A3B-FP8-without-reasoning,medium,instance_00016,Main Score,66.66666666666666
2910,textmapworld_graphreasoning,Qwen3.6-35B-A3B-FP8-without-reasoning,medium,instance_00013,Success,0
2911,textmapworld_graphreasoning,Qwen3.6-35B-A3B-FP8-without-reasoning,medium,instance_00013,Aborted,0
2912,textmapworld_graphreasoning,Qwen3.6-35B-A3B-FP8-without-reasoning,medium,instance_00013,Lose,1
2913,textmapworld_graphreasoning,Qwen3.6-35B-A3B-FP8-without-reasoning,medium,instance_00013,moves,2
2914,textmapworld_graphreasoning,Qwen3.6-35B-A3B-FP8-without-reasoning,medium,instance_00013,valid_moves,2
2915,textmapworld_graphreasoning,Qwen3.6-35B-A3B-FP8-without-reasoning,medium,instance_00013,invalid_moves,0
2916,textmapworld_graphreasoning,Qwen3.6-35B-A3B-FP8-without-reasoning,medium,instance_00013,stopped,1
2917,textmapworld_graphreasoning,Qwen3.6-35B-A3B-FP8-without-reasoning,medium,instance_00013,turns_limit,0
2918,textmapworld_graphreasoning,Qwen3.6-35B-A3B-FP8-without-reasoning,medium,instance_00013,loops,0
2919,textmapworld_graphreasoning,Qwen3.6-35B-A3B-FP8-without-reasoning,medium,instance_00013,number_visited,3
2920,textmapworld_graphreasoning,Qwen3.6-35B-A3B-FP8-without-reasoning,medium,instance_00013,seen,4
2921,textmapworld_graphreasoning,Qwen3.6-35B-A3B-FP8-without-reasoning,medium,instance_00013,efficiency,100.0
2922,textmapworld_graphreasoning,Qwen3.6-35B-A3B-FP8-without-reasoning,medium,instance_00013,exploration,50.0
2923,textmapworld_graphreasoning,Qwen3.6-35B-A3B-FP8-without-reasoning,medium,instance_00013,graph_similarity,0
2924,textmapworld_graphreasoning,Qwen3.6-35B-A3B-FP8-without-reasoning,medium,instance_00013,Main Score,66.66666666666667
2925,textmapworld_graphreasoning,Qwen3.6-35B-A3B-FP8-without-reasoning,medium,instance_00014,Success,0
2926,textmapworld_graphreasoning,Qwen3.6-35B-A3B-FP8-without-reasoning,medium,instance_00014,Aborted,0
2927,textmapworld_graphreasoning,Qwen3.6-35B-A3B-FP8-without-reasoning,medium,instance_00014,Lose,1
2928,textmapworld_graphreasoning,Qwen3.6-35B-A3B-FP8-without-reasoning,medium,instance_00014,moves,4
2929,textmapworld_graphreasoning,Qwen3.6-35B-A3B-FP8-without-reasoning,medium,instance_00014,valid_moves,4
2930,textmapworld_graphreasoning,Qwen3.6-35B-A3B-FP8-without-reasoning,medium,instance_00014,invalid_moves,0
2931,textmapworld_graphreasoning,Qwen3.6-35B-A3B-FP8-without-reasoning,medium,instance_00014,stopped,1
2932,textmapworld_graphreasoning,Qwen3.6-35B-A3B-FP8-without-reasoning,medium,instance_00014,turns_limit,0
2933,textmapworld_graphreasoning,Qwen3.6-35B-A3B-FP8-without-reasoning,medium,instance_00014,loops,0
2934,textmapworld_graphreasoning,Qwen3.6-35B-A3B-FP8-without-reasoning,medium,instance_00014,number_visited,3
2935,textmapworld_graphreasoning,Qwen3.6-35B-A3B-FP8-without-reasoning,medium,instance_00014,seen,4
2936,textmapworld_graphreasoning,Qwen3.6-35B-A3B-FP8-without-reasoning,medium,instance_00014,efficiency,75.0
2937,textmapworld_graphreasoning,Qwen3.6-35B-A3B-FP8-without-reasoning,medium,instance_00014,exploration,50.0
2938,textmapworld_graphreasoning,Qwen3.6-35B-A3B-FP8-without-reasoning,medium,instance_00014,graph_similarity,0
2939,textmapworld_graphreasoning,Qwen3.6-35B-A3B-FP8-without-reasoning,medium,instance_00014,Main Score,60.0
2940,textmapworld_graphreasoning,Qwen3.6-35B-A3B-FP8-without-reasoning,medium,instance_00015,Aborted,1
2941,textmapworld_graphreasoning,Qwen3.6-35B-A3B-FP8-without-reasoning,medium,instance_00015,Success,0
2942,textmapworld_graphreasoning,Qwen3.6-35B-A3B-FP8-without-reasoning,medium,instance_00015,Lose,0
2943,textmapworld_graphreasoning,Qwen3.6-35B-A3B-FP8-without-reasoning,medium,instance_00015,moves,
2944,textmapworld_graphreasoning,Qwen3.6-35B-A3B-FP8-without-reasoning,medium,instance_00015,valid_moves,
2945,textmapworld_graphreasoning,Qwen3.6-35B-A3B-FP8-without-reasoning,medium,instance_00015,invalid_moves,
2946,textmapworld_graphreasoning,Qwen3.6-35B-A3B-FP8-without-reasoning,medium,instance_00015,stopped,
2947,textmapworld_graphreasoning,Qwen3.6-35B-A3B-FP8-without-reasoning,medium,instance_00015,turns_limit,
2948,textmapworld_graphreasoning,Qwen3.6-35B-A3B-FP8-without-reasoning,medium,instance_00015,loops,
2949,textmapworld_graphreasoning,Qwen3.6-35B-A3B-FP8-without-reasoning,medium,instance_00015,number_visited,
2950,textmapworld_graphreasoning,Qwen3.6-35B-A3B-FP8-without-reasoning,medium,instance_00015,seen,
2951,textmapworld_graphreasoning,Qwen3.6-35B-A3B-FP8-without-reasoning,medium,instance_00015,efficiency,
2952,textmapworld_graphreasoning,Qwen3.6-35B-A3B-FP8-without-reasoning,medium,instance_00015,exploration,
2953,textmapworld_graphreasoning,Qwen3.6-35B-A3B-FP8-without-reasoning,medium,instance_00015,graph_similarity,
2954,textmapworld_graphreasoning,Qwen3.6-35B-A3B-FP8-without-reasoning,medium,instance_00015,Main Score,
2955,textmapworld_graphreasoning,Qwen3.6-35B-A3B-FP8-without-reasoning,medium,instance_00012,Success,0
2956,textmapworld_graphreasoning,Qwen3.6-35B-A3B-FP8-without-reasoning,medium,instance_00012,Aborted,0
2957,textmapworld_graphreasoning,Qwen3.6-35B-A3B-FP8-without-reasoning,medium,instance_00012,Lose,1
2958,textmapworld_graphreasoning,Qwen3.6-35B-A3B-FP8-without-reasoning,medium,instance_00012,moves,6
2959,textmapworld_graphreasoning,Qwen3.6-35B-A3B-FP8-without-reasoning,medium,instance_00012,valid_moves,6
2960,textmapworld_graphreasoning,Qwen3.6-35B-A3B-FP8-without-reasoning,medium,instance_00012,invalid_moves,0
2961,textmapworld_graphreasoning,Qwen3.6-35B-A3B-FP8-without-reasoning,medium,instance_00012,stopped,1
2962,textmapworld_graphreasoning,Qwen3.6-35B-A3B-FP8-without-reasoning,medium,instance_00012,turns_limit,0
2963,textmapworld_graphreasoning,Qwen3.6-35B-A3B-FP8-without-reasoning,medium,instance_00012,loops,0
2964,textmapworld_graphreasoning,Qwen3.6-35B-A3B-FP8-without-reasoning,medium,instance_00012,number_visited,4
2965,textmapworld_graphreasoning,Qwen3.6-35B-A3B-FP8-without-reasoning,medium,instance_00012,seen,5
2966,textmapworld_graphreasoning,Qwen3.6-35B-A3B-FP8-without-reasoning,medium,instance_00012,efficiency,83.33333333333334
2967,textmapworld_graphreasoning,Qwen3.6-35B-A3B-FP8-without-reasoning,medium,instance_00012,exploration,66.66666666666666
2968,textmapworld_graphreasoning,Qwen3.6-35B-A3B-FP8-without-reasoning,medium,instance_00012,graph_similarity,0
2969,textmapworld_graphreasoning,Qwen3.6-35B-A3B-FP8-without-reasoning,medium,instance_00012,Main Score,74.07407407407408
2970,textmapworld_graphreasoning,Qwen3.6-35B-A3B-FP8-without-reasoning,small,instance_00005,Success,1
2971,textmapworld_graphreasoning,Qwen3.6-35B-A3B-FP8-without-reasoning,small,instance_00005,Aborted,0
2972,textmapworld_graphreasoning,Qwen3.6-35B-A3B-FP8-without-reasoning,small,instance_00005,Lose,0
2973,textmapworld_graphreasoning,Qwen3.6-35B-A3B-FP8-without-reasoning,small,instance_00005,moves,7
2974,textmapworld_graphreasoning,Qwen3.6-35B-A3B-FP8-without-reasoning,small,instance_00005,valid_moves,7
2975,textmapworld_graphreasoning,Qwen3.6-35B-A3B-FP8-without-reasoning,small,instance_00005,invalid_moves,0
2976,textmapworld_graphreasoning,Qwen3.6-35B-A3B-FP8-without-reasoning,small,instance_00005,stopped,1
2977,textmapworld_graphreasoning,Qwen3.6-35B-A3B-FP8-without-reasoning,small,instance_00005,turns_limit,0
2978,textmapworld_graphreasoning,Qwen3.6-35B-A3B-FP8-without-reasoning,small,instance_00005,loops,1
2979,textmapworld_graphreasoning,Qwen3.6-35B-A3B-FP8-without-reasoning,small,instance_00005,number_visited,4
2980,textmapworld_graphreasoning,Qwen3.6-35B-A3B-FP8-without-reasoning,small,instance_00005,seen,4
2981,textmapworld_graphreasoning,Qwen3.6-35B-A3B-FP8-without-reasoning,small,instance_00005,efficiency,71.42857142857143
2982,textmapworld_graphreasoning,Qwen3.6-35B-A3B-FP8-without-reasoning,small,instance_00005,exploration,100.0
2983,textmapworld_graphreasoning,Qwen3.6-35B-A3B-FP8-without-reasoning,small,instance_00005,graph_similarity,0
2984,textmapworld_graphreasoning,Qwen3.6-35B-A3B-FP8-without-reasoning,small,instance_00005,Main Score,83.33333333333333
2985,textmapworld_graphreasoning,Qwen3.6-35B-A3B-FP8-without-reasoning,small,instance_00002,Success,0
2986,textmapworld_graphreasoning,Qwen3.6-35B-A3B-FP8-without-reasoning,small,instance_00002,Aborted,0
2987,textmapworld_graphreasoning,Qwen3.6-35B-A3B-FP8-without-reasoning,small,instance_00002,Lose,1
2988,textmapworld_graphreasoning,Qwen3.6-35B-A3B-FP8-without-reasoning,small,instance_00002,moves,3
2989,textmapworld_graphreasoning,Qwen3.6-35B-A3B-FP8-without-reasoning,small,instance_00002,valid_moves,3
2990,textmapworld_graphreasoning,Qwen3.6-35B-A3B-FP8-without-reasoning,small,instance_00002,invalid_moves,0
2991,textmapworld_graphreasoning,Qwen3.6-35B-A3B-FP8-without-reasoning,small,instance_00002,stopped,1
2992,textmapworld_graphreasoning,Qwen3.6-35B-A3B-FP8-without-reasoning,small,instance_00002,turns_limit,0
2993,textmapworld_graphreasoning,Qwen3.6-35B-A3B-FP8-without-reasoning,small,instance_00002,loops,0
2994,textmapworld_graphreasoning,Qwen3.6-35B-A3B-FP8-without-reasoning,small,instance_00002,number_visited,3
2995,textmapworld_graphreasoning,Qwen3.6-35B-A3B-FP8-without-reasoning,small,instance_00002,seen,4
2996,textmapworld_graphreasoning,Qwen3.6-35B-A3B-FP8-without-reasoning,small,instance_00002,efficiency,66.66666666666666
2997,textmapworld_graphreasoning,Qwen3.6-35B-A3B-FP8-without-reasoning,small,instance_00002,exploration,75.0
2998,textmapworld_graphreasoning,Qwen3.6-35B-A3B-FP8-without-reasoning,small,instance_00002,graph_similarity,0
2999,textmapworld_graphreasoning,Qwen3.6-35B-A3B-FP8-without-reasoning,small,instance_00002,Main Score,70.58823529411764
3000,textmapworld_graphreasoning,Qwen3.6-35B-A3B-FP8-without-reasoning,small,instance_00003,Success,0
3001,textmapworld_graphreasoning,Qwen3.6-35B-A3B-FP8-without-reasoning,small,instance_00003,Aborted,0
3002,textmapworld_graphreasoning,Qwen3.6-35B-A3B-FP8-without-reasoning,small,instance_00003,Lose,1
3003,textmapworld_graphreasoning,Qwen3.6-35B-A3B-FP8-without-reasoning,small,instance_00003,moves,3
3004,textmapworld_graphreasoning,Qwen3.6-35B-A3B-FP8-without-reasoning,small,instance_00003,valid_moves,3
3005,textmapworld_graphreasoning,Qwen3.6-35B-A3B-FP8-without-reasoning,small,instance_00003,invalid_moves,0
3006,textmapworld_graphreasoning,Qwen3.6-35B-A3B-FP8-without-reasoning,small,instance_00003,stopped,1
3007,textmapworld_graphreasoning,Qwen3.6-35B-A3B-FP8-without-reasoning,small,instance_00003,turns_limit,0
3008,textmapworld_graphreasoning,Qwen3.6-35B-A3B-FP8-without-reasoning,small,instance_00003,loops,0
3009,textmapworld_graphreasoning,Qwen3.6-35B-A3B-FP8-without-reasoning,small,instance_00003,number_visited,3
3010,textmapworld_graphreasoning,Qwen3.6-35B-A3B-FP8-without-reasoning,small,instance_00003,seen,4
3011,textmapworld_graphreasoning,Qwen3.6-35B-A3B-FP8-without-reasoning,small,instance_00003,efficiency,66.66666666666666
3012,textmapworld_graphreasoning,Qwen3.6-35B-A3B-FP8-without-reasoning,small,instance_00003,exploration,75.0
3013,textmapworld_graphreasoning,Qwen3.6-35B-A3B-FP8-without-reasoning,small,instance_00003,graph_similarity,0
3014,textmapworld_graphreasoning,Qwen3.6-35B-A3B-FP8-without-reasoning,small,instance_00003,Main Score,70.58823529411764
3015,textmapworld_graphreasoning,Qwen3.6-35B-A3B-FP8-without-reasoning,small,instance_00004,Success,1
3016,textmapworld_graphreasoning,Qwen3.6-35B-A3B-FP8-without-reasoning,small,instance_00004,Aborted,0
3017,textmapworld_graphreasoning,Qwen3.6-35B-A3B-FP8-without-reasoning,small,instance_00004,Lose,0
3018,textmapworld_graphreasoning,Qwen3.6-35B-A3B-FP8-without-reasoning,small,instance_00004,moves,6
3019,textmapworld_graphreasoning,Qwen3.6-35B-A3B-FP8-without-reasoning,small,instance_00004,valid_moves,6
3020,textmapworld_graphreasoning,Qwen3.6-35B-A3B-FP8-without-reasoning,small,instance_00004,invalid_moves,0
3021,textmapworld_graphreasoning,Qwen3.6-35B-A3B-FP8-without-reasoning,small,instance_00004,stopped,1
3022,textmapworld_graphreasoning,Qwen3.6-35B-A3B-FP8-without-reasoning,small,instance_00004,turns_limit,0
3023,textmapworld_graphreasoning,Qwen3.6-35B-A3B-FP8-without-reasoning,small,instance_00004,loops,0
3024,textmapworld_graphreasoning,Qwen3.6-35B-A3B-FP8-without-reasoning,small,instance_00004,number_visited,4
3025,textmapworld_graphreasoning,Qwen3.6-35B-A3B-FP8-without-reasoning,small,instance_00004,seen,4
3026,textmapworld_graphreasoning,Qwen3.6-35B-A3B-FP8-without-reasoning,small,instance_00004,efficiency,50.0
3027,textmapworld_graphreasoning,Qwen3.6-35B-A3B-FP8-without-reasoning,small,instance_00004,exploration,100.0
3028,textmapworld_graphreasoning,Qwen3.6-35B-A3B-FP8-without-reasoning,small,instance_00004,graph_similarity,0
3029,textmapworld_graphreasoning,Qwen3.6-35B-A3B-FP8-without-reasoning,small,instance_00004,Main Score,66.66666666666667
3030,textmapworld_graphreasoning,Qwen3.6-35B-A3B-FP8-without-reasoning,small,instance_00008,Success,1
3031,textmapworld_graphreasoning,Qwen3.6-35B-A3B-FP8-without-reasoning,small,instance_00008,Aborted,0
3032,textmapworld_graphreasoning,Qwen3.6-35B-A3B-FP8-without-reasoning,small,instance_00008,Lose,0
3033,textmapworld_graphreasoning,Qwen3.6-35B-A3B-FP8-without-reasoning,small,instance_00008,moves,11
3034,textmapworld_graphreasoning,Qwen3.6-35B-A3B-FP8-without-reasoning,small,instance_00008,valid_moves,11
3035,textmapworld_graphreasoning,Qwen3.6-35B-A3B-FP8-without-reasoning,small,instance_00008,invalid_moves,0
3036,textmapworld_graphreasoning,Qwen3.6-35B-A3B-FP8-without-reasoning,small,instance_00008,stopped,1
3037,textmapworld_graphreasoning,Qwen3.6-35B-A3B-FP8-without-reasoning,small,instance_00008,turns_limit,0
3038,textmapworld_graphreasoning,Qwen3.6-35B-A3B-FP8-without-reasoning,small,instance_00008,loops,1
3039,textmapworld_graphreasoning,Qwen3.6-35B-A3B-FP8-without-reasoning,small,instance_00008,number_visited,4
3040,textmapworld_graphreasoning,Qwen3.6-35B-A3B-FP8-without-reasoning,small,instance_00008,seen,4
3041,textmapworld_graphreasoning,Qwen3.6-35B-A3B-FP8-without-reasoning,small,instance_00008,efficiency,36.36363636363637
3042,textmapworld_graphreasoning,Qwen3.6-35B-A3B-FP8-without-reasoning,small,instance_00008,exploration,100.0
3043,textmapworld_graphreasoning,Qwen3.6-35B-A3B-FP8-without-reasoning,small,instance_00008,graph_similarity,0
3044,textmapworld_graphreasoning,Qwen3.6-35B-A3B-FP8-without-reasoning,small,instance_00008,Main Score,53.33333333333333
3045,textmapworld_graphreasoning,Qwen3.6-35B-A3B-FP8-without-reasoning,small,instance_00001,Success,1
3046,textmapworld_graphreasoning,Qwen3.6-35B-A3B-FP8-without-reasoning,small,instance_00001,Aborted,0
3047,textmapworld_graphreasoning,Qwen3.6-35B-A3B-FP8-without-reasoning,small,instance_00001,Lose,0
3048,textmapworld_graphreasoning,Qwen3.6-35B-A3B-FP8-without-reasoning,small,instance_00001,moves,11
3049,textmapworld_graphreasoning,Qwen3.6-35B-A3B-FP8-without-reasoning,small,instance_00001,valid_moves,11
3050,textmapworld_graphreasoning,Qwen3.6-35B-A3B-FP8-without-reasoning,small,instance_00001,invalid_moves,0
3051,textmapworld_graphreasoning,Qwen3.6-35B-A3B-FP8-without-reasoning,small,instance_00001,stopped,1
3052,textmapworld_graphreasoning,Qwen3.6-35B-A3B-FP8-without-reasoning,small,instance_00001,turns_limit,0
3053,textmapworld_graphreasoning,Qwen3.6-35B-A3B-FP8-without-reasoning,small,instance_00001,loops,1
3054,textmapworld_graphreasoning,Qwen3.6-35B-A3B-FP8-without-reasoning,small,instance_00001,number_visited,4
3055,textmapworld_graphreasoning,Qwen3.6-35B-A3B-FP8-without-reasoning,small,instance_00001,seen,4
3056,textmapworld_graphreasoning,Qwen3.6-35B-A3B-FP8-without-reasoning,small,instance_00001,efficiency,36.36363636363637
3057,textmapworld_graphreasoning,Qwen3.6-35B-A3B-FP8-without-reasoning,small,instance_00001,exploration,100.0
3058,textmapworld_graphreasoning,Qwen3.6-35B-A3B-FP8-without-reasoning,small,instance_00001,graph_similarity,0
3059,textmapworld_graphreasoning,Qwen3.6-35B-A3B-FP8-without-reasoning,small,instance_00001,Main Score,53.33333333333333
3060,textmapworld_graphreasoning,Qwen3.6-35B-A3B-FP8-without-reasoning,small,instance_00006,Success,1
3061,textmapworld_graphreasoning,Qwen3.6-35B-A3B-FP8-without-reasoning,small,instance_00006,Aborted,0
3062,textmapworld_graphreasoning,Qwen3.6-35B-A3B-FP8-without-reasoning,small,instance_00006,Lose,0
3063,textmapworld_graphreasoning,Qwen3.6-35B-A3B-FP8-without-reasoning,small,instance_00006,moves,6
3064,textmapworld_graphreasoning,Qwen3.6-35B-A3B-FP8-without-reasoning,small,instance_00006,valid_moves,6
3065,textmapworld_graphreasoning,Qwen3.6-35B-A3B-FP8-without-reasoning,small,instance_00006,invalid_moves,0
3066,textmapworld_graphreasoning,Qwen3.6-35B-A3B-FP8-without-reasoning,small,instance_00006,stopped,1
3067,textmapworld_graphreasoning,Qwen3.6-35B-A3B-FP8-without-reasoning,small,instance_00006,turns_limit,0
3068,textmapworld_graphreasoning,Qwen3.6-35B-A3B-FP8-without-reasoning,small,instance_00006,loops,0
3069,textmapworld_graphreasoning,Qwen3.6-35B-A3B-FP8-without-reasoning,small,instance_00006,number_visited,4
3070,textmapworld_graphreasoning,Qwen3.6-35B-A3B-FP8-without-reasoning,small,instance_00006,seen,4
3071,textmapworld_graphreasoning,Qwen3.6-35B-A3B-FP8-without-reasoning,small,instance_00006,efficiency,50.0
3072,textmapworld_graphreasoning,Qwen3.6-35B-A3B-FP8-without-reasoning,small,instance_00006,exploration,100.0
3073,textmapworld_graphreasoning,Qwen3.6-35B-A3B-FP8-without-reasoning,small,instance_00006,graph_similarity,0
3074,textmapworld_graphreasoning,Qwen3.6-35B-A3B-FP8-without-reasoning,small,instance_00006,Main Score,66.66666666666667
3075,textmapworld_graphreasoning,Qwen3.6-35B-A3B-FP8-without-reasoning,small,instance_00007,Success,1
3076,textmapworld_graphreasoning,Qwen3.6-35B-A3B-FP8-without-reasoning,small,instance_00007,Aborted,0
3077,textmapworld_graphreasoning,Qwen3.6-35B-A3B-FP8-without-reasoning,small,instance_00007,Lose,0
3078,textmapworld_graphreasoning,Qwen3.6-35B-A3B-FP8-without-reasoning,small,instance_00007,moves,6
3079,textmapworld_graphreasoning,Qwen3.6-35B-A3B-FP8-without-reasoning,small,instance_00007,valid_moves,6
3080,textmapworld_graphreasoning,Qwen3.6-35B-A3B-FP8-without-reasoning,small,instance_00007,invalid_moves,0
3081,textmapworld_graphreasoning,Qwen3.6-35B-A3B-FP8-without-reasoning,small,instance_00007,stopped,1
3082,textmapworld_graphreasoning,Qwen3.6-35B-A3B-FP8-without-reasoning,small,instance_00007,turns_limit,0
3083,textmapworld_graphreasoning,Qwen3.6-35B-A3B-FP8-without-reasoning,small,instance_00007,loops,0
3084,textmapworld_graphreasoning,Qwen3.6-35B-A3B-FP8-without-reasoning,small,instance_00007,number_visited,4
3085,textmapworld_graphreasoning,Qwen3.6-35B-A3B-FP8-without-reasoning,small,instance_00007,seen,4
3086,textmapworld_graphreasoning,Qwen3.6-35B-A3B-FP8-without-reasoning,small,instance_00007,efficiency,50.0
3087,textmapworld_graphreasoning,Qwen3.6-35B-A3B-FP8-without-reasoning,small,instance_00007,exploration,100.0
3088,textmapworld_graphreasoning,Qwen3.6-35B-A3B-FP8-without-reasoning,small,instance_00007,graph_similarity,0
3089,textmapworld_graphreasoning,Qwen3.6-35B-A3B-FP8-without-reasoning,small,instance_00007,Main Score,66.66666666666667
3090,textmapworld_graphreasoning,Qwen3.6-35B-A3B-FP8-without-reasoning,small,instance_00000,Success,1
3091,textmapworld_graphreasoning,Qwen3.6-35B-A3B-FP8-without-reasoning,small,instance_00000,Aborted,0
3092,textmapworld_graphreasoning,Qwen3.6-35B-A3B-FP8-without-reasoning,small,instance_00000,Lose,0
3093,textmapworld_graphreasoning,Qwen3.6-35B-A3B-FP8-without-reasoning,small,instance_00000,moves,11
3094,textmapworld_graphreasoning,Qwen3.6-35B-A3B-FP8-without-reasoning,small,instance_00000,valid_moves,11
3095,textmapworld_graphreasoning,Qwen3.6-35B-A3B-FP8-without-reasoning,small,instance_00000,invalid_moves,0
3096,textmapworld_graphreasoning,Qwen3.6-35B-A3B-FP8-without-reasoning,small,instance_00000,stopped,1
3097,textmapworld_graphreasoning,Qwen3.6-35B-A3B-FP8-without-reasoning,small,instance_00000,turns_limit,0
3098,textmapworld_graphreasoning,Qwen3.6-35B-A3B-FP8-without-reasoning,small,instance_00000,loops,1
3099,textmapworld_graphreasoning,Qwen3.6-35B-A3B-FP8-without-reasoning,small,instance_00000,number_visited,4
3100,textmapworld_graphreasoning,Qwen3.6-35B-A3B-FP8-without-reasoning,small,instance_00000,seen,4
3101,textmapworld_graphreasoning,Qwen3.6-35B-A3B-FP8-without-reasoning,small,instance_00000,efficiency,36.36363636363637
3102,textmapworld_graphreasoning,Qwen3.6-35B-A3B-FP8-without-reasoning,small,instance_00000,exploration,100.0
3103,textmapworld_graphreasoning,Qwen3.6-35B-A3B-FP8-without-reasoning,small,instance_00000,graph_similarity,0
3104,textmapworld_graphreasoning,Qwen3.6-35B-A3B-FP8-without-reasoning,small,instance_00000,Main Score,53.33333333333333
3105,textmapworld_graphreasoning,Qwen3.6-35B-A3B-FP8-without-reasoning,small,instance_00009,Success,1
3106,textmapworld_graphreasoning,Qwen3.6-35B-A3B-FP8-without-reasoning,small,instance_00009,Aborted,0
3107,textmapworld_graphreasoning,Qwen3.6-35B-A3B-FP8-without-reasoning,small,instance_00009,Lose,0
3108,textmapworld_graphreasoning,Qwen3.6-35B-A3B-FP8-without-reasoning,small,instance_00009,moves,6
3109,textmapworld_graphreasoning,Qwen3.6-35B-A3B-FP8-without-reasoning,small,instance_00009,valid_moves,6
3110,textmapworld_graphreasoning,Qwen3.6-35B-A3B-FP8-without-reasoning,small,instance_00009,invalid_moves,0
3111,textmapworld_graphreasoning,Qwen3.6-35B-A3B-FP8-without-reasoning,small,instance_00009,stopped,1
3112,textmapworld_graphreasoning,Qwen3.6-35B-A3B-FP8-without-reasoning,small,instance_00009,turns_limit,0
3113,textmapworld_graphreasoning,Qwen3.6-35B-A3B-FP8-without-reasoning,small,instance_00009,loops,0
3114,textmapworld_graphreasoning,Qwen3.6-35B-A3B-FP8-without-reasoning,small,instance_00009,number_visited,4
3115,textmapworld_graphreasoning,Qwen3.6-35B-A3B-FP8-without-reasoning,small,instance_00009,seen,4
3116,textmapworld_graphreasoning,Qwen3.6-35B-A3B-FP8-without-reasoning,small,instance_00009,efficiency,50.0
3117,textmapworld_graphreasoning,Qwen3.6-35B-A3B-FP8-without-reasoning,small,instance_00009,exploration,100.0
3118,textmapworld_graphreasoning,Qwen3.6-35B-A3B-FP8-without-reasoning,small,instance_00009,graph_similarity,0
3119,textmapworld_graphreasoning,Qwen3.6-35B-A3B-FP8-without-reasoning,small,instance_00009,Main Score,66.66666666666667
3120,textmapworld,Qwen3.6-35B-A3B-FP8-without-reasoning,large_cycle,instance_00044,Success,0
3121,textmapworld,Qwen3.6-35B-A3B-FP8-without-reasoning,large_cycle,instance_00044,Aborted,0
3122,textmapworld,Qwen3.6-35B-A3B-FP8-without-reasoning,large_cycle,instance_00044,Lose,1
3123,textmapworld,Qwen3.6-35B-A3B-FP8-without-reasoning,large_cycle,instance_00044,moves,9
3124,textmapworld,Qwen3.6-35B-A3B-FP8-without-reasoning,large_cycle,instance_00044,valid_moves,9
3125,textmapworld,Qwen3.6-35B-A3B-FP8-without-reasoning,large_cycle,instance_00044,invalid_moves,0
3126,textmapworld,Qwen3.6-35B-A3B-FP8-without-reasoning,large_cycle,instance_00044,stopped,1
3127,textmapworld,Qwen3.6-35B-A3B-FP8-without-reasoning,large_cycle,instance_00044,turns_limit,0
3128,textmapworld,Qwen3.6-35B-A3B-FP8-without-reasoning,large_cycle,instance_00044,loops,0
3129,textmapworld,Qwen3.6-35B-A3B-FP8-without-reasoning,large_cycle,instance_00044,number_visited,6
3130,textmapworld,Qwen3.6-35B-A3B-FP8-without-reasoning,large_cycle,instance_00044,seen,7
3131,textmapworld,Qwen3.6-35B-A3B-FP8-without-reasoning,large_cycle,instance_00044,efficiency,66.66666666666666
3132,textmapworld,Qwen3.6-35B-A3B-FP8-without-reasoning,large_cycle,instance_00044,exploration,75.0
3133,textmapworld,Qwen3.6-35B-A3B-FP8-without-reasoning,large_cycle,instance_00044,Main Score,70.58823529411764
3134,textmapworld,Qwen3.6-35B-A3B-FP8-without-reasoning,large_cycle,instance_00043,Success,0
3135,textmapworld,Qwen3.6-35B-A3B-FP8-without-reasoning,large_cycle,instance_00043,Aborted,0
3136,textmapworld,Qwen3.6-35B-A3B-FP8-without-reasoning,large_cycle,instance_00043,Lose,1
3137,textmapworld,Qwen3.6-35B-A3B-FP8-without-reasoning,large_cycle,instance_00043,moves,10
3138,textmapworld,Qwen3.6-35B-A3B-FP8-without-reasoning,large_cycle,instance_00043,valid_moves,10
3139,textmapworld,Qwen3.6-35B-A3B-FP8-without-reasoning,large_cycle,instance_00043,invalid_moves,0
3140,textmapworld,Qwen3.6-35B-A3B-FP8-without-reasoning,large_cycle,instance_00043,stopped,1
3141,textmapworld,Qwen3.6-35B-A3B-FP8-without-reasoning,large_cycle,instance_00043,turns_limit,0
3142,textmapworld,Qwen3.6-35B-A3B-FP8-without-reasoning,large_cycle,instance_00043,loops,0
3143,textmapworld,Qwen3.6-35B-A3B-FP8-without-reasoning,large_cycle,instance_00043,number_visited,6
3144,textmapworld,Qwen3.6-35B-A3B-FP8-without-reasoning,large_cycle,instance_00043,seen,8
3145,textmapworld,Qwen3.6-35B-A3B-FP8-without-reasoning,large_cycle,instance_00043,efficiency,40.0
3146,textmapworld,Qwen3.6-35B-A3B-FP8-without-reasoning,large_cycle,instance_00043,exploration,75.0
3147,textmapworld,Qwen3.6-35B-A3B-FP8-without-reasoning,large_cycle,instance_00043,Main Score,52.17391304347826
3148,textmapworld,Qwen3.6-35B-A3B-FP8-without-reasoning,large_cycle,instance_00042,Success,0
3149,textmapworld,Qwen3.6-35B-A3B-FP8-without-reasoning,large_cycle,instance_00042,Aborted,0
3150,textmapworld,Qwen3.6-35B-A3B-FP8-without-reasoning,large_cycle,instance_00042,Lose,1
3151,textmapworld,Qwen3.6-35B-A3B-FP8-without-reasoning,large_cycle,instance_00042,moves,10
3152,textmapworld,Qwen3.6-35B-A3B-FP8-without-reasoning,large_cycle,instance_00042,valid_moves,10
3153,textmapworld,Qwen3.6-35B-A3B-FP8-without-reasoning,large_cycle,instance_00042,invalid_moves,0
3154,textmapworld,Qwen3.6-35B-A3B-FP8-without-reasoning,large_cycle,instance_00042,stopped,1
3155,textmapworld,Qwen3.6-35B-A3B-FP8-without-reasoning,large_cycle,instance_00042,turns_limit,0
3156,textmapworld,Qwen3.6-35B-A3B-FP8-without-reasoning,large_cycle,instance_00042,loops,0
3157,textmapworld,Qwen3.6-35B-A3B-FP8-without-reasoning,large_cycle,instance_00042,number_visited,7
3158,textmapworld,Qwen3.6-35B-A3B-FP8-without-reasoning,large_cycle,instance_00042,seen,8
3159,textmapworld,Qwen3.6-35B-A3B-FP8-without-reasoning,large_cycle,instance_00042,efficiency,50.0
3160,textmapworld,Qwen3.6-35B-A3B-FP8-without-reasoning,large_cycle,instance_00042,exploration,87.5
3161,textmapworld,Qwen3.6-35B-A3B-FP8-without-reasoning,large_cycle,instance_00042,Main Score,63.63636363636363
3162,textmapworld,Qwen3.6-35B-A3B-FP8-without-reasoning,large_cycle,instance_00045,Success,0
3163,textmapworld,Qwen3.6-35B-A3B-FP8-without-reasoning,large_cycle,instance_00045,Aborted,0
3164,textmapworld,Qwen3.6-35B-A3B-FP8-without-reasoning,large_cycle,instance_00045,Lose,1
3165,textmapworld,Qwen3.6-35B-A3B-FP8-without-reasoning,large_cycle,instance_00045,moves,10
3166,textmapworld,Qwen3.6-35B-A3B-FP8-without-reasoning,large_cycle,instance_00045,valid_moves,10
3167,textmapworld,Qwen3.6-35B-A3B-FP8-without-reasoning,large_cycle,instance_00045,invalid_moves,0
3168,textmapworld,Qwen3.6-35B-A3B-FP8-without-reasoning,large_cycle,instance_00045,stopped,1
3169,textmapworld,Qwen3.6-35B-A3B-FP8-without-reasoning,large_cycle,instance_00045,turns_limit,0
3170,textmapworld,Qwen3.6-35B-A3B-FP8-without-reasoning,large_cycle,instance_00045,loops,0
3171,textmapworld,Qwen3.6-35B-A3B-FP8-without-reasoning,large_cycle,instance_00045,number_visited,6
3172,textmapworld,Qwen3.6-35B-A3B-FP8-without-reasoning,large_cycle,instance_00045,seen,7
3173,textmapworld,Qwen3.6-35B-A3B-FP8-without-reasoning,large_cycle,instance_00045,efficiency,80.0
3174,textmapworld,Qwen3.6-35B-A3B-FP8-without-reasoning,large_cycle,instance_00045,exploration,75.0
3175,textmapworld,Qwen3.6-35B-A3B-FP8-without-reasoning,large_cycle,instance_00045,Main Score,77.41935483870968
3176,textmapworld,Qwen3.6-35B-A3B-FP8-without-reasoning,large_cycle,instance_00049,Success,0
3177,textmapworld,Qwen3.6-35B-A3B-FP8-without-reasoning,large_cycle,instance_00049,Aborted,0
3178,textmapworld,Qwen3.6-35B-A3B-FP8-without-reasoning,large_cycle,instance_00049,Lose,1
3179,textmapworld,Qwen3.6-35B-A3B-FP8-without-reasoning,large_cycle,instance_00049,moves,11
3180,textmapworld,Qwen3.6-35B-A3B-FP8-without-reasoning,large_cycle,instance_00049,valid_moves,11
3181,textmapworld,Qwen3.6-35B-A3B-FP8-without-reasoning,large_cycle,instance_00049,invalid_moves,0
3182,textmapworld,Qwen3.6-35B-A3B-FP8-without-reasoning,large_cycle,instance_00049,stopped,1
3183,textmapworld,Qwen3.6-35B-A3B-FP8-without-reasoning,large_cycle,instance_00049,turns_limit,0
3184,textmapworld,Qwen3.6-35B-A3B-FP8-without-reasoning,large_cycle,instance_00049,loops,0
3185,textmapworld,Qwen3.6-35B-A3B-FP8-without-reasoning,large_cycle,instance_00049,number_visited,6
3186,textmapworld,Qwen3.6-35B-A3B-FP8-without-reasoning,large_cycle,instance_00049,seen,8
3187,textmapworld,Qwen3.6-35B-A3B-FP8-without-reasoning,large_cycle,instance_00049,efficiency,63.63636363636363
3188,textmapworld,Qwen3.6-35B-A3B-FP8-without-reasoning,large_cycle,instance_00049,exploration,75.0
3189,textmapworld,Qwen3.6-35B-A3B-FP8-without-reasoning,large_cycle,instance_00049,Main Score,68.85245901639344
3190,textmapworld,Qwen3.6-35B-A3B-FP8-without-reasoning,large_cycle,instance_00040,Success,0
3191,textmapworld,Qwen3.6-35B-A3B-FP8-without-reasoning,large_cycle,instance_00040,Aborted,0
3192,textmapworld,Qwen3.6-35B-A3B-FP8-without-reasoning,large_cycle,instance_00040,Lose,1
3193,textmapworld,Qwen3.6-35B-A3B-FP8-without-reasoning,large_cycle,instance_00040,moves,10
3194,textmapworld,Qwen3.6-35B-A3B-FP8-without-reasoning,large_cycle,instance_00040,valid_moves,10
3195,textmapworld,Qwen3.6-35B-A3B-FP8-without-reasoning,large_cycle,instance_00040,invalid_moves,0
3196,textmapworld,Qwen3.6-35B-A3B-FP8-without-reasoning,large_cycle,instance_00040,stopped,1
3197,textmapworld,Qwen3.6-35B-A3B-FP8-without-reasoning,large_cycle,instance_00040,turns_limit,0
3198,textmapworld,Qwen3.6-35B-A3B-FP8-without-reasoning,large_cycle,instance_00040,loops,0
3199,textmapworld,Qwen3.6-35B-A3B-FP8-without-reasoning,large_cycle,instance_00040,number_visited,6
3200,textmapworld,Qwen3.6-35B-A3B-FP8-without-reasoning,large_cycle,instance_00040,seen,8
3201,textmapworld,Qwen3.6-35B-A3B-FP8-without-reasoning,large_cycle,instance_00040,efficiency,70.0
3202,textmapworld,Qwen3.6-35B-A3B-FP8-without-reasoning,large_cycle,instance_00040,exploration,75.0
3203,textmapworld,Qwen3.6-35B-A3B-FP8-without-reasoning,large_cycle,instance_00040,Main Score,72.41379310344827
3204,textmapworld,Qwen3.6-35B-A3B-FP8-without-reasoning,large_cycle,instance_00047,Success,0
3205,textmapworld,Qwen3.6-35B-A3B-FP8-without-reasoning,large_cycle,instance_00047,Aborted,0
3206,textmapworld,Qwen3.6-35B-A3B-FP8-without-reasoning,large_cycle,instance_00047,Lose,1
3207,textmapworld,Qwen3.6-35B-A3B-FP8-without-reasoning,large_cycle,instance_00047,moves,8
3208,textmapworld,Qwen3.6-35B-A3B-FP8-without-reasoning,large_cycle,instance_00047,valid_moves,8
3209,textmapworld,Qwen3.6-35B-A3B-FP8-without-reasoning,large_cycle,instance_00047,invalid_moves,0
3210,textmapworld,Qwen3.6-35B-A3B-FP8-without-reasoning,large_cycle,instance_00047,stopped,1
3211,textmapworld,Qwen3.6-35B-A3B-FP8-without-reasoning,large_cycle,instance_00047,turns_limit,0
3212,textmapworld,Qwen3.6-35B-A3B-FP8-without-reasoning,large_cycle,instance_00047,loops,0
3213,textmapworld,Qwen3.6-35B-A3B-FP8-without-reasoning,large_cycle,instance_00047,number_visited,5
3214,textmapworld,Qwen3.6-35B-A3B-FP8-without-reasoning,large_cycle,instance_00047,seen,7
3215,textmapworld,Qwen3.6-35B-A3B-FP8-without-reasoning,large_cycle,instance_00047,efficiency,62.5
3216,textmapworld,Qwen3.6-35B-A3B-FP8-without-reasoning,large_cycle,instance_00047,exploration,62.5
3217,textmapworld,Qwen3.6-35B-A3B-FP8-without-reasoning,large_cycle,instance_00047,Main Score,62.5
3218,textmapworld,Qwen3.6-35B-A3B-FP8-without-reasoning,large_cycle,instance_00046,Success,0
3219,textmapworld,Qwen3.6-35B-A3B-FP8-without-reasoning,large_cycle,instance_00046,Aborted,0
3220,textmapworld,Qwen3.6-35B-A3B-FP8-without-reasoning,large_cycle,instance_00046,Lose,1
3221,textmapworld,Qwen3.6-35B-A3B-FP8-without-reasoning,large_cycle,instance_00046,moves,8
3222,textmapworld,Qwen3.6-35B-A3B-FP8-without-reasoning,large_cycle,instance_00046,valid_moves,8
3223,textmapworld,Qwen3.6-35B-A3B-FP8-without-reasoning,large_cycle,instance_00046,invalid_moves,0
3224,textmapworld,Qwen3.6-35B-A3B-FP8-without-reasoning,large_cycle,instance_00046,stopped,1
3225,textmapworld,Qwen3.6-35B-A3B-FP8-without-reasoning,large_cycle,instance_00046,turns_limit,0
3226,textmapworld,Qwen3.6-35B-A3B-FP8-without-reasoning,large_cycle,instance_00046,loops,0
3227,textmapworld,Qwen3.6-35B-A3B-FP8-without-reasoning,large_cycle,instance_00046,number_visited,5
3228,textmapworld,Qwen3.6-35B-A3B-FP8-without-reasoning,large_cycle,instance_00046,seen,8
3229,textmapworld,Qwen3.6-35B-A3B-FP8-without-reasoning,large_cycle,instance_00046,efficiency,50.0
3230,textmapworld,Qwen3.6-35B-A3B-FP8-without-reasoning,large_cycle,instance_00046,exploration,62.5
3231,textmapworld,Qwen3.6-35B-A3B-FP8-without-reasoning,large_cycle,instance_00046,Main Score,55.55555555555556
3232,textmapworld,Qwen3.6-35B-A3B-FP8-without-reasoning,large_cycle,instance_00041,Success,0
3233,textmapworld,Qwen3.6-35B-A3B-FP8-without-reasoning,large_cycle,instance_00041,Aborted,0
3234,textmapworld,Qwen3.6-35B-A3B-FP8-without-reasoning,large_cycle,instance_00041,Lose,1
3235,textmapworld,Qwen3.6-35B-A3B-FP8-without-reasoning,large_cycle,instance_00041,moves,4
3236,textmapworld,Qwen3.6-35B-A3B-FP8-without-reasoning,large_cycle,instance_00041,valid_moves,4
3237,textmapworld,Qwen3.6-35B-A3B-FP8-without-reasoning,large_cycle,instance_00041,invalid_moves,0
3238,textmapworld,Qwen3.6-35B-A3B-FP8-without-reasoning,large_cycle,instance_00041,stopped,1
3239,textmapworld,Qwen3.6-35B-A3B-FP8-without-reasoning,large_cycle,instance_00041,turns_limit,0
3240,textmapworld,Qwen3.6-35B-A3B-FP8-without-reasoning,large_cycle,instance_00041,loops,0
3241,textmapworld,Qwen3.6-35B-A3B-FP8-without-reasoning,large_cycle,instance_00041,number_visited,3
3242,textmapworld,Qwen3.6-35B-A3B-FP8-without-reasoning,large_cycle,instance_00041,seen,4
3243,textmapworld,Qwen3.6-35B-A3B-FP8-without-reasoning,large_cycle,instance_00041,efficiency,50.0
3244,textmapworld,Qwen3.6-35B-A3B-FP8-without-reasoning,large_cycle,instance_00041,exploration,37.5
3245,textmapworld,Qwen3.6-35B-A3B-FP8-without-reasoning,large_cycle,instance_00041,Main Score,42.857142857142854
3246,textmapworld,Qwen3.6-35B-A3B-FP8-without-reasoning,large_cycle,instance_00048,Success,0
3247,textmapworld,Qwen3.6-35B-A3B-FP8-without-reasoning,large_cycle,instance_00048,Aborted,0
3248,textmapworld,Qwen3.6-35B-A3B-FP8-without-reasoning,large_cycle,instance_00048,Lose,1
3249,textmapworld,Qwen3.6-35B-A3B-FP8-without-reasoning,large_cycle,instance_00048,moves,11
3250,textmapworld,Qwen3.6-35B-A3B-FP8-without-reasoning,large_cycle,instance_00048,valid_moves,11
3251,textmapworld,Qwen3.6-35B-A3B-FP8-without-reasoning,large_cycle,instance_00048,invalid_moves,0
3252,textmapworld,Qwen3.6-35B-A3B-FP8-without-reasoning,large_cycle,instance_00048,stopped,1
3253,textmapworld,Qwen3.6-35B-A3B-FP8-without-reasoning,large_cycle,instance_00048,turns_limit,0
3254,textmapworld,Qwen3.6-35B-A3B-FP8-without-reasoning,large_cycle,instance_00048,loops,0
3255,textmapworld,Qwen3.6-35B-A3B-FP8-without-reasoning,large_cycle,instance_00048,number_visited,6
3256,textmapworld,Qwen3.6-35B-A3B-FP8-without-reasoning,large_cycle,instance_00048,seen,8
3257,textmapworld,Qwen3.6-35B-A3B-FP8-without-reasoning,large_cycle,instance_00048,efficiency,36.36363636363637
3258,textmapworld,Qwen3.6-35B-A3B-FP8-without-reasoning,large_cycle,instance_00048,exploration,75.0
3259,textmapworld,Qwen3.6-35B-A3B-FP8-without-reasoning,large_cycle,instance_00048,Main Score,48.97959183673469
3260,textmapworld,Qwen3.6-35B-A3B-FP8-without-reasoning,large,instance_00028,Success,0
3261,textmapworld,Qwen3.6-35B-A3B-FP8-without-reasoning,large,instance_00028,Aborted,0
3262,textmapworld,Qwen3.6-35B-A3B-FP8-without-reasoning,large,instance_00028,Lose,1
3263,textmapworld,Qwen3.6-35B-A3B-FP8-without-reasoning,large,instance_00028,moves,8
3264,textmapworld,Qwen3.6-35B-A3B-FP8-without-reasoning,large,instance_00028,valid_moves,8
3265,textmapworld,Qwen3.6-35B-A3B-FP8-without-reasoning,large,instance_00028,invalid_moves,0
3266,textmapworld,Qwen3.6-35B-A3B-FP8-without-reasoning,large,instance_00028,stopped,1
3267,textmapworld,Qwen3.6-35B-A3B-FP8-without-reasoning,large,instance_00028,turns_limit,0
3268,textmapworld,Qwen3.6-35B-A3B-FP8-without-reasoning,large,instance_00028,loops,0
3269,textmapworld,Qwen3.6-35B-A3B-FP8-without-reasoning,large,instance_00028,number_visited,5
3270,textmapworld,Qwen3.6-35B-A3B-FP8-without-reasoning,large,instance_00028,seen,6
3271,textmapworld,Qwen3.6-35B-A3B-FP8-without-reasoning,large,instance_00028,efficiency,50.0
3272,textmapworld,Qwen3.6-35B-A3B-FP8-without-reasoning,large,instance_00028,exploration,62.5
3273,textmapworld,Qwen3.6-35B-A3B-FP8-without-reasoning,large,instance_00028,Main Score,55.55555555555556
3274,textmapworld,Qwen3.6-35B-A3B-FP8-without-reasoning,large,instance_00026,Success,1
3275,textmapworld,Qwen3.6-35B-A3B-FP8-without-reasoning,large,instance_00026,Aborted,0
3276,textmapworld,Qwen3.6-35B-A3B-FP8-without-reasoning,large,instance_00026,Lose,0
3277,textmapworld,Qwen3.6-35B-A3B-FP8-without-reasoning,large,instance_00026,moves,15
3278,textmapworld,Qwen3.6-35B-A3B-FP8-without-reasoning,large,instance_00026,valid_moves,15
3279,textmapworld,Qwen3.6-35B-A3B-FP8-without-reasoning,large,instance_00026,invalid_moves,0
3280,textmapworld,Qwen3.6-35B-A3B-FP8-without-reasoning,large,instance_00026,stopped,1
3281,textmapworld,Qwen3.6-35B-A3B-FP8-without-reasoning,large,instance_00026,turns_limit,0
3282,textmapworld,Qwen3.6-35B-A3B-FP8-without-reasoning,large,instance_00026,loops,1
3283,textmapworld,Qwen3.6-35B-A3B-FP8-without-reasoning,large,instance_00026,number_visited,8
3284,textmapworld,Qwen3.6-35B-A3B-FP8-without-reasoning,large,instance_00026,seen,8
3285,textmapworld,Qwen3.6-35B-A3B-FP8-without-reasoning,large,instance_00026,efficiency,73.33333333333333
3286,textmapworld,Qwen3.6-35B-A3B-FP8-without-reasoning,large,instance_00026,exploration,100.0
3287,textmapworld,Qwen3.6-35B-A3B-FP8-without-reasoning,large,instance_00026,Main Score,84.61538461538463
3288,textmapworld,Qwen3.6-35B-A3B-FP8-without-reasoning,large,instance_00021,Success,0
3289,textmapworld,Qwen3.6-35B-A3B-FP8-without-reasoning,large,instance_00021,Aborted,0
3290,textmapworld,Qwen3.6-35B-A3B-FP8-without-reasoning,large,instance_00021,Lose,1
3291,textmapworld,Qwen3.6-35B-A3B-FP8-without-reasoning,large,instance_00021,moves,12
3292,textmapworld,Qwen3.6-35B-A3B-FP8-without-reasoning,large,instance_00021,valid_moves,12
3293,textmapworld,Qwen3.6-35B-A3B-FP8-without-reasoning,large,instance_00021,invalid_moves,0
3294,textmapworld,Qwen3.6-35B-A3B-FP8-without-reasoning,large,instance_00021,stopped,1
3295,textmapworld,Qwen3.6-35B-A3B-FP8-without-reasoning,large,instance_00021,turns_limit,0
3296,textmapworld,Qwen3.6-35B-A3B-FP8-without-reasoning,large,instance_00021,loops,0
3297,textmapworld,Qwen3.6-35B-A3B-FP8-without-reasoning,large,instance_00021,number_visited,7
3298,textmapworld,Qwen3.6-35B-A3B-FP8-without-reasoning,large,instance_00021,seen,8
3299,textmapworld,Qwen3.6-35B-A3B-FP8-without-reasoning,large,instance_00021,efficiency,75.0
3300,textmapworld,Qwen3.6-35B-A3B-FP8-without-reasoning,large,instance_00021,exploration,87.5
3301,textmapworld,Qwen3.6-35B-A3B-FP8-without-reasoning,large,instance_00021,Main Score,80.76923076923077
3302,textmapworld,Qwen3.6-35B-A3B-FP8-without-reasoning,large,instance_00020,Success,0
3303,textmapworld,Qwen3.6-35B-A3B-FP8-without-reasoning,large,instance_00020,Aborted,0
3304,textmapworld,Qwen3.6-35B-A3B-FP8-without-reasoning,large,instance_00020,Lose,1
3305,textmapworld,Qwen3.6-35B-A3B-FP8-without-reasoning,large,instance_00020,moves,6
3306,textmapworld,Qwen3.6-35B-A3B-FP8-without-reasoning,large,instance_00020,valid_moves,6
3307,textmapworld,Qwen3.6-35B-A3B-FP8-without-reasoning,large,instance_00020,invalid_moves,0
3308,textmapworld,Qwen3.6-35B-A3B-FP8-without-reasoning,large,instance_00020,stopped,1
3309,textmapworld,Qwen3.6-35B-A3B-FP8-without-reasoning,large,instance_00020,turns_limit,0
3310,textmapworld,Qwen3.6-35B-A3B-FP8-without-reasoning,large,instance_00020,loops,0
3311,textmapworld,Qwen3.6-35B-A3B-FP8-without-reasoning,large,instance_00020,number_visited,4
3312,textmapworld,Qwen3.6-35B-A3B-FP8-without-reasoning,large,instance_00020,seen,5
3313,textmapworld,Qwen3.6-35B-A3B-FP8-without-reasoning,large,instance_00020,efficiency,100.0
3314,textmapworld,Qwen3.6-35B-A3B-FP8-without-reasoning,large,instance_00020,exploration,50.0
3315,textmapworld,Qwen3.6-35B-A3B-FP8-without-reasoning,large,instance_00020,Main Score,66.66666666666667
3316,textmapworld,Qwen3.6-35B-A3B-FP8-without-reasoning,large,instance_00027,Success,0
3317,textmapworld,Qwen3.6-35B-A3B-FP8-without-reasoning,large,instance_00027,Aborted,0
3318,textmapworld,Qwen3.6-35B-A3B-FP8-without-reasoning,large,instance_00027,Lose,1
3319,textmapworld,Qwen3.6-35B-A3B-FP8-without-reasoning,large,instance_00027,moves,4
3320,textmapworld,Qwen3.6-35B-A3B-FP8-without-reasoning,large,instance_00027,valid_moves,4
3321,textmapworld,Qwen3.6-35B-A3B-FP8-without-reasoning,large,instance_00027,invalid_moves,0
3322,textmapworld,Qwen3.6-35B-A3B-FP8-without-reasoning,large,instance_00027,stopped,1
3323,textmapworld,Qwen3.6-35B-A3B-FP8-without-reasoning,large,instance_00027,turns_limit,0
3324,textmapworld,Qwen3.6-35B-A3B-FP8-without-reasoning,large,instance_00027,loops,0
3325,textmapworld,Qwen3.6-35B-A3B-FP8-without-reasoning,large,instance_00027,number_visited,3
3326,textmapworld,Qwen3.6-35B-A3B-FP8-without-reasoning,large,instance_00027,seen,4
3327,textmapworld,Qwen3.6-35B-A3B-FP8-without-reasoning,large,instance_00027,efficiency,100.0
3328,textmapworld,Qwen3.6-35B-A3B-FP8-without-reasoning,large,instance_00027,exploration,37.5
3329,textmapworld,Qwen3.6-35B-A3B-FP8-without-reasoning,large,instance_00027,Main Score,54.54545454545455
3330,textmapworld,Qwen3.6-35B-A3B-FP8-without-reasoning,large,instance_00029,Success,1
3331,textmapworld,Qwen3.6-35B-A3B-FP8-without-reasoning,large,instance_00029,Aborted,0
3332,textmapworld,Qwen3.6-35B-A3B-FP8-without-reasoning,large,instance_00029,Lose,0
3333,textmapworld,Qwen3.6-35B-A3B-FP8-without-reasoning,large,instance_00029,moves,10
3334,textmapworld,Qwen3.6-35B-A3B-FP8-without-reasoning,large,instance_00029,valid_moves,10
3335,textmapworld,Qwen3.6-35B-A3B-FP8-without-reasoning,large,instance_00029,invalid_moves,0
3336,textmapworld,Qwen3.6-35B-A3B-FP8-without-reasoning,large,instance_00029,stopped,1
3337,textmapworld,Qwen3.6-35B-A3B-FP8-without-reasoning,large,instance_00029,turns_limit,0
3338,textmapworld,Qwen3.6-35B-A3B-FP8-without-reasoning,large,instance_00029,loops,0
3339,textmapworld,Qwen3.6-35B-A3B-FP8-without-reasoning,large,instance_00029,number_visited,8
3340,textmapworld,Qwen3.6-35B-A3B-FP8-without-reasoning,large,instance_00029,seen,8
3341,textmapworld,Qwen3.6-35B-A3B-FP8-without-reasoning,large,instance_00029,efficiency,90.0
3342,textmapworld,Qwen3.6-35B-A3B-FP8-without-reasoning,large,instance_00029,exploration,100.0
3343,textmapworld,Qwen3.6-35B-A3B-FP8-without-reasoning,large,instance_00029,Main Score,94.73684210526316
3344,textmapworld,Qwen3.6-35B-A3B-FP8-without-reasoning,large,instance_00022,Success,0
3345,textmapworld,Qwen3.6-35B-A3B-FP8-without-reasoning,large,instance_00022,Aborted,0
3346,textmapworld,Qwen3.6-35B-A3B-FP8-without-reasoning,large,instance_00022,Lose,1
3347,textmapworld,Qwen3.6-35B-A3B-FP8-without-reasoning,large,instance_00022,moves,4
3348,textmapworld,Qwen3.6-35B-A3B-FP8-without-reasoning,large,instance_00022,valid_moves,4
3349,textmapworld,Qwen3.6-35B-A3B-FP8-without-reasoning,large,instance_00022,invalid_moves,0
3350,textmapworld,Qwen3.6-35B-A3B-FP8-without-reasoning,large,instance_00022,stopped,1
3351,textmapworld,Qwen3.6-35B-A3B-FP8-without-reasoning,large,instance_00022,turns_limit,0
3352,textmapworld,Qwen3.6-35B-A3B-FP8-without-reasoning,large,instance_00022,loops,0
3353,textmapworld,Qwen3.6-35B-A3B-FP8-without-reasoning,large,instance_00022,number_visited,3
3354,textmapworld,Qwen3.6-35B-A3B-FP8-without-reasoning,large,instance_00022,seen,4
3355,textmapworld,Qwen3.6-35B-A3B-FP8-without-reasoning,large,instance_00022,efficiency,50.0
3356,textmapworld,Qwen3.6-35B-A3B-FP8-without-reasoning,large,instance_00022,exploration,37.5
3357,textmapworld,Qwen3.6-35B-A3B-FP8-without-reasoning,large,instance_00022,Main Score,42.857142857142854
3358,textmapworld,Qwen3.6-35B-A3B-FP8-without-reasoning,large,instance_00025,Success,0
3359,textmapworld,Qwen3.6-35B-A3B-FP8-without-reasoning,large,instance_00025,Aborted,0
3360,textmapworld,Qwen3.6-35B-A3B-FP8-without-reasoning,large,instance_00025,Lose,1
3361,textmapworld,Qwen3.6-35B-A3B-FP8-without-reasoning,large,instance_00025,moves,9
3362,textmapworld,Qwen3.6-35B-A3B-FP8-without-reasoning,large,instance_00025,valid_moves,9
3363,textmapworld,Qwen3.6-35B-A3B-FP8-without-reasoning,large,instance_00025,invalid_moves,0
3364,textmapworld,Qwen3.6-35B-A3B-FP8-without-reasoning,large,instance_00025,stopped,1
3365,textmapworld,Qwen3.6-35B-A3B-FP8-without-reasoning,large,instance_00025,turns_limit,0
3366,textmapworld,Qwen3.6-35B-A3B-FP8-without-reasoning,large,instance_00025,loops,0
3367,textmapworld,Qwen3.6-35B-A3B-FP8-without-reasoning,large,instance_00025,number_visited,6
3368,textmapworld,Qwen3.6-35B-A3B-FP8-without-reasoning,large,instance_00025,seen,7
3369,textmapworld,Qwen3.6-35B-A3B-FP8-without-reasoning,large,instance_00025,efficiency,77.77777777777779
3370,textmapworld,Qwen3.6-35B-A3B-FP8-without-reasoning,large,instance_00025,exploration,75.0
3371,textmapworld,Qwen3.6-35B-A3B-FP8-without-reasoning,large,instance_00025,Main Score,76.36363636363637
3372,textmapworld,Qwen3.6-35B-A3B-FP8-without-reasoning,large,instance_00024,Success,0
3373,textmapworld,Qwen3.6-35B-A3B-FP8-without-reasoning,large,instance_00024,Aborted,0
3374,textmapworld,Qwen3.6-35B-A3B-FP8-without-reasoning,large,instance_00024,Lose,1
3375,textmapworld,Qwen3.6-35B-A3B-FP8-without-reasoning,large,instance_00024,moves,10
3376,textmapworld,Qwen3.6-35B-A3B-FP8-without-reasoning,large,instance_00024,valid_moves,10
3377,textmapworld,Qwen3.6-35B-A3B-FP8-without-reasoning,large,instance_00024,invalid_moves,0
3378,textmapworld,Qwen3.6-35B-A3B-FP8-without-reasoning,large,instance_00024,stopped,1
3379,textmapworld,Qwen3.6-35B-A3B-FP8-without-reasoning,large,instance_00024,turns_limit,0
3380,textmapworld,Qwen3.6-35B-A3B-FP8-without-reasoning,large,instance_00024,loops,0
3381,textmapworld,Qwen3.6-35B-A3B-FP8-without-reasoning,large,instance_00024,number_visited,6
3382,textmapworld,Qwen3.6-35B-A3B-FP8-without-reasoning,large,instance_00024,seen,7
3383,textmapworld,Qwen3.6-35B-A3B-FP8-without-reasoning,large,instance_00024,efficiency,80.0
3384,textmapworld,Qwen3.6-35B-A3B-FP8-without-reasoning,large,instance_00024,exploration,75.0
3385,textmapworld,Qwen3.6-35B-A3B-FP8-without-reasoning,large,instance_00024,Main Score,77.41935483870968
3386,textmapworld,Qwen3.6-35B-A3B-FP8-without-reasoning,large,instance_00023,Success,0
3387,textmapworld,Qwen3.6-35B-A3B-FP8-without-reasoning,large,instance_00023,Aborted,0
3388,textmapworld,Qwen3.6-35B-A3B-FP8-without-reasoning,large,instance_00023,Lose,1
3389,textmapworld,Qwen3.6-35B-A3B-FP8-without-reasoning,large,instance_00023,moves,10
3390,textmapworld,Qwen3.6-35B-A3B-FP8-without-reasoning,large,instance_00023,valid_moves,10
3391,textmapworld,Qwen3.6-35B-A3B-FP8-without-reasoning,large,instance_00023,invalid_moves,0
3392,textmapworld,Qwen3.6-35B-A3B-FP8-without-reasoning,large,instance_00023,stopped,1
3393,textmapworld,Qwen3.6-35B-A3B-FP8-without-reasoning,large,instance_00023,turns_limit,0
3394,textmapworld,Qwen3.6-35B-A3B-FP8-without-reasoning,large,instance_00023,loops,0
3395,textmapworld,Qwen3.6-35B-A3B-FP8-without-reasoning,large,instance_00023,number_visited,6
3396,textmapworld,Qwen3.6-35B-A3B-FP8-without-reasoning,large,instance_00023,seen,7
3397,textmapworld,Qwen3.6-35B-A3B-FP8-without-reasoning,large,instance_00023,efficiency,80.0
3398,textmapworld,Qwen3.6-35B-A3B-FP8-without-reasoning,large,instance_00023,exploration,75.0
3399,textmapworld,Qwen3.6-35B-A3B-FP8-without-reasoning,large,instance_00023,Main Score,77.41935483870968
3400,textmapworld,Qwen3.6-35B-A3B-FP8-without-reasoning,medium,instance_00017,Success,1
3401,textmapworld,Qwen3.6-35B-A3B-FP8-without-reasoning,medium,instance_00017,Aborted,0
3402,textmapworld,Qwen3.6-35B-A3B-FP8-without-reasoning,medium,instance_00017,Lose,0
3403,textmapworld,Qwen3.6-35B-A3B-FP8-without-reasoning,medium,instance_00017,moves,9
3404,textmapworld,Qwen3.6-35B-A3B-FP8-without-reasoning,medium,instance_00017,valid_moves,9
3405,textmapworld,Qwen3.6-35B-A3B-FP8-without-reasoning,medium,instance_00017,invalid_moves,0
3406,textmapworld,Qwen3.6-35B-A3B-FP8-without-reasoning,medium,instance_00017,stopped,1
3407,textmapworld,Qwen3.6-35B-A3B-FP8-without-reasoning,medium,instance_00017,turns_limit,0
3408,textmapworld,Qwen3.6-35B-A3B-FP8-without-reasoning,medium,instance_00017,loops,0
3409,textmapworld,Qwen3.6-35B-A3B-FP8-without-reasoning,medium,instance_00017,number_visited,6
3410,textmapworld,Qwen3.6-35B-A3B-FP8-without-reasoning,medium,instance_00017,seen,6
3411,textmapworld,Qwen3.6-35B-A3B-FP8-without-reasoning,medium,instance_00017,efficiency,77.77777777777779
3412,textmapworld,Qwen3.6-35B-A3B-FP8-without-reasoning,medium,instance_00017,exploration,100.0
3413,textmapworld,Qwen3.6-35B-A3B-FP8-without-reasoning,medium,instance_00017,Main Score,87.50000000000001
3414,textmapworld,Qwen3.6-35B-A3B-FP8-without-reasoning,medium,instance_00010,Success,0
3415,textmapworld,Qwen3.6-35B-A3B-FP8-without-reasoning,medium,instance_00010,Aborted,0
3416,textmapworld,Qwen3.6-35B-A3B-FP8-without-reasoning,medium,instance_00010,Lose,1
3417,textmapworld,Qwen3.6-35B-A3B-FP8-without-reasoning,medium,instance_00010,moves,12
3418,textmapworld,Qwen3.6-35B-A3B-FP8-without-reasoning,medium,instance_00010,valid_moves,12
3419,textmapworld,Qwen3.6-35B-A3B-FP8-without-reasoning,medium,instance_00010,invalid_moves,0
3420,textmapworld,Qwen3.6-35B-A3B-FP8-without-reasoning,medium,instance_00010,stopped,1
3421,textmapworld,Qwen3.6-35B-A3B-FP8-without-reasoning,medium,instance_00010,turns_limit,0
3422,textmapworld,Qwen3.6-35B-A3B-FP8-without-reasoning,medium,instance_00010,loops,0
3423,textmapworld,Qwen3.6-35B-A3B-FP8-without-reasoning,medium,instance_00010,number_visited,5
3424,textmapworld,Qwen3.6-35B-A3B-FP8-without-reasoning,medium,instance_00010,seen,6
3425,textmapworld,Qwen3.6-35B-A3B-FP8-without-reasoning,medium,instance_00010,efficiency,66.66666666666666
3426,textmapworld,Qwen3.6-35B-A3B-FP8-without-reasoning,medium,instance_00010,exploration,83.33333333333334
3427,textmapworld,Qwen3.6-35B-A3B-FP8-without-reasoning,medium,instance_00010,Main Score,74.07407407407408
3428,textmapworld,Qwen3.6-35B-A3B-FP8-without-reasoning,medium,instance_00019,Success,0
3429,textmapworld,Qwen3.6-35B-A3B-FP8-without-reasoning,medium,instance_00019,Aborted,0
3430,textmapworld,Qwen3.6-35B-A3B-FP8-without-reasoning,medium,instance_00019,Lose,1
3431,textmapworld,Qwen3.6-35B-A3B-FP8-without-reasoning,medium,instance_00019,moves,4
3432,textmapworld,Qwen3.6-35B-A3B-FP8-without-reasoning,medium,instance_00019,valid_moves,4
3433,textmapworld,Qwen3.6-35B-A3B-FP8-without-reasoning,medium,instance_00019,invalid_moves,0
3434,textmapworld,Qwen3.6-35B-A3B-FP8-without-reasoning,medium,instance_00019,stopped,1
3435,textmapworld,Qwen3.6-35B-A3B-FP8-without-reasoning,medium,instance_00019,turns_limit,0
3436,textmapworld,Qwen3.6-35B-A3B-FP8-without-reasoning,medium,instance_00019,loops,0
3437,textmapworld,Qwen3.6-35B-A3B-FP8-without-reasoning,medium,instance_00019,number_visited,3
3438,textmapworld,Qwen3.6-35B-A3B-FP8-without-reasoning,medium,instance_00019,seen,4
3439,textmapworld,Qwen3.6-35B-A3B-FP8-without-reasoning,medium,instance_00019,efficiency,75.0
3440,textmapworld,Qwen3.6-35B-A3B-FP8-without-reasoning,medium,instance_00019,exploration,50.0
3441,textmapworld,Qwen3.6-35B-A3B-FP8-without-reasoning,medium,instance_00019,Main Score,60.0
3442,textmapworld,Qwen3.6-35B-A3B-FP8-without-reasoning,medium,instance_00018,Success,1
3443,textmapworld,Qwen3.6-35B-A3B-FP8-without-reasoning,medium,instance_00018,Aborted,0
3444,textmapworld,Qwen3.6-35B-A3B-FP8-without-reasoning,medium,instance_00018,Lose,0
3445,textmapworld,Qwen3.6-35B-A3B-FP8-without-reasoning,medium,instance_00018,moves,8
3446,textmapworld,Qwen3.6-35B-A3B-FP8-without-reasoning,medium,instance_00018,valid_moves,8
3447,textmapworld,Qwen3.6-35B-A3B-FP8-without-reasoning,medium,instance_00018,invalid_moves,0
3448,textmapworld,Qwen3.6-35B-A3B-FP8-without-reasoning,medium,instance_00018,stopped,1
3449,textmapworld,Qwen3.6-35B-A3B-FP8-without-reasoning,medium,instance_00018,turns_limit,0
3450,textmapworld,Qwen3.6-35B-A3B-FP8-without-reasoning,medium,instance_00018,loops,0
3451,textmapworld,Qwen3.6-35B-A3B-FP8-without-reasoning,medium,instance_00018,number_visited,6
3452,textmapworld,Qwen3.6-35B-A3B-FP8-without-reasoning,medium,instance_00018,seen,6
3453,textmapworld,Qwen3.6-35B-A3B-FP8-without-reasoning,medium,instance_00018,efficiency,87.5
3454,textmapworld,Qwen3.6-35B-A3B-FP8-without-reasoning,medium,instance_00018,exploration,100.0
3455,textmapworld,Qwen3.6-35B-A3B-FP8-without-reasoning,medium,instance_00018,Main Score,93.33333333333333
3456,textmapworld,Qwen3.6-35B-A3B-FP8-without-reasoning,medium,instance_00011,Success,0
3457,textmapworld,Qwen3.6-35B-A3B-FP8-without-reasoning,medium,instance_00011,Aborted,0
3458,textmapworld,Qwen3.6-35B-A3B-FP8-without-reasoning,medium,instance_00011,Lose,1
3459,textmapworld,Qwen3.6-35B-A3B-FP8-without-reasoning,medium,instance_00011,moves,8
3460,textmapworld,Qwen3.6-35B-A3B-FP8-without-reasoning,medium,instance_00011,valid_moves,8
3461,textmapworld,Qwen3.6-35B-A3B-FP8-without-reasoning,medium,instance_00011,invalid_moves,0
3462,textmapworld,Qwen3.6-35B-A3B-FP8-without-reasoning,medium,instance_00011,stopped,1
3463,textmapworld,Qwen3.6-35B-A3B-FP8-without-reasoning,medium,instance_00011,turns_limit,0
3464,textmapworld,Qwen3.6-35B-A3B-FP8-without-reasoning,medium,instance_00011,loops,0
3465,textmapworld,Qwen3.6-35B-A3B-FP8-without-reasoning,medium,instance_00011,number_visited,5
3466,textmapworld,Qwen3.6-35B-A3B-FP8-without-reasoning,medium,instance_00011,seen,6
3467,textmapworld,Qwen3.6-35B-A3B-FP8-without-reasoning,medium,instance_00011,efficiency,75.0
3468,textmapworld,Qwen3.6-35B-A3B-FP8-without-reasoning,medium,instance_00011,exploration,83.33333333333334
3469,textmapworld,Qwen3.6-35B-A3B-FP8-without-reasoning,medium,instance_00011,Main Score,78.94736842105264
3470,textmapworld,Qwen3.6-35B-A3B-FP8-without-reasoning,medium,instance_00016,Success,0
3471,textmapworld,Qwen3.6-35B-A3B-FP8-without-reasoning,medium,instance_00016,Aborted,0
3472,textmapworld,Qwen3.6-35B-A3B-FP8-without-reasoning,medium,instance_00016,Lose,1
3473,textmapworld,Qwen3.6-35B-A3B-FP8-without-reasoning,medium,instance_00016,moves,6
3474,textmapworld,Qwen3.6-35B-A3B-FP8-without-reasoning,medium,instance_00016,valid_moves,6
3475,textmapworld,Qwen3.6-35B-A3B-FP8-without-reasoning,medium,instance_00016,invalid_moves,0
3476,textmapworld,Qwen3.6-35B-A3B-FP8-without-reasoning,medium,instance_00016,stopped,1
3477,textmapworld,Qwen3.6-35B-A3B-FP8-without-reasoning,medium,instance_00016,turns_limit,0
3478,textmapworld,Qwen3.6-35B-A3B-FP8-without-reasoning,medium,instance_00016,loops,0
3479,textmapworld,Qwen3.6-35B-A3B-FP8-without-reasoning,medium,instance_00016,number_visited,4
3480,textmapworld,Qwen3.6-35B-A3B-FP8-without-reasoning,medium,instance_00016,seen,5
3481,textmapworld,Qwen3.6-35B-A3B-FP8-without-reasoning,medium,instance_00016,efficiency,66.66666666666666
3482,textmapworld,Qwen3.6-35B-A3B-FP8-without-reasoning,medium,instance_00016,exploration,66.66666666666666
3483,textmapworld,Qwen3.6-35B-A3B-FP8-without-reasoning,medium,instance_00016,Main Score,66.66666666666666
3484,textmapworld,Qwen3.6-35B-A3B-FP8-without-reasoning,medium,instance_00013,Success,0
3485,textmapworld,Qwen3.6-35B-A3B-FP8-without-reasoning,medium,instance_00013,Aborted,0
3486,textmapworld,Qwen3.6-35B-A3B-FP8-without-reasoning,medium,instance_00013,Lose,1
3487,textmapworld,Qwen3.6-35B-A3B-FP8-without-reasoning,medium,instance_00013,moves,5
3488,textmapworld,Qwen3.6-35B-A3B-FP8-without-reasoning,medium,instance_00013,valid_moves,5
3489,textmapworld,Qwen3.6-35B-A3B-FP8-without-reasoning,medium,instance_00013,invalid_moves,0
3490,textmapworld,Qwen3.6-35B-A3B-FP8-without-reasoning,medium,instance_00013,stopped,1
3491,textmapworld,Qwen3.6-35B-A3B-FP8-without-reasoning,medium,instance_00013,turns_limit,0
3492,textmapworld,Qwen3.6-35B-A3B-FP8-without-reasoning,medium,instance_00013,loops,0
3493,textmapworld,Qwen3.6-35B-A3B-FP8-without-reasoning,medium,instance_00013,number_visited,4
3494,textmapworld,Qwen3.6-35B-A3B-FP8-without-reasoning,medium,instance_00013,seen,5
3495,textmapworld,Qwen3.6-35B-A3B-FP8-without-reasoning,medium,instance_00013,efficiency,80.0
3496,textmapworld,Qwen3.6-35B-A3B-FP8-without-reasoning,medium,instance_00013,exploration,66.66666666666666
3497,textmapworld,Qwen3.6-35B-A3B-FP8-without-reasoning,medium,instance_00013,Main Score,72.72727272727272
3498,textmapworld,Qwen3.6-35B-A3B-FP8-without-reasoning,medium,instance_00014,Success,0
3499,textmapworld,Qwen3.6-35B-A3B-FP8-without-reasoning,medium,instance_00014,Aborted,0
3500,textmapworld,Qwen3.6-35B-A3B-FP8-without-reasoning,medium,instance_00014,Lose,1
3501,textmapworld,Qwen3.6-35B-A3B-FP8-without-reasoning,medium,instance_00014,moves,4
3502,textmapworld,Qwen3.6-35B-A3B-FP8-without-reasoning,medium,instance_00014,valid_moves,4
3503,textmapworld,Qwen3.6-35B-A3B-FP8-without-reasoning,medium,instance_00014,invalid_moves,0
3504,textmapworld,Qwen3.6-35B-A3B-FP8-without-reasoning,medium,instance_00014,stopped,1
3505,textmapworld,Qwen3.6-35B-A3B-FP8-without-reasoning,medium,instance_00014,turns_limit,0
3506,textmapworld,Qwen3.6-35B-A3B-FP8-without-reasoning,medium,instance_00014,loops,0
3507,textmapworld,Qwen3.6-35B-A3B-FP8-without-reasoning,medium,instance_00014,number_visited,3
3508,textmapworld,Qwen3.6-35B-A3B-FP8-without-reasoning,medium,instance_00014,seen,5
3509,textmapworld,Qwen3.6-35B-A3B-FP8-without-reasoning,medium,instance_00014,efficiency,25.0
3510,textmapworld,Qwen3.6-35B-A3B-FP8-without-reasoning,medium,instance_00014,exploration,50.0
3511,textmapworld,Qwen3.6-35B-A3B-FP8-without-reasoning,medium,instance_00014,Main Score,33.333333333333336
3512,textmapworld,Qwen3.6-35B-A3B-FP8-without-reasoning,medium,instance_00015,Success,0
3513,textmapworld,Qwen3.6-35B-A3B-FP8-without-reasoning,medium,instance_00015,Aborted,0
3514,textmapworld,Qwen3.6-35B-A3B-FP8-without-reasoning,medium,instance_00015,Lose,1
3515,textmapworld,Qwen3.6-35B-A3B-FP8-without-reasoning,medium,instance_00015,moves,6
3516,textmapworld,Qwen3.6-35B-A3B-FP8-without-reasoning,medium,instance_00015,valid_moves,6
3517,textmapworld,Qwen3.6-35B-A3B-FP8-without-reasoning,medium,instance_00015,invalid_moves,0
3518,textmapworld,Qwen3.6-35B-A3B-FP8-without-reasoning,medium,instance_00015,stopped,1
3519,textmapworld,Qwen3.6-35B-A3B-FP8-without-reasoning,medium,instance_00015,turns_limit,0
3520,textmapworld,Qwen3.6-35B-A3B-FP8-without-reasoning,medium,instance_00015,loops,0
3521,textmapworld,Qwen3.6-35B-A3B-FP8-without-reasoning,medium,instance_00015,number_visited,4
3522,textmapworld,Qwen3.6-35B-A3B-FP8-without-reasoning,medium,instance_00015,seen,6
3523,textmapworld,Qwen3.6-35B-A3B-FP8-without-reasoning,medium,instance_00015,efficiency,50.0
3524,textmapworld,Qwen3.6-35B-A3B-FP8-without-reasoning,medium,instance_00015,exploration,66.66666666666666
3525,textmapworld,Qwen3.6-35B-A3B-FP8-without-reasoning,medium,instance_00015,Main Score,57.14285714285714
3526,textmapworld,Qwen3.6-35B-A3B-FP8-without-reasoning,medium,instance_00012,Success,0
3527,textmapworld,Qwen3.6-35B-A3B-FP8-without-reasoning,medium,instance_00012,Aborted,0
3528,textmapworld,Qwen3.6-35B-A3B-FP8-without-reasoning,medium,instance_00012,Lose,1
3529,textmapworld,Qwen3.6-35B-A3B-FP8-without-reasoning,medium,instance_00012,moves,6
3530,textmapworld,Qwen3.6-35B-A3B-FP8-without-reasoning,medium,instance_00012,valid_moves,6
3531,textmapworld,Qwen3.6-35B-A3B-FP8-without-reasoning,medium,instance_00012,invalid_moves,0
3532,textmapworld,Qwen3.6-35B-A3B-FP8-without-reasoning,medium,instance_00012,stopped,1
3533,textmapworld,Qwen3.6-35B-A3B-FP8-without-reasoning,medium,instance_00012,turns_limit,0
3534,textmapworld,Qwen3.6-35B-A3B-FP8-without-reasoning,medium,instance_00012,loops,0
3535,textmapworld,Qwen3.6-35B-A3B-FP8-without-reasoning,medium,instance_00012,number_visited,4
3536,textmapworld,Qwen3.6-35B-A3B-FP8-without-reasoning,medium,instance_00012,seen,5
3537,textmapworld,Qwen3.6-35B-A3B-FP8-without-reasoning,medium,instance_00012,efficiency,83.33333333333334
3538,textmapworld,Qwen3.6-35B-A3B-FP8-without-reasoning,medium,instance_00012,exploration,66.66666666666666
3539,textmapworld,Qwen3.6-35B-A3B-FP8-without-reasoning,medium,instance_00012,Main Score,74.07407407407408
3540,textmapworld,Qwen3.6-35B-A3B-FP8-without-reasoning,small,instance_00005,Success,1
3541,textmapworld,Qwen3.6-35B-A3B-FP8-without-reasoning,small,instance_00005,Aborted,0
3542,textmapworld,Qwen3.6-35B-A3B-FP8-without-reasoning,small,instance_00005,Lose,0
3543,textmapworld,Qwen3.6-35B-A3B-FP8-without-reasoning,small,instance_00005,moves,6
3544,textmapworld,Qwen3.6-35B-A3B-FP8-without-reasoning,small,instance_00005,valid_moves,6
3545,textmapworld,Qwen3.6-35B-A3B-FP8-without-reasoning,small,instance_00005,invalid_moves,0
3546,textmapworld,Qwen3.6-35B-A3B-FP8-without-reasoning,small,instance_00005,stopped,1
3547,textmapworld,Qwen3.6-35B-A3B-FP8-without-reasoning,small,instance_00005,turns_limit,0
3548,textmapworld,Qwen3.6-35B-A3B-FP8-without-reasoning,small,instance_00005,loops,0
3549,textmapworld,Qwen3.6-35B-A3B-FP8-without-reasoning,small,instance_00005,number_visited,4
3550,textmapworld,Qwen3.6-35B-A3B-FP8-without-reasoning,small,instance_00005,seen,4
3551,textmapworld,Qwen3.6-35B-A3B-FP8-without-reasoning,small,instance_00005,efficiency,66.66666666666666
3552,textmapworld,Qwen3.6-35B-A3B-FP8-without-reasoning,small,instance_00005,exploration,100.0
3553,textmapworld,Qwen3.6-35B-A3B-FP8-without-reasoning,small,instance_00005,Main Score,80.0
3554,textmapworld,Qwen3.6-35B-A3B-FP8-without-reasoning,small,instance_00002,Success,0
3555,textmapworld,Qwen3.6-35B-A3B-FP8-without-reasoning,small,instance_00002,Aborted,0
3556,textmapworld,Qwen3.6-35B-A3B-FP8-without-reasoning,small,instance_00002,Lose,1
3557,textmapworld,Qwen3.6-35B-A3B-FP8-without-reasoning,small,instance_00002,moves,5
3558,textmapworld,Qwen3.6-35B-A3B-FP8-without-reasoning,small,instance_00002,valid_moves,5
3559,textmapworld,Qwen3.6-35B-A3B-FP8-without-reasoning,small,instance_00002,invalid_moves,0
3560,textmapworld,Qwen3.6-35B-A3B-FP8-without-reasoning,small,instance_00002,stopped,1
3561,textmapworld,Qwen3.6-35B-A3B-FP8-without-reasoning,small,instance_00002,turns_limit,0
3562,textmapworld,Qwen3.6-35B-A3B-FP8-without-reasoning,small,instance_00002,loops,0
3563,textmapworld,Qwen3.6-35B-A3B-FP8-without-reasoning,small,instance_00002,number_visited,3
3564,textmapworld,Qwen3.6-35B-A3B-FP8-without-reasoning,small,instance_00002,seen,4
3565,textmapworld,Qwen3.6-35B-A3B-FP8-without-reasoning,small,instance_00002,efficiency,60.0
3566,textmapworld,Qwen3.6-35B-A3B-FP8-without-reasoning,small,instance_00002,exploration,75.0
3567,textmapworld,Qwen3.6-35B-A3B-FP8-without-reasoning,small,instance_00002,Main Score,66.66666666666667
3568,textmapworld,Qwen3.6-35B-A3B-FP8-without-reasoning,small,instance_00003,Success,1
3569,textmapworld,Qwen3.6-35B-A3B-FP8-without-reasoning,small,instance_00003,Aborted,0
3570,textmapworld,Qwen3.6-35B-A3B-FP8-without-reasoning,small,instance_00003,Lose,0
3571,textmapworld,Qwen3.6-35B-A3B-FP8-without-reasoning,small,instance_00003,moves,6
3572,textmapworld,Qwen3.6-35B-A3B-FP8-without-reasoning,small,instance_00003,valid_moves,6
3573,textmapworld,Qwen3.6-35B-A3B-FP8-without-reasoning,small,instance_00003,invalid_moves,0
3574,textmapworld,Qwen3.6-35B-A3B-FP8-without-reasoning,small,instance_00003,stopped,1
3575,textmapworld,Qwen3.6-35B-A3B-FP8-without-reasoning,small,instance_00003,turns_limit,0
3576,textmapworld,Qwen3.6-35B-A3B-FP8-without-reasoning,small,instance_00003,loops,0
3577,textmapworld,Qwen3.6-35B-A3B-FP8-without-reasoning,small,instance_00003,number_visited,4
3578,textmapworld,Qwen3.6-35B-A3B-FP8-without-reasoning,small,instance_00003,seen,4
3579,textmapworld,Qwen3.6-35B-A3B-FP8-without-reasoning,small,instance_00003,efficiency,66.66666666666666
3580,textmapworld,Qwen3.6-35B-A3B-FP8-without-reasoning,small,instance_00003,exploration,100.0
3581,textmapworld,Qwen3.6-35B-A3B-FP8-without-reasoning,small,instance_00003,Main Score,80.0
3582,textmapworld,Qwen3.6-35B-A3B-FP8-without-reasoning,small,instance_00004,Success,1
3583,textmapworld,Qwen3.6-35B-A3B-FP8-without-reasoning,small,instance_00004,Aborted,0
3584,textmapworld,Qwen3.6-35B-A3B-FP8-without-reasoning,small,instance_00004,Lose,0
3585,textmapworld,Qwen3.6-35B-A3B-FP8-without-reasoning,small,instance_00004,moves,6
3586,textmapworld,Qwen3.6-35B-A3B-FP8-without-reasoning,small,instance_00004,valid_moves,6
3587,textmapworld,Qwen3.6-35B-A3B-FP8-without-reasoning,small,instance_00004,invalid_moves,0
3588,textmapworld,Qwen3.6-35B-A3B-FP8-without-reasoning,small,instance_00004,stopped,1
3589,textmapworld,Qwen3.6-35B-A3B-FP8-without-reasoning,small,instance_00004,turns_limit,0
3590,textmapworld,Qwen3.6-35B-A3B-FP8-without-reasoning,small,instance_00004,loops,0
3591,textmapworld,Qwen3.6-35B-A3B-FP8-without-reasoning,small,instance_00004,number_visited,4
3592,textmapworld,Qwen3.6-35B-A3B-FP8-without-reasoning,small,instance_00004,seen,4
3593,textmapworld,Qwen3.6-35B-A3B-FP8-without-reasoning,small,instance_00004,efficiency,50.0
3594,textmapworld,Qwen3.6-35B-A3B-FP8-without-reasoning,small,instance_00004,exploration,100.0
3595,textmapworld,Qwen3.6-35B-A3B-FP8-without-reasoning,small,instance_00004,Main Score,66.66666666666667
3596,textmapworld,Qwen3.6-35B-A3B-FP8-without-reasoning,small,instance_00008,Success,1
3597,textmapworld,Qwen3.6-35B-A3B-FP8-without-reasoning,small,instance_00008,Aborted,0
3598,textmapworld,Qwen3.6-35B-A3B-FP8-without-reasoning,small,instance_00008,Lose,0
3599,textmapworld,Qwen3.6-35B-A3B-FP8-without-reasoning,small,instance_00008,moves,6
3600,textmapworld,Qwen3.6-35B-A3B-FP8-without-reasoning,small,instance_00008,valid_moves,6
3601,textmapworld,Qwen3.6-35B-A3B-FP8-without-reasoning,small,instance_00008,invalid_moves,0
3602,textmapworld,Qwen3.6-35B-A3B-FP8-without-reasoning,small,instance_00008,stopped,1
3603,textmapworld,Qwen3.6-35B-A3B-FP8-without-reasoning,small,instance_00008,turns_limit,0
3604,textmapworld,Qwen3.6-35B-A3B-FP8-without-reasoning,small,instance_00008,loops,0
3605,textmapworld,Qwen3.6-35B-A3B-FP8-without-reasoning,small,instance_00008,number_visited,4
3606,textmapworld,Qwen3.6-35B-A3B-FP8-without-reasoning,small,instance_00008,seen,4
3607,textmapworld,Qwen3.6-35B-A3B-FP8-without-reasoning,small,instance_00008,efficiency,50.0
3608,textmapworld,Qwen3.6-35B-A3B-FP8-without-reasoning,small,instance_00008,exploration,100.0
3609,textmapworld,Qwen3.6-35B-A3B-FP8-without-reasoning,small,instance_00008,Main Score,66.66666666666667
3610,textmapworld,Qwen3.6-35B-A3B-FP8-without-reasoning,small,instance_00001,Success,1
3611,textmapworld,Qwen3.6-35B-A3B-FP8-without-reasoning,small,instance_00001,Aborted,0
3612,textmapworld,Qwen3.6-35B-A3B-FP8-without-reasoning,small,instance_00001,Lose,0
3613,textmapworld,Qwen3.6-35B-A3B-FP8-without-reasoning,small,instance_00001,moves,6
3614,textmapworld,Qwen3.6-35B-A3B-FP8-without-reasoning,small,instance_00001,valid_moves,6
3615,textmapworld,Qwen3.6-35B-A3B-FP8-without-reasoning,small,instance_00001,invalid_moves,0
3616,textmapworld,Qwen3.6-35B-A3B-FP8-without-reasoning,small,instance_00001,stopped,1
3617,textmapworld,Qwen3.6-35B-A3B-FP8-without-reasoning,small,instance_00001,turns_limit,0
3618,textmapworld,Qwen3.6-35B-A3B-FP8-without-reasoning,small,instance_00001,loops,0
3619,textmapworld,Qwen3.6-35B-A3B-FP8-without-reasoning,small,instance_00001,number_visited,4
3620,textmapworld,Qwen3.6-35B-A3B-FP8-without-reasoning,small,instance_00001,seen,4
3621,textmapworld,Qwen3.6-35B-A3B-FP8-without-reasoning,small,instance_00001,efficiency,50.0
3622,textmapworld,Qwen3.6-35B-A3B-FP8-without-reasoning,small,instance_00001,exploration,100.0
3623,textmapworld,Qwen3.6-35B-A3B-FP8-without-reasoning,small,instance_00001,Main Score,66.66666666666667
3624,textmapworld,Qwen3.6-35B-A3B-FP8-without-reasoning,small,instance_00006,Success,1
3625,textmapworld,Qwen3.6-35B-A3B-FP8-without-reasoning,small,instance_00006,Aborted,0
3626,textmapworld,Qwen3.6-35B-A3B-FP8-without-reasoning,small,instance_00006,Lose,0
3627,textmapworld,Qwen3.6-35B-A3B-FP8-without-reasoning,small,instance_00006,moves,3
3628,textmapworld,Qwen3.6-35B-A3B-FP8-without-reasoning,small,instance_00006,valid_moves,3
3629,textmapworld,Qwen3.6-35B-A3B-FP8-without-reasoning,small,instance_00006,invalid_moves,0
3630,textmapworld,Qwen3.6-35B-A3B-FP8-without-reasoning,small,instance_00006,stopped,1
3631,textmapworld,Qwen3.6-35B-A3B-FP8-without-reasoning,small,instance_00006,turns_limit,0
3632,textmapworld,Qwen3.6-35B-A3B-FP8-without-reasoning,small,instance_00006,loops,0
3633,textmapworld,Qwen3.6-35B-A3B-FP8-without-reasoning,small,instance_00006,number_visited,4
3634,textmapworld,Qwen3.6-35B-A3B-FP8-without-reasoning,small,instance_00006,seen,4
3635,textmapworld,Qwen3.6-35B-A3B-FP8-without-reasoning,small,instance_00006,efficiency,100.0
3636,textmapworld,Qwen3.6-35B-A3B-FP8-without-reasoning,small,instance_00006,exploration,100.0
3637,textmapworld,Qwen3.6-35B-A3B-FP8-without-reasoning,small,instance_00006,Main Score,100.0
3638,textmapworld,Qwen3.6-35B-A3B-FP8-without-reasoning,small,instance_00007,Success,1
3639,textmapworld,Qwen3.6-35B-A3B-FP8-without-reasoning,small,instance_00007,Aborted,0
3640,textmapworld,Qwen3.6-35B-A3B-FP8-without-reasoning,small,instance_00007,Lose,0
3641,textmapworld,Qwen3.6-35B-A3B-FP8-without-reasoning,small,instance_00007,moves,6
3642,textmapworld,Qwen3.6-35B-A3B-FP8-without-reasoning,small,instance_00007,valid_moves,6
3643,textmapworld,Qwen3.6-35B-A3B-FP8-without-reasoning,small,instance_00007,invalid_moves,0
3644,textmapworld,Qwen3.6-35B-A3B-FP8-without-reasoning,small,instance_00007,stopped,1
3645,textmapworld,Qwen3.6-35B-A3B-FP8-without-reasoning,small,instance_00007,turns_limit,0
3646,textmapworld,Qwen3.6-35B-A3B-FP8-without-reasoning,small,instance_00007,loops,0
3647,textmapworld,Qwen3.6-35B-A3B-FP8-without-reasoning,small,instance_00007,number_visited,4
3648,textmapworld,Qwen3.6-35B-A3B-FP8-without-reasoning,small,instance_00007,seen,4
3649,textmapworld,Qwen3.6-35B-A3B-FP8-without-reasoning,small,instance_00007,efficiency,50.0
3650,textmapworld,Qwen3.6-35B-A3B-FP8-without-reasoning,small,instance_00007,exploration,100.0
3651,textmapworld,Qwen3.6-35B-A3B-FP8-without-reasoning,small,instance_00007,Main Score,66.66666666666667
3652,textmapworld,Qwen3.6-35B-A3B-FP8-without-reasoning,small,instance_00000,Success,0
3653,textmapworld,Qwen3.6-35B-A3B-FP8-without-reasoning,small,instance_00000,Aborted,0
3654,textmapworld,Qwen3.6-35B-A3B-FP8-without-reasoning,small,instance_00000,Lose,1
3655,textmapworld,Qwen3.6-35B-A3B-FP8-without-reasoning,small,instance_00000,moves,4
3656,textmapworld,Qwen3.6-35B-A3B-FP8-without-reasoning,small,instance_00000,valid_moves,4
3657,textmapworld,Qwen3.6-35B-A3B-FP8-without-reasoning,small,instance_00000,invalid_moves,0
3658,textmapworld,Qwen3.6-35B-A3B-FP8-without-reasoning,small,instance_00000,stopped,1
3659,textmapworld,Qwen3.6-35B-A3B-FP8-without-reasoning,small,instance_00000,turns_limit,0
3660,textmapworld,Qwen3.6-35B-A3B-FP8-without-reasoning,small,instance_00000,loops,0
3661,textmapworld,Qwen3.6-35B-A3B-FP8-without-reasoning,small,instance_00000,number_visited,3
3662,textmapworld,Qwen3.6-35B-A3B-FP8-without-reasoning,small,instance_00000,seen,4
3663,textmapworld,Qwen3.6-35B-A3B-FP8-without-reasoning,small,instance_00000,efficiency,50.0
3664,textmapworld,Qwen3.6-35B-A3B-FP8-without-reasoning,small,instance_00000,exploration,75.0
3665,textmapworld,Qwen3.6-35B-A3B-FP8-without-reasoning,small,instance_00000,Main Score,60.0
3666,textmapworld,Qwen3.6-35B-A3B-FP8-without-reasoning,small,instance_00009,Success,1
3667,textmapworld,Qwen3.6-35B-A3B-FP8-without-reasoning,small,instance_00009,Aborted,0
3668,textmapworld,Qwen3.6-35B-A3B-FP8-without-reasoning,small,instance_00009,Lose,0
3669,textmapworld,Qwen3.6-35B-A3B-FP8-without-reasoning,small,instance_00009,moves,6
3670,textmapworld,Qwen3.6-35B-A3B-FP8-without-reasoning,small,instance_00009,valid_moves,6
3671,textmapworld,Qwen3.6-35B-A3B-FP8-without-reasoning,small,instance_00009,invalid_moves,0
3672,textmapworld,Qwen3.6-35B-A3B-FP8-without-reasoning,small,instance_00009,stopped,1
3673,textmapworld,Qwen3.6-35B-A3B-FP8-without-reasoning,small,instance_00009,turns_limit,0
3674,textmapworld,Qwen3.6-35B-A3B-FP8-without-reasoning,small,instance_00009,loops,0
3675,textmapworld,Qwen3.6-35B-A3B-FP8-without-reasoning,small,instance_00009,number_visited,4
3676,textmapworld,Qwen3.6-35B-A3B-FP8-without-reasoning,small,instance_00009,seen,4
3677,textmapworld,Qwen3.6-35B-A3B-FP8-without-reasoning,small,instance_00009,efficiency,50.0
3678,textmapworld,Qwen3.6-35B-A3B-FP8-without-reasoning,small,instance_00009,exploration,100.0
3679,textmapworld,Qwen3.6-35B-A3B-FP8-without-reasoning,small,instance_00009,Main Score,66.66666666666667
3680,textmapworld,Qwen3.6-35B-A3B-FP8-without-reasoning,medium_cycle,instance_00034,Success,0
3681,textmapworld,Qwen3.6-35B-A3B-FP8-without-reasoning,medium_cycle,instance_00034,Aborted,0
3682,textmapworld,Qwen3.6-35B-A3B-FP8-without-reasoning,medium_cycle,instance_00034,Lose,1
3683,textmapworld,Qwen3.6-35B-A3B-FP8-without-reasoning,medium_cycle,instance_00034,moves,6
3684,textmapworld,Qwen3.6-35B-A3B-FP8-without-reasoning,medium_cycle,instance_00034,valid_moves,6
3685,textmapworld,Qwen3.6-35B-A3B-FP8-without-reasoning,medium_cycle,instance_00034,invalid_moves,0
3686,textmapworld,Qwen3.6-35B-A3B-FP8-without-reasoning,medium_cycle,instance_00034,stopped,1
3687,textmapworld,Qwen3.6-35B-A3B-FP8-without-reasoning,medium_cycle,instance_00034,turns_limit,0
3688,textmapworld,Qwen3.6-35B-A3B-FP8-without-reasoning,medium_cycle,instance_00034,loops,0
3689,textmapworld,Qwen3.6-35B-A3B-FP8-without-reasoning,medium_cycle,instance_00034,number_visited,4
3690,textmapworld,Qwen3.6-35B-A3B-FP8-without-reasoning,medium_cycle,instance_00034,seen,6
3691,textmapworld,Qwen3.6-35B-A3B-FP8-without-reasoning,medium_cycle,instance_00034,efficiency,66.66666666666666
3692,textmapworld,Qwen3.6-35B-A3B-FP8-without-reasoning,medium_cycle,instance_00034,exploration,66.66666666666666
3693,textmapworld,Qwen3.6-35B-A3B-FP8-without-reasoning,medium_cycle,instance_00034,Main Score,66.66666666666666
3694,textmapworld,Qwen3.6-35B-A3B-FP8-without-reasoning,medium_cycle,instance_00033,Success,0
3695,textmapworld,Qwen3.6-35B-A3B-FP8-without-reasoning,medium_cycle,instance_00033,Aborted,0
3696,textmapworld,Qwen3.6-35B-A3B-FP8-without-reasoning,medium_cycle,instance_00033,Lose,1
3697,textmapworld,Qwen3.6-35B-A3B-FP8-without-reasoning,medium_cycle,instance_00033,moves,6
3698,textmapworld,Qwen3.6-35B-A3B-FP8-without-reasoning,medium_cycle,instance_00033,valid_moves,6
3699,textmapworld,Qwen3.6-35B-A3B-FP8-without-reasoning,medium_cycle,instance_00033,invalid_moves,0
3700,textmapworld,Qwen3.6-35B-A3B-FP8-without-reasoning,medium_cycle,instance_00033,stopped,1
3701,textmapworld,Qwen3.6-35B-A3B-FP8-without-reasoning,medium_cycle,instance_00033,turns_limit,0
3702,textmapworld,Qwen3.6-35B-A3B-FP8-without-reasoning,medium_cycle,instance_00033,loops,0
3703,textmapworld,Qwen3.6-35B-A3B-FP8-without-reasoning,medium_cycle,instance_00033,number_visited,4
3704,textmapworld,Qwen3.6-35B-A3B-FP8-without-reasoning,medium_cycle,instance_00033,seen,6
3705,textmapworld,Qwen3.6-35B-A3B-FP8-without-reasoning,medium_cycle,instance_00033,efficiency,50.0
3706,textmapworld,Qwen3.6-35B-A3B-FP8-without-reasoning,medium_cycle,instance_00033,exploration,66.66666666666666
3707,textmapworld,Qwen3.6-35B-A3B-FP8-without-reasoning,medium_cycle,instance_00033,Main Score,57.14285714285714
3708,textmapworld,Qwen3.6-35B-A3B-FP8-without-reasoning,medium_cycle,instance_00032,Success,0
3709,textmapworld,Qwen3.6-35B-A3B-FP8-without-reasoning,medium_cycle,instance_00032,Aborted,0
3710,textmapworld,Qwen3.6-35B-A3B-FP8-without-reasoning,medium_cycle,instance_00032,Lose,1
3711,textmapworld,Qwen3.6-35B-A3B-FP8-without-reasoning,medium_cycle,instance_00032,moves,10
3712,textmapworld,Qwen3.6-35B-A3B-FP8-without-reasoning,medium_cycle,instance_00032,valid_moves,10
3713,textmapworld,Qwen3.6-35B-A3B-FP8-without-reasoning,medium_cycle,instance_00032,invalid_moves,0
3714,textmapworld,Qwen3.6-35B-A3B-FP8-without-reasoning,medium_cycle,instance_00032,stopped,1
3715,textmapworld,Qwen3.6-35B-A3B-FP8-without-reasoning,medium_cycle,instance_00032,turns_limit,0
3716,textmapworld,Qwen3.6-35B-A3B-FP8-without-reasoning,medium_cycle,instance_00032,loops,0
3717,textmapworld,Qwen3.6-35B-A3B-FP8-without-reasoning,medium_cycle,instance_00032,number_visited,5
3718,textmapworld,Qwen3.6-35B-A3B-FP8-without-reasoning,medium_cycle,instance_00032,seen,6
3719,textmapworld,Qwen3.6-35B-A3B-FP8-without-reasoning,medium_cycle,instance_00032,efficiency,70.0
3720,textmapworld,Qwen3.6-35B-A3B-FP8-without-reasoning,medium_cycle,instance_00032,exploration,83.33333333333334
3721,textmapworld,Qwen3.6-35B-A3B-FP8-without-reasoning,medium_cycle,instance_00032,Main Score,76.08695652173914
3722,textmapworld,Qwen3.6-35B-A3B-FP8-without-reasoning,medium_cycle,instance_00035,Success,0
3723,textmapworld,Qwen3.6-35B-A3B-FP8-without-reasoning,medium_cycle,instance_00035,Aborted,0
3724,textmapworld,Qwen3.6-35B-A3B-FP8-without-reasoning,medium_cycle,instance_00035,Lose,1
3725,textmapworld,Qwen3.6-35B-A3B-FP8-without-reasoning,medium_cycle,instance_00035,moves,6
3726,textmapworld,Qwen3.6-35B-A3B-FP8-without-reasoning,medium_cycle,instance_00035,valid_moves,6
3727,textmapworld,Qwen3.6-35B-A3B-FP8-without-reasoning,medium_cycle,instance_00035,invalid_moves,0
3728,textmapworld,Qwen3.6-35B-A3B-FP8-without-reasoning,medium_cycle,instance_00035,stopped,1
3729,textmapworld,Qwen3.6-35B-A3B-FP8-without-reasoning,medium_cycle,instance_00035,turns_limit,0
3730,textmapworld,Qwen3.6-35B-A3B-FP8-without-reasoning,medium_cycle,instance_00035,loops,0
3731,textmapworld,Qwen3.6-35B-A3B-FP8-without-reasoning,medium_cycle,instance_00035,number_visited,4
3732,textmapworld,Qwen3.6-35B-A3B-FP8-without-reasoning,medium_cycle,instance_00035,seen,5
3733,textmapworld,Qwen3.6-35B-A3B-FP8-without-reasoning,medium_cycle,instance_00035,efficiency,66.66666666666666
3734,textmapworld,Qwen3.6-35B-A3B-FP8-without-reasoning,medium_cycle,instance_00035,exploration,66.66666666666666
3735,textmapworld,Qwen3.6-35B-A3B-FP8-without-reasoning,medium_cycle,instance_00035,Main Score,66.66666666666666
3736,textmapworld,Qwen3.6-35B-A3B-FP8-without-reasoning,medium_cycle,instance_00030,Success,0
3737,textmapworld,Qwen3.6-35B-A3B-FP8-without-reasoning,medium_cycle,instance_00030,Aborted,0
3738,textmapworld,Qwen3.6-35B-A3B-FP8-without-reasoning,medium_cycle,instance_00030,Lose,1
3739,textmapworld,Qwen3.6-35B-A3B-FP8-without-reasoning,medium_cycle,instance_00030,moves,8
3740,textmapworld,Qwen3.6-35B-A3B-FP8-without-reasoning,medium_cycle,instance_00030,valid_moves,8
3741,textmapworld,Qwen3.6-35B-A3B-FP8-without-reasoning,medium_cycle,instance_00030,invalid_moves,0
3742,textmapworld,Qwen3.6-35B-A3B-FP8-without-reasoning,medium_cycle,instance_00030,stopped,1
3743,textmapworld,Qwen3.6-35B-A3B-FP8-without-reasoning,medium_cycle,instance_00030,turns_limit,0
3744,textmapworld,Qwen3.6-35B-A3B-FP8-without-reasoning,medium_cycle,instance_00030,loops,0
3745,textmapworld,Qwen3.6-35B-A3B-FP8-without-reasoning,medium_cycle,instance_00030,number_visited,4
3746,textmapworld,Qwen3.6-35B-A3B-FP8-without-reasoning,medium_cycle,instance_00030,seen,5
3747,textmapworld,Qwen3.6-35B-A3B-FP8-without-reasoning,medium_cycle,instance_00030,efficiency,75.0
3748,textmapworld,Qwen3.6-35B-A3B-FP8-without-reasoning,medium_cycle,instance_00030,exploration,66.66666666666666
3749,textmapworld,Qwen3.6-35B-A3B-FP8-without-reasoning,medium_cycle,instance_00030,Main Score,70.58823529411764
3750,textmapworld,Qwen3.6-35B-A3B-FP8-without-reasoning,medium_cycle,instance_00037,Success,0
3751,textmapworld,Qwen3.6-35B-A3B-FP8-without-reasoning,medium_cycle,instance_00037,Aborted,0
3752,textmapworld,Qwen3.6-35B-A3B-FP8-without-reasoning,medium_cycle,instance_00037,Lose,1
3753,textmapworld,Qwen3.6-35B-A3B-FP8-without-reasoning,medium_cycle,instance_00037,moves,10
3754,textmapworld,Qwen3.6-35B-A3B-FP8-without-reasoning,medium_cycle,instance_00037,valid_moves,10
3755,textmapworld,Qwen3.6-35B-A3B-FP8-without-reasoning,medium_cycle,instance_00037,invalid_moves,0
3756,textmapworld,Qwen3.6-35B-A3B-FP8-without-reasoning,medium_cycle,instance_00037,stopped,1
3757,textmapworld,Qwen3.6-35B-A3B-FP8-without-reasoning,medium_cycle,instance_00037,turns_limit,0
3758,textmapworld,Qwen3.6-35B-A3B-FP8-without-reasoning,medium_cycle,instance_00037,loops,0
3759,textmapworld,Qwen3.6-35B-A3B-FP8-without-reasoning,medium_cycle,instance_00037,number_visited,5
3760,textmapworld,Qwen3.6-35B-A3B-FP8-without-reasoning,medium_cycle,instance_00037,seen,6
3761,textmapworld,Qwen3.6-35B-A3B-FP8-without-reasoning,medium_cycle,instance_00037,efficiency,60.0
3762,textmapworld,Qwen3.6-35B-A3B-FP8-without-reasoning,medium_cycle,instance_00037,exploration,83.33333333333334
3763,textmapworld,Qwen3.6-35B-A3B-FP8-without-reasoning,medium_cycle,instance_00037,Main Score,69.76744186046513
3764,textmapworld,Qwen3.6-35B-A3B-FP8-without-reasoning,medium_cycle,instance_00039,Success,0
3765,textmapworld,Qwen3.6-35B-A3B-FP8-without-reasoning,medium_cycle,instance_00039,Aborted,0
3766,textmapworld,Qwen3.6-35B-A3B-FP8-without-reasoning,medium_cycle,instance_00039,Lose,1
3767,textmapworld,Qwen3.6-35B-A3B-FP8-without-reasoning,medium_cycle,instance_00039,moves,8
3768,textmapworld,Qwen3.6-35B-A3B-FP8-without-reasoning,medium_cycle,instance_00039,valid_moves,8
3769,textmapworld,Qwen3.6-35B-A3B-FP8-without-reasoning,medium_cycle,instance_00039,invalid_moves,0
3770,textmapworld,Qwen3.6-35B-A3B-FP8-without-reasoning,medium_cycle,instance_00039,stopped,1
3771,textmapworld,Qwen3.6-35B-A3B-FP8-without-reasoning,medium_cycle,instance_00039,turns_limit,0
3772,textmapworld,Qwen3.6-35B-A3B-FP8-without-reasoning,medium_cycle,instance_00039,loops,0
3773,textmapworld,Qwen3.6-35B-A3B-FP8-without-reasoning,medium_cycle,instance_00039,number_visited,5
3774,textmapworld,Qwen3.6-35B-A3B-FP8-without-reasoning,medium_cycle,instance_00039,seen,6
3775,textmapworld,Qwen3.6-35B-A3B-FP8-without-reasoning,medium_cycle,instance_00039,efficiency,62.5
3776,textmapworld,Qwen3.6-35B-A3B-FP8-without-reasoning,medium_cycle,instance_00039,exploration,83.33333333333334
3777,textmapworld,Qwen3.6-35B-A3B-FP8-without-reasoning,medium_cycle,instance_00039,Main Score,71.42857142857143
3778,textmapworld,Qwen3.6-35B-A3B-FP8-without-reasoning,medium_cycle,instance_00038,Success,0
3779,textmapworld,Qwen3.6-35B-A3B-FP8-without-reasoning,medium_cycle,instance_00038,Aborted,0
3780,textmapworld,Qwen3.6-35B-A3B-FP8-without-reasoning,medium_cycle,instance_00038,Lose,1
3781,textmapworld,Qwen3.6-35B-A3B-FP8-without-reasoning,medium_cycle,instance_00038,moves,6
3782,textmapworld,Qwen3.6-35B-A3B-FP8-without-reasoning,medium_cycle,instance_00038,valid_moves,6
3783,textmapworld,Qwen3.6-35B-A3B-FP8-without-reasoning,medium_cycle,instance_00038,invalid_moves,0
3784,textmapworld,Qwen3.6-35B-A3B-FP8-without-reasoning,medium_cycle,instance_00038,stopped,1
3785,textmapworld,Qwen3.6-35B-A3B-FP8-without-reasoning,medium_cycle,instance_00038,turns_limit,0
3786,textmapworld,Qwen3.6-35B-A3B-FP8-without-reasoning,medium_cycle,instance_00038,loops,0
3787,textmapworld,Qwen3.6-35B-A3B-FP8-without-reasoning,medium_cycle,instance_00038,number_visited,4
3788,textmapworld,Qwen3.6-35B-A3B-FP8-without-reasoning,medium_cycle,instance_00038,seen,6
3789,textmapworld,Qwen3.6-35B-A3B-FP8-without-reasoning,medium_cycle,instance_00038,efficiency,33.33333333333333
3790,textmapworld,Qwen3.6-35B-A3B-FP8-without-reasoning,medium_cycle,instance_00038,exploration,66.66666666666666
3791,textmapworld,Qwen3.6-35B-A3B-FP8-without-reasoning,medium_cycle,instance_00038,Main Score,44.44444444444444
3792,textmapworld,Qwen3.6-35B-A3B-FP8-without-reasoning,medium_cycle,instance_00036,Success,0
3793,textmapworld,Qwen3.6-35B-A3B-FP8-without-reasoning,medium_cycle,instance_00036,Aborted,0
3794,textmapworld,Qwen3.6-35B-A3B-FP8-without-reasoning,medium_cycle,instance_00036,Lose,1
3795,textmapworld,Qwen3.6-35B-A3B-FP8-without-reasoning,medium_cycle,instance_00036,moves,6
3796,textmapworld,Qwen3.6-35B-A3B-FP8-without-reasoning,medium_cycle,instance_00036,valid_moves,6
3797,textmapworld,Qwen3.6-35B-A3B-FP8-without-reasoning,medium_cycle,instance_00036,invalid_moves,0
3798,textmapworld,Qwen3.6-35B-A3B-FP8-without-reasoning,medium_cycle,instance_00036,stopped,1
3799,textmapworld,Qwen3.6-35B-A3B-FP8-without-reasoning,medium_cycle,instance_00036,turns_limit,0
3800,textmapworld,Qwen3.6-35B-A3B-FP8-without-reasoning,medium_cycle,instance_00036,loops,0
3801,textmapworld,Qwen3.6-35B-A3B-FP8-without-reasoning,medium_cycle,instance_00036,number_visited,5
3802,textmapworld,Qwen3.6-35B-A3B-FP8-without-reasoning,medium_cycle,instance_00036,seen,6
3803,textmapworld,Qwen3.6-35B-A3B-FP8-without-reasoning,medium_cycle,instance_00036,efficiency,66.66666666666666
3804,textmapworld,Qwen3.6-35B-A3B-FP8-without-reasoning,medium_cycle,instance_00036,exploration,83.33333333333334
3805,textmapworld,Qwen3.6-35B-A3B-FP8-without-reasoning,medium_cycle,instance_00036,Main Score,74.07407407407408
3806,textmapworld,Qwen3.6-35B-A3B-FP8-without-reasoning,medium_cycle,instance_00031,Success,0
3807,textmapworld,Qwen3.6-35B-A3B-FP8-without-reasoning,medium_cycle,instance_00031,Aborted,0
3808,textmapworld,Qwen3.6-35B-A3B-FP8-without-reasoning,medium_cycle,instance_00031,Lose,1
3809,textmapworld,Qwen3.6-35B-A3B-FP8-without-reasoning,medium_cycle,instance_00031,moves,6
3810,textmapworld,Qwen3.6-35B-A3B-FP8-without-reasoning,medium_cycle,instance_00031,valid_moves,6
3811,textmapworld,Qwen3.6-35B-A3B-FP8-without-reasoning,medium_cycle,instance_00031,invalid_moves,0
3812,textmapworld,Qwen3.6-35B-A3B-FP8-without-reasoning,medium_cycle,instance_00031,stopped,1
3813,textmapworld,Qwen3.6-35B-A3B-FP8-without-reasoning,medium_cycle,instance_00031,turns_limit,0
3814,textmapworld,Qwen3.6-35B-A3B-FP8-without-reasoning,medium_cycle,instance_00031,loops,0
3815,textmapworld,Qwen3.6-35B-A3B-FP8-without-reasoning,medium_cycle,instance_00031,number_visited,5
3816,textmapworld,Qwen3.6-35B-A3B-FP8-without-reasoning,medium_cycle,instance_00031,seen,6
3817,textmapworld,Qwen3.6-35B-A3B-FP8-without-reasoning,medium_cycle,instance_00031,efficiency,66.66666666666666
3818,textmapworld,Qwen3.6-35B-A3B-FP8-without-reasoning,medium_cycle,instance_00031,exploration,83.33333333333334
3819,textmapworld,Qwen3.6-35B-A3B-FP8-without-reasoning,medium_cycle,instance_00031,Main Score,74.07407407407408
3820,matchit_ascii,Qwen3.6-35B-A3B-FP8-without-reasoning,similar_grid_1,instance_00002,Violated Request Count,0
3821,matchit_ascii,Qwen3.6-35B-A3B-FP8-without-reasoning,similar_grid_1,instance_00002,Parsed Request Count,16
3822,matchit_ascii,Qwen3.6-35B-A3B-FP8-without-reasoning,similar_grid_1,instance_00002,Request Count,16
3823,matchit_ascii,Qwen3.6-35B-A3B-FP8-without-reasoning,similar_grid_1,instance_00002,Aborted,0
3824,matchit_ascii,Qwen3.6-35B-A3B-FP8-without-reasoning,similar_grid_1,instance_00002,Success,1
3825,matchit_ascii,Qwen3.6-35B-A3B-FP8-without-reasoning,similar_grid_1,instance_00002,Lose,0
3826,matchit_ascii,Qwen3.6-35B-A3B-FP8-without-reasoning,similar_grid_1,instance_00002,Main Score,100
3827,matchit_ascii,Qwen3.6-35B-A3B-FP8-without-reasoning,similar_grid_1,instance_00002,Player Score,100
3828,matchit_ascii,Qwen3.6-35B-A3B-FP8-without-reasoning,similar_grid_1,instance_00003,Violated Request Count,0
3829,matchit_ascii,Qwen3.6-35B-A3B-FP8-without-reasoning,similar_grid_1,instance_00003,Parsed Request Count,16
3830,matchit_ascii,Qwen3.6-35B-A3B-FP8-without-reasoning,similar_grid_1,instance_00003,Request Count,16
3831,matchit_ascii,Qwen3.6-35B-A3B-FP8-without-reasoning,similar_grid_1,instance_00003,Aborted,0
3832,matchit_ascii,Qwen3.6-35B-A3B-FP8-without-reasoning,similar_grid_1,instance_00003,Success,1
3833,matchit_ascii,Qwen3.6-35B-A3B-FP8-without-reasoning,similar_grid_1,instance_00003,Lose,0
3834,matchit_ascii,Qwen3.6-35B-A3B-FP8-without-reasoning,similar_grid_1,instance_00003,Main Score,100
3835,matchit_ascii,Qwen3.6-35B-A3B-FP8-without-reasoning,similar_grid_1,instance_00003,Player Score,100
3836,matchit_ascii,Qwen3.6-35B-A3B-FP8-without-reasoning,similar_grid_1,instance_00004,Violated Request Count,0
3837,matchit_ascii,Qwen3.6-35B-A3B-FP8-without-reasoning,similar_grid_1,instance_00004,Parsed Request Count,16
3838,matchit_ascii,Qwen3.6-35B-A3B-FP8-without-reasoning,similar_grid_1,instance_00004,Request Count,16
3839,matchit_ascii,Qwen3.6-35B-A3B-FP8-without-reasoning,similar_grid_1,instance_00004,Aborted,0
3840,matchit_ascii,Qwen3.6-35B-A3B-FP8-without-reasoning,similar_grid_1,instance_00004,Success,1
3841,matchit_ascii,Qwen3.6-35B-A3B-FP8-without-reasoning,similar_grid_1,instance_00004,Lose,0
3842,matchit_ascii,Qwen3.6-35B-A3B-FP8-without-reasoning,similar_grid_1,instance_00004,Main Score,100
3843,matchit_ascii,Qwen3.6-35B-A3B-FP8-without-reasoning,similar_grid_1,instance_00004,Player Score,100
3844,matchit_ascii,Qwen3.6-35B-A3B-FP8-without-reasoning,similar_grid_1,instance_00001,Violated Request Count,0
3845,matchit_ascii,Qwen3.6-35B-A3B-FP8-without-reasoning,similar_grid_1,instance_00001,Parsed Request Count,16
3846,matchit_ascii,Qwen3.6-35B-A3B-FP8-without-reasoning,similar_grid_1,instance_00001,Request Count,16
3847,matchit_ascii,Qwen3.6-35B-A3B-FP8-without-reasoning,similar_grid_1,instance_00001,Aborted,0
3848,matchit_ascii,Qwen3.6-35B-A3B-FP8-without-reasoning,similar_grid_1,instance_00001,Success,1
3849,matchit_ascii,Qwen3.6-35B-A3B-FP8-without-reasoning,similar_grid_1,instance_00001,Lose,0
3850,matchit_ascii,Qwen3.6-35B-A3B-FP8-without-reasoning,similar_grid_1,instance_00001,Main Score,100
3851,matchit_ascii,Qwen3.6-35B-A3B-FP8-without-reasoning,similar_grid_1,instance_00001,Player Score,100
3852,matchit_ascii,Qwen3.6-35B-A3B-FP8-without-reasoning,similar_grid_1,instance_00000,Violated Request Count,0
3853,matchit_ascii,Qwen3.6-35B-A3B-FP8-without-reasoning,similar_grid_1,instance_00000,Parsed Request Count,16
3854,matchit_ascii,Qwen3.6-35B-A3B-FP8-without-reasoning,similar_grid_1,instance_00000,Request Count,16
3855,matchit_ascii,Qwen3.6-35B-A3B-FP8-without-reasoning,similar_grid_1,instance_00000,Aborted,0
3856,matchit_ascii,Qwen3.6-35B-A3B-FP8-without-reasoning,similar_grid_1,instance_00000,Success,1
3857,matchit_ascii,Qwen3.6-35B-A3B-FP8-without-reasoning,similar_grid_1,instance_00000,Lose,0
3858,matchit_ascii,Qwen3.6-35B-A3B-FP8-without-reasoning,similar_grid_1,instance_00000,Main Score,100
3859,matchit_ascii,Qwen3.6-35B-A3B-FP8-without-reasoning,similar_grid_1,instance_00000,Player Score,100
3860,matchit_ascii,Qwen3.6-35B-A3B-FP8-without-reasoning,same_grid,instance_00002,Violated Request Count,0
3861,matchit_ascii,Qwen3.6-35B-A3B-FP8-without-reasoning,same_grid,instance_00002,Parsed Request Count,16
3862,matchit_ascii,Qwen3.6-35B-A3B-FP8-without-reasoning,same_grid,instance_00002,Request Count,16
3863,matchit_ascii,Qwen3.6-35B-A3B-FP8-without-reasoning,same_grid,instance_00002,Aborted,0
3864,matchit_ascii,Qwen3.6-35B-A3B-FP8-without-reasoning,same_grid,instance_00002,Success,1
3865,matchit_ascii,Qwen3.6-35B-A3B-FP8-without-reasoning,same_grid,instance_00002,Lose,0
3866,matchit_ascii,Qwen3.6-35B-A3B-FP8-without-reasoning,same_grid,instance_00002,Main Score,100
3867,matchit_ascii,Qwen3.6-35B-A3B-FP8-without-reasoning,same_grid,instance_00002,Player Score,100
3868,matchit_ascii,Qwen3.6-35B-A3B-FP8-without-reasoning,same_grid,instance_00003,Violated Request Count,0
3869,matchit_ascii,Qwen3.6-35B-A3B-FP8-without-reasoning,same_grid,instance_00003,Parsed Request Count,16
3870,matchit_ascii,Qwen3.6-35B-A3B-FP8-without-reasoning,same_grid,instance_00003,Request Count,16
3871,matchit_ascii,Qwen3.6-35B-A3B-FP8-without-reasoning,same_grid,instance_00003,Aborted,0
3872,matchit_ascii,Qwen3.6-35B-A3B-FP8-without-reasoning,same_grid,instance_00003,Success,1
3873,matchit_ascii,Qwen3.6-35B-A3B-FP8-without-reasoning,same_grid,instance_00003,Lose,0
3874,matchit_ascii,Qwen3.6-35B-A3B-FP8-without-reasoning,same_grid,instance_00003,Main Score,100
3875,matchit_ascii,Qwen3.6-35B-A3B-FP8-without-reasoning,same_grid,instance_00003,Player Score,100
3876,matchit_ascii,Qwen3.6-35B-A3B-FP8-without-reasoning,same_grid,instance_00004,Violated Request Count,0
3877,matchit_ascii,Qwen3.6-35B-A3B-FP8-without-reasoning,same_grid,instance_00004,Parsed Request Count,16
3878,matchit_ascii,Qwen3.6-35B-A3B-FP8-without-reasoning,same_grid,instance_00004,Request Count,16
3879,matchit_ascii,Qwen3.6-35B-A3B-FP8-without-reasoning,same_grid,instance_00004,Aborted,0
3880,matchit_ascii,Qwen3.6-35B-A3B-FP8-without-reasoning,same_grid,instance_00004,Success,1
3881,matchit_ascii,Qwen3.6-35B-A3B-FP8-without-reasoning,same_grid,instance_00004,Lose,0
3882,matchit_ascii,Qwen3.6-35B-A3B-FP8-without-reasoning,same_grid,instance_00004,Main Score,100
3883,matchit_ascii,Qwen3.6-35B-A3B-FP8-without-reasoning,same_grid,instance_00004,Player Score,100
3884,matchit_ascii,Qwen3.6-35B-A3B-FP8-without-reasoning,same_grid,instance_00001,Violated Request Count,0
3885,matchit_ascii,Qwen3.6-35B-A3B-FP8-without-reasoning,same_grid,instance_00001,Parsed Request Count,16
3886,matchit_ascii,Qwen3.6-35B-A3B-FP8-without-reasoning,same_grid,instance_00001,Request Count,16
3887,matchit_ascii,Qwen3.6-35B-A3B-FP8-without-reasoning,same_grid,instance_00001,Aborted,0
3888,matchit_ascii,Qwen3.6-35B-A3B-FP8-without-reasoning,same_grid,instance_00001,Success,1
3889,matchit_ascii,Qwen3.6-35B-A3B-FP8-without-reasoning,same_grid,instance_00001,Lose,0
3890,matchit_ascii,Qwen3.6-35B-A3B-FP8-without-reasoning,same_grid,instance_00001,Main Score,100
3891,matchit_ascii,Qwen3.6-35B-A3B-FP8-without-reasoning,same_grid,instance_00001,Player Score,100
3892,matchit_ascii,Qwen3.6-35B-A3B-FP8-without-reasoning,same_grid,instance_00000,Violated Request Count,0
3893,matchit_ascii,Qwen3.6-35B-A3B-FP8-without-reasoning,same_grid,instance_00000,Parsed Request Count,16
3894,matchit_ascii,Qwen3.6-35B-A3B-FP8-without-reasoning,same_grid,instance_00000,Request Count,16
3895,matchit_ascii,Qwen3.6-35B-A3B-FP8-without-reasoning,same_grid,instance_00000,Aborted,0
3896,matchit_ascii,Qwen3.6-35B-A3B-FP8-without-reasoning,same_grid,instance_00000,Success,1
3897,matchit_ascii,Qwen3.6-35B-A3B-FP8-without-reasoning,same_grid,instance_00000,Lose,0
3898,matchit_ascii,Qwen3.6-35B-A3B-FP8-without-reasoning,same_grid,instance_00000,Main Score,100
3899,matchit_ascii,Qwen3.6-35B-A3B-FP8-without-reasoning,same_grid,instance_00000,Player Score,100
3900,matchit_ascii,Qwen3.6-35B-A3B-FP8-without-reasoning,similar_grid_2,instance_00002,Violated Request Count,1
3901,matchit_ascii,Qwen3.6-35B-A3B-FP8-without-reasoning,similar_grid_2,instance_00002,Parsed Request Count,5
3902,matchit_ascii,Qwen3.6-35B-A3B-FP8-without-reasoning,similar_grid_2,instance_00002,Request Count,6
3903,matchit_ascii,Qwen3.6-35B-A3B-FP8-without-reasoning,similar_grid_2,instance_00002,Aborted,0
3904,matchit_ascii,Qwen3.6-35B-A3B-FP8-without-reasoning,similar_grid_2,instance_00002,Success,0
3905,matchit_ascii,Qwen3.6-35B-A3B-FP8-without-reasoning,similar_grid_2,instance_00002,Lose,1
3906,matchit_ascii,Qwen3.6-35B-A3B-FP8-without-reasoning,similar_grid_2,instance_00002,Main Score,0
3907,matchit_ascii,Qwen3.6-35B-A3B-FP8-without-reasoning,similar_grid_2,instance_00002,Player Score,0
3908,matchit_ascii,Qwen3.6-35B-A3B-FP8-without-reasoning,similar_grid_2,instance_00003,Violated Request Count,0
3909,matchit_ascii,Qwen3.6-35B-A3B-FP8-without-reasoning,similar_grid_2,instance_00003,Parsed Request Count,16
3910,matchit_ascii,Qwen3.6-35B-A3B-FP8-without-reasoning,similar_grid_2,instance_00003,Request Count,16
3911,matchit_ascii,Qwen3.6-35B-A3B-FP8-without-reasoning,similar_grid_2,instance_00003,Aborted,0
3912,matchit_ascii,Qwen3.6-35B-A3B-FP8-without-reasoning,similar_grid_2,instance_00003,Success,0
3913,matchit_ascii,Qwen3.6-35B-A3B-FP8-without-reasoning,similar_grid_2,instance_00003,Lose,1
3914,matchit_ascii,Qwen3.6-35B-A3B-FP8-without-reasoning,similar_grid_2,instance_00003,Main Score,0
3915,matchit_ascii,Qwen3.6-35B-A3B-FP8-without-reasoning,similar_grid_2,instance_00003,Player Score,50
3916,matchit_ascii,Qwen3.6-35B-A3B-FP8-without-reasoning,similar_grid_2,instance_00004,Violated Request Count,0
3917,matchit_ascii,Qwen3.6-35B-A3B-FP8-without-reasoning,similar_grid_2,instance_00004,Parsed Request Count,16
3918,matchit_ascii,Qwen3.6-35B-A3B-FP8-without-reasoning,similar_grid_2,instance_00004,Request Count,16
3919,matchit_ascii,Qwen3.6-35B-A3B-FP8-without-reasoning,similar_grid_2,instance_00004,Aborted,0
3920,matchit_ascii,Qwen3.6-35B-A3B-FP8-without-reasoning,similar_grid_2,instance_00004,Success,0
3921,matchit_ascii,Qwen3.6-35B-A3B-FP8-without-reasoning,similar_grid_2,instance_00004,Lose,1
3922,matchit_ascii,Qwen3.6-35B-A3B-FP8-without-reasoning,similar_grid_2,instance_00004,Main Score,0
3923,matchit_ascii,Qwen3.6-35B-A3B-FP8-without-reasoning,similar_grid_2,instance_00004,Player Score,0
3924,matchit_ascii,Qwen3.6-35B-A3B-FP8-without-reasoning,similar_grid_2,instance_00001,Violated Request Count,0
3925,matchit_ascii,Qwen3.6-35B-A3B-FP8-without-reasoning,similar_grid_2,instance_00001,Parsed Request Count,16
3926,matchit_ascii,Qwen3.6-35B-A3B-FP8-without-reasoning,similar_grid_2,instance_00001,Request Count,16
3927,matchit_ascii,Qwen3.6-35B-A3B-FP8-without-reasoning,similar_grid_2,instance_00001,Aborted,0
3928,matchit_ascii,Qwen3.6-35B-A3B-FP8-without-reasoning,similar_grid_2,instance_00001,Success,1
3929,matchit_ascii,Qwen3.6-35B-A3B-FP8-without-reasoning,similar_grid_2,instance_00001,Lose,0
3930,matchit_ascii,Qwen3.6-35B-A3B-FP8-without-reasoning,similar_grid_2,instance_00001,Main Score,100
3931,matchit_ascii,Qwen3.6-35B-A3B-FP8-without-reasoning,similar_grid_2,instance_00001,Player Score,100
3932,matchit_ascii,Qwen3.6-35B-A3B-FP8-without-reasoning,similar_grid_2,instance_00000,Violated Request Count,0
3933,matchit_ascii,Qwen3.6-35B-A3B-FP8-without-reasoning,similar_grid_2,instance_00000,Parsed Request Count,16
3934,matchit_ascii,Qwen3.6-35B-A3B-FP8-without-reasoning,similar_grid_2,instance_00000,Request Count,16
3935,matchit_ascii,Qwen3.6-35B-A3B-FP8-without-reasoning,similar_grid_2,instance_00000,Aborted,0
3936,matchit_ascii,Qwen3.6-35B-A3B-FP8-without-reasoning,similar_grid_2,instance_00000,Success,0
3937,matchit_ascii,Qwen3.6-35B-A3B-FP8-without-reasoning,similar_grid_2,instance_00000,Lose,1
3938,matchit_ascii,Qwen3.6-35B-A3B-FP8-without-reasoning,similar_grid_2,instance_00000,Main Score,0
3939,matchit_ascii,Qwen3.6-35B-A3B-FP8-without-reasoning,similar_grid_2,instance_00000,Player Score,50
3940,matchit_ascii,Qwen3.6-35B-A3B-FP8-without-reasoning,different_grid,instance_00002,Violated Request Count,0
3941,matchit_ascii,Qwen3.6-35B-A3B-FP8-without-reasoning,different_grid,instance_00002,Parsed Request Count,16
3942,matchit_ascii,Qwen3.6-35B-A3B-FP8-without-reasoning,different_grid,instance_00002,Request Count,16
3943,matchit_ascii,Qwen3.6-35B-A3B-FP8-without-reasoning,different_grid,instance_00002,Aborted,0
3944,matchit_ascii,Qwen3.6-35B-A3B-FP8-without-reasoning,different_grid,instance_00002,Success,1
3945,matchit_ascii,Qwen3.6-35B-A3B-FP8-without-reasoning,different_grid,instance_00002,Lose,0
3946,matchit_ascii,Qwen3.6-35B-A3B-FP8-without-reasoning,different_grid,instance_00002,Main Score,100
3947,matchit_ascii,Qwen3.6-35B-A3B-FP8-without-reasoning,different_grid,instance_00002,Player Score,100
3948,matchit_ascii,Qwen3.6-35B-A3B-FP8-without-reasoning,different_grid,instance_00003,Violated Request Count,0
3949,matchit_ascii,Qwen3.6-35B-A3B-FP8-without-reasoning,different_grid,instance_00003,Parsed Request Count,16
3950,matchit_ascii,Qwen3.6-35B-A3B-FP8-without-reasoning,different_grid,instance_00003,Request Count,16
3951,matchit_ascii,Qwen3.6-35B-A3B-FP8-without-reasoning,different_grid,instance_00003,Aborted,0
3952,matchit_ascii,Qwen3.6-35B-A3B-FP8-without-reasoning,different_grid,instance_00003,Success,1
3953,matchit_ascii,Qwen3.6-35B-A3B-FP8-without-reasoning,different_grid,instance_00003,Lose,0
3954,matchit_ascii,Qwen3.6-35B-A3B-FP8-without-reasoning,different_grid,instance_00003,Main Score,100
3955,matchit_ascii,Qwen3.6-35B-A3B-FP8-without-reasoning,different_grid,instance_00003,Player Score,100
3956,matchit_ascii,Qwen3.6-35B-A3B-FP8-without-reasoning,different_grid,instance_00004,Violated Request Count,0
3957,matchit_ascii,Qwen3.6-35B-A3B-FP8-without-reasoning,different_grid,instance_00004,Parsed Request Count,16
3958,matchit_ascii,Qwen3.6-35B-A3B-FP8-without-reasoning,different_grid,instance_00004,Request Count,16
3959,matchit_ascii,Qwen3.6-35B-A3B-FP8-without-reasoning,different_grid,instance_00004,Aborted,0
3960,matchit_ascii,Qwen3.6-35B-A3B-FP8-without-reasoning,different_grid,instance_00004,Success,1
3961,matchit_ascii,Qwen3.6-35B-A3B-FP8-without-reasoning,different_grid,instance_00004,Lose,0
3962,matchit_ascii,Qwen3.6-35B-A3B-FP8-without-reasoning,different_grid,instance_00004,Main Score,100
3963,matchit_ascii,Qwen3.6-35B-A3B-FP8-without-reasoning,different_grid,instance_00004,Player Score,100
3964,matchit_ascii,Qwen3.6-35B-A3B-FP8-without-reasoning,different_grid,instance_00001,Violated Request Count,0
3965,matchit_ascii,Qwen3.6-35B-A3B-FP8-without-reasoning,different_grid,instance_00001,Parsed Request Count,16
3966,matchit_ascii,Qwen3.6-35B-A3B-FP8-without-reasoning,different_grid,instance_00001,Request Count,16
3967,matchit_ascii,Qwen3.6-35B-A3B-FP8-without-reasoning,different_grid,instance_00001,Aborted,0
3968,matchit_ascii,Qwen3.6-35B-A3B-FP8-without-reasoning,different_grid,instance_00001,Success,1
3969,matchit_ascii,Qwen3.6-35B-A3B-FP8-without-reasoning,different_grid,instance_00001,Lose,0
3970,matchit_ascii,Qwen3.6-35B-A3B-FP8-without-reasoning,different_grid,instance_00001,Main Score,100
3971,matchit_ascii,Qwen3.6-35B-A3B-FP8-without-reasoning,different_grid,instance_00001,Player Score,100
3972,matchit_ascii,Qwen3.6-35B-A3B-FP8-without-reasoning,different_grid,instance_00000,Violated Request Count,0
3973,matchit_ascii,Qwen3.6-35B-A3B-FP8-without-reasoning,different_grid,instance_00000,Parsed Request Count,16
3974,matchit_ascii,Qwen3.6-35B-A3B-FP8-without-reasoning,different_grid,instance_00000,Request Count,16
3975,matchit_ascii,Qwen3.6-35B-A3B-FP8-without-reasoning,different_grid,instance_00000,Aborted,0
3976,matchit_ascii,Qwen3.6-35B-A3B-FP8-without-reasoning,different_grid,instance_00000,Success,1
3977,matchit_ascii,Qwen3.6-35B-A3B-FP8-without-reasoning,different_grid,instance_00000,Lose,0
3978,matchit_ascii,Qwen3.6-35B-A3B-FP8-without-reasoning,different_grid,instance_00000,Main Score,100
3979,matchit_ascii,Qwen3.6-35B-A3B-FP8-without-reasoning,different_grid,instance_00000,Player Score,100
3980,textmapworld_specificroom,Qwen3.6-35B-A3B-FP8-without-reasoning,close,instance_00017,Aborted,1
3981,textmapworld_specificroom,Qwen3.6-35B-A3B-FP8-without-reasoning,close,instance_00017,Success,0
3982,textmapworld_specificroom,Qwen3.6-35B-A3B-FP8-without-reasoning,close,instance_00017,Lose,0
3983,textmapworld_specificroom,Qwen3.6-35B-A3B-FP8-without-reasoning,close,instance_00017,moves,
3984,textmapworld_specificroom,Qwen3.6-35B-A3B-FP8-without-reasoning,close,instance_00017,valid_moves,
3985,textmapworld_specificroom,Qwen3.6-35B-A3B-FP8-without-reasoning,close,instance_00017,invalid_moves,
3986,textmapworld_specificroom,Qwen3.6-35B-A3B-FP8-without-reasoning,close,instance_00017,stopped,
3987,textmapworld_specificroom,Qwen3.6-35B-A3B-FP8-without-reasoning,close,instance_00017,turns_limit,
3988,textmapworld_specificroom,Qwen3.6-35B-A3B-FP8-without-reasoning,close,instance_00017,loops,
3989,textmapworld_specificroom,Qwen3.6-35B-A3B-FP8-without-reasoning,close,instance_00017,number_visited,
3990,textmapworld_specificroom,Qwen3.6-35B-A3B-FP8-without-reasoning,close,instance_00017,seen,
3991,textmapworld_specificroom,Qwen3.6-35B-A3B-FP8-without-reasoning,close,instance_00017,efficiency,
3992,textmapworld_specificroom,Qwen3.6-35B-A3B-FP8-without-reasoning,close,instance_00017,exploration,
3993,textmapworld_specificroom,Qwen3.6-35B-A3B-FP8-without-reasoning,close,instance_00017,old_benchscore,
3994,textmapworld_specificroom,Qwen3.6-35B-A3B-FP8-without-reasoning,close,instance_00017,Main Score,
3995,textmapworld_specificroom,Qwen3.6-35B-A3B-FP8-without-reasoning,close,instance_00010,Success,1
3996,textmapworld_specificroom,Qwen3.6-35B-A3B-FP8-without-reasoning,close,instance_00010,Aborted,0
3997,textmapworld_specificroom,Qwen3.6-35B-A3B-FP8-without-reasoning,close,instance_00010,Lose,0
3998,textmapworld_specificroom,Qwen3.6-35B-A3B-FP8-without-reasoning,close,instance_00010,moves,9
3999,textmapworld_specificroom,Qwen3.6-35B-A3B-FP8-without-reasoning,close,instance_00010,valid_moves,9
4000,textmapworld_specificroom,Qwen3.6-35B-A3B-FP8-without-reasoning,close,instance_00010,invalid_moves,0
4001,textmapworld_specificroom,Qwen3.6-35B-A3B-FP8-without-reasoning,close,instance_00010,stopped,1
4002,textmapworld_specificroom,Qwen3.6-35B-A3B-FP8-without-reasoning,close,instance_00010,turns_limit,0
4003,textmapworld_specificroom,Qwen3.6-35B-A3B-FP8-without-reasoning,close,instance_00010,loops,1
4004,textmapworld_specificroom,Qwen3.6-35B-A3B-FP8-without-reasoning,close,instance_00010,number_visited,5
4005,textmapworld_specificroom,Qwen3.6-35B-A3B-FP8-without-reasoning,close,instance_00010,seen,6
4006,textmapworld_specificroom,Qwen3.6-35B-A3B-FP8-without-reasoning,close,instance_00010,efficiency,55.55555555555556
4007,textmapworld_specificroom,Qwen3.6-35B-A3B-FP8-without-reasoning,close,instance_00010,exploration,62.5
4008,textmapworld_specificroom,Qwen3.6-35B-A3B-FP8-without-reasoning,close,instance_00010,old_benchscore,58.8235294117647
4009,textmapworld_specificroom,Qwen3.6-35B-A3B-FP8-without-reasoning,close,instance_00010,Main Score,100
4010,textmapworld_specificroom,Qwen3.6-35B-A3B-FP8-without-reasoning,close,instance_00019,Success,1
4011,textmapworld_specificroom,Qwen3.6-35B-A3B-FP8-without-reasoning,close,instance_00019,Aborted,0
4012,textmapworld_specificroom,Qwen3.6-35B-A3B-FP8-without-reasoning,close,instance_00019,Lose,0
4013,textmapworld_specificroom,Qwen3.6-35B-A3B-FP8-without-reasoning,close,instance_00019,moves,1
4014,textmapworld_specificroom,Qwen3.6-35B-A3B-FP8-without-reasoning,close,instance_00019,valid_moves,1
4015,textmapworld_specificroom,Qwen3.6-35B-A3B-FP8-without-reasoning,close,instance_00019,invalid_moves,0
4016,textmapworld_specificroom,Qwen3.6-35B-A3B-FP8-without-reasoning,close,instance_00019,stopped,1
4017,textmapworld_specificroom,Qwen3.6-35B-A3B-FP8-without-reasoning,close,instance_00019,turns_limit,0
4018,textmapworld_specificroom,Qwen3.6-35B-A3B-FP8-without-reasoning,close,instance_00019,loops,0
4019,textmapworld_specificroom,Qwen3.6-35B-A3B-FP8-without-reasoning,close,instance_00019,number_visited,2
4020,textmapworld_specificroom,Qwen3.6-35B-A3B-FP8-without-reasoning,close,instance_00019,seen,4
4021,textmapworld_specificroom,Qwen3.6-35B-A3B-FP8-without-reasoning,close,instance_00019,efficiency,100.0
4022,textmapworld_specificroom,Qwen3.6-35B-A3B-FP8-without-reasoning,close,instance_00019,exploration,25.0
4023,textmapworld_specificroom,Qwen3.6-35B-A3B-FP8-without-reasoning,close,instance_00019,old_benchscore,40.0
4024,textmapworld_specificroom,Qwen3.6-35B-A3B-FP8-without-reasoning,close,instance_00019,Main Score,100
4025,textmapworld_specificroom,Qwen3.6-35B-A3B-FP8-without-reasoning,close,instance_00018,Success,1
4026,textmapworld_specificroom,Qwen3.6-35B-A3B-FP8-without-reasoning,close,instance_00018,Aborted,0
4027,textmapworld_specificroom,Qwen3.6-35B-A3B-FP8-without-reasoning,close,instance_00018,Lose,0
4028,textmapworld_specificroom,Qwen3.6-35B-A3B-FP8-without-reasoning,close,instance_00018,moves,1
4029,textmapworld_specificroom,Qwen3.6-35B-A3B-FP8-without-reasoning,close,instance_00018,valid_moves,1
4030,textmapworld_specificroom,Qwen3.6-35B-A3B-FP8-without-reasoning,close,instance_00018,invalid_moves,0
4031,textmapworld_specificroom,Qwen3.6-35B-A3B-FP8-without-reasoning,close,instance_00018,stopped,1
4032,textmapworld_specificroom,Qwen3.6-35B-A3B-FP8-without-reasoning,close,instance_00018,turns_limit,0
4033,textmapworld_specificroom,Qwen3.6-35B-A3B-FP8-without-reasoning,close,instance_00018,loops,0
4034,textmapworld_specificroom,Qwen3.6-35B-A3B-FP8-without-reasoning,close,instance_00018,number_visited,2
4035,textmapworld_specificroom,Qwen3.6-35B-A3B-FP8-without-reasoning,close,instance_00018,seen,3
4036,textmapworld_specificroom,Qwen3.6-35B-A3B-FP8-without-reasoning,close,instance_00018,efficiency,100.0
4037,textmapworld_specificroom,Qwen3.6-35B-A3B-FP8-without-reasoning,close,instance_00018,exploration,25.0
4038,textmapworld_specificroom,Qwen3.6-35B-A3B-FP8-without-reasoning,close,instance_00018,old_benchscore,40.0
4039,textmapworld_specificroom,Qwen3.6-35B-A3B-FP8-without-reasoning,close,instance_00018,Main Score,100
4040,textmapworld_specificroom,Qwen3.6-35B-A3B-FP8-without-reasoning,close,instance_00011,Success,1
4041,textmapworld_specificroom,Qwen3.6-35B-A3B-FP8-without-reasoning,close,instance_00011,Aborted,0
4042,textmapworld_specificroom,Qwen3.6-35B-A3B-FP8-without-reasoning,close,instance_00011,Lose,0
4043,textmapworld_specificroom,Qwen3.6-35B-A3B-FP8-without-reasoning,close,instance_00011,moves,3
4044,textmapworld_specificroom,Qwen3.6-35B-A3B-FP8-without-reasoning,close,instance_00011,valid_moves,3
4045,textmapworld_specificroom,Qwen3.6-35B-A3B-FP8-without-reasoning,close,instance_00011,invalid_moves,0
4046,textmapworld_specificroom,Qwen3.6-35B-A3B-FP8-without-reasoning,close,instance_00011,stopped,1
4047,textmapworld_specificroom,Qwen3.6-35B-A3B-FP8-without-reasoning,close,instance_00011,turns_limit,0
4048,textmapworld_specificroom,Qwen3.6-35B-A3B-FP8-without-reasoning,close,instance_00011,loops,0
4049,textmapworld_specificroom,Qwen3.6-35B-A3B-FP8-without-reasoning,close,instance_00011,number_visited,3
4050,textmapworld_specificroom,Qwen3.6-35B-A3B-FP8-without-reasoning,close,instance_00011,seen,4
4051,textmapworld_specificroom,Qwen3.6-35B-A3B-FP8-without-reasoning,close,instance_00011,efficiency,100.0
4052,textmapworld_specificroom,Qwen3.6-35B-A3B-FP8-without-reasoning,close,instance_00011,exploration,37.5
4053,textmapworld_specificroom,Qwen3.6-35B-A3B-FP8-without-reasoning,close,instance_00011,old_benchscore,54.54545454545455
4054,textmapworld_specificroom,Qwen3.6-35B-A3B-FP8-without-reasoning,close,instance_00011,Main Score,100
4055,textmapworld_specificroom,Qwen3.6-35B-A3B-FP8-without-reasoning,close,instance_00016,Aborted,1
4056,textmapworld_specificroom,Qwen3.6-35B-A3B-FP8-without-reasoning,close,instance_00016,Success,0
4057,textmapworld_specificroom,Qwen3.6-35B-A3B-FP8-without-reasoning,close,instance_00016,Lose,0
4058,textmapworld_specificroom,Qwen3.6-35B-A3B-FP8-without-reasoning,close,instance_00016,moves,
4059,textmapworld_specificroom,Qwen3.6-35B-A3B-FP8-without-reasoning,close,instance_00016,valid_moves,
4060,textmapworld_specificroom,Qwen3.6-35B-A3B-FP8-without-reasoning,close,instance_00016,invalid_moves,
4061,textmapworld_specificroom,Qwen3.6-35B-A3B-FP8-without-reasoning,close,instance_00016,stopped,
4062,textmapworld_specificroom,Qwen3.6-35B-A3B-FP8-without-reasoning,close,instance_00016,turns_limit,
4063,textmapworld_specificroom,Qwen3.6-35B-A3B-FP8-without-reasoning,close,instance_00016,loops,
4064,textmapworld_specificroom,Qwen3.6-35B-A3B-FP8-without-reasoning,close,instance_00016,number_visited,
4065,textmapworld_specificroom,Qwen3.6-35B-A3B-FP8-without-reasoning,close,instance_00016,seen,
4066,textmapworld_specificroom,Qwen3.6-35B-A3B-FP8-without-reasoning,close,instance_00016,efficiency,
4067,textmapworld_specificroom,Qwen3.6-35B-A3B-FP8-without-reasoning,close,instance_00016,exploration,
4068,textmapworld_specificroom,Qwen3.6-35B-A3B-FP8-without-reasoning,close,instance_00016,old_benchscore,
4069,textmapworld_specificroom,Qwen3.6-35B-A3B-FP8-without-reasoning,close,instance_00016,Main Score,
4070,textmapworld_specificroom,Qwen3.6-35B-A3B-FP8-without-reasoning,close,instance_00013,Aborted,1
4071,textmapworld_specificroom,Qwen3.6-35B-A3B-FP8-without-reasoning,close,instance_00013,Success,0
4072,textmapworld_specificroom,Qwen3.6-35B-A3B-FP8-without-reasoning,close,instance_00013,Lose,0
4073,textmapworld_specificroom,Qwen3.6-35B-A3B-FP8-without-reasoning,close,instance_00013,moves,
4074,textmapworld_specificroom,Qwen3.6-35B-A3B-FP8-without-reasoning,close,instance_00013,valid_moves,
4075,textmapworld_specificroom,Qwen3.6-35B-A3B-FP8-without-reasoning,close,instance_00013,invalid_moves,
4076,textmapworld_specificroom,Qwen3.6-35B-A3B-FP8-without-reasoning,close,instance_00013,stopped,
4077,textmapworld_specificroom,Qwen3.6-35B-A3B-FP8-without-reasoning,close,instance_00013,turns_limit,
4078,textmapworld_specificroom,Qwen3.6-35B-A3B-FP8-without-reasoning,close,instance_00013,loops,
4079,textmapworld_specificroom,Qwen3.6-35B-A3B-FP8-without-reasoning,close,instance_00013,number_visited,
4080,textmapworld_specificroom,Qwen3.6-35B-A3B-FP8-without-reasoning,close,instance_00013,seen,
4081,textmapworld_specificroom,Qwen3.6-35B-A3B-FP8-without-reasoning,close,instance_00013,efficiency,
4082,textmapworld_specificroom,Qwen3.6-35B-A3B-FP8-without-reasoning,close,instance_00013,exploration,
4083,textmapworld_specificroom,Qwen3.6-35B-A3B-FP8-without-reasoning,close,instance_00013,old_benchscore,
4084,textmapworld_specificroom,Qwen3.6-35B-A3B-FP8-without-reasoning,close,instance_00013,Main Score,
4085,textmapworld_specificroom,Qwen3.6-35B-A3B-FP8-without-reasoning,close,instance_00014,Success,1
4086,textmapworld_specificroom,Qwen3.6-35B-A3B-FP8-without-reasoning,close,instance_00014,Aborted,0
4087,textmapworld_specificroom,Qwen3.6-35B-A3B-FP8-without-reasoning,close,instance_00014,Lose,0
4088,textmapworld_specificroom,Qwen3.6-35B-A3B-FP8-without-reasoning,close,instance_00014,moves,1
4089,textmapworld_specificroom,Qwen3.6-35B-A3B-FP8-without-reasoning,close,instance_00014,valid_moves,1
4090,textmapworld_specificroom,Qwen3.6-35B-A3B-FP8-without-reasoning,close,instance_00014,invalid_moves,0
4091,textmapworld_specificroom,Qwen3.6-35B-A3B-FP8-without-reasoning,close,instance_00014,stopped,1
4092,textmapworld_specificroom,Qwen3.6-35B-A3B-FP8-without-reasoning,close,instance_00014,turns_limit,0
4093,textmapworld_specificroom,Qwen3.6-35B-A3B-FP8-without-reasoning,close,instance_00014,loops,0
4094,textmapworld_specificroom,Qwen3.6-35B-A3B-FP8-without-reasoning,close,instance_00014,number_visited,2
4095,textmapworld_specificroom,Qwen3.6-35B-A3B-FP8-without-reasoning,close,instance_00014,seen,3
4096,textmapworld_specificroom,Qwen3.6-35B-A3B-FP8-without-reasoning,close,instance_00014,efficiency,100.0
4097,textmapworld_specificroom,Qwen3.6-35B-A3B-FP8-without-reasoning,close,instance_00014,exploration,25.0
4098,textmapworld_specificroom,Qwen3.6-35B-A3B-FP8-without-reasoning,close,instance_00014,old_benchscore,40.0
4099,textmapworld_specificroom,Qwen3.6-35B-A3B-FP8-without-reasoning,close,instance_00014,Main Score,100
4100,textmapworld_specificroom,Qwen3.6-35B-A3B-FP8-without-reasoning,close,instance_00015,Success,1
4101,textmapworld_specificroom,Qwen3.6-35B-A3B-FP8-without-reasoning,close,instance_00015,Aborted,0
4102,textmapworld_specificroom,Qwen3.6-35B-A3B-FP8-without-reasoning,close,instance_00015,Lose,0
4103,textmapworld_specificroom,Qwen3.6-35B-A3B-FP8-without-reasoning,close,instance_00015,moves,1
4104,textmapworld_specificroom,Qwen3.6-35B-A3B-FP8-without-reasoning,close,instance_00015,valid_moves,1
4105,textmapworld_specificroom,Qwen3.6-35B-A3B-FP8-without-reasoning,close,instance_00015,invalid_moves,0
4106,textmapworld_specificroom,Qwen3.6-35B-A3B-FP8-without-reasoning,close,instance_00015,stopped,1
4107,textmapworld_specificroom,Qwen3.6-35B-A3B-FP8-without-reasoning,close,instance_00015,turns_limit,0
4108,textmapworld_specificroom,Qwen3.6-35B-A3B-FP8-without-reasoning,close,instance_00015,loops,0
4109,textmapworld_specificroom,Qwen3.6-35B-A3B-FP8-without-reasoning,close,instance_00015,number_visited,2
4110,textmapworld_specificroom,Qwen3.6-35B-A3B-FP8-without-reasoning,close,instance_00015,seen,4
4111,textmapworld_specificroom,Qwen3.6-35B-A3B-FP8-without-reasoning,close,instance_00015,efficiency,100.0
4112,textmapworld_specificroom,Qwen3.6-35B-A3B-FP8-without-reasoning,close,instance_00015,exploration,25.0
4113,textmapworld_specificroom,Qwen3.6-35B-A3B-FP8-without-reasoning,close,instance_00015,old_benchscore,40.0
4114,textmapworld_specificroom,Qwen3.6-35B-A3B-FP8-without-reasoning,close,instance_00015,Main Score,100
4115,textmapworld_specificroom,Qwen3.6-35B-A3B-FP8-without-reasoning,close,instance_00012,Success,1
4116,textmapworld_specificroom,Qwen3.6-35B-A3B-FP8-without-reasoning,close,instance_00012,Aborted,0
4117,textmapworld_specificroom,Qwen3.6-35B-A3B-FP8-without-reasoning,close,instance_00012,Lose,0
4118,textmapworld_specificroom,Qwen3.6-35B-A3B-FP8-without-reasoning,close,instance_00012,moves,5
4119,textmapworld_specificroom,Qwen3.6-35B-A3B-FP8-without-reasoning,close,instance_00012,valid_moves,5
4120,textmapworld_specificroom,Qwen3.6-35B-A3B-FP8-without-reasoning,close,instance_00012,invalid_moves,0
4121,textmapworld_specificroom,Qwen3.6-35B-A3B-FP8-without-reasoning,close,instance_00012,stopped,1
4122,textmapworld_specificroom,Qwen3.6-35B-A3B-FP8-without-reasoning,close,instance_00012,turns_limit,0
4123,textmapworld_specificroom,Qwen3.6-35B-A3B-FP8-without-reasoning,close,instance_00012,loops,0
4124,textmapworld_specificroom,Qwen3.6-35B-A3B-FP8-without-reasoning,close,instance_00012,number_visited,4
4125,textmapworld_specificroom,Qwen3.6-35B-A3B-FP8-without-reasoning,close,instance_00012,seen,5
4126,textmapworld_specificroom,Qwen3.6-35B-A3B-FP8-without-reasoning,close,instance_00012,efficiency,100.0
4127,textmapworld_specificroom,Qwen3.6-35B-A3B-FP8-without-reasoning,close,instance_00012,exploration,50.0
4128,textmapworld_specificroom,Qwen3.6-35B-A3B-FP8-without-reasoning,close,instance_00012,old_benchscore,66.66666666666667
4129,textmapworld_specificroom,Qwen3.6-35B-A3B-FP8-without-reasoning,close,instance_00012,Main Score,100
4130,textmapworld_specificroom,Qwen3.6-35B-A3B-FP8-without-reasoning,far,instance_00028,Success,1
4131,textmapworld_specificroom,Qwen3.6-35B-A3B-FP8-without-reasoning,far,instance_00028,Aborted,0
4132,textmapworld_specificroom,Qwen3.6-35B-A3B-FP8-without-reasoning,far,instance_00028,Lose,0
4133,textmapworld_specificroom,Qwen3.6-35B-A3B-FP8-without-reasoning,far,instance_00028,moves,4
4134,textmapworld_specificroom,Qwen3.6-35B-A3B-FP8-without-reasoning,far,instance_00028,valid_moves,4
4135,textmapworld_specificroom,Qwen3.6-35B-A3B-FP8-without-reasoning,far,instance_00028,invalid_moves,0
4136,textmapworld_specificroom,Qwen3.6-35B-A3B-FP8-without-reasoning,far,instance_00028,stopped,1
4137,textmapworld_specificroom,Qwen3.6-35B-A3B-FP8-without-reasoning,far,instance_00028,turns_limit,0
4138,textmapworld_specificroom,Qwen3.6-35B-A3B-FP8-without-reasoning,far,instance_00028,loops,0
4139,textmapworld_specificroom,Qwen3.6-35B-A3B-FP8-without-reasoning,far,instance_00028,number_visited,5
4140,textmapworld_specificroom,Qwen3.6-35B-A3B-FP8-without-reasoning,far,instance_00028,seen,7
4141,textmapworld_specificroom,Qwen3.6-35B-A3B-FP8-without-reasoning,far,instance_00028,efficiency,75.0
4142,textmapworld_specificroom,Qwen3.6-35B-A3B-FP8-without-reasoning,far,instance_00028,exploration,62.5
4143,textmapworld_specificroom,Qwen3.6-35B-A3B-FP8-without-reasoning,far,instance_00028,old_benchscore,68.18181818181819
4144,textmapworld_specificroom,Qwen3.6-35B-A3B-FP8-without-reasoning,far,instance_00028,Main Score,100
4145,textmapworld_specificroom,Qwen3.6-35B-A3B-FP8-without-reasoning,far,instance_00026,Aborted,1
4146,textmapworld_specificroom,Qwen3.6-35B-A3B-FP8-without-reasoning,far,instance_00026,Success,0
4147,textmapworld_specificroom,Qwen3.6-35B-A3B-FP8-without-reasoning,far,instance_00026,Lose,0
4148,textmapworld_specificroom,Qwen3.6-35B-A3B-FP8-without-reasoning,far,instance_00026,moves,
4149,textmapworld_specificroom,Qwen3.6-35B-A3B-FP8-without-reasoning,far,instance_00026,valid_moves,
4150,textmapworld_specificroom,Qwen3.6-35B-A3B-FP8-without-reasoning,far,instance_00026,invalid_moves,
4151,textmapworld_specificroom,Qwen3.6-35B-A3B-FP8-without-reasoning,far,instance_00026,stopped,
4152,textmapworld_specificroom,Qwen3.6-35B-A3B-FP8-without-reasoning,far,instance_00026,turns_limit,
4153,textmapworld_specificroom,Qwen3.6-35B-A3B-FP8-without-reasoning,far,instance_00026,loops,
4154,textmapworld_specificroom,Qwen3.6-35B-A3B-FP8-without-reasoning,far,instance_00026,number_visited,
4155,textmapworld_specificroom,Qwen3.6-35B-A3B-FP8-without-reasoning,far,instance_00026,seen,
4156,textmapworld_specificroom,Qwen3.6-35B-A3B-FP8-without-reasoning,far,instance_00026,efficiency,
4157,textmapworld_specificroom,Qwen3.6-35B-A3B-FP8-without-reasoning,far,instance_00026,exploration,
4158,textmapworld_specificroom,Qwen3.6-35B-A3B-FP8-without-reasoning,far,instance_00026,old_benchscore,
4159,textmapworld_specificroom,Qwen3.6-35B-A3B-FP8-without-reasoning,far,instance_00026,Main Score,
4160,textmapworld_specificroom,Qwen3.6-35B-A3B-FP8-without-reasoning,far,instance_00021,Success,1
4161,textmapworld_specificroom,Qwen3.6-35B-A3B-FP8-without-reasoning,far,instance_00021,Aborted,0
4162,textmapworld_specificroom,Qwen3.6-35B-A3B-FP8-without-reasoning,far,instance_00021,Lose,0
4163,textmapworld_specificroom,Qwen3.6-35B-A3B-FP8-without-reasoning,far,instance_00021,moves,5
4164,textmapworld_specificroom,Qwen3.6-35B-A3B-FP8-without-reasoning,far,instance_00021,valid_moves,5
4165,textmapworld_specificroom,Qwen3.6-35B-A3B-FP8-without-reasoning,far,instance_00021,invalid_moves,0
4166,textmapworld_specificroom,Qwen3.6-35B-A3B-FP8-without-reasoning,far,instance_00021,stopped,1
4167,textmapworld_specificroom,Qwen3.6-35B-A3B-FP8-without-reasoning,far,instance_00021,turns_limit,0
4168,textmapworld_specificroom,Qwen3.6-35B-A3B-FP8-without-reasoning,far,instance_00021,loops,0
4169,textmapworld_specificroom,Qwen3.6-35B-A3B-FP8-without-reasoning,far,instance_00021,number_visited,5
4170,textmapworld_specificroom,Qwen3.6-35B-A3B-FP8-without-reasoning,far,instance_00021,seen,6
4171,textmapworld_specificroom,Qwen3.6-35B-A3B-FP8-without-reasoning,far,instance_00021,efficiency,100.0
4172,textmapworld_specificroom,Qwen3.6-35B-A3B-FP8-without-reasoning,far,instance_00021,exploration,62.5
4173,textmapworld_specificroom,Qwen3.6-35B-A3B-FP8-without-reasoning,far,instance_00021,old_benchscore,76.92307692307692
4174,textmapworld_specificroom,Qwen3.6-35B-A3B-FP8-without-reasoning,far,instance_00021,Main Score,100
4175,textmapworld_specificroom,Qwen3.6-35B-A3B-FP8-without-reasoning,far,instance_00020,Aborted,1
4176,textmapworld_specificroom,Qwen3.6-35B-A3B-FP8-without-reasoning,far,instance_00020,Success,0
4177,textmapworld_specificroom,Qwen3.6-35B-A3B-FP8-without-reasoning,far,instance_00020,Lose,0
4178,textmapworld_specificroom,Qwen3.6-35B-A3B-FP8-without-reasoning,far,instance_00020,moves,
4179,textmapworld_specificroom,Qwen3.6-35B-A3B-FP8-without-reasoning,far,instance_00020,valid_moves,
4180,textmapworld_specificroom,Qwen3.6-35B-A3B-FP8-without-reasoning,far,instance_00020,invalid_moves,
4181,textmapworld_specificroom,Qwen3.6-35B-A3B-FP8-without-reasoning,far,instance_00020,stopped,
4182,textmapworld_specificroom,Qwen3.6-35B-A3B-FP8-without-reasoning,far,instance_00020,turns_limit,
4183,textmapworld_specificroom,Qwen3.6-35B-A3B-FP8-without-reasoning,far,instance_00020,loops,
4184,textmapworld_specificroom,Qwen3.6-35B-A3B-FP8-without-reasoning,far,instance_00020,number_visited,
4185,textmapworld_specificroom,Qwen3.6-35B-A3B-FP8-without-reasoning,far,instance_00020,seen,
4186,textmapworld_specificroom,Qwen3.6-35B-A3B-FP8-without-reasoning,far,instance_00020,efficiency,
4187,textmapworld_specificroom,Qwen3.6-35B-A3B-FP8-without-reasoning,far,instance_00020,exploration,
4188,textmapworld_specificroom,Qwen3.6-35B-A3B-FP8-without-reasoning,far,instance_00020,old_benchscore,
4189,textmapworld_specificroom,Qwen3.6-35B-A3B-FP8-without-reasoning,far,instance_00020,Main Score,
4190,textmapworld_specificroom,Qwen3.6-35B-A3B-FP8-without-reasoning,far,instance_00027,Success,1
4191,textmapworld_specificroom,Qwen3.6-35B-A3B-FP8-without-reasoning,far,instance_00027,Aborted,0
4192,textmapworld_specificroom,Qwen3.6-35B-A3B-FP8-without-reasoning,far,instance_00027,Lose,0
4193,textmapworld_specificroom,Qwen3.6-35B-A3B-FP8-without-reasoning,far,instance_00027,moves,4
4194,textmapworld_specificroom,Qwen3.6-35B-A3B-FP8-without-reasoning,far,instance_00027,valid_moves,4
4195,textmapworld_specificroom,Qwen3.6-35B-A3B-FP8-without-reasoning,far,instance_00027,invalid_moves,0
4196,textmapworld_specificroom,Qwen3.6-35B-A3B-FP8-without-reasoning,far,instance_00027,stopped,1
4197,textmapworld_specificroom,Qwen3.6-35B-A3B-FP8-without-reasoning,far,instance_00027,turns_limit,0
4198,textmapworld_specificroom,Qwen3.6-35B-A3B-FP8-without-reasoning,far,instance_00027,loops,0
4199,textmapworld_specificroom,Qwen3.6-35B-A3B-FP8-without-reasoning,far,instance_00027,number_visited,5
4200,textmapworld_specificroom,Qwen3.6-35B-A3B-FP8-without-reasoning,far,instance_00027,seen,7
4201,textmapworld_specificroom,Qwen3.6-35B-A3B-FP8-without-reasoning,far,instance_00027,efficiency,100.0
4202,textmapworld_specificroom,Qwen3.6-35B-A3B-FP8-without-reasoning,far,instance_00027,exploration,62.5
4203,textmapworld_specificroom,Qwen3.6-35B-A3B-FP8-without-reasoning,far,instance_00027,old_benchscore,76.92307692307692
4204,textmapworld_specificroom,Qwen3.6-35B-A3B-FP8-without-reasoning,far,instance_00027,Main Score,100
4205,textmapworld_specificroom,Qwen3.6-35B-A3B-FP8-without-reasoning,far,instance_00029,Success,1
4206,textmapworld_specificroom,Qwen3.6-35B-A3B-FP8-without-reasoning,far,instance_00029,Aborted,0
4207,textmapworld_specificroom,Qwen3.6-35B-A3B-FP8-without-reasoning,far,instance_00029,Lose,0
4208,textmapworld_specificroom,Qwen3.6-35B-A3B-FP8-without-reasoning,far,instance_00029,moves,16
4209,textmapworld_specificroom,Qwen3.6-35B-A3B-FP8-without-reasoning,far,instance_00029,valid_moves,16
4210,textmapworld_specificroom,Qwen3.6-35B-A3B-FP8-without-reasoning,far,instance_00029,invalid_moves,0
4211,textmapworld_specificroom,Qwen3.6-35B-A3B-FP8-without-reasoning,far,instance_00029,stopped,1
4212,textmapworld_specificroom,Qwen3.6-35B-A3B-FP8-without-reasoning,far,instance_00029,turns_limit,0
4213,textmapworld_specificroom,Qwen3.6-35B-A3B-FP8-without-reasoning,far,instance_00029,loops,0
4214,textmapworld_specificroom,Qwen3.6-35B-A3B-FP8-without-reasoning,far,instance_00029,number_visited,7
4215,textmapworld_specificroom,Qwen3.6-35B-A3B-FP8-without-reasoning,far,instance_00029,seen,8
4216,textmapworld_specificroom,Qwen3.6-35B-A3B-FP8-without-reasoning,far,instance_00029,efficiency,68.75
4217,textmapworld_specificroom,Qwen3.6-35B-A3B-FP8-without-reasoning,far,instance_00029,exploration,87.5
4218,textmapworld_specificroom,Qwen3.6-35B-A3B-FP8-without-reasoning,far,instance_00029,old_benchscore,77.0
4219,textmapworld_specificroom,Qwen3.6-35B-A3B-FP8-without-reasoning,far,instance_00029,Main Score,100
4220,textmapworld_specificroom,Qwen3.6-35B-A3B-FP8-without-reasoning,far,instance_00022,Aborted,1
4221,textmapworld_specificroom,Qwen3.6-35B-A3B-FP8-without-reasoning,far,instance_00022,Success,0
4222,textmapworld_specificroom,Qwen3.6-35B-A3B-FP8-without-reasoning,far,instance_00022,Lose,0
4223,textmapworld_specificroom,Qwen3.6-35B-A3B-FP8-without-reasoning,far,instance_00022,moves,
4224,textmapworld_specificroom,Qwen3.6-35B-A3B-FP8-without-reasoning,far,instance_00022,valid_moves,
4225,textmapworld_specificroom,Qwen3.6-35B-A3B-FP8-without-reasoning,far,instance_00022,invalid_moves,
4226,textmapworld_specificroom,Qwen3.6-35B-A3B-FP8-without-reasoning,far,instance_00022,stopped,
4227,textmapworld_specificroom,Qwen3.6-35B-A3B-FP8-without-reasoning,far,instance_00022,turns_limit,
4228,textmapworld_specificroom,Qwen3.6-35B-A3B-FP8-without-reasoning,far,instance_00022,loops,
4229,textmapworld_specificroom,Qwen3.6-35B-A3B-FP8-without-reasoning,far,instance_00022,number_visited,
4230,textmapworld_specificroom,Qwen3.6-35B-A3B-FP8-without-reasoning,far,instance_00022,seen,
4231,textmapworld_specificroom,Qwen3.6-35B-A3B-FP8-without-reasoning,far,instance_00022,efficiency,
4232,textmapworld_specificroom,Qwen3.6-35B-A3B-FP8-without-reasoning,far,instance_00022,exploration,
4233,textmapworld_specificroom,Qwen3.6-35B-A3B-FP8-without-reasoning,far,instance_00022,old_benchscore,
4234,textmapworld_specificroom,Qwen3.6-35B-A3B-FP8-without-reasoning,far,instance_00022,Main Score,
4235,textmapworld_specificroom,Qwen3.6-35B-A3B-FP8-without-reasoning,far,instance_00025,Success,1
4236,textmapworld_specificroom,Qwen3.6-35B-A3B-FP8-without-reasoning,far,instance_00025,Aborted,0
4237,textmapworld_specificroom,Qwen3.6-35B-A3B-FP8-without-reasoning,far,instance_00025,Lose,0
4238,textmapworld_specificroom,Qwen3.6-35B-A3B-FP8-without-reasoning,far,instance_00025,moves,13
4239,textmapworld_specificroom,Qwen3.6-35B-A3B-FP8-without-reasoning,far,instance_00025,valid_moves,13
4240,textmapworld_specificroom,Qwen3.6-35B-A3B-FP8-without-reasoning,far,instance_00025,invalid_moves,0
4241,textmapworld_specificroom,Qwen3.6-35B-A3B-FP8-without-reasoning,far,instance_00025,stopped,1
4242,textmapworld_specificroom,Qwen3.6-35B-A3B-FP8-without-reasoning,far,instance_00025,turns_limit,0
4243,textmapworld_specificroom,Qwen3.6-35B-A3B-FP8-without-reasoning,far,instance_00025,loops,0
4244,textmapworld_specificroom,Qwen3.6-35B-A3B-FP8-without-reasoning,far,instance_00025,number_visited,5
4245,textmapworld_specificroom,Qwen3.6-35B-A3B-FP8-without-reasoning,far,instance_00025,seen,6
4246,textmapworld_specificroom,Qwen3.6-35B-A3B-FP8-without-reasoning,far,instance_00025,efficiency,69.23076923076923
4247,textmapworld_specificroom,Qwen3.6-35B-A3B-FP8-without-reasoning,far,instance_00025,exploration,62.5
4248,textmapworld_specificroom,Qwen3.6-35B-A3B-FP8-without-reasoning,far,instance_00025,old_benchscore,65.6934306569343
4249,textmapworld_specificroom,Qwen3.6-35B-A3B-FP8-without-reasoning,far,instance_00025,Main Score,100
4250,textmapworld_specificroom,Qwen3.6-35B-A3B-FP8-without-reasoning,far,instance_00024,Success,1
4251,textmapworld_specificroom,Qwen3.6-35B-A3B-FP8-without-reasoning,far,instance_00024,Aborted,0
4252,textmapworld_specificroom,Qwen3.6-35B-A3B-FP8-without-reasoning,far,instance_00024,Lose,0
4253,textmapworld_specificroom,Qwen3.6-35B-A3B-FP8-without-reasoning,far,instance_00024,moves,7
4254,textmapworld_specificroom,Qwen3.6-35B-A3B-FP8-without-reasoning,far,instance_00024,valid_moves,7
4255,textmapworld_specificroom,Qwen3.6-35B-A3B-FP8-without-reasoning,far,instance_00024,invalid_moves,0
4256,textmapworld_specificroom,Qwen3.6-35B-A3B-FP8-without-reasoning,far,instance_00024,stopped,1
4257,textmapworld_specificroom,Qwen3.6-35B-A3B-FP8-without-reasoning,far,instance_00024,turns_limit,0
4258,textmapworld_specificroom,Qwen3.6-35B-A3B-FP8-without-reasoning,far,instance_00024,loops,0
4259,textmapworld_specificroom,Qwen3.6-35B-A3B-FP8-without-reasoning,far,instance_00024,number_visited,4
4260,textmapworld_specificroom,Qwen3.6-35B-A3B-FP8-without-reasoning,far,instance_00024,seen,5
4261,textmapworld_specificroom,Qwen3.6-35B-A3B-FP8-without-reasoning,far,instance_00024,efficiency,71.42857142857143
4262,textmapworld_specificroom,Qwen3.6-35B-A3B-FP8-without-reasoning,far,instance_00024,exploration,50.0
4263,textmapworld_specificroom,Qwen3.6-35B-A3B-FP8-without-reasoning,far,instance_00024,old_benchscore,58.82352941176471
4264,textmapworld_specificroom,Qwen3.6-35B-A3B-FP8-without-reasoning,far,instance_00024,Main Score,100
4265,textmapworld_specificroom,Qwen3.6-35B-A3B-FP8-without-reasoning,far,instance_00023,Success,1
4266,textmapworld_specificroom,Qwen3.6-35B-A3B-FP8-without-reasoning,far,instance_00023,Aborted,0
4267,textmapworld_specificroom,Qwen3.6-35B-A3B-FP8-without-reasoning,far,instance_00023,Lose,0
4268,textmapworld_specificroom,Qwen3.6-35B-A3B-FP8-without-reasoning,far,instance_00023,moves,6
4269,textmapworld_specificroom,Qwen3.6-35B-A3B-FP8-without-reasoning,far,instance_00023,valid_moves,6
4270,textmapworld_specificroom,Qwen3.6-35B-A3B-FP8-without-reasoning,far,instance_00023,invalid_moves,0
4271,textmapworld_specificroom,Qwen3.6-35B-A3B-FP8-without-reasoning,far,instance_00023,stopped,1
4272,textmapworld_specificroom,Qwen3.6-35B-A3B-FP8-without-reasoning,far,instance_00023,turns_limit,0
4273,textmapworld_specificroom,Qwen3.6-35B-A3B-FP8-without-reasoning,far,instance_00023,loops,0
4274,textmapworld_specificroom,Qwen3.6-35B-A3B-FP8-without-reasoning,far,instance_00023,number_visited,6
4275,textmapworld_specificroom,Qwen3.6-35B-A3B-FP8-without-reasoning,far,instance_00023,seen,8
4276,textmapworld_specificroom,Qwen3.6-35B-A3B-FP8-without-reasoning,far,instance_00023,efficiency,83.33333333333334
4277,textmapworld_specificroom,Qwen3.6-35B-A3B-FP8-without-reasoning,far,instance_00023,exploration,75.0
4278,textmapworld_specificroom,Qwen3.6-35B-A3B-FP8-without-reasoning,far,instance_00023,old_benchscore,78.94736842105264
4279,textmapworld_specificroom,Qwen3.6-35B-A3B-FP8-without-reasoning,far,instance_00023,Main Score,100
4280,textmapworld_specificroom,Qwen3.6-35B-A3B-FP8-without-reasoning,on,instance_00005,Success,1
4281,textmapworld_specificroom,Qwen3.6-35B-A3B-FP8-without-reasoning,on,instance_00005,Aborted,0
4282,textmapworld_specificroom,Qwen3.6-35B-A3B-FP8-without-reasoning,on,instance_00005,Lose,0
4283,textmapworld_specificroom,Qwen3.6-35B-A3B-FP8-without-reasoning,on,instance_00005,moves,0
4284,textmapworld_specificroom,Qwen3.6-35B-A3B-FP8-without-reasoning,on,instance_00005,valid_moves,0
4285,textmapworld_specificroom,Qwen3.6-35B-A3B-FP8-without-reasoning,on,instance_00005,invalid_moves,0
4286,textmapworld_specificroom,Qwen3.6-35B-A3B-FP8-without-reasoning,on,instance_00005,stopped,1
4287,textmapworld_specificroom,Qwen3.6-35B-A3B-FP8-without-reasoning,on,instance_00005,turns_limit,0
4288,textmapworld_specificroom,Qwen3.6-35B-A3B-FP8-without-reasoning,on,instance_00005,loops,0
4289,textmapworld_specificroom,Qwen3.6-35B-A3B-FP8-without-reasoning,on,instance_00005,number_visited,1
4290,textmapworld_specificroom,Qwen3.6-35B-A3B-FP8-without-reasoning,on,instance_00005,seen,2
4291,textmapworld_specificroom,Qwen3.6-35B-A3B-FP8-without-reasoning,on,instance_00005,efficiency,0
4292,textmapworld_specificroom,Qwen3.6-35B-A3B-FP8-without-reasoning,on,instance_00005,exploration,12.5
4293,textmapworld_specificroom,Qwen3.6-35B-A3B-FP8-without-reasoning,on,instance_00005,old_benchscore,0.0
4294,textmapworld_specificroom,Qwen3.6-35B-A3B-FP8-without-reasoning,on,instance_00005,Main Score,100
4295,textmapworld_specificroom,Qwen3.6-35B-A3B-FP8-without-reasoning,on,instance_00002,Success,1
4296,textmapworld_specificroom,Qwen3.6-35B-A3B-FP8-without-reasoning,on,instance_00002,Aborted,0
4297,textmapworld_specificroom,Qwen3.6-35B-A3B-FP8-without-reasoning,on,instance_00002,Lose,0
4298,textmapworld_specificroom,Qwen3.6-35B-A3B-FP8-without-reasoning,on,instance_00002,moves,0
4299,textmapworld_specificroom,Qwen3.6-35B-A3B-FP8-without-reasoning,on,instance_00002,valid_moves,0
4300,textmapworld_specificroom,Qwen3.6-35B-A3B-FP8-without-reasoning,on,instance_00002,invalid_moves,0
4301,textmapworld_specificroom,Qwen3.6-35B-A3B-FP8-without-reasoning,on,instance_00002,stopped,1
4302,textmapworld_specificroom,Qwen3.6-35B-A3B-FP8-without-reasoning,on,instance_00002,turns_limit,0
4303,textmapworld_specificroom,Qwen3.6-35B-A3B-FP8-without-reasoning,on,instance_00002,loops,0
4304,textmapworld_specificroom,Qwen3.6-35B-A3B-FP8-without-reasoning,on,instance_00002,number_visited,1
4305,textmapworld_specificroom,Qwen3.6-35B-A3B-FP8-without-reasoning,on,instance_00002,seen,3
4306,textmapworld_specificroom,Qwen3.6-35B-A3B-FP8-without-reasoning,on,instance_00002,efficiency,0
4307,textmapworld_specificroom,Qwen3.6-35B-A3B-FP8-without-reasoning,on,instance_00002,exploration,12.5
4308,textmapworld_specificroom,Qwen3.6-35B-A3B-FP8-without-reasoning,on,instance_00002,old_benchscore,0.0
4309,textmapworld_specificroom,Qwen3.6-35B-A3B-FP8-without-reasoning,on,instance_00002,Main Score,100
4310,textmapworld_specificroom,Qwen3.6-35B-A3B-FP8-without-reasoning,on,instance_00003,Success,1
4311,textmapworld_specificroom,Qwen3.6-35B-A3B-FP8-without-reasoning,on,instance_00003,Aborted,0
4312,textmapworld_specificroom,Qwen3.6-35B-A3B-FP8-without-reasoning,on,instance_00003,Lose,0
4313,textmapworld_specificroom,Qwen3.6-35B-A3B-FP8-without-reasoning,on,instance_00003,moves,0
4314,textmapworld_specificroom,Qwen3.6-35B-A3B-FP8-without-reasoning,on,instance_00003,valid_moves,0
4315,textmapworld_specificroom,Qwen3.6-35B-A3B-FP8-without-reasoning,on,instance_00003,invalid_moves,0
4316,textmapworld_specificroom,Qwen3.6-35B-A3B-FP8-without-reasoning,on,instance_00003,stopped,1
4317,textmapworld_specificroom,Qwen3.6-35B-A3B-FP8-without-reasoning,on,instance_00003,turns_limit,0
4318,textmapworld_specificroom,Qwen3.6-35B-A3B-FP8-without-reasoning,on,instance_00003,loops,0
4319,textmapworld_specificroom,Qwen3.6-35B-A3B-FP8-without-reasoning,on,instance_00003,number_visited,1
4320,textmapworld_specificroom,Qwen3.6-35B-A3B-FP8-without-reasoning,on,instance_00003,seen,3
4321,textmapworld_specificroom,Qwen3.6-35B-A3B-FP8-without-reasoning,on,instance_00003,efficiency,0
4322,textmapworld_specificroom,Qwen3.6-35B-A3B-FP8-without-reasoning,on,instance_00003,exploration,12.5
4323,textmapworld_specificroom,Qwen3.6-35B-A3B-FP8-without-reasoning,on,instance_00003,old_benchscore,0.0
4324,textmapworld_specificroom,Qwen3.6-35B-A3B-FP8-without-reasoning,on,instance_00003,Main Score,100
4325,textmapworld_specificroom,Qwen3.6-35B-A3B-FP8-without-reasoning,on,instance_00004,Success,1
4326,textmapworld_specificroom,Qwen3.6-35B-A3B-FP8-without-reasoning,on,instance_00004,Aborted,0
4327,textmapworld_specificroom,Qwen3.6-35B-A3B-FP8-without-reasoning,on,instance_00004,Lose,0
4328,textmapworld_specificroom,Qwen3.6-35B-A3B-FP8-without-reasoning,on,instance_00004,moves,0
4329,textmapworld_specificroom,Qwen3.6-35B-A3B-FP8-without-reasoning,on,instance_00004,valid_moves,0
4330,textmapworld_specificroom,Qwen3.6-35B-A3B-FP8-without-reasoning,on,instance_00004,invalid_moves,0
4331,textmapworld_specificroom,Qwen3.6-35B-A3B-FP8-without-reasoning,on,instance_00004,stopped,1
4332,textmapworld_specificroom,Qwen3.6-35B-A3B-FP8-without-reasoning,on,instance_00004,turns_limit,0
4333,textmapworld_specificroom,Qwen3.6-35B-A3B-FP8-without-reasoning,on,instance_00004,loops,0
4334,textmapworld_specificroom,Qwen3.6-35B-A3B-FP8-without-reasoning,on,instance_00004,number_visited,1
4335,textmapworld_specificroom,Qwen3.6-35B-A3B-FP8-without-reasoning,on,instance_00004,seen,2
4336,textmapworld_specificroom,Qwen3.6-35B-A3B-FP8-without-reasoning,on,instance_00004,efficiency,0
4337,textmapworld_specificroom,Qwen3.6-35B-A3B-FP8-without-reasoning,on,instance_00004,exploration,12.5
4338,textmapworld_specificroom,Qwen3.6-35B-A3B-FP8-without-reasoning,on,instance_00004,old_benchscore,0.0
4339,textmapworld_specificroom,Qwen3.6-35B-A3B-FP8-without-reasoning,on,instance_00004,Main Score,100
4340,textmapworld_specificroom,Qwen3.6-35B-A3B-FP8-without-reasoning,on,instance_00008,Success,1
4341,textmapworld_specificroom,Qwen3.6-35B-A3B-FP8-without-reasoning,on,instance_00008,Aborted,0
4342,textmapworld_specificroom,Qwen3.6-35B-A3B-FP8-without-reasoning,on,instance_00008,Lose,0
4343,textmapworld_specificroom,Qwen3.6-35B-A3B-FP8-without-reasoning,on,instance_00008,moves,0
4344,textmapworld_specificroom,Qwen3.6-35B-A3B-FP8-without-reasoning,on,instance_00008,valid_moves,0
4345,textmapworld_specificroom,Qwen3.6-35B-A3B-FP8-without-reasoning,on,instance_00008,invalid_moves,0
4346,textmapworld_specificroom,Qwen3.6-35B-A3B-FP8-without-reasoning,on,instance_00008,stopped,1
4347,textmapworld_specificroom,Qwen3.6-35B-A3B-FP8-without-reasoning,on,instance_00008,turns_limit,0
4348,textmapworld_specificroom,Qwen3.6-35B-A3B-FP8-without-reasoning,on,instance_00008,loops,0
4349,textmapworld_specificroom,Qwen3.6-35B-A3B-FP8-without-reasoning,on,instance_00008,number_visited,1
4350,textmapworld_specificroom,Qwen3.6-35B-A3B-FP8-without-reasoning,on,instance_00008,seen,2
4351,textmapworld_specificroom,Qwen3.6-35B-A3B-FP8-without-reasoning,on,instance_00008,efficiency,0
4352,textmapworld_specificroom,Qwen3.6-35B-A3B-FP8-without-reasoning,on,instance_00008,exploration,12.5
4353,textmapworld_specificroom,Qwen3.6-35B-A3B-FP8-without-reasoning,on,instance_00008,old_benchscore,0.0
4354,textmapworld_specificroom,Qwen3.6-35B-A3B-FP8-without-reasoning,on,instance_00008,Main Score,100
4355,textmapworld_specificroom,Qwen3.6-35B-A3B-FP8-without-reasoning,on,instance_00001,Success,1
4356,textmapworld_specificroom,Qwen3.6-35B-A3B-FP8-without-reasoning,on,instance_00001,Aborted,0
4357,textmapworld_specificroom,Qwen3.6-35B-A3B-FP8-without-reasoning,on,instance_00001,Lose,0
4358,textmapworld_specificroom,Qwen3.6-35B-A3B-FP8-without-reasoning,on,instance_00001,moves,0
4359,textmapworld_specificroom,Qwen3.6-35B-A3B-FP8-without-reasoning,on,instance_00001,valid_moves,0
4360,textmapworld_specificroom,Qwen3.6-35B-A3B-FP8-without-reasoning,on,instance_00001,invalid_moves,0
4361,textmapworld_specificroom,Qwen3.6-35B-A3B-FP8-without-reasoning,on,instance_00001,stopped,1
4362,textmapworld_specificroom,Qwen3.6-35B-A3B-FP8-without-reasoning,on,instance_00001,turns_limit,0
4363,textmapworld_specificroom,Qwen3.6-35B-A3B-FP8-without-reasoning,on,instance_00001,loops,0
4364,textmapworld_specificroom,Qwen3.6-35B-A3B-FP8-without-reasoning,on,instance_00001,number_visited,1
4365,textmapworld_specificroom,Qwen3.6-35B-A3B-FP8-without-reasoning,on,instance_00001,seen,3
4366,textmapworld_specificroom,Qwen3.6-35B-A3B-FP8-without-reasoning,on,instance_00001,efficiency,0
4367,textmapworld_specificroom,Qwen3.6-35B-A3B-FP8-without-reasoning,on,instance_00001,exploration,12.5
4368,textmapworld_specificroom,Qwen3.6-35B-A3B-FP8-without-reasoning,on,instance_00001,old_benchscore,0.0
4369,textmapworld_specificroom,Qwen3.6-35B-A3B-FP8-without-reasoning,on,instance_00001,Main Score,100
4370,textmapworld_specificroom,Qwen3.6-35B-A3B-FP8-without-reasoning,on,instance_00006,Success,1
4371,textmapworld_specificroom,Qwen3.6-35B-A3B-FP8-without-reasoning,on,instance_00006,Aborted,0
4372,textmapworld_specificroom,Qwen3.6-35B-A3B-FP8-without-reasoning,on,instance_00006,Lose,0
4373,textmapworld_specificroom,Qwen3.6-35B-A3B-FP8-without-reasoning,on,instance_00006,moves,0
4374,textmapworld_specificroom,Qwen3.6-35B-A3B-FP8-without-reasoning,on,instance_00006,valid_moves,0
4375,textmapworld_specificroom,Qwen3.6-35B-A3B-FP8-without-reasoning,on,instance_00006,invalid_moves,0
4376,textmapworld_specificroom,Qwen3.6-35B-A3B-FP8-without-reasoning,on,instance_00006,stopped,1
4377,textmapworld_specificroom,Qwen3.6-35B-A3B-FP8-without-reasoning,on,instance_00006,turns_limit,0
4378,textmapworld_specificroom,Qwen3.6-35B-A3B-FP8-without-reasoning,on,instance_00006,loops,0
4379,textmapworld_specificroom,Qwen3.6-35B-A3B-FP8-without-reasoning,on,instance_00006,number_visited,1
4380,textmapworld_specificroom,Qwen3.6-35B-A3B-FP8-without-reasoning,on,instance_00006,seen,4
4381,textmapworld_specificroom,Qwen3.6-35B-A3B-FP8-without-reasoning,on,instance_00006,efficiency,0
4382,textmapworld_specificroom,Qwen3.6-35B-A3B-FP8-without-reasoning,on,instance_00006,exploration,12.5
4383,textmapworld_specificroom,Qwen3.6-35B-A3B-FP8-without-reasoning,on,instance_00006,old_benchscore,0.0
4384,textmapworld_specificroom,Qwen3.6-35B-A3B-FP8-without-reasoning,on,instance_00006,Main Score,100
4385,textmapworld_specificroom,Qwen3.6-35B-A3B-FP8-without-reasoning,on,instance_00007,Success,1
4386,textmapworld_specificroom,Qwen3.6-35B-A3B-FP8-without-reasoning,on,instance_00007,Aborted,0
4387,textmapworld_specificroom,Qwen3.6-35B-A3B-FP8-without-reasoning,on,instance_00007,Lose,0
4388,textmapworld_specificroom,Qwen3.6-35B-A3B-FP8-without-reasoning,on,instance_00007,moves,0
4389,textmapworld_specificroom,Qwen3.6-35B-A3B-FP8-without-reasoning,on,instance_00007,valid_moves,0
4390,textmapworld_specificroom,Qwen3.6-35B-A3B-FP8-without-reasoning,on,instance_00007,invalid_moves,0
4391,textmapworld_specificroom,Qwen3.6-35B-A3B-FP8-without-reasoning,on,instance_00007,stopped,1
4392,textmapworld_specificroom,Qwen3.6-35B-A3B-FP8-without-reasoning,on,instance_00007,turns_limit,0
4393,textmapworld_specificroom,Qwen3.6-35B-A3B-FP8-without-reasoning,on,instance_00007,loops,0
4394,textmapworld_specificroom,Qwen3.6-35B-A3B-FP8-without-reasoning,on,instance_00007,number_visited,1
4395,textmapworld_specificroom,Qwen3.6-35B-A3B-FP8-without-reasoning,on,instance_00007,seen,3
4396,textmapworld_specificroom,Qwen3.6-35B-A3B-FP8-without-reasoning,on,instance_00007,efficiency,0
4397,textmapworld_specificroom,Qwen3.6-35B-A3B-FP8-without-reasoning,on,instance_00007,exploration,12.5
4398,textmapworld_specificroom,Qwen3.6-35B-A3B-FP8-without-reasoning,on,instance_00007,old_benchscore,0.0
4399,textmapworld_specificroom,Qwen3.6-35B-A3B-FP8-without-reasoning,on,instance_00007,Main Score,100
4400,textmapworld_specificroom,Qwen3.6-35B-A3B-FP8-without-reasoning,on,instance_00000,Success,1
4401,textmapworld_specificroom,Qwen3.6-35B-A3B-FP8-without-reasoning,on,instance_00000,Aborted,0
4402,textmapworld_specificroom,Qwen3.6-35B-A3B-FP8-without-reasoning,on,instance_00000,Lose,0
4403,textmapworld_specificroom,Qwen3.6-35B-A3B-FP8-without-reasoning,on,instance_00000,moves,0
4404,textmapworld_specificroom,Qwen3.6-35B-A3B-FP8-without-reasoning,on,instance_00000,valid_moves,0
4405,textmapworld_specificroom,Qwen3.6-35B-A3B-FP8-without-reasoning,on,instance_00000,invalid_moves,0
4406,textmapworld_specificroom,Qwen3.6-35B-A3B-FP8-without-reasoning,on,instance_00000,stopped,1
4407,textmapworld_specificroom,Qwen3.6-35B-A3B-FP8-without-reasoning,on,instance_00000,turns_limit,0
4408,textmapworld_specificroom,Qwen3.6-35B-A3B-FP8-without-reasoning,on,instance_00000,loops,0
4409,textmapworld_specificroom,Qwen3.6-35B-A3B-FP8-without-reasoning,on,instance_00000,number_visited,1
4410,textmapworld_specificroom,Qwen3.6-35B-A3B-FP8-without-reasoning,on,instance_00000,seen,3
4411,textmapworld_specificroom,Qwen3.6-35B-A3B-FP8-without-reasoning,on,instance_00000,efficiency,0
4412,textmapworld_specificroom,Qwen3.6-35B-A3B-FP8-without-reasoning,on,instance_00000,exploration,12.5
4413,textmapworld_specificroom,Qwen3.6-35B-A3B-FP8-without-reasoning,on,instance_00000,old_benchscore,0.0
4414,textmapworld_specificroom,Qwen3.6-35B-A3B-FP8-without-reasoning,on,instance_00000,Main Score,100
4415,textmapworld_specificroom,Qwen3.6-35B-A3B-FP8-without-reasoning,on,instance_00009,Success,1
4416,textmapworld_specificroom,Qwen3.6-35B-A3B-FP8-without-reasoning,on,instance_00009,Aborted,0
4417,textmapworld_specificroom,Qwen3.6-35B-A3B-FP8-without-reasoning,on,instance_00009,Lose,0
4418,textmapworld_specificroom,Qwen3.6-35B-A3B-FP8-without-reasoning,on,instance_00009,moves,0
4419,textmapworld_specificroom,Qwen3.6-35B-A3B-FP8-without-reasoning,on,instance_00009,valid_moves,0
4420,textmapworld_specificroom,Qwen3.6-35B-A3B-FP8-without-reasoning,on,instance_00009,invalid_moves,0
4421,textmapworld_specificroom,Qwen3.6-35B-A3B-FP8-without-reasoning,on,instance_00009,stopped,1
4422,textmapworld_specificroom,Qwen3.6-35B-A3B-FP8-without-reasoning,on,instance_00009,turns_limit,0
4423,textmapworld_specificroom,Qwen3.6-35B-A3B-FP8-without-reasoning,on,instance_00009,loops,0
4424,textmapworld_specificroom,Qwen3.6-35B-A3B-FP8-without-reasoning,on,instance_00009,number_visited,1
4425,textmapworld_specificroom,Qwen3.6-35B-A3B-FP8-without-reasoning,on,instance_00009,seen,2
4426,textmapworld_specificroom,Qwen3.6-35B-A3B-FP8-without-reasoning,on,instance_00009,efficiency,0
4427,textmapworld_specificroom,Qwen3.6-35B-A3B-FP8-without-reasoning,on,instance_00009,exploration,12.5
4428,textmapworld_specificroom,Qwen3.6-35B-A3B-FP8-without-reasoning,on,instance_00009,old_benchscore,0.0
4429,textmapworld_specificroom,Qwen3.6-35B-A3B-FP8-without-reasoning,on,instance_00009,Main Score,100
4430,imagegame,Qwen3.6-35B-A3B-FP8-without-reasoning,random_grids,instance_00005,Precision,
4431,imagegame,Qwen3.6-35B-A3B-FP8-without-reasoning,random_grids,instance_00005,Recall,
4432,imagegame,Qwen3.6-35B-A3B-FP8-without-reasoning,random_grids,instance_00005,F1,
4433,imagegame,Qwen3.6-35B-A3B-FP8-without-reasoning,random_grids,instance_00005,Main Score,
4434,imagegame,Qwen3.6-35B-A3B-FP8-without-reasoning,random_grids,instance_00005,Average Changed Cell Count,
4435,imagegame,Qwen3.6-35B-A3B-FP8-without-reasoning,random_grids,instance_00005,Average Generated Instruction Length,
4436,imagegame,Qwen3.6-35B-A3B-FP8-without-reasoning,random_grids,instance_00005,Average Generated Expression Number of Tokens,
4437,imagegame,Qwen3.6-35B-A3B-FP8-without-reasoning,random_grids,instance_00005,Success,0
4438,imagegame,Qwen3.6-35B-A3B-FP8-without-reasoning,random_grids,instance_00005,Lose,0
4439,imagegame,Qwen3.6-35B-A3B-FP8-without-reasoning,random_grids,instance_00005,Aborted,1
4440,imagegame,Qwen3.6-35B-A3B-FP8-without-reasoning,random_grids,instance_00005,Request Count,3
4441,imagegame,Qwen3.6-35B-A3B-FP8-without-reasoning,random_grids,instance_00005,Violated Request Count,1
4442,imagegame,Qwen3.6-35B-A3B-FP8-without-reasoning,random_grids,instance_00005,Parsed Request Count,2
4443,imagegame,Qwen3.6-35B-A3B-FP8-without-reasoning,random_grids,instance_00005,Request Success Ratio,0.6667
4444,imagegame,Qwen3.6-35B-A3B-FP8-without-reasoning,random_grids,instance_00002,Precision,100.0
4445,imagegame,Qwen3.6-35B-A3B-FP8-without-reasoning,random_grids,instance_00002,Recall,100.0
4446,imagegame,Qwen3.6-35B-A3B-FP8-without-reasoning,random_grids,instance_00002,F1,100.0
4447,imagegame,Qwen3.6-35B-A3B-FP8-without-reasoning,random_grids,instance_00002,Main Score,100.0
4448,imagegame,Qwen3.6-35B-A3B-FP8-without-reasoning,random_grids,instance_00002,Average Changed Cell Count,1.0
4449,imagegame,Qwen3.6-35B-A3B-FP8-without-reasoning,random_grids,instance_00002,Average Generated Instruction Length,11.0
4450,imagegame,Qwen3.6-35B-A3B-FP8-without-reasoning,random_grids,instance_00002,Average Generated Expression Number of Tokens,2.0
4451,imagegame,Qwen3.6-35B-A3B-FP8-without-reasoning,random_grids,instance_00002,Success,1
4452,imagegame,Qwen3.6-35B-A3B-FP8-without-reasoning,random_grids,instance_00002,Lose,0
4453,imagegame,Qwen3.6-35B-A3B-FP8-without-reasoning,random_grids,instance_00002,Aborted,0
4454,imagegame,Qwen3.6-35B-A3B-FP8-without-reasoning,random_grids,instance_00002,Request Count,38
4455,imagegame,Qwen3.6-35B-A3B-FP8-without-reasoning,random_grids,instance_00002,Violated Request Count,0
4456,imagegame,Qwen3.6-35B-A3B-FP8-without-reasoning,random_grids,instance_00002,Parsed Request Count,38
4457,imagegame,Qwen3.6-35B-A3B-FP8-without-reasoning,random_grids,instance_00002,Request Success Ratio,1.0
4458,imagegame,Qwen3.6-35B-A3B-FP8-without-reasoning,random_grids,instance_00003,Precision,100.0
4459,imagegame,Qwen3.6-35B-A3B-FP8-without-reasoning,random_grids,instance_00003,Recall,100.0
4460,imagegame,Qwen3.6-35B-A3B-FP8-without-reasoning,random_grids,instance_00003,F1,100.0
4461,imagegame,Qwen3.6-35B-A3B-FP8-without-reasoning,random_grids,instance_00003,Main Score,100.0
4462,imagegame,Qwen3.6-35B-A3B-FP8-without-reasoning,random_grids,instance_00003,Average Changed Cell Count,1.0
4463,imagegame,Qwen3.6-35B-A3B-FP8-without-reasoning,random_grids,instance_00003,Average Generated Instruction Length,11.0
4464,imagegame,Qwen3.6-35B-A3B-FP8-without-reasoning,random_grids,instance_00003,Average Generated Expression Number of Tokens,2.0
4465,imagegame,Qwen3.6-35B-A3B-FP8-without-reasoning,random_grids,instance_00003,Success,1
4466,imagegame,Qwen3.6-35B-A3B-FP8-without-reasoning,random_grids,instance_00003,Lose,0
4467,imagegame,Qwen3.6-35B-A3B-FP8-without-reasoning,random_grids,instance_00003,Aborted,0
4468,imagegame,Qwen3.6-35B-A3B-FP8-without-reasoning,random_grids,instance_00003,Request Count,38
4469,imagegame,Qwen3.6-35B-A3B-FP8-without-reasoning,random_grids,instance_00003,Violated Request Count,0
4470,imagegame,Qwen3.6-35B-A3B-FP8-without-reasoning,random_grids,instance_00003,Parsed Request Count,38
4471,imagegame,Qwen3.6-35B-A3B-FP8-without-reasoning,random_grids,instance_00003,Request Success Ratio,1.0
4472,imagegame,Qwen3.6-35B-A3B-FP8-without-reasoning,random_grids,instance_00004,Precision,
4473,imagegame,Qwen3.6-35B-A3B-FP8-without-reasoning,random_grids,instance_00004,Recall,
4474,imagegame,Qwen3.6-35B-A3B-FP8-without-reasoning,random_grids,instance_00004,F1,
4475,imagegame,Qwen3.6-35B-A3B-FP8-without-reasoning,random_grids,instance_00004,Main Score,
4476,imagegame,Qwen3.6-35B-A3B-FP8-without-reasoning,random_grids,instance_00004,Average Changed Cell Count,
4477,imagegame,Qwen3.6-35B-A3B-FP8-without-reasoning,random_grids,instance_00004,Average Generated Instruction Length,
4478,imagegame,Qwen3.6-35B-A3B-FP8-without-reasoning,random_grids,instance_00004,Average Generated Expression Number of Tokens,
4479,imagegame,Qwen3.6-35B-A3B-FP8-without-reasoning,random_grids,instance_00004,Success,0
4480,imagegame,Qwen3.6-35B-A3B-FP8-without-reasoning,random_grids,instance_00004,Lose,0
4481,imagegame,Qwen3.6-35B-A3B-FP8-without-reasoning,random_grids,instance_00004,Aborted,1
4482,imagegame,Qwen3.6-35B-A3B-FP8-without-reasoning,random_grids,instance_00004,Request Count,3
4483,imagegame,Qwen3.6-35B-A3B-FP8-without-reasoning,random_grids,instance_00004,Violated Request Count,1
4484,imagegame,Qwen3.6-35B-A3B-FP8-without-reasoning,random_grids,instance_00004,Parsed Request Count,2
4485,imagegame,Qwen3.6-35B-A3B-FP8-without-reasoning,random_grids,instance_00004,Request Success Ratio,0.6667
4486,imagegame,Qwen3.6-35B-A3B-FP8-without-reasoning,random_grids,instance_00017,Precision,80.0
4487,imagegame,Qwen3.6-35B-A3B-FP8-without-reasoning,random_grids,instance_00017,Recall,80.0
4488,imagegame,Qwen3.6-35B-A3B-FP8-without-reasoning,random_grids,instance_00017,F1,80.0
4489,imagegame,Qwen3.6-35B-A3B-FP8-without-reasoning,random_grids,instance_00017,Main Score,80.0
4490,imagegame,Qwen3.6-35B-A3B-FP8-without-reasoning,random_grids,instance_00017,Average Changed Cell Count,1.0
4491,imagegame,Qwen3.6-35B-A3B-FP8-without-reasoning,random_grids,instance_00017,Average Generated Instruction Length,11.0
4492,imagegame,Qwen3.6-35B-A3B-FP8-without-reasoning,random_grids,instance_00017,Average Generated Expression Number of Tokens,2.0
4493,imagegame,Qwen3.6-35B-A3B-FP8-without-reasoning,random_grids,instance_00017,Success,0
4494,imagegame,Qwen3.6-35B-A3B-FP8-without-reasoning,random_grids,instance_00017,Lose,1
4495,imagegame,Qwen3.6-35B-A3B-FP8-without-reasoning,random_grids,instance_00017,Aborted,0
4496,imagegame,Qwen3.6-35B-A3B-FP8-without-reasoning,random_grids,instance_00017,Request Count,32
4497,imagegame,Qwen3.6-35B-A3B-FP8-without-reasoning,random_grids,instance_00017,Violated Request Count,0
4498,imagegame,Qwen3.6-35B-A3B-FP8-without-reasoning,random_grids,instance_00017,Parsed Request Count,32
4499,imagegame,Qwen3.6-35B-A3B-FP8-without-reasoning,random_grids,instance_00017,Request Success Ratio,1.0
4500,imagegame,Qwen3.6-35B-A3B-FP8-without-reasoning,random_grids,instance_00010,Precision,100.0
4501,imagegame,Qwen3.6-35B-A3B-FP8-without-reasoning,random_grids,instance_00010,Recall,100.0
4502,imagegame,Qwen3.6-35B-A3B-FP8-without-reasoning,random_grids,instance_00010,F1,100.0
4503,imagegame,Qwen3.6-35B-A3B-FP8-without-reasoning,random_grids,instance_00010,Main Score,100.0
4504,imagegame,Qwen3.6-35B-A3B-FP8-without-reasoning,random_grids,instance_00010,Average Changed Cell Count,1.0
4505,imagegame,Qwen3.6-35B-A3B-FP8-without-reasoning,random_grids,instance_00010,Average Generated Instruction Length,11.0
4506,imagegame,Qwen3.6-35B-A3B-FP8-without-reasoning,random_grids,instance_00010,Average Generated Expression Number of Tokens,2.0
4507,imagegame,Qwen3.6-35B-A3B-FP8-without-reasoning,random_grids,instance_00010,Success,1
4508,imagegame,Qwen3.6-35B-A3B-FP8-without-reasoning,random_grids,instance_00010,Lose,0
4509,imagegame,Qwen3.6-35B-A3B-FP8-without-reasoning,random_grids,instance_00010,Aborted,0
4510,imagegame,Qwen3.6-35B-A3B-FP8-without-reasoning,random_grids,instance_00010,Request Count,44
4511,imagegame,Qwen3.6-35B-A3B-FP8-without-reasoning,random_grids,instance_00010,Violated Request Count,0
4512,imagegame,Qwen3.6-35B-A3B-FP8-without-reasoning,random_grids,instance_00010,Parsed Request Count,44
4513,imagegame,Qwen3.6-35B-A3B-FP8-without-reasoning,random_grids,instance_00010,Request Success Ratio,1.0
4514,imagegame,Qwen3.6-35B-A3B-FP8-without-reasoning,random_grids,instance_00019,Precision,100.0
4515,imagegame,Qwen3.6-35B-A3B-FP8-without-reasoning,random_grids,instance_00019,Recall,100.0
4516,imagegame,Qwen3.6-35B-A3B-FP8-without-reasoning,random_grids,instance_00019,F1,100.0
4517,imagegame,Qwen3.6-35B-A3B-FP8-without-reasoning,random_grids,instance_00019,Main Score,100.0
4518,imagegame,Qwen3.6-35B-A3B-FP8-without-reasoning,random_grids,instance_00019,Average Changed Cell Count,1.0
4519,imagegame,Qwen3.6-35B-A3B-FP8-without-reasoning,random_grids,instance_00019,Average Generated Instruction Length,11.0
4520,imagegame,Qwen3.6-35B-A3B-FP8-without-reasoning,random_grids,instance_00019,Average Generated Expression Number of Tokens,2.0
4521,imagegame,Qwen3.6-35B-A3B-FP8-without-reasoning,random_grids,instance_00019,Success,1
4522,imagegame,Qwen3.6-35B-A3B-FP8-without-reasoning,random_grids,instance_00019,Lose,0
4523,imagegame,Qwen3.6-35B-A3B-FP8-without-reasoning,random_grids,instance_00019,Aborted,0
4524,imagegame,Qwen3.6-35B-A3B-FP8-without-reasoning,random_grids,instance_00019,Request Count,38
4525,imagegame,Qwen3.6-35B-A3B-FP8-without-reasoning,random_grids,instance_00019,Violated Request Count,0
4526,imagegame,Qwen3.6-35B-A3B-FP8-without-reasoning,random_grids,instance_00019,Parsed Request Count,38
4527,imagegame,Qwen3.6-35B-A3B-FP8-without-reasoning,random_grids,instance_00019,Request Success Ratio,1.0
4528,imagegame,Qwen3.6-35B-A3B-FP8-without-reasoning,random_grids,instance_00018,Precision,100.0
4529,imagegame,Qwen3.6-35B-A3B-FP8-without-reasoning,random_grids,instance_00018,Recall,100.0
4530,imagegame,Qwen3.6-35B-A3B-FP8-without-reasoning,random_grids,instance_00018,F1,100.0
4531,imagegame,Qwen3.6-35B-A3B-FP8-without-reasoning,random_grids,instance_00018,Main Score,100.0
4532,imagegame,Qwen3.6-35B-A3B-FP8-without-reasoning,random_grids,instance_00018,Average Changed Cell Count,1.0
4533,imagegame,Qwen3.6-35B-A3B-FP8-without-reasoning,random_grids,instance_00018,Average Generated Instruction Length,11.0
4534,imagegame,Qwen3.6-35B-A3B-FP8-without-reasoning,random_grids,instance_00018,Average Generated Expression Number of Tokens,2.0
4535,imagegame,Qwen3.6-35B-A3B-FP8-without-reasoning,random_grids,instance_00018,Success,1
4536,imagegame,Qwen3.6-35B-A3B-FP8-without-reasoning,random_grids,instance_00018,Lose,0
4537,imagegame,Qwen3.6-35B-A3B-FP8-without-reasoning,random_grids,instance_00018,Aborted,0
4538,imagegame,Qwen3.6-35B-A3B-FP8-without-reasoning,random_grids,instance_00018,Request Count,44
4539,imagegame,Qwen3.6-35B-A3B-FP8-without-reasoning,random_grids,instance_00018,Violated Request Count,0
4540,imagegame,Qwen3.6-35B-A3B-FP8-without-reasoning,random_grids,instance_00018,Parsed Request Count,44
4541,imagegame,Qwen3.6-35B-A3B-FP8-without-reasoning,random_grids,instance_00018,Request Success Ratio,1.0
4542,imagegame,Qwen3.6-35B-A3B-FP8-without-reasoning,random_grids,instance_00011,Precision,100.0
4543,imagegame,Qwen3.6-35B-A3B-FP8-without-reasoning,random_grids,instance_00011,Recall,100.0
4544,imagegame,Qwen3.6-35B-A3B-FP8-without-reasoning,random_grids,instance_00011,F1,100.0
4545,imagegame,Qwen3.6-35B-A3B-FP8-without-reasoning,random_grids,instance_00011,Main Score,100.0
4546,imagegame,Qwen3.6-35B-A3B-FP8-without-reasoning,random_grids,instance_00011,Average Changed Cell Count,1.0
4547,imagegame,Qwen3.6-35B-A3B-FP8-without-reasoning,random_grids,instance_00011,Average Generated Instruction Length,11.0
4548,imagegame,Qwen3.6-35B-A3B-FP8-without-reasoning,random_grids,instance_00011,Average Generated Expression Number of Tokens,2.0
4549,imagegame,Qwen3.6-35B-A3B-FP8-without-reasoning,random_grids,instance_00011,Success,1
4550,imagegame,Qwen3.6-35B-A3B-FP8-without-reasoning,random_grids,instance_00011,Lose,0
4551,imagegame,Qwen3.6-35B-A3B-FP8-without-reasoning,random_grids,instance_00011,Aborted,0
4552,imagegame,Qwen3.6-35B-A3B-FP8-without-reasoning,random_grids,instance_00011,Request Count,32
4553,imagegame,Qwen3.6-35B-A3B-FP8-without-reasoning,random_grids,instance_00011,Violated Request Count,0
4554,imagegame,Qwen3.6-35B-A3B-FP8-without-reasoning,random_grids,instance_00011,Parsed Request Count,32
4555,imagegame,Qwen3.6-35B-A3B-FP8-without-reasoning,random_grids,instance_00011,Request Success Ratio,1.0
4556,imagegame,Qwen3.6-35B-A3B-FP8-without-reasoning,random_grids,instance_00016,Precision,100.0
4557,imagegame,Qwen3.6-35B-A3B-FP8-without-reasoning,random_grids,instance_00016,Recall,100.0
4558,imagegame,Qwen3.6-35B-A3B-FP8-without-reasoning,random_grids,instance_00016,F1,100.0
4559,imagegame,Qwen3.6-35B-A3B-FP8-without-reasoning,random_grids,instance_00016,Main Score,100.0
4560,imagegame,Qwen3.6-35B-A3B-FP8-without-reasoning,random_grids,instance_00016,Average Changed Cell Count,1.0
4561,imagegame,Qwen3.6-35B-A3B-FP8-without-reasoning,random_grids,instance_00016,Average Generated Instruction Length,11.0
4562,imagegame,Qwen3.6-35B-A3B-FP8-without-reasoning,random_grids,instance_00016,Average Generated Expression Number of Tokens,2.0
4563,imagegame,Qwen3.6-35B-A3B-FP8-without-reasoning,random_grids,instance_00016,Success,1
4564,imagegame,Qwen3.6-35B-A3B-FP8-without-reasoning,random_grids,instance_00016,Lose,0
4565,imagegame,Qwen3.6-35B-A3B-FP8-without-reasoning,random_grids,instance_00016,Aborted,0
4566,imagegame,Qwen3.6-35B-A3B-FP8-without-reasoning,random_grids,instance_00016,Request Count,38
4567,imagegame,Qwen3.6-35B-A3B-FP8-without-reasoning,random_grids,instance_00016,Violated Request Count,0
4568,imagegame,Qwen3.6-35B-A3B-FP8-without-reasoning,random_grids,instance_00016,Parsed Request Count,38
4569,imagegame,Qwen3.6-35B-A3B-FP8-without-reasoning,random_grids,instance_00016,Request Success Ratio,1.0
4570,imagegame,Qwen3.6-35B-A3B-FP8-without-reasoning,random_grids,instance_00008,Precision,80.0
4571,imagegame,Qwen3.6-35B-A3B-FP8-without-reasoning,random_grids,instance_00008,Recall,80.0
4572,imagegame,Qwen3.6-35B-A3B-FP8-without-reasoning,random_grids,instance_00008,F1,80.0
4573,imagegame,Qwen3.6-35B-A3B-FP8-without-reasoning,random_grids,instance_00008,Main Score,80.0
4574,imagegame,Qwen3.6-35B-A3B-FP8-without-reasoning,random_grids,instance_00008,Average Changed Cell Count,1.6667
4575,imagegame,Qwen3.6-35B-A3B-FP8-without-reasoning,random_grids,instance_00008,Average Generated Instruction Length,12.3333
4576,imagegame,Qwen3.6-35B-A3B-FP8-without-reasoning,random_grids,instance_00008,Average Generated Expression Number of Tokens,2.0
4577,imagegame,Qwen3.6-35B-A3B-FP8-without-reasoning,random_grids,instance_00008,Success,0
4578,imagegame,Qwen3.6-35B-A3B-FP8-without-reasoning,random_grids,instance_00008,Lose,1
4579,imagegame,Qwen3.6-35B-A3B-FP8-without-reasoning,random_grids,instance_00008,Aborted,0
4580,imagegame,Qwen3.6-35B-A3B-FP8-without-reasoning,random_grids,instance_00008,Request Count,20
4581,imagegame,Qwen3.6-35B-A3B-FP8-without-reasoning,random_grids,instance_00008,Violated Request Count,0
4582,imagegame,Qwen3.6-35B-A3B-FP8-without-reasoning,random_grids,instance_00008,Parsed Request Count,20
4583,imagegame,Qwen3.6-35B-A3B-FP8-without-reasoning,random_grids,instance_00008,Request Success Ratio,1.0
4584,imagegame,Qwen3.6-35B-A3B-FP8-without-reasoning,random_grids,instance_00001,Precision,
4585,imagegame,Qwen3.6-35B-A3B-FP8-without-reasoning,random_grids,instance_00001,Recall,
4586,imagegame,Qwen3.6-35B-A3B-FP8-without-reasoning,random_grids,instance_00001,F1,
4587,imagegame,Qwen3.6-35B-A3B-FP8-without-reasoning,random_grids,instance_00001,Main Score,
4588,imagegame,Qwen3.6-35B-A3B-FP8-without-reasoning,random_grids,instance_00001,Average Changed Cell Count,
4589,imagegame,Qwen3.6-35B-A3B-FP8-without-reasoning,random_grids,instance_00001,Average Generated Instruction Length,
4590,imagegame,Qwen3.6-35B-A3B-FP8-without-reasoning,random_grids,instance_00001,Average Generated Expression Number of Tokens,
4591,imagegame,Qwen3.6-35B-A3B-FP8-without-reasoning,random_grids,instance_00001,Success,0
4592,imagegame,Qwen3.6-35B-A3B-FP8-without-reasoning,random_grids,instance_00001,Lose,0
4593,imagegame,Qwen3.6-35B-A3B-FP8-without-reasoning,random_grids,instance_00001,Aborted,1
4594,imagegame,Qwen3.6-35B-A3B-FP8-without-reasoning,random_grids,instance_00001,Request Count,3
4595,imagegame,Qwen3.6-35B-A3B-FP8-without-reasoning,random_grids,instance_00001,Violated Request Count,1
4596,imagegame,Qwen3.6-35B-A3B-FP8-without-reasoning,random_grids,instance_00001,Parsed Request Count,2
4597,imagegame,Qwen3.6-35B-A3B-FP8-without-reasoning,random_grids,instance_00001,Request Success Ratio,0.6667
4598,imagegame,Qwen3.6-35B-A3B-FP8-without-reasoning,random_grids,instance_00006,Precision,50.0
4599,imagegame,Qwen3.6-35B-A3B-FP8-without-reasoning,random_grids,instance_00006,Recall,60.0
4600,imagegame,Qwen3.6-35B-A3B-FP8-without-reasoning,random_grids,instance_00006,F1,55.0
4601,imagegame,Qwen3.6-35B-A3B-FP8-without-reasoning,random_grids,instance_00006,Main Score,55.0
4602,imagegame,Qwen3.6-35B-A3B-FP8-without-reasoning,random_grids,instance_00006,Average Changed Cell Count,1.0
4603,imagegame,Qwen3.6-35B-A3B-FP8-without-reasoning,random_grids,instance_00006,Average Generated Instruction Length,11.0
4604,imagegame,Qwen3.6-35B-A3B-FP8-without-reasoning,random_grids,instance_00006,Average Generated Expression Number of Tokens,2.0
4605,imagegame,Qwen3.6-35B-A3B-FP8-without-reasoning,random_grids,instance_00006,Success,0
4606,imagegame,Qwen3.6-35B-A3B-FP8-without-reasoning,random_grids,instance_00006,Lose,1
4607,imagegame,Qwen3.6-35B-A3B-FP8-without-reasoning,random_grids,instance_00006,Aborted,0
4608,imagegame,Qwen3.6-35B-A3B-FP8-without-reasoning,random_grids,instance_00006,Request Count,38
4609,imagegame,Qwen3.6-35B-A3B-FP8-without-reasoning,random_grids,instance_00006,Violated Request Count,0
4610,imagegame,Qwen3.6-35B-A3B-FP8-without-reasoning,random_grids,instance_00006,Parsed Request Count,38
4611,imagegame,Qwen3.6-35B-A3B-FP8-without-reasoning,random_grids,instance_00006,Request Success Ratio,1.0
4612,imagegame,Qwen3.6-35B-A3B-FP8-without-reasoning,random_grids,instance_00007,Precision,75.0
4613,imagegame,Qwen3.6-35B-A3B-FP8-without-reasoning,random_grids,instance_00007,Recall,75.0
4614,imagegame,Qwen3.6-35B-A3B-FP8-without-reasoning,random_grids,instance_00007,F1,75.0
4615,imagegame,Qwen3.6-35B-A3B-FP8-without-reasoning,random_grids,instance_00007,Main Score,75.0
4616,imagegame,Qwen3.6-35B-A3B-FP8-without-reasoning,random_grids,instance_00007,Average Changed Cell Count,1.0
4617,imagegame,Qwen3.6-35B-A3B-FP8-without-reasoning,random_grids,instance_00007,Average Generated Instruction Length,11.0
4618,imagegame,Qwen3.6-35B-A3B-FP8-without-reasoning,random_grids,instance_00007,Average Generated Expression Number of Tokens,2.0
4619,imagegame,Qwen3.6-35B-A3B-FP8-without-reasoning,random_grids,instance_00007,Success,0
4620,imagegame,Qwen3.6-35B-A3B-FP8-without-reasoning,random_grids,instance_00007,Lose,1
4621,imagegame,Qwen3.6-35B-A3B-FP8-without-reasoning,random_grids,instance_00007,Aborted,0
4622,imagegame,Qwen3.6-35B-A3B-FP8-without-reasoning,random_grids,instance_00007,Request Count,26
4623,imagegame,Qwen3.6-35B-A3B-FP8-without-reasoning,random_grids,instance_00007,Violated Request Count,0
4624,imagegame,Qwen3.6-35B-A3B-FP8-without-reasoning,random_grids,instance_00007,Parsed Request Count,26
4625,imagegame,Qwen3.6-35B-A3B-FP8-without-reasoning,random_grids,instance_00007,Request Success Ratio,1.0
4626,imagegame,Qwen3.6-35B-A3B-FP8-without-reasoning,random_grids,instance_00000,Precision,100.0
4627,imagegame,Qwen3.6-35B-A3B-FP8-without-reasoning,random_grids,instance_00000,Recall,100.0
4628,imagegame,Qwen3.6-35B-A3B-FP8-without-reasoning,random_grids,instance_00000,F1,100.0
4629,imagegame,Qwen3.6-35B-A3B-FP8-without-reasoning,random_grids,instance_00000,Main Score,100.0
4630,imagegame,Qwen3.6-35B-A3B-FP8-without-reasoning,random_grids,instance_00000,Average Changed Cell Count,1.0
4631,imagegame,Qwen3.6-35B-A3B-FP8-without-reasoning,random_grids,instance_00000,Average Generated Instruction Length,11.0
4632,imagegame,Qwen3.6-35B-A3B-FP8-without-reasoning,random_grids,instance_00000,Average Generated Expression Number of Tokens,2.0
4633,imagegame,Qwen3.6-35B-A3B-FP8-without-reasoning,random_grids,instance_00000,Success,1
4634,imagegame,Qwen3.6-35B-A3B-FP8-without-reasoning,random_grids,instance_00000,Lose,0
4635,imagegame,Qwen3.6-35B-A3B-FP8-without-reasoning,random_grids,instance_00000,Aborted,0
4636,imagegame,Qwen3.6-35B-A3B-FP8-without-reasoning,random_grids,instance_00000,Request Count,26
4637,imagegame,Qwen3.6-35B-A3B-FP8-without-reasoning,random_grids,instance_00000,Violated Request Count,0
4638,imagegame,Qwen3.6-35B-A3B-FP8-without-reasoning,random_grids,instance_00000,Parsed Request Count,26
4639,imagegame,Qwen3.6-35B-A3B-FP8-without-reasoning,random_grids,instance_00000,Request Success Ratio,1.0
4640,imagegame,Qwen3.6-35B-A3B-FP8-without-reasoning,random_grids,instance_00009,Precision,
4641,imagegame,Qwen3.6-35B-A3B-FP8-without-reasoning,random_grids,instance_00009,Recall,
4642,imagegame,Qwen3.6-35B-A3B-FP8-without-reasoning,random_grids,instance_00009,F1,
4643,imagegame,Qwen3.6-35B-A3B-FP8-without-reasoning,random_grids,instance_00009,Main Score,
4644,imagegame,Qwen3.6-35B-A3B-FP8-without-reasoning,random_grids,instance_00009,Average Changed Cell Count,
4645,imagegame,Qwen3.6-35B-A3B-FP8-without-reasoning,random_grids,instance_00009,Average Generated Instruction Length,
4646,imagegame,Qwen3.6-35B-A3B-FP8-without-reasoning,random_grids,instance_00009,Average Generated Expression Number of Tokens,
4647,imagegame,Qwen3.6-35B-A3B-FP8-without-reasoning,random_grids,instance_00009,Success,0
4648,imagegame,Qwen3.6-35B-A3B-FP8-without-reasoning,random_grids,instance_00009,Lose,0
4649,imagegame,Qwen3.6-35B-A3B-FP8-without-reasoning,random_grids,instance_00009,Aborted,1
4650,imagegame,Qwen3.6-35B-A3B-FP8-without-reasoning,random_grids,instance_00009,Request Count,3
4651,imagegame,Qwen3.6-35B-A3B-FP8-without-reasoning,random_grids,instance_00009,Violated Request Count,1
4652,imagegame,Qwen3.6-35B-A3B-FP8-without-reasoning,random_grids,instance_00009,Parsed Request Count,2
4653,imagegame,Qwen3.6-35B-A3B-FP8-without-reasoning,random_grids,instance_00009,Request Success Ratio,0.6667
4654,imagegame,Qwen3.6-35B-A3B-FP8-without-reasoning,random_grids,instance_00013,Precision,
4655,imagegame,Qwen3.6-35B-A3B-FP8-without-reasoning,random_grids,instance_00013,Recall,
4656,imagegame,Qwen3.6-35B-A3B-FP8-without-reasoning,random_grids,instance_00013,F1,
4657,imagegame,Qwen3.6-35B-A3B-FP8-without-reasoning,random_grids,instance_00013,Main Score,
4658,imagegame,Qwen3.6-35B-A3B-FP8-without-reasoning,random_grids,instance_00013,Average Changed Cell Count,
4659,imagegame,Qwen3.6-35B-A3B-FP8-without-reasoning,random_grids,instance_00013,Average Generated Instruction Length,
4660,imagegame,Qwen3.6-35B-A3B-FP8-without-reasoning,random_grids,instance_00013,Average Generated Expression Number of Tokens,
4661,imagegame,Qwen3.6-35B-A3B-FP8-without-reasoning,random_grids,instance_00013,Success,0
4662,imagegame,Qwen3.6-35B-A3B-FP8-without-reasoning,random_grids,instance_00013,Lose,0
4663,imagegame,Qwen3.6-35B-A3B-FP8-without-reasoning,random_grids,instance_00013,Aborted,1
4664,imagegame,Qwen3.6-35B-A3B-FP8-without-reasoning,random_grids,instance_00013,Request Count,3
4665,imagegame,Qwen3.6-35B-A3B-FP8-without-reasoning,random_grids,instance_00013,Violated Request Count,1
4666,imagegame,Qwen3.6-35B-A3B-FP8-without-reasoning,random_grids,instance_00013,Parsed Request Count,2
4667,imagegame,Qwen3.6-35B-A3B-FP8-without-reasoning,random_grids,instance_00013,Request Success Ratio,0.6667
4668,imagegame,Qwen3.6-35B-A3B-FP8-without-reasoning,random_grids,instance_00014,Precision,100.0
4669,imagegame,Qwen3.6-35B-A3B-FP8-without-reasoning,random_grids,instance_00014,Recall,100.0
4670,imagegame,Qwen3.6-35B-A3B-FP8-without-reasoning,random_grids,instance_00014,F1,100.0
4671,imagegame,Qwen3.6-35B-A3B-FP8-without-reasoning,random_grids,instance_00014,Main Score,100.0
4672,imagegame,Qwen3.6-35B-A3B-FP8-without-reasoning,random_grids,instance_00014,Average Changed Cell Count,1.0
4673,imagegame,Qwen3.6-35B-A3B-FP8-without-reasoning,random_grids,instance_00014,Average Generated Instruction Length,11.0
4674,imagegame,Qwen3.6-35B-A3B-FP8-without-reasoning,random_grids,instance_00014,Average Generated Expression Number of Tokens,2.0
4675,imagegame,Qwen3.6-35B-A3B-FP8-without-reasoning,random_grids,instance_00014,Success,1
4676,imagegame,Qwen3.6-35B-A3B-FP8-without-reasoning,random_grids,instance_00014,Lose,0
4677,imagegame,Qwen3.6-35B-A3B-FP8-without-reasoning,random_grids,instance_00014,Aborted,0
4678,imagegame,Qwen3.6-35B-A3B-FP8-without-reasoning,random_grids,instance_00014,Request Count,26
4679,imagegame,Qwen3.6-35B-A3B-FP8-without-reasoning,random_grids,instance_00014,Violated Request Count,0
4680,imagegame,Qwen3.6-35B-A3B-FP8-without-reasoning,random_grids,instance_00014,Parsed Request Count,26
4681,imagegame,Qwen3.6-35B-A3B-FP8-without-reasoning,random_grids,instance_00014,Request Success Ratio,1.0
4682,imagegame,Qwen3.6-35B-A3B-FP8-without-reasoning,random_grids,instance_00015,Precision,100.0
4683,imagegame,Qwen3.6-35B-A3B-FP8-without-reasoning,random_grids,instance_00015,Recall,100.0
4684,imagegame,Qwen3.6-35B-A3B-FP8-without-reasoning,random_grids,instance_00015,F1,100.0
4685,imagegame,Qwen3.6-35B-A3B-FP8-without-reasoning,random_grids,instance_00015,Main Score,100.0
4686,imagegame,Qwen3.6-35B-A3B-FP8-without-reasoning,random_grids,instance_00015,Average Changed Cell Count,1.0
4687,imagegame,Qwen3.6-35B-A3B-FP8-without-reasoning,random_grids,instance_00015,Average Generated Instruction Length,11.0
4688,imagegame,Qwen3.6-35B-A3B-FP8-without-reasoning,random_grids,instance_00015,Average Generated Expression Number of Tokens,2.0
4689,imagegame,Qwen3.6-35B-A3B-FP8-without-reasoning,random_grids,instance_00015,Success,1
4690,imagegame,Qwen3.6-35B-A3B-FP8-without-reasoning,random_grids,instance_00015,Lose,0
4691,imagegame,Qwen3.6-35B-A3B-FP8-without-reasoning,random_grids,instance_00015,Aborted,0
4692,imagegame,Qwen3.6-35B-A3B-FP8-without-reasoning,random_grids,instance_00015,Request Count,38
4693,imagegame,Qwen3.6-35B-A3B-FP8-without-reasoning,random_grids,instance_00015,Violated Request Count,0
4694,imagegame,Qwen3.6-35B-A3B-FP8-without-reasoning,random_grids,instance_00015,Parsed Request Count,38
4695,imagegame,Qwen3.6-35B-A3B-FP8-without-reasoning,random_grids,instance_00015,Request Success Ratio,1.0
4696,imagegame,Qwen3.6-35B-A3B-FP8-without-reasoning,random_grids,instance_00012,Precision,
4697,imagegame,Qwen3.6-35B-A3B-FP8-without-reasoning,random_grids,instance_00012,Recall,
4698,imagegame,Qwen3.6-35B-A3B-FP8-without-reasoning,random_grids,instance_00012,F1,
4699,imagegame,Qwen3.6-35B-A3B-FP8-without-reasoning,random_grids,instance_00012,Main Score,
4700,imagegame,Qwen3.6-35B-A3B-FP8-without-reasoning,random_grids,instance_00012,Average Changed Cell Count,
4701,imagegame,Qwen3.6-35B-A3B-FP8-without-reasoning,random_grids,instance_00012,Average Generated Instruction Length,
4702,imagegame,Qwen3.6-35B-A3B-FP8-without-reasoning,random_grids,instance_00012,Average Generated Expression Number of Tokens,
4703,imagegame,Qwen3.6-35B-A3B-FP8-without-reasoning,random_grids,instance_00012,Success,0
4704,imagegame,Qwen3.6-35B-A3B-FP8-without-reasoning,random_grids,instance_00012,Lose,0
4705,imagegame,Qwen3.6-35B-A3B-FP8-without-reasoning,random_grids,instance_00012,Aborted,1
4706,imagegame,Qwen3.6-35B-A3B-FP8-without-reasoning,random_grids,instance_00012,Request Count,3
4707,imagegame,Qwen3.6-35B-A3B-FP8-without-reasoning,random_grids,instance_00012,Violated Request Count,1
4708,imagegame,Qwen3.6-35B-A3B-FP8-without-reasoning,random_grids,instance_00012,Parsed Request Count,2
4709,imagegame,Qwen3.6-35B-A3B-FP8-without-reasoning,random_grids,instance_00012,Request Success Ratio,0.6667
4710,imagegame,Qwen3.6-35B-A3B-FP8-without-reasoning,compact_grids,instance_00005,Precision,100.0
4711,imagegame,Qwen3.6-35B-A3B-FP8-without-reasoning,compact_grids,instance_00005,Recall,100.0
4712,imagegame,Qwen3.6-35B-A3B-FP8-without-reasoning,compact_grids,instance_00005,F1,100.0
4713,imagegame,Qwen3.6-35B-A3B-FP8-without-reasoning,compact_grids,instance_00005,Main Score,100.0
4714,imagegame,Qwen3.6-35B-A3B-FP8-without-reasoning,compact_grids,instance_00005,Average Changed Cell Count,4.5
4715,imagegame,Qwen3.6-35B-A3B-FP8-without-reasoning,compact_grids,instance_00005,Average Generated Instruction Length,9.0
4716,imagegame,Qwen3.6-35B-A3B-FP8-without-reasoning,compact_grids,instance_00005,Average Generated Expression Number of Tokens,2.5
4717,imagegame,Qwen3.6-35B-A3B-FP8-without-reasoning,compact_grids,instance_00005,Success,1
4718,imagegame,Qwen3.6-35B-A3B-FP8-without-reasoning,compact_grids,instance_00005,Lose,0
4719,imagegame,Qwen3.6-35B-A3B-FP8-without-reasoning,compact_grids,instance_00005,Aborted,0
4720,imagegame,Qwen3.6-35B-A3B-FP8-without-reasoning,compact_grids,instance_00005,Request Count,14
4721,imagegame,Qwen3.6-35B-A3B-FP8-without-reasoning,compact_grids,instance_00005,Violated Request Count,0
4722,imagegame,Qwen3.6-35B-A3B-FP8-without-reasoning,compact_grids,instance_00005,Parsed Request Count,14
4723,imagegame,Qwen3.6-35B-A3B-FP8-without-reasoning,compact_grids,instance_00005,Request Success Ratio,1.0
4724,imagegame,Qwen3.6-35B-A3B-FP8-without-reasoning,compact_grids,instance_00002,Precision,
4725,imagegame,Qwen3.6-35B-A3B-FP8-without-reasoning,compact_grids,instance_00002,Recall,
4726,imagegame,Qwen3.6-35B-A3B-FP8-without-reasoning,compact_grids,instance_00002,F1,
4727,imagegame,Qwen3.6-35B-A3B-FP8-without-reasoning,compact_grids,instance_00002,Main Score,
4728,imagegame,Qwen3.6-35B-A3B-FP8-without-reasoning,compact_grids,instance_00002,Average Changed Cell Count,
4729,imagegame,Qwen3.6-35B-A3B-FP8-without-reasoning,compact_grids,instance_00002,Average Generated Instruction Length,
4730,imagegame,Qwen3.6-35B-A3B-FP8-without-reasoning,compact_grids,instance_00002,Average Generated Expression Number of Tokens,
4731,imagegame,Qwen3.6-35B-A3B-FP8-without-reasoning,compact_grids,instance_00002,Success,0
4732,imagegame,Qwen3.6-35B-A3B-FP8-without-reasoning,compact_grids,instance_00002,Lose,0
4733,imagegame,Qwen3.6-35B-A3B-FP8-without-reasoning,compact_grids,instance_00002,Aborted,1
4734,imagegame,Qwen3.6-35B-A3B-FP8-without-reasoning,compact_grids,instance_00002,Request Count,3
4735,imagegame,Qwen3.6-35B-A3B-FP8-without-reasoning,compact_grids,instance_00002,Violated Request Count,1
4736,imagegame,Qwen3.6-35B-A3B-FP8-without-reasoning,compact_grids,instance_00002,Parsed Request Count,2
4737,imagegame,Qwen3.6-35B-A3B-FP8-without-reasoning,compact_grids,instance_00002,Request Success Ratio,0.6667
4738,imagegame,Qwen3.6-35B-A3B-FP8-without-reasoning,compact_grids,instance_00003,Precision,100.0
4739,imagegame,Qwen3.6-35B-A3B-FP8-without-reasoning,compact_grids,instance_00003,Recall,100.0
4740,imagegame,Qwen3.6-35B-A3B-FP8-without-reasoning,compact_grids,instance_00003,F1,100.0
4741,imagegame,Qwen3.6-35B-A3B-FP8-without-reasoning,compact_grids,instance_00003,Main Score,100.0
4742,imagegame,Qwen3.6-35B-A3B-FP8-without-reasoning,compact_grids,instance_00003,Average Changed Cell Count,1.8
4743,imagegame,Qwen3.6-35B-A3B-FP8-without-reasoning,compact_grids,instance_00003,Average Generated Instruction Length,10.4
4744,imagegame,Qwen3.6-35B-A3B-FP8-without-reasoning,compact_grids,instance_00003,Average Generated Expression Number of Tokens,2.0
4745,imagegame,Qwen3.6-35B-A3B-FP8-without-reasoning,compact_grids,instance_00003,Success,1
4746,imagegame,Qwen3.6-35B-A3B-FP8-without-reasoning,compact_grids,instance_00003,Lose,0
4747,imagegame,Qwen3.6-35B-A3B-FP8-without-reasoning,compact_grids,instance_00003,Aborted,0
4748,imagegame,Qwen3.6-35B-A3B-FP8-without-reasoning,compact_grids,instance_00003,Request Count,32
4749,imagegame,Qwen3.6-35B-A3B-FP8-without-reasoning,compact_grids,instance_00003,Violated Request Count,0
4750,imagegame,Qwen3.6-35B-A3B-FP8-without-reasoning,compact_grids,instance_00003,Parsed Request Count,32
4751,imagegame,Qwen3.6-35B-A3B-FP8-without-reasoning,compact_grids,instance_00003,Request Success Ratio,1.0
4752,imagegame,Qwen3.6-35B-A3B-FP8-without-reasoning,compact_grids,instance_00004,Precision,100.0
4753,imagegame,Qwen3.6-35B-A3B-FP8-without-reasoning,compact_grids,instance_00004,Recall,100.0
4754,imagegame,Qwen3.6-35B-A3B-FP8-without-reasoning,compact_grids,instance_00004,F1,100.0
4755,imagegame,Qwen3.6-35B-A3B-FP8-without-reasoning,compact_grids,instance_00004,Main Score,100.0
4756,imagegame,Qwen3.6-35B-A3B-FP8-without-reasoning,compact_grids,instance_00004,Average Changed Cell Count,3.2
4757,imagegame,Qwen3.6-35B-A3B-FP8-without-reasoning,compact_grids,instance_00004,Average Generated Instruction Length,12.2
4758,imagegame,Qwen3.6-35B-A3B-FP8-without-reasoning,compact_grids,instance_00004,Average Generated Expression Number of Tokens,2.0
4759,imagegame,Qwen3.6-35B-A3B-FP8-without-reasoning,compact_grids,instance_00004,Success,1
4760,imagegame,Qwen3.6-35B-A3B-FP8-without-reasoning,compact_grids,instance_00004,Lose,0
4761,imagegame,Qwen3.6-35B-A3B-FP8-without-reasoning,compact_grids,instance_00004,Aborted,0
4762,imagegame,Qwen3.6-35B-A3B-FP8-without-reasoning,compact_grids,instance_00004,Request Count,32
4763,imagegame,Qwen3.6-35B-A3B-FP8-without-reasoning,compact_grids,instance_00004,Violated Request Count,0
4764,imagegame,Qwen3.6-35B-A3B-FP8-without-reasoning,compact_grids,instance_00004,Parsed Request Count,32
4765,imagegame,Qwen3.6-35B-A3B-FP8-without-reasoning,compact_grids,instance_00004,Request Success Ratio,1.0
4766,imagegame,Qwen3.6-35B-A3B-FP8-without-reasoning,compact_grids,instance_00017,Precision,100.0
4767,imagegame,Qwen3.6-35B-A3B-FP8-without-reasoning,compact_grids,instance_00017,Recall,100.0
4768,imagegame,Qwen3.6-35B-A3B-FP8-without-reasoning,compact_grids,instance_00017,F1,100.0
4769,imagegame,Qwen3.6-35B-A3B-FP8-without-reasoning,compact_grids,instance_00017,Main Score,100.0
4770,imagegame,Qwen3.6-35B-A3B-FP8-without-reasoning,compact_grids,instance_00017,Average Changed Cell Count,1.0
4771,imagegame,Qwen3.6-35B-A3B-FP8-without-reasoning,compact_grids,instance_00017,Average Generated Instruction Length,11.0
4772,imagegame,Qwen3.6-35B-A3B-FP8-without-reasoning,compact_grids,instance_00017,Average Generated Expression Number of Tokens,2.0
4773,imagegame,Qwen3.6-35B-A3B-FP8-without-reasoning,compact_grids,instance_00017,Success,1
4774,imagegame,Qwen3.6-35B-A3B-FP8-without-reasoning,compact_grids,instance_00017,Lose,0
4775,imagegame,Qwen3.6-35B-A3B-FP8-without-reasoning,compact_grids,instance_00017,Aborted,0
4776,imagegame,Qwen3.6-35B-A3B-FP8-without-reasoning,compact_grids,instance_00017,Request Count,50
4777,imagegame,Qwen3.6-35B-A3B-FP8-without-reasoning,compact_grids,instance_00017,Violated Request Count,0
4778,imagegame,Qwen3.6-35B-A3B-FP8-without-reasoning,compact_grids,instance_00017,Parsed Request Count,50
4779,imagegame,Qwen3.6-35B-A3B-FP8-without-reasoning,compact_grids,instance_00017,Request Success Ratio,1.0
4780,imagegame,Qwen3.6-35B-A3B-FP8-without-reasoning,compact_grids,instance_00010,Precision,
4781,imagegame,Qwen3.6-35B-A3B-FP8-without-reasoning,compact_grids,instance_00010,Recall,
4782,imagegame,Qwen3.6-35B-A3B-FP8-without-reasoning,compact_grids,instance_00010,F1,
4783,imagegame,Qwen3.6-35B-A3B-FP8-without-reasoning,compact_grids,instance_00010,Main Score,
4784,imagegame,Qwen3.6-35B-A3B-FP8-without-reasoning,compact_grids,instance_00010,Average Changed Cell Count,
4785,imagegame,Qwen3.6-35B-A3B-FP8-without-reasoning,compact_grids,instance_00010,Average Generated Instruction Length,
4786,imagegame,Qwen3.6-35B-A3B-FP8-without-reasoning,compact_grids,instance_00010,Average Generated Expression Number of Tokens,
4787,imagegame,Qwen3.6-35B-A3B-FP8-without-reasoning,compact_grids,instance_00010,Success,0
4788,imagegame,Qwen3.6-35B-A3B-FP8-without-reasoning,compact_grids,instance_00010,Lose,0
4789,imagegame,Qwen3.6-35B-A3B-FP8-without-reasoning,compact_grids,instance_00010,Aborted,1
4790,imagegame,Qwen3.6-35B-A3B-FP8-without-reasoning,compact_grids,instance_00010,Request Count,3
4791,imagegame,Qwen3.6-35B-A3B-FP8-without-reasoning,compact_grids,instance_00010,Violated Request Count,1
4792,imagegame,Qwen3.6-35B-A3B-FP8-without-reasoning,compact_grids,instance_00010,Parsed Request Count,2
4793,imagegame,Qwen3.6-35B-A3B-FP8-without-reasoning,compact_grids,instance_00010,Request Success Ratio,0.6667
4794,imagegame,Qwen3.6-35B-A3B-FP8-without-reasoning,compact_grids,instance_00019,Precision,100.0
4795,imagegame,Qwen3.6-35B-A3B-FP8-without-reasoning,compact_grids,instance_00019,Recall,100.0
4796,imagegame,Qwen3.6-35B-A3B-FP8-without-reasoning,compact_grids,instance_00019,F1,100.0
4797,imagegame,Qwen3.6-35B-A3B-FP8-without-reasoning,compact_grids,instance_00019,Main Score,100.0
4798,imagegame,Qwen3.6-35B-A3B-FP8-without-reasoning,compact_grids,instance_00019,Average Changed Cell Count,1.3636
4799,imagegame,Qwen3.6-35B-A3B-FP8-without-reasoning,compact_grids,instance_00019,Average Generated Instruction Length,11.3636
4800,imagegame,Qwen3.6-35B-A3B-FP8-without-reasoning,compact_grids,instance_00019,Average Generated Expression Number of Tokens,2.0909
4801,imagegame,Qwen3.6-35B-A3B-FP8-without-reasoning,compact_grids,instance_00019,Success,1
4802,imagegame,Qwen3.6-35B-A3B-FP8-without-reasoning,compact_grids,instance_00019,Lose,0
4803,imagegame,Qwen3.6-35B-A3B-FP8-without-reasoning,compact_grids,instance_00019,Aborted,0
4804,imagegame,Qwen3.6-35B-A3B-FP8-without-reasoning,compact_grids,instance_00019,Request Count,68
4805,imagegame,Qwen3.6-35B-A3B-FP8-without-reasoning,compact_grids,instance_00019,Violated Request Count,0
4806,imagegame,Qwen3.6-35B-A3B-FP8-without-reasoning,compact_grids,instance_00019,Parsed Request Count,68
4807,imagegame,Qwen3.6-35B-A3B-FP8-without-reasoning,compact_grids,instance_00019,Request Success Ratio,1.0
4808,imagegame,Qwen3.6-35B-A3B-FP8-without-reasoning,compact_grids,instance_00018,Precision,
4809,imagegame,Qwen3.6-35B-A3B-FP8-without-reasoning,compact_grids,instance_00018,Recall,
4810,imagegame,Qwen3.6-35B-A3B-FP8-without-reasoning,compact_grids,instance_00018,F1,
4811,imagegame,Qwen3.6-35B-A3B-FP8-without-reasoning,compact_grids,instance_00018,Main Score,
4812,imagegame,Qwen3.6-35B-A3B-FP8-without-reasoning,compact_grids,instance_00018,Average Changed Cell Count,
4813,imagegame,Qwen3.6-35B-A3B-FP8-without-reasoning,compact_grids,instance_00018,Average Generated Instruction Length,
4814,imagegame,Qwen3.6-35B-A3B-FP8-without-reasoning,compact_grids,instance_00018,Average Generated Expression Number of Tokens,
4815,imagegame,Qwen3.6-35B-A3B-FP8-without-reasoning,compact_grids,instance_00018,Success,0
4816,imagegame,Qwen3.6-35B-A3B-FP8-without-reasoning,compact_grids,instance_00018,Lose,0
4817,imagegame,Qwen3.6-35B-A3B-FP8-without-reasoning,compact_grids,instance_00018,Aborted,1
4818,imagegame,Qwen3.6-35B-A3B-FP8-without-reasoning,compact_grids,instance_00018,Request Count,3
4819,imagegame,Qwen3.6-35B-A3B-FP8-without-reasoning,compact_grids,instance_00018,Violated Request Count,1
4820,imagegame,Qwen3.6-35B-A3B-FP8-without-reasoning,compact_grids,instance_00018,Parsed Request Count,2
4821,imagegame,Qwen3.6-35B-A3B-FP8-without-reasoning,compact_grids,instance_00018,Request Success Ratio,0.6667
4822,imagegame,Qwen3.6-35B-A3B-FP8-without-reasoning,compact_grids,instance_00011,Precision,100.0
4823,imagegame,Qwen3.6-35B-A3B-FP8-without-reasoning,compact_grids,instance_00011,Recall,100.0
4824,imagegame,Qwen3.6-35B-A3B-FP8-without-reasoning,compact_grids,instance_00011,F1,100.0
4825,imagegame,Qwen3.6-35B-A3B-FP8-without-reasoning,compact_grids,instance_00011,Main Score,100.0
4826,imagegame,Qwen3.6-35B-A3B-FP8-without-reasoning,compact_grids,instance_00011,Average Changed Cell Count,1.8
4827,imagegame,Qwen3.6-35B-A3B-FP8-without-reasoning,compact_grids,instance_00011,Average Generated Instruction Length,10.4
4828,imagegame,Qwen3.6-35B-A3B-FP8-without-reasoning,compact_grids,instance_00011,Average Generated Expression Number of Tokens,2.0
4829,imagegame,Qwen3.6-35B-A3B-FP8-without-reasoning,compact_grids,instance_00011,Success,1
4830,imagegame,Qwen3.6-35B-A3B-FP8-without-reasoning,compact_grids,instance_00011,Lose,0
4831,imagegame,Qwen3.6-35B-A3B-FP8-without-reasoning,compact_grids,instance_00011,Aborted,0
4832,imagegame,Qwen3.6-35B-A3B-FP8-without-reasoning,compact_grids,instance_00011,Request Count,32
4833,imagegame,Qwen3.6-35B-A3B-FP8-without-reasoning,compact_grids,instance_00011,Violated Request Count,0
4834,imagegame,Qwen3.6-35B-A3B-FP8-without-reasoning,compact_grids,instance_00011,Parsed Request Count,32
4835,imagegame,Qwen3.6-35B-A3B-FP8-without-reasoning,compact_grids,instance_00011,Request Success Ratio,1.0
4836,imagegame,Qwen3.6-35B-A3B-FP8-without-reasoning,compact_grids,instance_00016,Precision,100.0
4837,imagegame,Qwen3.6-35B-A3B-FP8-without-reasoning,compact_grids,instance_00016,Recall,100.0
4838,imagegame,Qwen3.6-35B-A3B-FP8-without-reasoning,compact_grids,instance_00016,F1,100.0
4839,imagegame,Qwen3.6-35B-A3B-FP8-without-reasoning,compact_grids,instance_00016,Main Score,100.0
4840,imagegame,Qwen3.6-35B-A3B-FP8-without-reasoning,compact_grids,instance_00016,Average Changed Cell Count,3.4
4841,imagegame,Qwen3.6-35B-A3B-FP8-without-reasoning,compact_grids,instance_00016,Average Generated Instruction Length,13.0
4842,imagegame,Qwen3.6-35B-A3B-FP8-without-reasoning,compact_grids,instance_00016,Average Generated Expression Number of Tokens,2.0
4843,imagegame,Qwen3.6-35B-A3B-FP8-without-reasoning,compact_grids,instance_00016,Success,1
4844,imagegame,Qwen3.6-35B-A3B-FP8-without-reasoning,compact_grids,instance_00016,Lose,0
4845,imagegame,Qwen3.6-35B-A3B-FP8-without-reasoning,compact_grids,instance_00016,Aborted,0
4846,imagegame,Qwen3.6-35B-A3B-FP8-without-reasoning,compact_grids,instance_00016,Request Count,32
4847,imagegame,Qwen3.6-35B-A3B-FP8-without-reasoning,compact_grids,instance_00016,Violated Request Count,0
4848,imagegame,Qwen3.6-35B-A3B-FP8-without-reasoning,compact_grids,instance_00016,Parsed Request Count,32
4849,imagegame,Qwen3.6-35B-A3B-FP8-without-reasoning,compact_grids,instance_00016,Request Success Ratio,1.0
4850,imagegame,Qwen3.6-35B-A3B-FP8-without-reasoning,compact_grids,instance_00008,Precision,
4851,imagegame,Qwen3.6-35B-A3B-FP8-without-reasoning,compact_grids,instance_00008,Recall,
4852,imagegame,Qwen3.6-35B-A3B-FP8-without-reasoning,compact_grids,instance_00008,F1,
4853,imagegame,Qwen3.6-35B-A3B-FP8-without-reasoning,compact_grids,instance_00008,Main Score,
4854,imagegame,Qwen3.6-35B-A3B-FP8-without-reasoning,compact_grids,instance_00008,Average Changed Cell Count,
4855,imagegame,Qwen3.6-35B-A3B-FP8-without-reasoning,compact_grids,instance_00008,Average Generated Instruction Length,
4856,imagegame,Qwen3.6-35B-A3B-FP8-without-reasoning,compact_grids,instance_00008,Average Generated Expression Number of Tokens,
4857,imagegame,Qwen3.6-35B-A3B-FP8-without-reasoning,compact_grids,instance_00008,Success,0
4858,imagegame,Qwen3.6-35B-A3B-FP8-without-reasoning,compact_grids,instance_00008,Lose,0
4859,imagegame,Qwen3.6-35B-A3B-FP8-without-reasoning,compact_grids,instance_00008,Aborted,1
4860,imagegame,Qwen3.6-35B-A3B-FP8-without-reasoning,compact_grids,instance_00008,Request Count,3
4861,imagegame,Qwen3.6-35B-A3B-FP8-without-reasoning,compact_grids,instance_00008,Violated Request Count,1
4862,imagegame,Qwen3.6-35B-A3B-FP8-without-reasoning,compact_grids,instance_00008,Parsed Request Count,2
4863,imagegame,Qwen3.6-35B-A3B-FP8-without-reasoning,compact_grids,instance_00008,Request Success Ratio,0.6667
4864,imagegame,Qwen3.6-35B-A3B-FP8-without-reasoning,compact_grids,instance_00001,Precision,0.0
4865,imagegame,Qwen3.6-35B-A3B-FP8-without-reasoning,compact_grids,instance_00001,Recall,0.0
4866,imagegame,Qwen3.6-35B-A3B-FP8-without-reasoning,compact_grids,instance_00001,F1,0
4867,imagegame,Qwen3.6-35B-A3B-FP8-without-reasoning,compact_grids,instance_00001,Main Score,0
4868,imagegame,Qwen3.6-35B-A3B-FP8-without-reasoning,compact_grids,instance_00001,Average Changed Cell Count,1.0
4869,imagegame,Qwen3.6-35B-A3B-FP8-without-reasoning,compact_grids,instance_00001,Average Generated Instruction Length,8.0
4870,imagegame,Qwen3.6-35B-A3B-FP8-without-reasoning,compact_grids,instance_00001,Average Generated Expression Number of Tokens,2.0
4871,imagegame,Qwen3.6-35B-A3B-FP8-without-reasoning,compact_grids,instance_00001,Success,0
4872,imagegame,Qwen3.6-35B-A3B-FP8-without-reasoning,compact_grids,instance_00001,Lose,1
4873,imagegame,Qwen3.6-35B-A3B-FP8-without-reasoning,compact_grids,instance_00001,Aborted,0
4874,imagegame,Qwen3.6-35B-A3B-FP8-without-reasoning,compact_grids,instance_00001,Request Count,14
4875,imagegame,Qwen3.6-35B-A3B-FP8-without-reasoning,compact_grids,instance_00001,Violated Request Count,0
4876,imagegame,Qwen3.6-35B-A3B-FP8-without-reasoning,compact_grids,instance_00001,Parsed Request Count,14
4877,imagegame,Qwen3.6-35B-A3B-FP8-without-reasoning,compact_grids,instance_00001,Request Success Ratio,1.0
4878,imagegame,Qwen3.6-35B-A3B-FP8-without-reasoning,compact_grids,instance_00006,Precision,100.0
4879,imagegame,Qwen3.6-35B-A3B-FP8-without-reasoning,compact_grids,instance_00006,Recall,100.0
4880,imagegame,Qwen3.6-35B-A3B-FP8-without-reasoning,compact_grids,instance_00006,F1,100.0
4881,imagegame,Qwen3.6-35B-A3B-FP8-without-reasoning,compact_grids,instance_00006,Main Score,100.0
4882,imagegame,Qwen3.6-35B-A3B-FP8-without-reasoning,compact_grids,instance_00006,Average Changed Cell Count,1.0
4883,imagegame,Qwen3.6-35B-A3B-FP8-without-reasoning,compact_grids,instance_00006,Average Generated Instruction Length,11.0
4884,imagegame,Qwen3.6-35B-A3B-FP8-without-reasoning,compact_grids,instance_00006,Average Generated Expression Number of Tokens,2.0
4885,imagegame,Qwen3.6-35B-A3B-FP8-without-reasoning,compact_grids,instance_00006,Success,1
4886,imagegame,Qwen3.6-35B-A3B-FP8-without-reasoning,compact_grids,instance_00006,Lose,0
4887,imagegame,Qwen3.6-35B-A3B-FP8-without-reasoning,compact_grids,instance_00006,Aborted,0
4888,imagegame,Qwen3.6-35B-A3B-FP8-without-reasoning,compact_grids,instance_00006,Request Count,50
4889,imagegame,Qwen3.6-35B-A3B-FP8-without-reasoning,compact_grids,instance_00006,Violated Request Count,0
4890,imagegame,Qwen3.6-35B-A3B-FP8-without-reasoning,compact_grids,instance_00006,Parsed Request Count,50
4891,imagegame,Qwen3.6-35B-A3B-FP8-without-reasoning,compact_grids,instance_00006,Request Success Ratio,1.0
4892,imagegame,Qwen3.6-35B-A3B-FP8-without-reasoning,compact_grids,instance_00007,Precision,100.0
4893,imagegame,Qwen3.6-35B-A3B-FP8-without-reasoning,compact_grids,instance_00007,Recall,100.0
4894,imagegame,Qwen3.6-35B-A3B-FP8-without-reasoning,compact_grids,instance_00007,F1,100.0
4895,imagegame,Qwen3.6-35B-A3B-FP8-without-reasoning,compact_grids,instance_00007,Main Score,100.0
4896,imagegame,Qwen3.6-35B-A3B-FP8-without-reasoning,compact_grids,instance_00007,Average Changed Cell Count,3.0
4897,imagegame,Qwen3.6-35B-A3B-FP8-without-reasoning,compact_grids,instance_00007,Average Generated Instruction Length,12.8
4898,imagegame,Qwen3.6-35B-A3B-FP8-without-reasoning,compact_grids,instance_00007,Average Generated Expression Number of Tokens,2.0
4899,imagegame,Qwen3.6-35B-A3B-FP8-without-reasoning,compact_grids,instance_00007,Success,1
4900,imagegame,Qwen3.6-35B-A3B-FP8-without-reasoning,compact_grids,instance_00007,Lose,0
4901,imagegame,Qwen3.6-35B-A3B-FP8-without-reasoning,compact_grids,instance_00007,Aborted,0
4902,imagegame,Qwen3.6-35B-A3B-FP8-without-reasoning,compact_grids,instance_00007,Request Count,32
4903,imagegame,Qwen3.6-35B-A3B-FP8-without-reasoning,compact_grids,instance_00007,Violated Request Count,0
4904,imagegame,Qwen3.6-35B-A3B-FP8-without-reasoning,compact_grids,instance_00007,Parsed Request Count,32
4905,imagegame,Qwen3.6-35B-A3B-FP8-without-reasoning,compact_grids,instance_00007,Request Success Ratio,1.0
4906,imagegame,Qwen3.6-35B-A3B-FP8-without-reasoning,compact_grids,instance_00000,Precision,100.0
4907,imagegame,Qwen3.6-35B-A3B-FP8-without-reasoning,compact_grids,instance_00000,Recall,100.0
4908,imagegame,Qwen3.6-35B-A3B-FP8-without-reasoning,compact_grids,instance_00000,F1,100.0
4909,imagegame,Qwen3.6-35B-A3B-FP8-without-reasoning,compact_grids,instance_00000,Main Score,100.0
4910,imagegame,Qwen3.6-35B-A3B-FP8-without-reasoning,compact_grids,instance_00000,Average Changed Cell Count,1.0
4911,imagegame,Qwen3.6-35B-A3B-FP8-without-reasoning,compact_grids,instance_00000,Average Generated Instruction Length,11.0
4912,imagegame,Qwen3.6-35B-A3B-FP8-without-reasoning,compact_grids,instance_00000,Average Generated Expression Number of Tokens,2.0
4913,imagegame,Qwen3.6-35B-A3B-FP8-without-reasoning,compact_grids,instance_00000,Success,1
4914,imagegame,Qwen3.6-35B-A3B-FP8-without-reasoning,compact_grids,instance_00000,Lose,0
4915,imagegame,Qwen3.6-35B-A3B-FP8-without-reasoning,compact_grids,instance_00000,Aborted,0
4916,imagegame,Qwen3.6-35B-A3B-FP8-without-reasoning,compact_grids,instance_00000,Request Count,32
4917,imagegame,Qwen3.6-35B-A3B-FP8-without-reasoning,compact_grids,instance_00000,Violated Request Count,0
4918,imagegame,Qwen3.6-35B-A3B-FP8-without-reasoning,compact_grids,instance_00000,Parsed Request Count,32
4919,imagegame,Qwen3.6-35B-A3B-FP8-without-reasoning,compact_grids,instance_00000,Request Success Ratio,1.0
4920,imagegame,Qwen3.6-35B-A3B-FP8-without-reasoning,compact_grids,instance_00009,Precision,100.0
4921,imagegame,Qwen3.6-35B-A3B-FP8-without-reasoning,compact_grids,instance_00009,Recall,100.0
4922,imagegame,Qwen3.6-35B-A3B-FP8-without-reasoning,compact_grids,instance_00009,F1,100.0
4923,imagegame,Qwen3.6-35B-A3B-FP8-without-reasoning,compact_grids,instance_00009,Main Score,100.0
4924,imagegame,Qwen3.6-35B-A3B-FP8-without-reasoning,compact_grids,instance_00009,Average Changed Cell Count,7.5
4925,imagegame,Qwen3.6-35B-A3B-FP8-without-reasoning,compact_grids,instance_00009,Average Generated Instruction Length,11.0
4926,imagegame,Qwen3.6-35B-A3B-FP8-without-reasoning,compact_grids,instance_00009,Average Generated Expression Number of Tokens,3.0
4927,imagegame,Qwen3.6-35B-A3B-FP8-without-reasoning,compact_grids,instance_00009,Success,1
4928,imagegame,Qwen3.6-35B-A3B-FP8-without-reasoning,compact_grids,instance_00009,Lose,0
4929,imagegame,Qwen3.6-35B-A3B-FP8-without-reasoning,compact_grids,instance_00009,Aborted,0
4930,imagegame,Qwen3.6-35B-A3B-FP8-without-reasoning,compact_grids,instance_00009,Request Count,14
4931,imagegame,Qwen3.6-35B-A3B-FP8-without-reasoning,compact_grids,instance_00009,Violated Request Count,0
4932,imagegame,Qwen3.6-35B-A3B-FP8-without-reasoning,compact_grids,instance_00009,Parsed Request Count,14
4933,imagegame,Qwen3.6-35B-A3B-FP8-without-reasoning,compact_grids,instance_00009,Request Success Ratio,1.0
4934,imagegame,Qwen3.6-35B-A3B-FP8-without-reasoning,compact_grids,instance_00013,Precision,91.0
4935,imagegame,Qwen3.6-35B-A3B-FP8-without-reasoning,compact_grids,instance_00013,Recall,100.0
4936,imagegame,Qwen3.6-35B-A3B-FP8-without-reasoning,compact_grids,instance_00013,F1,95.0
4937,imagegame,Qwen3.6-35B-A3B-FP8-without-reasoning,compact_grids,instance_00013,Main Score,95.0
4938,imagegame,Qwen3.6-35B-A3B-FP8-without-reasoning,compact_grids,instance_00013,Average Changed Cell Count,3.2857
4939,imagegame,Qwen3.6-35B-A3B-FP8-without-reasoning,compact_grids,instance_00013,Average Generated Instruction Length,13.8571
4940,imagegame,Qwen3.6-35B-A3B-FP8-without-reasoning,compact_grids,instance_00013,Average Generated Expression Number of Tokens,2.4286
4941,imagegame,Qwen3.6-35B-A3B-FP8-without-reasoning,compact_grids,instance_00013,Success,0
4942,imagegame,Qwen3.6-35B-A3B-FP8-without-reasoning,compact_grids,instance_00013,Lose,1
4943,imagegame,Qwen3.6-35B-A3B-FP8-without-reasoning,compact_grids,instance_00013,Aborted,0
4944,imagegame,Qwen3.6-35B-A3B-FP8-without-reasoning,compact_grids,instance_00013,Request Count,44
4945,imagegame,Qwen3.6-35B-A3B-FP8-without-reasoning,compact_grids,instance_00013,Violated Request Count,0
4946,imagegame,Qwen3.6-35B-A3B-FP8-without-reasoning,compact_grids,instance_00013,Parsed Request Count,44
4947,imagegame,Qwen3.6-35B-A3B-FP8-without-reasoning,compact_grids,instance_00013,Request Success Ratio,1.0
4948,imagegame,Qwen3.6-35B-A3B-FP8-without-reasoning,compact_grids,instance_00014,Precision,100.0
4949,imagegame,Qwen3.6-35B-A3B-FP8-without-reasoning,compact_grids,instance_00014,Recall,100.0
4950,imagegame,Qwen3.6-35B-A3B-FP8-without-reasoning,compact_grids,instance_00014,F1,100.0
4951,imagegame,Qwen3.6-35B-A3B-FP8-without-reasoning,compact_grids,instance_00014,Main Score,100.0
4952,imagegame,Qwen3.6-35B-A3B-FP8-without-reasoning,compact_grids,instance_00014,Average Changed Cell Count,5.0
4953,imagegame,Qwen3.6-35B-A3B-FP8-without-reasoning,compact_grids,instance_00014,Average Generated Instruction Length,40.0
4954,imagegame,Qwen3.6-35B-A3B-FP8-without-reasoning,compact_grids,instance_00014,Average Generated Expression Number of Tokens,8.0
4955,imagegame,Qwen3.6-35B-A3B-FP8-without-reasoning,compact_grids,instance_00014,Success,1
4956,imagegame,Qwen3.6-35B-A3B-FP8-without-reasoning,compact_grids,instance_00014,Lose,0
4957,imagegame,Qwen3.6-35B-A3B-FP8-without-reasoning,compact_grids,instance_00014,Aborted,0
4958,imagegame,Qwen3.6-35B-A3B-FP8-without-reasoning,compact_grids,instance_00014,Request Count,8
4959,imagegame,Qwen3.6-35B-A3B-FP8-without-reasoning,compact_grids,instance_00014,Violated Request Count,0
4960,imagegame,Qwen3.6-35B-A3B-FP8-without-reasoning,compact_grids,instance_00014,Parsed Request Count,8
4961,imagegame,Qwen3.6-35B-A3B-FP8-without-reasoning,compact_grids,instance_00014,Request Success Ratio,1.0
4962,imagegame,Qwen3.6-35B-A3B-FP8-without-reasoning,compact_grids,instance_00015,Precision,100.0
4963,imagegame,Qwen3.6-35B-A3B-FP8-without-reasoning,compact_grids,instance_00015,Recall,100.0
4964,imagegame,Qwen3.6-35B-A3B-FP8-without-reasoning,compact_grids,instance_00015,F1,100.0
4965,imagegame,Qwen3.6-35B-A3B-FP8-without-reasoning,compact_grids,instance_00015,Main Score,100.0
4966,imagegame,Qwen3.6-35B-A3B-FP8-without-reasoning,compact_grids,instance_00015,Average Changed Cell Count,1.5
4967,imagegame,Qwen3.6-35B-A3B-FP8-without-reasoning,compact_grids,instance_00015,Average Generated Instruction Length,10.8333
4968,imagegame,Qwen3.6-35B-A3B-FP8-without-reasoning,compact_grids,instance_00015,Average Generated Expression Number of Tokens,2.1667
4969,imagegame,Qwen3.6-35B-A3B-FP8-without-reasoning,compact_grids,instance_00015,Success,1
4970,imagegame,Qwen3.6-35B-A3B-FP8-without-reasoning,compact_grids,instance_00015,Lose,0
4971,imagegame,Qwen3.6-35B-A3B-FP8-without-reasoning,compact_grids,instance_00015,Aborted,0
4972,imagegame,Qwen3.6-35B-A3B-FP8-without-reasoning,compact_grids,instance_00015,Request Count,38
4973,imagegame,Qwen3.6-35B-A3B-FP8-without-reasoning,compact_grids,instance_00015,Violated Request Count,0
4974,imagegame,Qwen3.6-35B-A3B-FP8-without-reasoning,compact_grids,instance_00015,Parsed Request Count,38
4975,imagegame,Qwen3.6-35B-A3B-FP8-without-reasoning,compact_grids,instance_00015,Request Success Ratio,1.0
4976,imagegame,Qwen3.6-35B-A3B-FP8-without-reasoning,compact_grids,instance_00012,Precision,100.0
4977,imagegame,Qwen3.6-35B-A3B-FP8-without-reasoning,compact_grids,instance_00012,Recall,100.0
4978,imagegame,Qwen3.6-35B-A3B-FP8-without-reasoning,compact_grids,instance_00012,F1,100.0
4979,imagegame,Qwen3.6-35B-A3B-FP8-without-reasoning,compact_grids,instance_00012,Main Score,100.0
4980,imagegame,Qwen3.6-35B-A3B-FP8-without-reasoning,compact_grids,instance_00012,Average Changed Cell Count,1.0
4981,imagegame,Qwen3.6-35B-A3B-FP8-without-reasoning,compact_grids,instance_00012,Average Generated Instruction Length,11.0
4982,imagegame,Qwen3.6-35B-A3B-FP8-without-reasoning,compact_grids,instance_00012,Average Generated Expression Number of Tokens,2.0
4983,imagegame,Qwen3.6-35B-A3B-FP8-without-reasoning,compact_grids,instance_00012,Success,1
4984,imagegame,Qwen3.6-35B-A3B-FP8-without-reasoning,compact_grids,instance_00012,Lose,0
4985,imagegame,Qwen3.6-35B-A3B-FP8-without-reasoning,compact_grids,instance_00012,Aborted,0
4986,imagegame,Qwen3.6-35B-A3B-FP8-without-reasoning,compact_grids,instance_00012,Request Count,92
4987,imagegame,Qwen3.6-35B-A3B-FP8-without-reasoning,compact_grids,instance_00012,Violated Request Count,0
4988,imagegame,Qwen3.6-35B-A3B-FP8-without-reasoning,compact_grids,instance_00012,Parsed Request Count,92
4989,imagegame,Qwen3.6-35B-A3B-FP8-without-reasoning,compact_grids,instance_00012,Request Success Ratio,1.0
4990,codenames,Qwen3.6-35B-A3B-FP8-without-reasoning,opponent_difficult,instance_00002,experiment variable,Opponent Difficulty
4991,codenames,Qwen3.6-35B-A3B-FP8-without-reasoning,opponent_difficult,instance_00002,experiment name,opponent_difficult
4992,codenames,Qwen3.6-35B-A3B-FP8-without-reasoning,opponent_difficult,instance_00002,Cluegiver strip words,0
4993,codenames,Qwen3.6-35B-A3B-FP8-without-reasoning,opponent_difficult,instance_00002,Guesser strip words,0
4994,codenames,Qwen3.6-35B-A3B-FP8-without-reasoning,opponent_difficult,instance_00002,Average Cluegiver Number of Targets,1
4995,codenames,Qwen3.6-35B-A3B-FP8-without-reasoning,opponent_difficult,instance_00002,Average Cluegiver Team Precision,1.0
4996,codenames,Qwen3.6-35B-A3B-FP8-without-reasoning,opponent_difficult,instance_00002,Average Cluegiver Team Recall,0.131
4997,codenames,Qwen3.6-35B-A3B-FP8-without-reasoning,opponent_difficult,instance_00002,Average Cluegiver Team F1,0.232
4998,codenames,Qwen3.6-35B-A3B-FP8-without-reasoning,opponent_difficult,instance_00002,Average Guesser Number of Guesses,0.8
4999,codenames,Qwen3.6-35B-A3B-FP8-without-reasoning,opponent_difficult,instance_00002,Average Guesser Number of Revealed Words,0.8
5000,codenames,Qwen3.6-35B-A3B-FP8-without-reasoning,opponent_difficult,instance_00002,Average Guesser Number of Unrevealed Guesses,0
5001,codenames,Qwen3.6-35B-A3B-FP8-without-reasoning,opponent_difficult,instance_00002,Average Guesser Target Precision,0.6
5002,codenames,Qwen3.6-35B-A3B-FP8-without-reasoning,opponent_difficult,instance_00002,Average Guesser Target Recall,0.6
5003,codenames,Qwen3.6-35B-A3B-FP8-without-reasoning,opponent_difficult,instance_00002,Average Guesser Target F1,0.6
5004,codenames,Qwen3.6-35B-A3B-FP8-without-reasoning,opponent_difficult,instance_00002,Average Guesser Team Precision,0.6
5005,codenames,Qwen3.6-35B-A3B-FP8-without-reasoning,opponent_difficult,instance_00002,Average Guesser Team Recall,0.076
5006,codenames,Qwen3.6-35B-A3B-FP8-without-reasoning,opponent_difficult,instance_00002,Average Guesser Team F1,0.134
5007,codenames,Qwen3.6-35B-A3B-FP8-without-reasoning,opponent_difficult,instance_00002,Aborted,0
5008,codenames,Qwen3.6-35B-A3B-FP8-without-reasoning,opponent_difficult,instance_00002,Lose,1
5009,codenames,Qwen3.6-35B-A3B-FP8-without-reasoning,opponent_difficult,instance_00002,Success,0
5010,codenames,Qwen3.6-35B-A3B-FP8-without-reasoning,opponent_difficult,instance_00002,Game ended through assassin,0
5011,codenames,Qwen3.6-35B-A3B-FP8-without-reasoning,opponent_difficult,instance_00002,Episode Recall,0.333
5012,codenames,Qwen3.6-35B-A3B-FP8-without-reasoning,opponent_difficult,instance_00002,Episode Negative Recall,0.938
5013,codenames,Qwen3.6-35B-A3B-FP8-without-reasoning,opponent_difficult,instance_00002,Number of turns,5
5014,codenames,Qwen3.6-35B-A3B-FP8-without-reasoning,opponent_difficult,instance_00002,Efficiency,0.4
5015,codenames,Qwen3.6-35B-A3B-FP8-without-reasoning,opponent_difficult,instance_00002,Request Count,9
5016,codenames,Qwen3.6-35B-A3B-FP8-without-reasoning,opponent_difficult,instance_00002,Parsed Request Count,9
5017,codenames,Qwen3.6-35B-A3B-FP8-without-reasoning,opponent_difficult,instance_00002,Violated Request Count,0
5018,codenames,Qwen3.6-35B-A3B-FP8-without-reasoning,opponent_difficult,instance_00002,Request Success Ratio,1.0
5019,codenames,Qwen3.6-35B-A3B-FP8-without-reasoning,opponent_difficult,instance_00002,Main Score,0
5020,codenames,Qwen3.6-35B-A3B-FP8-without-reasoning,opponent_difficult,instance_00003,experiment variable,Opponent Difficulty
5021,codenames,Qwen3.6-35B-A3B-FP8-without-reasoning,opponent_difficult,instance_00003,experiment name,opponent_difficult
5022,codenames,Qwen3.6-35B-A3B-FP8-without-reasoning,opponent_difficult,instance_00003,Cluegiver strip words,0
5023,codenames,Qwen3.6-35B-A3B-FP8-without-reasoning,opponent_difficult,instance_00003,Guesser strip words,0
5024,codenames,Qwen3.6-35B-A3B-FP8-without-reasoning,opponent_difficult,instance_00003,Average Cluegiver Number of Targets,2
5025,codenames,Qwen3.6-35B-A3B-FP8-without-reasoning,opponent_difficult,instance_00003,Average Cluegiver Team Precision,1.0
5026,codenames,Qwen3.6-35B-A3B-FP8-without-reasoning,opponent_difficult,instance_00003,Average Cluegiver Team Recall,0.25
5027,codenames,Qwen3.6-35B-A3B-FP8-without-reasoning,opponent_difficult,instance_00003,Average Cluegiver Team F1,0.393
5028,codenames,Qwen3.6-35B-A3B-FP8-without-reasoning,opponent_difficult,instance_00003,Average Guesser Number of Guesses,1.5
5029,codenames,Qwen3.6-35B-A3B-FP8-without-reasoning,opponent_difficult,instance_00003,Average Guesser Number of Revealed Words,1.5
5030,codenames,Qwen3.6-35B-A3B-FP8-without-reasoning,opponent_difficult,instance_00003,Average Guesser Number of Unrevealed Guesses,0
5031,codenames,Qwen3.6-35B-A3B-FP8-without-reasoning,opponent_difficult,instance_00003,Average Guesser Target Precision,0.5
5032,codenames,Qwen3.6-35B-A3B-FP8-without-reasoning,opponent_difficult,instance_00003,Average Guesser Target Recall,0.5
5033,codenames,Qwen3.6-35B-A3B-FP8-without-reasoning,opponent_difficult,instance_00003,Average Guesser Target F1,0.5
5034,codenames,Qwen3.6-35B-A3B-FP8-without-reasoning,opponent_difficult,instance_00003,Average Guesser Team Precision,0.5
5035,codenames,Qwen3.6-35B-A3B-FP8-without-reasoning,opponent_difficult,instance_00003,Average Guesser Team Recall,0.167
5036,codenames,Qwen3.6-35B-A3B-FP8-without-reasoning,opponent_difficult,instance_00003,Average Guesser Team F1,0.25
5037,codenames,Qwen3.6-35B-A3B-FP8-without-reasoning,opponent_difficult,instance_00003,Aborted,1
5038,codenames,Qwen3.6-35B-A3B-FP8-without-reasoning,opponent_difficult,instance_00003,Lose,0
5039,codenames,Qwen3.6-35B-A3B-FP8-without-reasoning,opponent_difficult,instance_00003,Success,0
5040,codenames,Qwen3.6-35B-A3B-FP8-without-reasoning,opponent_difficult,instance_00003,Game ended through assassin,0
5041,codenames,Qwen3.6-35B-A3B-FP8-without-reasoning,opponent_difficult,instance_00003,Episode Recall,0.333
5042,codenames,Qwen3.6-35B-A3B-FP8-without-reasoning,opponent_difficult,instance_00003,Episode Negative Recall,1.0
5043,codenames,Qwen3.6-35B-A3B-FP8-without-reasoning,opponent_difficult,instance_00003,Number of turns,3
5044,codenames,Qwen3.6-35B-A3B-FP8-without-reasoning,opponent_difficult,instance_00003,Efficiency,0.5
5045,codenames,Qwen3.6-35B-A3B-FP8-without-reasoning,opponent_difficult,instance_00003,Request Count,4
5046,codenames,Qwen3.6-35B-A3B-FP8-without-reasoning,opponent_difficult,instance_00003,Parsed Request Count,3
5047,codenames,Qwen3.6-35B-A3B-FP8-without-reasoning,opponent_difficult,instance_00003,Violated Request Count,1
5048,codenames,Qwen3.6-35B-A3B-FP8-without-reasoning,opponent_difficult,instance_00003,Request Success Ratio,0.75
5049,codenames,Qwen3.6-35B-A3B-FP8-without-reasoning,opponent_difficult,instance_00003,Main Score,
5050,codenames,Qwen3.6-35B-A3B-FP8-without-reasoning,opponent_difficult,instance_00004,experiment variable,Opponent Difficulty
5051,codenames,Qwen3.6-35B-A3B-FP8-without-reasoning,opponent_difficult,instance_00004,experiment name,opponent_difficult
5052,codenames,Qwen3.6-35B-A3B-FP8-without-reasoning,opponent_difficult,instance_00004,Cluegiver strip words,0
5053,codenames,Qwen3.6-35B-A3B-FP8-without-reasoning,opponent_difficult,instance_00004,Guesser strip words,0
5054,codenames,Qwen3.6-35B-A3B-FP8-without-reasoning,opponent_difficult,instance_00004,Average Cluegiver Number of Targets,1.5
5055,codenames,Qwen3.6-35B-A3B-FP8-without-reasoning,opponent_difficult,instance_00004,Average Cluegiver Team Precision,1.0
5056,codenames,Qwen3.6-35B-A3B-FP8-without-reasoning,opponent_difficult,instance_00004,Average Cluegiver Team Recall,0.17
5057,codenames,Qwen3.6-35B-A3B-FP8-without-reasoning,opponent_difficult,instance_00004,Average Cluegiver Team F1,0.287
5058,codenames,Qwen3.6-35B-A3B-FP8-without-reasoning,opponent_difficult,instance_00004,Average Guesser Number of Guesses,1
5059,codenames,Qwen3.6-35B-A3B-FP8-without-reasoning,opponent_difficult,instance_00004,Average Guesser Number of Revealed Words,0.75
5060,codenames,Qwen3.6-35B-A3B-FP8-without-reasoning,opponent_difficult,instance_00004,Average Guesser Number of Unrevealed Guesses,0.25
5061,codenames,Qwen3.6-35B-A3B-FP8-without-reasoning,opponent_difficult,instance_00004,Average Guesser Target Precision,0.25
5062,codenames,Qwen3.6-35B-A3B-FP8-without-reasoning,opponent_difficult,instance_00004,Average Guesser Target Recall,0.125
5063,codenames,Qwen3.6-35B-A3B-FP8-without-reasoning,opponent_difficult,instance_00004,Average Guesser Target F1,0.167
5064,codenames,Qwen3.6-35B-A3B-FP8-without-reasoning,opponent_difficult,instance_00004,Average Guesser Team Precision,0.25
5065,codenames,Qwen3.6-35B-A3B-FP8-without-reasoning,opponent_difficult,instance_00004,Average Guesser Team Recall,0.028
5066,codenames,Qwen3.6-35B-A3B-FP8-without-reasoning,opponent_difficult,instance_00004,Average Guesser Team F1,0.05
5067,codenames,Qwen3.6-35B-A3B-FP8-without-reasoning,opponent_difficult,instance_00004,Aborted,0
5068,codenames,Qwen3.6-35B-A3B-FP8-without-reasoning,opponent_difficult,instance_00004,Lose,1
5069,codenames,Qwen3.6-35B-A3B-FP8-without-reasoning,opponent_difficult,instance_00004,Success,0
5070,codenames,Qwen3.6-35B-A3B-FP8-without-reasoning,opponent_difficult,instance_00004,Game ended through assassin,0
5071,codenames,Qwen3.6-35B-A3B-FP8-without-reasoning,opponent_difficult,instance_00004,Episode Recall,0.111
5072,codenames,Qwen3.6-35B-A3B-FP8-without-reasoning,opponent_difficult,instance_00004,Episode Negative Recall,0.875
5073,codenames,Qwen3.6-35B-A3B-FP8-without-reasoning,opponent_difficult,instance_00004,Number of turns,4
5074,codenames,Qwen3.6-35B-A3B-FP8-without-reasoning,opponent_difficult,instance_00004,Efficiency,0.5
5075,codenames,Qwen3.6-35B-A3B-FP8-without-reasoning,opponent_difficult,instance_00004,Request Count,7
5076,codenames,Qwen3.6-35B-A3B-FP8-without-reasoning,opponent_difficult,instance_00004,Parsed Request Count,7
5077,codenames,Qwen3.6-35B-A3B-FP8-without-reasoning,opponent_difficult,instance_00004,Violated Request Count,0
5078,codenames,Qwen3.6-35B-A3B-FP8-without-reasoning,opponent_difficult,instance_00004,Request Success Ratio,1.0
5079,codenames,Qwen3.6-35B-A3B-FP8-without-reasoning,opponent_difficult,instance_00004,Main Score,0
5080,codenames,Qwen3.6-35B-A3B-FP8-without-reasoning,opponent_difficult,instance_00001,experiment variable,Opponent Difficulty
5081,codenames,Qwen3.6-35B-A3B-FP8-without-reasoning,opponent_difficult,instance_00001,experiment name,opponent_difficult
5082,codenames,Qwen3.6-35B-A3B-FP8-without-reasoning,opponent_difficult,instance_00001,Cluegiver strip words,0
5083,codenames,Qwen3.6-35B-A3B-FP8-without-reasoning,opponent_difficult,instance_00001,Guesser strip words,0
5084,codenames,Qwen3.6-35B-A3B-FP8-without-reasoning,opponent_difficult,instance_00001,Average Cluegiver Number of Targets,1.6
5085,codenames,Qwen3.6-35B-A3B-FP8-without-reasoning,opponent_difficult,instance_00001,Average Cluegiver Team Precision,1.0
5086,codenames,Qwen3.6-35B-A3B-FP8-without-reasoning,opponent_difficult,instance_00001,Average Cluegiver Team Recall,0.217
5087,codenames,Qwen3.6-35B-A3B-FP8-without-reasoning,opponent_difficult,instance_00001,Average Cluegiver Team F1,0.353
5088,codenames,Qwen3.6-35B-A3B-FP8-without-reasoning,opponent_difficult,instance_00001,Average Guesser Number of Guesses,1.4
5089,codenames,Qwen3.6-35B-A3B-FP8-without-reasoning,opponent_difficult,instance_00001,Average Guesser Number of Revealed Words,1.2
5090,codenames,Qwen3.6-35B-A3B-FP8-without-reasoning,opponent_difficult,instance_00001,Average Guesser Number of Unrevealed Guesses,0.2
5091,codenames,Qwen3.6-35B-A3B-FP8-without-reasoning,opponent_difficult,instance_00001,Average Guesser Target Precision,0.5
5092,codenames,Qwen3.6-35B-A3B-FP8-without-reasoning,opponent_difficult,instance_00001,Average Guesser Target Recall,0.5
5093,codenames,Qwen3.6-35B-A3B-FP8-without-reasoning,opponent_difficult,instance_00001,Average Guesser Target F1,0.5
5094,codenames,Qwen3.6-35B-A3B-FP8-without-reasoning,opponent_difficult,instance_00001,Average Guesser Team Precision,0.5
5095,codenames,Qwen3.6-35B-A3B-FP8-without-reasoning,opponent_difficult,instance_00001,Average Guesser Team Recall,0.104
5096,codenames,Qwen3.6-35B-A3B-FP8-without-reasoning,opponent_difficult,instance_00001,Average Guesser Team F1,0.17
5097,codenames,Qwen3.6-35B-A3B-FP8-without-reasoning,opponent_difficult,instance_00001,Aborted,0
5098,codenames,Qwen3.6-35B-A3B-FP8-without-reasoning,opponent_difficult,instance_00001,Lose,1
5099,codenames,Qwen3.6-35B-A3B-FP8-without-reasoning,opponent_difficult,instance_00001,Success,0
5100,codenames,Qwen3.6-35B-A3B-FP8-without-reasoning,opponent_difficult,instance_00001,Game ended through assassin,0
5101,codenames,Qwen3.6-35B-A3B-FP8-without-reasoning,opponent_difficult,instance_00001,Episode Recall,0.444
5102,codenames,Qwen3.6-35B-A3B-FP8-without-reasoning,opponent_difficult,instance_00001,Episode Negative Recall,0.875
5103,codenames,Qwen3.6-35B-A3B-FP8-without-reasoning,opponent_difficult,instance_00001,Number of turns,5
5104,codenames,Qwen3.6-35B-A3B-FP8-without-reasoning,opponent_difficult,instance_00001,Efficiency,0.7
5105,codenames,Qwen3.6-35B-A3B-FP8-without-reasoning,opponent_difficult,instance_00001,Request Count,9
5106,codenames,Qwen3.6-35B-A3B-FP8-without-reasoning,opponent_difficult,instance_00001,Parsed Request Count,9
5107,codenames,Qwen3.6-35B-A3B-FP8-without-reasoning,opponent_difficult,instance_00001,Violated Request Count,0
5108,codenames,Qwen3.6-35B-A3B-FP8-without-reasoning,opponent_difficult,instance_00001,Request Success Ratio,1.0
5109,codenames,Qwen3.6-35B-A3B-FP8-without-reasoning,opponent_difficult,instance_00001,Main Score,0
5110,codenames,Qwen3.6-35B-A3B-FP8-without-reasoning,opponent_difficult,instance_00000,experiment variable,Opponent Difficulty
5111,codenames,Qwen3.6-35B-A3B-FP8-without-reasoning,opponent_difficult,instance_00000,experiment name,opponent_difficult
5112,codenames,Qwen3.6-35B-A3B-FP8-without-reasoning,opponent_difficult,instance_00000,Cluegiver strip words,0
5113,codenames,Qwen3.6-35B-A3B-FP8-without-reasoning,opponent_difficult,instance_00000,Guesser strip words,0
5114,codenames,Qwen3.6-35B-A3B-FP8-without-reasoning,opponent_difficult,instance_00000,Average Cluegiver Number of Targets,1.2
5115,codenames,Qwen3.6-35B-A3B-FP8-without-reasoning,opponent_difficult,instance_00000,Average Cluegiver Team Precision,1.0
5116,codenames,Qwen3.6-35B-A3B-FP8-without-reasoning,opponent_difficult,instance_00000,Average Cluegiver Team Recall,0.154
5117,codenames,Qwen3.6-35B-A3B-FP8-without-reasoning,opponent_difficult,instance_00000,Average Cluegiver Team F1,0.264
5118,codenames,Qwen3.6-35B-A3B-FP8-without-reasoning,opponent_difficult,instance_00000,Average Guesser Number of Guesses,1
5119,codenames,Qwen3.6-35B-A3B-FP8-without-reasoning,opponent_difficult,instance_00000,Average Guesser Number of Revealed Words,0.8
5120,codenames,Qwen3.6-35B-A3B-FP8-without-reasoning,opponent_difficult,instance_00000,Average Guesser Number of Unrevealed Guesses,0.2
5121,codenames,Qwen3.6-35B-A3B-FP8-without-reasoning,opponent_difficult,instance_00000,Average Guesser Target Precision,0.6
5122,codenames,Qwen3.6-35B-A3B-FP8-without-reasoning,opponent_difficult,instance_00000,Average Guesser Target Recall,0.6
5123,codenames,Qwen3.6-35B-A3B-FP8-without-reasoning,opponent_difficult,instance_00000,Average Guesser Target F1,0.6
5124,codenames,Qwen3.6-35B-A3B-FP8-without-reasoning,opponent_difficult,instance_00000,Average Guesser Team Precision,0.6
5125,codenames,Qwen3.6-35B-A3B-FP8-without-reasoning,opponent_difficult,instance_00000,Average Guesser Team Recall,0.076
5126,codenames,Qwen3.6-35B-A3B-FP8-without-reasoning,opponent_difficult,instance_00000,Average Guesser Team F1,0.134
5127,codenames,Qwen3.6-35B-A3B-FP8-without-reasoning,opponent_difficult,instance_00000,Aborted,0
5128,codenames,Qwen3.6-35B-A3B-FP8-without-reasoning,opponent_difficult,instance_00000,Lose,1
5129,codenames,Qwen3.6-35B-A3B-FP8-without-reasoning,opponent_difficult,instance_00000,Success,0
5130,codenames,Qwen3.6-35B-A3B-FP8-without-reasoning,opponent_difficult,instance_00000,Game ended through assassin,0
5131,codenames,Qwen3.6-35B-A3B-FP8-without-reasoning,opponent_difficult,instance_00000,Episode Recall,0.333
5132,codenames,Qwen3.6-35B-A3B-FP8-without-reasoning,opponent_difficult,instance_00000,Episode Negative Recall,0.938
5133,codenames,Qwen3.6-35B-A3B-FP8-without-reasoning,opponent_difficult,instance_00000,Number of turns,5
5134,codenames,Qwen3.6-35B-A3B-FP8-without-reasoning,opponent_difficult,instance_00000,Efficiency,0.5
5135,codenames,Qwen3.6-35B-A3B-FP8-without-reasoning,opponent_difficult,instance_00000,Request Count,9
5136,codenames,Qwen3.6-35B-A3B-FP8-without-reasoning,opponent_difficult,instance_00000,Parsed Request Count,9
5137,codenames,Qwen3.6-35B-A3B-FP8-without-reasoning,opponent_difficult,instance_00000,Violated Request Count,0
5138,codenames,Qwen3.6-35B-A3B-FP8-without-reasoning,opponent_difficult,instance_00000,Request Success Ratio,1.0
5139,codenames,Qwen3.6-35B-A3B-FP8-without-reasoning,opponent_difficult,instance_00000,Main Score,0
5140,codenames,Qwen3.6-35B-A3B-FP8-without-reasoning,risk_low,instance_00002,experiment variable,Risk
5141,codenames,Qwen3.6-35B-A3B-FP8-without-reasoning,risk_low,instance_00002,experiment name,risk_low
5142,codenames,Qwen3.6-35B-A3B-FP8-without-reasoning,risk_low,instance_00002,Cluegiver strip words,0
5143,codenames,Qwen3.6-35B-A3B-FP8-without-reasoning,risk_low,instance_00002,Guesser strip words,0
5144,codenames,Qwen3.6-35B-A3B-FP8-without-reasoning,risk_low,instance_00002,Average Cluegiver Number of Targets,1.429
5145,codenames,Qwen3.6-35B-A3B-FP8-without-reasoning,risk_low,instance_00002,Average Cluegiver Team Precision,1.0
5146,codenames,Qwen3.6-35B-A3B-FP8-without-reasoning,risk_low,instance_00002,Average Cluegiver Team Recall,0.415
5147,codenames,Qwen3.6-35B-A3B-FP8-without-reasoning,risk_low,instance_00002,Average Cluegiver Team F1,0.544
5148,codenames,Qwen3.6-35B-A3B-FP8-without-reasoning,risk_low,instance_00002,Average Guesser Number of Guesses,1.429
5149,codenames,Qwen3.6-35B-A3B-FP8-without-reasoning,risk_low,instance_00002,Average Guesser Number of Revealed Words,1.429
5150,codenames,Qwen3.6-35B-A3B-FP8-without-reasoning,risk_low,instance_00002,Average Guesser Number of Unrevealed Guesses,0
5151,codenames,Qwen3.6-35B-A3B-FP8-without-reasoning,risk_low,instance_00002,Average Guesser Target Precision,0.786
5152,codenames,Qwen3.6-35B-A3B-FP8-without-reasoning,risk_low,instance_00002,Average Guesser Target Recall,0.786
5153,codenames,Qwen3.6-35B-A3B-FP8-without-reasoning,risk_low,instance_00002,Average Guesser Target F1,0.786
5154,codenames,Qwen3.6-35B-A3B-FP8-without-reasoning,risk_low,instance_00002,Average Guesser Team Precision,0.857
5155,codenames,Qwen3.6-35B-A3B-FP8-without-reasoning,risk_low,instance_00002,Average Guesser Team Recall,0.387
5156,codenames,Qwen3.6-35B-A3B-FP8-without-reasoning,risk_low,instance_00002,Average Guesser Team F1,0.496
5157,codenames,Qwen3.6-35B-A3B-FP8-without-reasoning,risk_low,instance_00002,Aborted,0
5158,codenames,Qwen3.6-35B-A3B-FP8-without-reasoning,risk_low,instance_00002,Lose,0
5159,codenames,Qwen3.6-35B-A3B-FP8-without-reasoning,risk_low,instance_00002,Success,1
5160,codenames,Qwen3.6-35B-A3B-FP8-without-reasoning,risk_low,instance_00002,Game ended through assassin,0
5161,codenames,Qwen3.6-35B-A3B-FP8-without-reasoning,risk_low,instance_00002,Episode Recall,1.0
5162,codenames,Qwen3.6-35B-A3B-FP8-without-reasoning,risk_low,instance_00002,Episode Negative Recall,0.938
5163,codenames,Qwen3.6-35B-A3B-FP8-without-reasoning,risk_low,instance_00002,Number of turns,8
5164,codenames,Qwen3.6-35B-A3B-FP8-without-reasoning,risk_low,instance_00002,Efficiency,0.625
5165,codenames,Qwen3.6-35B-A3B-FP8-without-reasoning,risk_low,instance_00002,Request Count,14
5166,codenames,Qwen3.6-35B-A3B-FP8-without-reasoning,risk_low,instance_00002,Parsed Request Count,14
5167,codenames,Qwen3.6-35B-A3B-FP8-without-reasoning,risk_low,instance_00002,Violated Request Count,0
5168,codenames,Qwen3.6-35B-A3B-FP8-without-reasoning,risk_low,instance_00002,Request Success Ratio,1.0
5169,codenames,Qwen3.6-35B-A3B-FP8-without-reasoning,risk_low,instance_00002,Main Score,100
5170,codenames,Qwen3.6-35B-A3B-FP8-without-reasoning,risk_low,instance_00003,experiment variable,Risk
5171,codenames,Qwen3.6-35B-A3B-FP8-without-reasoning,risk_low,instance_00003,experiment name,risk_low
5172,codenames,Qwen3.6-35B-A3B-FP8-without-reasoning,risk_low,instance_00003,Cluegiver strip words,0
5173,codenames,Qwen3.6-35B-A3B-FP8-without-reasoning,risk_low,instance_00003,Guesser strip words,0
5174,codenames,Qwen3.6-35B-A3B-FP8-without-reasoning,risk_low,instance_00003,Average Cluegiver Number of Targets,1.375
5175,codenames,Qwen3.6-35B-A3B-FP8-without-reasoning,risk_low,instance_00003,Average Cluegiver Team Precision,1.0
5176,codenames,Qwen3.6-35B-A3B-FP8-without-reasoning,risk_low,instance_00003,Average Cluegiver Team Recall,0.392
5177,codenames,Qwen3.6-35B-A3B-FP8-without-reasoning,risk_low,instance_00003,Average Cluegiver Team F1,0.521
5178,codenames,Qwen3.6-35B-A3B-FP8-without-reasoning,risk_low,instance_00003,Average Guesser Number of Guesses,1.25
5179,codenames,Qwen3.6-35B-A3B-FP8-without-reasoning,risk_low,instance_00003,Average Guesser Number of Revealed Words,1.25
5180,codenames,Qwen3.6-35B-A3B-FP8-without-reasoning,risk_low,instance_00003,Average Guesser Number of Unrevealed Guesses,0
5181,codenames,Qwen3.6-35B-A3B-FP8-without-reasoning,risk_low,instance_00003,Average Guesser Target Precision,0.958
5182,codenames,Qwen3.6-35B-A3B-FP8-without-reasoning,risk_low,instance_00003,Average Guesser Target Recall,0.896
5183,codenames,Qwen3.6-35B-A3B-FP8-without-reasoning,risk_low,instance_00003,Average Guesser Target F1,0.917
5184,codenames,Qwen3.6-35B-A3B-FP8-without-reasoning,risk_low,instance_00003,Average Guesser Team Precision,0.958
5185,codenames,Qwen3.6-35B-A3B-FP8-without-reasoning,risk_low,instance_00003,Average Guesser Team Recall,0.351
5186,codenames,Qwen3.6-35B-A3B-FP8-without-reasoning,risk_low,instance_00003,Average Guesser Team F1,0.469
5187,codenames,Qwen3.6-35B-A3B-FP8-without-reasoning,risk_low,instance_00003,Aborted,0
5188,codenames,Qwen3.6-35B-A3B-FP8-without-reasoning,risk_low,instance_00003,Lose,0
5189,codenames,Qwen3.6-35B-A3B-FP8-without-reasoning,risk_low,instance_00003,Success,1
5190,codenames,Qwen3.6-35B-A3B-FP8-without-reasoning,risk_low,instance_00003,Game ended through assassin,0
5191,codenames,Qwen3.6-35B-A3B-FP8-without-reasoning,risk_low,instance_00003,Episode Recall,1.0
5192,codenames,Qwen3.6-35B-A3B-FP8-without-reasoning,risk_low,instance_00003,Episode Negative Recall,0.938
5193,codenames,Qwen3.6-35B-A3B-FP8-without-reasoning,risk_low,instance_00003,Number of turns,9
5194,codenames,Qwen3.6-35B-A3B-FP8-without-reasoning,risk_low,instance_00003,Efficiency,0.556
5195,codenames,Qwen3.6-35B-A3B-FP8-without-reasoning,risk_low,instance_00003,Request Count,16
5196,codenames,Qwen3.6-35B-A3B-FP8-without-reasoning,risk_low,instance_00003,Parsed Request Count,16
5197,codenames,Qwen3.6-35B-A3B-FP8-without-reasoning,risk_low,instance_00003,Violated Request Count,0
5198,codenames,Qwen3.6-35B-A3B-FP8-without-reasoning,risk_low,instance_00003,Request Success Ratio,1.0
5199,codenames,Qwen3.6-35B-A3B-FP8-without-reasoning,risk_low,instance_00003,Main Score,100
5200,codenames,Qwen3.6-35B-A3B-FP8-without-reasoning,risk_low,instance_00004,experiment variable,Risk
5201,codenames,Qwen3.6-35B-A3B-FP8-without-reasoning,risk_low,instance_00004,experiment name,risk_low
5202,codenames,Qwen3.6-35B-A3B-FP8-without-reasoning,risk_low,instance_00004,Cluegiver strip words,0
5203,codenames,Qwen3.6-35B-A3B-FP8-without-reasoning,risk_low,instance_00004,Guesser strip words,0
5204,codenames,Qwen3.6-35B-A3B-FP8-without-reasoning,risk_low,instance_00004,Average Cluegiver Number of Targets,1.25
5205,codenames,Qwen3.6-35B-A3B-FP8-without-reasoning,risk_low,instance_00004,Average Cluegiver Team Precision,1.0
5206,codenames,Qwen3.6-35B-A3B-FP8-without-reasoning,risk_low,instance_00004,Average Cluegiver Team Recall,0.255
5207,codenames,Qwen3.6-35B-A3B-FP8-without-reasoning,risk_low,instance_00004,Average Cluegiver Team F1,0.386
5208,codenames,Qwen3.6-35B-A3B-FP8-without-reasoning,risk_low,instance_00004,Average Guesser Number of Guesses,1.125
5209,codenames,Qwen3.6-35B-A3B-FP8-without-reasoning,risk_low,instance_00004,Average Guesser Number of Revealed Words,1.125
5210,codenames,Qwen3.6-35B-A3B-FP8-without-reasoning,risk_low,instance_00004,Average Guesser Number of Unrevealed Guesses,0
5211,codenames,Qwen3.6-35B-A3B-FP8-without-reasoning,risk_low,instance_00004,Average Guesser Target Precision,0.562
5212,codenames,Qwen3.6-35B-A3B-FP8-without-reasoning,risk_low,instance_00004,Average Guesser Target Recall,0.562
5213,codenames,Qwen3.6-35B-A3B-FP8-without-reasoning,risk_low,instance_00004,Average Guesser Target F1,0.562
5214,codenames,Qwen3.6-35B-A3B-FP8-without-reasoning,risk_low,instance_00004,Average Guesser Team Precision,0.688
5215,codenames,Qwen3.6-35B-A3B-FP8-without-reasoning,risk_low,instance_00004,Average Guesser Team Recall,0.156
5216,codenames,Qwen3.6-35B-A3B-FP8-without-reasoning,risk_low,instance_00004,Average Guesser Team F1,0.242
5217,codenames,Qwen3.6-35B-A3B-FP8-without-reasoning,risk_low,instance_00004,Aborted,0
5218,codenames,Qwen3.6-35B-A3B-FP8-without-reasoning,risk_low,instance_00004,Lose,1
5219,codenames,Qwen3.6-35B-A3B-FP8-without-reasoning,risk_low,instance_00004,Success,0
5220,codenames,Qwen3.6-35B-A3B-FP8-without-reasoning,risk_low,instance_00004,Game ended through assassin,0
5221,codenames,Qwen3.6-35B-A3B-FP8-without-reasoning,risk_low,instance_00004,Episode Recall,0.778
5222,codenames,Qwen3.6-35B-A3B-FP8-without-reasoning,risk_low,instance_00004,Episode Negative Recall,0.875
5223,codenames,Qwen3.6-35B-A3B-FP8-without-reasoning,risk_low,instance_00004,Number of turns,8
5224,codenames,Qwen3.6-35B-A3B-FP8-without-reasoning,risk_low,instance_00004,Efficiency,0.562
5225,codenames,Qwen3.6-35B-A3B-FP8-without-reasoning,risk_low,instance_00004,Request Count,15
5226,codenames,Qwen3.6-35B-A3B-FP8-without-reasoning,risk_low,instance_00004,Parsed Request Count,15
5227,codenames,Qwen3.6-35B-A3B-FP8-without-reasoning,risk_low,instance_00004,Violated Request Count,0
5228,codenames,Qwen3.6-35B-A3B-FP8-without-reasoning,risk_low,instance_00004,Request Success Ratio,1.0
5229,codenames,Qwen3.6-35B-A3B-FP8-without-reasoning,risk_low,instance_00004,Main Score,0
5230,codenames,Qwen3.6-35B-A3B-FP8-without-reasoning,risk_low,instance_00001,experiment variable,Risk
5231,codenames,Qwen3.6-35B-A3B-FP8-without-reasoning,risk_low,instance_00001,experiment name,risk_low
5232,codenames,Qwen3.6-35B-A3B-FP8-without-reasoning,risk_low,instance_00001,Cluegiver strip words,0
5233,codenames,Qwen3.6-35B-A3B-FP8-without-reasoning,risk_low,instance_00001,Guesser strip words,0
5234,codenames,Qwen3.6-35B-A3B-FP8-without-reasoning,risk_low,instance_00001,Average Cluegiver Number of Targets,1
5235,codenames,Qwen3.6-35B-A3B-FP8-without-reasoning,risk_low,instance_00001,Average Cluegiver Team Precision,1.0
5236,codenames,Qwen3.6-35B-A3B-FP8-without-reasoning,risk_low,instance_00001,Average Cluegiver Team Recall,0.197
5237,codenames,Qwen3.6-35B-A3B-FP8-without-reasoning,risk_low,instance_00001,Average Cluegiver Team F1,0.324
5238,codenames,Qwen3.6-35B-A3B-FP8-without-reasoning,risk_low,instance_00001,Average Guesser Number of Guesses,0.875
5239,codenames,Qwen3.6-35B-A3B-FP8-without-reasoning,risk_low,instance_00001,Average Guesser Number of Revealed Words,0.875
5240,codenames,Qwen3.6-35B-A3B-FP8-without-reasoning,risk_low,instance_00001,Average Guesser Number of Unrevealed Guesses,0
5241,codenames,Qwen3.6-35B-A3B-FP8-without-reasoning,risk_low,instance_00001,Average Guesser Target Precision,0.75
5242,codenames,Qwen3.6-35B-A3B-FP8-without-reasoning,risk_low,instance_00001,Average Guesser Target Recall,0.75
5243,codenames,Qwen3.6-35B-A3B-FP8-without-reasoning,risk_low,instance_00001,Average Guesser Target F1,0.75
5244,codenames,Qwen3.6-35B-A3B-FP8-without-reasoning,risk_low,instance_00001,Average Guesser Team Precision,0.75
5245,codenames,Qwen3.6-35B-A3B-FP8-without-reasoning,risk_low,instance_00001,Average Guesser Team Recall,0.124
5246,codenames,Qwen3.6-35B-A3B-FP8-without-reasoning,risk_low,instance_00001,Average Guesser Team F1,0.211
5247,codenames,Qwen3.6-35B-A3B-FP8-without-reasoning,risk_low,instance_00001,Aborted,0
5248,codenames,Qwen3.6-35B-A3B-FP8-without-reasoning,risk_low,instance_00001,Lose,1
5249,codenames,Qwen3.6-35B-A3B-FP8-without-reasoning,risk_low,instance_00001,Success,0
5250,codenames,Qwen3.6-35B-A3B-FP8-without-reasoning,risk_low,instance_00001,Game ended through assassin,0
5251,codenames,Qwen3.6-35B-A3B-FP8-without-reasoning,risk_low,instance_00001,Episode Recall,0.667
5252,codenames,Qwen3.6-35B-A3B-FP8-without-reasoning,risk_low,instance_00001,Episode Negative Recall,0.938
5253,codenames,Qwen3.6-35B-A3B-FP8-without-reasoning,risk_low,instance_00001,Number of turns,8
5254,codenames,Qwen3.6-35B-A3B-FP8-without-reasoning,risk_low,instance_00001,Efficiency,0.438
5255,codenames,Qwen3.6-35B-A3B-FP8-without-reasoning,risk_low,instance_00001,Request Count,15
5256,codenames,Qwen3.6-35B-A3B-FP8-without-reasoning,risk_low,instance_00001,Parsed Request Count,15
5257,codenames,Qwen3.6-35B-A3B-FP8-without-reasoning,risk_low,instance_00001,Violated Request Count,0
5258,codenames,Qwen3.6-35B-A3B-FP8-without-reasoning,risk_low,instance_00001,Request Success Ratio,1.0
5259,codenames,Qwen3.6-35B-A3B-FP8-without-reasoning,risk_low,instance_00001,Main Score,0
5260,codenames,Qwen3.6-35B-A3B-FP8-without-reasoning,risk_low,instance_00000,experiment variable,Risk
5261,codenames,Qwen3.6-35B-A3B-FP8-without-reasoning,risk_low,instance_00000,experiment name,risk_low
5262,codenames,Qwen3.6-35B-A3B-FP8-without-reasoning,risk_low,instance_00000,Cluegiver strip words,0
5263,codenames,Qwen3.6-35B-A3B-FP8-without-reasoning,risk_low,instance_00000,Guesser strip words,0
5264,codenames,Qwen3.6-35B-A3B-FP8-without-reasoning,risk_low,instance_00000,Average Cluegiver Number of Targets,1.286
5265,codenames,Qwen3.6-35B-A3B-FP8-without-reasoning,risk_low,instance_00000,Average Cluegiver Team Precision,1.0
5266,codenames,Qwen3.6-35B-A3B-FP8-without-reasoning,risk_low,instance_00000,Average Cluegiver Team Recall,0.399
5267,codenames,Qwen3.6-35B-A3B-FP8-without-reasoning,risk_low,instance_00000,Average Cluegiver Team F1,0.53
5268,codenames,Qwen3.6-35B-A3B-FP8-without-reasoning,risk_low,instance_00000,Average Guesser Number of Guesses,1.286
5269,codenames,Qwen3.6-35B-A3B-FP8-without-reasoning,risk_low,instance_00000,Average Guesser Number of Revealed Words,1.286
5270,codenames,Qwen3.6-35B-A3B-FP8-without-reasoning,risk_low,instance_00000,Average Guesser Number of Unrevealed Guesses,0
5271,codenames,Qwen3.6-35B-A3B-FP8-without-reasoning,risk_low,instance_00000,Average Guesser Target Precision,0.929
5272,codenames,Qwen3.6-35B-A3B-FP8-without-reasoning,risk_low,instance_00000,Average Guesser Target Recall,0.929
5273,codenames,Qwen3.6-35B-A3B-FP8-without-reasoning,risk_low,instance_00000,Average Guesser Target F1,0.929
5274,codenames,Qwen3.6-35B-A3B-FP8-without-reasoning,risk_low,instance_00000,Average Guesser Team Precision,1.0
5275,codenames,Qwen3.6-35B-A3B-FP8-without-reasoning,risk_low,instance_00000,Average Guesser Team Recall,0.399
5276,codenames,Qwen3.6-35B-A3B-FP8-without-reasoning,risk_low,instance_00000,Average Guesser Team F1,0.53
5277,codenames,Qwen3.6-35B-A3B-FP8-without-reasoning,risk_low,instance_00000,Aborted,0
5278,codenames,Qwen3.6-35B-A3B-FP8-without-reasoning,risk_low,instance_00000,Lose,0
5279,codenames,Qwen3.6-35B-A3B-FP8-without-reasoning,risk_low,instance_00000,Success,1
5280,codenames,Qwen3.6-35B-A3B-FP8-without-reasoning,risk_low,instance_00000,Game ended through assassin,0
5281,codenames,Qwen3.6-35B-A3B-FP8-without-reasoning,risk_low,instance_00000,Episode Recall,1.0
5282,codenames,Qwen3.6-35B-A3B-FP8-without-reasoning,risk_low,instance_00000,Episode Negative Recall,1.0
5283,codenames,Qwen3.6-35B-A3B-FP8-without-reasoning,risk_low,instance_00000,Number of turns,8
5284,codenames,Qwen3.6-35B-A3B-FP8-without-reasoning,risk_low,instance_00000,Efficiency,0.562
5285,codenames,Qwen3.6-35B-A3B-FP8-without-reasoning,risk_low,instance_00000,Request Count,14
5286,codenames,Qwen3.6-35B-A3B-FP8-without-reasoning,risk_low,instance_00000,Parsed Request Count,14
5287,codenames,Qwen3.6-35B-A3B-FP8-without-reasoning,risk_low,instance_00000,Violated Request Count,0
5288,codenames,Qwen3.6-35B-A3B-FP8-without-reasoning,risk_low,instance_00000,Request Success Ratio,1.0
5289,codenames,Qwen3.6-35B-A3B-FP8-without-reasoning,risk_low,instance_00000,Main Score,100
5290,codenames,Qwen3.6-35B-A3B-FP8-without-reasoning,opponent_none,instance_00002,experiment variable,Opponent Difficulty
5291,codenames,Qwen3.6-35B-A3B-FP8-without-reasoning,opponent_none,instance_00002,experiment name,opponent_none
5292,codenames,Qwen3.6-35B-A3B-FP8-without-reasoning,opponent_none,instance_00002,Cluegiver strip words,0
5293,codenames,Qwen3.6-35B-A3B-FP8-without-reasoning,opponent_none,instance_00002,Guesser strip words,0
5294,codenames,Qwen3.6-35B-A3B-FP8-without-reasoning,opponent_none,instance_00002,Average Cluegiver Number of Targets,1.75
5295,codenames,Qwen3.6-35B-A3B-FP8-without-reasoning,opponent_none,instance_00002,Average Cluegiver Team Precision,1.0
5296,codenames,Qwen3.6-35B-A3B-FP8-without-reasoning,opponent_none,instance_00002,Average Cluegiver Team Recall,0.499
5297,codenames,Qwen3.6-35B-A3B-FP8-without-reasoning,opponent_none,instance_00002,Average Cluegiver Team F1,0.618
5298,codenames,Qwen3.6-35B-A3B-FP8-without-reasoning,opponent_none,instance_00002,Average Guesser Number of Guesses,1.75
5299,codenames,Qwen3.6-35B-A3B-FP8-without-reasoning,opponent_none,instance_00002,Average Guesser Number of Revealed Words,1.75
5300,codenames,Qwen3.6-35B-A3B-FP8-without-reasoning,opponent_none,instance_00002,Average Guesser Number of Unrevealed Guesses,0
5301,codenames,Qwen3.6-35B-A3B-FP8-without-reasoning,opponent_none,instance_00002,Average Guesser Target Precision,0.688
5302,codenames,Qwen3.6-35B-A3B-FP8-without-reasoning,opponent_none,instance_00002,Average Guesser Target Recall,0.688
5303,codenames,Qwen3.6-35B-A3B-FP8-without-reasoning,opponent_none,instance_00002,Average Guesser Target F1,0.688
5304,codenames,Qwen3.6-35B-A3B-FP8-without-reasoning,opponent_none,instance_00002,Average Guesser Team Precision,0.688
5305,codenames,Qwen3.6-35B-A3B-FP8-without-reasoning,opponent_none,instance_00002,Average Guesser Team Recall,0.351
5306,codenames,Qwen3.6-35B-A3B-FP8-without-reasoning,opponent_none,instance_00002,Average Guesser Team F1,0.431
5307,codenames,Qwen3.6-35B-A3B-FP8-without-reasoning,opponent_none,instance_00002,Aborted,0
5308,codenames,Qwen3.6-35B-A3B-FP8-without-reasoning,opponent_none,instance_00002,Lose,0
5309,codenames,Qwen3.6-35B-A3B-FP8-without-reasoning,opponent_none,instance_00002,Success,1
5310,codenames,Qwen3.6-35B-A3B-FP8-without-reasoning,opponent_none,instance_00002,Game ended through assassin,0
5311,codenames,Qwen3.6-35B-A3B-FP8-without-reasoning,opponent_none,instance_00002,Episode Recall,1.0
5312,codenames,Qwen3.6-35B-A3B-FP8-without-reasoning,opponent_none,instance_00002,Episode Negative Recall,0.688
5313,codenames,Qwen3.6-35B-A3B-FP8-without-reasoning,opponent_none,instance_00002,Number of turns,9
5314,codenames,Qwen3.6-35B-A3B-FP8-without-reasoning,opponent_none,instance_00002,Efficiency,0.778
5315,codenames,Qwen3.6-35B-A3B-FP8-without-reasoning,opponent_none,instance_00002,Request Count,16
5316,codenames,Qwen3.6-35B-A3B-FP8-without-reasoning,opponent_none,instance_00002,Parsed Request Count,16
5317,codenames,Qwen3.6-35B-A3B-FP8-without-reasoning,opponent_none,instance_00002,Violated Request Count,0
5318,codenames,Qwen3.6-35B-A3B-FP8-without-reasoning,opponent_none,instance_00002,Request Success Ratio,1.0
5319,codenames,Qwen3.6-35B-A3B-FP8-without-reasoning,opponent_none,instance_00002,Main Score,100
5320,codenames,Qwen3.6-35B-A3B-FP8-without-reasoning,opponent_none,instance_00003,experiment variable,Opponent Difficulty
5321,codenames,Qwen3.6-35B-A3B-FP8-without-reasoning,opponent_none,instance_00003,experiment name,opponent_none
5322,codenames,Qwen3.6-35B-A3B-FP8-without-reasoning,opponent_none,instance_00003,Cluegiver strip words,0
5323,codenames,Qwen3.6-35B-A3B-FP8-without-reasoning,opponent_none,instance_00003,Guesser strip words,0
5324,codenames,Qwen3.6-35B-A3B-FP8-without-reasoning,opponent_none,instance_00003,Average Cluegiver Number of Targets,1
5325,codenames,Qwen3.6-35B-A3B-FP8-without-reasoning,opponent_none,instance_00003,Average Cluegiver Team Precision,1.0
5326,codenames,Qwen3.6-35B-A3B-FP8-without-reasoning,opponent_none,instance_00003,Average Cluegiver Team Recall,0.111
5327,codenames,Qwen3.6-35B-A3B-FP8-without-reasoning,opponent_none,instance_00003,Average Cluegiver Team F1,0.2
5328,codenames,Qwen3.6-35B-A3B-FP8-without-reasoning,opponent_none,instance_00003,Average Guesser Number of Guesses,0
5329,codenames,Qwen3.6-35B-A3B-FP8-without-reasoning,opponent_none,instance_00003,Average Guesser Number of Revealed Words,0
5330,codenames,Qwen3.6-35B-A3B-FP8-without-reasoning,opponent_none,instance_00003,Average Guesser Number of Unrevealed Guesses,0
5331,codenames,Qwen3.6-35B-A3B-FP8-without-reasoning,opponent_none,instance_00003,Average Guesser Target Precision,0
5332,codenames,Qwen3.6-35B-A3B-FP8-without-reasoning,opponent_none,instance_00003,Average Guesser Target Recall,0.0
5333,codenames,Qwen3.6-35B-A3B-FP8-without-reasoning,opponent_none,instance_00003,Average Guesser Target F1,0
5334,codenames,Qwen3.6-35B-A3B-FP8-without-reasoning,opponent_none,instance_00003,Average Guesser Team Precision,0
5335,codenames,Qwen3.6-35B-A3B-FP8-without-reasoning,opponent_none,instance_00003,Average Guesser Team Recall,0.0
5336,codenames,Qwen3.6-35B-A3B-FP8-without-reasoning,opponent_none,instance_00003,Average Guesser Team F1,0
5337,codenames,Qwen3.6-35B-A3B-FP8-without-reasoning,opponent_none,instance_00003,Aborted,1
5338,codenames,Qwen3.6-35B-A3B-FP8-without-reasoning,opponent_none,instance_00003,Lose,0
5339,codenames,Qwen3.6-35B-A3B-FP8-without-reasoning,opponent_none,instance_00003,Success,0
5340,codenames,Qwen3.6-35B-A3B-FP8-without-reasoning,opponent_none,instance_00003,Game ended through assassin,0
5341,codenames,Qwen3.6-35B-A3B-FP8-without-reasoning,opponent_none,instance_00003,Episode Recall,0.0
5342,codenames,Qwen3.6-35B-A3B-FP8-without-reasoning,opponent_none,instance_00003,Episode Negative Recall,1.0
5343,codenames,Qwen3.6-35B-A3B-FP8-without-reasoning,opponent_none,instance_00003,Number of turns,2
5344,codenames,Qwen3.6-35B-A3B-FP8-without-reasoning,opponent_none,instance_00003,Efficiency,0.0
5345,codenames,Qwen3.6-35B-A3B-FP8-without-reasoning,opponent_none,instance_00003,Request Count,2
5346,codenames,Qwen3.6-35B-A3B-FP8-without-reasoning,opponent_none,instance_00003,Parsed Request Count,1
5347,codenames,Qwen3.6-35B-A3B-FP8-without-reasoning,opponent_none,instance_00003,Violated Request Count,1
5348,codenames,Qwen3.6-35B-A3B-FP8-without-reasoning,opponent_none,instance_00003,Request Success Ratio,0.5
5349,codenames,Qwen3.6-35B-A3B-FP8-without-reasoning,opponent_none,instance_00003,Main Score,
5350,codenames,Qwen3.6-35B-A3B-FP8-without-reasoning,opponent_none,instance_00004,experiment variable,Opponent Difficulty
5351,codenames,Qwen3.6-35B-A3B-FP8-without-reasoning,opponent_none,instance_00004,experiment name,opponent_none
5352,codenames,Qwen3.6-35B-A3B-FP8-without-reasoning,opponent_none,instance_00004,Cluegiver strip words,0
5353,codenames,Qwen3.6-35B-A3B-FP8-without-reasoning,opponent_none,instance_00004,Guesser strip words,0
5354,codenames,Qwen3.6-35B-A3B-FP8-without-reasoning,opponent_none,instance_00004,Average Cluegiver Number of Targets,1.2
5355,codenames,Qwen3.6-35B-A3B-FP8-without-reasoning,opponent_none,instance_00004,Average Cluegiver Team Precision,0.9
5356,codenames,Qwen3.6-35B-A3B-FP8-without-reasoning,opponent_none,instance_00004,Average Cluegiver Team Recall,0.308
5357,codenames,Qwen3.6-35B-A3B-FP8-without-reasoning,opponent_none,instance_00004,Average Cluegiver Team F1,0.418
5358,codenames,Qwen3.6-35B-A3B-FP8-without-reasoning,opponent_none,instance_00004,Average Guesser Number of Guesses,1.2
5359,codenames,Qwen3.6-35B-A3B-FP8-without-reasoning,opponent_none,instance_00004,Average Guesser Number of Revealed Words,1.1
5360,codenames,Qwen3.6-35B-A3B-FP8-without-reasoning,opponent_none,instance_00004,Average Guesser Number of Unrevealed Guesses,0.1
5361,codenames,Qwen3.6-35B-A3B-FP8-without-reasoning,opponent_none,instance_00004,Average Guesser Target Precision,0.95
5362,codenames,Qwen3.6-35B-A3B-FP8-without-reasoning,opponent_none,instance_00004,Average Guesser Target Recall,0.933
5363,codenames,Qwen3.6-35B-A3B-FP8-without-reasoning,opponent_none,instance_00004,Average Guesser Target F1,0.94
5364,codenames,Qwen3.6-35B-A3B-FP8-without-reasoning,opponent_none,instance_00004,Average Guesser Team Precision,0.85
5365,codenames,Qwen3.6-35B-A3B-FP8-without-reasoning,opponent_none,instance_00004,Average Guesser Team Recall,0.283
5366,codenames,Qwen3.6-35B-A3B-FP8-without-reasoning,opponent_none,instance_00004,Average Guesser Team F1,0.384
5367,codenames,Qwen3.6-35B-A3B-FP8-without-reasoning,opponent_none,instance_00004,Aborted,0
5368,codenames,Qwen3.6-35B-A3B-FP8-without-reasoning,opponent_none,instance_00004,Lose,0
5369,codenames,Qwen3.6-35B-A3B-FP8-without-reasoning,opponent_none,instance_00004,Success,1
5370,codenames,Qwen3.6-35B-A3B-FP8-without-reasoning,opponent_none,instance_00004,Game ended through assassin,0
5371,codenames,Qwen3.6-35B-A3B-FP8-without-reasoning,opponent_none,instance_00004,Episode Recall,1.0
5372,codenames,Qwen3.6-35B-A3B-FP8-without-reasoning,opponent_none,instance_00004,Episode Negative Recall,0.875
5373,codenames,Qwen3.6-35B-A3B-FP8-without-reasoning,opponent_none,instance_00004,Number of turns,11
5374,codenames,Qwen3.6-35B-A3B-FP8-without-reasoning,opponent_none,instance_00004,Efficiency,0.545
5375,codenames,Qwen3.6-35B-A3B-FP8-without-reasoning,opponent_none,instance_00004,Request Count,20
5376,codenames,Qwen3.6-35B-A3B-FP8-without-reasoning,opponent_none,instance_00004,Parsed Request Count,20
5377,codenames,Qwen3.6-35B-A3B-FP8-without-reasoning,opponent_none,instance_00004,Violated Request Count,0
5378,codenames,Qwen3.6-35B-A3B-FP8-without-reasoning,opponent_none,instance_00004,Request Success Ratio,1.0
5379,codenames,Qwen3.6-35B-A3B-FP8-without-reasoning,opponent_none,instance_00004,Main Score,100
5380,codenames,Qwen3.6-35B-A3B-FP8-without-reasoning,opponent_none,instance_00001,experiment variable,Opponent Difficulty
5381,codenames,Qwen3.6-35B-A3B-FP8-without-reasoning,opponent_none,instance_00001,experiment name,opponent_none
5382,codenames,Qwen3.6-35B-A3B-FP8-without-reasoning,opponent_none,instance_00001,Cluegiver strip words,0
5383,codenames,Qwen3.6-35B-A3B-FP8-without-reasoning,opponent_none,instance_00001,Guesser strip words,0
5384,codenames,Qwen3.6-35B-A3B-FP8-without-reasoning,opponent_none,instance_00001,Average Cluegiver Number of Targets,1.154
5385,codenames,Qwen3.6-35B-A3B-FP8-without-reasoning,opponent_none,instance_00001,Average Cluegiver Team Precision,1.0
5386,codenames,Qwen3.6-35B-A3B-FP8-without-reasoning,opponent_none,instance_00001,Average Cluegiver Team Recall,0.288
5387,codenames,Qwen3.6-35B-A3B-FP8-without-reasoning,opponent_none,instance_00001,Average Cluegiver Team F1,0.41
5388,codenames,Qwen3.6-35B-A3B-FP8-without-reasoning,opponent_none,instance_00001,Average Guesser Number of Guesses,1.154
5389,codenames,Qwen3.6-35B-A3B-FP8-without-reasoning,opponent_none,instance_00001,Average Guesser Number of Revealed Words,1
5390,codenames,Qwen3.6-35B-A3B-FP8-without-reasoning,opponent_none,instance_00001,Average Guesser Number of Unrevealed Guesses,0.154
5391,codenames,Qwen3.6-35B-A3B-FP8-without-reasoning,opponent_none,instance_00001,Average Guesser Target Precision,0.692
5392,codenames,Qwen3.6-35B-A3B-FP8-without-reasoning,opponent_none,instance_00001,Average Guesser Target Recall,0.692
5393,codenames,Qwen3.6-35B-A3B-FP8-without-reasoning,opponent_none,instance_00001,Average Guesser Target F1,0.692
5394,codenames,Qwen3.6-35B-A3B-FP8-without-reasoning,opponent_none,instance_00001,Average Guesser Team Precision,0.692
5395,codenames,Qwen3.6-35B-A3B-FP8-without-reasoning,opponent_none,instance_00001,Average Guesser Team Recall,0.218
5396,codenames,Qwen3.6-35B-A3B-FP8-without-reasoning,opponent_none,instance_00001,Average Guesser Team F1,0.297
5397,codenames,Qwen3.6-35B-A3B-FP8-without-reasoning,opponent_none,instance_00001,Aborted,0
5398,codenames,Qwen3.6-35B-A3B-FP8-without-reasoning,opponent_none,instance_00001,Lose,0
5399,codenames,Qwen3.6-35B-A3B-FP8-without-reasoning,opponent_none,instance_00001,Success,1
5400,codenames,Qwen3.6-35B-A3B-FP8-without-reasoning,opponent_none,instance_00001,Game ended through assassin,0
5401,codenames,Qwen3.6-35B-A3B-FP8-without-reasoning,opponent_none,instance_00001,Episode Recall,1.0
5402,codenames,Qwen3.6-35B-A3B-FP8-without-reasoning,opponent_none,instance_00001,Episode Negative Recall,0.75
5403,codenames,Qwen3.6-35B-A3B-FP8-without-reasoning,opponent_none,instance_00001,Number of turns,14
5404,codenames,Qwen3.6-35B-A3B-FP8-without-reasoning,opponent_none,instance_00001,Efficiency,0.536
5405,codenames,Qwen3.6-35B-A3B-FP8-without-reasoning,opponent_none,instance_00001,Request Count,26
5406,codenames,Qwen3.6-35B-A3B-FP8-without-reasoning,opponent_none,instance_00001,Parsed Request Count,26
5407,codenames,Qwen3.6-35B-A3B-FP8-without-reasoning,opponent_none,instance_00001,Violated Request Count,0
5408,codenames,Qwen3.6-35B-A3B-FP8-without-reasoning,opponent_none,instance_00001,Request Success Ratio,1.0
5409,codenames,Qwen3.6-35B-A3B-FP8-without-reasoning,opponent_none,instance_00001,Main Score,100
5410,codenames,Qwen3.6-35B-A3B-FP8-without-reasoning,opponent_none,instance_00000,experiment variable,Opponent Difficulty
5411,codenames,Qwen3.6-35B-A3B-FP8-without-reasoning,opponent_none,instance_00000,experiment name,opponent_none
5412,codenames,Qwen3.6-35B-A3B-FP8-without-reasoning,opponent_none,instance_00000,Cluegiver strip words,0
5413,codenames,Qwen3.6-35B-A3B-FP8-without-reasoning,opponent_none,instance_00000,Guesser strip words,0
5414,codenames,Qwen3.6-35B-A3B-FP8-without-reasoning,opponent_none,instance_00000,Average Cluegiver Number of Targets,1
5415,codenames,Qwen3.6-35B-A3B-FP8-without-reasoning,opponent_none,instance_00000,Average Cluegiver Team Precision,1.0
5416,codenames,Qwen3.6-35B-A3B-FP8-without-reasoning,opponent_none,instance_00000,Average Cluegiver Team Recall,0.111
5417,codenames,Qwen3.6-35B-A3B-FP8-without-reasoning,opponent_none,instance_00000,Average Cluegiver Team F1,0.2
5418,codenames,Qwen3.6-35B-A3B-FP8-without-reasoning,opponent_none,instance_00000,Average Guesser Number of Guesses,0
5419,codenames,Qwen3.6-35B-A3B-FP8-without-reasoning,opponent_none,instance_00000,Average Guesser Number of Revealed Words,0
5420,codenames,Qwen3.6-35B-A3B-FP8-without-reasoning,opponent_none,instance_00000,Average Guesser Number of Unrevealed Guesses,0
5421,codenames,Qwen3.6-35B-A3B-FP8-without-reasoning,opponent_none,instance_00000,Average Guesser Target Precision,0
5422,codenames,Qwen3.6-35B-A3B-FP8-without-reasoning,opponent_none,instance_00000,Average Guesser Target Recall,0.0
5423,codenames,Qwen3.6-35B-A3B-FP8-without-reasoning,opponent_none,instance_00000,Average Guesser Target F1,0
5424,codenames,Qwen3.6-35B-A3B-FP8-without-reasoning,opponent_none,instance_00000,Average Guesser Team Precision,0
5425,codenames,Qwen3.6-35B-A3B-FP8-without-reasoning,opponent_none,instance_00000,Average Guesser Team Recall,0.0
5426,codenames,Qwen3.6-35B-A3B-FP8-without-reasoning,opponent_none,instance_00000,Average Guesser Team F1,0
5427,codenames,Qwen3.6-35B-A3B-FP8-without-reasoning,opponent_none,instance_00000,Aborted,1
5428,codenames,Qwen3.6-35B-A3B-FP8-without-reasoning,opponent_none,instance_00000,Lose,0
5429,codenames,Qwen3.6-35B-A3B-FP8-without-reasoning,opponent_none,instance_00000,Success,0
5430,codenames,Qwen3.6-35B-A3B-FP8-without-reasoning,opponent_none,instance_00000,Game ended through assassin,0
5431,codenames,Qwen3.6-35B-A3B-FP8-without-reasoning,opponent_none,instance_00000,Episode Recall,0.0
5432,codenames,Qwen3.6-35B-A3B-FP8-without-reasoning,opponent_none,instance_00000,Episode Negative Recall,1.0
5433,codenames,Qwen3.6-35B-A3B-FP8-without-reasoning,opponent_none,instance_00000,Number of turns,2
5434,codenames,Qwen3.6-35B-A3B-FP8-without-reasoning,opponent_none,instance_00000,Efficiency,0.0
5435,codenames,Qwen3.6-35B-A3B-FP8-without-reasoning,opponent_none,instance_00000,Request Count,2
5436,codenames,Qwen3.6-35B-A3B-FP8-without-reasoning,opponent_none,instance_00000,Parsed Request Count,1
5437,codenames,Qwen3.6-35B-A3B-FP8-without-reasoning,opponent_none,instance_00000,Violated Request Count,1
5438,codenames,Qwen3.6-35B-A3B-FP8-without-reasoning,opponent_none,instance_00000,Request Success Ratio,0.5
5439,codenames,Qwen3.6-35B-A3B-FP8-without-reasoning,opponent_none,instance_00000,Main Score,
5440,codenames,Qwen3.6-35B-A3B-FP8-without-reasoning,risk_high,instance_00002,experiment variable,Risk
5441,codenames,Qwen3.6-35B-A3B-FP8-without-reasoning,risk_high,instance_00002,experiment name,risk_high
5442,codenames,Qwen3.6-35B-A3B-FP8-without-reasoning,risk_high,instance_00002,Cluegiver strip words,0
5443,codenames,Qwen3.6-35B-A3B-FP8-without-reasoning,risk_high,instance_00002,Guesser strip words,0
5444,codenames,Qwen3.6-35B-A3B-FP8-without-reasoning,risk_high,instance_00002,Average Cluegiver Number of Targets,1
5445,codenames,Qwen3.6-35B-A3B-FP8-without-reasoning,risk_high,instance_00002,Average Cluegiver Team Precision,1.0
5446,codenames,Qwen3.6-35B-A3B-FP8-without-reasoning,risk_high,instance_00002,Average Cluegiver Team Recall,0.149
5447,codenames,Qwen3.6-35B-A3B-FP8-without-reasoning,risk_high,instance_00002,Average Cluegiver Team F1,0.258
5448,codenames,Qwen3.6-35B-A3B-FP8-without-reasoning,risk_high,instance_00002,Average Guesser Number of Guesses,1
5449,codenames,Qwen3.6-35B-A3B-FP8-without-reasoning,risk_high,instance_00002,Average Guesser Number of Revealed Words,1
5450,codenames,Qwen3.6-35B-A3B-FP8-without-reasoning,risk_high,instance_00002,Average Guesser Number of Unrevealed Guesses,0
5451,codenames,Qwen3.6-35B-A3B-FP8-without-reasoning,risk_high,instance_00002,Average Guesser Target Precision,0.8
5452,codenames,Qwen3.6-35B-A3B-FP8-without-reasoning,risk_high,instance_00002,Average Guesser Target Recall,0.8
5453,codenames,Qwen3.6-35B-A3B-FP8-without-reasoning,risk_high,instance_00002,Average Guesser Target F1,0.8
5454,codenames,Qwen3.6-35B-A3B-FP8-without-reasoning,risk_high,instance_00002,Average Guesser Team Precision,0.8
5455,codenames,Qwen3.6-35B-A3B-FP8-without-reasoning,risk_high,instance_00002,Average Guesser Team Recall,0.109
5456,codenames,Qwen3.6-35B-A3B-FP8-without-reasoning,risk_high,instance_00002,Average Guesser Team F1,0.192
5457,codenames,Qwen3.6-35B-A3B-FP8-without-reasoning,risk_high,instance_00002,Aborted,0
5458,codenames,Qwen3.6-35B-A3B-FP8-without-reasoning,risk_high,instance_00002,Lose,1
5459,codenames,Qwen3.6-35B-A3B-FP8-without-reasoning,risk_high,instance_00002,Success,0
5460,codenames,Qwen3.6-35B-A3B-FP8-without-reasoning,risk_high,instance_00002,Game ended through assassin,1
5461,codenames,Qwen3.6-35B-A3B-FP8-without-reasoning,risk_high,instance_00002,Episode Recall,0.444
5462,codenames,Qwen3.6-35B-A3B-FP8-without-reasoning,risk_high,instance_00002,Episode Negative Recall,0.938
5463,codenames,Qwen3.6-35B-A3B-FP8-without-reasoning,risk_high,instance_00002,Number of turns,6
5464,codenames,Qwen3.6-35B-A3B-FP8-without-reasoning,risk_high,instance_00002,Efficiency,0.417
5465,codenames,Qwen3.6-35B-A3B-FP8-without-reasoning,risk_high,instance_00002,Request Count,10
5466,codenames,Qwen3.6-35B-A3B-FP8-without-reasoning,risk_high,instance_00002,Parsed Request Count,10
5467,codenames,Qwen3.6-35B-A3B-FP8-without-reasoning,risk_high,instance_00002,Violated Request Count,0
5468,codenames,Qwen3.6-35B-A3B-FP8-without-reasoning,risk_high,instance_00002,Request Success Ratio,1.0
5469,codenames,Qwen3.6-35B-A3B-FP8-without-reasoning,risk_high,instance_00002,Main Score,0
5470,codenames,Qwen3.6-35B-A3B-FP8-without-reasoning,risk_high,instance_00003,experiment variable,Risk
5471,codenames,Qwen3.6-35B-A3B-FP8-without-reasoning,risk_high,instance_00003,experiment name,risk_high
5472,codenames,Qwen3.6-35B-A3B-FP8-without-reasoning,risk_high,instance_00003,Cluegiver strip words,0
5473,codenames,Qwen3.6-35B-A3B-FP8-without-reasoning,risk_high,instance_00003,Guesser strip words,0
5474,codenames,Qwen3.6-35B-A3B-FP8-without-reasoning,risk_high,instance_00003,Average Cluegiver Number of Targets,1.5
5475,codenames,Qwen3.6-35B-A3B-FP8-without-reasoning,risk_high,instance_00003,Average Cluegiver Team Precision,1.0
5476,codenames,Qwen3.6-35B-A3B-FP8-without-reasoning,risk_high,instance_00003,Average Cluegiver Team Recall,0.457
5477,codenames,Qwen3.6-35B-A3B-FP8-without-reasoning,risk_high,instance_00003,Average Cluegiver Team F1,0.591
5478,codenames,Qwen3.6-35B-A3B-FP8-without-reasoning,risk_high,instance_00003,Average Guesser Number of Guesses,1.5
5479,codenames,Qwen3.6-35B-A3B-FP8-without-reasoning,risk_high,instance_00003,Average Guesser Number of Revealed Words,1.5
5480,codenames,Qwen3.6-35B-A3B-FP8-without-reasoning,risk_high,instance_00003,Average Guesser Number of Unrevealed Guesses,0
5481,codenames,Qwen3.6-35B-A3B-FP8-without-reasoning,risk_high,instance_00003,Average Guesser Target Precision,1.0
5482,codenames,Qwen3.6-35B-A3B-FP8-without-reasoning,risk_high,instance_00003,Average Guesser Target Recall,1.0
5483,codenames,Qwen3.6-35B-A3B-FP8-without-reasoning,risk_high,instance_00003,Average Guesser Target F1,1.0
5484,codenames,Qwen3.6-35B-A3B-FP8-without-reasoning,risk_high,instance_00003,Average Guesser Team Precision,1.0
5485,codenames,Qwen3.6-35B-A3B-FP8-without-reasoning,risk_high,instance_00003,Average Guesser Team Recall,0.457
5486,codenames,Qwen3.6-35B-A3B-FP8-without-reasoning,risk_high,instance_00003,Average Guesser Team F1,0.591
5487,codenames,Qwen3.6-35B-A3B-FP8-without-reasoning,risk_high,instance_00003,Aborted,0
5488,codenames,Qwen3.6-35B-A3B-FP8-without-reasoning,risk_high,instance_00003,Lose,0
5489,codenames,Qwen3.6-35B-A3B-FP8-without-reasoning,risk_high,instance_00003,Success,1
5490,codenames,Qwen3.6-35B-A3B-FP8-without-reasoning,risk_high,instance_00003,Game ended through assassin,0
5491,codenames,Qwen3.6-35B-A3B-FP8-without-reasoning,risk_high,instance_00003,Episode Recall,1.0
5492,codenames,Qwen3.6-35B-A3B-FP8-without-reasoning,risk_high,instance_00003,Episode Negative Recall,1.0
5493,codenames,Qwen3.6-35B-A3B-FP8-without-reasoning,risk_high,instance_00003,Number of turns,7
5494,codenames,Qwen3.6-35B-A3B-FP8-without-reasoning,risk_high,instance_00003,Efficiency,0.643
5495,codenames,Qwen3.6-35B-A3B-FP8-without-reasoning,risk_high,instance_00003,Request Count,12
5496,codenames,Qwen3.6-35B-A3B-FP8-without-reasoning,risk_high,instance_00003,Parsed Request Count,12
5497,codenames,Qwen3.6-35B-A3B-FP8-without-reasoning,risk_high,instance_00003,Violated Request Count,0
5498,codenames,Qwen3.6-35B-A3B-FP8-without-reasoning,risk_high,instance_00003,Request Success Ratio,1.0
5499,codenames,Qwen3.6-35B-A3B-FP8-without-reasoning,risk_high,instance_00003,Main Score,100
5500,codenames,Qwen3.6-35B-A3B-FP8-without-reasoning,risk_high,instance_00004,experiment variable,Risk
5501,codenames,Qwen3.6-35B-A3B-FP8-without-reasoning,risk_high,instance_00004,experiment name,risk_high
5502,codenames,Qwen3.6-35B-A3B-FP8-without-reasoning,risk_high,instance_00004,Cluegiver strip words,0
5503,codenames,Qwen3.6-35B-A3B-FP8-without-reasoning,risk_high,instance_00004,Guesser strip words,0
5504,codenames,Qwen3.6-35B-A3B-FP8-without-reasoning,risk_high,instance_00004,Average Cluegiver Number of Targets,1.375
5505,codenames,Qwen3.6-35B-A3B-FP8-without-reasoning,risk_high,instance_00004,Average Cluegiver Team Precision,1.0
5506,codenames,Qwen3.6-35B-A3B-FP8-without-reasoning,risk_high,instance_00004,Average Cluegiver Team Recall,0.398
5507,codenames,Qwen3.6-35B-A3B-FP8-without-reasoning,risk_high,instance_00004,Average Cluegiver Team F1,0.531
5508,codenames,Qwen3.6-35B-A3B-FP8-without-reasoning,risk_high,instance_00004,Average Guesser Number of Guesses,1.125
5509,codenames,Qwen3.6-35B-A3B-FP8-without-reasoning,risk_high,instance_00004,Average Guesser Number of Revealed Words,1.125
5510,codenames,Qwen3.6-35B-A3B-FP8-without-reasoning,risk_high,instance_00004,Average Guesser Number of Unrevealed Guesses,0
5511,codenames,Qwen3.6-35B-A3B-FP8-without-reasoning,risk_high,instance_00004,Average Guesser Target Precision,0.938
5512,codenames,Qwen3.6-35B-A3B-FP8-without-reasoning,risk_high,instance_00004,Average Guesser Target Recall,0.812
5513,codenames,Qwen3.6-35B-A3B-FP8-without-reasoning,risk_high,instance_00004,Average Guesser Target F1,0.854
5514,codenames,Qwen3.6-35B-A3B-FP8-without-reasoning,risk_high,instance_00004,Average Guesser Team Precision,1.0
5515,codenames,Qwen3.6-35B-A3B-FP8-without-reasoning,risk_high,instance_00004,Average Guesser Team Recall,0.352
5516,codenames,Qwen3.6-35B-A3B-FP8-without-reasoning,risk_high,instance_00004,Average Guesser Team F1,0.475
5517,codenames,Qwen3.6-35B-A3B-FP8-without-reasoning,risk_high,instance_00004,Aborted,0
5518,codenames,Qwen3.6-35B-A3B-FP8-without-reasoning,risk_high,instance_00004,Lose,0
5519,codenames,Qwen3.6-35B-A3B-FP8-without-reasoning,risk_high,instance_00004,Success,1
5520,codenames,Qwen3.6-35B-A3B-FP8-without-reasoning,risk_high,instance_00004,Game ended through assassin,0
5521,codenames,Qwen3.6-35B-A3B-FP8-without-reasoning,risk_high,instance_00004,Episode Recall,1.0
5522,codenames,Qwen3.6-35B-A3B-FP8-without-reasoning,risk_high,instance_00004,Episode Negative Recall,1.0
5523,codenames,Qwen3.6-35B-A3B-FP8-without-reasoning,risk_high,instance_00004,Number of turns,9
5524,codenames,Qwen3.6-35B-A3B-FP8-without-reasoning,risk_high,instance_00004,Efficiency,0.5
5525,codenames,Qwen3.6-35B-A3B-FP8-without-reasoning,risk_high,instance_00004,Request Count,16
5526,codenames,Qwen3.6-35B-A3B-FP8-without-reasoning,risk_high,instance_00004,Parsed Request Count,16
5527,codenames,Qwen3.6-35B-A3B-FP8-without-reasoning,risk_high,instance_00004,Violated Request Count,0
5528,codenames,Qwen3.6-35B-A3B-FP8-without-reasoning,risk_high,instance_00004,Request Success Ratio,1.0
5529,codenames,Qwen3.6-35B-A3B-FP8-without-reasoning,risk_high,instance_00004,Main Score,100
5530,codenames,Qwen3.6-35B-A3B-FP8-without-reasoning,risk_high,instance_00001,experiment variable,Risk
5531,codenames,Qwen3.6-35B-A3B-FP8-without-reasoning,risk_high,instance_00001,experiment name,risk_high
5532,codenames,Qwen3.6-35B-A3B-FP8-without-reasoning,risk_high,instance_00001,Cluegiver strip words,0
5533,codenames,Qwen3.6-35B-A3B-FP8-without-reasoning,risk_high,instance_00001,Guesser strip words,0
5534,codenames,Qwen3.6-35B-A3B-FP8-without-reasoning,risk_high,instance_00001,Average Cluegiver Number of Targets,1.5
5535,codenames,Qwen3.6-35B-A3B-FP8-without-reasoning,risk_high,instance_00001,Average Cluegiver Team Precision,1.0
5536,codenames,Qwen3.6-35B-A3B-FP8-without-reasoning,risk_high,instance_00001,Average Cluegiver Team Recall,0.253
5537,codenames,Qwen3.6-35B-A3B-FP8-without-reasoning,risk_high,instance_00001,Average Cluegiver Team F1,0.391
5538,codenames,Qwen3.6-35B-A3B-FP8-without-reasoning,risk_high,instance_00001,Average Guesser Number of Guesses,1.5
5539,codenames,Qwen3.6-35B-A3B-FP8-without-reasoning,risk_high,instance_00001,Average Guesser Number of Revealed Words,1.333
5540,codenames,Qwen3.6-35B-A3B-FP8-without-reasoning,risk_high,instance_00001,Average Guesser Number of Unrevealed Guesses,0.167
5541,codenames,Qwen3.6-35B-A3B-FP8-without-reasoning,risk_high,instance_00001,Average Guesser Target Precision,0.75
5542,codenames,Qwen3.6-35B-A3B-FP8-without-reasoning,risk_high,instance_00001,Average Guesser Target Recall,0.75
5543,codenames,Qwen3.6-35B-A3B-FP8-without-reasoning,risk_high,instance_00001,Average Guesser Target F1,0.75
5544,codenames,Qwen3.6-35B-A3B-FP8-without-reasoning,risk_high,instance_00001,Average Guesser Team Precision,0.75
5545,codenames,Qwen3.6-35B-A3B-FP8-without-reasoning,risk_high,instance_00001,Average Guesser Team Recall,0.164
5546,codenames,Qwen3.6-35B-A3B-FP8-without-reasoning,risk_high,instance_00001,Average Guesser Team F1,0.261
5547,codenames,Qwen3.6-35B-A3B-FP8-without-reasoning,risk_high,instance_00001,Aborted,0
5548,codenames,Qwen3.6-35B-A3B-FP8-without-reasoning,risk_high,instance_00001,Lose,1
5549,codenames,Qwen3.6-35B-A3B-FP8-without-reasoning,risk_high,instance_00001,Success,0
5550,codenames,Qwen3.6-35B-A3B-FP8-without-reasoning,risk_high,instance_00001,Game ended through assassin,1
5551,codenames,Qwen3.6-35B-A3B-FP8-without-reasoning,risk_high,instance_00001,Episode Recall,0.667
5552,codenames,Qwen3.6-35B-A3B-FP8-without-reasoning,risk_high,instance_00001,Episode Negative Recall,0.875
5553,codenames,Qwen3.6-35B-A3B-FP8-without-reasoning,risk_high,instance_00001,Number of turns,7
5554,codenames,Qwen3.6-35B-A3B-FP8-without-reasoning,risk_high,instance_00001,Efficiency,0.643
5555,codenames,Qwen3.6-35B-A3B-FP8-without-reasoning,risk_high,instance_00001,Request Count,12
5556,codenames,Qwen3.6-35B-A3B-FP8-without-reasoning,risk_high,instance_00001,Parsed Request Count,12
5557,codenames,Qwen3.6-35B-A3B-FP8-without-reasoning,risk_high,instance_00001,Violated Request Count,0
5558,codenames,Qwen3.6-35B-A3B-FP8-without-reasoning,risk_high,instance_00001,Request Success Ratio,1.0
5559,codenames,Qwen3.6-35B-A3B-FP8-without-reasoning,risk_high,instance_00001,Main Score,0
5560,codenames,Qwen3.6-35B-A3B-FP8-without-reasoning,risk_high,instance_00000,experiment variable,Risk
5561,codenames,Qwen3.6-35B-A3B-FP8-without-reasoning,risk_high,instance_00000,experiment name,risk_high
5562,codenames,Qwen3.6-35B-A3B-FP8-without-reasoning,risk_high,instance_00000,Cluegiver strip words,0
5563,codenames,Qwen3.6-35B-A3B-FP8-without-reasoning,risk_high,instance_00000,Guesser strip words,0
5564,codenames,Qwen3.6-35B-A3B-FP8-without-reasoning,risk_high,instance_00000,Average Cluegiver Number of Targets,1.5
5565,codenames,Qwen3.6-35B-A3B-FP8-without-reasoning,risk_high,instance_00000,Average Cluegiver Team Precision,1.0
5566,codenames,Qwen3.6-35B-A3B-FP8-without-reasoning,risk_high,instance_00000,Average Cluegiver Team Recall,0.451
5567,codenames,Qwen3.6-35B-A3B-FP8-without-reasoning,risk_high,instance_00000,Average Cluegiver Team F1,0.579
5568,codenames,Qwen3.6-35B-A3B-FP8-without-reasoning,risk_high,instance_00000,Average Guesser Number of Guesses,1.5
5569,codenames,Qwen3.6-35B-A3B-FP8-without-reasoning,risk_high,instance_00000,Average Guesser Number of Revealed Words,1.5
5570,codenames,Qwen3.6-35B-A3B-FP8-without-reasoning,risk_high,instance_00000,Average Guesser Number of Unrevealed Guesses,0
5571,codenames,Qwen3.6-35B-A3B-FP8-without-reasoning,risk_high,instance_00000,Average Guesser Target Precision,0.917
5572,codenames,Qwen3.6-35B-A3B-FP8-without-reasoning,risk_high,instance_00000,Average Guesser Target Recall,0.917
5573,codenames,Qwen3.6-35B-A3B-FP8-without-reasoning,risk_high,instance_00000,Average Guesser Target F1,0.917
5574,codenames,Qwen3.6-35B-A3B-FP8-without-reasoning,risk_high,instance_00000,Average Guesser Team Precision,1.0
5575,codenames,Qwen3.6-35B-A3B-FP8-without-reasoning,risk_high,instance_00000,Average Guesser Team Recall,0.451
5576,codenames,Qwen3.6-35B-A3B-FP8-without-reasoning,risk_high,instance_00000,Average Guesser Team F1,0.579
5577,codenames,Qwen3.6-35B-A3B-FP8-without-reasoning,risk_high,instance_00000,Aborted,0
5578,codenames,Qwen3.6-35B-A3B-FP8-without-reasoning,risk_high,instance_00000,Lose,0
5579,codenames,Qwen3.6-35B-A3B-FP8-without-reasoning,risk_high,instance_00000,Success,1
5580,codenames,Qwen3.6-35B-A3B-FP8-without-reasoning,risk_high,instance_00000,Game ended through assassin,0
5581,codenames,Qwen3.6-35B-A3B-FP8-without-reasoning,risk_high,instance_00000,Episode Recall,1.0
5582,codenames,Qwen3.6-35B-A3B-FP8-without-reasoning,risk_high,instance_00000,Episode Negative Recall,1.0
5583,codenames,Qwen3.6-35B-A3B-FP8-without-reasoning,risk_high,instance_00000,Number of turns,7
5584,codenames,Qwen3.6-35B-A3B-FP8-without-reasoning,risk_high,instance_00000,Efficiency,0.643
5585,codenames,Qwen3.6-35B-A3B-FP8-without-reasoning,risk_high,instance_00000,Request Count,12
5586,codenames,Qwen3.6-35B-A3B-FP8-without-reasoning,risk_high,instance_00000,Parsed Request Count,12
5587,codenames,Qwen3.6-35B-A3B-FP8-without-reasoning,risk_high,instance_00000,Violated Request Count,0
5588,codenames,Qwen3.6-35B-A3B-FP8-without-reasoning,risk_high,instance_00000,Request Success Ratio,1.0
5589,codenames,Qwen3.6-35B-A3B-FP8-without-reasoning,risk_high,instance_00000,Main Score,100
5590,codenames,Qwen3.6-35B-A3B-FP8-without-reasoning,opponent_easy,instance_00002,experiment variable,Opponent Difficulty
5591,codenames,Qwen3.6-35B-A3B-FP8-without-reasoning,opponent_easy,instance_00002,experiment name,opponent_easy
5592,codenames,Qwen3.6-35B-A3B-FP8-without-reasoning,opponent_easy,instance_00002,Cluegiver strip words,0
5593,codenames,Qwen3.6-35B-A3B-FP8-without-reasoning,opponent_easy,instance_00002,Guesser strip words,0
5594,codenames,Qwen3.6-35B-A3B-FP8-without-reasoning,opponent_easy,instance_00002,Average Cluegiver Number of Targets,1.625
5595,codenames,Qwen3.6-35B-A3B-FP8-without-reasoning,opponent_easy,instance_00002,Average Cluegiver Team Precision,1.0
5596,codenames,Qwen3.6-35B-A3B-FP8-without-reasoning,opponent_easy,instance_00002,Average Cluegiver Team Recall,0.404
5597,codenames,Qwen3.6-35B-A3B-FP8-without-reasoning,opponent_easy,instance_00002,Average Cluegiver Team F1,0.532
5598,codenames,Qwen3.6-35B-A3B-FP8-without-reasoning,opponent_easy,instance_00002,Average Guesser Number of Guesses,1.625
5599,codenames,Qwen3.6-35B-A3B-FP8-without-reasoning,opponent_easy,instance_00002,Average Guesser Number of Revealed Words,1.375
5600,codenames,Qwen3.6-35B-A3B-FP8-without-reasoning,opponent_easy,instance_00002,Average Guesser Number of Unrevealed Guesses,0.25
5601,codenames,Qwen3.6-35B-A3B-FP8-without-reasoning,opponent_easy,instance_00002,Average Guesser Target Precision,0.75
5602,codenames,Qwen3.6-35B-A3B-FP8-without-reasoning,opponent_easy,instance_00002,Average Guesser Target Recall,0.75
5603,codenames,Qwen3.6-35B-A3B-FP8-without-reasoning,opponent_easy,instance_00002,Average Guesser Target F1,0.75
5604,codenames,Qwen3.6-35B-A3B-FP8-without-reasoning,opponent_easy,instance_00002,Average Guesser Team Precision,0.75
5605,codenames,Qwen3.6-35B-A3B-FP8-without-reasoning,opponent_easy,instance_00002,Average Guesser Team Recall,0.327
5606,codenames,Qwen3.6-35B-A3B-FP8-without-reasoning,opponent_easy,instance_00002,Average Guesser Team F1,0.414
5607,codenames,Qwen3.6-35B-A3B-FP8-without-reasoning,opponent_easy,instance_00002,Aborted,0
5608,codenames,Qwen3.6-35B-A3B-FP8-without-reasoning,opponent_easy,instance_00002,Lose,0
5609,codenames,Qwen3.6-35B-A3B-FP8-without-reasoning,opponent_easy,instance_00002,Success,1
5610,codenames,Qwen3.6-35B-A3B-FP8-without-reasoning,opponent_easy,instance_00002,Game ended through assassin,0
5611,codenames,Qwen3.6-35B-A3B-FP8-without-reasoning,opponent_easy,instance_00002,Episode Recall,1.0
5612,codenames,Qwen3.6-35B-A3B-FP8-without-reasoning,opponent_easy,instance_00002,Episode Negative Recall,0.875
5613,codenames,Qwen3.6-35B-A3B-FP8-without-reasoning,opponent_easy,instance_00002,Number of turns,9
5614,codenames,Qwen3.6-35B-A3B-FP8-without-reasoning,opponent_easy,instance_00002,Efficiency,0.722
5615,codenames,Qwen3.6-35B-A3B-FP8-without-reasoning,opponent_easy,instance_00002,Request Count,16
5616,codenames,Qwen3.6-35B-A3B-FP8-without-reasoning,opponent_easy,instance_00002,Parsed Request Count,16
5617,codenames,Qwen3.6-35B-A3B-FP8-without-reasoning,opponent_easy,instance_00002,Violated Request Count,0
5618,codenames,Qwen3.6-35B-A3B-FP8-without-reasoning,opponent_easy,instance_00002,Request Success Ratio,1.0
5619,codenames,Qwen3.6-35B-A3B-FP8-without-reasoning,opponent_easy,instance_00002,Main Score,100
5620,codenames,Qwen3.6-35B-A3B-FP8-without-reasoning,opponent_easy,instance_00003,experiment variable,Opponent Difficulty
5621,codenames,Qwen3.6-35B-A3B-FP8-without-reasoning,opponent_easy,instance_00003,experiment name,opponent_easy
5622,codenames,Qwen3.6-35B-A3B-FP8-without-reasoning,opponent_easy,instance_00003,Cluegiver strip words,0
5623,codenames,Qwen3.6-35B-A3B-FP8-without-reasoning,opponent_easy,instance_00003,Guesser strip words,0
5624,codenames,Qwen3.6-35B-A3B-FP8-without-reasoning,opponent_easy,instance_00003,Average Cluegiver Number of Targets,1
5625,codenames,Qwen3.6-35B-A3B-FP8-without-reasoning,opponent_easy,instance_00003,Average Cluegiver Team Precision,1.0
5626,codenames,Qwen3.6-35B-A3B-FP8-without-reasoning,opponent_easy,instance_00003,Average Cluegiver Team Recall,0.111
5627,codenames,Qwen3.6-35B-A3B-FP8-without-reasoning,opponent_easy,instance_00003,Average Cluegiver Team F1,0.2
5628,codenames,Qwen3.6-35B-A3B-FP8-without-reasoning,opponent_easy,instance_00003,Average Guesser Number of Guesses,0
5629,codenames,Qwen3.6-35B-A3B-FP8-without-reasoning,opponent_easy,instance_00003,Average Guesser Number of Revealed Words,0
5630,codenames,Qwen3.6-35B-A3B-FP8-without-reasoning,opponent_easy,instance_00003,Average Guesser Number of Unrevealed Guesses,0
5631,codenames,Qwen3.6-35B-A3B-FP8-without-reasoning,opponent_easy,instance_00003,Average Guesser Target Precision,0
5632,codenames,Qwen3.6-35B-A3B-FP8-without-reasoning,opponent_easy,instance_00003,Average Guesser Target Recall,0.0
5633,codenames,Qwen3.6-35B-A3B-FP8-without-reasoning,opponent_easy,instance_00003,Average Guesser Target F1,0
5634,codenames,Qwen3.6-35B-A3B-FP8-without-reasoning,opponent_easy,instance_00003,Average Guesser Team Precision,0
5635,codenames,Qwen3.6-35B-A3B-FP8-without-reasoning,opponent_easy,instance_00003,Average Guesser Team Recall,0.0
5636,codenames,Qwen3.6-35B-A3B-FP8-without-reasoning,opponent_easy,instance_00003,Average Guesser Team F1,0
5637,codenames,Qwen3.6-35B-A3B-FP8-without-reasoning,opponent_easy,instance_00003,Aborted,1
5638,codenames,Qwen3.6-35B-A3B-FP8-without-reasoning,opponent_easy,instance_00003,Lose,0
5639,codenames,Qwen3.6-35B-A3B-FP8-without-reasoning,opponent_easy,instance_00003,Success,0
5640,codenames,Qwen3.6-35B-A3B-FP8-without-reasoning,opponent_easy,instance_00003,Game ended through assassin,0
5641,codenames,Qwen3.6-35B-A3B-FP8-without-reasoning,opponent_easy,instance_00003,Episode Recall,0.0
5642,codenames,Qwen3.6-35B-A3B-FP8-without-reasoning,opponent_easy,instance_00003,Episode Negative Recall,1.0
5643,codenames,Qwen3.6-35B-A3B-FP8-without-reasoning,opponent_easy,instance_00003,Number of turns,2
5644,codenames,Qwen3.6-35B-A3B-FP8-without-reasoning,opponent_easy,instance_00003,Efficiency,0.0
5645,codenames,Qwen3.6-35B-A3B-FP8-without-reasoning,opponent_easy,instance_00003,Request Count,2
5646,codenames,Qwen3.6-35B-A3B-FP8-without-reasoning,opponent_easy,instance_00003,Parsed Request Count,1
5647,codenames,Qwen3.6-35B-A3B-FP8-without-reasoning,opponent_easy,instance_00003,Violated Request Count,1
5648,codenames,Qwen3.6-35B-A3B-FP8-without-reasoning,opponent_easy,instance_00003,Request Success Ratio,0.5
5649,codenames,Qwen3.6-35B-A3B-FP8-without-reasoning,opponent_easy,instance_00003,Main Score,
5650,codenames,Qwen3.6-35B-A3B-FP8-without-reasoning,opponent_easy,instance_00004,experiment variable,Opponent Difficulty
5651,codenames,Qwen3.6-35B-A3B-FP8-without-reasoning,opponent_easy,instance_00004,experiment name,opponent_easy
5652,codenames,Qwen3.6-35B-A3B-FP8-without-reasoning,opponent_easy,instance_00004,Cluegiver strip words,0
5653,codenames,Qwen3.6-35B-A3B-FP8-without-reasoning,opponent_easy,instance_00004,Guesser strip words,0
5654,codenames,Qwen3.6-35B-A3B-FP8-without-reasoning,opponent_easy,instance_00004,Average Cluegiver Number of Targets,1.222
5655,codenames,Qwen3.6-35B-A3B-FP8-without-reasoning,opponent_easy,instance_00004,Average Cluegiver Team Precision,1.0
5656,codenames,Qwen3.6-35B-A3B-FP8-without-reasoning,opponent_easy,instance_00004,Average Cluegiver Team Recall,0.249
5657,codenames,Qwen3.6-35B-A3B-FP8-without-reasoning,opponent_easy,instance_00004,Average Cluegiver Team F1,0.387
5658,codenames,Qwen3.6-35B-A3B-FP8-without-reasoning,opponent_easy,instance_00004,Average Guesser Number of Guesses,0.889
5659,codenames,Qwen3.6-35B-A3B-FP8-without-reasoning,opponent_easy,instance_00004,Average Guesser Number of Revealed Words,0.889
5660,codenames,Qwen3.6-35B-A3B-FP8-without-reasoning,opponent_easy,instance_00004,Average Guesser Number of Unrevealed Guesses,0
5661,codenames,Qwen3.6-35B-A3B-FP8-without-reasoning,opponent_easy,instance_00004,Average Guesser Target Precision,0.778
5662,codenames,Qwen3.6-35B-A3B-FP8-without-reasoning,opponent_easy,instance_00004,Average Guesser Target Recall,0.722
5663,codenames,Qwen3.6-35B-A3B-FP8-without-reasoning,opponent_easy,instance_00004,Average Guesser Target F1,0.741
5664,codenames,Qwen3.6-35B-A3B-FP8-without-reasoning,opponent_easy,instance_00004,Average Guesser Team Precision,0.778
5665,codenames,Qwen3.6-35B-A3B-FP8-without-reasoning,opponent_easy,instance_00004,Average Guesser Team Recall,0.148
5666,codenames,Qwen3.6-35B-A3B-FP8-without-reasoning,opponent_easy,instance_00004,Average Guesser Team F1,0.243
5667,codenames,Qwen3.6-35B-A3B-FP8-without-reasoning,opponent_easy,instance_00004,Aborted,0
5668,codenames,Qwen3.6-35B-A3B-FP8-without-reasoning,opponent_easy,instance_00004,Lose,1
5669,codenames,Qwen3.6-35B-A3B-FP8-without-reasoning,opponent_easy,instance_00004,Success,0
5670,codenames,Qwen3.6-35B-A3B-FP8-without-reasoning,opponent_easy,instance_00004,Game ended through assassin,0
5671,codenames,Qwen3.6-35B-A3B-FP8-without-reasoning,opponent_easy,instance_00004,Episode Recall,0.778
5672,codenames,Qwen3.6-35B-A3B-FP8-without-reasoning,opponent_easy,instance_00004,Episode Negative Recall,0.938
5673,codenames,Qwen3.6-35B-A3B-FP8-without-reasoning,opponent_easy,instance_00004,Number of turns,9
5674,codenames,Qwen3.6-35B-A3B-FP8-without-reasoning,opponent_easy,instance_00004,Efficiency,0.444
5675,codenames,Qwen3.6-35B-A3B-FP8-without-reasoning,opponent_easy,instance_00004,Request Count,17
5676,codenames,Qwen3.6-35B-A3B-FP8-without-reasoning,opponent_easy,instance_00004,Parsed Request Count,17
5677,codenames,Qwen3.6-35B-A3B-FP8-without-reasoning,opponent_easy,instance_00004,Violated Request Count,0
5678,codenames,Qwen3.6-35B-A3B-FP8-without-reasoning,opponent_easy,instance_00004,Request Success Ratio,1.0
5679,codenames,Qwen3.6-35B-A3B-FP8-without-reasoning,opponent_easy,instance_00004,Main Score,0
5680,codenames,Qwen3.6-35B-A3B-FP8-without-reasoning,opponent_easy,instance_00001,experiment variable,Opponent Difficulty
5681,codenames,Qwen3.6-35B-A3B-FP8-without-reasoning,opponent_easy,instance_00001,experiment name,opponent_easy
5682,codenames,Qwen3.6-35B-A3B-FP8-without-reasoning,opponent_easy,instance_00001,Cluegiver strip words,0
5683,codenames,Qwen3.6-35B-A3B-FP8-without-reasoning,opponent_easy,instance_00001,Guesser strip words,0
5684,codenames,Qwen3.6-35B-A3B-FP8-without-reasoning,opponent_easy,instance_00001,Average Cluegiver Number of Targets,1.625
5685,codenames,Qwen3.6-35B-A3B-FP8-without-reasoning,opponent_easy,instance_00001,Average Cluegiver Team Precision,1.0
5686,codenames,Qwen3.6-35B-A3B-FP8-without-reasoning,opponent_easy,instance_00001,Average Cluegiver Team Recall,0.531
5687,codenames,Qwen3.6-35B-A3B-FP8-without-reasoning,opponent_easy,instance_00001,Average Cluegiver Team F1,0.654
5688,codenames,Qwen3.6-35B-A3B-FP8-without-reasoning,opponent_easy,instance_00001,Average Guesser Number of Guesses,1.625
5689,codenames,Qwen3.6-35B-A3B-FP8-without-reasoning,opponent_easy,instance_00001,Average Guesser Number of Revealed Words,1.375
5690,codenames,Qwen3.6-35B-A3B-FP8-without-reasoning,opponent_easy,instance_00001,Average Guesser Number of Unrevealed Guesses,0.25
5691,codenames,Qwen3.6-35B-A3B-FP8-without-reasoning,opponent_easy,instance_00001,Average Guesser Target Precision,0.75
5692,codenames,Qwen3.6-35B-A3B-FP8-without-reasoning,opponent_easy,instance_00001,Average Guesser Target Recall,0.75
5693,codenames,Qwen3.6-35B-A3B-FP8-without-reasoning,opponent_easy,instance_00001,Average Guesser Target F1,0.75
5694,codenames,Qwen3.6-35B-A3B-FP8-without-reasoning,opponent_easy,instance_00001,Average Guesser Team Precision,0.75
5695,codenames,Qwen3.6-35B-A3B-FP8-without-reasoning,opponent_easy,instance_00001,Average Guesser Team Recall,0.344
5696,codenames,Qwen3.6-35B-A3B-FP8-without-reasoning,opponent_easy,instance_00001,Average Guesser Team F1,0.446
5697,codenames,Qwen3.6-35B-A3B-FP8-without-reasoning,opponent_easy,instance_00001,Aborted,0
5698,codenames,Qwen3.6-35B-A3B-FP8-without-reasoning,opponent_easy,instance_00001,Lose,0
5699,codenames,Qwen3.6-35B-A3B-FP8-without-reasoning,opponent_easy,instance_00001,Success,1
5700,codenames,Qwen3.6-35B-A3B-FP8-without-reasoning,opponent_easy,instance_00001,Game ended through assassin,0
5701,codenames,Qwen3.6-35B-A3B-FP8-without-reasoning,opponent_easy,instance_00001,Episode Recall,1.0
5702,codenames,Qwen3.6-35B-A3B-FP8-without-reasoning,opponent_easy,instance_00001,Episode Negative Recall,0.875
5703,codenames,Qwen3.6-35B-A3B-FP8-without-reasoning,opponent_easy,instance_00001,Number of turns,9
5704,codenames,Qwen3.6-35B-A3B-FP8-without-reasoning,opponent_easy,instance_00001,Efficiency,0.722
5705,codenames,Qwen3.6-35B-A3B-FP8-without-reasoning,opponent_easy,instance_00001,Request Count,16
5706,codenames,Qwen3.6-35B-A3B-FP8-without-reasoning,opponent_easy,instance_00001,Parsed Request Count,16
5707,codenames,Qwen3.6-35B-A3B-FP8-without-reasoning,opponent_easy,instance_00001,Violated Request Count,0
5708,codenames,Qwen3.6-35B-A3B-FP8-without-reasoning,opponent_easy,instance_00001,Request Success Ratio,1.0
5709,codenames,Qwen3.6-35B-A3B-FP8-without-reasoning,opponent_easy,instance_00001,Main Score,100
5710,codenames,Qwen3.6-35B-A3B-FP8-without-reasoning,opponent_easy,instance_00000,experiment variable,Opponent Difficulty
5711,codenames,Qwen3.6-35B-A3B-FP8-without-reasoning,opponent_easy,instance_00000,experiment name,opponent_easy
5712,codenames,Qwen3.6-35B-A3B-FP8-without-reasoning,opponent_easy,instance_00000,Cluegiver strip words,0
5713,codenames,Qwen3.6-35B-A3B-FP8-without-reasoning,opponent_easy,instance_00000,Guesser strip words,0
5714,codenames,Qwen3.6-35B-A3B-FP8-without-reasoning,opponent_easy,instance_00000,Average Cluegiver Number of Targets,1.25
5715,codenames,Qwen3.6-35B-A3B-FP8-without-reasoning,opponent_easy,instance_00000,Average Cluegiver Team Precision,1.0
5716,codenames,Qwen3.6-35B-A3B-FP8-without-reasoning,opponent_easy,instance_00000,Average Cluegiver Team Recall,0.38
5717,codenames,Qwen3.6-35B-A3B-FP8-without-reasoning,opponent_easy,instance_00000,Average Cluegiver Team F1,0.514
5718,codenames,Qwen3.6-35B-A3B-FP8-without-reasoning,opponent_easy,instance_00000,Average Guesser Number of Guesses,1.25
5719,codenames,Qwen3.6-35B-A3B-FP8-without-reasoning,opponent_easy,instance_00000,Average Guesser Number of Revealed Words,1.25
5720,codenames,Qwen3.6-35B-A3B-FP8-without-reasoning,opponent_easy,instance_00000,Average Guesser Number of Unrevealed Guesses,0
5721,codenames,Qwen3.6-35B-A3B-FP8-without-reasoning,opponent_easy,instance_00000,Average Guesser Target Precision,0.812
5722,codenames,Qwen3.6-35B-A3B-FP8-without-reasoning,opponent_easy,instance_00000,Average Guesser Target Recall,0.812
5723,codenames,Qwen3.6-35B-A3B-FP8-without-reasoning,opponent_easy,instance_00000,Average Guesser Target F1,0.812
5724,codenames,Qwen3.6-35B-A3B-FP8-without-reasoning,opponent_easy,instance_00000,Average Guesser Team Precision,0.875
5725,codenames,Qwen3.6-35B-A3B-FP8-without-reasoning,opponent_easy,instance_00000,Average Guesser Team Recall,0.349
5726,codenames,Qwen3.6-35B-A3B-FP8-without-reasoning,opponent_easy,instance_00000,Average Guesser Team F1,0.464
5727,codenames,Qwen3.6-35B-A3B-FP8-without-reasoning,opponent_easy,instance_00000,Aborted,0
5728,codenames,Qwen3.6-35B-A3B-FP8-without-reasoning,opponent_easy,instance_00000,Lose,0
5729,codenames,Qwen3.6-35B-A3B-FP8-without-reasoning,opponent_easy,instance_00000,Success,1
5730,codenames,Qwen3.6-35B-A3B-FP8-without-reasoning,opponent_easy,instance_00000,Game ended through assassin,0
5731,codenames,Qwen3.6-35B-A3B-FP8-without-reasoning,opponent_easy,instance_00000,Episode Recall,1.0
5732,codenames,Qwen3.6-35B-A3B-FP8-without-reasoning,opponent_easy,instance_00000,Episode Negative Recall,0.938
5733,codenames,Qwen3.6-35B-A3B-FP8-without-reasoning,opponent_easy,instance_00000,Number of turns,9
5734,codenames,Qwen3.6-35B-A3B-FP8-without-reasoning,opponent_easy,instance_00000,Efficiency,0.556
5735,codenames,Qwen3.6-35B-A3B-FP8-without-reasoning,opponent_easy,instance_00000,Request Count,16
5736,codenames,Qwen3.6-35B-A3B-FP8-without-reasoning,opponent_easy,instance_00000,Parsed Request Count,16
5737,codenames,Qwen3.6-35B-A3B-FP8-without-reasoning,opponent_easy,instance_00000,Violated Request Count,0
5738,codenames,Qwen3.6-35B-A3B-FP8-without-reasoning,opponent_easy,instance_00000,Request Success Ratio,1.0
5739,codenames,Qwen3.6-35B-A3B-FP8-without-reasoning,opponent_easy,instance_00000,Main Score,100
5740,codenames,Qwen3.6-35B-A3B-FP8-without-reasoning,association_difficult,instance_00002,experiment variable,Word Assignments
5741,codenames,Qwen3.6-35B-A3B-FP8-without-reasoning,association_difficult,instance_00002,experiment name,association_difficult
5742,codenames,Qwen3.6-35B-A3B-FP8-without-reasoning,association_difficult,instance_00002,Cluegiver strip words,0
5743,codenames,Qwen3.6-35B-A3B-FP8-without-reasoning,association_difficult,instance_00002,Guesser strip words,0
5744,codenames,Qwen3.6-35B-A3B-FP8-without-reasoning,association_difficult,instance_00002,Average Cluegiver Number of Targets,1.5
5745,codenames,Qwen3.6-35B-A3B-FP8-without-reasoning,association_difficult,instance_00002,Average Cluegiver Team Precision,1.0
5746,codenames,Qwen3.6-35B-A3B-FP8-without-reasoning,association_difficult,instance_00002,Average Cluegiver Team Recall,0.204
5747,codenames,Qwen3.6-35B-A3B-FP8-without-reasoning,association_difficult,instance_00002,Average Cluegiver Team F1,0.337
5748,codenames,Qwen3.6-35B-A3B-FP8-without-reasoning,association_difficult,instance_00002,Average Guesser Number of Guesses,1.333
5749,codenames,Qwen3.6-35B-A3B-FP8-without-reasoning,association_difficult,instance_00002,Average Guesser Number of Revealed Words,1.167
5750,codenames,Qwen3.6-35B-A3B-FP8-without-reasoning,association_difficult,instance_00002,Average Guesser Number of Unrevealed Guesses,0.167
5751,codenames,Qwen3.6-35B-A3B-FP8-without-reasoning,association_difficult,instance_00002,Average Guesser Target Precision,0.25
5752,codenames,Qwen3.6-35B-A3B-FP8-without-reasoning,association_difficult,instance_00002,Average Guesser Target Recall,0.25
5753,codenames,Qwen3.6-35B-A3B-FP8-without-reasoning,association_difficult,instance_00002,Average Guesser Target F1,0.25
5754,codenames,Qwen3.6-35B-A3B-FP8-without-reasoning,association_difficult,instance_00002,Average Guesser Team Precision,0.25
5755,codenames,Qwen3.6-35B-A3B-FP8-without-reasoning,association_difficult,instance_00002,Average Guesser Team Recall,0.06
5756,codenames,Qwen3.6-35B-A3B-FP8-without-reasoning,association_difficult,instance_00002,Average Guesser Team F1,0.097
5757,codenames,Qwen3.6-35B-A3B-FP8-without-reasoning,association_difficult,instance_00002,Aborted,0
5758,codenames,Qwen3.6-35B-A3B-FP8-without-reasoning,association_difficult,instance_00002,Lose,1
5759,codenames,Qwen3.6-35B-A3B-FP8-without-reasoning,association_difficult,instance_00002,Success,0
5760,codenames,Qwen3.6-35B-A3B-FP8-without-reasoning,association_difficult,instance_00002,Game ended through assassin,0
5761,codenames,Qwen3.6-35B-A3B-FP8-without-reasoning,association_difficult,instance_00002,Episode Recall,0.333
5762,codenames,Qwen3.6-35B-A3B-FP8-without-reasoning,association_difficult,instance_00002,Episode Negative Recall,0.75
5763,codenames,Qwen3.6-35B-A3B-FP8-without-reasoning,association_difficult,instance_00002,Number of turns,6
5764,codenames,Qwen3.6-35B-A3B-FP8-without-reasoning,association_difficult,instance_00002,Efficiency,0.667
5765,codenames,Qwen3.6-35B-A3B-FP8-without-reasoning,association_difficult,instance_00002,Request Count,11
5766,codenames,Qwen3.6-35B-A3B-FP8-without-reasoning,association_difficult,instance_00002,Parsed Request Count,11
5767,codenames,Qwen3.6-35B-A3B-FP8-without-reasoning,association_difficult,instance_00002,Violated Request Count,0
5768,codenames,Qwen3.6-35B-A3B-FP8-without-reasoning,association_difficult,instance_00002,Request Success Ratio,1.0
5769,codenames,Qwen3.6-35B-A3B-FP8-without-reasoning,association_difficult,instance_00002,Main Score,0
5770,codenames,Qwen3.6-35B-A3B-FP8-without-reasoning,association_difficult,instance_00003,experiment variable,Word Assignments
5771,codenames,Qwen3.6-35B-A3B-FP8-without-reasoning,association_difficult,instance_00003,experiment name,association_difficult
5772,codenames,Qwen3.6-35B-A3B-FP8-without-reasoning,association_difficult,instance_00003,Cluegiver strip words,0
5773,codenames,Qwen3.6-35B-A3B-FP8-without-reasoning,association_difficult,instance_00003,Guesser strip words,0
5774,codenames,Qwen3.6-35B-A3B-FP8-without-reasoning,association_difficult,instance_00003,Average Cluegiver Number of Targets,1.286
5775,codenames,Qwen3.6-35B-A3B-FP8-without-reasoning,association_difficult,instance_00003,Average Cluegiver Team Precision,1.0
5776,codenames,Qwen3.6-35B-A3B-FP8-without-reasoning,association_difficult,instance_00003,Average Cluegiver Team Recall,0.163
5777,codenames,Qwen3.6-35B-A3B-FP8-without-reasoning,association_difficult,instance_00003,Average Cluegiver Team F1,0.277
5778,codenames,Qwen3.6-35B-A3B-FP8-without-reasoning,association_difficult,instance_00003,Average Guesser Number of Guesses,1.143
5779,codenames,Qwen3.6-35B-A3B-FP8-without-reasoning,association_difficult,instance_00003,Average Guesser Number of Revealed Words,1.143
5780,codenames,Qwen3.6-35B-A3B-FP8-without-reasoning,association_difficult,instance_00003,Average Guesser Number of Unrevealed Guesses,0
5781,codenames,Qwen3.6-35B-A3B-FP8-without-reasoning,association_difficult,instance_00003,Average Guesser Target Precision,0.214
5782,codenames,Qwen3.6-35B-A3B-FP8-without-reasoning,association_difficult,instance_00003,Average Guesser Target Recall,0.214
5783,codenames,Qwen3.6-35B-A3B-FP8-without-reasoning,association_difficult,instance_00003,Average Guesser Target F1,0.214
5784,codenames,Qwen3.6-35B-A3B-FP8-without-reasoning,association_difficult,instance_00003,Average Guesser Team Precision,0.214
5785,codenames,Qwen3.6-35B-A3B-FP8-without-reasoning,association_difficult,instance_00003,Average Guesser Team Recall,0.052
5786,codenames,Qwen3.6-35B-A3B-FP8-without-reasoning,association_difficult,instance_00003,Average Guesser Team F1,0.083
5787,codenames,Qwen3.6-35B-A3B-FP8-without-reasoning,association_difficult,instance_00003,Aborted,0
5788,codenames,Qwen3.6-35B-A3B-FP8-without-reasoning,association_difficult,instance_00003,Lose,1
5789,codenames,Qwen3.6-35B-A3B-FP8-without-reasoning,association_difficult,instance_00003,Success,0
5790,codenames,Qwen3.6-35B-A3B-FP8-without-reasoning,association_difficult,instance_00003,Game ended through assassin,0
5791,codenames,Qwen3.6-35B-A3B-FP8-without-reasoning,association_difficult,instance_00003,Episode Recall,0.333
5792,codenames,Qwen3.6-35B-A3B-FP8-without-reasoning,association_difficult,instance_00003,Episode Negative Recall,0.688
5793,codenames,Qwen3.6-35B-A3B-FP8-without-reasoning,association_difficult,instance_00003,Number of turns,7
5794,codenames,Qwen3.6-35B-A3B-FP8-without-reasoning,association_difficult,instance_00003,Efficiency,0.571
5795,codenames,Qwen3.6-35B-A3B-FP8-without-reasoning,association_difficult,instance_00003,Request Count,13
5796,codenames,Qwen3.6-35B-A3B-FP8-without-reasoning,association_difficult,instance_00003,Parsed Request Count,13
5797,codenames,Qwen3.6-35B-A3B-FP8-without-reasoning,association_difficult,instance_00003,Violated Request Count,0
5798,codenames,Qwen3.6-35B-A3B-FP8-without-reasoning,association_difficult,instance_00003,Request Success Ratio,1.0
5799,codenames,Qwen3.6-35B-A3B-FP8-without-reasoning,association_difficult,instance_00003,Main Score,0
5800,codenames,Qwen3.6-35B-A3B-FP8-without-reasoning,association_difficult,instance_00004,experiment variable,Word Assignments
5801,codenames,Qwen3.6-35B-A3B-FP8-without-reasoning,association_difficult,instance_00004,experiment name,association_difficult
5802,codenames,Qwen3.6-35B-A3B-FP8-without-reasoning,association_difficult,instance_00004,Cluegiver strip words,0
5803,codenames,Qwen3.6-35B-A3B-FP8-without-reasoning,association_difficult,instance_00004,Guesser strip words,0
5804,codenames,Qwen3.6-35B-A3B-FP8-without-reasoning,association_difficult,instance_00004,Average Cluegiver Number of Targets,1.571
5805,codenames,Qwen3.6-35B-A3B-FP8-without-reasoning,association_difficult,instance_00004,Average Cluegiver Team Precision,1.0
5806,codenames,Qwen3.6-35B-A3B-FP8-without-reasoning,association_difficult,instance_00004,Average Cluegiver Team Recall,0.223
5807,codenames,Qwen3.6-35B-A3B-FP8-without-reasoning,association_difficult,instance_00004,Average Cluegiver Team F1,0.362
5808,codenames,Qwen3.6-35B-A3B-FP8-without-reasoning,association_difficult,instance_00004,Average Guesser Number of Guesses,1.429
5809,codenames,Qwen3.6-35B-A3B-FP8-without-reasoning,association_difficult,instance_00004,Average Guesser Number of Revealed Words,1.286
5810,codenames,Qwen3.6-35B-A3B-FP8-without-reasoning,association_difficult,instance_00004,Average Guesser Number of Unrevealed Guesses,0.143
5811,codenames,Qwen3.6-35B-A3B-FP8-without-reasoning,association_difficult,instance_00004,Average Guesser Target Precision,0.286
5812,codenames,Qwen3.6-35B-A3B-FP8-without-reasoning,association_difficult,instance_00004,Average Guesser Target Recall,0.286
5813,codenames,Qwen3.6-35B-A3B-FP8-without-reasoning,association_difficult,instance_00004,Average Guesser Target F1,0.286
5814,codenames,Qwen3.6-35B-A3B-FP8-without-reasoning,association_difficult,instance_00004,Average Guesser Team Precision,0.286
5815,codenames,Qwen3.6-35B-A3B-FP8-without-reasoning,association_difficult,instance_00004,Average Guesser Team Recall,0.075
5816,codenames,Qwen3.6-35B-A3B-FP8-without-reasoning,association_difficult,instance_00004,Average Guesser Team F1,0.119
5817,codenames,Qwen3.6-35B-A3B-FP8-without-reasoning,association_difficult,instance_00004,Aborted,0
5818,codenames,Qwen3.6-35B-A3B-FP8-without-reasoning,association_difficult,instance_00004,Lose,1
5819,codenames,Qwen3.6-35B-A3B-FP8-without-reasoning,association_difficult,instance_00004,Success,0
5820,codenames,Qwen3.6-35B-A3B-FP8-without-reasoning,association_difficult,instance_00004,Game ended through assassin,0
5821,codenames,Qwen3.6-35B-A3B-FP8-without-reasoning,association_difficult,instance_00004,Episode Recall,0.444
5822,codenames,Qwen3.6-35B-A3B-FP8-without-reasoning,association_difficult,instance_00004,Episode Negative Recall,0.688
5823,codenames,Qwen3.6-35B-A3B-FP8-without-reasoning,association_difficult,instance_00004,Number of turns,7
5824,codenames,Qwen3.6-35B-A3B-FP8-without-reasoning,association_difficult,instance_00004,Efficiency,0.714
5825,codenames,Qwen3.6-35B-A3B-FP8-without-reasoning,association_difficult,instance_00004,Request Count,13
5826,codenames,Qwen3.6-35B-A3B-FP8-without-reasoning,association_difficult,instance_00004,Parsed Request Count,13
5827,codenames,Qwen3.6-35B-A3B-FP8-without-reasoning,association_difficult,instance_00004,Violated Request Count,0
5828,codenames,Qwen3.6-35B-A3B-FP8-without-reasoning,association_difficult,instance_00004,Request Success Ratio,1.0
5829,codenames,Qwen3.6-35B-A3B-FP8-without-reasoning,association_difficult,instance_00004,Main Score,0
5830,codenames,Qwen3.6-35B-A3B-FP8-without-reasoning,association_difficult,instance_00001,experiment variable,Word Assignments
5831,codenames,Qwen3.6-35B-A3B-FP8-without-reasoning,association_difficult,instance_00001,experiment name,association_difficult
5832,codenames,Qwen3.6-35B-A3B-FP8-without-reasoning,association_difficult,instance_00001,Cluegiver strip words,0
5833,codenames,Qwen3.6-35B-A3B-FP8-without-reasoning,association_difficult,instance_00001,Guesser strip words,0
5834,codenames,Qwen3.6-35B-A3B-FP8-without-reasoning,association_difficult,instance_00001,Average Cluegiver Number of Targets,1.25
5835,codenames,Qwen3.6-35B-A3B-FP8-without-reasoning,association_difficult,instance_00001,Average Cluegiver Team Precision,1.0
5836,codenames,Qwen3.6-35B-A3B-FP8-without-reasoning,association_difficult,instance_00001,Average Cluegiver Team Recall,0.157
5837,codenames,Qwen3.6-35B-A3B-FP8-without-reasoning,association_difficult,instance_00001,Average Cluegiver Team F1,0.27
5838,codenames,Qwen3.6-35B-A3B-FP8-without-reasoning,association_difficult,instance_00001,Average Guesser Number of Guesses,1.125
5839,codenames,Qwen3.6-35B-A3B-FP8-without-reasoning,association_difficult,instance_00001,Average Guesser Number of Revealed Words,0.875
5840,codenames,Qwen3.6-35B-A3B-FP8-without-reasoning,association_difficult,instance_00001,Average Guesser Number of Unrevealed Guesses,0.25
5841,codenames,Qwen3.6-35B-A3B-FP8-without-reasoning,association_difficult,instance_00001,Average Guesser Target Precision,0.375
5842,codenames,Qwen3.6-35B-A3B-FP8-without-reasoning,association_difficult,instance_00001,Average Guesser Target Recall,0.375
5843,codenames,Qwen3.6-35B-A3B-FP8-without-reasoning,association_difficult,instance_00001,Average Guesser Target F1,0.375
5844,codenames,Qwen3.6-35B-A3B-FP8-without-reasoning,association_difficult,instance_00001,Average Guesser Team Precision,0.375
5845,codenames,Qwen3.6-35B-A3B-FP8-without-reasoning,association_difficult,instance_00001,Average Guesser Team Recall,0.047
5846,codenames,Qwen3.6-35B-A3B-FP8-without-reasoning,association_difficult,instance_00001,Average Guesser Team F1,0.084
5847,codenames,Qwen3.6-35B-A3B-FP8-without-reasoning,association_difficult,instance_00001,Aborted,0
5848,codenames,Qwen3.6-35B-A3B-FP8-without-reasoning,association_difficult,instance_00001,Lose,1
5849,codenames,Qwen3.6-35B-A3B-FP8-without-reasoning,association_difficult,instance_00001,Success,0
5850,codenames,Qwen3.6-35B-A3B-FP8-without-reasoning,association_difficult,instance_00001,Game ended through assassin,0
5851,codenames,Qwen3.6-35B-A3B-FP8-without-reasoning,association_difficult,instance_00001,Episode Recall,0.333
5852,codenames,Qwen3.6-35B-A3B-FP8-without-reasoning,association_difficult,instance_00001,Episode Negative Recall,0.75
5853,codenames,Qwen3.6-35B-A3B-FP8-without-reasoning,association_difficult,instance_00001,Number of turns,8
5854,codenames,Qwen3.6-35B-A3B-FP8-without-reasoning,association_difficult,instance_00001,Efficiency,0.562
5855,codenames,Qwen3.6-35B-A3B-FP8-without-reasoning,association_difficult,instance_00001,Request Count,15
5856,codenames,Qwen3.6-35B-A3B-FP8-without-reasoning,association_difficult,instance_00001,Parsed Request Count,15
5857,codenames,Qwen3.6-35B-A3B-FP8-without-reasoning,association_difficult,instance_00001,Violated Request Count,0
5858,codenames,Qwen3.6-35B-A3B-FP8-without-reasoning,association_difficult,instance_00001,Request Success Ratio,1.0
5859,codenames,Qwen3.6-35B-A3B-FP8-without-reasoning,association_difficult,instance_00001,Main Score,0
5860,codenames,Qwen3.6-35B-A3B-FP8-without-reasoning,association_difficult,instance_00000,experiment variable,Word Assignments
5861,codenames,Qwen3.6-35B-A3B-FP8-without-reasoning,association_difficult,instance_00000,experiment name,association_difficult
5862,codenames,Qwen3.6-35B-A3B-FP8-without-reasoning,association_difficult,instance_00000,Cluegiver strip words,0
5863,codenames,Qwen3.6-35B-A3B-FP8-without-reasoning,association_difficult,instance_00000,Guesser strip words,0
5864,codenames,Qwen3.6-35B-A3B-FP8-without-reasoning,association_difficult,instance_00000,Average Cluegiver Number of Targets,1.714
5865,codenames,Qwen3.6-35B-A3B-FP8-without-reasoning,association_difficult,instance_00000,Average Cluegiver Team Precision,1.0
5866,codenames,Qwen3.6-35B-A3B-FP8-without-reasoning,association_difficult,instance_00000,Average Cluegiver Team Recall,0.319
5867,codenames,Qwen3.6-35B-A3B-FP8-without-reasoning,association_difficult,instance_00000,Average Cluegiver Team F1,0.466
5868,codenames,Qwen3.6-35B-A3B-FP8-without-reasoning,association_difficult,instance_00000,Average Guesser Number of Guesses,1.429
5869,codenames,Qwen3.6-35B-A3B-FP8-without-reasoning,association_difficult,instance_00000,Average Guesser Number of Revealed Words,1.286
5870,codenames,Qwen3.6-35B-A3B-FP8-without-reasoning,association_difficult,instance_00000,Average Guesser Number of Unrevealed Guesses,0.143
5871,codenames,Qwen3.6-35B-A3B-FP8-without-reasoning,association_difficult,instance_00000,Average Guesser Target Precision,0.595
5872,codenames,Qwen3.6-35B-A3B-FP8-without-reasoning,association_difficult,instance_00000,Average Guesser Target Recall,0.595
5873,codenames,Qwen3.6-35B-A3B-FP8-without-reasoning,association_difficult,instance_00000,Average Guesser Target F1,0.595
5874,codenames,Qwen3.6-35B-A3B-FP8-without-reasoning,association_difficult,instance_00000,Average Guesser Team Precision,0.595
5875,codenames,Qwen3.6-35B-A3B-FP8-without-reasoning,association_difficult,instance_00000,Average Guesser Team Recall,0.14
5876,codenames,Qwen3.6-35B-A3B-FP8-without-reasoning,association_difficult,instance_00000,Average Guesser Team F1,0.225
5877,codenames,Qwen3.6-35B-A3B-FP8-without-reasoning,association_difficult,instance_00000,Aborted,0
5878,codenames,Qwen3.6-35B-A3B-FP8-without-reasoning,association_difficult,instance_00000,Lose,1
5879,codenames,Qwen3.6-35B-A3B-FP8-without-reasoning,association_difficult,instance_00000,Success,0
5880,codenames,Qwen3.6-35B-A3B-FP8-without-reasoning,association_difficult,instance_00000,Game ended through assassin,0
5881,codenames,Qwen3.6-35B-A3B-FP8-without-reasoning,association_difficult,instance_00000,Episode Recall,0.667
5882,codenames,Qwen3.6-35B-A3B-FP8-without-reasoning,association_difficult,instance_00000,Episode Negative Recall,0.812
5883,codenames,Qwen3.6-35B-A3B-FP8-without-reasoning,association_difficult,instance_00000,Number of turns,7
5884,codenames,Qwen3.6-35B-A3B-FP8-without-reasoning,association_difficult,instance_00000,Efficiency,0.714
5885,codenames,Qwen3.6-35B-A3B-FP8-without-reasoning,association_difficult,instance_00000,Request Count,13
5886,codenames,Qwen3.6-35B-A3B-FP8-without-reasoning,association_difficult,instance_00000,Parsed Request Count,13
5887,codenames,Qwen3.6-35B-A3B-FP8-without-reasoning,association_difficult,instance_00000,Violated Request Count,0
5888,codenames,Qwen3.6-35B-A3B-FP8-without-reasoning,association_difficult,instance_00000,Request Success Ratio,1.0
5889,codenames,Qwen3.6-35B-A3B-FP8-without-reasoning,association_difficult,instance_00000,Main Score,0
5890,codenames,Qwen3.6-35B-A3B-FP8-without-reasoning,association_easy,instance_00002,experiment variable,Word Assignments
5891,codenames,Qwen3.6-35B-A3B-FP8-without-reasoning,association_easy,instance_00002,experiment name,association_easy
5892,codenames,Qwen3.6-35B-A3B-FP8-without-reasoning,association_easy,instance_00002,Cluegiver strip words,0
5893,codenames,Qwen3.6-35B-A3B-FP8-without-reasoning,association_easy,instance_00002,Guesser strip words,0
5894,codenames,Qwen3.6-35B-A3B-FP8-without-reasoning,association_easy,instance_00002,Average Cluegiver Number of Targets,2.25
5895,codenames,Qwen3.6-35B-A3B-FP8-without-reasoning,association_easy,instance_00002,Average Cluegiver Team Precision,1.0
5896,codenames,Qwen3.6-35B-A3B-FP8-without-reasoning,association_easy,instance_00002,Average Cluegiver Team Recall,0.541
5897,codenames,Qwen3.6-35B-A3B-FP8-without-reasoning,association_easy,instance_00002,Average Cluegiver Team F1,0.667
5898,codenames,Qwen3.6-35B-A3B-FP8-without-reasoning,association_easy,instance_00002,Average Guesser Number of Guesses,2.25
5899,codenames,Qwen3.6-35B-A3B-FP8-without-reasoning,association_easy,instance_00002,Average Guesser Number of Revealed Words,2.25
5900,codenames,Qwen3.6-35B-A3B-FP8-without-reasoning,association_easy,instance_00002,Average Guesser Number of Unrevealed Guesses,0
5901,codenames,Qwen3.6-35B-A3B-FP8-without-reasoning,association_easy,instance_00002,Average Guesser Target Precision,1.0
5902,codenames,Qwen3.6-35B-A3B-FP8-without-reasoning,association_easy,instance_00002,Average Guesser Target Recall,1.0
5903,codenames,Qwen3.6-35B-A3B-FP8-without-reasoning,association_easy,instance_00002,Average Guesser Target F1,1.0
5904,codenames,Qwen3.6-35B-A3B-FP8-without-reasoning,association_easy,instance_00002,Average Guesser Team Precision,1.0
5905,codenames,Qwen3.6-35B-A3B-FP8-without-reasoning,association_easy,instance_00002,Average Guesser Team Recall,0.541
5906,codenames,Qwen3.6-35B-A3B-FP8-without-reasoning,association_easy,instance_00002,Average Guesser Team F1,0.667
5907,codenames,Qwen3.6-35B-A3B-FP8-without-reasoning,association_easy,instance_00002,Aborted,0
5908,codenames,Qwen3.6-35B-A3B-FP8-without-reasoning,association_easy,instance_00002,Lose,0
5909,codenames,Qwen3.6-35B-A3B-FP8-without-reasoning,association_easy,instance_00002,Success,1
5910,codenames,Qwen3.6-35B-A3B-FP8-without-reasoning,association_easy,instance_00002,Game ended through assassin,0
5911,codenames,Qwen3.6-35B-A3B-FP8-without-reasoning,association_easy,instance_00002,Episode Recall,1.0
5912,codenames,Qwen3.6-35B-A3B-FP8-without-reasoning,association_easy,instance_00002,Episode Negative Recall,1.0
5913,codenames,Qwen3.6-35B-A3B-FP8-without-reasoning,association_easy,instance_00002,Number of turns,5
5914,codenames,Qwen3.6-35B-A3B-FP8-without-reasoning,association_easy,instance_00002,Efficiency,0.9
5915,codenames,Qwen3.6-35B-A3B-FP8-without-reasoning,association_easy,instance_00002,Request Count,8
5916,codenames,Qwen3.6-35B-A3B-FP8-without-reasoning,association_easy,instance_00002,Parsed Request Count,8
5917,codenames,Qwen3.6-35B-A3B-FP8-without-reasoning,association_easy,instance_00002,Violated Request Count,0
5918,codenames,Qwen3.6-35B-A3B-FP8-without-reasoning,association_easy,instance_00002,Request Success Ratio,1.0
5919,codenames,Qwen3.6-35B-A3B-FP8-without-reasoning,association_easy,instance_00002,Main Score,100
5920,codenames,Qwen3.6-35B-A3B-FP8-without-reasoning,association_easy,instance_00003,experiment variable,Word Assignments
5921,codenames,Qwen3.6-35B-A3B-FP8-without-reasoning,association_easy,instance_00003,experiment name,association_easy
5922,codenames,Qwen3.6-35B-A3B-FP8-without-reasoning,association_easy,instance_00003,Cluegiver strip words,0
5923,codenames,Qwen3.6-35B-A3B-FP8-without-reasoning,association_easy,instance_00003,Guesser strip words,0
5924,codenames,Qwen3.6-35B-A3B-FP8-without-reasoning,association_easy,instance_00003,Average Cluegiver Number of Targets,3
5925,codenames,Qwen3.6-35B-A3B-FP8-without-reasoning,association_easy,instance_00003,Average Cluegiver Team Precision,1.0
5926,codenames,Qwen3.6-35B-A3B-FP8-without-reasoning,association_easy,instance_00003,Average Cluegiver Team Recall,0.615
5927,codenames,Qwen3.6-35B-A3B-FP8-without-reasoning,association_easy,instance_00003,Average Cluegiver Team F1,0.729
5928,codenames,Qwen3.6-35B-A3B-FP8-without-reasoning,association_easy,instance_00003,Average Guesser Number of Guesses,3
5929,codenames,Qwen3.6-35B-A3B-FP8-without-reasoning,association_easy,instance_00003,Average Guesser Number of Revealed Words,3
5930,codenames,Qwen3.6-35B-A3B-FP8-without-reasoning,association_easy,instance_00003,Average Guesser Number of Unrevealed Guesses,0
5931,codenames,Qwen3.6-35B-A3B-FP8-without-reasoning,association_easy,instance_00003,Average Guesser Target Precision,1.0
5932,codenames,Qwen3.6-35B-A3B-FP8-without-reasoning,association_easy,instance_00003,Average Guesser Target Recall,1.0
5933,codenames,Qwen3.6-35B-A3B-FP8-without-reasoning,association_easy,instance_00003,Average Guesser Target F1,1.0
5934,codenames,Qwen3.6-35B-A3B-FP8-without-reasoning,association_easy,instance_00003,Average Guesser Team Precision,1.0
5935,codenames,Qwen3.6-35B-A3B-FP8-without-reasoning,association_easy,instance_00003,Average Guesser Team Recall,0.615
5936,codenames,Qwen3.6-35B-A3B-FP8-without-reasoning,association_easy,instance_00003,Average Guesser Team F1,0.729
5937,codenames,Qwen3.6-35B-A3B-FP8-without-reasoning,association_easy,instance_00003,Aborted,0
5938,codenames,Qwen3.6-35B-A3B-FP8-without-reasoning,association_easy,instance_00003,Lose,0
5939,codenames,Qwen3.6-35B-A3B-FP8-without-reasoning,association_easy,instance_00003,Success,1
5940,codenames,Qwen3.6-35B-A3B-FP8-without-reasoning,association_easy,instance_00003,Game ended through assassin,0
5941,codenames,Qwen3.6-35B-A3B-FP8-without-reasoning,association_easy,instance_00003,Episode Recall,1.0
5942,codenames,Qwen3.6-35B-A3B-FP8-without-reasoning,association_easy,instance_00003,Episode Negative Recall,1.0
5943,codenames,Qwen3.6-35B-A3B-FP8-without-reasoning,association_easy,instance_00003,Number of turns,4
5944,codenames,Qwen3.6-35B-A3B-FP8-without-reasoning,association_easy,instance_00003,Efficiency,1
5945,codenames,Qwen3.6-35B-A3B-FP8-without-reasoning,association_easy,instance_00003,Request Count,6
5946,codenames,Qwen3.6-35B-A3B-FP8-without-reasoning,association_easy,instance_00003,Parsed Request Count,6
5947,codenames,Qwen3.6-35B-A3B-FP8-without-reasoning,association_easy,instance_00003,Violated Request Count,0
5948,codenames,Qwen3.6-35B-A3B-FP8-without-reasoning,association_easy,instance_00003,Request Success Ratio,1.0
5949,codenames,Qwen3.6-35B-A3B-FP8-without-reasoning,association_easy,instance_00003,Main Score,100
5950,codenames,Qwen3.6-35B-A3B-FP8-without-reasoning,association_easy,instance_00004,experiment variable,Word Assignments
5951,codenames,Qwen3.6-35B-A3B-FP8-without-reasoning,association_easy,instance_00004,experiment name,association_easy
5952,codenames,Qwen3.6-35B-A3B-FP8-without-reasoning,association_easy,instance_00004,Cluegiver strip words,0
5953,codenames,Qwen3.6-35B-A3B-FP8-without-reasoning,association_easy,instance_00004,Guesser strip words,0
5954,codenames,Qwen3.6-35B-A3B-FP8-without-reasoning,association_easy,instance_00004,Average Cluegiver Number of Targets,1.667
5955,codenames,Qwen3.6-35B-A3B-FP8-without-reasoning,association_easy,instance_00004,Average Cluegiver Team Precision,1.0
5956,codenames,Qwen3.6-35B-A3B-FP8-without-reasoning,association_easy,instance_00004,Average Cluegiver Team Recall,0.609
5957,codenames,Qwen3.6-35B-A3B-FP8-without-reasoning,association_easy,instance_00004,Average Cluegiver Team F1,0.716
5958,codenames,Qwen3.6-35B-A3B-FP8-without-reasoning,association_easy,instance_00004,Average Guesser Number of Guesses,1.667
5959,codenames,Qwen3.6-35B-A3B-FP8-without-reasoning,association_easy,instance_00004,Average Guesser Number of Revealed Words,1.667
5960,codenames,Qwen3.6-35B-A3B-FP8-without-reasoning,association_easy,instance_00004,Average Guesser Number of Unrevealed Guesses,0
5961,codenames,Qwen3.6-35B-A3B-FP8-without-reasoning,association_easy,instance_00004,Average Guesser Target Precision,0.833
5962,codenames,Qwen3.6-35B-A3B-FP8-without-reasoning,association_easy,instance_00004,Average Guesser Target Recall,0.833
5963,codenames,Qwen3.6-35B-A3B-FP8-without-reasoning,association_easy,instance_00004,Average Guesser Target F1,0.833
5964,codenames,Qwen3.6-35B-A3B-FP8-without-reasoning,association_easy,instance_00004,Average Guesser Team Precision,0.833
5965,codenames,Qwen3.6-35B-A3B-FP8-without-reasoning,association_easy,instance_00004,Average Guesser Team Recall,0.442
5966,codenames,Qwen3.6-35B-A3B-FP8-without-reasoning,association_easy,instance_00004,Average Guesser Team F1,0.55
5967,codenames,Qwen3.6-35B-A3B-FP8-without-reasoning,association_easy,instance_00004,Aborted,0
5968,codenames,Qwen3.6-35B-A3B-FP8-without-reasoning,association_easy,instance_00004,Lose,0
5969,codenames,Qwen3.6-35B-A3B-FP8-without-reasoning,association_easy,instance_00004,Success,1
5970,codenames,Qwen3.6-35B-A3B-FP8-without-reasoning,association_easy,instance_00004,Game ended through assassin,0
5971,codenames,Qwen3.6-35B-A3B-FP8-without-reasoning,association_easy,instance_00004,Episode Recall,1.0
5972,codenames,Qwen3.6-35B-A3B-FP8-without-reasoning,association_easy,instance_00004,Episode Negative Recall,0.938
5973,codenames,Qwen3.6-35B-A3B-FP8-without-reasoning,association_easy,instance_00004,Number of turns,7
5974,codenames,Qwen3.6-35B-A3B-FP8-without-reasoning,association_easy,instance_00004,Efficiency,0.714
5975,codenames,Qwen3.6-35B-A3B-FP8-without-reasoning,association_easy,instance_00004,Request Count,12
5976,codenames,Qwen3.6-35B-A3B-FP8-without-reasoning,association_easy,instance_00004,Parsed Request Count,12
5977,codenames,Qwen3.6-35B-A3B-FP8-without-reasoning,association_easy,instance_00004,Violated Request Count,0
5978,codenames,Qwen3.6-35B-A3B-FP8-without-reasoning,association_easy,instance_00004,Request Success Ratio,1.0
5979,codenames,Qwen3.6-35B-A3B-FP8-without-reasoning,association_easy,instance_00004,Main Score,100
5980,codenames,Qwen3.6-35B-A3B-FP8-without-reasoning,association_easy,instance_00001,experiment variable,Word Assignments
5981,codenames,Qwen3.6-35B-A3B-FP8-without-reasoning,association_easy,instance_00001,experiment name,association_easy
5982,codenames,Qwen3.6-35B-A3B-FP8-without-reasoning,association_easy,instance_00001,Cluegiver strip words,0
5983,codenames,Qwen3.6-35B-A3B-FP8-without-reasoning,association_easy,instance_00001,Guesser strip words,0
5984,codenames,Qwen3.6-35B-A3B-FP8-without-reasoning,association_easy,instance_00001,Average Cluegiver Number of Targets,3
5985,codenames,Qwen3.6-35B-A3B-FP8-without-reasoning,association_easy,instance_00001,Average Cluegiver Team Precision,1.0
5986,codenames,Qwen3.6-35B-A3B-FP8-without-reasoning,association_easy,instance_00001,Average Cluegiver Team Recall,0.681
5987,codenames,Qwen3.6-35B-A3B-FP8-without-reasoning,association_easy,instance_00001,Average Cluegiver Team F1,0.788
5988,codenames,Qwen3.6-35B-A3B-FP8-without-reasoning,association_easy,instance_00001,Average Guesser Number of Guesses,3
5989,codenames,Qwen3.6-35B-A3B-FP8-without-reasoning,association_easy,instance_00001,Average Guesser Number of Revealed Words,3
5990,codenames,Qwen3.6-35B-A3B-FP8-without-reasoning,association_easy,instance_00001,Average Guesser Number of Unrevealed Guesses,0
5991,codenames,Qwen3.6-35B-A3B-FP8-without-reasoning,association_easy,instance_00001,Average Guesser Target Precision,1.0
5992,codenames,Qwen3.6-35B-A3B-FP8-without-reasoning,association_easy,instance_00001,Average Guesser Target Recall,1.0
5993,codenames,Qwen3.6-35B-A3B-FP8-without-reasoning,association_easy,instance_00001,Average Guesser Target F1,1.0
5994,codenames,Qwen3.6-35B-A3B-FP8-without-reasoning,association_easy,instance_00001,Average Guesser Team Precision,1.0
5995,codenames,Qwen3.6-35B-A3B-FP8-without-reasoning,association_easy,instance_00001,Average Guesser Team Recall,0.681
5996,codenames,Qwen3.6-35B-A3B-FP8-without-reasoning,association_easy,instance_00001,Average Guesser Team F1,0.788
5997,codenames,Qwen3.6-35B-A3B-FP8-without-reasoning,association_easy,instance_00001,Aborted,0
5998,codenames,Qwen3.6-35B-A3B-FP8-without-reasoning,association_easy,instance_00001,Lose,0
5999,codenames,Qwen3.6-35B-A3B-FP8-without-reasoning,association_easy,instance_00001,Success,1
6000,codenames,Qwen3.6-35B-A3B-FP8-without-reasoning,association_easy,instance_00001,Game ended through assassin,0
6001,codenames,Qwen3.6-35B-A3B-FP8-without-reasoning,association_easy,instance_00001,Episode Recall,1.0
6002,codenames,Qwen3.6-35B-A3B-FP8-without-reasoning,association_easy,instance_00001,Episode Negative Recall,1.0
6003,codenames,Qwen3.6-35B-A3B-FP8-without-reasoning,association_easy,instance_00001,Number of turns,4
6004,codenames,Qwen3.6-35B-A3B-FP8-without-reasoning,association_easy,instance_00001,Efficiency,1
6005,codenames,Qwen3.6-35B-A3B-FP8-without-reasoning,association_easy,instance_00001,Request Count,6
6006,codenames,Qwen3.6-35B-A3B-FP8-without-reasoning,association_easy,instance_00001,Parsed Request Count,6
6007,codenames,Qwen3.6-35B-A3B-FP8-without-reasoning,association_easy,instance_00001,Violated Request Count,0
6008,codenames,Qwen3.6-35B-A3B-FP8-without-reasoning,association_easy,instance_00001,Request Success Ratio,1.0
6009,codenames,Qwen3.6-35B-A3B-FP8-without-reasoning,association_easy,instance_00001,Main Score,100
6010,codenames,Qwen3.6-35B-A3B-FP8-without-reasoning,association_easy,instance_00000,experiment variable,Word Assignments
6011,codenames,Qwen3.6-35B-A3B-FP8-without-reasoning,association_easy,instance_00000,experiment name,association_easy
6012,codenames,Qwen3.6-35B-A3B-FP8-without-reasoning,association_easy,instance_00000,Cluegiver strip words,0
6013,codenames,Qwen3.6-35B-A3B-FP8-without-reasoning,association_easy,instance_00000,Guesser strip words,0
6014,codenames,Qwen3.6-35B-A3B-FP8-without-reasoning,association_easy,instance_00000,Average Cluegiver Number of Targets,3
6015,codenames,Qwen3.6-35B-A3B-FP8-without-reasoning,association_easy,instance_00000,Average Cluegiver Team Precision,1.0
6016,codenames,Qwen3.6-35B-A3B-FP8-without-reasoning,association_easy,instance_00000,Average Cluegiver Team Recall,0.681
6017,codenames,Qwen3.6-35B-A3B-FP8-without-reasoning,association_easy,instance_00000,Average Cluegiver Team F1,0.788
6018,codenames,Qwen3.6-35B-A3B-FP8-without-reasoning,association_easy,instance_00000,Average Guesser Number of Guesses,3
6019,codenames,Qwen3.6-35B-A3B-FP8-without-reasoning,association_easy,instance_00000,Average Guesser Number of Revealed Words,3
6020,codenames,Qwen3.6-35B-A3B-FP8-without-reasoning,association_easy,instance_00000,Average Guesser Number of Unrevealed Guesses,0
6021,codenames,Qwen3.6-35B-A3B-FP8-without-reasoning,association_easy,instance_00000,Average Guesser Target Precision,1.0
6022,codenames,Qwen3.6-35B-A3B-FP8-without-reasoning,association_easy,instance_00000,Average Guesser Target Recall,1.0
6023,codenames,Qwen3.6-35B-A3B-FP8-without-reasoning,association_easy,instance_00000,Average Guesser Target F1,1.0
6024,codenames,Qwen3.6-35B-A3B-FP8-without-reasoning,association_easy,instance_00000,Average Guesser Team Precision,1.0
6025,codenames,Qwen3.6-35B-A3B-FP8-without-reasoning,association_easy,instance_00000,Average Guesser Team Recall,0.681
6026,codenames,Qwen3.6-35B-A3B-FP8-without-reasoning,association_easy,instance_00000,Average Guesser Team F1,0.788
6027,codenames,Qwen3.6-35B-A3B-FP8-without-reasoning,association_easy,instance_00000,Aborted,0
6028,codenames,Qwen3.6-35B-A3B-FP8-without-reasoning,association_easy,instance_00000,Lose,0
6029,codenames,Qwen3.6-35B-A3B-FP8-without-reasoning,association_easy,instance_00000,Success,1
6030,codenames,Qwen3.6-35B-A3B-FP8-without-reasoning,association_easy,instance_00000,Game ended through assassin,0
6031,codenames,Qwen3.6-35B-A3B-FP8-without-reasoning,association_easy,instance_00000,Episode Recall,1.0
6032,codenames,Qwen3.6-35B-A3B-FP8-without-reasoning,association_easy,instance_00000,Episode Negative Recall,1.0
6033,codenames,Qwen3.6-35B-A3B-FP8-without-reasoning,association_easy,instance_00000,Number of turns,4
6034,codenames,Qwen3.6-35B-A3B-FP8-without-reasoning,association_easy,instance_00000,Efficiency,1
6035,codenames,Qwen3.6-35B-A3B-FP8-without-reasoning,association_easy,instance_00000,Request Count,6
6036,codenames,Qwen3.6-35B-A3B-FP8-without-reasoning,association_easy,instance_00000,Parsed Request Count,6
6037,codenames,Qwen3.6-35B-A3B-FP8-without-reasoning,association_easy,instance_00000,Violated Request Count,0
6038,codenames,Qwen3.6-35B-A3B-FP8-without-reasoning,association_easy,instance_00000,Request Success Ratio,1.0
6039,codenames,Qwen3.6-35B-A3B-FP8-without-reasoning,association_easy,instance_00000,Main Score,100
6040,taboo,Qwen3.6-35B-A3B-FP8-without-reasoning,high_zh,instance_00000,Played,1.0
6041,hot_air_balloon,Qwen3.6-35B-A3B-FP8-without-reasoning,air_balloon_survival_zh_complexity_easy,instance_00002,Played,1.0
6042,hot_air_balloon,Qwen3.6-35B-A3B-FP8-without-reasoning,air_balloon_survival_zh_complexity_easy,instance_00003,Played,1.0
6043,hot_air_balloon,Qwen3.6-35B-A3B-FP8-without-reasoning,air_balloon_survival_zh_complexity_easy,instance_00004,Played,1.0
6044,hot_air_balloon,Qwen3.6-35B-A3B-FP8-without-reasoning,air_balloon_survival_zh_complexity_easy,instance_00001,Played,1.0
6045,hot_air_balloon,Qwen3.6-35B-A3B-FP8-without-reasoning,air_balloon_survival_zh_complexity_easy,instance_00000,Played,0.0
6046,hot_air_balloon,Qwen3.6-35B-A3B-FP8-without-reasoning,air_balloon_survival_zh_negotiation_easy,instance_00002,Played,1.0
6047,hot_air_balloon,Qwen3.6-35B-A3B-FP8-without-reasoning,air_balloon_survival_zh_negotiation_easy,instance_00003,Played,1.0
6048,hot_air_balloon,Qwen3.6-35B-A3B-FP8-without-reasoning,air_balloon_survival_zh_negotiation_easy,instance_00004,Played,1.0
6049,hot_air_balloon,Qwen3.6-35B-A3B-FP8-without-reasoning,air_balloon_survival_zh_negotiation_easy,instance_00001,Played,1.0
6050,hot_air_balloon,Qwen3.6-35B-A3B-FP8-without-reasoning,air_balloon_survival_zh_negotiation_easy,instance_00000,Played,1.0
6051,hot_air_balloon,Qwen3.6-35B-A3B-FP8-without-reasoning,air_balloon_survival_zh_complexity_hard,instance_00002,Played,1.0
6052,hot_air_balloon,Qwen3.6-35B-A3B-FP8-without-reasoning,air_balloon_survival_zh_complexity_hard,instance_00003,Played,1.0
6053,hot_air_balloon,Qwen3.6-35B-A3B-FP8-without-reasoning,air_balloon_survival_zh_complexity_hard,instance_00004,Played,1.0
6054,hot_air_balloon,Qwen3.6-35B-A3B-FP8-without-reasoning,air_balloon_survival_zh_complexity_hard,instance_00001,Played,1.0
6055,hot_air_balloon,Qwen3.6-35B-A3B-FP8-without-reasoning,air_balloon_survival_zh_complexity_hard,instance_00000,Played,1.0
6056,clean_up,Qwen3.6-35B-A3B-FP8-without-reasoning,1_medium_3obj_zh,instance_00002,Played,1.0
6057,clean_up,Qwen3.6-35B-A3B-FP8-without-reasoning,1_medium_3obj_zh,instance_00003,Played,1
6058,clean_up,Qwen3.6-35B-A3B-FP8-without-reasoning,1_medium_3obj_zh,instance_00004,Played,1
6059,clean_up,Qwen3.6-35B-A3B-FP8-without-reasoning,1_medium_3obj_zh,instance_00001,Played,1
6060,clean_up,Qwen3.6-35B-A3B-FP8-without-reasoning,1_medium_3obj_zh,instance_00000,Played,1
6061,clean_up,Qwen3.6-35B-A3B-FP8-without-reasoning,1_medium_5obj_zh,instance_00002,Played,1
6062,clean_up,Qwen3.6-35B-A3B-FP8-without-reasoning,1_medium_5obj_zh,instance_00003,Played,1
6063,clean_up,Qwen3.6-35B-A3B-FP8-without-reasoning,1_medium_5obj_zh,instance_00004,Played,1
6064,clean_up,Qwen3.6-35B-A3B-FP8-without-reasoning,1_medium_5obj_zh,instance_00001,Played,1
6065,clean_up,Qwen3.6-35B-A3B-FP8-without-reasoning,1_medium_5obj_zh,instance_00000,Played,1
6066,clean_up,Qwen3.6-35B-A3B-FP8-without-reasoning,1_medium_7obj_zh,instance_00002,Played,1
6067,clean_up,Qwen3.6-35B-A3B-FP8-without-reasoning,1_medium_7obj_zh,instance_00003,Played,1
6068,clean_up,Qwen3.6-35B-A3B-FP8-without-reasoning,1_medium_7obj_zh,instance_00004,Played,0
6069,clean_up,Qwen3.6-35B-A3B-FP8-without-reasoning,1_medium_7obj_zh,instance_00001,Played,1
6070,clean_up,Qwen3.6-35B-A3B-FP8-without-reasoning,1_medium_7obj_zh,instance_00000,Played,1
6071,clean_up,Qwen3.6-35B-A3B-FP8-without-reasoning,0_easy_3obj_zh,instance_00002,Played,1
6072,clean_up,Qwen3.6-35B-A3B-FP8-without-reasoning,0_easy_3obj_zh,instance_00003,Played,1
6073,clean_up,Qwen3.6-35B-A3B-FP8-without-reasoning,0_easy_3obj_zh,instance_00004,Played,1
6074,clean_up,Qwen3.6-35B-A3B-FP8-without-reasoning,0_easy_3obj_zh,instance_00001,Played,1
6075,clean_up,Qwen3.6-35B-A3B-FP8-without-reasoning,0_easy_3obj_zh,instance_00000,Played,1
6076,clean_up,Qwen3.6-35B-A3B-FP8-without-reasoning,0_easy_5obj_zh,instance_00002,Played,1
6077,clean_up,Qwen3.6-35B-A3B-FP8-without-reasoning,0_easy_5obj_zh,instance_00003,Played,1
6078,clean_up,Qwen3.6-35B-A3B-FP8-without-reasoning,0_easy_5obj_zh,instance_00004,Played,1
6079,clean_up,Qwen3.6-35B-A3B-FP8-without-reasoning,0_easy_5obj_zh,instance_00001,Played,1
6080,clean_up,Qwen3.6-35B-A3B-FP8-without-reasoning,0_easy_5obj_zh,instance_00000,Played,1
6081,clean_up,Qwen3.6-35B-A3B-FP8-without-reasoning,0_easy_7obj_zh,instance_00002,Played,1
6082,clean_up,Qwen3.6-35B-A3B-FP8-without-reasoning,0_easy_7obj_zh,instance_00003,Played,1
6083,clean_up,Qwen3.6-35B-A3B-FP8-without-reasoning,0_easy_7obj_zh,instance_00004,Played,1
6084,clean_up,Qwen3.6-35B-A3B-FP8-without-reasoning,0_easy_7obj_zh,instance_00001,Played,1
6085,clean_up,Qwen3.6-35B-A3B-FP8-without-reasoning,0_easy_7obj_zh,instance_00000,Played,1
6086,clean_up,Qwen3.6-35B-A3B-FP8-without-reasoning,2_hard_3obj_zh,instance_00002,Played,1
6087,clean_up,Qwen3.6-35B-A3B-FP8-without-reasoning,2_hard_3obj_zh,instance_00003,Played,1
6088,clean_up,Qwen3.6-35B-A3B-FP8-without-reasoning,2_hard_3obj_zh,instance_00004,Played,1
6089,clean_up,Qwen3.6-35B-A3B-FP8-without-reasoning,2_hard_3obj_zh,instance_00001,Played,0
6090,clean_up,Qwen3.6-35B-A3B-FP8-without-reasoning,2_hard_3obj_zh,instance_00000,Played,1
6091,clean_up,Qwen3.6-35B-A3B-FP8-without-reasoning,2_hard_7obj_zh,instance_00002,Played,1
6092,clean_up,Qwen3.6-35B-A3B-FP8-without-reasoning,2_hard_7obj_zh,instance_00003,Played,1
6093,clean_up,Qwen3.6-35B-A3B-FP8-without-reasoning,2_hard_7obj_zh,instance_00004,Played,1
6094,clean_up,Qwen3.6-35B-A3B-FP8-without-reasoning,2_hard_7obj_zh,instance_00001,Played,1
6095,clean_up,Qwen3.6-35B-A3B-FP8-without-reasoning,2_hard_7obj_zh,instance_00000,Played,1
6096,clean_up,Qwen3.6-35B-A3B-FP8-without-reasoning,2_hard_5obj_zh,instance_00002,Played,1
6097,clean_up,Qwen3.6-35B-A3B-FP8-without-reasoning,2_hard_5obj_zh,instance_00003,Played,1
6098,clean_up,Qwen3.6-35B-A3B-FP8-without-reasoning,2_hard_5obj_zh,instance_00004,Played,1
6099,clean_up,Qwen3.6-35B-A3B-FP8-without-reasoning,2_hard_5obj_zh,instance_00001,Played,1
6100,clean_up,Qwen3.6-35B-A3B-FP8-without-reasoning,2_hard_5obj_zh,instance_00000,Played,1
6101,referencegame,Qwen3.6-35B-A3B-FP8-without-reasoning,number_grids,instance_00005,Played,1
6102,referencegame,Qwen3.6-35B-A3B-FP8-without-reasoning,number_grids,instance_00002,Played,1
6103,referencegame,Qwen3.6-35B-A3B-FP8-without-reasoning,number_grids,instance_00003,Played,1
6104,referencegame,Qwen3.6-35B-A3B-FP8-without-reasoning,number_grids,instance_00004,Played,1
6105,referencegame,Qwen3.6-35B-A3B-FP8-without-reasoning,number_grids,instance_00001,Played,1
6106,referencegame,Qwen3.6-35B-A3B-FP8-without-reasoning,number_grids,instance_00000,Played,1
6107,referencegame,Qwen3.6-35B-A3B-FP8-without-reasoning,line_grids_columns,instance_00005,Played,1
6108,referencegame,Qwen3.6-35B-A3B-FP8-without-reasoning,line_grids_columns,instance_00002,Played,1
6109,referencegame,Qwen3.6-35B-A3B-FP8-without-reasoning,line_grids_columns,instance_00003,Played,1
6110,referencegame,Qwen3.6-35B-A3B-FP8-without-reasoning,line_grids_columns,instance_00004,Played,1
6111,referencegame,Qwen3.6-35B-A3B-FP8-without-reasoning,line_grids_columns,instance_00001,Played,1
6112,referencegame,Qwen3.6-35B-A3B-FP8-without-reasoning,line_grids_columns,instance_00000,Played,1
6113,referencegame,Qwen3.6-35B-A3B-FP8-without-reasoning,line_grids_rows,instance_00005,Played,1
6114,referencegame,Qwen3.6-35B-A3B-FP8-without-reasoning,line_grids_rows,instance_00002,Played,1
6115,referencegame,Qwen3.6-35B-A3B-FP8-without-reasoning,line_grids_rows,instance_00003,Played,1
6116,referencegame,Qwen3.6-35B-A3B-FP8-without-reasoning,line_grids_rows,instance_00004,Played,1
6117,referencegame,Qwen3.6-35B-A3B-FP8-without-reasoning,line_grids_rows,instance_00001,Played,1
6118,referencegame,Qwen3.6-35B-A3B-FP8-without-reasoning,line_grids_rows,instance_00000,Played,1
6119,referencegame,Qwen3.6-35B-A3B-FP8-without-reasoning,random_grids,instance_00005,Played,1
6120,referencegame,Qwen3.6-35B-A3B-FP8-without-reasoning,random_grids,instance_00002,Played,1
6121,referencegame,Qwen3.6-35B-A3B-FP8-without-reasoning,random_grids,instance_00003,Played,1
6122,referencegame,Qwen3.6-35B-A3B-FP8-without-reasoning,random_grids,instance_00004,Played,1
6123,referencegame,Qwen3.6-35B-A3B-FP8-without-reasoning,random_grids,instance_00001,Played,1
6124,referencegame,Qwen3.6-35B-A3B-FP8-without-reasoning,random_grids,instance_00000,Played,1
6125,referencegame,Qwen3.6-35B-A3B-FP8-without-reasoning,letter_grids,instance_00005,Played,1
6126,referencegame,Qwen3.6-35B-A3B-FP8-without-reasoning,letter_grids,instance_00002,Played,1
6127,referencegame,Qwen3.6-35B-A3B-FP8-without-reasoning,letter_grids,instance_00003,Played,1
6128,referencegame,Qwen3.6-35B-A3B-FP8-without-reasoning,letter_grids,instance_00004,Played,1
6129,referencegame,Qwen3.6-35B-A3B-FP8-without-reasoning,letter_grids,instance_00001,Played,1
6130,referencegame,Qwen3.6-35B-A3B-FP8-without-reasoning,letter_grids,instance_00000,Played,1
6131,privateshared,Qwen3.6-35B-A3B-FP8-without-reasoning,restaurant,instance_00002,Played,1
6132,privateshared,Qwen3.6-35B-A3B-FP8-without-reasoning,restaurant,instance_00003,Played,1
6133,privateshared,Qwen3.6-35B-A3B-FP8-without-reasoning,restaurant,instance_00004,Played,1
6134,privateshared,Qwen3.6-35B-A3B-FP8-without-reasoning,restaurant,instance_00001,Played,1
6135,privateshared,Qwen3.6-35B-A3B-FP8-without-reasoning,restaurant,instance_00000,Played,1
6136,privateshared,Qwen3.6-35B-A3B-FP8-without-reasoning,travel-booking,instance_00002,Played,1
6137,privateshared,Qwen3.6-35B-A3B-FP8-without-reasoning,travel-booking,instance_00003,Played,1
6138,privateshared,Qwen3.6-35B-A3B-FP8-without-reasoning,travel-booking,instance_00004,Played,1
6139,privateshared,Qwen3.6-35B-A3B-FP8-without-reasoning,travel-booking,instance_00001,Played,1
6140,privateshared,Qwen3.6-35B-A3B-FP8-without-reasoning,travel-booking,instance_00000,Played,1
6141,privateshared,Qwen3.6-35B-A3B-FP8-without-reasoning,things-places,instance_00002,Played,1
6142,privateshared,Qwen3.6-35B-A3B-FP8-without-reasoning,things-places,instance_00003,Played,1
6143,privateshared,Qwen3.6-35B-A3B-FP8-without-reasoning,things-places,instance_00004,Played,1
6144,privateshared,Qwen3.6-35B-A3B-FP8-without-reasoning,things-places,instance_00001,Played,1
6145,privateshared,Qwen3.6-35B-A3B-FP8-without-reasoning,things-places,instance_00000,Played,1
6146,privateshared,Qwen3.6-35B-A3B-FP8-without-reasoning,job-interview,instance_00002,Played,1
6147,privateshared,Qwen3.6-35B-A3B-FP8-without-reasoning,job-interview,instance_00003,Played,1
6148,privateshared,Qwen3.6-35B-A3B-FP8-without-reasoning,job-interview,instance_00004,Played,1
6149,privateshared,Qwen3.6-35B-A3B-FP8-without-reasoning,job-interview,instance_00001,Played,1
6150,privateshared,Qwen3.6-35B-A3B-FP8-without-reasoning,job-interview,instance_00000,Played,1
6151,privateshared,Qwen3.6-35B-A3B-FP8-without-reasoning,letter-number,instance_00002,Played,1
6152,privateshared,Qwen3.6-35B-A3B-FP8-without-reasoning,letter-number,instance_00003,Played,1
6153,privateshared,Qwen3.6-35B-A3B-FP8-without-reasoning,letter-number,instance_00004,Played,1
6154,privateshared,Qwen3.6-35B-A3B-FP8-without-reasoning,letter-number,instance_00001,Played,1
6155,privateshared,Qwen3.6-35B-A3B-FP8-without-reasoning,letter-number,instance_00000,Played,1
6156,dond,Qwen3.6-35B-A3B-FP8-without-reasoning,semi,instance_00002,Played,0
6157,dond,Qwen3.6-35B-A3B-FP8-without-reasoning,semi,instance_00003,Played,1
6158,dond,Qwen3.6-35B-A3B-FP8-without-reasoning,semi,instance_00004,Played,1
6159,dond,Qwen3.6-35B-A3B-FP8-without-reasoning,semi,instance_00001,Played,1
6160,dond,Qwen3.6-35B-A3B-FP8-without-reasoning,semi,instance_00000,Played,1
6161,dond,Qwen3.6-35B-A3B-FP8-without-reasoning,coop,instance_00002,Played,1
6162,dond,Qwen3.6-35B-A3B-FP8-without-reasoning,coop,instance_00003,Played,1
6163,dond,Qwen3.6-35B-A3B-FP8-without-reasoning,coop,instance_00004,Played,1
6164,dond,Qwen3.6-35B-A3B-FP8-without-reasoning,coop,instance_00001,Played,1
6165,dond,Qwen3.6-35B-A3B-FP8-without-reasoning,coop,instance_00000,Played,1
6166,guesswhat,Qwen3.6-35B-A3B-FP8-without-reasoning,Level_3,instance_00005,Played,1
6167,guesswhat,Qwen3.6-35B-A3B-FP8-without-reasoning,Level_3,instance_00002,Played,1
6168,guesswhat,Qwen3.6-35B-A3B-FP8-without-reasoning,Level_3,instance_00003,Played,1
6169,guesswhat,Qwen3.6-35B-A3B-FP8-without-reasoning,Level_3,instance_00004,Played,1
6170,guesswhat,Qwen3.6-35B-A3B-FP8-without-reasoning,Level_3,instance_00008,Played,1
6171,guesswhat,Qwen3.6-35B-A3B-FP8-without-reasoning,Level_3,instance_00001,Played,1
6172,guesswhat,Qwen3.6-35B-A3B-FP8-without-reasoning,Level_3,instance_00006,Played,1
6173,guesswhat,Qwen3.6-35B-A3B-FP8-without-reasoning,Level_3,instance_00007,Played,1
6174,guesswhat,Qwen3.6-35B-A3B-FP8-without-reasoning,Level_3,instance_00000,Played,1
6175,guesswhat,Qwen3.6-35B-A3B-FP8-without-reasoning,Level_3,instance_00009,Played,1
6176,guesswhat,Qwen3.6-35B-A3B-FP8-without-reasoning,Level_2,instance_00005,Played,1
6177,guesswhat,Qwen3.6-35B-A3B-FP8-without-reasoning,Level_2,instance_00002,Played,1
6178,guesswhat,Qwen3.6-35B-A3B-FP8-without-reasoning,Level_2,instance_00003,Played,1
6179,guesswhat,Qwen3.6-35B-A3B-FP8-without-reasoning,Level_2,instance_00004,Played,1
6180,guesswhat,Qwen3.6-35B-A3B-FP8-without-reasoning,Level_2,instance_00008,Played,1
6181,guesswhat,Qwen3.6-35B-A3B-FP8-without-reasoning,Level_2,instance_00001,Played,1
6182,guesswhat,Qwen3.6-35B-A3B-FP8-without-reasoning,Level_2,instance_00006,Played,1
6183,guesswhat,Qwen3.6-35B-A3B-FP8-without-reasoning,Level_2,instance_00007,Played,1
6184,guesswhat,Qwen3.6-35B-A3B-FP8-without-reasoning,Level_2,instance_00000,Played,1
6185,guesswhat,Qwen3.6-35B-A3B-FP8-without-reasoning,Level_2,instance_00009,Played,1
6186,guesswhat,Qwen3.6-35B-A3B-FP8-without-reasoning,Level_1,instance_00005,Played,1
6187,guesswhat,Qwen3.6-35B-A3B-FP8-without-reasoning,Level_1,instance_00002,Played,1
6188,guesswhat,Qwen3.6-35B-A3B-FP8-without-reasoning,Level_1,instance_00003,Played,1
6189,guesswhat,Qwen3.6-35B-A3B-FP8-without-reasoning,Level_1,instance_00004,Played,1
6190,guesswhat,Qwen3.6-35B-A3B-FP8-without-reasoning,Level_1,instance_00008,Played,1
6191,guesswhat,Qwen3.6-35B-A3B-FP8-without-reasoning,Level_1,instance_00001,Played,1
6192,guesswhat,Qwen3.6-35B-A3B-FP8-without-reasoning,Level_1,instance_00006,Played,1
6193,guesswhat,Qwen3.6-35B-A3B-FP8-without-reasoning,Level_1,instance_00007,Played,1
6194,guesswhat,Qwen3.6-35B-A3B-FP8-without-reasoning,Level_1,instance_00000,Played,1
6195,guesswhat,Qwen3.6-35B-A3B-FP8-without-reasoning,Level_1,instance_00009,Played,1
6196,textmapworld_graphreasoning,Qwen3.6-35B-A3B-FP8-without-reasoning,large,instance_00028,Played,0
6197,textmapworld_graphreasoning,Qwen3.6-35B-A3B-FP8-without-reasoning,large,instance_00026,Played,1
6198,textmapworld_graphreasoning,Qwen3.6-35B-A3B-FP8-without-reasoning,large,instance_00021,Played,1
6199,textmapworld_graphreasoning,Qwen3.6-35B-A3B-FP8-without-reasoning,large,instance_00020,Played,0
6200,textmapworld_graphreasoning,Qwen3.6-35B-A3B-FP8-without-reasoning,large,instance_00027,Played,1
6201,textmapworld_graphreasoning,Qwen3.6-35B-A3B-FP8-without-reasoning,large,instance_00029,Played,1
6202,textmapworld_graphreasoning,Qwen3.6-35B-A3B-FP8-without-reasoning,large,instance_00022,Played,1
6203,textmapworld_graphreasoning,Qwen3.6-35B-A3B-FP8-without-reasoning,large,instance_00025,Played,1
6204,textmapworld_graphreasoning,Qwen3.6-35B-A3B-FP8-without-reasoning,large,instance_00024,Played,1
6205,textmapworld_graphreasoning,Qwen3.6-35B-A3B-FP8-without-reasoning,large,instance_00023,Played,0
6206,textmapworld_graphreasoning,Qwen3.6-35B-A3B-FP8-without-reasoning,medium,instance_00017,Played,1
6207,textmapworld_graphreasoning,Qwen3.6-35B-A3B-FP8-without-reasoning,medium,instance_00010,Played,1
6208,textmapworld_graphreasoning,Qwen3.6-35B-A3B-FP8-without-reasoning,medium,instance_00019,Played,0
6209,textmapworld_graphreasoning,Qwen3.6-35B-A3B-FP8-without-reasoning,medium,instance_00018,Played,1
6210,textmapworld_graphreasoning,Qwen3.6-35B-A3B-FP8-without-reasoning,medium,instance_00011,Played,0
6211,textmapworld_graphreasoning,Qwen3.6-35B-A3B-FP8-without-reasoning,medium,instance_00016,Played,1
6212,textmapworld_graphreasoning,Qwen3.6-35B-A3B-FP8-without-reasoning,medium,instance_00013,Played,1
6213,textmapworld_graphreasoning,Qwen3.6-35B-A3B-FP8-without-reasoning,medium,instance_00014,Played,1
6214,textmapworld_graphreasoning,Qwen3.6-35B-A3B-FP8-without-reasoning,medium,instance_00015,Played,0
6215,textmapworld_graphreasoning,Qwen3.6-35B-A3B-FP8-without-reasoning,medium,instance_00012,Played,1
6216,textmapworld_graphreasoning,Qwen3.6-35B-A3B-FP8-without-reasoning,small,instance_00005,Played,1
6217,textmapworld_graphreasoning,Qwen3.6-35B-A3B-FP8-without-reasoning,small,instance_00002,Played,1
6218,textmapworld_graphreasoning,Qwen3.6-35B-A3B-FP8-without-reasoning,small,instance_00003,Played,1
6219,textmapworld_graphreasoning,Qwen3.6-35B-A3B-FP8-without-reasoning,small,instance_00004,Played,1
6220,textmapworld_graphreasoning,Qwen3.6-35B-A3B-FP8-without-reasoning,small,instance_00008,Played,1
6221,textmapworld_graphreasoning,Qwen3.6-35B-A3B-FP8-without-reasoning,small,instance_00001,Played,1
6222,textmapworld_graphreasoning,Qwen3.6-35B-A3B-FP8-without-reasoning,small,instance_00006,Played,1
6223,textmapworld_graphreasoning,Qwen3.6-35B-A3B-FP8-without-reasoning,small,instance_00007,Played,1
6224,textmapworld_graphreasoning,Qwen3.6-35B-A3B-FP8-without-reasoning,small,instance_00000,Played,1
6225,textmapworld_graphreasoning,Qwen3.6-35B-A3B-FP8-without-reasoning,small,instance_00009,Played,1
6226,textmapworld,Qwen3.6-35B-A3B-FP8-without-reasoning,large_cycle,instance_00044,Played,1
6227,textmapworld,Qwen3.6-35B-A3B-FP8-without-reasoning,large_cycle,instance_00043,Played,1
6228,textmapworld,Qwen3.6-35B-A3B-FP8-without-reasoning,large_cycle,instance_00042,Played,1
6229,textmapworld,Qwen3.6-35B-A3B-FP8-without-reasoning,large_cycle,instance_00045,Played,1
6230,textmapworld,Qwen3.6-35B-A3B-FP8-without-reasoning,large_cycle,instance_00049,Played,1
6231,textmapworld,Qwen3.6-35B-A3B-FP8-without-reasoning,large_cycle,instance_00040,Played,1
6232,textmapworld,Qwen3.6-35B-A3B-FP8-without-reasoning,large_cycle,instance_00047,Played,1
6233,textmapworld,Qwen3.6-35B-A3B-FP8-without-reasoning,large_cycle,instance_00046,Played,1
6234,textmapworld,Qwen3.6-35B-A3B-FP8-without-reasoning,large_cycle,instance_00041,Played,1
6235,textmapworld,Qwen3.6-35B-A3B-FP8-without-reasoning,large_cycle,instance_00048,Played,1
6236,textmapworld,Qwen3.6-35B-A3B-FP8-without-reasoning,large,instance_00028,Played,1
6237,textmapworld,Qwen3.6-35B-A3B-FP8-without-reasoning,large,instance_00026,Played,1
6238,textmapworld,Qwen3.6-35B-A3B-FP8-without-reasoning,large,instance_00021,Played,1
6239,textmapworld,Qwen3.6-35B-A3B-FP8-without-reasoning,large,instance_00020,Played,1
6240,textmapworld,Qwen3.6-35B-A3B-FP8-without-reasoning,large,instance_00027,Played,1
6241,textmapworld,Qwen3.6-35B-A3B-FP8-without-reasoning,large,instance_00029,Played,1
6242,textmapworld,Qwen3.6-35B-A3B-FP8-without-reasoning,large,instance_00022,Played,1
6243,textmapworld,Qwen3.6-35B-A3B-FP8-without-reasoning,large,instance_00025,Played,1
6244,textmapworld,Qwen3.6-35B-A3B-FP8-without-reasoning,large,instance_00024,Played,1
6245,textmapworld,Qwen3.6-35B-A3B-FP8-without-reasoning,large,instance_00023,Played,1
6246,textmapworld,Qwen3.6-35B-A3B-FP8-without-reasoning,medium,instance_00017,Played,1
6247,textmapworld,Qwen3.6-35B-A3B-FP8-without-reasoning,medium,instance_00010,Played,1
6248,textmapworld,Qwen3.6-35B-A3B-FP8-without-reasoning,medium,instance_00019,Played,1
6249,textmapworld,Qwen3.6-35B-A3B-FP8-without-reasoning,medium,instance_00018,Played,1
6250,textmapworld,Qwen3.6-35B-A3B-FP8-without-reasoning,medium,instance_00011,Played,1
6251,textmapworld,Qwen3.6-35B-A3B-FP8-without-reasoning,medium,instance_00016,Played,1
6252,textmapworld,Qwen3.6-35B-A3B-FP8-without-reasoning,medium,instance_00013,Played,1
6253,textmapworld,Qwen3.6-35B-A3B-FP8-without-reasoning,medium,instance_00014,Played,1
6254,textmapworld,Qwen3.6-35B-A3B-FP8-without-reasoning,medium,instance_00015,Played,1
6255,textmapworld,Qwen3.6-35B-A3B-FP8-without-reasoning,medium,instance_00012,Played,1
6256,textmapworld,Qwen3.6-35B-A3B-FP8-without-reasoning,small,instance_00005,Played,1
6257,textmapworld,Qwen3.6-35B-A3B-FP8-without-reasoning,small,instance_00002,Played,1
6258,textmapworld,Qwen3.6-35B-A3B-FP8-without-reasoning,small,instance_00003,Played,1
6259,textmapworld,Qwen3.6-35B-A3B-FP8-without-reasoning,small,instance_00004,Played,1
6260,textmapworld,Qwen3.6-35B-A3B-FP8-without-reasoning,small,instance_00008,Played,1
6261,textmapworld,Qwen3.6-35B-A3B-FP8-without-reasoning,small,instance_00001,Played,1
6262,textmapworld,Qwen3.6-35B-A3B-FP8-without-reasoning,small,instance_00006,Played,1
6263,textmapworld,Qwen3.6-35B-A3B-FP8-without-reasoning,small,instance_00007,Played,1
6264,textmapworld,Qwen3.6-35B-A3B-FP8-without-reasoning,small,instance_00000,Played,1
6265,textmapworld,Qwen3.6-35B-A3B-FP8-without-reasoning,small,instance_00009,Played,1
6266,textmapworld,Qwen3.6-35B-A3B-FP8-without-reasoning,medium_cycle,instance_00034,Played,1
6267,textmapworld,Qwen3.6-35B-A3B-FP8-without-reasoning,medium_cycle,instance_00033,Played,1
6268,textmapworld,Qwen3.6-35B-A3B-FP8-without-reasoning,medium_cycle,instance_00032,Played,1
6269,textmapworld,Qwen3.6-35B-A3B-FP8-without-reasoning,medium_cycle,instance_00035,Played,1
6270,textmapworld,Qwen3.6-35B-A3B-FP8-without-reasoning,medium_cycle,instance_00030,Played,1
6271,textmapworld,Qwen3.6-35B-A3B-FP8-without-reasoning,medium_cycle,instance_00037,Played,1
6272,textmapworld,Qwen3.6-35B-A3B-FP8-without-reasoning,medium_cycle,instance_00039,Played,1
6273,textmapworld,Qwen3.6-35B-A3B-FP8-without-reasoning,medium_cycle,instance_00038,Played,1
6274,textmapworld,Qwen3.6-35B-A3B-FP8-without-reasoning,medium_cycle,instance_00036,Played,1
6275,textmapworld,Qwen3.6-35B-A3B-FP8-without-reasoning,medium_cycle,instance_00031,Played,1
6276,matchit_ascii,Qwen3.6-35B-A3B-FP8-without-reasoning,similar_grid_1,instance_00002,Played,1
6277,matchit_ascii,Qwen3.6-35B-A3B-FP8-without-reasoning,similar_grid_1,instance_00003,Played,1
6278,matchit_ascii,Qwen3.6-35B-A3B-FP8-without-reasoning,similar_grid_1,instance_00004,Played,1
6279,matchit_ascii,Qwen3.6-35B-A3B-FP8-without-reasoning,similar_grid_1,instance_00001,Played,1
6280,matchit_ascii,Qwen3.6-35B-A3B-FP8-without-reasoning,similar_grid_1,instance_00000,Played,1
6281,matchit_ascii,Qwen3.6-35B-A3B-FP8-without-reasoning,same_grid,instance_00002,Played,1
6282,matchit_ascii,Qwen3.6-35B-A3B-FP8-without-reasoning,same_grid,instance_00003,Played,1
6283,matchit_ascii,Qwen3.6-35B-A3B-FP8-without-reasoning,same_grid,instance_00004,Played,1
6284,matchit_ascii,Qwen3.6-35B-A3B-FP8-without-reasoning,same_grid,instance_00001,Played,1
6285,matchit_ascii,Qwen3.6-35B-A3B-FP8-without-reasoning,same_grid,instance_00000,Played,1
6286,matchit_ascii,Qwen3.6-35B-A3B-FP8-without-reasoning,similar_grid_2,instance_00002,Played,1
6287,matchit_ascii,Qwen3.6-35B-A3B-FP8-without-reasoning,similar_grid_2,instance_00003,Played,1
6288,matchit_ascii,Qwen3.6-35B-A3B-FP8-without-reasoning,similar_grid_2,instance_00004,Played,1
6289,matchit_ascii,Qwen3.6-35B-A3B-FP8-without-reasoning,similar_grid_2,instance_00001,Played,1
6290,matchit_ascii,Qwen3.6-35B-A3B-FP8-without-reasoning,similar_grid_2,instance_00000,Played,1
6291,matchit_ascii,Qwen3.6-35B-A3B-FP8-without-reasoning,different_grid,instance_00002,Played,1
6292,matchit_ascii,Qwen3.6-35B-A3B-FP8-without-reasoning,different_grid,instance_00003,Played,1
6293,matchit_ascii,Qwen3.6-35B-A3B-FP8-without-reasoning,different_grid,instance_00004,Played,1
6294,matchit_ascii,Qwen3.6-35B-A3B-FP8-without-reasoning,different_grid,instance_00001,Played,1
6295,matchit_ascii,Qwen3.6-35B-A3B-FP8-without-reasoning,different_grid,instance_00000,Played,1
6296,textmapworld_specificroom,Qwen3.6-35B-A3B-FP8-without-reasoning,close,instance_00017,Played,0
6297,textmapworld_specificroom,Qwen3.6-35B-A3B-FP8-without-reasoning,close,instance_00010,Played,1
6298,textmapworld_specificroom,Qwen3.6-35B-A3B-FP8-without-reasoning,close,instance_00019,Played,1
6299,textmapworld_specificroom,Qwen3.6-35B-A3B-FP8-without-reasoning,close,instance_00018,Played,1
6300,textmapworld_specificroom,Qwen3.6-35B-A3B-FP8-without-reasoning,close,instance_00011,Played,1
6301,textmapworld_specificroom,Qwen3.6-35B-A3B-FP8-without-reasoning,close,instance_00016,Played,0
6302,textmapworld_specificroom,Qwen3.6-35B-A3B-FP8-without-reasoning,close,instance_00013,Played,0
6303,textmapworld_specificroom,Qwen3.6-35B-A3B-FP8-without-reasoning,close,instance_00014,Played,1
6304,textmapworld_specificroom,Qwen3.6-35B-A3B-FP8-without-reasoning,close,instance_00015,Played,1
6305,textmapworld_specificroom,Qwen3.6-35B-A3B-FP8-without-reasoning,close,instance_00012,Played,1
6306,textmapworld_specificroom,Qwen3.6-35B-A3B-FP8-without-reasoning,far,instance_00028,Played,1
6307,textmapworld_specificroom,Qwen3.6-35B-A3B-FP8-without-reasoning,far,instance_00026,Played,0
6308,textmapworld_specificroom,Qwen3.6-35B-A3B-FP8-without-reasoning,far,instance_00021,Played,1
6309,textmapworld_specificroom,Qwen3.6-35B-A3B-FP8-without-reasoning,far,instance_00020,Played,0
6310,textmapworld_specificroom,Qwen3.6-35B-A3B-FP8-without-reasoning,far,instance_00027,Played,1
6311,textmapworld_specificroom,Qwen3.6-35B-A3B-FP8-without-reasoning,far,instance_00029,Played,1
6312,textmapworld_specificroom,Qwen3.6-35B-A3B-FP8-without-reasoning,far,instance_00022,Played,0
6313,textmapworld_specificroom,Qwen3.6-35B-A3B-FP8-without-reasoning,far,instance_00025,Played,1
6314,textmapworld_specificroom,Qwen3.6-35B-A3B-FP8-without-reasoning,far,instance_00024,Played,1
6315,textmapworld_specificroom,Qwen3.6-35B-A3B-FP8-without-reasoning,far,instance_00023,Played,1
6316,textmapworld_specificroom,Qwen3.6-35B-A3B-FP8-without-reasoning,on,instance_00005,Played,1
6317,textmapworld_specificroom,Qwen3.6-35B-A3B-FP8-without-reasoning,on,instance_00002,Played,1
6318,textmapworld_specificroom,Qwen3.6-35B-A3B-FP8-without-reasoning,on,instance_00003,Played,1
6319,textmapworld_specificroom,Qwen3.6-35B-A3B-FP8-without-reasoning,on,instance_00004,Played,1
6320,textmapworld_specificroom,Qwen3.6-35B-A3B-FP8-without-reasoning,on,instance_00008,Played,1
6321,textmapworld_specificroom,Qwen3.6-35B-A3B-FP8-without-reasoning,on,instance_00001,Played,1
6322,textmapworld_specificroom,Qwen3.6-35B-A3B-FP8-without-reasoning,on,instance_00006,Played,1
6323,textmapworld_specificroom,Qwen3.6-35B-A3B-FP8-without-reasoning,on,instance_00007,Played,1
6324,textmapworld_specificroom,Qwen3.6-35B-A3B-FP8-without-reasoning,on,instance_00000,Played,1
6325,textmapworld_specificroom,Qwen3.6-35B-A3B-FP8-without-reasoning,on,instance_00009,Played,1
6326,imagegame,Qwen3.6-35B-A3B-FP8-without-reasoning,random_grids,instance_00005,Played,0
6327,imagegame,Qwen3.6-35B-A3B-FP8-without-reasoning,random_grids,instance_00002,Played,1
6328,imagegame,Qwen3.6-35B-A3B-FP8-without-reasoning,random_grids,instance_00003,Played,1
6329,imagegame,Qwen3.6-35B-A3B-FP8-without-reasoning,random_grids,instance_00004,Played,0
6330,imagegame,Qwen3.6-35B-A3B-FP8-without-reasoning,random_grids,instance_00017,Played,1
6331,imagegame,Qwen3.6-35B-A3B-FP8-without-reasoning,random_grids,instance_00010,Played,1
6332,imagegame,Qwen3.6-35B-A3B-FP8-without-reasoning,random_grids,instance_00019,Played,1
6333,imagegame,Qwen3.6-35B-A3B-FP8-without-reasoning,random_grids,instance_00018,Played,1
6334,imagegame,Qwen3.6-35B-A3B-FP8-without-reasoning,random_grids,instance_00011,Played,1
6335,imagegame,Qwen3.6-35B-A3B-FP8-without-reasoning,random_grids,instance_00016,Played,1
6336,imagegame,Qwen3.6-35B-A3B-FP8-without-reasoning,random_grids,instance_00008,Played,1
6337,imagegame,Qwen3.6-35B-A3B-FP8-without-reasoning,random_grids,instance_00001,Played,0
6338,imagegame,Qwen3.6-35B-A3B-FP8-without-reasoning,random_grids,instance_00006,Played,1
6339,imagegame,Qwen3.6-35B-A3B-FP8-without-reasoning,random_grids,instance_00007,Played,1
6340,imagegame,Qwen3.6-35B-A3B-FP8-without-reasoning,random_grids,instance_00000,Played,1
6341,imagegame,Qwen3.6-35B-A3B-FP8-without-reasoning,random_grids,instance_00009,Played,0
6342,imagegame,Qwen3.6-35B-A3B-FP8-without-reasoning,random_grids,instance_00013,Played,0
6343,imagegame,Qwen3.6-35B-A3B-FP8-without-reasoning,random_grids,instance_00014,Played,1
6344,imagegame,Qwen3.6-35B-A3B-FP8-without-reasoning,random_grids,instance_00015,Played,1
6345,imagegame,Qwen3.6-35B-A3B-FP8-without-reasoning,random_grids,instance_00012,Played,0
6346,imagegame,Qwen3.6-35B-A3B-FP8-without-reasoning,compact_grids,instance_00005,Played,1
6347,imagegame,Qwen3.6-35B-A3B-FP8-without-reasoning,compact_grids,instance_00002,Played,0
6348,imagegame,Qwen3.6-35B-A3B-FP8-without-reasoning,compact_grids,instance_00003,Played,1
6349,imagegame,Qwen3.6-35B-A3B-FP8-without-reasoning,compact_grids,instance_00004,Played,1
6350,imagegame,Qwen3.6-35B-A3B-FP8-without-reasoning,compact_grids,instance_00017,Played,1
6351,imagegame,Qwen3.6-35B-A3B-FP8-without-reasoning,compact_grids,instance_00010,Played,0
6352,imagegame,Qwen3.6-35B-A3B-FP8-without-reasoning,compact_grids,instance_00019,Played,1
6353,imagegame,Qwen3.6-35B-A3B-FP8-without-reasoning,compact_grids,instance_00018,Played,0
6354,imagegame,Qwen3.6-35B-A3B-FP8-without-reasoning,compact_grids,instance_00011,Played,1
6355,imagegame,Qwen3.6-35B-A3B-FP8-without-reasoning,compact_grids,instance_00016,Played,1
6356,imagegame,Qwen3.6-35B-A3B-FP8-without-reasoning,compact_grids,instance_00008,Played,0
6357,imagegame,Qwen3.6-35B-A3B-FP8-without-reasoning,compact_grids,instance_00001,Played,1
6358,imagegame,Qwen3.6-35B-A3B-FP8-without-reasoning,compact_grids,instance_00006,Played,1
6359,imagegame,Qwen3.6-35B-A3B-FP8-without-reasoning,compact_grids,instance_00007,Played,1
6360,imagegame,Qwen3.6-35B-A3B-FP8-without-reasoning,compact_grids,instance_00000,Played,1
6361,imagegame,Qwen3.6-35B-A3B-FP8-without-reasoning,compact_grids,instance_00009,Played,1
6362,imagegame,Qwen3.6-35B-A3B-FP8-without-reasoning,compact_grids,instance_00013,Played,1
6363,imagegame,Qwen3.6-35B-A3B-FP8-without-reasoning,compact_grids,instance_00014,Played,1
6364,imagegame,Qwen3.6-35B-A3B-FP8-without-reasoning,compact_grids,instance_00015,Played,1
6365,imagegame,Qwen3.6-35B-A3B-FP8-without-reasoning,compact_grids,instance_00012,Played,1
6366,codenames,Qwen3.6-35B-A3B-FP8-without-reasoning,opponent_difficult,instance_00002,Played,1
6367,codenames,Qwen3.6-35B-A3B-FP8-without-reasoning,opponent_difficult,instance_00003,Played,0
6368,codenames,Qwen3.6-35B-A3B-FP8-without-reasoning,opponent_difficult,instance_00004,Played,1
6369,codenames,Qwen3.6-35B-A3B-FP8-without-reasoning,opponent_difficult,instance_00001,Played,1
6370,codenames,Qwen3.6-35B-A3B-FP8-without-reasoning,opponent_difficult,instance_00000,Played,1
6371,codenames,Qwen3.6-35B-A3B-FP8-without-reasoning,risk_low,instance_00002,Played,1
6372,codenames,Qwen3.6-35B-A3B-FP8-without-reasoning,risk_low,instance_00003,Played,1
6373,codenames,Qwen3.6-35B-A3B-FP8-without-reasoning,risk_low,instance_00004,Played,1
6374,codenames,Qwen3.6-35B-A3B-FP8-without-reasoning,risk_low,instance_00001,Played,1
6375,codenames,Qwen3.6-35B-A3B-FP8-without-reasoning,risk_low,instance_00000,Played,1
6376,codenames,Qwen3.6-35B-A3B-FP8-without-reasoning,opponent_none,instance_00002,Played,1
6377,codenames,Qwen3.6-35B-A3B-FP8-without-reasoning,opponent_none,instance_00003,Played,0
6378,codenames,Qwen3.6-35B-A3B-FP8-without-reasoning,opponent_none,instance_00004,Played,1
6379,codenames,Qwen3.6-35B-A3B-FP8-without-reasoning,opponent_none,instance_00001,Played,1
6380,codenames,Qwen3.6-35B-A3B-FP8-without-reasoning,opponent_none,instance_00000,Played,0
6381,codenames,Qwen3.6-35B-A3B-FP8-without-reasoning,risk_high,instance_00002,Played,1
6382,codenames,Qwen3.6-35B-A3B-FP8-without-reasoning,risk_high,instance_00003,Played,1
6383,codenames,Qwen3.6-35B-A3B-FP8-without-reasoning,risk_high,instance_00004,Played,1
6384,codenames,Qwen3.6-35B-A3B-FP8-without-reasoning,risk_high,instance_00001,Played,1
6385,codenames,Qwen3.6-35B-A3B-FP8-without-reasoning,risk_high,instance_00000,Played,1
6386,codenames,Qwen3.6-35B-A3B-FP8-without-reasoning,opponent_easy,instance_00002,Played,1
6387,codenames,Qwen3.6-35B-A3B-FP8-without-reasoning,opponent_easy,instance_00003,Played,0
6388,codenames,Qwen3.6-35B-A3B-FP8-without-reasoning,opponent_easy,instance_00004,Played,1
6389,codenames,Qwen3.6-35B-A3B-FP8-without-reasoning,opponent_easy,instance_00001,Played,1
6390,codenames,Qwen3.6-35B-A3B-FP8-without-reasoning,opponent_easy,instance_00000,Played,1
6391,codenames,Qwen3.6-35B-A3B-FP8-without-reasoning,association_difficult,instance_00002,Played,1
6392,codenames,Qwen3.6-35B-A3B-FP8-without-reasoning,association_difficult,instance_00003,Played,1
6393,codenames,Qwen3.6-35B-A3B-FP8-without-reasoning,association_difficult,instance_00004,Played,1
6394,codenames,Qwen3.6-35B-A3B-FP8-without-reasoning,association_difficult,instance_00001,Played,1
6395,codenames,Qwen3.6-35B-A3B-FP8-without-reasoning,association_difficult,instance_00000,Played,1
6396,codenames,Qwen3.6-35B-A3B-FP8-without-reasoning,association_easy,instance_00002,Played,1
6397,codenames,Qwen3.6-35B-A3B-FP8-without-reasoning,association_easy,instance_00003,Played,1
6398,codenames,Qwen3.6-35B-A3B-FP8-without-reasoning,association_easy,instance_00004,Played,1
6399,codenames,Qwen3.6-35B-A3B-FP8-without-reasoning,association_easy,instance_00001,Played,1
6400,codenames,Qwen3.6-35B-A3B-FP8-without-reasoning,association_easy,instance_00000,Played,1
